ID,Well,Type,Name,[tRNA] (ug/uL),[Magnesium acetate] (mM),[Creatine phosphate] (mM),[ATP] (mM),[GTP] (mM),[PPK] (uM),[PolyP] (mM),[HEPES] (mM),[Potassium glutamate] (mM),[CTP] (mM),[UTP] (mM),[TCEP] (mM),[Folinic acid] (mM),[Spermidine] (mM),[Amino acid mix] (mM),[RNase Inhib] (U/mL),[Ribosome] (uM),[DNA] (nM),Reader Serial Number,Date,Gain,Read Type,Experiment,HEPES ID,Potassium glutamate ID,Magnesium acetate ID,ATP ID,GTP ID,CTP ID,UTP ID,Creatine phosphate ID,TCEP ID,Folinic acid ID,Spermidine ID,Amino acid mix ID,tRNA ID,RNase Inhib ID,PolyP ID,PPK ID,DNA ID,Ribosome ID,PMix ID,Rxn Volume (uL),success,sigmoid_steady_state,sigmoid_rate (1/h),sigmoid_time_offset (h),drift_rate (1/h),drift_rate_time_offset (h),SMS ID,Reader Type,Product,Condition,[PEG] (%),[AlaRS] (mg/mL),[ArgRS] (mg/mL),[AsnRS] (mg/mL),[AspRS] (mg/mL),[CysRS] (mg/mL),[GlnRS] (mg/mL),[GluRS] (mg/mL),[GlyRS] (mg/mL),[HisRS] (mg/mL),[IleRS] (mg/mL),[LeuRS] (mg/mL),[LysRS] (mg/mL),[PheRS] (mg/mL),[ProRS] (mg/mL),[SerRS] (mg/mL),[ThrRS] (mg/mL),[TrpRS] (mg/mL),[TyrRS] (mg/mL),[ValRS] (mg/mL),[MetRS] (mg/mL),[IF1] (mg/mL),[IF2] (mg/mL),[IF3] (mg/mL),[MTF] (mg/mL),[EF-G] (mg/mL),[EF-Ts] (mg/mL),[EF-Tu] (mg/mL),[RF1] (mg/mL),[RF2] (mg/mL),[RF3] (mg/mL),[RRF] (mg/mL),[CK] (mg/mL),[AK] (mg/mL),[NDK] (mg/mL),[PPiase] (mg/mL),[T7RNAP] (mg/mL)
NIST-standards-PURExpress-plamGFP-deGFP-B2,B2,Sample,plamGFP,3.5,8,20,2,2,0,0,50,100,1,1,1,0.02,2,0.3,2000,1.8,3.285026178,130723A,11/24/2025 0:00,35,F,NIST-standards-PURExpress-plamGFP-deGFP,NEB Sol A,NEB Sol A,NEB Sol A,NEB Sol A,NEB Sol A,NEB Sol A,NEB Sol A,NEB Sol A,NEB Sol A,NEB Sol A,NEB Sol A,NEB Sol A,NEB Sol B,Unknown,NEB Sol A,NEB Sol A,AR-804,NEB Sol B,NEB Sol B,10,TRUE,1.262481008,2.91252455,1.532982368,0.038109659,1.836463412,NEB Sol A,Cytation3,plamGFP,R&D,0,0.13033627,0.003633799,0.040941584,0.015020094,0.002180573,0.007025149,0.023499938,0.017928015,0.001453226,0.074617041,0.007510047,0.011871193,0.031735863,0.018653893,0.003633799,0.011628744,0.011628744,0.001210776,0.00339135,0.004361146,0.018653893,0.074617041,0.018653893,0.037307786,0.093270933,0.093270933,0.931736597,0.018653893,0.018653893,0.018653893,0.018653893,0.007510047,0.005571923,0.001938124,0.001938124,0.018653893
NIST-standards-PURExpress-plamGFP-deGFP-B2,B2,Sample,plamGFP,3.5,8,20,2,2,0,0,50,100,1,1,1,0.02,2,0.3,2000,1.8,3.285026178,1705168,11/24/2025 0:00,ext,M,NIST-standards-PURExpress-plamGFP-deGFP,NEB Sol A,NEB Sol A,NEB Sol A,NEB Sol A,NEB Sol A,NEB Sol A,NEB Sol A,NEB Sol A,NEB Sol A,NEB Sol A,NEB Sol A,NEB Sol A,NEB Sol B,Unknown,NEB Sol A,NEB Sol A,AR-804,NEB Sol B,NEB Sol B,10,TRUE,1.741849148,2.327727283,1.434347605,0.035100957,4.046733281,NEB Sol A,Cytation5,plamGFP,R&D,0,0.13033627,0.003633799,0.040941584,0.015020094,0.002180573,0.007025149,0.023499938,0.017928015,0.001453226,0.074617041,0.007510047,0.011871193,0.031735863,0.018653893,0.003633799,0.011628744,0.011628744,0.001210776,0.00339135,0.004361146,0.018653893,0.074617041,0.018653893,0.037307786,0.093270933,0.093270933,0.931736597,0.018653893,0.018653893,0.018653893,0.018653893,0.007510047,0.005571923,0.001938124,0.001938124,0.018653893
NIST-standards-PURExpress-plamGFP-deGFP-B2,B2,Sample,plamGFP,3.5,8,20,2,2,0,0,50,100,1,1,1,0.02,2,0.3,2000,1.8,3.285026178,206621,11/24/2025 0:00,50,F,NIST-standards-PURExpress-plamGFP-deGFP,NEB Sol A,NEB Sol A,NEB Sol A,NEB Sol A,NEB Sol A,NEB Sol A,NEB Sol A,NEB Sol A,NEB Sol A,NEB Sol A,NEB Sol A,NEB Sol A,NEB Sol B,Unknown,NEB Sol A,NEB Sol A,AR-804,NEB Sol B,NEB Sol B,10,TRUE,2.435744078,2.468947351,1.501297992,0.051621073,2.967282172,NEB Sol A,Synergy 2,plamGFP,R&D,0,0.13033627,0.003633799,0.040941584,0.015020094,0.002180573,0.007025149,0.023499938,0.017928015,0.001453226,0.074617041,0.007510047,0.011871193,0.031735863,0.018653893,0.003633799,0.011628744,0.011628744,0.001210776,0.00339135,0.004361146,0.018653893,0.074617041,0.018653893,0.037307786,0.093270933,0.093270933,0.931736597,0.018653893,0.018653893,0.018653893,0.018653893,0.007510047,0.005571923,0.001938124,0.001938124,0.018653893
NIST-standards-PURExpress-plamGFP-deGFP-B4,B4,Sample,deGFP,3.5,8,20,2,2,0,0,50,100,1,1,1,0.02,2,0.3,2000,1.8,10.4201087,130723A,11/24/2025 0:00,35,F,NIST-standards-PURExpress-plamGFP-deGFP,NEB Sol A,NEB Sol A,NEB Sol A,NEB Sol A,NEB Sol A,NEB Sol A,NEB Sol A,NEB Sol A,NEB Sol A,NEB Sol A,NEB Sol A,NEB Sol A,NEB Sol B,Unknown,NEB Sol A,NEB Sol A,AR-889,NEB Sol B,NEB Sol B,10,TRUE,1.033056622,2.514084127,1.050716914,0.015858044,6,NEB Sol A,Cytation3,deGFP,R&D,0,0.13033627,0.003633799,0.040941584,0.015020094,0.002180573,0.007025149,0.023499938,0.017928015,0.001453226,0.074617041,0.007510047,0.011871193,0.031735863,0.018653893,0.003633799,0.011628744,0.011628744,0.001210776,0.00339135,0.004361146,0.018653893,0.074617041,0.018653893,0.037307786,0.093270933,0.093270933,0.931736597,0.018653893,0.018653893,0.018653893,0.018653893,0.007510047,0.005571923,0.001938124,0.001938124,0.018653893
NIST-standards-PURExpress-plamGFP-deGFP-B4,B4,Sample,deGFP,3.5,8,20,2,2,0,0,50,100,1,1,1,0.02,2,0.3,2000,1.8,10.4201087,1705168,11/24/2025 0:00,ext,M,NIST-standards-PURExpress-plamGFP-deGFP,NEB Sol A,NEB Sol A,NEB Sol A,NEB Sol A,NEB Sol A,NEB Sol A,NEB Sol A,NEB Sol A,NEB Sol A,NEB Sol A,NEB Sol A,NEB Sol A,NEB Sol B,Unknown,NEB Sol A,NEB Sol A,AR-889,NEB Sol B,NEB Sol B,10,TRUE,1.146306512,2.527975993,0.946967124,0.014284897,6.030555556,NEB Sol A,Cytation5,deGFP,R&D,0,0.13033627,0.003633799,0.040941584,0.015020094,0.002180573,0.007025149,0.023499938,0.017928015,0.001453226,0.074617041,0.007510047,0.011871193,0.031735863,0.018653893,0.003633799,0.011628744,0.011628744,0.001210776,0.00339135,0.004361146,0.018653893,0.074617041,0.018653893,0.037307786,0.093270933,0.093270933,0.931736597,0.018653893,0.018653893,0.018653893,0.018653893,0.007510047,0.005571923,0.001938124,0.001938124,0.018653893
NIST-standards-PURExpress-plamGFP-deGFP-B4,B4,Sample,deGFP,3.5,8,20,2,2,0,0,50,100,1,1,1,0.02,2,0.3,2000,1.8,10.4201087,206621,11/24/2025 0:00,50,F,NIST-standards-PURExpress-plamGFP-deGFP,NEB Sol A,NEB Sol A,NEB Sol A,NEB Sol A,NEB Sol A,NEB Sol A,NEB Sol A,NEB Sol A,NEB Sol A,NEB Sol A,NEB Sol A,NEB Sol A,NEB Sol B,Unknown,NEB Sol A,NEB Sol A,AR-889,NEB Sol B,NEB Sol B,10,TRUE,1.728951388,2.555495755,1.000088392,0.02014839,6,NEB Sol A,Synergy 2,deGFP,R&D,0,0.13033627,0.003633799,0.040941584,0.015020094,0.002180573,0.007025149,0.023499938,0.017928015,0.001453226,0.074617041,0.007510047,0.011871193,0.031735863,0.018653893,0.003633799,0.011628744,0.011628744,0.001210776,0.00339135,0.004361146,0.018653893,0.074617041,0.018653893,0.037307786,0.093270933,0.093270933,0.931736597,0.018653893,0.018653893,0.018653893,0.018653893,0.007510047,0.005571923,0.001938124,0.001938124,0.018653893
NIST-standards-PURExpress-plamGFP-deGFP-B6,B6,Negative Control,Negative Control,3.5,8,20,2,2,0,0,50,100,1,1,1,0.02,2,0.3,0,1.8,0,130723A,11/24/2025 0:00,35,F,NIST-standards-PURExpress-plamGFP-deGFP,NEB Sol A,NEB Sol A,NEB Sol A,NEB Sol A,NEB Sol A,NEB Sol A,NEB Sol A,NEB Sol A,NEB Sol A,NEB Sol A,NEB Sol A,NEB Sol A,NEB Sol B,Unknown,NEB Sol A,NEB Sol A,Unknown,NEB Sol B,NEB Sol B,10,TRUE,0.002947549,0.579641532,4.333325637,-0.000165181,3.996679309,NEB Sol A,Cytation3,Unknown,R&D,0,0.13033627,0.003633799,0.040941584,0.015020094,0.002180573,0.007025149,0.023499938,0.017928015,0.001453226,0.074617041,0.007510047,0.011871193,0.031735863,0.018653893,0.003633799,0.011628744,0.011628744,0.001210776,0.00339135,0.004361146,0.018653893,0.074617041,0.018653893,0.037307786,0.093270933,0.093270933,0.931736597,0.018653893,0.018653893,0.018653893,0.018653893,0.007510047,0.005571923,0.001938124,0.001938124,0.018653893
NIST-standards-PURExpress-plamGFP-deGFP-B6,B6,Negative Control,Negative Control,3.5,8,20,2,2,0,0,50,100,1,1,1,0.02,2,0.3,0,1.8,0,1705168,11/24/2025 0:00,ext,M,NIST-standards-PURExpress-plamGFP-deGFP,NEB Sol A,NEB Sol A,NEB Sol A,NEB Sol A,NEB Sol A,NEB Sol A,NEB Sol A,NEB Sol A,NEB Sol A,NEB Sol A,NEB Sol A,NEB Sol A,NEB Sol B,Unknown,NEB Sol A,NEB Sol A,Unknown,NEB Sol B,NEB Sol B,10,FALSE,0,,,0,,NEB Sol A,Cytation5,Unknown,R&D,0,0.13033627,0.003633799,0.040941584,0.015020094,0.002180573,0.007025149,0.023499938,0.017928015,0.001453226,0.074617041,0.007510047,0.011871193,0.031735863,0.018653893,0.003633799,0.011628744,0.011628744,0.001210776,0.00339135,0.004361146,0.018653893,0.074617041,0.018653893,0.037307786,0.093270933,0.093270933,0.931736597,0.018653893,0.018653893,0.018653893,0.018653893,0.007510047,0.005571923,0.001938124,0.001938124,0.018653893
NIST-standards-PURExpress-plamGFP-deGFP-B6,B6,Negative Control,Negative Control,3.5,8,20,2,2,0,0,50,100,1,1,1,0.02,2,0.3,0,1.8,0,206621,11/24/2025 0:00,50,F,NIST-standards-PURExpress-plamGFP-deGFP,NEB Sol A,NEB Sol A,NEB Sol A,NEB Sol A,NEB Sol A,NEB Sol A,NEB Sol A,NEB Sol A,NEB Sol A,NEB Sol A,NEB Sol A,NEB Sol A,NEB Sol B,Unknown,NEB Sol A,NEB Sol A,Unknown,NEB Sol B,NEB Sol B,10,FALSE,0,,,0,,NEB Sol A,Synergy 2,Unknown,R&D,0,0.13033627,0.003633799,0.040941584,0.015020094,0.002180573,0.007025149,0.023499938,0.017928015,0.001453226,0.074617041,0.007510047,0.011871193,0.031735863,0.018653893,0.003633799,0.011628744,0.011628744,0.001210776,0.00339135,0.004361146,0.018653893,0.074617041,0.018653893,0.037307786,0.093270933,0.093270933,0.931736597,0.018653893,0.018653893,0.018653893,0.018653893,0.007510047,0.005571923,0.001938124,0.001938124,0.018653893
NIST-standards-PURExpress-plamGFP-deGFP-D2,D2,Sample,plamGFP,3.5,8,20,2,2,0,0,50,100,1,1,1,0.02,2,0.3,2000,1.8,3.285026178,130723A,11/24/2025 0:00,35,F,NIST-standards-PURExpress-plamGFP-deGFP,NEB Sol A,NEB Sol A,NEB Sol A,NEB Sol A,NEB Sol A,NEB Sol A,NEB Sol A,NEB Sol A,NEB Sol A,NEB Sol A,NEB Sol A,NEB Sol A,NEB Sol B,Unknown,NEB Sol A,NEB Sol A,AR-804,NEB Sol B,NEB Sol B,10,TRUE,1.286329204,2.885690452,1.536951342,0.038674095,1.854586827,NEB Sol A,Cytation3,plamGFP,R&D,0,0.13033627,0.003633799,0.040941584,0.015020094,0.002180573,0.007025149,0.023499938,0.017928015,0.001453226,0.074617041,0.007510047,0.011871193,0.031735863,0.018653893,0.003633799,0.011628744,0.011628744,0.001210776,0.00339135,0.004361146,0.018653893,0.074617041,0.018653893,0.037307786,0.093270933,0.093270933,0.931736597,0.018653893,0.018653893,0.018653893,0.018653893,0.007510047,0.005571923,0.001938124,0.001938124,0.018653893
NIST-standards-PURExpress-plamGFP-deGFP-D2,D2,Sample,plamGFP,3.5,8,20,2,2,0,0,50,100,1,1,1,0.02,2,0.3,2000,1.8,3.285026178,1705168,11/24/2025 0:00,ext,M,NIST-standards-PURExpress-plamGFP-deGFP,NEB Sol A,NEB Sol A,NEB Sol A,NEB Sol A,NEB Sol A,NEB Sol A,NEB Sol A,NEB Sol A,NEB Sol A,NEB Sol A,NEB Sol A,NEB Sol A,NEB Sol B,Unknown,NEB Sol A,NEB Sol A,AR-804,NEB Sol B,NEB Sol B,10,TRUE,1.719547609,2.315438801,1.439694769,0.034787894,4.047519205,NEB Sol A,Cytation5,plamGFP,R&D,0,0.13033627,0.003633799,0.040941584,0.015020094,0.002180573,0.007025149,0.023499938,0.017928015,0.001453226,0.074617041,0.007510047,0.011871193,0.031735863,0.018653893,0.003633799,0.011628744,0.011628744,0.001210776,0.00339135,0.004361146,0.018653893,0.074617041,0.018653893,0.037307786,0.093270933,0.093270933,0.931736597,0.018653893,0.018653893,0.018653893,0.018653893,0.007510047,0.005571923,0.001938124,0.001938124,0.018653893
NIST-standards-PURExpress-plamGFP-deGFP-D2,D2,Sample,plamGFP,3.5,8,20,2,2,0,0,50,100,1,1,1,0.02,2,0.3,2000,1.8,3.285026178,206621,11/24/2025 0:00,50,F,NIST-standards-PURExpress-plamGFP-deGFP,NEB Sol A,NEB Sol A,NEB Sol A,NEB Sol A,NEB Sol A,NEB Sol A,NEB Sol A,NEB Sol A,NEB Sol A,NEB Sol A,NEB Sol A,NEB Sol A,NEB Sol B,Unknown,NEB Sol A,NEB Sol A,AR-804,NEB Sol B,NEB Sol B,10,TRUE,2.484943341,2.466286468,1.496516256,0.051070361,3.058420779,NEB Sol A,Synergy 2,plamGFP,R&D,0,0.13033627,0.003633799,0.040941584,0.015020094,0.002180573,0.007025149,0.023499938,0.017928015,0.001453226,0.074617041,0.007510047,0.011871193,0.031735863,0.018653893,0.003633799,0.011628744,0.011628744,0.001210776,0.00339135,0.004361146,0.018653893,0.074617041,0.018653893,0.037307786,0.093270933,0.093270933,0.931736597,0.018653893,0.018653893,0.018653893,0.018653893,0.007510047,0.005571923,0.001938124,0.001938124,0.018653893
NIST-standards-PURExpress-plamGFP-deGFP-D4,D4,Sample,deGFP,3.5,8,20,2,2,0,0,50,100,1,1,1,0.02,2,0.3,2000,1.8,10.4201087,130723A,11/24/2025 0:00,35,F,NIST-standards-PURExpress-plamGFP-deGFP,NEB Sol A,NEB Sol A,NEB Sol A,NEB Sol A,NEB Sol A,NEB Sol A,NEB Sol A,NEB Sol A,NEB Sol A,NEB Sol A,NEB Sol A,NEB Sol A,NEB Sol B,Unknown,NEB Sol A,NEB Sol A,AR-889,NEB Sol B,NEB Sol B,10,TRUE,1.024702136,2.495121655,1.057142946,0.01566656,6,NEB Sol A,Cytation3,deGFP,R&D,0,0.13033627,0.003633799,0.040941584,0.015020094,0.002180573,0.007025149,0.023499938,0.017928015,0.001453226,0.074617041,0.007510047,0.011871193,0.031735863,0.018653893,0.003633799,0.011628744,0.011628744,0.001210776,0.00339135,0.004361146,0.018653893,0.074617041,0.018653893,0.037307786,0.093270933,0.093270933,0.931736597,0.018653893,0.018653893,0.018653893,0.018653893,0.007510047,0.005571923,0.001938124,0.001938124,0.018653893
NIST-standards-PURExpress-plamGFP-deGFP-D4,D4,Sample,deGFP,3.5,8,20,2,2,0,0,50,100,1,1,1,0.02,2,0.3,2000,1.8,10.4201087,1705168,11/24/2025 0:00,ext,M,NIST-standards-PURExpress-plamGFP-deGFP,NEB Sol A,NEB Sol A,NEB Sol A,NEB Sol A,NEB Sol A,NEB Sol A,NEB Sol A,NEB Sol A,NEB Sol A,NEB Sol A,NEB Sol A,NEB Sol A,NEB Sol B,Unknown,NEB Sol A,NEB Sol A,AR-889,NEB Sol B,NEB Sol B,10,TRUE,1.166313428,2.499282173,0.947509109,0.015017531,6.030555556,NEB Sol A,Cytation5,deGFP,R&D,0,0.13033627,0.003633799,0.040941584,0.015020094,0.002180573,0.007025149,0.023499938,0.017928015,0.001453226,0.074617041,0.007510047,0.011871193,0.031735863,0.018653893,0.003633799,0.011628744,0.011628744,0.001210776,0.00339135,0.004361146,0.018653893,0.074617041,0.018653893,0.037307786,0.093270933,0.093270933,0.931736597,0.018653893,0.018653893,0.018653893,0.018653893,0.007510047,0.005571923,0.001938124,0.001938124,0.018653893
NIST-standards-PURExpress-plamGFP-deGFP-D4,D4,Sample,deGFP,3.5,8,20,2,2,0,0,50,100,1,1,1,0.02,2,0.3,2000,1.8,10.4201087,206621,11/24/2025 0:00,50,F,NIST-standards-PURExpress-plamGFP-deGFP,NEB Sol A,NEB Sol A,NEB Sol A,NEB Sol A,NEB Sol A,NEB Sol A,NEB Sol A,NEB Sol A,NEB Sol A,NEB Sol A,NEB Sol A,NEB Sol A,NEB Sol B,Unknown,NEB Sol A,NEB Sol A,AR-889,NEB Sol B,NEB Sol B,10,TRUE,1.719558526,2.566238544,0.99987255,0.019447078,6,NEB Sol A,Synergy 2,deGFP,R&D,0,0.13033627,0.003633799,0.040941584,0.015020094,0.002180573,0.007025149,0.023499938,0.017928015,0.001453226,0.074617041,0.007510047,0.011871193,0.031735863,0.018653893,0.003633799,0.011628744,0.011628744,0.001210776,0.00339135,0.004361146,0.018653893,0.074617041,0.018653893,0.037307786,0.093270933,0.093270933,0.931736597,0.018653893,0.018653893,0.018653893,0.018653893,0.007510047,0.005571923,0.001938124,0.001938124,0.018653893
NIST-standards-PURExpress-plamGFP-deGFP-F2,F2,Sample,plamGFP,3.5,8,20,2,2,0,0,50,100,1,1,1,0.02,2,0.3,2000,1.8,3.285026178,130723A,11/24/2025 0:00,35,F,NIST-standards-PURExpress-plamGFP-deGFP,NEB Sol A,NEB Sol A,NEB Sol A,NEB Sol A,NEB Sol A,NEB Sol A,NEB Sol A,NEB Sol A,NEB Sol A,NEB Sol A,NEB Sol A,NEB Sol A,NEB Sol B,Unknown,NEB Sol A,NEB Sol A,AR-804,NEB Sol B,NEB Sol B,10,TRUE,1.30624191,2.87858367,1.537132487,0.038929971,1.876844159,NEB Sol A,Cytation3,plamGFP,R&D,0,0.13033627,0.003633799,0.040941584,0.015020094,0.002180573,0.007025149,0.023499938,0.017928015,0.001453226,0.074617041,0.007510047,0.011871193,0.031735863,0.018653893,0.003633799,0.011628744,0.011628744,0.001210776,0.00339135,0.004361146,0.018653893,0.074617041,0.018653893,0.037307786,0.093270933,0.093270933,0.931736597,0.018653893,0.018653893,0.018653893,0.018653893,0.007510047,0.005571923,0.001938124,0.001938124,0.018653893
NIST-standards-PURExpress-plamGFP-deGFP-F2,F2,Sample,plamGFP,3.5,8,20,2,2,0,0,50,100,1,1,1,0.02,2,0.3,2000,1.8,3.285026178,1705168,11/24/2025 0:00,ext,M,NIST-standards-PURExpress-plamGFP-deGFP,NEB Sol A,NEB Sol A,NEB Sol A,NEB Sol A,NEB Sol A,NEB Sol A,NEB Sol A,NEB Sol A,NEB Sol A,NEB Sol A,NEB Sol A,NEB Sol A,NEB Sol B,Unknown,NEB Sol A,NEB Sol A,AR-804,NEB Sol B,NEB Sol B,10,TRUE,1.776901188,2.303777758,1.43164823,0.035308076,4.187580446,NEB Sol A,Cytation5,plamGFP,R&D,0,0.13033627,0.003633799,0.040941584,0.015020094,0.002180573,0.007025149,0.023499938,0.017928015,0.001453226,0.074617041,0.007510047,0.011871193,0.031735863,0.018653893,0.003633799,0.011628744,0.011628744,0.001210776,0.00339135,0.004361146,0.018653893,0.074617041,0.018653893,0.037307786,0.093270933,0.093270933,0.931736597,0.018653893,0.018653893,0.018653893,0.018653893,0.007510047,0.005571923,0.001938124,0.001938124,0.018653893
NIST-standards-PURExpress-plamGFP-deGFP-F2,F2,Sample,plamGFP,3.5,8,20,2,2,0,0,50,100,1,1,1,0.02,2,0.3,2000,1.8,3.285026178,206621,11/24/2025 0:00,50,F,NIST-standards-PURExpress-plamGFP-deGFP,NEB Sol A,NEB Sol A,NEB Sol A,NEB Sol A,NEB Sol A,NEB Sol A,NEB Sol A,NEB Sol A,NEB Sol A,NEB Sol A,NEB Sol A,NEB Sol A,NEB Sol B,Unknown,NEB Sol A,NEB Sol A,AR-804,NEB Sol B,NEB Sol B,10,TRUE,2.401764254,2.474051638,1.485952292,0.051991691,2.928119419,NEB Sol A,Synergy 2,plamGFP,R&D,0,0.13033627,0.003633799,0.040941584,0.015020094,0.002180573,0.007025149,0.023499938,0.017928015,0.001453226,0.074617041,0.007510047,0.011871193,0.031735863,0.018653893,0.003633799,0.011628744,0.011628744,0.001210776,0.00339135,0.004361146,0.018653893,0.074617041,0.018653893,0.037307786,0.093270933,0.093270933,0.931736597,0.018653893,0.018653893,0.018653893,0.018653893,0.007510047,0.005571923,0.001938124,0.001938124,0.018653893
NIST-standards-PURExpress-plamGFP-deGFP-F4,F4,Sample,deGFP,3.5,8,20,2,2,0,0,50,100,1,1,1,0.02,2,0.3,2000,1.8,10.4201087,130723A,11/24/2025 0:00,35,F,NIST-standards-PURExpress-plamGFP-deGFP,NEB Sol A,NEB Sol A,NEB Sol A,NEB Sol A,NEB Sol A,NEB Sol A,NEB Sol A,NEB Sol A,NEB Sol A,NEB Sol A,NEB Sol A,NEB Sol A,NEB Sol B,Unknown,NEB Sol A,NEB Sol A,AR-889,NEB Sol B,NEB Sol B,10,TRUE,1.041816431,2.482636611,1.062138627,0.015885423,6,NEB Sol A,Cytation3,deGFP,R&D,0,0.13033627,0.003633799,0.040941584,0.015020094,0.002180573,0.007025149,0.023499938,0.017928015,0.001453226,0.074617041,0.007510047,0.011871193,0.031735863,0.018653893,0.003633799,0.011628744,0.011628744,0.001210776,0.00339135,0.004361146,0.018653893,0.074617041,0.018653893,0.037307786,0.093270933,0.093270933,0.931736597,0.018653893,0.018653893,0.018653893,0.018653893,0.007510047,0.005571923,0.001938124,0.001938124,0.018653893
NIST-standards-PURExpress-plamGFP-deGFP-F4,F4,Sample,deGFP,3.5,8,20,2,2,0,0,50,100,1,1,1,0.02,2,0.3,2000,1.8,10.4201087,1705168,11/24/2025 0:00,ext,M,NIST-standards-PURExpress-plamGFP-deGFP,NEB Sol A,NEB Sol A,NEB Sol A,NEB Sol A,NEB Sol A,NEB Sol A,NEB Sol A,NEB Sol A,NEB Sol A,NEB Sol A,NEB Sol A,NEB Sol A,NEB Sol B,Unknown,NEB Sol A,NEB Sol A,AR-889,NEB Sol B,NEB Sol B,10,TRUE,1.149660484,2.502141866,0.937909308,0.015058641,6.030555556,NEB Sol A,Cytation5,deGFP,R&D,0,0.13033627,0.003633799,0.040941584,0.015020094,0.002180573,0.007025149,0.023499938,0.017928015,0.001453226,0.074617041,0.007510047,0.011871193,0.031735863,0.018653893,0.003633799,0.011628744,0.011628744,0.001210776,0.00339135,0.004361146,0.018653893,0.074617041,0.018653893,0.037307786,0.093270933,0.093270933,0.931736597,0.018653893,0.018653893,0.018653893,0.018653893,0.007510047,0.005571923,0.001938124,0.001938124,0.018653893
NIST-standards-PURExpress-plamGFP-deGFP-F4,F4,Sample,deGFP,3.5,8,20,2,2,0,0,50,100,1,1,1,0.02,2,0.3,2000,1.8,10.4201087,206621,11/24/2025 0:00,50,F,NIST-standards-PURExpress-plamGFP-deGFP,NEB Sol A,NEB Sol A,NEB Sol A,NEB Sol A,NEB Sol A,NEB Sol A,NEB Sol A,NEB Sol A,NEB Sol A,NEB Sol A,NEB Sol A,NEB Sol A,NEB Sol B,Unknown,NEB Sol A,NEB Sol A,AR-889,NEB Sol B,NEB Sol B,10,TRUE,1.697058298,2.585344535,1.023562783,0.014865738,5.740694425,NEB Sol A,Synergy 2,deGFP,R&D,0,0.13033627,0.003633799,0.040941584,0.015020094,0.002180573,0.007025149,0.023499938,0.017928015,0.001453226,0.074617041,0.007510047,0.011871193,0.031735863,0.018653893,0.003633799,0.011628744,0.011628744,0.001210776,0.00339135,0.004361146,0.018653893,0.074617041,0.018653893,0.037307786,0.093270933,0.093270933,0.931736597,0.018653893,0.018653893,0.018653893,0.018653893,0.007510047,0.005571923,0.001938124,0.001938124,0.018653893
Pmix-MFG-116-B2,B2,Sample,AR-925,3.5,8,20,2,2,0,0,50,100,1,1,1,0.02,2,0.3,2000,3.24,3.141361257,1705168,12/18/2025 0:00,ext,M,Pmix-MFG-116,Unknown,Unknown,Unknown,Unknown,Unknown,Unknown,Unknown,Unknown,Unknown,Unknown,Unknown,Unknown,AR-900,Unknown,Unknown,Unknown,Unknown,AR-907,AR-925,10,TRUE,0.900463896,4.333311255,0.70149204,0.006394096,6.006388889,AR-895,Cytation5,plamGFP,MFG,0,0.13033627,0.003633799,0.040941584,0.015020094,0.002180573,0.007025149,0.023499938,0.017928015,0.001453226,0.074617041,0.007510047,0.011871193,0.031735863,0.018653893,0.003633799,0.011628744,0.011628744,0.001210776,0.00339135,0.004361146,0.018653893,0.074617041,0.018653893,0.037307786,0.093270933,0.093270933,0.931736597,0.018653893,0.018653893,0.018653893,0.018653893,0.007510047,0.005571923,0.001938124,0.001938124,0.018653893
Pmix-MFG-116-B4,B4,Sample,AR-926,3.5,8,20,2,2,0,0,50,100,1,1,1,0.02,2,0.3,2000,3.24,3.141361257,1705168,12/18/2025 0:00,ext,M,Pmix-MFG-116,Unknown,Unknown,Unknown,Unknown,Unknown,Unknown,Unknown,Unknown,Unknown,Unknown,Unknown,Unknown,AR-900,Unknown,Unknown,Unknown,Unknown,AR-907,AR-926,10,TRUE,0.968493427,4.402443816,0.684026349,0.006897982,6.006388889,AR-895,Cytation5,plamGFP,MFG,0,0.13033627,0.003633799,0.040941584,0.015020094,0.002180573,0.007025149,0.023499938,0.017928015,0.001453226,0.074617041,0.007510047,0.011871193,0.031735863,0.018653893,0.003633799,0.011628744,0.011628744,0.001210776,0.00339135,0.004361146,0.018653893,0.074617041,0.018653893,0.037307786,0.093270933,0.093270933,0.931736597,0.018653893,0.018653893,0.018653893,0.018653893,0.007510047,0.005571923,0.001938124,0.001938124,0.018653893
Pmix-MFG-116-B6,B6,Positive Control,Positive,3.5,8,20,2,2,0,0,50,100,1,1,1,0.02,2,0.3,2000,1.8,3.141361257,1705168,12/18/2025 0:00,ext,M,Pmix-MFG-116,NEB Sol A,NEB Sol A,NEB Sol A,NEB Sol A,NEB Sol A,NEB Sol A,NEB Sol A,NEB Sol A,NEB Sol A,NEB Sol A,NEB Sol A,NEB Sol A,NEB Sol B,Unknown,NEB Sol A,NEB Sol A,Unknown,NEB Sol B,NEB Sol B,10,TRUE,0.869756502,2.208191969,1.214328129,0.010233057,6.006388889,NEB Sol A,Cytation5,plamGFP,MFG,0,0.13033627,0.003633799,0.040941584,0.015020094,0.002180573,0.007025149,0.023499938,0.017928015,0.001453226,0.074617041,0.007510047,0.011871193,0.031735863,0.018653893,0.003633799,0.011628744,0.011628744,0.001210776,0.00339135,0.004361146,0.018653893,0.074617041,0.018653893,0.037307786,0.093270933,0.093270933,0.931736597,0.018653893,0.018653893,0.018653893,0.018653893,0.007510047,0.005571923,0.001938124,0.001938124,0.018653893
Pmix-MFG-116-B8,B8,Negative Control,Negative,3.5,8,20,2,2,0,0,50,100,1,1,1,0.02,2,0.3,0,1.8,0,1705168,12/18/2025 0:00,ext,M,Pmix-MFG-116,NEB Sol A,NEB Sol A,NEB Sol A,NEB Sol A,NEB Sol A,NEB Sol A,NEB Sol A,NEB Sol A,NEB Sol A,NEB Sol A,NEB Sol A,NEB Sol A,NEB Sol B,Unknown,NEB Sol A,NEB Sol A,Unknown,NEB Sol B,NEB Sol B,10,FALSE,0,,,0,,NEB Sol A,Cytation5,Unknown,MFG,0,0.13033627,0.003633799,0.040941584,0.015020094,0.002180573,0.007025149,0.023499938,0.017928015,0.001453226,0.074617041,0.007510047,0.011871193,0.031735863,0.018653893,0.003633799,0.011628744,0.011628744,0.001210776,0.00339135,0.004361146,0.018653893,0.074617041,0.018653893,0.037307786,0.093270933,0.093270933,0.931736597,0.018653893,0.018653893,0.018653893,0.018653893,0.007510047,0.005571923,0.001938124,0.001938124,0.018653893
Pmix-MFG-116-D2,D2,Sample,AR-925,3.5,8,20,2,2,0,0,50,100,1,1,1,0.02,2,0.3,2000,3.24,3.141361257,1705168,12/18/2025 0:00,ext,M,Pmix-MFG-116,Unknown,Unknown,Unknown,Unknown,Unknown,Unknown,Unknown,Unknown,Unknown,Unknown,Unknown,Unknown,AR-901,Unknown,Unknown,Unknown,Unknown,AR-907,AR-925,10,TRUE,0.949698841,4.360317345,0.692360777,0.006626957,6.006388889,AR-895,Cytation5,plamGFP,MFG,0,0.13033627,0.003633799,0.040941584,0.015020094,0.002180573,0.007025149,0.023499938,0.017928015,0.001453226,0.074617041,0.007510047,0.011871193,0.031735863,0.018653893,0.003633799,0.011628744,0.011628744,0.001210776,0.00339135,0.004361146,0.018653893,0.074617041,0.018653893,0.037307786,0.093270933,0.093270933,0.931736597,0.018653893,0.018653893,0.018653893,0.018653893,0.007510047,0.005571923,0.001938124,0.001938124,0.018653893
Pmix-MFG-116-D4,D4,Sample,AR-926,3.5,8,20,2,2,0,0,50,100,1,1,1,0.02,2,0.3,2000,3.24,3.141361257,1705168,12/18/2025 0:00,ext,M,Pmix-MFG-116,Unknown,Unknown,Unknown,Unknown,Unknown,Unknown,Unknown,Unknown,Unknown,Unknown,Unknown,Unknown,AR-901,Unknown,Unknown,Unknown,Unknown,AR-907,AR-926,10,TRUE,0.974581944,4.436501459,0.678075505,0.007038596,6.006388889,AR-895,Cytation5,plamGFP,MFG,0,0.13033627,0.003633799,0.040941584,0.015020094,0.002180573,0.007025149,0.023499938,0.017928015,0.001453226,0.074617041,0.007510047,0.011871193,0.031735863,0.018653893,0.003633799,0.011628744,0.011628744,0.001210776,0.00339135,0.004361146,0.018653893,0.074617041,0.018653893,0.037307786,0.093270933,0.093270933,0.931736597,0.018653893,0.018653893,0.018653893,0.018653893,0.007510047,0.005571923,0.001938124,0.001938124,0.018653893
Pmix-MFG-116-D6,D6,Positive Control,Positive,3.5,8,20,2,2,0,0,50,100,1,1,1,0.02,2,0.3,2000,1.8,3.141361257,1705168,12/18/2025 0:00,ext,M,Pmix-MFG-116,NEB Sol A,NEB Sol A,NEB Sol A,NEB Sol A,NEB Sol A,NEB Sol A,NEB Sol A,NEB Sol A,NEB Sol A,NEB Sol A,NEB Sol A,NEB Sol A,NEB Sol B,Unknown,NEB Sol A,NEB Sol A,Unknown,NEB Sol B,NEB Sol B,10,TRUE,0.850976761,2.181980845,1.170766766,0.011184601,6.006388889,NEB Sol A,Cytation5,plamGFP,MFG,0,0.13033627,0.003633799,0.040941584,0.015020094,0.002180573,0.007025149,0.023499938,0.017928015,0.001453226,0.074617041,0.007510047,0.011871193,0.031735863,0.018653893,0.003633799,0.011628744,0.011628744,0.001210776,0.00339135,0.004361146,0.018653893,0.074617041,0.018653893,0.037307786,0.093270933,0.093270933,0.931736597,0.018653893,0.018653893,0.018653893,0.018653893,0.007510047,0.005571923,0.001938124,0.001938124,0.018653893
Pmix-MFG-116-F2,F2,Sample,AR-925,3.5,8,20,2,2,0,0,50,100,1,1,1,0.02,2,0.3,2000,3.24,3.141361257,1705168,12/18/2025 0:00,ext,M,Pmix-MFG-116,Unknown,Unknown,Unknown,Unknown,Unknown,Unknown,Unknown,Unknown,Unknown,Unknown,Unknown,Unknown,AR-902,Unknown,Unknown,Unknown,Unknown,AR-907,AR-925,10,TRUE,0.93339783,4.398576851,0.683117448,0.006613144,6.006388889,AR-895,Cytation5,plamGFP,MFG,0,0.13033627,0.003633799,0.040941584,0.015020094,0.002180573,0.007025149,0.023499938,0.017928015,0.001453226,0.074617041,0.007510047,0.011871193,0.031735863,0.018653893,0.003633799,0.011628744,0.011628744,0.001210776,0.00339135,0.004361146,0.018653893,0.074617041,0.018653893,0.037307786,0.093270933,0.093270933,0.931736597,0.018653893,0.018653893,0.018653893,0.018653893,0.007510047,0.005571923,0.001938124,0.001938124,0.018653893
Pmix-MFG-116-F4,F4,Sample,AR-926,3.5,8,20,2,2,0,0,50,100,1,1,1,0.02,2,0.3,2000,3.24,3.141361257,1705168,12/18/2025 0:00,ext,M,Pmix-MFG-116,Unknown,Unknown,Unknown,Unknown,Unknown,Unknown,Unknown,Unknown,Unknown,Unknown,Unknown,Unknown,AR-902,Unknown,Unknown,Unknown,Unknown,AR-907,AR-926,10,TRUE,0.977643206,4.463672253,0.668261658,0.007253166,6.006388889,AR-895,Cytation5,plamGFP,MFG,0,0.13033627,0.003633799,0.040941584,0.015020094,0.002180573,0.007025149,0.023499938,0.017928015,0.001453226,0.074617041,0.007510047,0.011871193,0.031735863,0.018653893,0.003633799,0.011628744,0.011628744,0.001210776,0.00339135,0.004361146,0.018653893,0.074617041,0.018653893,0.037307786,0.093270933,0.093270933,0.931736597,0.018653893,0.018653893,0.018653893,0.018653893,0.007510047,0.005571923,0.001938124,0.001938124,0.018653893
Pmix-MFG-116-F6,F6,Positive Control,Positive,3.5,8,20,2,2,0,0,50,100,1,1,1,0.02,2,0.3,2000,1.8,3.141361257,1705168,12/18/2025 0:00,ext,M,Pmix-MFG-116,NEB Sol A,NEB Sol A,NEB Sol A,NEB Sol A,NEB Sol A,NEB Sol A,NEB Sol A,NEB Sol A,NEB Sol A,NEB Sol A,NEB Sol A,NEB Sol A,NEB Sol B,Unknown,NEB Sol A,NEB Sol A,Unknown,NEB Sol B,NEB Sol B,10,TRUE,0.861968415,2.17332932,1.204308649,0.010622423,6.006388889,NEB Sol A,Cytation5,plamGFP,MFG,0,0.13033627,0.003633799,0.040941584,0.015020094,0.002180573,0.007025149,0.023499938,0.017928015,0.001453226,0.074617041,0.007510047,0.011871193,0.031735863,0.018653893,0.003633799,0.011628744,0.011628744,0.001210776,0.00339135,0.004361146,0.018653893,0.074617041,0.018653893,0.037307786,0.093270933,0.093270933,0.931736597,0.018653893,0.018653893,0.018653893,0.018653893,0.007510047,0.005571923,0.001938124,0.001938124,0.018653893
PMix_(AR-931)_QC_PURE_Timecourse-B10,B10,Positive Control,Positive Control,3.5,8,20,2,2,0,0,50,100,1,1,1,0.02,2,0.3,2000,1.8,3.089005236,1705168,1/5/2026 0:00,ext,M,PMix_(AR-931)_QC_PURE_Timecourse,NEB Sol A,NEB Sol A,NEB Sol A,NEB Sol A,NEB Sol A,NEB Sol A,NEB Sol A,NEB Sol A,NEB Sol A,NEB Sol A,NEB Sol A,NEB Sol A,NEB Sol B,Unknown,NEB Sol A,NEB Sol A,AR-931,NEB Sol B,NEB Sol B,10,TRUE,0.952887752,2.173362821,1.307807353,0.011669746,6.010277778,NEB Sol A,Cytation5,plamGFP,MFG,0,0.13033627,0.003633799,0.040941584,0.015020094,0.002180573,0.007025149,0.023499938,0.017928015,0.001453226,0.074617041,0.007510047,0.011871193,0.031735863,0.018653893,0.003633799,0.011628744,0.011628744,0.001210776,0.00339135,0.004361146,0.018653893,0.074617041,0.018653893,0.037307786,0.093270933,0.093270933,0.931736597,0.018653893,0.018653893,0.018653893,0.018653893,0.007510047,0.005571923,0.001938124,0.001938124,0.018653893
PMix_(AR-931)_QC_PURE_Timecourse-B2,B2,Sample,AR-931 + AR-906,3.5,8,20,2,2,0,0,50,100,1,1,1,0.02,2,0.3,2000,3.24,3.089005236,1705168,1/5/2026 0:00,ext,M,PMix_(AR-931)_QC_PURE_Timecourse,Unknown,Unknown,Unknown,Unknown,Unknown,Unknown,Unknown,Unknown,Unknown,Unknown,Unknown,Unknown,AR-901,Unknown,Unknown,Unknown,AR-931,AR-906,AR-931,10,TRUE,1.017461112,3.975078124,0.865812082,0.005481447,6.010277778,AR-895,Cytation5,plamGFP,MFG,0,0.13033627,0.003633799,0.040941584,0.015020094,0.002180573,0.007025149,0.023499938,0.017928015,0.001453226,0.074617041,0.007510047,0.011871193,0.031735863,0.018653893,0.003633799,0.011628744,0.011628744,0.001210776,0.00339135,0.004361146,0.018653893,0.074617041,0.018653893,0.037307786,0.093270933,0.093270933,0.931736597,0.018653893,0.018653893,0.018653893,0.018653893,0.007510047,0.005571923,0.001938124,0.001938124,0.018653893
PMix_(AR-931)_QC_PURE_Timecourse-B6,B6,Sample,AR-931 + AR-855,3.5,8,20,2,2,0,0,50,100,1,1,1,0.02,2,0.3,2000,1.8,3.089005236,1705168,1/5/2026 0:00,ext,M,PMix_(AR-931)_QC_PURE_Timecourse,Unknown,Unknown,Unknown,Unknown,Unknown,Unknown,Unknown,Unknown,Unknown,Unknown,Unknown,Unknown,AR-901,Unknown,Unknown,Unknown,AR-931,AR-855,AR-931,10,TRUE,0.964858402,3.27569296,0.901564184,0.009097784,6.010277778,AR-895,Cytation5,plamGFP,MFG,0,0.13033627,0.003633799,0.040941584,0.015020094,0.002180573,0.007025149,0.023499938,0.017928015,0.001453226,0.074617041,0.007510047,0.011871193,0.031735863,0.018653893,0.003633799,0.011628744,0.011628744,0.001210776,0.00339135,0.004361146,0.018653893,0.074617041,0.018653893,0.037307786,0.093270933,0.093270933,0.931736597,0.018653893,0.018653893,0.018653893,0.018653893,0.007510047,0.005571923,0.001938124,0.001938124,0.018653893
PMix_(AR-931)_QC_PURE_Timecourse-B8,B8,Sample,AR-931 + AR-904,3.5,8,20,2,2,0,0,50,100,1,1,1,0.02,2,0.3,2000,1.8,3.089005236,1705168,1/5/2026 0:00,ext,M,PMix_(AR-931)_QC_PURE_Timecourse,Unknown,Unknown,Unknown,Unknown,Unknown,Unknown,Unknown,Unknown,Unknown,Unknown,Unknown,Unknown,AR-901,Unknown,Unknown,Unknown,AR-931,AR-904,AR-931,10,TRUE,1.007487365,2.948934092,0.990476125,0.009829451,5.459863368,AR-895,Cytation5,plamGFP,MFG,0,0.13033627,0.003633799,0.040941584,0.015020094,0.002180573,0.007025149,0.023499938,0.017928015,0.001453226,0.074617041,0.007510047,0.011871193,0.031735863,0.018653893,0.003633799,0.011628744,0.011628744,0.001210776,0.00339135,0.004361146,0.018653893,0.074617041,0.018653893,0.037307786,0.093270933,0.093270933,0.931736597,0.018653893,0.018653893,0.018653893,0.018653893,0.007510047,0.005571923,0.001938124,0.001938124,0.018653893
PMix_(AR-931)_QC_PURE_Timecourse-D10,D10,Positive Control,Positive Control,3.5,8,20,2,2,0,0,50,100,1,1,1,0.02,2,0.3,2000,1.8,3.089005236,1705168,1/5/2026 0:00,ext,M,PMix_(AR-931)_QC_PURE_Timecourse,NEB Sol A,NEB Sol A,NEB Sol A,NEB Sol A,NEB Sol A,NEB Sol A,NEB Sol A,NEB Sol A,NEB Sol A,NEB Sol A,NEB Sol A,NEB Sol A,NEB Sol B,Unknown,NEB Sol A,NEB Sol A,AR-931,NEB Sol B,NEB Sol B,10,TRUE,0.99083461,2.186165811,1.288553828,0.012358646,6.010277778,NEB Sol A,Cytation5,plamGFP,MFG,0,0.13033627,0.003633799,0.040941584,0.015020094,0.002180573,0.007025149,0.023499938,0.017928015,0.001453226,0.074617041,0.007510047,0.011871193,0.031735863,0.018653893,0.003633799,0.011628744,0.011628744,0.001210776,0.00339135,0.004361146,0.018653893,0.074617041,0.018653893,0.037307786,0.093270933,0.093270933,0.931736597,0.018653893,0.018653893,0.018653893,0.018653893,0.007510047,0.005571923,0.001938124,0.001938124,0.018653893
PMix_(AR-931)_QC_PURE_Timecourse-D2,D2,Sample,AR-931 + AR-906,3.5,8,20,2,2,0,0,50,100,1,1,1,0.02,2,0.3,2000,3.24,3.089005236,1705168,1/5/2026 0:00,ext,M,PMix_(AR-931)_QC_PURE_Timecourse,Unknown,Unknown,Unknown,Unknown,Unknown,Unknown,Unknown,Unknown,Unknown,Unknown,Unknown,Unknown,AR-901,Unknown,Unknown,Unknown,AR-931,AR-906,AR-931,10,TRUE,1.004093649,3.979359022,0.857035514,0.005801191,6.010277778,AR-895,Cytation5,plamGFP,MFG,0,0.13033627,0.003633799,0.040941584,0.015020094,0.002180573,0.007025149,0.023499938,0.017928015,0.001453226,0.074617041,0.007510047,0.011871193,0.031735863,0.018653893,0.003633799,0.011628744,0.011628744,0.001210776,0.00339135,0.004361146,0.018653893,0.074617041,0.018653893,0.037307786,0.093270933,0.093270933,0.931736597,0.018653893,0.018653893,0.018653893,0.018653893,0.007510047,0.005571923,0.001938124,0.001938124,0.018653893
PMix_(AR-931)_QC_PURE_Timecourse-D6,D6,Sample,AR-931 + AR-855,3.5,8,20,2,2,0,0,50,100,1,1,1,0.02,2,0.3,2000,1.8,3.089005236,1705168,1/5/2026 0:00,ext,M,PMix_(AR-931)_QC_PURE_Timecourse,Unknown,Unknown,Unknown,Unknown,Unknown,Unknown,Unknown,Unknown,Unknown,Unknown,Unknown,Unknown,AR-901,Unknown,Unknown,Unknown,AR-931,AR-855,AR-931,10,TRUE,0.950943247,3.371054178,0.896280499,0.010375725,5.424879836,AR-895,Cytation5,plamGFP,MFG,0,0.13033627,0.003633799,0.040941584,0.015020094,0.002180573,0.007025149,0.023499938,0.017928015,0.001453226,0.074617041,0.007510047,0.011871193,0.031735863,0.018653893,0.003633799,0.011628744,0.011628744,0.001210776,0.00339135,0.004361146,0.018653893,0.074617041,0.018653893,0.037307786,0.093270933,0.093270933,0.931736597,0.018653893,0.018653893,0.018653893,0.018653893,0.007510047,0.005571923,0.001938124,0.001938124,0.018653893
PMix_(AR-931)_QC_PURE_Timecourse-D8,D8,Sample,AR-931 + AR-904,3.5,8,20,2,2,0,0,50,100,1,1,1,0.02,2,0.3,2000,1.8,3.089005236,1705168,1/5/2026 0:00,ext,M,PMix_(AR-931)_QC_PURE_Timecourse,Unknown,Unknown,Unknown,Unknown,Unknown,Unknown,Unknown,Unknown,Unknown,Unknown,Unknown,Unknown,AR-901,Unknown,Unknown,Unknown,AR-931,AR-904,AR-931,10,TRUE,1.057896688,2.922466267,0.954064933,0.012237061,6.010277778,AR-895,Cytation5,plamGFP,MFG,0,0.13033627,0.003633799,0.040941584,0.015020094,0.002180573,0.007025149,0.023499938,0.017928015,0.001453226,0.074617041,0.007510047,0.011871193,0.031735863,0.018653893,0.003633799,0.011628744,0.011628744,0.001210776,0.00339135,0.004361146,0.018653893,0.074617041,0.018653893,0.037307786,0.093270933,0.093270933,0.931736597,0.018653893,0.018653893,0.018653893,0.018653893,0.007510047,0.005571923,0.001938124,0.001938124,0.018653893
PMix_(AR-931)_QC_PURE_Timecourse-F10,F10,Positive Control,Positive Control,3.5,8,20,2,2,0,0,50,100,1,1,1,0.02,2,0.3,2000,1.8,3.089005236,1705168,1/5/2026 0:00,ext,M,PMix_(AR-931)_QC_PURE_Timecourse,NEB Sol A,NEB Sol A,NEB Sol A,NEB Sol A,NEB Sol A,NEB Sol A,NEB Sol A,NEB Sol A,NEB Sol A,NEB Sol A,NEB Sol A,NEB Sol A,NEB Sol B,Unknown,NEB Sol A,NEB Sol A,AR-931,NEB Sol B,NEB Sol B,10,TRUE,0.916499603,2.160114725,1.293398416,0.011325037,6.010277778,NEB Sol A,Cytation5,plamGFP,MFG,0,0.13033627,0.003633799,0.040941584,0.015020094,0.002180573,0.007025149,0.023499938,0.017928015,0.001453226,0.074617041,0.007510047,0.011871193,0.031735863,0.018653893,0.003633799,0.011628744,0.011628744,0.001210776,0.00339135,0.004361146,0.018653893,0.074617041,0.018653893,0.037307786,0.093270933,0.093270933,0.931736597,0.018653893,0.018653893,0.018653893,0.018653893,0.007510047,0.005571923,0.001938124,0.001938124,0.018653893
PMix_(AR-931)_QC_PURE_Timecourse-F2,F2,Sample,AR-931 + AR-906,3.5,8,20,2,2,0,0,50,100,1,1,1,0.02,2,0.3,2000,3.24,3.089005236,1705168,1/5/2026 0:00,ext,M,PMix_(AR-931)_QC_PURE_Timecourse,Unknown,Unknown,Unknown,Unknown,Unknown,Unknown,Unknown,Unknown,Unknown,Unknown,Unknown,Unknown,AR-901,Unknown,Unknown,Unknown,AR-931,AR-906,AR-931,10,TRUE,1.01399817,3.779469163,0.86992879,0.0065586,6.010277778,AR-895,Cytation5,plamGFP,MFG,0,0.13033627,0.003633799,0.040941584,0.015020094,0.002180573,0.007025149,0.023499938,0.017928015,0.001453226,0.074617041,0.007510047,0.011871193,0.031735863,0.018653893,0.003633799,0.011628744,0.011628744,0.001210776,0.00339135,0.004361146,0.018653893,0.074617041,0.018653893,0.037307786,0.093270933,0.093270933,0.931736597,0.018653893,0.018653893,0.018653893,0.018653893,0.007510047,0.005571923,0.001938124,0.001938124,0.018653893
PMix_(AR-931)_QC_PURE_Timecourse-F6,F6,Sample,AR-931 + AR-855,3.5,8,20,2,2,0,0,50,100,1,1,1,0.02,2,0.3,2000,1.8,3.089005236,1705168,1/5/2026 0:00,ext,M,PMix_(AR-931)_QC_PURE_Timecourse,Unknown,Unknown,Unknown,Unknown,Unknown,Unknown,Unknown,Unknown,Unknown,Unknown,Unknown,Unknown,AR-901,Unknown,Unknown,Unknown,AR-931,AR-855,AR-931,10,TRUE,0.955655267,3.199153455,0.894843179,0.009623763,6.010277778,AR-895,Cytation5,plamGFP,MFG,0,0.13033627,0.003633799,0.040941584,0.015020094,0.002180573,0.007025149,0.023499938,0.017928015,0.001453226,0.074617041,0.007510047,0.011871193,0.031735863,0.018653893,0.003633799,0.011628744,0.011628744,0.001210776,0.00339135,0.004361146,0.018653893,0.074617041,0.018653893,0.037307786,0.093270933,0.093270933,0.931736597,0.018653893,0.018653893,0.018653893,0.018653893,0.007510047,0.005571923,0.001938124,0.001938124,0.018653893
PMix_(AR-931)_QC_PURE_Timecourse-F8,F8,Sample,AR-931 + AR-904,3.5,8,20,2,2,0,0,50,100,1,1,1,0.02,2,0.3,2000,1.8,3.089005236,1705168,1/5/2026 0:00,ext,M,PMix_(AR-931)_QC_PURE_Timecourse,Unknown,Unknown,Unknown,Unknown,Unknown,Unknown,Unknown,Unknown,Unknown,Unknown,Unknown,Unknown,AR-901,Unknown,Unknown,Unknown,AR-931,AR-904,AR-931,10,TRUE,1.042433509,2.883947255,0.945445739,0.012757173,6.010277778,AR-895,Cytation5,plamGFP,MFG,0,0.13033627,0.003633799,0.040941584,0.015020094,0.002180573,0.007025149,0.023499938,0.017928015,0.001453226,0.074617041,0.007510047,0.011871193,0.031735863,0.018653893,0.003633799,0.011628744,0.011628744,0.001210776,0.00339135,0.004361146,0.018653893,0.074617041,0.018653893,0.037307786,0.093270933,0.093270933,0.931736597,0.018653893,0.018653893,0.018653893,0.018653893,0.007510047,0.005571923,0.001938124,0.001938124,0.018653893
PMix-MFG-128-PURE-Activity-QC-B2,B2,Sample,PMix AR-949 QC,3.5,8,20,2,2,0,0,50,100,1,1,1,0.02,2,0.3,2000,1.8,3.206521739,1705168,1/27/2026 0:00,ext,M,PMix-MFG-128-PURE-Activity-QC,Unknown,Unknown,Unknown,Unknown,Unknown,Unknown,Unknown,Unknown,Unknown,Unknown,Unknown,Unknown,AR-901,Unknown,Unknown,Unknown,AR-889,AR-904,AR-949,10,TRUE,0.653615876,3.590438696,0.864849737,0.004718188,5.79473057,AR-895,Cytation5,deGFP,MFG,0,0.13033627,0.003633799,0.040941584,0.015020094,0.002180573,0.007025149,0.023499938,0.017928015,0.001453226,0.074617041,0.007510047,0.011871193,0.031735863,0.018653893,0.003633799,0.011628744,0.011628744,0.001210776,0.00339135,0.004361146,0.018653893,0.074617041,0.018653893,0.037307786,0.093270933,0.093270933,0.931736597,0.018653893,0.018653893,0.018653893,0.018653893,0.007510047,0.005571923,0.001938124,0.001938124,0.018653893
PMix-MFG-128-PURE-Activity-QC-B4,B4,Sample,PMix AR-950 QC,3.5,8,20,2,2,0,0,50,100,1,1,1,0.02,2,0.3,2000,1.8,3.206521739,1705168,1/27/2026 0:00,ext,M,PMix-MFG-128-PURE-Activity-QC,Unknown,Unknown,Unknown,Unknown,Unknown,Unknown,Unknown,Unknown,Unknown,Unknown,Unknown,Unknown,AR-901,Unknown,Unknown,Unknown,AR-889,AR-904,AR-950,10,TRUE,0.34431079,5.24699303,0.732735032,0.000924487,4.249037958,AR-895,Cytation5,deGFP,MFG,0,0.13033627,0.003633799,0.040941584,0.015020094,0.002180573,0.007025149,0.023499938,0.017928015,0.001453226,0.074617041,0.007510047,0.011871193,0.031735863,0.018653893,0.003633799,0.011628744,0.011628744,0.001210776,0.00339135,0.004361146,0.018653893,0.074617041,0.018653893,0.037307786,0.093270933,0.093270933,0.931736597,0.018653893,0.018653893,0.018653893,0.018653893,0.007510047,0.005571923,0.001938124,0.001938124,0.018653893
PMix-MFG-128-PURE-Activity-QC-B8,B8,Positive Control,Positive Control,3.5,8,20,2,2,0,0,50,100,1,1,1,0.02,2,0.3,2000,1.8,3.089005236,1705168,1/27/2026 0:00,ext,M,PMix-MFG-128-PURE-Activity-QC,NEB Sol A,NEB Sol A,NEB Sol A,NEB Sol A,NEB Sol A,NEB Sol A,NEB Sol A,NEB Sol A,NEB Sol A,NEB Sol A,NEB Sol A,NEB Sol A,NEB Sol B,Unknown,NEB Sol A,NEB Sol A,AR-931,NEB Sol B,NEB Sol B,10,TRUE,0.804775886,2.288153006,1.173469347,0.009793712,6.009166667,NEB Sol A,Cytation5,plamGFP,MFG,0,0.13033627,0.003633799,0.040941584,0.015020094,0.002180573,0.007025149,0.023499938,0.017928015,0.001453226,0.074617041,0.007510047,0.011871193,0.031735863,0.018653893,0.003633799,0.011628744,0.011628744,0.001210776,0.00339135,0.004361146,0.018653893,0.074617041,0.018653893,0.037307786,0.093270933,0.093270933,0.931736597,0.018653893,0.018653893,0.018653893,0.018653893,0.007510047,0.005571923,0.001938124,0.001938124,0.018653893
PMix-MFG-128-PURE-Activity-QC-D2,D2,Sample,PMix AR-949 QC,3.5,8,20,2,2,0,0,50,100,1,1,1,0.02,2,0.3,2000,1.8,3.206521739,1705168,1/27/2026 0:00,ext,M,PMix-MFG-128-PURE-Activity-QC,Unknown,Unknown,Unknown,Unknown,Unknown,Unknown,Unknown,Unknown,Unknown,Unknown,Unknown,Unknown,AR-901,Unknown,Unknown,Unknown,AR-889,AR-904,AR-949,10,TRUE,0.770400317,3.344864307,0.865296068,0.007192513,6.009166667,AR-895,Cytation5,deGFP,MFG,0,0.13033627,0.003633799,0.040941584,0.015020094,0.002180573,0.007025149,0.023499938,0.017928015,0.001453226,0.074617041,0.007510047,0.011871193,0.031735863,0.018653893,0.003633799,0.011628744,0.011628744,0.001210776,0.00339135,0.004361146,0.018653893,0.074617041,0.018653893,0.037307786,0.093270933,0.093270933,0.931736597,0.018653893,0.018653893,0.018653893,0.018653893,0.007510047,0.005571923,0.001938124,0.001938124,0.018653893
PMix-MFG-128-PURE-Activity-QC-D4,D4,Sample,PMix AR-950 QC,3.5,8,20,2,2,0,0,50,100,1,1,1,0.02,2,0.3,2000,1.8,3.206521739,1705168,1/27/2026 0:00,ext,M,PMix-MFG-128-PURE-Activity-QC,Unknown,Unknown,Unknown,Unknown,Unknown,Unknown,Unknown,Unknown,Unknown,Unknown,Unknown,Unknown,AR-901,Unknown,Unknown,Unknown,AR-889,AR-904,AR-950,10,TRUE,0.376870166,5.461451756,0.732682922,0.000497649,4.256222913,AR-895,Cytation5,deGFP,MFG,0,0.13033627,0.003633799,0.040941584,0.015020094,0.002180573,0.007025149,0.023499938,0.017928015,0.001453226,0.074617041,0.007510047,0.011871193,0.031735863,0.018653893,0.003633799,0.011628744,0.011628744,0.001210776,0.00339135,0.004361146,0.018653893,0.074617041,0.018653893,0.037307786,0.093270933,0.093270933,0.931736597,0.018653893,0.018653893,0.018653893,0.018653893,0.007510047,0.005571923,0.001938124,0.001938124,0.018653893
PMix-MFG-128-PURE-Activity-QC-D8,D8,Positive Control,Positive Control,3.5,8,20,2,2,0,0,50,100,1,1,1,0.02,2,0.3,2000,1.8,3.089005236,1705168,1/27/2026 0:00,ext,M,PMix-MFG-128-PURE-Activity-QC,NEB Sol A,NEB Sol A,NEB Sol A,NEB Sol A,NEB Sol A,NEB Sol A,NEB Sol A,NEB Sol A,NEB Sol A,NEB Sol A,NEB Sol A,NEB Sol A,NEB Sol B,Unknown,NEB Sol A,NEB Sol A,AR-931,NEB Sol B,NEB Sol B,10,TRUE,0.797138778,2.310767726,1.158045488,0.009803064,6.009166667,NEB Sol A,Cytation5,plamGFP,MFG,0,0.13033627,0.003633799,0.040941584,0.015020094,0.002180573,0.007025149,0.023499938,0.017928015,0.001453226,0.074617041,0.007510047,0.011871193,0.031735863,0.018653893,0.003633799,0.011628744,0.011628744,0.001210776,0.00339135,0.004361146,0.018653893,0.074617041,0.018653893,0.037307786,0.093270933,0.093270933,0.931736597,0.018653893,0.018653893,0.018653893,0.018653893,0.007510047,0.005571923,0.001938124,0.001938124,0.018653893
PMix-MFG-128-PURE-Activity-QC-F2,F2,Sample,PMix AR-949 QC,3.5,8,20,2,2,0,0,50,100,1,1,1,0.02,2,0.3,2000,1.8,3.206521739,1705168,1/27/2026 0:00,ext,M,PMix-MFG-128-PURE-Activity-QC,Unknown,Unknown,Unknown,Unknown,Unknown,Unknown,Unknown,Unknown,Unknown,Unknown,Unknown,Unknown,AR-901,Unknown,Unknown,Unknown,AR-889,AR-904,AR-949,10,TRUE,0.744849668,3.102453558,0.878809407,0.008570508,6.009166667,AR-895,Cytation5,deGFP,MFG,0,0.13033627,0.003633799,0.040941584,0.015020094,0.002180573,0.007025149,0.023499938,0.017928015,0.001453226,0.074617041,0.007510047,0.011871193,0.031735863,0.018653893,0.003633799,0.011628744,0.011628744,0.001210776,0.00339135,0.004361146,0.018653893,0.074617041,0.018653893,0.037307786,0.093270933,0.093270933,0.931736597,0.018653893,0.018653893,0.018653893,0.018653893,0.007510047,0.005571923,0.001938124,0.001938124,0.018653893
PMix-MFG-128-PURE-Activity-QC-F4,F4,Sample,PMix AR-950 QC,3.5,8,20,2,2,0,0,50,100,1,1,1,0.02,2,0.3,2000,1.8,3.206521739,1705168,1/27/2026 0:00,ext,M,PMix-MFG-128-PURE-Activity-QC,Unknown,Unknown,Unknown,Unknown,Unknown,Unknown,Unknown,Unknown,Unknown,Unknown,Unknown,Unknown,AR-901,Unknown,Unknown,Unknown,AR-889,AR-904,AR-950,10,TRUE,0.414436193,5.083091812,0.7679099,0.000664829,4.288898687,AR-895,Cytation5,deGFP,MFG,0,0.13033627,0.003633799,0.040941584,0.015020094,0.002180573,0.007025149,0.023499938,0.017928015,0.001453226,0.074617041,0.007510047,0.011871193,0.031735863,0.018653893,0.003633799,0.011628744,0.011628744,0.001210776,0.00339135,0.004361146,0.018653893,0.074617041,0.018653893,0.037307786,0.093270933,0.093270933,0.931736597,0.018653893,0.018653893,0.018653893,0.018653893,0.007510047,0.005571923,0.001938124,0.001938124,0.018653893
PMix-MFG-128-PURE-Activity-QC-F8,F8,Positive Control,Positive Control,3.5,8,20,2,2,0,0,50,100,1,1,1,0.02,2,0.3,2000,1.8,3.089005236,1705168,1/27/2026 0:00,ext,M,PMix-MFG-128-PURE-Activity-QC,NEB Sol A,NEB Sol A,NEB Sol A,NEB Sol A,NEB Sol A,NEB Sol A,NEB Sol A,NEB Sol A,NEB Sol A,NEB Sol A,NEB Sol A,NEB Sol A,NEB Sol B,Unknown,NEB Sol A,NEB Sol A,AR-931,NEB Sol B,NEB Sol B,10,TRUE,0.770755544,2.302234621,1.141856879,0.009635279,6.009166667,NEB Sol A,Cytation5,plamGFP,MFG,0,0.13033627,0.003633799,0.040941584,0.015020094,0.002180573,0.007025149,0.023499938,0.017928015,0.001453226,0.074617041,0.007510047,0.011871193,0.031735863,0.018653893,0.003633799,0.011628744,0.011628744,0.001210776,0.00339135,0.004361146,0.018653893,0.074617041,0.018653893,0.037307786,0.093270933,0.093270933,0.931736597,0.018653893,0.018653893,0.018653893,0.018653893,0.007510047,0.005571923,0.001938124,0.001938124,0.018653893
MFG-129-tRNA-PURE-Activity-QC-B10,B10,Sample,AR-955 tRNA QC,3.5,8,20,2,2,0,0,50,100,1,1,1,0.02,2,0.3,2000,1.8,3.206521739,1705168,1/30/2026 0:00,ext,M,MFG-129-tRNA-PURE-Activity-QC,Unknown,Unknown,Unknown,Unknown,Unknown,Unknown,Unknown,Unknown,Unknown,Unknown,Unknown,Unknown,AR-955,Unknown,Unknown,Unknown,AR-889,AR-904,AR-931,10,TRUE,0.608262006,3.342916493,0.774122955,0.005108042,4.155096592,AR-895,Cytation5,deGFP,MFG,0,0.13033627,0.003633799,0.040941584,0.015020094,0.002180573,0.007025149,0.023499938,0.017928015,0.001453226,0.074617041,0.007510047,0.011871193,0.031735863,0.018653893,0.003633799,0.011628744,0.011628744,0.001210776,0.00339135,0.004361146,0.018653893,0.074617041,0.018653893,0.037307786,0.093270933,0.093270933,0.931736597,0.018653893,0.018653893,0.018653893,0.018653893,0.007510047,0.005571923,0.001938124,0.001938124,0.018653893
MFG-129-tRNA-PURE-Activity-QC-B12,B12,Sample,AR-956 tRNA QC,3.5,8,20,2,2,0,0,50,100,1,1,1,0.02,2,0.3,2000,1.8,3.206521739,1705168,1/30/2026 0:00,ext,M,MFG-129-tRNA-PURE-Activity-QC,Unknown,Unknown,Unknown,Unknown,Unknown,Unknown,Unknown,Unknown,Unknown,Unknown,Unknown,Unknown,AR-956,Unknown,Unknown,Unknown,AR-889,AR-904,AR-931,10,TRUE,0.676413625,3.265152354,0.755360703,0.00616427,6.015555556,AR-895,Cytation5,deGFP,MFG,0,0.13033627,0.003633799,0.040941584,0.015020094,0.002180573,0.007025149,0.023499938,0.017928015,0.001453226,0.074617041,0.007510047,0.011871193,0.031735863,0.018653893,0.003633799,0.011628744,0.011628744,0.001210776,0.00339135,0.004361146,0.018653893,0.074617041,0.018653893,0.037307786,0.093270933,0.093270933,0.931736597,0.018653893,0.018653893,0.018653893,0.018653893,0.007510047,0.005571923,0.001938124,0.001938124,0.018653893
MFG-129-tRNA-PURE-Activity-QC-B14,B14,Sample,AR-957 tRNA QC,3.5,8,20,2,2,0,0,50,100,1,1,1,0.02,2,0.3,2000,1.8,3.206521739,1705168,1/30/2026 0:00,ext,M,MFG-129-tRNA-PURE-Activity-QC,Unknown,Unknown,Unknown,Unknown,Unknown,Unknown,Unknown,Unknown,Unknown,Unknown,Unknown,Unknown,AR-957,Unknown,Unknown,Unknown,AR-889,AR-904,AR-931,10,TRUE,0.730387108,3.312974676,0.766116399,0.006625444,6.015555556,AR-895,Cytation5,deGFP,MFG,0,0.13033627,0.003633799,0.040941584,0.015020094,0.002180573,0.007025149,0.023499938,0.017928015,0.001453226,0.074617041,0.007510047,0.011871193,0.031735863,0.018653893,0.003633799,0.011628744,0.011628744,0.001210776,0.00339135,0.004361146,0.018653893,0.074617041,0.018653893,0.037307786,0.093270933,0.093270933,0.931736597,0.018653893,0.018653893,0.018653893,0.018653893,0.007510047,0.005571923,0.001938124,0.001938124,0.018653893
MFG-129-tRNA-PURE-Activity-QC-B18,B18,Positive Control,Positive Control,3.5,8,20,2,2,0,0,50,100,1,1,1,0.02,2,0.3,2000,1.8,3.089005236,1705168,1/30/2026 0:00,ext,M,MFG-129-tRNA-PURE-Activity-QC,NEB Sol A,NEB Sol A,NEB Sol A,NEB Sol A,NEB Sol A,NEB Sol A,NEB Sol A,NEB Sol A,NEB Sol A,NEB Sol A,NEB Sol A,NEB Sol A,NEB Sol B,Unknown,NEB Sol A,NEB Sol A,AR-931,NEB Sol B,NEB Sol B,10,TRUE,0.755410721,2.207323332,1.047281813,0.010251774,6.015555556,NEB Sol A,Cytation5,plamGFP,MFG,0,0.13033627,0.003633799,0.040941584,0.015020094,0.002180573,0.007025149,0.023499938,0.017928015,0.001453226,0.074617041,0.007510047,0.011871193,0.031735863,0.018653893,0.003633799,0.011628744,0.011628744,0.001210776,0.00339135,0.004361146,0.018653893,0.074617041,0.018653893,0.037307786,0.093270933,0.093270933,0.931736597,0.018653893,0.018653893,0.018653893,0.018653893,0.007510047,0.005571923,0.001938124,0.001938124,0.018653893
MFG-129-tRNA-PURE-Activity-QC-D10,D10,Sample,AR-955 tRNA QC,3.5,8,20,2,2,0,0,50,100,1,1,1,0.02,2,0.3,2000,1.8,3.206521739,1705168,1/30/2026 0:00,ext,M,MFG-129-tRNA-PURE-Activity-QC,Unknown,Unknown,Unknown,Unknown,Unknown,Unknown,Unknown,Unknown,Unknown,Unknown,Unknown,Unknown,AR-955,Unknown,Unknown,Unknown,AR-889,AR-904,AR-931,10,TRUE,0.581451899,3.293802539,0.746128639,0.00525445,6.015555556,AR-895,Cytation5,deGFP,MFG,0,0.13033627,0.003633799,0.040941584,0.015020094,0.002180573,0.007025149,0.023499938,0.017928015,0.001453226,0.074617041,0.007510047,0.011871193,0.031735863,0.018653893,0.003633799,0.011628744,0.011628744,0.001210776,0.00339135,0.004361146,0.018653893,0.074617041,0.018653893,0.037307786,0.093270933,0.093270933,0.931736597,0.018653893,0.018653893,0.018653893,0.018653893,0.007510047,0.005571923,0.001938124,0.001938124,0.018653893
MFG-129-tRNA-PURE-Activity-QC-D12,D12,Sample,AR-956 tRNA QC,3.5,8,20,2,2,0,0,50,100,1,1,1,0.02,2,0.3,2000,1.8,3.206521739,1705168,1/30/2026 0:00,ext,M,MFG-129-tRNA-PURE-Activity-QC,Unknown,Unknown,Unknown,Unknown,Unknown,Unknown,Unknown,Unknown,Unknown,Unknown,Unknown,Unknown,AR-956,Unknown,Unknown,Unknown,AR-889,AR-904,AR-931,10,TRUE,0.615604443,3.272889104,0.745198037,0.00598455,6.015555556,AR-895,Cytation5,deGFP,MFG,0,0.13033627,0.003633799,0.040941584,0.015020094,0.002180573,0.007025149,0.023499938,0.017928015,0.001453226,0.074617041,0.007510047,0.011871193,0.031735863,0.018653893,0.003633799,0.011628744,0.011628744,0.001210776,0.00339135,0.004361146,0.018653893,0.074617041,0.018653893,0.037307786,0.093270933,0.093270933,0.931736597,0.018653893,0.018653893,0.018653893,0.018653893,0.007510047,0.005571923,0.001938124,0.001938124,0.018653893
MFG-129-tRNA-PURE-Activity-QC-D14,D14,Sample,AR-957 tRNA QC,3.5,8,20,2,2,0,0,50,100,1,1,1,0.02,2,0.3,2000,1.8,3.206521739,1705168,1/30/2026 0:00,ext,M,MFG-129-tRNA-PURE-Activity-QC,Unknown,Unknown,Unknown,Unknown,Unknown,Unknown,Unknown,Unknown,Unknown,Unknown,Unknown,Unknown,AR-957,Unknown,Unknown,Unknown,AR-889,AR-904,AR-931,10,TRUE,0.697119641,3.348459278,0.74561642,0.006919721,6.015555556,AR-895,Cytation5,deGFP,MFG,0,0.13033627,0.003633799,0.040941584,0.015020094,0.002180573,0.007025149,0.023499938,0.017928015,0.001453226,0.074617041,0.007510047,0.011871193,0.031735863,0.018653893,0.003633799,0.011628744,0.011628744,0.001210776,0.00339135,0.004361146,0.018653893,0.074617041,0.018653893,0.037307786,0.093270933,0.093270933,0.931736597,0.018653893,0.018653893,0.018653893,0.018653893,0.007510047,0.005571923,0.001938124,0.001938124,0.018653893
MFG-129-tRNA-PURE-Activity-QC-D18,D18,Positive Control,Positive Control,3.5,8,20,2,2,0,0,50,100,1,1,1,0.02,2,0.3,2000,1.8,3.089005236,1705168,1/30/2026 0:00,ext,M,MFG-129-tRNA-PURE-Activity-QC,NEB Sol A,NEB Sol A,NEB Sol A,NEB Sol A,NEB Sol A,NEB Sol A,NEB Sol A,NEB Sol A,NEB Sol A,NEB Sol A,NEB Sol A,NEB Sol A,NEB Sol B,Unknown,NEB Sol A,NEB Sol A,AR-931,NEB Sol B,NEB Sol B,10,TRUE,0.789744093,2.248626701,1.021513321,0.010442722,6.015555556,NEB Sol A,Cytation5,plamGFP,MFG,0,0.13033627,0.003633799,0.040941584,0.015020094,0.002180573,0.007025149,0.023499938,0.017928015,0.001453226,0.074617041,0.007510047,0.011871193,0.031735863,0.018653893,0.003633799,0.011628744,0.011628744,0.001210776,0.00339135,0.004361146,0.018653893,0.074617041,0.018653893,0.037307786,0.093270933,0.093270933,0.931736597,0.018653893,0.018653893,0.018653893,0.018653893,0.007510047,0.005571923,0.001938124,0.001938124,0.018653893
MFG-129-tRNA-PURE-Activity-QC-F10,F10,Sample,AR-955 tRNA QC,3.5,8,20,2,2,0,0,50,100,1,1,1,0.02,2,0.3,2000,1.8,3.206521739,1705168,1/30/2026 0:00,ext,M,MFG-129-tRNA-PURE-Activity-QC,Unknown,Unknown,Unknown,Unknown,Unknown,Unknown,Unknown,Unknown,Unknown,Unknown,Unknown,Unknown,AR-955,Unknown,Unknown,Unknown,AR-889,AR-904,AR-931,10,TRUE,0.560451438,3.474391741,0.73810448,0.00458027,4.179738092,AR-895,Cytation5,deGFP,MFG,0,0.13033627,0.003633799,0.040941584,0.015020094,0.002180573,0.007025149,0.023499938,0.017928015,0.001453226,0.074617041,0.007510047,0.011871193,0.031735863,0.018653893,0.003633799,0.011628744,0.011628744,0.001210776,0.00339135,0.004361146,0.018653893,0.074617041,0.018653893,0.037307786,0.093270933,0.093270933,0.931736597,0.018653893,0.018653893,0.018653893,0.018653893,0.007510047,0.005571923,0.001938124,0.001938124,0.018653893
MFG-129-tRNA-PURE-Activity-QC-F12,F12,Sample,AR-956 tRNA QC,3.5,8,20,2,2,0,0,50,100,1,1,1,0.02,2,0.3,2000,1.8,3.206521739,1705168,1/30/2026 0:00,ext,M,MFG-129-tRNA-PURE-Activity-QC,Unknown,Unknown,Unknown,Unknown,Unknown,Unknown,Unknown,Unknown,Unknown,Unknown,Unknown,Unknown,AR-956,Unknown,Unknown,Unknown,AR-889,AR-904,AR-931,10,TRUE,0.624902552,3.397892929,0.728061633,0.005654581,6.015555556,AR-895,Cytation5,deGFP,MFG,0,0.13033627,0.003633799,0.040941584,0.015020094,0.002180573,0.007025149,0.023499938,0.017928015,0.001453226,0.074617041,0.007510047,0.011871193,0.031735863,0.018653893,0.003633799,0.011628744,0.011628744,0.001210776,0.00339135,0.004361146,0.018653893,0.074617041,0.018653893,0.037307786,0.093270933,0.093270933,0.931736597,0.018653893,0.018653893,0.018653893,0.018653893,0.007510047,0.005571923,0.001938124,0.001938124,0.018653893
MFG-129-tRNA-PURE-Activity-QC-F14,F14,Sample,AR-957 tRNA QC,3.5,8,20,2,2,0,0,50,100,1,1,1,0.02,2,0.3,2000,1.8,3.206521739,1705168,1/30/2026 0:00,ext,M,MFG-129-tRNA-PURE-Activity-QC,Unknown,Unknown,Unknown,Unknown,Unknown,Unknown,Unknown,Unknown,Unknown,Unknown,Unknown,Unknown,AR-957,Unknown,Unknown,Unknown,AR-889,AR-904,AR-931,10,TRUE,0.656767773,3.46821632,0.719014436,0.006361203,6.015555556,AR-895,Cytation5,deGFP,MFG,0,0.13033627,0.003633799,0.040941584,0.015020094,0.002180573,0.007025149,0.023499938,0.017928015,0.001453226,0.074617041,0.007510047,0.011871193,0.031735863,0.018653893,0.003633799,0.011628744,0.011628744,0.001210776,0.00339135,0.004361146,0.018653893,0.074617041,0.018653893,0.037307786,0.093270933,0.093270933,0.931736597,0.018653893,0.018653893,0.018653893,0.018653893,0.007510047,0.005571923,0.001938124,0.001938124,0.018653893
MFG-129-tRNA-PURE-Activity-QC-F18,F18,Positive Control,Positive Control,3.5,8,20,2,2,0,0,50,100,1,1,1,0.02,2,0.3,2000,1.8,3.089005236,1705168,1/30/2026 0:00,ext,M,MFG-129-tRNA-PURE-Activity-QC,NEB Sol A,NEB Sol A,NEB Sol A,NEB Sol A,NEB Sol A,NEB Sol A,NEB Sol A,NEB Sol A,NEB Sol A,NEB Sol A,NEB Sol A,NEB Sol A,NEB Sol B,Unknown,NEB Sol A,NEB Sol A,AR-931,NEB Sol B,NEB Sol B,10,TRUE,0.745658179,2.222092466,1.012149126,0.009519257,5.495331001,NEB Sol A,Cytation5,plamGFP,MFG,0,0.13033627,0.003633799,0.040941584,0.015020094,0.002180573,0.007025149,0.023499938,0.017928015,0.001453226,0.074617041,0.007510047,0.011871193,0.031735863,0.018653893,0.003633799,0.011628744,0.011628744,0.001210776,0.00339135,0.004361146,0.018653893,0.074617041,0.018653893,0.037307786,0.093270933,0.093270933,0.931736597,0.018653893,0.018653893,0.018653893,0.018653893,0.007510047,0.005571923,0.001938124,0.001938124,0.018653893
MFG-132-Ribosome-PURE-Activity-QC-B18,B18,Positive Control,Positive Control,3.5,8,20,2,2,0,0,50,100,1,1,1,0.02,2,0.3,2000,1.8,3.089005236,1705168,1/30/2026 0:00,ext,M,MFG-132-Ribosome-PURE-Activity-QC,NEB Sol A,NEB Sol A,NEB Sol A,NEB Sol A,NEB Sol A,NEB Sol A,NEB Sol A,NEB Sol A,NEB Sol A,NEB Sol A,NEB Sol A,NEB Sol A,NEB Sol B,Unknown,NEB Sol A,NEB Sol A,AR-931,NEB Sol B,NEB Sol B,10,TRUE,0.755410721,2.207323332,1.047281813,0.010251774,6.015555556,NEB Sol A,Cytation5,plamGFP,MFG,0,0.13033627,0.003633799,0.040941584,0.015020094,0.002180573,0.007025149,0.023499938,0.017928015,0.001453226,0.074617041,0.007510047,0.011871193,0.031735863,0.018653893,0.003633799,0.011628744,0.011628744,0.001210776,0.00339135,0.004361146,0.018653893,0.074617041,0.018653893,0.037307786,0.093270933,0.093270933,0.931736597,0.018653893,0.018653893,0.018653893,0.018653893,0.007510047,0.005571923,0.001938124,0.001938124,0.018653893
MFG-132-Ribosome-PURE-Activity-QC-B2,B2,Sample,Ribosome-AR-964-QC,3.5,8,20,2,2,0,0,50,100,1,1,1,0.02,2,0.3,2000,1.8,3.206521739,1705168,1/30/2026 0:00,ext,M,MFG-132-Ribosome-PURE-Activity-QC,Unknown,Unknown,Unknown,Unknown,Unknown,Unknown,Unknown,Unknown,Unknown,Unknown,Unknown,Unknown,AR-901,Unknown,Unknown,Unknown,AR-889,AR-964,AR-931,10,TRUE,0.639560648,3.438404098,0.755655221,0.004535829,6.015555556,AR-895,Cytation5,deGFP,MFG,0,0.13033627,0.003633799,0.040941584,0.015020094,0.002180573,0.007025149,0.023499938,0.017928015,0.001453226,0.074617041,0.007510047,0.011871193,0.031735863,0.018653893,0.003633799,0.011628744,0.011628744,0.001210776,0.00339135,0.004361146,0.018653893,0.074617041,0.018653893,0.037307786,0.093270933,0.093270933,0.931736597,0.018653893,0.018653893,0.018653893,0.018653893,0.007510047,0.005571923,0.001938124,0.001938124,0.018653893
MFG-132-Ribosome-PURE-Activity-QC-B4,B4,Sample,Ribosome-AR-965-QC,3.5,8,20,2,2,0,0,50,100,1,1,1,0.02,2,0.3,2000,1.8,3.206521739,1705168,1/30/2026 0:00,ext,M,MFG-132-Ribosome-PURE-Activity-QC,Unknown,Unknown,Unknown,Unknown,Unknown,Unknown,Unknown,Unknown,Unknown,Unknown,Unknown,Unknown,AR-901,Unknown,Unknown,Unknown,AR-889,AR-965,AR-931,10,TRUE,0.726071059,3.346023898,0.737562962,0.006800567,6.015555556,AR-895,Cytation5,deGFP,MFG,0,0.13033627,0.003633799,0.040941584,0.015020094,0.002180573,0.007025149,0.023499938,0.017928015,0.001453226,0.074617041,0.007510047,0.011871193,0.031735863,0.018653893,0.003633799,0.011628744,0.011628744,0.001210776,0.00339135,0.004361146,0.018653893,0.074617041,0.018653893,0.037307786,0.093270933,0.093270933,0.931736597,0.018653893,0.018653893,0.018653893,0.018653893,0.007510047,0.005571923,0.001938124,0.001938124,0.018653893
MFG-132-Ribosome-PURE-Activity-QC-B6,B6,Sample,Ribosome-AR-966-QC,3.5,8,20,2,2,0,0,50,100,1,1,1,0.02,2,0.3,2000,1.8,3.206521739,1705168,1/30/2026 0:00,ext,M,MFG-132-Ribosome-PURE-Activity-QC,Unknown,Unknown,Unknown,Unknown,Unknown,Unknown,Unknown,Unknown,Unknown,Unknown,Unknown,Unknown,AR-901,Unknown,Unknown,Unknown,AR-889,AR-966,AR-931,10,TRUE,0.511109185,4.421617627,0.585782799,0.003596351,6.015555556,AR-895,Cytation5,deGFP,MFG,0,0.13033627,0.003633799,0.040941584,0.015020094,0.002180573,0.007025149,0.023499938,0.017928015,0.001453226,0.074617041,0.007510047,0.011871193,0.031735863,0.018653893,0.003633799,0.011628744,0.011628744,0.001210776,0.00339135,0.004361146,0.018653893,0.074617041,0.018653893,0.037307786,0.093270933,0.093270933,0.931736597,0.018653893,0.018653893,0.018653893,0.018653893,0.007510047,0.005571923,0.001938124,0.001938124,0.018653893
MFG-132-Ribosome-PURE-Activity-QC-D18,D18,Positive Control,Positive Control,3.5,8,20,2,2,0,0,50,100,1,1,1,0.02,2,0.3,2000,1.8,3.089005236,1705168,1/30/2026 0:00,ext,M,MFG-132-Ribosome-PURE-Activity-QC,NEB Sol A,NEB Sol A,NEB Sol A,NEB Sol A,NEB Sol A,NEB Sol A,NEB Sol A,NEB Sol A,NEB Sol A,NEB Sol A,NEB Sol A,NEB Sol A,NEB Sol B,Unknown,NEB Sol A,NEB Sol A,AR-931,NEB Sol B,NEB Sol B,10,TRUE,0.789744093,2.248626701,1.021513321,0.010442722,6.015555556,NEB Sol A,Cytation5,plamGFP,MFG,0,0.13033627,0.003633799,0.040941584,0.015020094,0.002180573,0.007025149,0.023499938,0.017928015,0.001453226,0.074617041,0.007510047,0.011871193,0.031735863,0.018653893,0.003633799,0.011628744,0.011628744,0.001210776,0.00339135,0.004361146,0.018653893,0.074617041,0.018653893,0.037307786,0.093270933,0.093270933,0.931736597,0.018653893,0.018653893,0.018653893,0.018653893,0.007510047,0.005571923,0.001938124,0.001938124,0.018653893
MFG-132-Ribosome-PURE-Activity-QC-D2,D2,Sample,Ribosome-AR-964-QC,3.5,8,20,2,2,0,0,50,100,1,1,1,0.02,2,0.3,2000,1.8,3.206521739,1705168,1/30/2026 0:00,ext,M,MFG-132-Ribosome-PURE-Activity-QC,Unknown,Unknown,Unknown,Unknown,Unknown,Unknown,Unknown,Unknown,Unknown,Unknown,Unknown,Unknown,AR-901,Unknown,Unknown,Unknown,AR-889,AR-964,AR-931,10,TRUE,0.733939993,3.360504946,0.736279999,0.006529284,6.015555556,AR-895,Cytation5,deGFP,MFG,0,0.13033627,0.003633799,0.040941584,0.015020094,0.002180573,0.007025149,0.023499938,0.017928015,0.001453226,0.074617041,0.007510047,0.011871193,0.031735863,0.018653893,0.003633799,0.011628744,0.011628744,0.001210776,0.00339135,0.004361146,0.018653893,0.074617041,0.018653893,0.037307786,0.093270933,0.093270933,0.931736597,0.018653893,0.018653893,0.018653893,0.018653893,0.007510047,0.005571923,0.001938124,0.001938124,0.018653893
MFG-132-Ribosome-PURE-Activity-QC-D4,D4,Sample,Ribosome-AR-965-QC,3.5,8,20,2,2,0,0,50,100,1,1,1,0.02,2,0.3,2000,1.8,3.206521739,1705168,1/30/2026 0:00,ext,M,MFG-132-Ribosome-PURE-Activity-QC,Unknown,Unknown,Unknown,Unknown,Unknown,Unknown,Unknown,Unknown,Unknown,Unknown,Unknown,Unknown,AR-901,Unknown,Unknown,Unknown,AR-889,AR-965,AR-931,10,TRUE,0.778325703,3.341727641,0.726484154,0.006830709,6.015555556,AR-895,Cytation5,deGFP,MFG,0,0.13033627,0.003633799,0.040941584,0.015020094,0.002180573,0.007025149,0.023499938,0.017928015,0.001453226,0.074617041,0.007510047,0.011871193,0.031735863,0.018653893,0.003633799,0.011628744,0.011628744,0.001210776,0.00339135,0.004361146,0.018653893,0.074617041,0.018653893,0.037307786,0.093270933,0.093270933,0.931736597,0.018653893,0.018653893,0.018653893,0.018653893,0.007510047,0.005571923,0.001938124,0.001938124,0.018653893
MFG-132-Ribosome-PURE-Activity-QC-D6,D6,Sample,Ribosome-AR-966-QC,3.5,8,20,2,2,0,0,50,100,1,1,1,0.02,2,0.3,2000,1.8,3.206521739,1705168,1/30/2026 0:00,ext,M,MFG-132-Ribosome-PURE-Activity-QC,Unknown,Unknown,Unknown,Unknown,Unknown,Unknown,Unknown,Unknown,Unknown,Unknown,Unknown,Unknown,AR-901,Unknown,Unknown,Unknown,AR-889,AR-966,AR-931,10,TRUE,0.493752393,4.346037858,0.584765009,0.00363096,6.015555556,AR-895,Cytation5,deGFP,MFG,0,0.13033627,0.003633799,0.040941584,0.015020094,0.002180573,0.007025149,0.023499938,0.017928015,0.001453226,0.074617041,0.007510047,0.011871193,0.031735863,0.018653893,0.003633799,0.011628744,0.011628744,0.001210776,0.00339135,0.004361146,0.018653893,0.074617041,0.018653893,0.037307786,0.093270933,0.093270933,0.931736597,0.018653893,0.018653893,0.018653893,0.018653893,0.007510047,0.005571923,0.001938124,0.001938124,0.018653893
MFG-132-Ribosome-PURE-Activity-QC-F18,F18,Positive Control,Positive Control,3.5,8,20,2,2,0,0,50,100,1,1,1,0.02,2,0.3,2000,1.8,3.089005236,1705168,1/30/2026 0:00,ext,M,MFG-132-Ribosome-PURE-Activity-QC,NEB Sol A,NEB Sol A,NEB Sol A,NEB Sol A,NEB Sol A,NEB Sol A,NEB Sol A,NEB Sol A,NEB Sol A,NEB Sol A,NEB Sol A,NEB Sol A,NEB Sol B,Unknown,NEB Sol A,NEB Sol A,AR-931,NEB Sol B,NEB Sol B,10,TRUE,0.745658179,2.222092466,1.012149126,0.009519257,5.495331001,NEB Sol A,Cytation5,plamGFP,MFG,0,0.13033627,0.003633799,0.040941584,0.015020094,0.002180573,0.007025149,0.023499938,0.017928015,0.001453226,0.074617041,0.007510047,0.011871193,0.031735863,0.018653893,0.003633799,0.011628744,0.011628744,0.001210776,0.00339135,0.004361146,0.018653893,0.074617041,0.018653893,0.037307786,0.093270933,0.093270933,0.931736597,0.018653893,0.018653893,0.018653893,0.018653893,0.007510047,0.005571923,0.001938124,0.001938124,0.018653893
MFG-132-Ribosome-PURE-Activity-QC-F2,F2,Sample,Ribosome-AR-964-QC,3.5,8,20,2,2,0,0,50,100,1,1,1,0.02,2,0.3,2000,1.8,3.206521739,1705168,1/30/2026 0:00,ext,M,MFG-132-Ribosome-PURE-Activity-QC,Unknown,Unknown,Unknown,Unknown,Unknown,Unknown,Unknown,Unknown,Unknown,Unknown,Unknown,Unknown,AR-901,Unknown,Unknown,Unknown,AR-889,AR-964,AR-931,10,TRUE,0.755346183,3.505708033,0.735469197,0.005050967,5.54530994,AR-895,Cytation5,deGFP,MFG,0,0.13033627,0.003633799,0.040941584,0.015020094,0.002180573,0.007025149,0.023499938,0.017928015,0.001453226,0.074617041,0.007510047,0.011871193,0.031735863,0.018653893,0.003633799,0.011628744,0.011628744,0.001210776,0.00339135,0.004361146,0.018653893,0.074617041,0.018653893,0.037307786,0.093270933,0.093270933,0.931736597,0.018653893,0.018653893,0.018653893,0.018653893,0.007510047,0.005571923,0.001938124,0.001938124,0.018653893
MFG-132-Ribosome-PURE-Activity-QC-F4,F4,Sample,Ribosome-AR-965-QC,3.5,8,20,2,2,0,0,50,100,1,1,1,0.02,2,0.3,2000,1.8,3.206521739,1705168,1/30/2026 0:00,ext,M,MFG-132-Ribosome-PURE-Activity-QC,Unknown,Unknown,Unknown,Unknown,Unknown,Unknown,Unknown,Unknown,Unknown,Unknown,Unknown,Unknown,AR-901,Unknown,Unknown,Unknown,AR-889,AR-965,AR-931,10,TRUE,0.700036769,3.354009931,0.72299587,0.006203128,6.015555556,AR-895,Cytation5,deGFP,MFG,0,0.13033627,0.003633799,0.040941584,0.015020094,0.002180573,0.007025149,0.023499938,0.017928015,0.001453226,0.074617041,0.007510047,0.011871193,0.031735863,0.018653893,0.003633799,0.011628744,0.011628744,0.001210776,0.00339135,0.004361146,0.018653893,0.074617041,0.018653893,0.037307786,0.093270933,0.093270933,0.931736597,0.018653893,0.018653893,0.018653893,0.018653893,0.007510047,0.005571923,0.001938124,0.001938124,0.018653893
MFG-132-Ribosome-PURE-Activity-QC-F6,F6,Sample,Ribosome-AR-966-QC,3.5,8,20,2,2,0,0,50,100,1,1,1,0.02,2,0.3,2000,1.8,3.206521739,1705168,1/30/2026 0:00,ext,M,MFG-132-Ribosome-PURE-Activity-QC,Unknown,Unknown,Unknown,Unknown,Unknown,Unknown,Unknown,Unknown,Unknown,Unknown,Unknown,Unknown,AR-901,Unknown,Unknown,Unknown,AR-889,AR-966,AR-931,10,TRUE,0.433888214,4.200292297,0.625313678,0.002126606,4.231175693,AR-895,Cytation5,deGFP,MFG,0,0.13033627,0.003633799,0.040941584,0.015020094,0.002180573,0.007025149,0.023499938,0.017928015,0.001453226,0.074617041,0.007510047,0.011871193,0.031735863,0.018653893,0.003633799,0.011628744,0.011628744,0.001210776,0.00339135,0.004361146,0.018653893,0.074617041,0.018653893,0.037307786,0.093270933,0.093270933,0.931736597,0.018653893,0.018653893,0.018653893,0.018653893,0.007510047,0.005571923,0.001938124,0.001938124,0.018653893
Ribosome-MFG-147-AR-1011-1012-Activity-Assay-B12,B12,Positive Control,Positive Control,3.5,8,20,2,2,0,0,50,100,1,1,1,0.02,2,0.3,2000,1.8,3.016304348,1705168,2/25/2026 0:00,ext,M,Ribosome-MFG-147-AR-1011-1012-Activity-Assay,NEB Sol A,NEB Sol A,NEB Sol A,NEB Sol A,NEB Sol A,NEB Sol A,NEB Sol A,NEB Sol A,NEB Sol A,NEB Sol A,NEB Sol A,NEB Sol A,NEB Sol B,Unknown,NEB Sol A,NEB Sol A,SH pT7-deGFP,NEB Sol B,NEB Sol B,10,TRUE,1.40495518,2.886901847,0.972809646,0.012638108,6.011666667,NEB Sol A,Cytation5,deGFP,MFG,0,0.13033627,0.003633799,0.040941584,0.015020094,0.002180573,0.007025149,0.023499938,0.017928015,0.001453226,0.074617041,0.007510047,0.011871193,0.031735863,0.018653893,0.003633799,0.011628744,0.011628744,0.001210776,0.00339135,0.004361146,0.018653893,0.074617041,0.018653893,0.037307786,0.093270933,0.093270933,0.931736597,0.018653893,0.018653893,0.018653893,0.018653893,0.007510047,0.005571923,0.001938124,0.001938124,0.018653893
Ribosome-MFG-147-AR-1011-1012-Activity-Assay-B6,B6,Sample,Ribosome AR-1011,3.5,8,20,2,2,0,0,50,100,1,1,1,0.02,2,0.3,2000,1.8,3.016304348,1705168,2/25/2026 0:00,ext,M,Ribosome-MFG-147-AR-1011-1012-Activity-Assay,Unknown,Unknown,Unknown,Unknown,Unknown,Unknown,Unknown,Unknown,Unknown,Unknown,Unknown,Unknown,AR-957,Unknown,Unknown,Unknown,SH pT7-deGFP,AR-1011,AR-975,10,TRUE,1.167745185,3.783026378,0.725044727,0.010292794,5.751223107,AR-976,Cytation5,deGFP,MFG,0,0.13033627,0.003633799,0.040941584,0.015020094,0.002180573,0.007025149,0.023499938,0.017928015,0.001453226,0.074617041,0.007510047,0.011871193,0.031735863,0.018653893,0.003633799,0.011628744,0.011628744,0.001210776,0.00339135,0.004361146,0.018653893,0.074617041,0.018653893,0.037307786,0.093270933,0.093270933,0.931736597,0.018653893,0.018653893,0.018653893,0.018653893,0.007510047,0.005571923,0.001938124,0.001938124,0.018653893
Ribosome-MFG-147-AR-1011-1012-Activity-Assay-B8,B8,Sample,Ribosome AR-1012,3.5,8,20,2,2,0,0,50,100,1,1,1,0.02,2,0.3,2000,1.8,3.016304348,1705168,2/25/2026 0:00,ext,M,Ribosome-MFG-147-AR-1011-1012-Activity-Assay,Unknown,Unknown,Unknown,Unknown,Unknown,Unknown,Unknown,Unknown,Unknown,Unknown,Unknown,Unknown,AR-957,Unknown,Unknown,Unknown,SH pT7-deGFP,AR-1011,AR-975,10,TRUE,1.169247331,3.73371424,0.733714979,0.011047225,6.011666667,AR-976,Cytation5,deGFP,MFG,0,0.13033627,0.003633799,0.040941584,0.015020094,0.002180573,0.007025149,0.023499938,0.017928015,0.001453226,0.074617041,0.007510047,0.011871193,0.031735863,0.018653893,0.003633799,0.011628744,0.011628744,0.001210776,0.00339135,0.004361146,0.018653893,0.074617041,0.018653893,0.037307786,0.093270933,0.093270933,0.931736597,0.018653893,0.018653893,0.018653893,0.018653893,0.007510047,0.005571923,0.001938124,0.001938124,0.018653893
Ribosome-MFG-147-AR-1011-1012-Activity-Assay-D12,D12,Positive Control,Positive Control,3.5,8,20,2,2,0,0,50,100,1,1,1,0.02,2,0.3,2000,1.8,3.016304348,1705168,2/25/2026 0:00,ext,M,Ribosome-MFG-147-AR-1011-1012-Activity-Assay,NEB Sol A,NEB Sol A,NEB Sol A,NEB Sol A,NEB Sol A,NEB Sol A,NEB Sol A,NEB Sol A,NEB Sol A,NEB Sol A,NEB Sol A,NEB Sol A,NEB Sol B,Unknown,NEB Sol A,NEB Sol A,SH pT7-deGFP,NEB Sol B,NEB Sol B,10,TRUE,1.41062793,2.763274381,0.968716127,0.015659625,5.782768605,NEB Sol A,Cytation5,deGFP,MFG,0,0.13033627,0.003633799,0.040941584,0.015020094,0.002180573,0.007025149,0.023499938,0.017928015,0.001453226,0.074617041,0.007510047,0.011871193,0.031735863,0.018653893,0.003633799,0.011628744,0.011628744,0.001210776,0.00339135,0.004361146,0.018653893,0.074617041,0.018653893,0.037307786,0.093270933,0.093270933,0.931736597,0.018653893,0.018653893,0.018653893,0.018653893,0.007510047,0.005571923,0.001938124,0.001938124,0.018653893
Ribosome-MFG-147-AR-1011-1012-Activity-Assay-D6,D6,Sample,Ribosome AR-1011,3.5,8,20,2,2,0,0,50,100,1,1,1,0.02,2,0.3,2000,1.8,3.016304348,1705168,2/25/2026 0:00,ext,M,Ribosome-MFG-147-AR-1011-1012-Activity-Assay,Unknown,Unknown,Unknown,Unknown,Unknown,Unknown,Unknown,Unknown,Unknown,Unknown,Unknown,Unknown,AR-957,Unknown,Unknown,Unknown,SH pT7-deGFP,AR-1011,AR-975,10,TRUE,1.187442997,4.050942015,0.713590386,0.009281029,6.011666667,AR-976,Cytation5,deGFP,MFG,0,0.13033627,0.003633799,0.040941584,0.015020094,0.002180573,0.007025149,0.023499938,0.017928015,0.001453226,0.074617041,0.007510047,0.011871193,0.031735863,0.018653893,0.003633799,0.011628744,0.011628744,0.001210776,0.00339135,0.004361146,0.018653893,0.074617041,0.018653893,0.037307786,0.093270933,0.093270933,0.931736597,0.018653893,0.018653893,0.018653893,0.018653893,0.007510047,0.005571923,0.001938124,0.001938124,0.018653893
Ribosome-MFG-147-AR-1011-1012-Activity-Assay-D8,D8,Sample,Ribosome AR-1012,3.5,8,20,2,2,0,0,50,100,1,1,1,0.02,2,0.3,2000,1.8,3.016304348,1705168,2/25/2026 0:00,ext,M,Ribosome-MFG-147-AR-1011-1012-Activity-Assay,Unknown,Unknown,Unknown,Unknown,Unknown,Unknown,Unknown,Unknown,Unknown,Unknown,Unknown,Unknown,AR-957,Unknown,Unknown,Unknown,SH pT7-deGFP,AR-1011,AR-975,10,TRUE,1.129438547,3.655196309,0.739854207,0.011261146,6.011666667,AR-976,Cytation5,deGFP,MFG,0,0.13033627,0.003633799,0.040941584,0.015020094,0.002180573,0.007025149,0.023499938,0.017928015,0.001453226,0.074617041,0.007510047,0.011871193,0.031735863,0.018653893,0.003633799,0.011628744,0.011628744,0.001210776,0.00339135,0.004361146,0.018653893,0.074617041,0.018653893,0.037307786,0.093270933,0.093270933,0.931736597,0.018653893,0.018653893,0.018653893,0.018653893,0.007510047,0.005571923,0.001938124,0.001938124,0.018653893
Ribosome-MFG-147-AR-1011-1012-Activity-Assay-F12,F12,Positive Control,Positive Control,3.5,8,20,2,2,0,0,50,100,1,1,1,0.02,2,0.3,2000,1.8,3.016304348,1705168,2/25/2026 0:00,ext,M,Ribosome-MFG-147-AR-1011-1012-Activity-Assay,NEB Sol A,NEB Sol A,NEB Sol A,NEB Sol A,NEB Sol A,NEB Sol A,NEB Sol A,NEB Sol A,NEB Sol A,NEB Sol A,NEB Sol A,NEB Sol A,NEB Sol B,Unknown,NEB Sol A,NEB Sol A,SH pT7-deGFP,NEB Sol B,NEB Sol B,10,TRUE,1.205017129,2.516083181,1.00951585,0.015030874,6.011666667,NEB Sol A,Cytation5,deGFP,MFG,0,0.13033627,0.003633799,0.040941584,0.015020094,0.002180573,0.007025149,0.023499938,0.017928015,0.001453226,0.074617041,0.007510047,0.011871193,0.031735863,0.018653893,0.003633799,0.011628744,0.011628744,0.001210776,0.00339135,0.004361146,0.018653893,0.074617041,0.018653893,0.037307786,0.093270933,0.093270933,0.931736597,0.018653893,0.018653893,0.018653893,0.018653893,0.007510047,0.005571923,0.001938124,0.001938124,0.018653893
Ribosome-MFG-147-AR-1011-1012-Activity-Assay-F6,F6,Sample,Ribosome AR-1011,3.5,8,20,2,2,0,0,50,100,1,1,1,0.02,2,0.3,2000,1.8,3.016304348,1705168,2/25/2026 0:00,ext,M,Ribosome-MFG-147-AR-1011-1012-Activity-Assay,Unknown,Unknown,Unknown,Unknown,Unknown,Unknown,Unknown,Unknown,Unknown,Unknown,Unknown,Unknown,AR-957,Unknown,Unknown,Unknown,SH pT7-deGFP,AR-1011,AR-975,10,TRUE,1.154268053,3.826140676,0.720404223,0.010467353,6.011666667,AR-976,Cytation5,deGFP,MFG,0,0.13033627,0.003633799,0.040941584,0.015020094,0.002180573,0.007025149,0.023499938,0.017928015,0.001453226,0.074617041,0.007510047,0.011871193,0.031735863,0.018653893,0.003633799,0.011628744,0.011628744,0.001210776,0.00339135,0.004361146,0.018653893,0.074617041,0.018653893,0.037307786,0.093270933,0.093270933,0.931736597,0.018653893,0.018653893,0.018653893,0.018653893,0.007510047,0.005571923,0.001938124,0.001938124,0.018653893
Ribosome-MFG-147-AR-1011-1012-Activity-Assay-F8,F8,Sample,Ribosome AR-1012,3.5,8,20,2,2,0,0,50,100,1,1,1,0.02,2,0.3,2000,1.8,3.016304348,1705168,2/25/2026 0:00,ext,M,Ribosome-MFG-147-AR-1011-1012-Activity-Assay,Unknown,Unknown,Unknown,Unknown,Unknown,Unknown,Unknown,Unknown,Unknown,Unknown,Unknown,Unknown,AR-957,Unknown,Unknown,Unknown,SH pT7-deGFP,AR-1011,AR-975,10,TRUE,1.150303541,3.455535401,0.745857606,0.012823444,6.011666667,AR-976,Cytation5,deGFP,MFG,0,0.13033627,0.003633799,0.040941584,0.015020094,0.002180573,0.007025149,0.023499938,0.017928015,0.001453226,0.074617041,0.007510047,0.011871193,0.031735863,0.018653893,0.003633799,0.011628744,0.011628744,0.001210776,0.00339135,0.004361146,0.018653893,0.074617041,0.018653893,0.037307786,0.093270933,0.093270933,0.931736597,0.018653893,0.018653893,0.018653893,0.018653893,0.007510047,0.005571923,0.001938124,0.001938124,0.018653893
20260309-DiscoveryPlate-R1-G10,G10,Sample,DiscoveryPlate-R1-G10,3.5,24.969,100,2,2,0,0,50,60,1,1,1,0.02,2,0.3,2000.000003,1.799999951,2.996187423,1705168,3/9/2026 0:00,ext,M,20260309-DiscoveryPlate-R1,AR-977,AR-954,AR-953,AR-970,AR-971,AR-972,AR-973,AR-702,Unknown,AR-959,AR-967,AR-969,AR-902,Unknown,Unknown,Unknown,AR-854,AR-905,AR-975,10,TRUE,0.015244053,3.976068718,0.921536682,0.00010276,4.211113475,20260309-DiscoveryPlate-R1-SMS,Cytation5,deGFP,Labcraft,0,0.141197629,0.003936616,0.044353384,0.016271769,0.002362288,0.007610578,0.025458266,0.019422016,0.001574328,0.080835129,0.008135884,0.01286046,0.034380519,0.020208384,0.003936616,0.012597807,0.012597807,0.001311675,0.003673962,0.004724575,0.020208384,0.080835129,0.020208384,0.040416769,0.101043514,0.101043514,1.00938134,0.020208384,0.020208384,0.020208384,0.020208384,0.008135884,0.00603625,0.002099634,0.002099634,0.020208384
20260309-DiscoveryPlate-R1-G11,G11,Sample,DiscoveryPlate-R1-G11,3.5,12.469,49,2,2,0,0,50,72.5,1,1,1,0.02,2,0.3,2000.000003,1.799999951,2.996187423,1705168,3/9/2026 0:00,ext,M,20260309-DiscoveryPlate-R1,AR-977,AR-954,AR-953,AR-970,AR-971,AR-972,AR-973,AR-702,Unknown,AR-959,AR-967,AR-969,AR-902,Unknown,Unknown,Unknown,AR-854,AR-905,AR-975,10,TRUE,0.02169959,3.71556462,0.767628882,0.000572078,4.190224338,20260309-DiscoveryPlate-R1-SMS,Cytation5,deGFP,Labcraft,0,0.141197629,0.003936616,0.044353384,0.016271769,0.002362288,0.007610578,0.025458266,0.019422016,0.001574328,0.080835129,0.008135884,0.01286046,0.034380519,0.020208384,0.003936616,0.012597807,0.012597807,0.001311675,0.003673962,0.004724575,0.020208384,0.080835129,0.020208384,0.040416769,0.101043514,0.101043514,1.00938134,0.020208384,0.020208384,0.020208384,0.020208384,0.008135884,0.00603625,0.002099634,0.002099634,0.020208384
20260309-DiscoveryPlate-R1-G12,G12,Sample,DiscoveryPlate-R1-G12,3.5,14.969,20,2,2,0,0,50,140,1,1,1,0.02,2,0.3,2000.000003,1.799999951,2.996187423,1705168,3/9/2026 0:00,ext,M,20260309-DiscoveryPlate-R1,AR-977,AR-954,AR-953,AR-970,AR-971,AR-972,AR-973,AR-702,Unknown,AR-959,AR-967,AR-969,AR-902,Unknown,Unknown,Unknown,AR-854,AR-905,AR-975,10,TRUE,0.635503848,3.203024149,1.10608268,0.003673037,6.006388889,20260309-DiscoveryPlate-R1-SMS,Cytation5,deGFP,Labcraft,0,0.141197629,0.003936616,0.044353384,0.016271769,0.002362288,0.007610578,0.025458266,0.019422016,0.001574328,0.080835129,0.008135884,0.01286046,0.034380519,0.020208384,0.003936616,0.012597807,0.012597807,0.001311675,0.003673962,0.004724575,0.020208384,0.080835129,0.020208384,0.040416769,0.101043514,0.101043514,1.00938134,0.020208384,0.020208384,0.020208384,0.020208384,0.008135884,0.00603625,0.002099634,0.002099634,0.020208384
20260309-DiscoveryPlate-R1-G13,G13,Sample,DiscoveryPlate-R1-G13,3.5,17.469,100,2,2,0,0,50,175,1,1,1,0.02,2,0.3,2000.000003,1.799999951,1.00000002,1705168,3/9/2026 0:00,ext,M,20260309-DiscoveryPlate-R1,AR-977,AR-954,AR-953,AR-970,AR-971,AR-972,AR-973,AR-702,Unknown,AR-959,AR-967,AR-969,AR-902,Unknown,Unknown,Unknown,AR-854,AR-905,AR-975,10,FALSE,0,,,0,,20260309-DiscoveryPlate-R1-SMS,Cytation5,deGFP,Labcraft,0,0.112609909,0.003139585,0.035373332,0.012977289,0.001884005,0.006069695,0.020303833,0.015489718,0.00125558,0.064468763,0.006488644,0.010256654,0.027419632,0.016116873,0.003139585,0.010047179,0.010047179,0.001046105,0.00293011,0.003768009,0.016116873,0.064468763,0.016116873,0.032233747,0.080585637,0.080585637,0.80501593,0.016116873,0.016116873,0.016116873,0.016116873,0.006488644,0.004814115,0.00167453,0.00167453,0.016116873
20260309-DiscoveryPlate-R1-G14,G14,Sample,DiscoveryPlate-R1-G14,3.5,4.969,0,2,2,0,0,50,62.5,1,1,1,0.02,2,0.3,2000.000003,1.799999951,1.00000002,1705168,3/9/2026 0:00,ext,M,20260309-DiscoveryPlate-R1,AR-977,AR-954,AR-953,AR-970,AR-971,AR-972,AR-973,AR-702,Unknown,AR-959,AR-967,AR-969,AR-902,Unknown,Unknown,Unknown,AR-854,AR-905,AR-975,10,TRUE,0.011979292,3.434096236,0.755125208,9.22E-05,4.163042152,20260309-DiscoveryPlate-R1-SMS,Cytation5,deGFP,Labcraft,0,0.127667438,0.003559391,0.040103244,0.014712535,0.002135923,0.006881298,0.023018741,0.017560912,0.001423469,0.073089144,0.007356267,0.011628113,0.031086023,0.018271926,0.003559391,0.011390628,0.011390628,0.001185984,0.003321907,0.004271845,0.018271926,0.073089144,0.018271926,0.036543852,0.09136107,0.09136107,0.912657887,0.018271926,0.018271926,0.018271926,0.018271926,0.007356267,0.005457829,0.001898438,0.001898438,0.018271926
20260309-DiscoveryPlate-R1-G15,G15,Sample,DiscoveryPlate-R1-G15,3.5,14.969,20,2,2,0,0,50,140,1,1,1,0.02,2,0.3,2000.000003,1.799999951,5.000000045,1705168,3/9/2026 0:00,ext,M,20260309-DiscoveryPlate-R1,AR-977,AR-954,AR-953,AR-970,AR-971,AR-972,AR-973,AR-702,Unknown,AR-959,AR-967,AR-969,AR-902,Unknown,Unknown,Unknown,AR-854,AR-905,AR-975,10,TRUE,0.660829578,3.182747506,1.057174549,0.00392056,6.006388889,20260309-DiscoveryPlate-R1-SMS,Cytation5,deGFP,Labcraft,0,0.132384876,0.003690914,0.041585098,0.015256178,0.002214847,0.007135569,0.023869306,0.018209805,0.001476067,0.07578986,0.007628089,0.012057783,0.032234682,0.018947092,0.003690914,0.011811523,0.011811523,0.001229807,0.003444654,0.004429694,0.018947092,0.07578986,0.018947092,0.037894184,0.094736952,0.094736952,0.946381499,0.018947092,0.018947092,0.018947092,0.018947092,0.007628089,0.005659502,0.001968587,0.001968587,0.018947092
20260309-DiscoveryPlate-R1-G16,G16,Sample,DiscoveryPlate-R1-G16,3.5,12.469,0,2,2,0,0,50,100,1,1,1,0.02,2,0.3,2000.000003,1.799999951,2.996187423,1705168,3/9/2026 0:00,ext,M,20260309-DiscoveryPlate-R1,AR-977,AR-954,AR-953,AR-970,AR-971,AR-972,AR-973,AR-702,Unknown,AR-959,AR-967,AR-969,AR-902,Unknown,Unknown,Unknown,AR-854,AR-905,AR-975,10,TRUE,0.073296119,4.483094021,0.756984003,-3.68E-05,4.240359574,20260309-DiscoveryPlate-R1-SMS,Cytation5,deGFP,Labcraft,0,0.141197629,0.003936616,0.044353384,0.016271769,0.002362288,0.007610578,0.025458266,0.019422016,0.001574328,0.080835129,0.008135884,0.01286046,0.034380519,0.020208384,0.003936616,0.012597807,0.012597807,0.001311675,0.003673962,0.004724575,0.020208384,0.080835129,0.020208384,0.040416769,0.101043514,0.101043514,1.00938134,0.020208384,0.020208384,0.020208384,0.020208384,0.008135884,0.00603625,0.002099634,0.002099634,0.020208384
20260309-DiscoveryPlate-R1-G8,G8,Sample,DiscoveryPlate-R1-G8,3.5,12.469,0,2,2,0,0,50,100,1,1,1,0.02,2,0.3,2000.000003,1.799999951,2.996187423,1705168,3/9/2026 0:00,ext,M,20260309-DiscoveryPlate-R1,AR-977,AR-954,AR-953,AR-970,AR-971,AR-972,AR-973,AR-702,Unknown,AR-959,AR-967,AR-969,AR-902,Unknown,Unknown,Unknown,AR-854,AR-905,AR-975,10,TRUE,0.045822431,4.567463053,0.75141609,3.82E-05,4.242609499,20260309-DiscoveryPlate-R1-SMS,Cytation5,deGFP,Labcraft,0,0.132749375,0.003701077,0.041699596,0.015298183,0.002220945,0.007155215,0.023935026,0.018259942,0.001480131,0.075998535,0.007649091,0.012090982,0.032323435,0.01899926,0.003701077,0.011844044,0.011844044,0.001233193,0.003454139,0.004441891,0.01899926,0.075998535,0.01899926,0.037998519,0.094997794,0.094997794,0.948987196,0.01899926,0.01899926,0.01899926,0.01899926,0.007649091,0.005675084,0.001974007,0.001974007,0.01899926
20260309-DiscoveryPlate-R1-G9,G9,Sample,DiscoveryPlate-R1-G9,3.5,24.969,71,2,2,0,0,50,122.5,1,1,1,0.02,2,0.3,2000.000003,1.799999951,1.00000002,1705168,3/9/2026 0:00,ext,M,20260309-DiscoveryPlate-R1,AR-977,AR-954,AR-953,AR-970,AR-971,AR-972,AR-973,AR-702,Unknown,AR-959,AR-967,AR-969,AR-902,Unknown,Unknown,Unknown,AR-854,AR-905,AR-975,10,TRUE,0.166079137,2.375164336,1.200110609,0.002438074,4.039601011,20260309-DiscoveryPlate-R1-SMS,Cytation5,deGFP,Labcraft,0,0.112609909,0.003139585,0.035373332,0.012977289,0.001884005,0.006069695,0.020303833,0.015489718,0.00125558,0.064468763,0.006488644,0.010256654,0.027419632,0.016116873,0.003139585,0.010047179,0.010047179,0.001046105,0.00293011,0.003768009,0.016116873,0.064468763,0.016116873,0.032233747,0.080585637,0.080585637,0.80501593,0.016116873,0.016116873,0.016116873,0.016116873,0.006488644,0.004814115,0.00167453,0.00167453,0.016116873
20260309-DiscoveryPlate-R1-H10,H10,Sample,DiscoveryPlate-R1-H10,3.5,4.969,0,2,2,0,0,50,140,1,1,1,0.02,2,0.3,2000.000003,1.799999951,1.00000002,1705168,3/9/2026 0:00,ext,M,20260309-DiscoveryPlate-R1,AR-977,AR-954,AR-953,AR-970,AR-971,AR-972,AR-973,AR-702,Unknown,AR-959,AR-967,AR-969,AR-902,Unknown,Unknown,Unknown,AR-854,AR-905,AR-975,10,TRUE,0.008774426,4.142760479,0.673410189,3.40E-05,4.222301994,20260309-DiscoveryPlate-R1-SMS,Cytation5,deGFP,Labcraft,0,0.133177909,0.003713024,0.041834208,0.015347568,0.002228115,0.007178313,0.024012292,0.018318888,0.001484909,0.076243869,0.007673784,0.012130014,0.03242778,0.019060592,0.003713024,0.011882278,0.011882278,0.001237174,0.003465289,0.00445623,0.019060592,0.076243869,0.019060592,0.038121184,0.095304461,0.095304461,0.952050663,0.019060592,0.019060592,0.019060592,0.019060592,0.007673784,0.005693404,0.00198038,0.00198038,0.019060592
20260309-DiscoveryPlate-R1-H11,H11,Sample,DiscoveryPlate-R1-H11,3.5,12.469,49,2,2,0,0,50,72.5,1,1,1,0.02,2,0.3,2000.000003,1.799999951,1.00000002,1705168,3/9/2026 0:00,ext,M,20260309-DiscoveryPlate-R1,AR-977,AR-954,AR-953,AR-970,AR-971,AR-972,AR-973,AR-702,Unknown,AR-959,AR-967,AR-969,AR-902,Unknown,Unknown,Unknown,AR-854,AR-905,AR-975,10,FALSE,0,,,0,,20260309-DiscoveryPlate-R1-SMS,Cytation5,deGFP,Labcraft,0,0.127667438,0.003559391,0.040103244,0.014712535,0.002135923,0.006881298,0.023018741,0.017560912,0.001423469,0.073089144,0.007356267,0.011628113,0.031086023,0.018271926,0.003559391,0.011390628,0.011390628,0.001185984,0.003321907,0.004271845,0.018271926,0.073089144,0.018271926,0.036543852,0.09136107,0.09136107,0.912657887,0.018271926,0.018271926,0.018271926,0.018271926,0.007356267,0.005457829,0.001898438,0.001898438,0.018271926
20260309-DiscoveryPlate-R1-H12,H12,Sample,DiscoveryPlate-R1-H12,3.5,12.469,49,2,2,0,0,50,72.5,1,1,1,0.02,2,0.3,2000.000003,1.799999951,1.00000002,1705168,3/9/2026 0:00,ext,M,20260309-DiscoveryPlate-R1,AR-977,AR-954,AR-953,AR-970,AR-971,AR-972,AR-973,AR-702,Unknown,AR-959,AR-967,AR-969,AR-902,Unknown,Unknown,Unknown,AR-854,AR-905,AR-975,10,FALSE,0,,,0,,20260309-DiscoveryPlate-R1-SMS,Cytation5,deGFP,Labcraft,0,0.14704996,0.00409978,0.046191735,0.016946198,0.002460199,0.00792602,0.026513456,0.020227016,0.00163958,0.084185568,0.008473099,0.013393498,0.035805516,0.021045977,0.00409978,0.013119958,0.013119958,0.001366041,0.00382624,0.004920399,0.021045977,0.084185568,0.021045977,0.042091955,0.105231545,0.105231545,1.051217978,0.021045977,0.021045977,0.021045977,0.021045977,0.008473099,0.006286439,0.00218666,0.00218666,0.021045977
20260309-DiscoveryPlate-R1-H13,H13,Sample,DiscoveryPlate-R1-H13,3.5,4.969,0,2,2,0,0,50,140,1,1,1,0.02,2,0.3,2000.000003,1.799999951,1.049452172,1705168,3/9/2026 0:00,ext,M,20260309-DiscoveryPlate-R1,AR-977,AR-954,AR-953,AR-970,AR-971,AR-972,AR-973,AR-702,Unknown,AR-959,AR-967,AR-969,AR-902,Unknown,Unknown,Unknown,AR-854,AR-905,AR-975,10,TRUE,0.00649017,3.928514027,0.672903742,8.29E-05,4.207187181,20260309-DiscoveryPlate-R1-SMS,Cytation5,deGFP,Labcraft,0,0.143072766,0.003988895,0.044942407,0.016487862,0.002393659,0.007711648,0.025796358,0.019679945,0.001595235,0.081908638,0.008243931,0.01303125,0.0348371,0.020476756,0.003988895,0.012765108,0.012765108,0.001329094,0.003722753,0.004787319,0.020476756,0.081908638,0.020476756,0.040953513,0.102385395,0.102385395,1.022786155,0.020476756,0.020476756,0.020476756,0.020476756,0.008243931,0.006116413,0.002127518,0.002127518,0.020476756
20260309-DiscoveryPlate-R1-H14,H14,Sample,DiscoveryPlate-R1-H14,3.5,4.969,0,2,2,0,0,50,62.5,1,1,1,0.02,2,0.3,2000.000003,1.799999951,1.049452172,1705168,3/9/2026 0:00,ext,M,20260309-DiscoveryPlate-R1,AR-977,AR-954,AR-953,AR-970,AR-971,AR-972,AR-973,AR-702,Unknown,AR-959,AR-967,AR-969,AR-902,Unknown,Unknown,Unknown,AR-854,AR-905,AR-975,10,TRUE,0.010952667,3.086470888,1.254540838,-0.000323381,4.125874179,20260309-DiscoveryPlate-R1-SMS,Cytation5,deGFP,Labcraft,0,0.143072766,0.003988895,0.044942407,0.016487862,0.002393659,0.007711648,0.025796358,0.019679945,0.001595235,0.081908638,0.008243931,0.01303125,0.0348371,0.020476756,0.003988895,0.012765108,0.012765108,0.001329094,0.003722753,0.004787319,0.020476756,0.081908638,0.020476756,0.040953513,0.102385395,0.102385395,1.022786155,0.020476756,0.020476756,0.020476756,0.020476756,0.008243931,0.006116413,0.002127518,0.002127518,0.020476756
20260309-DiscoveryPlate-R1-H15,H15,Sample,DiscoveryPlate-R1-H15,3.5,24.969,71,2,2,0,0,50,122.5,1,1,1,0.02,2,0.3,2000.000003,1.799999951,1.00000002,1705168,3/9/2026 0:00,ext,M,20260309-DiscoveryPlate-R1,AR-977,AR-954,AR-953,AR-970,AR-971,AR-972,AR-973,AR-702,Unknown,AR-959,AR-967,AR-969,AR-902,Unknown,Unknown,Unknown,AR-854,AR-905,AR-975,10,TRUE,0.166297031,2.189966086,1.232043818,0.002995733,4.01398529,20260309-DiscoveryPlate-R1-SMS,Cytation5,deGFP,Labcraft,0,0.127667438,0.003559391,0.040103244,0.014712535,0.002135923,0.006881298,0.023018741,0.017560912,0.001423469,0.073089144,0.007356267,0.011628113,0.031086023,0.018271926,0.003559391,0.011390628,0.011390628,0.001185984,0.003321907,0.004271845,0.018271926,0.073089144,0.018271926,0.036543852,0.09136107,0.09136107,0.912657887,0.018271926,0.018271926,0.018271926,0.018271926,0.007356267,0.005457829,0.001898438,0.001898438,0.018271926
20260309-DiscoveryPlate-R1-H16,H16,Sample,DiscoveryPlate-R1-H16,3.5,19.969,20,2,2,0,0,50,100,1,1,1,0.02,2,0.3,2000.000003,1.799999951,1.00000002,1705168,3/9/2026 0:00,ext,M,20260309-DiscoveryPlate-R1,AR-977,AR-954,AR-953,AR-970,AR-971,AR-972,AR-973,AR-702,Unknown,AR-959,AR-967,AR-969,AR-902,Unknown,Unknown,Unknown,AR-854,AR-905,AR-975,10,TRUE,0.325727302,2.070272951,1.593146323,0.001997066,3.975657034,20260309-DiscoveryPlate-R1-SMS,Cytation5,deGFP,Labcraft,0,0.14704996,0.00409978,0.046191735,0.016946198,0.002460199,0.00792602,0.026513456,0.020227016,0.00163958,0.084185568,0.008473099,0.013393498,0.035805516,0.021045977,0.00409978,0.013119958,0.013119958,0.001366041,0.00382624,0.004920399,0.021045977,0.084185568,0.021045977,0.042091955,0.105231545,0.105231545,1.051217978,0.021045977,0.021045977,0.021045977,0.021045977,0.008473099,0.006286439,0.00218666,0.00218666,0.021045977
20260309-DiscoveryPlate-R1-H8,H8,Sample,DiscoveryPlate-R1-H8,3.5,14.969,20,2,2,0,0,50,140,1,1,1,0.02,2,0.3,2000.000003,1.799999951,5.000000045,1705168,3/9/2026 0:00,ext,M,20260309-DiscoveryPlate-R1,AR-977,AR-954,AR-953,AR-970,AR-971,AR-972,AR-973,AR-702,Unknown,AR-959,AR-967,AR-969,AR-902,Unknown,Unknown,Unknown,AR-854,AR-905,AR-975,10,TRUE,0.60962691,2.948326035,1.139262163,0.003665273,5.536605315,20260309-DiscoveryPlate-R1-SMS,Cytation5,deGFP,Labcraft,0,0.132384876,0.003690914,0.041585098,0.015256178,0.002214847,0.007135569,0.023869306,0.018209805,0.001476067,0.07578986,0.007628089,0.012057783,0.032234682,0.018947092,0.003690914,0.011811523,0.011811523,0.001229807,0.003444654,0.004429694,0.018947092,0.07578986,0.018947092,0.037894184,0.094736952,0.094736952,0.946381499,0.018947092,0.018947092,0.018947092,0.018947092,0.007628089,0.005659502,0.001968587,0.001968587,0.018947092
20260309-DiscoveryPlate-R1-H9,H9,Sample,DiscoveryPlate-R1-H9,3.5,4.969,0,2,2,0,0,50,140,1,1,1,0.02,2,0.3,2000.000003,1.799999951,2.996187423,1705168,3/9/2026 0:00,ext,M,20260309-DiscoveryPlate-R1,AR-977,AR-954,AR-953,AR-970,AR-971,AR-972,AR-973,AR-702,Unknown,AR-959,AR-967,AR-969,AR-902,Unknown,Unknown,Unknown,AR-854,AR-905,AR-975,10,TRUE,0.007333157,3.791118676,0.589656983,0.000167554,4.196332031,20260309-DiscoveryPlate-R1-SMS,Cytation5,deGFP,Labcraft,0,0.130336266,0.003633799,0.040941583,0.015020093,0.002180573,0.007025148,0.023499937,0.017928014,0.001453226,0.074617039,0.007510047,0.011871193,0.031735862,0.018653892,0.003633799,0.011628744,0.011628744,0.001210776,0.00339135,0.004361146,0.018653892,0.074617039,0.018653892,0.037307785,0.093270931,0.093270931,0.931736572,0.018653892,0.018653892,0.018653892,0.018653892,0.007510047,0.005571923,0.001938124,0.001938124,0.018653892
20260309-DiscoveryPlate-R1-I10,I10,Sample,DiscoveryPlate-R1-I10,3.5,19.969,20,2,2,0,0,50,100,1,1,1,0.02,2,0.3,2000.000003,1.799999951,5.000000045,1705168,3/9/2026 0:00,ext,M,20260309-DiscoveryPlate-R1,AR-977,AR-954,AR-953,AR-970,AR-971,AR-972,AR-973,AR-702,Unknown,AR-959,AR-967,AR-969,AR-902,Unknown,Unknown,Unknown,AR-854,AR-905,AR-975,10,TRUE,0.67375293,2.950150089,1.391441563,0.001476093,4.106914949,20260309-DiscoveryPlate-R1-SMS,Cytation5,deGFP,Labcraft,0,0.130336266,0.003633799,0.040941583,0.015020093,0.002180573,0.007025148,0.023499937,0.017928014,0.001453226,0.074617039,0.007510047,0.011871193,0.031735862,0.018653892,0.003633799,0.011628744,0.011628744,0.001210776,0.00339135,0.004361146,0.018653892,0.074617039,0.018653892,0.037307785,0.093270931,0.093270931,0.931736572,0.018653892,0.018653892,0.018653892,0.018653892,0.007510047,0.005571923,0.001938124,0.001938124,0.018653892
20260309-DiscoveryPlate-R1-I11,I11,Sample,DiscoveryPlate-R1-I11,3.5,19.969,20,2,2,0,0,50,100,1,1,1,0.02,2,0.3,2000.000003,1.799999951,5.000000045,1705168,3/9/2026 0:00,ext,M,20260309-DiscoveryPlate-R1,AR-977,AR-954,AR-953,AR-970,AR-971,AR-972,AR-973,AR-702,Unknown,AR-959,AR-967,AR-969,AR-902,Unknown,Unknown,Unknown,AR-854,AR-905,AR-975,10,TRUE,0.60191921,2.279266091,1.594262632,0.002957233,4.002464001,20260309-DiscoveryPlate-R1-SMS,Cytation5,deGFP,Labcraft,0,0.130336266,0.003633799,0.040941583,0.015020093,0.002180573,0.007025148,0.023499937,0.017928014,0.001453226,0.074617039,0.007510047,0.011871193,0.031735862,0.018653892,0.003633799,0.011628744,0.011628744,0.001210776,0.00339135,0.004361146,0.018653892,0.074617039,0.018653892,0.037307785,0.093270931,0.093270931,0.931736572,0.018653892,0.018653892,0.018653892,0.018653892,0.007510047,0.005571923,0.001938124,0.001938124,0.018653892
20260309-DiscoveryPlate-R1-I12,I12,Sample,DiscoveryPlate-R1-I12,3.5,17.469,100,2,2,0,0,50,175,1,1,1,0.02,2,0.3,2000.000003,1.799999951,5.000000045,1705168,3/9/2026 0:00,ext,M,20260309-DiscoveryPlate-R1,AR-977,AR-954,AR-953,AR-970,AR-971,AR-972,AR-973,AR-702,Unknown,AR-959,AR-967,AR-969,AR-902,Unknown,Unknown,Unknown,AR-854,AR-905,AR-975,10,TRUE,0.031500735,3.953556057,0.838403299,0.000532011,4.209155091,20260309-DiscoveryPlate-R1-SMS,Cytation5,deGFP,Labcraft,0,0.130336266,0.003633799,0.040941583,0.015020093,0.002180573,0.007025148,0.023499937,0.017928014,0.001453226,0.074617039,0.007510047,0.011871193,0.031735862,0.018653892,0.003633799,0.011628744,0.011628744,0.001210776,0.00339135,0.004361146,0.018653892,0.074617039,0.018653892,0.037307785,0.093270931,0.093270931,0.931736572,0.018653892,0.018653892,0.018653892,0.018653892,0.007510047,0.005571923,0.001938124,0.001938124,0.018653892
20260309-DiscoveryPlate-R1-I13,I13,Sample,DiscoveryPlate-R1-I13,3.5,19.969,20,2,2,0,0,50,100,1,1,1,0.02,2,0.3,2000.000003,1.799999951,1.049452172,1705168,3/9/2026 0:00,ext,M,20260309-DiscoveryPlate-R1,AR-977,AR-954,AR-953,AR-970,AR-971,AR-972,AR-973,AR-702,Unknown,AR-959,AR-967,AR-969,AR-902,Unknown,Unknown,Unknown,AR-854,AR-905,AR-975,10,TRUE,0.325314107,2.049801009,1.575433187,0.002422521,3.973867413,20260309-DiscoveryPlate-R1-SMS,Cytation5,deGFP,Labcraft,0,0.143072766,0.003988895,0.044942407,0.016487862,0.002393659,0.007711648,0.025796358,0.019679945,0.001595235,0.081908638,0.008243931,0.01303125,0.0348371,0.020476756,0.003988895,0.012765108,0.012765108,0.001329094,0.003722753,0.004787319,0.020476756,0.081908638,0.020476756,0.040953513,0.102385395,0.102385395,1.022786155,0.020476756,0.020476756,0.020476756,0.020476756,0.008243931,0.006116413,0.002127518,0.002127518,0.020476756
20260309-DiscoveryPlate-R1-I14,I14,Sample,DiscoveryPlate-R1-I14,3.5,4.969,0,2,2,0,0,50,140,1,1,1,0.02,2,0.3,2000.000003,1.799999951,2.996187423,1705168,3/9/2026 0:00,ext,M,20260309-DiscoveryPlate-R1,AR-977,AR-954,AR-953,AR-970,AR-971,AR-972,AR-973,AR-702,Unknown,AR-959,AR-967,AR-969,AR-902,Unknown,Unknown,Unknown,AR-854,AR-905,AR-975,10,TRUE,0.014438239,3.983957205,0.671961912,9.42E-05,4.211054048,20260309-DiscoveryPlate-R1-SMS,Cytation5,deGFP,Labcraft,0,0.141197629,0.003936616,0.044353384,0.016271769,0.002362288,0.007610578,0.025458266,0.019422016,0.001574328,0.080835129,0.008135884,0.01286046,0.034380519,0.020208384,0.003936616,0.012597807,0.012597807,0.001311675,0.003673962,0.004724575,0.020208384,0.080835129,0.020208384,0.040416769,0.101043514,0.101043514,1.00938134,0.020208384,0.020208384,0.020208384,0.020208384,0.008135884,0.00603625,0.002099634,0.002099634,0.020208384
20260309-DiscoveryPlate-R1-I15,I15,Sample,DiscoveryPlate-R1-I15,3.5,2.469,67,2,2,0,0,50,200,1,1,1,0.02,2,0.3,2000.000003,1.799999951,2.996187423,1705168,3/9/2026 0:00,ext,M,20260309-DiscoveryPlate-R1,AR-977,AR-954,AR-953,AR-970,AR-971,AR-972,AR-973,AR-702,Unknown,AR-959,AR-967,AR-969,AR-902,Unknown,Unknown,Unknown,AR-854,AR-905,AR-975,10,FALSE,0,,,0,,20260309-DiscoveryPlate-R1-SMS,Cytation5,deGFP,Labcraft,0,0.141197629,0.003936616,0.044353384,0.016271769,0.002362288,0.007610578,0.025458266,0.019422016,0.001574328,0.080835129,0.008135884,0.01286046,0.034380519,0.020208384,0.003936616,0.012597807,0.012597807,0.001311675,0.003673962,0.004724575,0.020208384,0.080835129,0.020208384,0.040416769,0.101043514,0.101043514,1.00938134,0.020208384,0.020208384,0.020208384,0.020208384,0.008135884,0.00603625,0.002099634,0.002099634,0.020208384
20260309-DiscoveryPlate-R1-I16,I16,Sample,DiscoveryPlate-R1-I16,3.5,4.969,0,2,2,0,0,50,62.5,1,1,1,0.02,2,0.3,2000.000003,1.799999951,1.00000002,1705168,3/9/2026 0:00,ext,M,20260309-DiscoveryPlate-R1,AR-977,AR-954,AR-953,AR-970,AR-971,AR-972,AR-973,AR-702,Unknown,AR-959,AR-967,AR-969,AR-902,Unknown,Unknown,Unknown,AR-854,AR-905,AR-975,10,TRUE,0.010960338,3.380024474,1.087891845,-0.000180123,4.158280738,20260309-DiscoveryPlate-R1-SMS,Cytation5,deGFP,Labcraft,0,0.133177909,0.003713024,0.041834208,0.015347568,0.002228115,0.007178313,0.024012292,0.018318888,0.001484909,0.076243869,0.007673784,0.012130014,0.03242778,0.019060592,0.003713024,0.011882278,0.011882278,0.001237174,0.003465289,0.00445623,0.019060592,0.076243869,0.019060592,0.038121184,0.095304461,0.095304461,0.952050663,0.019060592,0.019060592,0.019060592,0.019060592,0.007673784,0.005693404,0.00198038,0.00198038,0.019060592
20260309-DiscoveryPlate-R1-I8,I8,Sample,DiscoveryPlate-R1-I8,3.5,4.969,0,2,2,0,0,50,140,1,1,1,0.02,2,0.3,2000.000003,1.799999951,2.996187423,1705168,3/9/2026 0:00,ext,M,20260309-DiscoveryPlate-R1,AR-977,AR-954,AR-953,AR-970,AR-971,AR-972,AR-973,AR-702,Unknown,AR-959,AR-967,AR-969,AR-902,Unknown,Unknown,Unknown,AR-854,AR-905,AR-975,10,TRUE,0.006900134,4.250472533,0.673288329,0.000100308,4.228307135,20260309-DiscoveryPlate-R1-SMS,Cytation5,deGFP,Labcraft,0,0.132749375,0.003701077,0.041699596,0.015298183,0.002220945,0.007155215,0.023935026,0.018259942,0.001480131,0.075998535,0.007649091,0.012090982,0.032323435,0.01899926,0.003701077,0.011844044,0.011844044,0.001233193,0.003454139,0.004441891,0.01899926,0.075998535,0.01899926,0.037998519,0.094997794,0.094997794,0.948987196,0.01899926,0.01899926,0.01899926,0.01899926,0.007649091,0.005675084,0.001974007,0.001974007,0.01899926
20260309-DiscoveryPlate-R1-I9,I9,Sample,DiscoveryPlate-R1-I9,3.5,4.969,0,2,2,0,0,50,140,1,1,1,0.02,2,0.3,2000.000003,1.799999951,19.99999901,1705168,3/9/2026 0:00,ext,M,20260309-DiscoveryPlate-R1,AR-977,AR-954,AR-953,AR-970,AR-971,AR-972,AR-973,AR-702,Unknown,AR-959,AR-967,AR-969,AR-902,Unknown,Unknown,Unknown,AR-854,AR-905,AR-975,10,FALSE,0,,,0,,20260309-DiscoveryPlate-R1-SMS,Cytation5,deGFP,Labcraft,0,0.110785828,0.003088729,0.034800346,0.01276708,0.001853487,0.005971376,0.019974947,0.015238812,0.001235242,0.063424484,0.00638354,0.010090514,0.026975483,0.015855809,0.003088729,0.009884432,0.009884432,0.00102916,0.002882647,0.003706974,0.015855809,0.063424484,0.015855809,0.031711617,0.079280292,0.079280292,0.791976096,0.015855809,0.015855809,0.015855809,0.015855809,0.00638354,0.004736134,0.001647405,0.001647405,0.015855809
20260309-DiscoveryPlate-R1-J10,J10,Sample,DiscoveryPlate-R1-J10,3.5,2.469,67,2,2,0,0,50,200,1,1,1,0.02,2,0.3,2000.000003,1.799999951,2.996187423,1705168,3/9/2026 0:00,ext,M,20260309-DiscoveryPlate-R1,AR-977,AR-954,AR-953,AR-970,AR-971,AR-972,AR-973,AR-702,Unknown,AR-959,AR-967,AR-969,AR-902,Unknown,Unknown,Unknown,AR-854,AR-905,AR-975,10,FALSE,0,,,0,,20260309-DiscoveryPlate-R1-SMS,Cytation5,deGFP,Labcraft,0,0.130336266,0.003633799,0.040941583,0.015020093,0.002180573,0.007025148,0.023499937,0.017928014,0.001453226,0.074617039,0.007510047,0.011871193,0.031735862,0.018653892,0.003633799,0.011628744,0.011628744,0.001210776,0.00339135,0.004361146,0.018653892,0.074617039,0.018653892,0.037307785,0.093270931,0.093270931,0.931736572,0.018653892,0.018653892,0.018653892,0.018653892,0.007510047,0.005571923,0.001938124,0.001938124,0.018653892
20260309-DiscoveryPlate-R1-J11,J11,Sample,DiscoveryPlate-R1-J11,3.5,24.969,100,2,2,0,0,50,60,1,1,1,0.02,2,0.3,2000.000003,1.799999951,1.00000002,1705168,3/9/2026 0:00,ext,M,20260309-DiscoveryPlate-R1,AR-977,AR-954,AR-953,AR-970,AR-971,AR-972,AR-973,AR-702,Unknown,AR-959,AR-967,AR-969,AR-902,Unknown,Unknown,Unknown,AR-854,AR-905,AR-975,10,TRUE,0.031654382,3.334456516,1.171036848,0.000143961,4.153552289,20260309-DiscoveryPlate-R1-SMS,Cytation5,deGFP,Labcraft,0,0.112609909,0.003139585,0.035373332,0.012977289,0.001884005,0.006069695,0.020303833,0.015489718,0.00125558,0.064468763,0.006488644,0.010256654,0.027419632,0.016116873,0.003139585,0.010047179,0.010047179,0.001046105,0.00293011,0.003768009,0.016116873,0.064468763,0.016116873,0.032233747,0.080585637,0.080585637,0.80501593,0.016116873,0.016116873,0.016116873,0.016116873,0.006488644,0.004814115,0.00167453,0.00167453,0.016116873
20260309-DiscoveryPlate-R1-J12,J12,Sample,DiscoveryPlate-R1-J12,3.5,17.469,100,2,2,0,0,50,175,1,1,1,0.02,2,0.3,2000.000003,1.799999951,1.00000002,1705168,3/9/2026 0:00,ext,M,20260309-DiscoveryPlate-R1,AR-977,AR-954,AR-953,AR-970,AR-971,AR-972,AR-973,AR-702,Unknown,AR-959,AR-967,AR-969,AR-902,Unknown,Unknown,Unknown,AR-854,AR-905,AR-975,10,TRUE,0.145294435,3.466599268,0.999782813,0.000331888,4.133924134,20260309-DiscoveryPlate-R1-SMS,Cytation5,deGFP,Labcraft,0,0.14704996,0.00409978,0.046191735,0.016946198,0.002460199,0.00792602,0.026513456,0.020227016,0.00163958,0.084185568,0.008473099,0.013393498,0.035805516,0.021045977,0.00409978,0.013119958,0.013119958,0.001366041,0.00382624,0.004920399,0.021045977,0.084185568,0.021045977,0.042091955,0.105231545,0.105231545,1.051217978,0.021045977,0.021045977,0.021045977,0.021045977,0.008473099,0.006286439,0.00218666,0.00218666,0.021045977
20260309-DiscoveryPlate-R1-J13,J13,Sample,DiscoveryPlate-R1-J13,3.5,12.469,0,2,2,0,0,50,100,1,1,1,0.02,2,0.3,2000.000003,1.799999951,5.000000045,1705168,3/9/2026 0:00,ext,M,20260309-DiscoveryPlate-R1,AR-977,AR-954,AR-953,AR-970,AR-971,AR-972,AR-973,AR-702,Unknown,AR-959,AR-967,AR-969,AR-902,Unknown,Unknown,Unknown,AR-854,AR-905,AR-975,10,TRUE,0.081731226,4.39307559,0.779244531,0.000285084,4.236392801,20260309-DiscoveryPlate-R1-SMS,Cytation5,deGFP,Labcraft,0,0.132384876,0.003690914,0.041585098,0.015256178,0.002214847,0.007135569,0.023869306,0.018209805,0.001476067,0.07578986,0.007628089,0.012057783,0.032234682,0.018947092,0.003690914,0.011811523,0.011811523,0.001229807,0.003444654,0.004429694,0.018947092,0.07578986,0.018947092,0.037894184,0.094736952,0.094736952,0.946381499,0.018947092,0.018947092,0.018947092,0.018947092,0.007628089,0.005659502,0.001968587,0.001968587,0.018947092
20260309-DiscoveryPlate-R1-J14,J14,Sample,DiscoveryPlate-R1-J14,3.5,2.469,67,2,2,0,0,50,200,1,1,1,0.02,2,0.3,2000.000003,1.799999951,19.99999901,1705168,3/9/2026 0:00,ext,M,20260309-DiscoveryPlate-R1,AR-977,AR-954,AR-953,AR-970,AR-971,AR-972,AR-973,AR-702,Unknown,AR-959,AR-967,AR-969,AR-902,Unknown,Unknown,Unknown,AR-854,AR-905,AR-975,10,FALSE,0,,,0,,20260309-DiscoveryPlate-R1-SMS,Cytation5,deGFP,Labcraft,0,0.110785828,0.003088729,0.034800346,0.01276708,0.001853487,0.005971376,0.019974947,0.015238812,0.001235242,0.063424484,0.00638354,0.010090514,0.026975483,0.015855809,0.003088729,0.009884432,0.009884432,0.00102916,0.002882647,0.003706974,0.015855809,0.063424484,0.015855809,0.031711617,0.079280292,0.079280292,0.791976096,0.015855809,0.015855809,0.015855809,0.015855809,0.00638354,0.004736134,0.001647405,0.001647405,0.015855809
20260309-DiscoveryPlate-R1-J15,J15,Sample,DiscoveryPlate-R1-J15,3.5,19.969,20,2,2,0,0,50,100,1,1,1,0.02,2,0.3,2000.000003,1.799999951,19.99999901,1705168,3/9/2026 0:00,ext,M,20260309-DiscoveryPlate-R1,AR-977,AR-954,AR-953,AR-970,AR-971,AR-972,AR-973,AR-702,Unknown,AR-959,AR-967,AR-969,AR-902,Unknown,Unknown,Unknown,AR-854,AR-905,AR-975,10,TRUE,0.418290877,2.147879161,1.549012759,0.002698226,6.006388889,20260309-DiscoveryPlate-R1-SMS,Cytation5,deGFP,Labcraft,0,0.110785828,0.003088729,0.034800346,0.01276708,0.001853487,0.005971376,0.019974947,0.015238812,0.001235242,0.063424484,0.00638354,0.010090514,0.026975483,0.015855809,0.003088729,0.009884432,0.009884432,0.00102916,0.002882647,0.003706974,0.015855809,0.063424484,0.015855809,0.031711617,0.079280292,0.079280292,0.791976096,0.015855809,0.015855809,0.015855809,0.015855809,0.00638354,0.004736134,0.001647405,0.001647405,0.015855809
20260309-DiscoveryPlate-R1-J16,J16,Sample,DiscoveryPlate-R1-J16,3.5,24.969,100,2,2,0,0,50,60,1,1,1,0.02,2,0.3,2000.000003,1.799999951,2.996187423,1705168,3/9/2026 0:00,ext,M,20260309-DiscoveryPlate-R1,AR-977,AR-954,AR-953,AR-970,AR-971,AR-972,AR-973,AR-702,Unknown,AR-959,AR-967,AR-969,AR-902,Unknown,Unknown,Unknown,AR-854,AR-905,AR-975,10,TRUE,0.00922571,3.12128735,0.838307662,0.000240896,4.129007672,20260309-DiscoveryPlate-R1-SMS,Cytation5,deGFP,Labcraft,0,0.130336266,0.003633799,0.040941583,0.015020093,0.002180573,0.007025148,0.023499937,0.017928014,0.001453226,0.074617039,0.007510047,0.011871193,0.031735862,0.018653892,0.003633799,0.011628744,0.011628744,0.001210776,0.00339135,0.004361146,0.018653892,0.074617039,0.018653892,0.037307785,0.093270931,0.093270931,0.931736572,0.018653892,0.018653892,0.018653892,0.018653892,0.007510047,0.005571923,0.001938124,0.001938124,0.018653892
20260309-DiscoveryPlate-R1-J8,J8,Sample,DiscoveryPlate-R1-J8,3.5,19.969,20,2,2,0,0,50,100,1,1,1,0.02,2,0.3,2000.000003,1.799999951,1.00000002,1705168,3/9/2026 0:00,ext,M,20260309-DiscoveryPlate-R1,AR-977,AR-954,AR-953,AR-970,AR-971,AR-972,AR-973,AR-702,Unknown,AR-959,AR-967,AR-969,AR-902,Unknown,Unknown,Unknown,AR-854,AR-905,AR-975,10,TRUE,0.020781937,4.198213719,0.838390418,8.32E-05,4.225509867,20260309-DiscoveryPlate-R1-SMS,Cytation5,deGFP,Labcraft,0,0.133177909,0.003713024,0.041834208,0.015347568,0.002228115,0.007178313,0.024012292,0.018318888,0.001484909,0.076243869,0.007673784,0.012130014,0.03242778,0.019060592,0.003713024,0.011882278,0.011882278,0.001237174,0.003465289,0.00445623,0.019060592,0.076243869,0.019060592,0.038121184,0.095304461,0.095304461,0.952050663,0.019060592,0.019060592,0.019060592,0.019060592,0.007673784,0.005693404,0.00198038,0.00198038,0.019060592
20260309-DiscoveryPlate-R1-J9,J9,Sample,DiscoveryPlate-R1-J9,3.5,24.969,71,2,2,0,0,50,122.5,1,1,1,0.02,2,0.3,2000.000003,1.799999951,2.996187423,1705168,3/9/2026 0:00,ext,M,20260309-DiscoveryPlate-R1,AR-977,AR-954,AR-953,AR-970,AR-971,AR-972,AR-973,AR-702,Unknown,AR-959,AR-967,AR-969,AR-902,Unknown,Unknown,Unknown,AR-854,AR-905,AR-975,10,TRUE,0.036923116,4.109397528,0.838467618,0.000284178,4.219940769,20260309-DiscoveryPlate-R1-SMS,Cytation5,deGFP,Labcraft,0,0.132749375,0.003701077,0.041699596,0.015298183,0.002220945,0.007155215,0.023935026,0.018259942,0.001480131,0.075998535,0.007649091,0.012090982,0.032323435,0.01899926,0.003701077,0.011844044,0.011844044,0.001233193,0.003454139,0.004441891,0.01899926,0.075998535,0.01899926,0.037998519,0.094997794,0.094997794,0.948987196,0.01899926,0.01899926,0.01899926,0.01899926,0.007649091,0.005675084,0.001974007,0.001974007,0.01899926
PMix AR-1060 Activity Assay -B2,B2,Sample,PMix AR-1060,3.5,8,20,2,2,0,0,50,100,1,1,1,0.02,2,0.3,2000,1.8,3.016304348,206621,3/17/2026 0:00,35,F,PMix AR-1060 Activity Assay ,Unknown,Unknown,Unknown,Unknown,Unknown,Unknown,Unknown,Unknown,Unknown,Unknown,Unknown,Unknown,AR-957,Unknown,Unknown,Unknown,AR-1028,AR-965,PMix AR-1060,10,TRUE,1.035437403,4.458164725,0.581882182,0.011865204,5.75548345,AR-976,Synergy 2,deGFP,MFG,0,0.13033627,0.003633799,0.040941584,0.015020094,0.002180573,0.007025149,0.023499938,0.017928015,0.001453226,0.074617041,0.007510047,0.011871193,0.031735863,0.018653893,0.003633799,0.011628744,0.011628744,0.001210776,0.00339135,0.004361146,0.018653893,0.074617041,0.018653893,0.037307786,0.093270933,0.093270933,0.931736597,0.018653893,0.018653893,0.018653893,0.018653893,0.007510047,0.005571923,0.001938124,0.001938124,0.018653893
PMix AR-1060 Activity Assay -B4,B4,Sample,PMix AR-975 Rxn Control,3.5,8,20,2,2,0,0,50,100,1,1,1,0.02,2,0.3,2000,1.8,3.016304348,206621,3/17/2026 0:00,35,F,PMix AR-1060 Activity Assay ,Unknown,Unknown,Unknown,Unknown,Unknown,Unknown,Unknown,Unknown,Unknown,Unknown,Unknown,Unknown,AR-957,Unknown,Unknown,Unknown,AR-1028,AR-965,PMix AR-1060,10,TRUE,1.037480413,3.567364571,0.608765062,0.017477886,6.009444444,AR-976,Synergy 2,deGFP,MFG,0,0.13033627,0.003633799,0.040941584,0.015020094,0.002180573,0.007025149,0.023499938,0.017928015,0.001453226,0.074617041,0.007510047,0.011871193,0.031735863,0.018653893,0.003633799,0.011628744,0.011628744,0.001210776,0.00339135,0.004361146,0.018653893,0.074617041,0.018653893,0.037307786,0.093270933,0.093270933,0.931736597,0.018653893,0.018653893,0.018653893,0.018653893,0.007510047,0.005571923,0.001938124,0.001938124,0.018653893
PMix AR-1060 Activity Assay -B6,B6,Positive Control,Positive Control,3.5,8,20,2,2,0,0,50,100,1,1,1,0.02,2,0.3,2000,1.8,3.016304348,206621,3/17/2026 0:00,35,F,PMix AR-1060 Activity Assay ,NEB Sol A,NEB Sol A,NEB Sol A,NEB Sol A,NEB Sol A,NEB Sol A,NEB Sol A,NEB Sol A,NEB Sol A,NEB Sol A,NEB Sol A,NEB Sol A,NEB Sol B,Unknown,NEB Sol A,NEB Sol A,AR-1028,NEB Sol B,NEB Sol B,10,TRUE,1.126028921,2.34691684,0.901225271,0.02186649,6.009444444,NEB Sol A,Synergy 2,deGFP,MFG,0,0.13033627,0.003633799,0.040941584,0.015020094,0.002180573,0.007025149,0.023499938,0.017928015,0.001453226,0.074617041,0.007510047,0.011871193,0.031735863,0.018653893,0.003633799,0.011628744,0.011628744,0.001210776,0.00339135,0.004361146,0.018653893,0.074617041,0.018653893,0.037307786,0.093270933,0.093270933,0.931736597,0.018653893,0.018653893,0.018653893,0.018653893,0.007510047,0.005571923,0.001938124,0.001938124,0.018653893
PMix AR-1060 Activity Assay -D2,D2,Sample,PMix AR-1060,3.5,8,20,2,2,0,0,50,100,1,1,1,0.02,2,0.3,2000,1.8,3.016304348,206621,3/17/2026 0:00,35,F,PMix AR-1060 Activity Assay ,Unknown,Unknown,Unknown,Unknown,Unknown,Unknown,Unknown,Unknown,Unknown,Unknown,Unknown,Unknown,AR-957,Unknown,Unknown,Unknown,AR-1028,AR-965,PMix AR-1060,10,TRUE,1.049774968,5.102809328,0.530004676,0.012391667,5.657395965,AR-976,Synergy 2,deGFP,MFG,0,0.13033627,0.003633799,0.040941584,0.015020094,0.002180573,0.007025149,0.023499938,0.017928015,0.001453226,0.074617041,0.007510047,0.011871193,0.031735863,0.018653893,0.003633799,0.011628744,0.011628744,0.001210776,0.00339135,0.004361146,0.018653893,0.074617041,0.018653893,0.037307786,0.093270933,0.093270933,0.931736597,0.018653893,0.018653893,0.018653893,0.018653893,0.007510047,0.005571923,0.001938124,0.001938124,0.018653893
PMix AR-1060 Activity Assay -D4,D4,Sample,PMix AR-975 Rxn Control,3.5,8,20,2,2,0,0,50,100,1,1,1,0.02,2,0.3,2000,1.8,3.016304348,206621,3/17/2026 0:00,35,F,PMix AR-1060 Activity Assay ,Unknown,Unknown,Unknown,Unknown,Unknown,Unknown,Unknown,Unknown,Unknown,Unknown,Unknown,Unknown,AR-957,Unknown,Unknown,Unknown,AR-1028,AR-965,PMix AR-1060,10,TRUE,1.017898494,3.448886951,0.619229552,0.017935792,6.009444444,AR-976,Synergy 2,deGFP,MFG,0,0.13033627,0.003633799,0.040941584,0.015020094,0.002180573,0.007025149,0.023499938,0.017928015,0.001453226,0.074617041,0.007510047,0.011871193,0.031735863,0.018653893,0.003633799,0.011628744,0.011628744,0.001210776,0.00339135,0.004361146,0.018653893,0.074617041,0.018653893,0.037307786,0.093270933,0.093270933,0.931736597,0.018653893,0.018653893,0.018653893,0.018653893,0.007510047,0.005571923,0.001938124,0.001938124,0.018653893
PMix AR-1060 Activity Assay -D6,D6,Positive Control,Positive Control,3.5,8,20,2,2,0,0,50,100,1,1,1,0.02,2,0.3,2000,1.8,3.016304348,206621,3/17/2026 0:00,35,F,PMix AR-1060 Activity Assay ,NEB Sol A,NEB Sol A,NEB Sol A,NEB Sol A,NEB Sol A,NEB Sol A,NEB Sol A,NEB Sol A,NEB Sol A,NEB Sol A,NEB Sol A,NEB Sol A,NEB Sol B,Unknown,NEB Sol A,NEB Sol A,AR-1028,NEB Sol B,NEB Sol B,10,TRUE,1.086234495,2.436081812,0.921332903,0.02140567,5.131257158,NEB Sol A,Synergy 2,deGFP,MFG,0,0.13033627,0.003633799,0.040941584,0.015020094,0.002180573,0.007025149,0.023499938,0.017928015,0.001453226,0.074617041,0.007510047,0.011871193,0.031735863,0.018653893,0.003633799,0.011628744,0.011628744,0.001210776,0.00339135,0.004361146,0.018653893,0.074617041,0.018653893,0.037307786,0.093270933,0.093270933,0.931736597,0.018653893,0.018653893,0.018653893,0.018653893,0.007510047,0.005571923,0.001938124,0.001938124,0.018653893
PMix AR-1060 Activity Assay -F2,F2,Sample,PMix AR-1060,3.5,8,20,2,2,0,0,50,100,1,1,1,0.02,2,0.3,2000,1.8,3.016304348,206621,3/17/2026 0:00,35,F,PMix AR-1060 Activity Assay ,Unknown,Unknown,Unknown,Unknown,Unknown,Unknown,Unknown,Unknown,Unknown,Unknown,Unknown,Unknown,AR-957,Unknown,Unknown,Unknown,AR-1028,AR-965,PMix AR-1060,10,TRUE,1.041897085,4.194490928,0.578206952,0.014718282,6.009444444,AR-976,Synergy 2,deGFP,MFG,0,0.13033627,0.003633799,0.040941584,0.015020094,0.002180573,0.007025149,0.023499938,0.017928015,0.001453226,0.074617041,0.007510047,0.011871193,0.031735863,0.018653893,0.003633799,0.011628744,0.011628744,0.001210776,0.00339135,0.004361146,0.018653893,0.074617041,0.018653893,0.037307786,0.093270933,0.093270933,0.931736597,0.018653893,0.018653893,0.018653893,0.018653893,0.007510047,0.005571923,0.001938124,0.001938124,0.018653893
PMix AR-1060 Activity Assay -F4,F4,Sample,PMix AR-975 Rxn Control,3.5,8,20,2,2,0,0,50,100,1,1,1,0.02,2,0.3,2000,1.8,3.016304348,206621,3/17/2026 0:00,35,F,PMix AR-1060 Activity Assay ,Unknown,Unknown,Unknown,Unknown,Unknown,Unknown,Unknown,Unknown,Unknown,Unknown,Unknown,Unknown,AR-957,Unknown,Unknown,Unknown,AR-1028,AR-965,PMix AR-1060,10,TRUE,1.024227089,3.330646933,0.631776581,0.018122985,6.009444444,AR-976,Synergy 2,deGFP,MFG,0,0.13033627,0.003633799,0.040941584,0.015020094,0.002180573,0.007025149,0.023499938,0.017928015,0.001453226,0.074617041,0.007510047,0.011871193,0.031735863,0.018653893,0.003633799,0.011628744,0.011628744,0.001210776,0.00339135,0.004361146,0.018653893,0.074617041,0.018653893,0.037307786,0.093270933,0.093270933,0.931736597,0.018653893,0.018653893,0.018653893,0.018653893,0.007510047,0.005571923,0.001938124,0.001938124,0.018653893
PMix AR-1060 Activity Assay -F6,F6,Positive Control,Positive Control,3.5,8,20,2,2,0,0,50,100,1,1,1,0.02,2,0.3,2000,1.8,3.016304348,206621,3/17/2026 0:00,35,F,PMix AR-1060 Activity Assay ,NEB Sol A,NEB Sol A,NEB Sol A,NEB Sol A,NEB Sol A,NEB Sol A,NEB Sol A,NEB Sol A,NEB Sol A,NEB Sol A,NEB Sol A,NEB Sol A,NEB Sol B,Unknown,NEB Sol A,NEB Sol A,AR-1028,NEB Sol B,NEB Sol B,10,TRUE,1.079770754,2.273691572,0.913188465,0.021854881,6.009444444,NEB Sol A,Synergy 2,deGFP,MFG,0,0.13033627,0.003633799,0.040941584,0.015020094,0.002180573,0.007025149,0.023499938,0.017928015,0.001453226,0.074617041,0.007510047,0.011871193,0.031735863,0.018653893,0.003633799,0.011628744,0.011628744,0.001210776,0.00339135,0.004361146,0.018653893,0.074617041,0.018653893,0.037307786,0.093270933,0.093270933,0.931736597,0.018653893,0.018653893,0.018653893,0.018653893,0.007510047,0.005571923,0.001938124,0.001938124,0.018653893
20260319-DiscoveryPlate-R2-F10,F10,Sample,DiscoveryPlate-R2-GES30,2.905,21,34,2.9,1.9,0,0,50,97.5,1,1,1,0.02,2,0.3115,2000,1.8,5,1705168,3/19/2026 0:00,ext,M,20260319-DiscoveryPlate-R2,AR-977,AR-954,new-Jon,AR-970,AR-971,AR-972,AR-973,AR-702,Unknown,AR-959,AR-967,AR-969,AR-902,Unknown,Unknown,Unknown,AR-1028,AR-905,AR-975,10,TRUE,0.194192832,2.240527446,1.047448271,0.006278911,4.025053828,20260319-DiscoveryPlate-R2-SMS,Cytation5,deGFP,Labcraft,0,0.13033627,0.003633799,0.040941584,0.015020094,0.002180573,0.007025149,0.023499938,0.017928015,0.001453226,0.074617041,0.007510047,0.011871193,0.031735863,0.018653893,0.003633799,0.011628744,0.011628744,0.001210776,0.00339135,0.004361146,0.018653893,0.074617041,0.018653893,0.037307786,0.093270933,0.093270933,0.931736597,0.018653893,0.018653893,0.018653893,0.018653893,0.007510047,0.005571923,0.001938124,0.001938124,0.018653893
20260319-DiscoveryPlate-R2-F11,F11,Sample,DiscoveryPlate-R2-GES27,3.99,10,60,2.6,2.6,0,0,50,40,1,1,1,0.02,2,0.322,2000,1.8,5,1705168,3/19/2026 0:00,ext,M,20260319-DiscoveryPlate-R2,AR-977,AR-954,new-Jon,AR-970,AR-971,AR-972,AR-973,AR-702,Unknown,AR-959,AR-967,AR-969,AR-902,Unknown,Unknown,Unknown,AR-1028,AR-905,AR-975,10,TRUE,0.053913961,3.846829449,0.662044815,0.001850933,4.201063679,20260319-DiscoveryPlate-R2-SMS,Cytation5,deGFP,Labcraft,0,0.13033627,0.003633799,0.040941584,0.015020094,0.002180573,0.007025149,0.023499938,0.017928015,0.001453226,0.074617041,0.007510047,0.011871193,0.031735863,0.018653893,0.003633799,0.011628744,0.011628744,0.001210776,0.00339135,0.004361146,0.018653893,0.074617041,0.018653893,0.037307786,0.093270933,0.093270933,0.931736597,0.018653893,0.018653893,0.018653893,0.018653893,0.007510047,0.005571923,0.001938124,0.001938124,0.018653893
20260319-DiscoveryPlate-R2-F12,F12,Sample,DiscoveryPlate-R2-GES12,3.5,25,60,2.3,2.1,0,0,50,97.5,1,1,1,0.02,2,0.3605,2000,1.8,5,1705168,3/19/2026 0:00,ext,M,20260319-DiscoveryPlate-R2,AR-977,AR-954,new-Jon,AR-970,AR-971,AR-972,AR-973,AR-702,Unknown,AR-959,AR-967,AR-969,AR-902,Unknown,Unknown,Unknown,AR-1028,AR-905,AR-975,10,TRUE,0.308431131,1.962971499,1.124152659,0.010725472,4.002327988,20260319-DiscoveryPlate-R2-SMS,Cytation5,deGFP,Labcraft,0,0.13033627,0.003633799,0.040941584,0.015020094,0.002180573,0.007025149,0.023499938,0.017928015,0.001453226,0.074617041,0.007510047,0.011871193,0.031735863,0.018653893,0.003633799,0.011628744,0.011628744,0.001210776,0.00339135,0.004361146,0.018653893,0.074617041,0.018653893,0.037307786,0.093270933,0.093270933,0.931736597,0.018653893,0.018653893,0.018653893,0.018653893,0.007510047,0.005571923,0.001938124,0.001938124,0.018653893
20260319-DiscoveryPlate-R2-F13,F13,Sample,DiscoveryPlate-R2-GES34,3.255,8,0,2.6,2.5,0,0,50,107.5,1,1,1,0.02,2,0.399,2000,1.8,5,1705168,3/19/2026 0:00,ext,M,20260319-DiscoveryPlate-R2,AR-977,AR-954,new-Jon,AR-970,AR-971,AR-972,AR-973,AR-702,Unknown,AR-959,AR-967,AR-969,AR-902,Unknown,Unknown,Unknown,AR-1028,AR-905,AR-975,10,TRUE,0.10330155,3.223981099,1.000203232,0.001064138,4.137513352,20260319-DiscoveryPlate-R2-SMS,Cytation5,deGFP,Labcraft,0,0.13033627,0.003633799,0.040941584,0.015020094,0.002180573,0.007025149,0.023499938,0.017928015,0.001453226,0.074617041,0.007510047,0.011871193,0.031735863,0.018653893,0.003633799,0.011628744,0.011628744,0.001210776,0.00339135,0.004361146,0.018653893,0.074617041,0.018653893,0.037307786,0.093270933,0.093270933,0.931736597,0.018653893,0.018653893,0.018653893,0.018653893,0.007510047,0.005571923,0.001938124,0.001938124,0.018653893
20260319-DiscoveryPlate-R2-F14,F14,Sample,DiscoveryPlate-R2-GES18,3.955,4,24,1.9,2.3,0,0,50,82.5,1,1,1,0.02,2,0.3045,2000,1.8,5,1705168,3/19/2026 0:00,ext,M,20260319-DiscoveryPlate-R2,AR-977,AR-954,new-Jon,AR-970,AR-971,AR-972,AR-973,AR-702,Unknown,AR-959,AR-967,AR-969,AR-902,Unknown,Unknown,Unknown,AR-1028,AR-905,AR-975,10,TRUE,0.068838894,4.657767351,0.613900868,0.000610909,4.246632717,20260319-DiscoveryPlate-R2-SMS,Cytation5,deGFP,Labcraft,0,0.13033627,0.003633799,0.040941584,0.015020094,0.002180573,0.007025149,0.023499938,0.017928015,0.001453226,0.074617041,0.007510047,0.011871193,0.031735863,0.018653893,0.003633799,0.011628744,0.011628744,0.001210776,0.00339135,0.004361146,0.018653893,0.074617041,0.018653893,0.037307786,0.093270933,0.093270933,0.931736597,0.018653893,0.018653893,0.018653893,0.018653893,0.007510047,0.005571923,0.001938124,0.001938124,0.018653893
20260319-DiscoveryPlate-R2-F15,F15,Sample,DiscoveryPlate-R2-GES29,2.135,4,0,2.6,1.8,0,0,50,57.5,1,1,1,0.02,2,0.399,2000,1.8,5,1705168,3/19/2026 0:00,ext,M,20260319-DiscoveryPlate-R2,AR-977,AR-954,new-Jon,AR-970,AR-971,AR-972,AR-973,AR-702,Unknown,AR-959,AR-967,AR-969,AR-902,Unknown,Unknown,Unknown,AR-1028,AR-905,AR-975,10,TRUE,0.053285289,2.674960026,1.034318969,0.000672149,4.074689286,20260319-DiscoveryPlate-R2-SMS,Cytation5,deGFP,Labcraft,0,0.13033627,0.003633799,0.040941584,0.015020094,0.002180573,0.007025149,0.023499938,0.017928015,0.001453226,0.074617041,0.007510047,0.011871193,0.031735863,0.018653893,0.003633799,0.011628744,0.011628744,0.001210776,0.00339135,0.004361146,0.018653893,0.074617041,0.018653893,0.037307786,0.093270933,0.093270933,0.931736597,0.018653893,0.018653893,0.018653893,0.018653893,0.007510047,0.005571923,0.001938124,0.001938124,0.018653893
20260319-DiscoveryPlate-R2-F9,F9,Sample,DiscoveryPlate-R2-GES11,3.535,8,22,1.7,2.9,0,0,50,97.5,1,1,1,0.02,2,0.3885,2000,1.8,5,1705168,3/19/2026 0:00,ext,M,20260319-DiscoveryPlate-R2,AR-977,AR-954,new-Jon,AR-970,AR-971,AR-972,AR-973,AR-702,Unknown,AR-959,AR-967,AR-969,AR-902,Unknown,Unknown,Unknown,AR-1028,AR-905,AR-975,10,TRUE,0.412000715,1.974803779,0.922782144,0.012018997,6.006111111,20260319-DiscoveryPlate-R2-SMS,Cytation5,deGFP,Labcraft,0,0.13033627,0.003633799,0.040941584,0.015020094,0.002180573,0.007025149,0.023499938,0.017928015,0.001453226,0.074617041,0.007510047,0.011871193,0.031735863,0.018653893,0.003633799,0.011628744,0.011628744,0.001210776,0.00339135,0.004361146,0.018653893,0.074617041,0.018653893,0.037307786,0.093270933,0.093270933,0.931736597,0.018653893,0.018653893,0.018653893,0.018653893,0.007510047,0.005571923,0.001938124,0.001938124,0.018653893
20260319-DiscoveryPlate-R2-G10,G10,Sample,DiscoveryPlate-R2-GES15,2.87,22,0,2.5,2.6,0,0,50,180,1,1,1,0.02,2,0.1925,2000,1.8,5,1705168,3/19/2026 0:00,ext,M,20260319-DiscoveryPlate-R2,AR-977,AR-954,new-Jon,AR-970,AR-971,AR-972,AR-973,AR-702,Unknown,AR-959,AR-967,AR-969,AR-902,Unknown,Unknown,Unknown,AR-1028,AR-905,AR-975,10,TRUE,0.005915787,2.847161879,0.75507052,0.000184042,4.095970629,20260319-DiscoveryPlate-R2-SMS,Cytation5,deGFP,Labcraft,0,0.13033627,0.003633799,0.040941584,0.015020094,0.002180573,0.007025149,0.023499938,0.017928015,0.001453226,0.074617041,0.007510047,0.011871193,0.031735863,0.018653893,0.003633799,0.011628744,0.011628744,0.001210776,0.00339135,0.004361146,0.018653893,0.074617041,0.018653893,0.037307786,0.093270933,0.093270933,0.931736597,0.018653893,0.018653893,0.018653893,0.018653893,0.007510047,0.005571923,0.001938124,0.001938124,0.018653893
20260319-DiscoveryPlate-R2-G11,G11,Sample,DiscoveryPlate-R2-GES35,3.22,12,60,2,3.1,0,0,50,40,1,1,1,0.02,2,0.399,2000,1.8,5,1705168,3/19/2026 0:00,ext,M,20260319-DiscoveryPlate-R2,AR-977,AR-954,new-Jon,AR-970,AR-971,AR-972,AR-973,AR-702,Unknown,AR-959,AR-967,AR-969,AR-902,Unknown,Unknown,Unknown,AR-1028,AR-905,AR-975,10,TRUE,0.18842451,2.295629164,0.95444325,0.006475432,4.014233547,20260319-DiscoveryPlate-R2-SMS,Cytation5,deGFP,Labcraft,0,0.13033627,0.003633799,0.040941584,0.015020094,0.002180573,0.007025149,0.023499938,0.017928015,0.001453226,0.074617041,0.007510047,0.011871193,0.031735863,0.018653893,0.003633799,0.011628744,0.011628744,0.001210776,0.00339135,0.004361146,0.018653893,0.074617041,0.018653893,0.037307786,0.093270933,0.093270933,0.931736597,0.018653893,0.018653893,0.018653893,0.018653893,0.007510047,0.005571923,0.001938124,0.001938124,0.018653893
20260319-DiscoveryPlate-R2-G12,G12,Sample,DiscoveryPlate-R2-GES8,3.99,6,60,2.6,3,0,0,50,55,1,1,1,0.02,2,0.259,2000,1.8,5,1705168,3/19/2026 0:00,ext,M,20260319-DiscoveryPlate-R2,AR-977,AR-954,new-Jon,AR-970,AR-971,AR-972,AR-973,AR-702,Unknown,AR-959,AR-967,AR-969,AR-902,Unknown,Unknown,Unknown,AR-1028,AR-905,AR-975,10,TRUE,0.01108691,4.113704908,0.49143428,0.000361727,4.221818142,20260319-DiscoveryPlate-R2-SMS,Cytation5,deGFP,Labcraft,0,0.13033627,0.003633799,0.040941584,0.015020094,0.002180573,0.007025149,0.023499938,0.017928015,0.001453226,0.074617041,0.007510047,0.011871193,0.031735863,0.018653893,0.003633799,0.011628744,0.011628744,0.001210776,0.00339135,0.004361146,0.018653893,0.074617041,0.018653893,0.037307786,0.093270933,0.093270933,0.931736597,0.018653893,0.018653893,0.018653893,0.018653893,0.007510047,0.005571923,0.001938124,0.001938124,0.018653893
20260319-DiscoveryPlate-R2-G13,G13,Sample,DiscoveryPlate-R2-GES28,2.135,6,30,1.9,1.9,0,0,50,65,1,1,1,0.02,2,0.399,2000,1.8,5,1705168,3/19/2026 0:00,ext,M,20260319-DiscoveryPlate-R2,AR-977,AR-954,new-Jon,AR-970,AR-971,AR-972,AR-973,AR-702,Unknown,AR-959,AR-967,AR-969,AR-902,Unknown,Unknown,Unknown,AR-1028,AR-905,AR-975,10,TRUE,0.137780089,1.88583243,0.900364387,0.005521583,3.933669708,20260319-DiscoveryPlate-R2-SMS,Cytation5,deGFP,Labcraft,0,0.13033627,0.003633799,0.040941584,0.015020094,0.002180573,0.007025149,0.023499938,0.017928015,0.001453226,0.074617041,0.007510047,0.011871193,0.031735863,0.018653893,0.003633799,0.011628744,0.011628744,0.001210776,0.00339135,0.004361146,0.018653893,0.074617041,0.018653893,0.037307786,0.093270933,0.093270933,0.931736597,0.018653893,0.018653893,0.018653893,0.018653893,0.007510047,0.005571923,0.001938124,0.001938124,0.018653893
20260319-DiscoveryPlate-R2-G14,G14,Sample,DiscoveryPlate-R2-GES32,1.925,9,0,2.4,2.2,0,0,50,160,1,1,1,0.02,2,0.3115,2000,1.8,5,1705168,3/19/2026 0:00,ext,M,20260319-DiscoveryPlate-R2,AR-977,AR-954,new-Jon,AR-970,AR-971,AR-972,AR-973,AR-702,Unknown,AR-959,AR-967,AR-969,AR-902,Unknown,Unknown,Unknown,AR-1028,AR-905,AR-975,10,TRUE,0.150763261,3.74688612,0.804624221,0.001726215,4.192759681,20260319-DiscoveryPlate-R2-SMS,Cytation5,deGFP,Labcraft,0,0.13033627,0.003633799,0.040941584,0.015020094,0.002180573,0.007025149,0.023499938,0.017928015,0.001453226,0.074617041,0.007510047,0.011871193,0.031735863,0.018653893,0.003633799,0.011628744,0.011628744,0.001210776,0.00339135,0.004361146,0.018653893,0.074617041,0.018653893,0.037307786,0.093270933,0.093270933,0.931736597,0.018653893,0.018653893,0.018653893,0.018653893,0.007510047,0.005571923,0.001938124,0.001938124,0.018653893
20260319-DiscoveryPlate-R2-G15,G15,Sample,DiscoveryPlate-R2-GES31,3.885,5,31,2.7,3.3,0,0,50,40,1,1,1,0.02,2,0.287,2000,1.8,5,1705168,3/19/2026 0:00,ext,M,20260319-DiscoveryPlate-R2,AR-977,AR-954,new-Jon,AR-970,AR-971,AR-972,AR-973,AR-702,Unknown,AR-959,AR-967,AR-969,AR-902,Unknown,Unknown,Unknown,AR-1028,AR-905,AR-975,10,TRUE,0.026424449,5.669353973,0.526472409,0.000232303,4.250253889,20260319-DiscoveryPlate-R2-SMS,Cytation5,deGFP,Labcraft,0,0.13033627,0.003633799,0.040941584,0.015020094,0.002180573,0.007025149,0.023499938,0.017928015,0.001453226,0.074617041,0.007510047,0.011871193,0.031735863,0.018653893,0.003633799,0.011628744,0.011628744,0.001210776,0.00339135,0.004361146,0.018653893,0.074617041,0.018653893,0.037307786,0.093270933,0.093270933,0.931736597,0.018653893,0.018653893,0.018653893,0.018653893,0.007510047,0.005571923,0.001938124,0.001938124,0.018653893
20260319-DiscoveryPlate-R2-G9,G9,Sample,DiscoveryPlate-R2-GES2,2.345,1,60,3,1.4,0,0,50,40,1,1,1,0.02,2,0.2905,2000,1.8,5,1705168,3/19/2026 0:00,ext,M,20260319-DiscoveryPlate-R2,AR-977,AR-954,new-Jon,AR-970,AR-971,AR-972,AR-973,AR-702,Unknown,AR-959,AR-967,AR-969,AR-902,Unknown,Unknown,Unknown,AR-1028,AR-905,AR-975,10,FALSE,0,,,0,,20260319-DiscoveryPlate-R2-SMS,Cytation5,deGFP,Labcraft,0,0.13033627,0.003633799,0.040941584,0.015020094,0.002180573,0.007025149,0.023499938,0.017928015,0.001453226,0.074617041,0.007510047,0.011871193,0.031735863,0.018653893,0.003633799,0.011628744,0.011628744,0.001210776,0.00339135,0.004361146,0.018653893,0.074617041,0.018653893,0.037307786,0.093270933,0.093270933,0.931736597,0.018653893,0.018653893,0.018653893,0.018653893,0.007510047,0.005571923,0.001938124,0.001938124,0.018653893
20260319-DiscoveryPlate-R2-H10,H10,Sample,DiscoveryPlate-R2-GES24,2.555,2,3,2.8,1.7,0,0,50,75,1,1,1,0.02,2,0.3465,2000,1.8,5,1705168,3/19/2026 0:00,ext,M,20260319-DiscoveryPlate-R2,AR-977,AR-954,new-Jon,AR-970,AR-971,AR-972,AR-973,AR-702,Unknown,AR-959,AR-967,AR-969,AR-902,Unknown,Unknown,Unknown,AR-1028,AR-905,AR-975,10,TRUE,0.032729531,5.958778442,0.544200012,0.000221531,4.23723344,20260319-DiscoveryPlate-R2-SMS,Cytation5,deGFP,Labcraft,0,0.13033627,0.003633799,0.040941584,0.015020094,0.002180573,0.007025149,0.023499938,0.017928015,0.001453226,0.074617041,0.007510047,0.011871193,0.031735863,0.018653893,0.003633799,0.011628744,0.011628744,0.001210776,0.00339135,0.004361146,0.018653893,0.074617041,0.018653893,0.037307786,0.093270933,0.093270933,0.931736597,0.018653893,0.018653893,0.018653893,0.018653893,0.007510047,0.005571923,0.001938124,0.001938124,0.018653893
20260319-DiscoveryPlate-R2-H11,H11,Sample,DiscoveryPlate-R2-GES9,3.78,6,8,2.4,2.7,0,0,50,95,1,1,1,0.02,2,0.2275,2000,1.8,5,1705168,3/19/2026 0:00,ext,M,20260319-DiscoveryPlate-R2,AR-977,AR-954,new-Jon,AR-970,AR-971,AR-972,AR-973,AR-702,Unknown,AR-959,AR-967,AR-969,AR-902,Unknown,Unknown,Unknown,AR-1028,AR-905,AR-975,10,TRUE,0.17889986,3.509914005,0.864352183,0.001685867,4.217764682,20260319-DiscoveryPlate-R2-SMS,Cytation5,deGFP,Labcraft,0,0.13033627,0.003633799,0.040941584,0.015020094,0.002180573,0.007025149,0.023499938,0.017928015,0.001453226,0.074617041,0.007510047,0.011871193,0.031735863,0.018653893,0.003633799,0.011628744,0.011628744,0.001210776,0.00339135,0.004361146,0.018653893,0.074617041,0.018653893,0.037307786,0.093270933,0.093270933,0.931736597,0.018653893,0.018653893,0.018653893,0.018653893,0.007510047,0.005571923,0.001938124,0.001938124,0.018653893
20260319-DiscoveryPlate-R2-H12,H12,Sample,DiscoveryPlate-R2-GES14,1.995,25,60,2.7,2.6,0,0,50,180,1,1,1,0.02,2,0.399,2000,1.8,5,1705168,3/19/2026 0:00,ext,M,20260319-DiscoveryPlate-R2,AR-977,AR-954,new-Jon,AR-970,AR-971,AR-972,AR-973,AR-702,Unknown,AR-959,AR-967,AR-969,AR-902,Unknown,Unknown,Unknown,AR-1028,AR-905,AR-975,10,TRUE,0.215215939,1.411081668,1.277479778,0.010064847,3.939550997,20260319-DiscoveryPlate-R2-SMS,Cytation5,deGFP,Labcraft,0,0.13033627,0.003633799,0.040941584,0.015020094,0.002180573,0.007025149,0.023499938,0.017928015,0.001453226,0.074617041,0.007510047,0.011871193,0.031735863,0.018653893,0.003633799,0.011628744,0.011628744,0.001210776,0.00339135,0.004361146,0.018653893,0.074617041,0.018653893,0.037307786,0.093270933,0.093270933,0.931736597,0.018653893,0.018653893,0.018653893,0.018653893,0.007510047,0.005571923,0.001938124,0.001938124,0.018653893
20260319-DiscoveryPlate-R2-H13,H13,Sample,DiscoveryPlate-R2-GES7,2.24,24,60,3.7,2.9,0,0,50,85,1,1,1,0.02,2,0.2765,2000,1.8,5,1705168,3/19/2026 0:00,ext,M,20260319-DiscoveryPlate-R2,AR-977,AR-954,new-Jon,AR-970,AR-971,AR-972,AR-973,AR-702,Unknown,AR-959,AR-967,AR-969,AR-902,Unknown,Unknown,Unknown,AR-1028,AR-905,AR-975,10,TRUE,0.44883039,1.998700298,1.176951461,0.014807144,3.993020777,20260319-DiscoveryPlate-R2-SMS,Cytation5,deGFP,Labcraft,0,0.13033627,0.003633799,0.040941584,0.015020094,0.002180573,0.007025149,0.023499938,0.017928015,0.001453226,0.074617041,0.007510047,0.011871193,0.031735863,0.018653893,0.003633799,0.011628744,0.011628744,0.001210776,0.00339135,0.004361146,0.018653893,0.074617041,0.018653893,0.037307786,0.093270933,0.093270933,0.931736597,0.018653893,0.018653893,0.018653893,0.018653893,0.007510047,0.005571923,0.001938124,0.001938124,0.018653893
20260319-DiscoveryPlate-R2-H14,H14,Sample,DiscoveryPlate-R2-GES25,3.29,4,0,2.1,2.2,0,0,50,112.5,1,1,1,0.02,2,0.3465,2000,1.8,5,1705168,3/19/2026 0:00,ext,M,20260319-DiscoveryPlate-R2,AR-977,AR-954,new-Jon,AR-970,AR-971,AR-972,AR-973,AR-702,Unknown,AR-959,AR-967,AR-969,AR-902,Unknown,Unknown,Unknown,AR-1028,AR-905,AR-975,10,TRUE,0.068576337,3.807229194,0.837905402,0.000488334,4.197813979,20260319-DiscoveryPlate-R2-SMS,Cytation5,deGFP,Labcraft,0,0.13033627,0.003633799,0.040941584,0.015020094,0.002180573,0.007025149,0.023499938,0.017928015,0.001453226,0.074617041,0.007510047,0.011871193,0.031735863,0.018653893,0.003633799,0.011628744,0.011628744,0.001210776,0.00339135,0.004361146,0.018653893,0.074617041,0.018653893,0.037307786,0.093270933,0.093270933,0.931736597,0.018653893,0.018653893,0.018653893,0.018653893,0.007510047,0.005571923,0.001938124,0.001938124,0.018653893
20260319-DiscoveryPlate-R2-H15,H15,Sample,DiscoveryPlate-R2-GES16,1.365,8,20,1.9,2,0,0,50,100,1,1,1,0.02,2,0.3535,2000,1.8,5,1705168,3/19/2026 0:00,ext,M,20260319-DiscoveryPlate-R2,AR-977,AR-954,new-Jon,AR-970,AR-971,AR-972,AR-973,AR-702,Unknown,AR-959,AR-967,AR-969,AR-902,Unknown,Unknown,Unknown,AR-1028,AR-905,AR-975,10,TRUE,0.528469216,2.074077767,1.139822921,0.010293248,5.944826508,20260319-DiscoveryPlate-R2-SMS,Cytation5,deGFP,Labcraft,0,0.13033627,0.003633799,0.040941584,0.015020094,0.002180573,0.007025149,0.023499938,0.017928015,0.001453226,0.074617041,0.007510047,0.011871193,0.031735863,0.018653893,0.003633799,0.011628744,0.011628744,0.001210776,0.00339135,0.004361146,0.018653893,0.074617041,0.018653893,0.037307786,0.093270933,0.093270933,0.931736597,0.018653893,0.018653893,0.018653893,0.018653893,0.007510047,0.005571923,0.001938124,0.001938124,0.018653893
20260319-DiscoveryPlate-R2-H9,H9,Sample,DiscoveryPlate-R2-GES19,3.325,22,60,3.6,2,0,0,50,67.5,1,1,1,0.02,2,0.252,2000,1.8,5,1705168,3/19/2026 0:00,ext,M,20260319-DiscoveryPlate-R2,AR-977,AR-954,new-Jon,AR-970,AR-971,AR-972,AR-973,AR-702,Unknown,AR-959,AR-967,AR-969,AR-902,Unknown,Unknown,Unknown,AR-1028,AR-905,AR-975,10,TRUE,0.560759327,1.496624435,1.24787388,0.016949092,6.006111111,20260319-DiscoveryPlate-R2-SMS,Cytation5,deGFP,Labcraft,0,0.13033627,0.003633799,0.040941584,0.015020094,0.002180573,0.007025149,0.023499938,0.017928015,0.001453226,0.074617041,0.007510047,0.011871193,0.031735863,0.018653893,0.003633799,0.011628744,0.011628744,0.001210776,0.00339135,0.004361146,0.018653893,0.074617041,0.018653893,0.037307786,0.093270933,0.093270933,0.931736597,0.018653893,0.018653893,0.018653893,0.018653893,0.007510047,0.005571923,0.001938124,0.001938124,0.018653893
20260319-DiscoveryPlate-R2-I10,I10,Sample,DiscoveryPlate-R2-GES13,3.185,22,60,2.2,2.3,0,0,50,42.5,1,1,1,0.02,2,0.399,2000,1.8,5,1705168,3/19/2026 0:00,ext,M,20260319-DiscoveryPlate-R2,AR-977,AR-954,new-Jon,AR-970,AR-971,AR-972,AR-973,AR-702,Unknown,AR-959,AR-967,AR-969,AR-902,Unknown,Unknown,Unknown,AR-1028,AR-905,AR-975,10,TRUE,0.383748962,2.15703499,1.130028711,0.011899601,4.009674288,20260319-DiscoveryPlate-R2-SMS,Cytation5,deGFP,Labcraft,0,0.13033627,0.003633799,0.040941584,0.015020094,0.002180573,0.007025149,0.023499938,0.017928015,0.001453226,0.074617041,0.007510047,0.011871193,0.031735863,0.018653893,0.003633799,0.011628744,0.011628744,0.001210776,0.00339135,0.004361146,0.018653893,0.074617041,0.018653893,0.037307786,0.093270933,0.093270933,0.931736597,0.018653893,0.018653893,0.018653893,0.018653893,0.007510047,0.005571923,0.001938124,0.001938124,0.018653893
20260319-DiscoveryPlate-R2-I11,I11,Sample,DiscoveryPlate-R2-GES4,2.415,8,60,2.6,2.5,0,0,50,42.5,1,1,1,0.02,2,0.399,2000,1.8,5,1705168,3/19/2026 0:00,ext,M,20260319-DiscoveryPlate-R2,AR-977,AR-954,new-Jon,AR-970,AR-971,AR-972,AR-973,AR-702,Unknown,AR-959,AR-967,AR-969,AR-902,Unknown,Unknown,Unknown,AR-1028,AR-905,AR-975,10,TRUE,0.012702551,3.237117027,0.588454861,0.000483596,4.141403956,20260319-DiscoveryPlate-R2-SMS,Cytation5,deGFP,Labcraft,0,0.13033627,0.003633799,0.040941584,0.015020094,0.002180573,0.007025149,0.023499938,0.017928015,0.001453226,0.074617041,0.007510047,0.011871193,0.031735863,0.018653893,0.003633799,0.011628744,0.011628744,0.001210776,0.00339135,0.004361146,0.018653893,0.074617041,0.018653893,0.037307786,0.093270933,0.093270933,0.931736597,0.018653893,0.018653893,0.018653893,0.018653893,0.007510047,0.005571923,0.001938124,0.001938124,0.018653893
20260319-DiscoveryPlate-R2-I12,I12,Sample,DiscoveryPlate-R2-GES21,2.73,25,60,2.2,2.7,0,0,50,40,1,1,1,0.02,2,0.399,2000,1.8,5,1705168,3/19/2026 0:00,ext,M,20260319-DiscoveryPlate-R2,AR-977,AR-954,new-Jon,AR-970,AR-971,AR-972,AR-973,AR-702,Unknown,AR-959,AR-967,AR-969,AR-902,Unknown,Unknown,Unknown,AR-1028,AR-905,AR-975,10,TRUE,0.25738183,2.103267856,1.223811818,0.006945287,4.006650988,20260319-DiscoveryPlate-R2-SMS,Cytation5,deGFP,Labcraft,0,0.13033627,0.003633799,0.040941584,0.015020094,0.002180573,0.007025149,0.023499938,0.017928015,0.001453226,0.074617041,0.007510047,0.011871193,0.031735863,0.018653893,0.003633799,0.011628744,0.011628744,0.001210776,0.00339135,0.004361146,0.018653893,0.074617041,0.018653893,0.037307786,0.093270933,0.093270933,0.931736597,0.018653893,0.018653893,0.018653893,0.018653893,0.007510047,0.005571923,0.001938124,0.001938124,0.018653893
20260319-DiscoveryPlate-R2-I13,I13,Sample,DiscoveryPlate-R2-GES26,2.52,8,20,3,1.9,0,0,50,100,1,1,1,0.02,2,0.3045,2000,1.8,5,1705168,3/19/2026 0:00,ext,M,20260319-DiscoveryPlate-R2,AR-977,AR-954,new-Jon,AR-970,AR-971,AR-972,AR-973,AR-702,Unknown,AR-959,AR-967,AR-969,AR-902,Unknown,Unknown,Unknown,AR-1028,AR-905,AR-975,10,TRUE,0.45247419,2.219864973,1.164574396,0.00595939,6.006111111,20260319-DiscoveryPlate-R2-SMS,Cytation5,deGFP,Labcraft,0,0.13033627,0.003633799,0.040941584,0.015020094,0.002180573,0.007025149,0.023499938,0.017928015,0.001453226,0.074617041,0.007510047,0.011871193,0.031735863,0.018653893,0.003633799,0.011628744,0.011628744,0.001210776,0.00339135,0.004361146,0.018653893,0.074617041,0.018653893,0.037307786,0.093270933,0.093270933,0.931736597,0.018653893,0.018653893,0.018653893,0.018653893,0.007510047,0.005571923,0.001938124,0.001938124,0.018653893
20260319-DiscoveryPlate-R2-I14,I14,Sample,DiscoveryPlate-R2-GES10,2.8,15,53,3.5,2.7,0,0,50,100,1,1,1,0.02,2,0.3815,2000,1.8,5,1705168,3/19/2026 0:00,ext,M,20260319-DiscoveryPlate-R2,AR-977,AR-954,new-Jon,AR-970,AR-971,AR-972,AR-973,AR-702,Unknown,AR-959,AR-967,AR-969,AR-902,Unknown,Unknown,Unknown,AR-1028,AR-905,AR-975,10,TRUE,0.628644275,1.959195165,1.276556135,0.013223727,5.02816315,20260319-DiscoveryPlate-R2-SMS,Cytation5,deGFP,Labcraft,0,0.13033627,0.003633799,0.040941584,0.015020094,0.002180573,0.007025149,0.023499938,0.017928015,0.001453226,0.074617041,0.007510047,0.011871193,0.031735863,0.018653893,0.003633799,0.011628744,0.011628744,0.001210776,0.00339135,0.004361146,0.018653893,0.074617041,0.018653893,0.037307786,0.093270933,0.093270933,0.931736597,0.018653893,0.018653893,0.018653893,0.018653893,0.007510047,0.005571923,0.001938124,0.001938124,0.018653893
20260319-DiscoveryPlate-R2-I15,I15,Sample,DiscoveryPlate-R2-GES20,3.85,23,60,3.2,2.3,0,0,50,77.5,1,1,1,0.02,2,0.1505,2000,1.8,5,1705168,3/19/2026 0:00,ext,M,20260319-DiscoveryPlate-R2,AR-977,AR-954,new-Jon,AR-970,AR-971,AR-972,AR-973,AR-702,Unknown,AR-959,AR-967,AR-969,AR-902,Unknown,Unknown,Unknown,AR-1028,AR-905,AR-975,10,TRUE,0.412022458,2.073860162,1.080294673,0.031973768,2.001592346,20260319-DiscoveryPlate-R2-SMS,Cytation5,deGFP,Labcraft,0,0.13033627,0.003633799,0.040941584,0.015020094,0.002180573,0.007025149,0.023499938,0.017928015,0.001453226,0.074617041,0.007510047,0.011871193,0.031735863,0.018653893,0.003633799,0.011628744,0.011628744,0.001210776,0.00339135,0.004361146,0.018653893,0.074617041,0.018653893,0.037307786,0.093270933,0.093270933,0.931736597,0.018653893,0.018653893,0.018653893,0.018653893,0.007510047,0.005571923,0.001938124,0.001938124,0.018653893
20260319-DiscoveryPlate-R2-I9,I9,Sample,DiscoveryPlate-R2-GES5,2.625,1,44,2.4,2.7,0,0,50,40,1,1,1,0.02,2,0.259,2000,1.8,5,1705168,3/19/2026 0:00,ext,M,20260319-DiscoveryPlate-R2,AR-977,AR-954,new-Jon,AR-970,AR-971,AR-972,AR-973,AR-702,Unknown,AR-959,AR-967,AR-969,AR-902,Unknown,Unknown,Unknown,AR-1028,AR-905,AR-975,10,FALSE,0,,,0,,20260319-DiscoveryPlate-R2-SMS,Cytation5,deGFP,Labcraft,0,0.13033627,0.003633799,0.040941584,0.015020094,0.002180573,0.007025149,0.023499938,0.017928015,0.001453226,0.074617041,0.007510047,0.011871193,0.031735863,0.018653893,0.003633799,0.011628744,0.011628744,0.001210776,0.00339135,0.004361146,0.018653893,0.074617041,0.018653893,0.037307786,0.093270933,0.093270933,0.931736597,0.018653893,0.018653893,0.018653893,0.018653893,0.007510047,0.005571923,0.001938124,0.001938124,0.018653893
20260319-DiscoveryPlate-R2-J10,J10,Sample,DiscoveryPlate-R2-GES33,1.855,12,4,2.7,1.9,0,0,50,112.5,1,1,1,0.02,2,0.308,2000,1.8,5,1705168,3/19/2026 0:00,ext,M,20260319-DiscoveryPlate-R2,AR-977,AR-954,new-Jon,AR-970,AR-971,AR-972,AR-973,AR-702,Unknown,AR-959,AR-967,AR-969,AR-902,Unknown,Unknown,Unknown,AR-1028,AR-905,AR-975,10,TRUE,0.014003409,3.253924391,0.83801464,0.000329368,4.144023779,20260319-DiscoveryPlate-R2-SMS,Cytation5,deGFP,Labcraft,0,0.13033627,0.003633799,0.040941584,0.015020094,0.002180573,0.007025149,0.023499938,0.017928015,0.001453226,0.074617041,0.007510047,0.011871193,0.031735863,0.018653893,0.003633799,0.011628744,0.011628744,0.001210776,0.00339135,0.004361146,0.018653893,0.074617041,0.018653893,0.037307786,0.093270933,0.093270933,0.931736597,0.018653893,0.018653893,0.018653893,0.018653893,0.007510047,0.005571923,0.001938124,0.001938124,0.018653893
20260319-DiscoveryPlate-R2-J11,J11,Sample,DiscoveryPlate-R2-GES17,3.36,8,33,2.2,1.5,0,0,50,112.5,1,1,1,0.02,2,0.399,2000,1.8,5,1705168,3/19/2026 0:00,ext,M,20260319-DiscoveryPlate-R2,AR-977,AR-954,new-Jon,AR-970,AR-971,AR-972,AR-973,AR-702,Unknown,AR-959,AR-967,AR-969,AR-902,Unknown,Unknown,Unknown,AR-1028,AR-905,AR-975,10,TRUE,0.452373237,2.438525926,1.007679449,0.010345809,4.087759408,20260319-DiscoveryPlate-R2-SMS,Cytation5,deGFP,Labcraft,0,0.13033627,0.003633799,0.040941584,0.015020094,0.002180573,0.007025149,0.023499938,0.017928015,0.001453226,0.074617041,0.007510047,0.011871193,0.031735863,0.018653893,0.003633799,0.011628744,0.011628744,0.001210776,0.00339135,0.004361146,0.018653893,0.074617041,0.018653893,0.037307786,0.093270933,0.093270933,0.931736597,0.018653893,0.018653893,0.018653893,0.018653893,0.007510047,0.005571923,0.001938124,0.001938124,0.018653893
20260319-DiscoveryPlate-R2-J12,J12,Sample,DiscoveryPlate-R2-GES1,3.15,8,22,1.9,2.3,0,0,50,97.5,1,1,1,0.02,2,0.399,2000,1.8,5,1705168,3/19/2026 0:00,ext,M,20260319-DiscoveryPlate-R2,AR-977,AR-954,new-Jon,AR-970,AR-971,AR-972,AR-973,AR-702,Unknown,AR-959,AR-967,AR-969,AR-902,Unknown,Unknown,Unknown,AR-1028,AR-905,AR-975,10,TRUE,0.592080628,1.972325651,1.140412148,0.010690057,6.006111111,20260319-DiscoveryPlate-R2-SMS,Cytation5,deGFP,Labcraft,0,0.13033627,0.003633799,0.040941584,0.015020094,0.002180573,0.007025149,0.023499938,0.017928015,0.001453226,0.074617041,0.007510047,0.011871193,0.031735863,0.018653893,0.003633799,0.011628744,0.011628744,0.001210776,0.00339135,0.004361146,0.018653893,0.074617041,0.018653893,0.037307786,0.093270933,0.093270933,0.931736597,0.018653893,0.018653893,0.018653893,0.018653893,0.007510047,0.005571923,0.001938124,0.001938124,0.018653893
20260319-DiscoveryPlate-R2-J13,J13,Sample,DiscoveryPlate-R2-GES23,2.345,2,42,2.9,1.7,0,0,50,77.5,1,1,1,0.02,2,0.3605,2000,1.8,5,1705168,3/19/2026 0:00,ext,M,20260319-DiscoveryPlate-R2,AR-977,AR-954,new-Jon,AR-970,AR-971,AR-972,AR-973,AR-702,Unknown,AR-959,AR-967,AR-969,AR-902,Unknown,Unknown,Unknown,AR-1028,AR-905,AR-975,10,TRUE,0.003159322,1.145975742,3.756085503,-0.00015745,3.93394381,20260319-DiscoveryPlate-R2-SMS,Cytation5,deGFP,Labcraft,0,0.13033627,0.003633799,0.040941584,0.015020094,0.002180573,0.007025149,0.023499938,0.017928015,0.001453226,0.074617041,0.007510047,0.011871193,0.031735863,0.018653893,0.003633799,0.011628744,0.011628744,0.001210776,0.00339135,0.004361146,0.018653893,0.074617041,0.018653893,0.037307786,0.093270933,0.093270933,0.931736597,0.018653893,0.018653893,0.018653893,0.018653893,0.007510047,0.005571923,0.001938124,0.001938124,0.018653893
20260319-DiscoveryPlate-R2-J14,J14,Sample,DiscoveryPlate-R2-GES22,2.94,7,0,3.5,2.1,0,0,50,125,1,1,1,0.02,2,0.3395,2000,1.8,5,1705168,3/19/2026 0:00,ext,M,20260319-DiscoveryPlate-R2,AR-977,AR-954,new-Jon,AR-970,AR-971,AR-972,AR-973,AR-702,Unknown,AR-959,AR-967,AR-969,AR-902,Unknown,Unknown,Unknown,AR-1028,AR-905,AR-975,10,TRUE,0.120086618,3.047494907,0.974807299,0.001316336,4.121798718,20260319-DiscoveryPlate-R2-SMS,Cytation5,deGFP,Labcraft,0,0.13033627,0.003633799,0.040941584,0.015020094,0.002180573,0.007025149,0.023499938,0.017928015,0.001453226,0.074617041,0.007510047,0.011871193,0.031735863,0.018653893,0.003633799,0.011628744,0.011628744,0.001210776,0.00339135,0.004361146,0.018653893,0.074617041,0.018653893,0.037307786,0.093270933,0.093270933,0.931736597,0.018653893,0.018653893,0.018653893,0.018653893,0.007510047,0.005571923,0.001938124,0.001938124,0.018653893
20260319-DiscoveryPlate-R2-J15,J15,Sample,DiscoveryPlate-R2-GES3,1.855,7,45,2.9,2,0,0,50,77.5,1,1,1,0.02,2,0.2975,2000,1.8,5,1705168,3/19/2026 0:00,ext,M,20260319-DiscoveryPlate-R2,AR-977,AR-954,new-Jon,AR-970,AR-971,AR-972,AR-973,AR-702,Unknown,AR-959,AR-967,AR-969,AR-902,Unknown,Unknown,Unknown,AR-1028,AR-905,AR-975,10,TRUE,0.026857937,2.90712804,0.921190199,0.000428328,4.10360604,20260319-DiscoveryPlate-R2-SMS,Cytation5,deGFP,Labcraft,0,0.13033627,0.003633799,0.040941584,0.015020094,0.002180573,0.007025149,0.023499938,0.017928015,0.001453226,0.074617041,0.007510047,0.011871193,0.031735863,0.018653893,0.003633799,0.011628744,0.011628744,0.001210776,0.00339135,0.004361146,0.018653893,0.074617041,0.018653893,0.037307786,0.093270933,0.093270933,0.931736597,0.018653893,0.018653893,0.018653893,0.018653893,0.007510047,0.005571923,0.001938124,0.001938124,0.018653893
20260319-DiscoveryPlate-R2-J9,J9,Sample,DiscoveryPlate-R2-GES6,3.99,8,13,2.8,2.1,0,0,50,102.5,1,1,1,0.02,2,0.3885,2000,1.8,5,1705168,3/19/2026 0:00,ext,M,20260319-DiscoveryPlate-R2,AR-977,AR-954,new-Jon,AR-970,AR-971,AR-972,AR-973,AR-702,Unknown,AR-959,AR-967,AR-969,AR-902,Unknown,Unknown,Unknown,AR-1028,AR-905,AR-975,10,TRUE,0.341319302,2.815859837,1.03404315,0.004359066,4.110760633,20260319-DiscoveryPlate-R2-SMS,Cytation5,deGFP,Labcraft,0,0.13033627,0.003633799,0.040941584,0.015020094,0.002180573,0.007025149,0.023499938,0.017928015,0.001453226,0.074617041,0.007510047,0.011871193,0.031735863,0.018653893,0.003633799,0.011628744,0.011628744,0.001210776,0.00339135,0.004361146,0.018653893,0.074617041,0.018653893,0.037307786,0.093270933,0.093270933,0.931736597,0.018653893,0.018653893,0.018653893,0.018653893,0.007510047,0.005571923,0.001938124,0.001938124,0.018653893
Genscript-PPK-custom-Smix-B10,B10,Sample,CP/CK 8mM Mg2+,3.5,8,20,2,2,0,0,50,100,1,1,1,0.02,2,0.3,0,1.8,2.98,206621,3/25/2026 0:00,35,F,Genscript-PPK-custom-Smix,Unknown,Unknown,Unknown,Unknown,Unknown,Unknown,Unknown,Unknown,Unknown,Unknown,Unknown,Unknown,AR-900,Unknown,Unknown,Unknown,AR-804,NEB Sol B,NEB Sol B,10,TRUE,1.256376112,3.305336291,1.048242032,0.034370249,2.311702147,3X Smix+tRNA-CP-Mg,Synergy 2,plamGFP,R&D,2,0.13033627,0.003633799,0.040941584,0.015020094,0.002180573,0.007025149,0.023499938,0.017928015,0.001453226,0.074617041,0.007510047,0.011871193,0.031735863,0.018653893,0.003633799,0.011628744,0.011628744,0.001210776,0.00339135,0.004361146,0.018653893,0.074617041,0.018653893,0.037307786,0.093270933,0.093270933,0.931736597,0.018653893,0.018653893,0.018653893,0.018653893,0.007510047,0.005571923,0.001938124,0.001938124,0.018653893
Genscript-PPK-custom-Smix-B12,B12,Sample,CP/CK 8mM Mg2+,3.5,8,20,2,2,0,0,50,100,1,1,1,0.02,2,0.3,0,1.8,2.98,206621,3/25/2026 0:00,35,F,Genscript-PPK-custom-Smix,Unknown,Unknown,Unknown,Unknown,Unknown,Unknown,Unknown,Unknown,Unknown,Unknown,Unknown,Unknown,AR-900,Unknown,Unknown,Unknown,AR-804,NEB Sol B,NEB Sol B,10,TRUE,1.042038016,3.334150327,1.03169609,0.029518013,2.35718895,3X Smix+tRNA-CP-Mg,Synergy 2,plamGFP,R&D,2,0.13033627,0.003633799,0.040941584,0.015020094,0.002180573,0.007025149,0.023499938,0.017928015,0.001453226,0.074617041,0.007510047,0.011871193,0.031735863,0.018653893,0.003633799,0.011628744,0.011628744,0.001210776,0.00339135,0.004361146,0.018653893,0.074617041,0.018653893,0.037307786,0.093270933,0.093270933,0.931736597,0.018653893,0.018653893,0.018653893,0.018653893,0.007510047,0.005571923,0.001938124,0.001938124,0.018653893
Genscript-PPK-custom-Smix-B8,B8,Sample,CP/CK 8mM Mg2+,3.5,8,20,2,2,0,0,50,100,1,1,1,0.02,2,0.3,0,1.8,2.98,206621,3/25/2026 0:00,35,F,Genscript-PPK-custom-Smix,Unknown,Unknown,Unknown,Unknown,Unknown,Unknown,Unknown,Unknown,Unknown,Unknown,Unknown,Unknown,AR-900,Unknown,Unknown,Unknown,AR-804,NEB Sol B,NEB Sol B,10,TRUE,1.357799658,3.281780353,1.05110204,0.0358836,2.377434351,3X Smix+tRNA-CP-Mg,Synergy 2,plamGFP,R&D,2,0.13033627,0.003633799,0.040941584,0.015020094,0.002180573,0.007025149,0.023499938,0.017928015,0.001453226,0.074617041,0.007510047,0.011871193,0.031735863,0.018653893,0.003633799,0.011628744,0.011628744,0.001210776,0.00339135,0.004361146,0.018653893,0.074617041,0.018653893,0.037307786,0.093270933,0.093270933,0.931736597,0.018653893,0.018653893,0.018653893,0.018653893,0.007510047,0.005571923,0.001938124,0.001938124,0.018653893
Genscript-PPK-custom-Smix-D10,D10,Sample,CP/CK + polyP + 18 mM Mg,3.5,18,20,2,2,0,30,50,100,1,1,1,0.02,2,0.3,0,1.8,2.98,206621,3/25/2026 0:00,35,F,Genscript-PPK-custom-Smix,Unknown,Unknown,Unknown,Unknown,Unknown,Unknown,Unknown,Unknown,Unknown,Unknown,Unknown,Unknown,AR-900,Unknown,Unknown,Unknown,AR-804,NEB Sol B,NEB Sol B,10,TRUE,3.429616565,2.628195601,1.220415524,0.083627998,2.898549445,3X Smix+tRNA-CP-Mg,Synergy 2,plamGFP,R&D,2,0.13033627,0.003633799,0.040941584,0.015020094,0.002180573,0.007025149,0.023499938,0.017928015,0.001453226,0.074617041,0.007510047,0.011871193,0.031735863,0.018653893,0.003633799,0.011628744,0.011628744,0.001210776,0.00339135,0.004361146,0.018653893,0.074617041,0.018653893,0.037307786,0.093270933,0.093270933,0.931736597,0.018653893,0.018653893,0.018653893,0.018653893,0.007510047,0.005571923,0.001938124,0.001938124,0.018653893
Genscript-PPK-custom-Smix-D12,D12,Sample,CP/CK + polyP + 18 mM Mg,3.5,18,20,2,2,0,30,50,100,1,1,1,0.02,2,0.3,0,1.8,2.98,206621,3/25/2026 0:00,35,F,Genscript-PPK-custom-Smix,Unknown,Unknown,Unknown,Unknown,Unknown,Unknown,Unknown,Unknown,Unknown,Unknown,Unknown,Unknown,AR-900,Unknown,Unknown,Unknown,AR-804,NEB Sol B,NEB Sol B,10,TRUE,2.498051552,2.769588567,1.183205002,0.070121145,2.549415478,3X Smix+tRNA-CP-Mg,Synergy 2,plamGFP,R&D,2,0.13033627,0.003633799,0.040941584,0.015020094,0.002180573,0.007025149,0.023499938,0.017928015,0.001453226,0.074617041,0.007510047,0.011871193,0.031735863,0.018653893,0.003633799,0.011628744,0.011628744,0.001210776,0.00339135,0.004361146,0.018653893,0.074617041,0.018653893,0.037307786,0.093270933,0.093270933,0.931736597,0.018653893,0.018653893,0.018653893,0.018653893,0.007510047,0.005571923,0.001938124,0.001938124,0.018653893
Genscript-PPK-custom-Smix-D8,D8,Sample,CP/CK + polyP + 18 mM Mg,3.5,18,20,2,2,0,30,50,100,1,1,1,0.02,2,0.3,0,1.8,2.98,206621,3/25/2026 0:00,35,F,Genscript-PPK-custom-Smix,Unknown,Unknown,Unknown,Unknown,Unknown,Unknown,Unknown,Unknown,Unknown,Unknown,Unknown,Unknown,AR-900,Unknown,Unknown,Unknown,AR-804,NEB Sol B,NEB Sol B,10,TRUE,3.720515759,2.445137589,1.244438088,0.083169605,3.464067324,3X Smix+tRNA-CP-Mg,Synergy 2,plamGFP,R&D,2,0.13033627,0.003633799,0.040941584,0.015020094,0.002180573,0.007025149,0.023499938,0.017928015,0.001453226,0.074617041,0.007510047,0.011871193,0.031735863,0.018653893,0.003633799,0.011628744,0.011628744,0.001210776,0.00339135,0.004361146,0.018653893,0.074617041,0.018653893,0.037307786,0.093270933,0.093270933,0.931736597,0.018653893,0.018653893,0.018653893,0.018653893,0.007510047,0.005571923,0.001938124,0.001938124,0.018653893
Genscript-PPK-custom-Smix-F10,F10,Sample,PPK/polyP + 18 mM Mg2+,3.5,18,0,2,2,1.958,30,50,100,1,1,1,0.02,2,0.3,0,1.8,2.98,206621,3/25/2026 0:00,35,F,Genscript-PPK-custom-Smix,Unknown,Unknown,Unknown,Unknown,Unknown,Unknown,Unknown,Unknown,Unknown,Unknown,Unknown,Unknown,AR-900,Unknown,Unknown,Genscript,AR-804,NEB Sol B,NEB Sol B,10,TRUE,0.749407456,5.364843265,0.752368574,0.023840933,1.831147556,3X Smix+tRNA-CP-Mg,Synergy 2,plamGFP,R&D,2,0.13033627,0.003633799,0.040941584,0.015020094,0.002180573,0.007025149,0.023499938,0.017928015,0.001453226,0.074617041,0.007510047,0.011871193,0.031735863,0.018653893,0.003633799,0.011628744,0.011628744,0.001210776,0.00339135,0.004361146,0.018653893,0.074617041,0.018653893,0.037307786,0.093270933,0.093270933,0.931736597,0.018653893,0.018653893,0.018653893,0.018653893,0.007510047,0.005571923,0.001938124,0.001938124,0.018653893
Genscript-PPK-custom-Smix-F12,F12,Sample,PPK/polyP + 18 mM Mg2+,3.5,18,0,2,2,1.958,30,50,100,1,1,1,0.02,2,0.3,0,1.8,2.98,206621,3/25/2026 0:00,35,F,Genscript-PPK-custom-Smix,Unknown,Unknown,Unknown,Unknown,Unknown,Unknown,Unknown,Unknown,Unknown,Unknown,Unknown,Unknown,AR-900,Unknown,Unknown,Genscript,AR-804,NEB Sol B,NEB Sol B,10,TRUE,0.722869939,5.4328295,0.761740495,0.023384407,1.701409833,3X Smix+tRNA-CP-Mg,Synergy 2,plamGFP,R&D,2,0.13033627,0.003633799,0.040941584,0.015020094,0.002180573,0.007025149,0.023499938,0.017928015,0.001453226,0.074617041,0.007510047,0.011871193,0.031735863,0.018653893,0.003633799,0.011628744,0.011628744,0.001210776,0.00339135,0.004361146,0.018653893,0.074617041,0.018653893,0.037307786,0.093270933,0.093270933,0.931736597,0.018653893,0.018653893,0.018653893,0.018653893,0.007510047,0.005571923,0.001938124,0.001938124,0.018653893
Genscript-PPK-custom-Smix-F8,F8,Sample,PPK/polyP + 18 mM Mg2+,3.5,18,0,2,2,1.958,30,50,100,1,1,1,0.02,2,0.3,0,1.8,2.98,206621,3/25/2026 0:00,35,F,Genscript-PPK-custom-Smix,Unknown,Unknown,Unknown,Unknown,Unknown,Unknown,Unknown,Unknown,Unknown,Unknown,Unknown,Unknown,AR-900,Unknown,Unknown,Genscript,AR-804,NEB Sol B,NEB Sol B,10,TRUE,0.750020879,5.343934178,0.734161376,0.024581951,1.886150832,3X Smix+tRNA-CP-Mg,Synergy 2,plamGFP,R&D,2,0.13033627,0.003633799,0.040941584,0.015020094,0.002180573,0.007025149,0.023499938,0.017928015,0.001453226,0.074617041,0.007510047,0.011871193,0.031735863,0.018653893,0.003633799,0.011628744,0.011628744,0.001210776,0.00339135,0.004361146,0.018653893,0.074617041,0.018653893,0.037307786,0.093270933,0.093270933,0.931736597,0.018653893,0.018653893,0.018653893,0.018653893,0.007510047,0.005571923,0.001938124,0.001938124,0.018653893
Genscript-PPK-custom-Smix-H10,H10,Sample,CP/CK + PPK/polyP + 18 mM Mg2+,3.5,18,20,2,2,1.958,30,50,100,1,1,1,0.02,2,0.3,0,1.8,2.98,206621,3/25/2026 0:00,35,F,Genscript-PPK-custom-Smix,Unknown,Unknown,Unknown,Unknown,Unknown,Unknown,Unknown,Unknown,Unknown,Unknown,Unknown,Unknown,AR-900,Unknown,Unknown,Genscript,AR-804,NEB Sol B,NEB Sol B,10,TRUE,3.2436406,2.506246071,1.240457675,0.087416469,2.8848516,3X Smix+tRNA-CP-Mg,Synergy 2,plamGFP,R&D,2,0.13033627,0.003633799,0.040941584,0.015020094,0.002180573,0.007025149,0.023499938,0.017928015,0.001453226,0.074617041,0.007510047,0.011871193,0.031735863,0.018653893,0.003633799,0.011628744,0.011628744,0.001210776,0.00339135,0.004361146,0.018653893,0.074617041,0.018653893,0.037307786,0.093270933,0.093270933,0.931736597,0.018653893,0.018653893,0.018653893,0.018653893,0.007510047,0.005571923,0.001938124,0.001938124,0.018653893
Genscript-PPK-custom-Smix-H12,H12,Sample,CP/CK + PPK/polyP + 18 mM Mg2+,3.5,18,20,2,2,1.958,30,50,100,1,1,1,0.02,2,0.3,0,1.8,2.98,206621,3/25/2026 0:00,35,F,Genscript-PPK-custom-Smix,Unknown,Unknown,Unknown,Unknown,Unknown,Unknown,Unknown,Unknown,Unknown,Unknown,Unknown,Unknown,AR-900,Unknown,Unknown,Genscript,AR-804,NEB Sol B,NEB Sol B,10,TRUE,2.651381465,2.650935828,1.2094381,0.077212238,2.585085255,3X Smix+tRNA-CP-Mg,Synergy 2,plamGFP,R&D,2,0.13033627,0.003633799,0.040941584,0.015020094,0.002180573,0.007025149,0.023499938,0.017928015,0.001453226,0.074617041,0.007510047,0.011871193,0.031735863,0.018653893,0.003633799,0.011628744,0.011628744,0.001210776,0.00339135,0.004361146,0.018653893,0.074617041,0.018653893,0.037307786,0.093270933,0.093270933,0.931736597,0.018653893,0.018653893,0.018653893,0.018653893,0.007510047,0.005571923,0.001938124,0.001938124,0.018653893
Genscript-PPK-custom-Smix-H8,H8,Sample,CP/CK + PPK/polyP + 18 mM Mg2+,3.5,18,20,2,2,1.958,30,50,100,1,1,1,0.02,2,0.3,0,1.8,2.98,206621,3/25/2026 0:00,35,F,Genscript-PPK-custom-Smix,Unknown,Unknown,Unknown,Unknown,Unknown,Unknown,Unknown,Unknown,Unknown,Unknown,Unknown,Unknown,AR-900,Unknown,Unknown,Genscript,AR-804,NEB Sol B,NEB Sol B,10,TRUE,3.863057942,2.108855855,1.308635588,0.085991521,4.26679363,3X Smix+tRNA-CP-Mg,Synergy 2,plamGFP,R&D,2,0.13033627,0.003633799,0.040941584,0.015020094,0.002180573,0.007025149,0.023499938,0.017928015,0.001453226,0.074617041,0.007510047,0.011871193,0.031735863,0.018653893,0.003633799,0.011628744,0.011628744,0.001210776,0.00339135,0.004361146,0.018653893,0.074617041,0.018653893,0.037307786,0.093270933,0.093270933,0.931736597,0.018653893,0.018653893,0.018653893,0.018653893,0.007510047,0.005571923,0.001938124,0.001938124,0.018653893
Genscript-PPK-custom-Smix-J10,J10,Control,PURExpress Positive Control,3.5,0,0,2,2,0,0,50,100,1,1,1,0.02,2,0.3,0,1.8,2.98,206621,3/25/2026 0:00,35,F,Genscript-PPK-custom-Smix,NEB Sol A,NEB Sol A,NEB Sol A,NEB Sol A,NEB Sol A,NEB Sol A,NEB Sol A,NEB Sol A,NEB Sol A,NEB Sol A,NEB Sol A,NEB Sol A,NEB Sol B,Unknown,NEB Sol A,NEB Sol A,AR-804,NEB Sol B,NEB Sol B,10,TRUE,2.272708457,2.721198875,1.262571943,0.06973688,2.5291808,NEB Sol A,Synergy 2,plamGFP,R&D,0,0.13033627,0.003633799,0.040941584,0.015020094,0.002180573,0.007025149,0.023499938,0.017928015,0.001453226,0.074617041,0.007510047,0.011871193,0.031735863,0.018653893,0.003633799,0.011628744,0.011628744,0.001210776,0.00339135,0.004361146,0.018653893,0.074617041,0.018653893,0.037307786,0.093270933,0.093270933,0.931736597,0.018653893,0.018653893,0.018653893,0.018653893,0.007510047,0.005571923,0.001938124,0.001938124,0.018653893
Genscript-PPK-custom-Smix-J12,J12,Control,PURExpress Positive Control,3.5,0,0,2,2,0,0,50,100,1,1,1,0.02,2,0.3,0,1.8,2.98,206621,3/25/2026 0:00,35,F,Genscript-PPK-custom-Smix,NEB Sol A,NEB Sol A,NEB Sol A,NEB Sol A,NEB Sol A,NEB Sol A,NEB Sol A,NEB Sol A,NEB Sol A,NEB Sol A,NEB Sol A,NEB Sol A,NEB Sol B,Unknown,NEB Sol A,NEB Sol A,AR-804,NEB Sol B,NEB Sol B,10,TRUE,2.226202477,2.731663143,1.258301076,0.071057401,2.440368046,NEB Sol A,Synergy 2,plamGFP,R&D,0,0.13033627,0.003633799,0.040941584,0.015020094,0.002180573,0.007025149,0.023499938,0.017928015,0.001453226,0.074617041,0.007510047,0.011871193,0.031735863,0.018653893,0.003633799,0.011628744,0.011628744,0.001210776,0.00339135,0.004361146,0.018653893,0.074617041,0.018653893,0.037307786,0.093270933,0.093270933,0.931736597,0.018653893,0.018653893,0.018653893,0.018653893,0.007510047,0.005571923,0.001938124,0.001938124,0.018653893
Genscript-PPK-custom-Smix-J8,J8,Control,PURExpress Positive Control,3.5,0,0,2,2,0,0,50,100,1,1,1,0.02,2,0.3,0,1.8,2.98,206621,3/25/2026 0:00,35,F,Genscript-PPK-custom-Smix,NEB Sol A,NEB Sol A,NEB Sol A,NEB Sol A,NEB Sol A,NEB Sol A,NEB Sol A,NEB Sol A,NEB Sol A,NEB Sol A,NEB Sol A,NEB Sol A,NEB Sol B,Unknown,NEB Sol A,NEB Sol A,AR-804,NEB Sol B,NEB Sol B,10,TRUE,2.253557113,2.737919323,1.254554771,0.068677653,2.544730507,NEB Sol A,Synergy 2,plamGFP,R&D,0,0.13033627,0.003633799,0.040941584,0.015020094,0.002180573,0.007025149,0.023499938,0.017928015,0.001453226,0.074617041,0.007510047,0.011871193,0.031735863,0.018653893,0.003633799,0.011628744,0.011628744,0.001210776,0.00339135,0.004361146,0.018653893,0.074617041,0.018653893,0.037307786,0.093270933,0.093270933,0.931736597,0.018653893,0.018653893,0.018653893,0.018653893,0.007510047,0.005571923,0.001938124,0.001938124,0.018653893
tRNA AR-1035 Activity QC-B10,B10,Sample,tRNA AR-1035,3.494,8,20,2,2,0,0,50,100,1,1,1,0.02,2,0.3,2000,1.8,3.016304348,206621,3/26/2026 0:00,35,F,tRNA AR-1035 Activity QC,Unknown,Unknown,Unknown,Unknown,Unknown,Unknown,Unknown,Unknown,Unknown,Unknown,Unknown,Unknown,AR-1035,Unknown,Unknown,Unknown,AR-1028,AR-965,AR-1044,10,TRUE,0.893781295,3.731836721,0.697011146,0.010117917,5.73496508,AR-976,Synergy 2,deGFP,MFG,0,0.13033627,0.003633799,0.040941584,0.015020094,0.002180573,0.007025149,0.023499938,0.017928015,0.001453226,0.074617041,0.007510047,0.011871193,0.031735863,0.018653893,0.003633799,0.011628744,0.011628744,0.001210776,0.00339135,0.004361146,0.018653893,0.074617041,0.018653893,0.037307786,0.093270933,0.093270933,0.931736597,0.018653893,0.018653893,0.018653893,0.018653893,0.007510047,0.005571923,0.001938124,0.001938124,0.018653893
tRNA AR-1035 Activity QC-B14,B14,Positive Control,Positive Control,3.5,8,20,2,2,0,0,50,100,1,1,1,0.02,2,0.3,2000,1.8,3.016304348,206621,3/26/2026 0:00,35,F,tRNA AR-1035 Activity QC,NEB Sol A,NEB Sol A,NEB Sol A,NEB Sol A,NEB Sol A,NEB Sol A,NEB Sol A,NEB Sol A,NEB Sol A,NEB Sol A,NEB Sol A,NEB Sol A,NEB Sol B,Unknown,NEB Sol A,NEB Sol A,AR-1028,NEB Sol B,NEB Sol B,10,TRUE,1.182441321,2.457653316,0.971057857,0.017363605,6.016666667,NEB Sol A,Synergy 2,deGFP,MFG,0,0.13033627,0.003633799,0.040941584,0.015020094,0.002180573,0.007025149,0.023499938,0.017928015,0.001453226,0.074617041,0.007510047,0.011871193,0.031735863,0.018653893,0.003633799,0.011628744,0.011628744,0.001210776,0.00339135,0.004361146,0.018653893,0.074617041,0.018653893,0.037307786,0.093270933,0.093270933,0.931736597,0.018653893,0.018653893,0.018653893,0.018653893,0.007510047,0.005571923,0.001938124,0.001938124,0.018653893
tRNA AR-1035 Activity QC-D10,D10,Sample,tRNA AR-1035,3.494,8,20,2,2,0,0,50,100,1,1,1,0.02,2,0.3,2000,1.8,3.016304348,206621,3/26/2026 0:00,35,F,tRNA AR-1035 Activity QC,Unknown,Unknown,Unknown,Unknown,Unknown,Unknown,Unknown,Unknown,Unknown,Unknown,Unknown,Unknown,AR-1035,Unknown,Unknown,Unknown,AR-1028,AR-965,AR-1044,10,TRUE,0.883999491,3.575651379,0.697670823,0.011043972,6.016666667,AR-976,Synergy 2,deGFP,MFG,0,0.13033627,0.003633799,0.040941584,0.015020094,0.002180573,0.007025149,0.023499938,0.017928015,0.001453226,0.074617041,0.007510047,0.011871193,0.031735863,0.018653893,0.003633799,0.011628744,0.011628744,0.001210776,0.00339135,0.004361146,0.018653893,0.074617041,0.018653893,0.037307786,0.093270933,0.093270933,0.931736597,0.018653893,0.018653893,0.018653893,0.018653893,0.007510047,0.005571923,0.001938124,0.001938124,0.018653893
tRNA AR-1035 Activity QC-D14,D14,Positive Control,Positive Control,3.5,8,20,2,2,0,0,50,100,1,1,1,0.02,2,0.3,2000,1.8,3.016304348,206621,3/26/2026 0:00,35,F,tRNA AR-1035 Activity QC,NEB Sol A,NEB Sol A,NEB Sol A,NEB Sol A,NEB Sol A,NEB Sol A,NEB Sol A,NEB Sol A,NEB Sol A,NEB Sol A,NEB Sol A,NEB Sol A,NEB Sol B,Unknown,NEB Sol A,NEB Sol A,AR-1028,NEB Sol B,NEB Sol B,10,TRUE,1.194986663,2.472088104,0.961917663,0.017543031,6.016666667,NEB Sol A,Synergy 2,deGFP,MFG,0,0.13033627,0.003633799,0.040941584,0.015020094,0.002180573,0.007025149,0.023499938,0.017928015,0.001453226,0.074617041,0.007510047,0.011871193,0.031735863,0.018653893,0.003633799,0.011628744,0.011628744,0.001210776,0.00339135,0.004361146,0.018653893,0.074617041,0.018653893,0.037307786,0.093270933,0.093270933,0.931736597,0.018653893,0.018653893,0.018653893,0.018653893,0.007510047,0.005571923,0.001938124,0.001938124,0.018653893
tRNA AR-1035 Activity QC-F10,F10,Sample,tRNA AR-1035,3.494,8,20,2,2,0,0,50,100,1,1,1,0.02,2,0.3,2000,1.8,3.016304348,206621,3/26/2026 0:00,35,F,tRNA AR-1035 Activity QC,Unknown,Unknown,Unknown,Unknown,Unknown,Unknown,Unknown,Unknown,Unknown,Unknown,Unknown,Unknown,AR-1035,Unknown,Unknown,Unknown,AR-1028,AR-965,AR-1044,10,TRUE,0.886827929,3.538268596,0.694474292,0.011408623,6.016666667,AR-976,Synergy 2,deGFP,MFG,0,0.13033627,0.003633799,0.040941584,0.015020094,0.002180573,0.007025149,0.023499938,0.017928015,0.001453226,0.074617041,0.007510047,0.011871193,0.031735863,0.018653893,0.003633799,0.011628744,0.011628744,0.001210776,0.00339135,0.004361146,0.018653893,0.074617041,0.018653893,0.037307786,0.093270933,0.093270933,0.931736597,0.018653893,0.018653893,0.018653893,0.018653893,0.007510047,0.005571923,0.001938124,0.001938124,0.018653893
tRNA AR-1035 Activity QC-F14,F14,Positive Control,Positive Control,3.5,8,20,2,2,0,0,50,100,1,1,1,0.02,2,0.3,2000,1.8,3.016304348,206621,3/26/2026 0:00,35,F,tRNA AR-1035 Activity QC,NEB Sol A,NEB Sol A,NEB Sol A,NEB Sol A,NEB Sol A,NEB Sol A,NEB Sol A,NEB Sol A,NEB Sol A,NEB Sol A,NEB Sol A,NEB Sol A,NEB Sol B,Unknown,NEB Sol A,NEB Sol A,AR-1028,NEB Sol B,NEB Sol B,10,TRUE,1.129932724,2.386671746,0.973700669,0.017707378,6.016666667,NEB Sol A,Synergy 2,deGFP,MFG,0,0.13033627,0.003633799,0.040941584,0.015020094,0.002180573,0.007025149,0.023499938,0.017928015,0.001453226,0.074617041,0.007510047,0.011871193,0.031735863,0.018653893,0.003633799,0.011628744,0.011628744,0.001210776,0.00339135,0.004361146,0.018653893,0.074617041,0.018653893,0.037307786,0.093270933,0.093270933,0.931736597,0.018653893,0.018653893,0.018653893,0.018653893,0.007510047,0.005571923,0.001938124,0.001938124,0.018653893
Ribosome-MFG-194-AR-1076-AR-1077-Activity-QC-B16,B16,Positive Control,Positive Control,3.5,8,20,2,2,0,0,50,100,1,1,1,0.02,2,0.3,2000,1.8,3.016304348,1705168,3/30/2026 0:00,ext,M,Ribosome-MFG-194-AR-1076-AR-1077-Activity-QC,NEB Sol A,NEB Sol A,NEB Sol A,NEB Sol A,NEB Sol A,NEB Sol A,NEB Sol A,NEB Sol A,NEB Sol A,NEB Sol A,NEB Sol A,NEB Sol A,NEB Sol B,Unknown,NEB Sol A,NEB Sol A,AR-1028,NEB Sol B,NEB Sol B,10,TRUE,1.100550443,2.490421722,1.077849167,0.01315576,6.013055556,NEB Sol A,Cytation5,deGFP,MFG,0,0.13033627,0.003633799,0.040941584,0.015020094,0.002180573,0.007025149,0.023499938,0.017928015,0.001453226,0.074617041,0.007510047,0.011871193,0.031735863,0.018653893,0.003633799,0.011628744,0.011628744,0.001210776,0.00339135,0.004361146,0.018653893,0.074617041,0.018653893,0.037307786,0.093270933,0.093270933,0.931736597,0.018653893,0.018653893,0.018653893,0.018653893,0.007510047,0.005571923,0.001938124,0.001938124,0.018653893
Ribosome-MFG-194-AR-1076-AR-1077-Activity-QC-B4,B4,Sample,Ribosome AR-1076,3.5,8,20,2,2,0,0,50,100,1,1,1,0.02,2,0.3,2000,1.8,3.016304348,1705168,3/30/2026 0:00,ext,M,Ribosome-MFG-194-AR-1076-AR-1077-Activity-QC,Unknown,Unknown,Unknown,Unknown,Unknown,Unknown,Unknown,Unknown,Unknown,Unknown,Unknown,Unknown,AR-1035,Unknown,Unknown,Unknown,AR-1028,AR-1076,AR-1060,10,TRUE,0.971853504,4.381156297,0.734577359,0.005823026,6.013055556,AR-976,Cytation5,deGFP,MFG,0,0.13033627,0.003633799,0.040941584,0.015020094,0.002180573,0.007025149,0.023499938,0.017928015,0.001453226,0.074617041,0.007510047,0.011871193,0.031735863,0.018653893,0.003633799,0.011628744,0.011628744,0.001210776,0.00339135,0.004361146,0.018653893,0.074617041,0.018653893,0.037307786,0.093270933,0.093270933,0.931736597,0.018653893,0.018653893,0.018653893,0.018653893,0.007510047,0.005571923,0.001938124,0.001938124,0.018653893
Ribosome-MFG-194-AR-1076-AR-1077-Activity-QC-B6,B6,Sample,Ribosome AR-1077,3.5,8,20,2,2,0,0,50,100,1,1,1,0.02,2,0.3,2000,1.8,3.016304348,1705168,3/30/2026 0:00,ext,M,Ribosome-MFG-194-AR-1076-AR-1077-Activity-QC,Unknown,Unknown,Unknown,Unknown,Unknown,Unknown,Unknown,Unknown,Unknown,Unknown,Unknown,Unknown,AR-1035,Unknown,Unknown,Unknown,AR-1028,AR-1077,AR-1060,10,TRUE,0.844823643,4.692474704,0.764611182,0.001969363,6.013055556,AR-976,Cytation5,deGFP,MFG,0,0.13033627,0.003633799,0.040941584,0.015020094,0.002180573,0.007025149,0.023499938,0.017928015,0.001453226,0.074617041,0.007510047,0.011871193,0.031735863,0.018653893,0.003633799,0.011628744,0.011628744,0.001210776,0.00339135,0.004361146,0.018653893,0.074617041,0.018653893,0.037307786,0.093270933,0.093270933,0.931736597,0.018653893,0.018653893,0.018653893,0.018653893,0.007510047,0.005571923,0.001938124,0.001938124,0.018653893
Ribosome-MFG-194-AR-1076-AR-1077-Activity-QC-D16,D16,Positive Control,Positive Control,3.5,8,20,2,2,0,0,50,100,1,1,1,0.02,2,0.3,2000,1.8,3.016304348,1705168,3/30/2026 0:00,ext,M,Ribosome-MFG-194-AR-1076-AR-1077-Activity-QC,NEB Sol A,NEB Sol A,NEB Sol A,NEB Sol A,NEB Sol A,NEB Sol A,NEB Sol A,NEB Sol A,NEB Sol A,NEB Sol A,NEB Sol A,NEB Sol A,NEB Sol B,Unknown,NEB Sol A,NEB Sol A,AR-1028,NEB Sol B,NEB Sol B,10,TRUE,1.122917438,2.54399753,1.064284426,0.012681778,6.013055556,NEB Sol A,Cytation5,deGFP,MFG,0,0.13033627,0.003633799,0.040941584,0.015020094,0.002180573,0.007025149,0.023499938,0.017928015,0.001453226,0.074617041,0.007510047,0.011871193,0.031735863,0.018653893,0.003633799,0.011628744,0.011628744,0.001210776,0.00339135,0.004361146,0.018653893,0.074617041,0.018653893,0.037307786,0.093270933,0.093270933,0.931736597,0.018653893,0.018653893,0.018653893,0.018653893,0.007510047,0.005571923,0.001938124,0.001938124,0.018653893
Ribosome-MFG-194-AR-1076-AR-1077-Activity-QC-D4,D4,Sample,Ribosome AR-1076,3.5,8,20,2,2,0,0,50,100,1,1,1,0.02,2,0.3,2000,1.8,3.016304348,1705168,3/30/2026 0:00,ext,M,Ribosome-MFG-194-AR-1076-AR-1077-Activity-QC,Unknown,Unknown,Unknown,Unknown,Unknown,Unknown,Unknown,Unknown,Unknown,Unknown,Unknown,Unknown,AR-1035,Unknown,Unknown,Unknown,AR-1028,AR-1076,AR-1060,10,TRUE,1.0024477,4.431257105,0.720708485,0.006040301,6.013055556,AR-976,Cytation5,deGFP,MFG,0,0.13033627,0.003633799,0.040941584,0.015020094,0.002180573,0.007025149,0.023499938,0.017928015,0.001453226,0.074617041,0.007510047,0.011871193,0.031735863,0.018653893,0.003633799,0.011628744,0.011628744,0.001210776,0.00339135,0.004361146,0.018653893,0.074617041,0.018653893,0.037307786,0.093270933,0.093270933,0.931736597,0.018653893,0.018653893,0.018653893,0.018653893,0.007510047,0.005571923,0.001938124,0.001938124,0.018653893
Ribosome-MFG-194-AR-1076-AR-1077-Activity-QC-D6,D6,Sample,Ribosome AR-1077,3.5,8,20,2,2,0,0,50,100,1,1,1,0.02,2,0.3,2000,1.8,3.016304348,1705168,3/30/2026 0:00,ext,M,Ribosome-MFG-194-AR-1076-AR-1077-Activity-QC,Unknown,Unknown,Unknown,Unknown,Unknown,Unknown,Unknown,Unknown,Unknown,Unknown,Unknown,Unknown,AR-1035,Unknown,Unknown,Unknown,AR-1028,AR-1077,AR-1060,10,TRUE,0.823938374,4.619310494,0.756689731,0.002847357,6.013055556,AR-976,Cytation5,deGFP,MFG,0,0.13033627,0.003633799,0.040941584,0.015020094,0.002180573,0.007025149,0.023499938,0.017928015,0.001453226,0.074617041,0.007510047,0.011871193,0.031735863,0.018653893,0.003633799,0.011628744,0.011628744,0.001210776,0.00339135,0.004361146,0.018653893,0.074617041,0.018653893,0.037307786,0.093270933,0.093270933,0.931736597,0.018653893,0.018653893,0.018653893,0.018653893,0.007510047,0.005571923,0.001938124,0.001938124,0.018653893
Ribosome-MFG-194-AR-1076-AR-1077-Activity-QC-F16,F16,Positive Control,Positive Control,3.5,8,20,2,2,0,0,50,100,1,1,1,0.02,2,0.3,2000,1.8,3.016304348,1705168,3/30/2026 0:00,ext,M,Ribosome-MFG-194-AR-1076-AR-1077-Activity-QC,NEB Sol A,NEB Sol A,NEB Sol A,NEB Sol A,NEB Sol A,NEB Sol A,NEB Sol A,NEB Sol A,NEB Sol A,NEB Sol A,NEB Sol A,NEB Sol A,NEB Sol B,Unknown,NEB Sol A,NEB Sol A,AR-1028,NEB Sol B,NEB Sol B,10,TRUE,0.981083073,2.455287204,1.073695269,0.01336014,5.621484653,NEB Sol A,Cytation5,deGFP,MFG,0,0.13033627,0.003633799,0.040941584,0.015020094,0.002180573,0.007025149,0.023499938,0.017928015,0.001453226,0.074617041,0.007510047,0.011871193,0.031735863,0.018653893,0.003633799,0.011628744,0.011628744,0.001210776,0.00339135,0.004361146,0.018653893,0.074617041,0.018653893,0.037307786,0.093270933,0.093270933,0.931736597,0.018653893,0.018653893,0.018653893,0.018653893,0.007510047,0.005571923,0.001938124,0.001938124,0.018653893
Ribosome-MFG-194-AR-1076-AR-1077-Activity-QC-F4,F4,Sample,Ribosome AR-1076,3.5,8,20,2,2,0,0,50,100,1,1,1,0.02,2,0.3,2000,1.8,3.016304348,1705168,3/30/2026 0:00,ext,M,Ribosome-MFG-194-AR-1076-AR-1077-Activity-QC,Unknown,Unknown,Unknown,Unknown,Unknown,Unknown,Unknown,Unknown,Unknown,Unknown,Unknown,Unknown,AR-1035,Unknown,Unknown,Unknown,AR-1028,AR-1076,AR-1060,10,TRUE,1.021422519,4.504208987,0.711419491,0.005253802,6.013055556,AR-976,Cytation5,deGFP,MFG,0,0.13033627,0.003633799,0.040941584,0.015020094,0.002180573,0.007025149,0.023499938,0.017928015,0.001453226,0.074617041,0.007510047,0.011871193,0.031735863,0.018653893,0.003633799,0.011628744,0.011628744,0.001210776,0.00339135,0.004361146,0.018653893,0.074617041,0.018653893,0.037307786,0.093270933,0.093270933,0.931736597,0.018653893,0.018653893,0.018653893,0.018653893,0.007510047,0.005571923,0.001938124,0.001938124,0.018653893
Ribosome-MFG-194-AR-1076-AR-1077-Activity-QC-F6,F6,Sample,Ribosome AR-1077,3.5,8,20,2,2,0,0,50,100,1,1,1,0.02,2,0.3,2000,1.8,3.016304348,1705168,3/30/2026 0:00,ext,M,Ribosome-MFG-194-AR-1076-AR-1077-Activity-QC,Unknown,Unknown,Unknown,Unknown,Unknown,Unknown,Unknown,Unknown,Unknown,Unknown,Unknown,Unknown,AR-1035,Unknown,Unknown,Unknown,AR-1028,AR-1077,AR-1060,10,TRUE,0.81930879,4.771605867,0.726715098,0.002982552,6.013055556,AR-976,Cytation5,deGFP,MFG,0,0.13033627,0.003633799,0.040941584,0.015020094,0.002180573,0.007025149,0.023499938,0.017928015,0.001453226,0.074617041,0.007510047,0.011871193,0.031735863,0.018653893,0.003633799,0.011628744,0.011628744,0.001210776,0.00339135,0.004361146,0.018653893,0.074617041,0.018653893,0.037307786,0.093270933,0.093270933,0.931736597,0.018653893,0.018653893,0.018653893,0.018653893,0.007510047,0.005571923,0.001938124,0.001938124,0.018653893
tRNA-MFG-193-AR-1080-Activity-QC-B16,B16,Positive Control,Positive Control,3.5,8,20,2,2,0,0,50,100,1,1,1,0.02,2,0.3,2000,1.8,3.016304348,1705168,4/1/2026 0:00,ext,M,tRNA-MFG-193-AR-1080-Activity-QC,NEB Sol A,NEB Sol A,NEB Sol A,NEB Sol A,NEB Sol A,NEB Sol A,NEB Sol A,NEB Sol A,NEB Sol A,NEB Sol A,NEB Sol A,NEB Sol A,NEB Sol B,Unknown,NEB Sol A,NEB Sol A,AR-1028,NEB Sol B,NEB Sol B,10,TRUE,1.100550443,2.490421722,1.077849167,0.01315576,6.013055556,NEB Sol A,Cytation5,deGFP,MFG,0,0.13033627,0.003633799,0.040941584,0.015020094,0.002180573,0.007025149,0.023499938,0.017928015,0.001453226,0.074617041,0.007510047,0.011871193,0.031735863,0.018653893,0.003633799,0.011628744,0.011628744,0.001210776,0.00339135,0.004361146,0.018653893,0.074617041,0.018653893,0.037307786,0.093270933,0.093270933,0.931736597,0.018653893,0.018653893,0.018653893,0.018653893,0.007510047,0.005571923,0.001938124,0.001938124,0.018653893
tRNA-MFG-193-AR-1080-Activity-QC-B2,B2,Sample,tRNA AR-1080,3.5,8,20,2,2,0,0,50,100,1,1,1,0.02,2,0.3,2000,1.8,3.016304348,1705168,4/1/2026 0:00,ext,M,tRNA-MFG-193-AR-1080-Activity-QC,Unknown,Unknown,Unknown,Unknown,Unknown,Unknown,Unknown,Unknown,Unknown,Unknown,Unknown,Unknown,AR-1080,Unknown,Unknown,Unknown,AR-1028,AR-1011,AR-1060,10,TRUE,1.036126857,4.841868644,0.694072096,0.005050461,6.013055556,AR-976,Cytation5,deGFP,MFG,0,0.13033627,0.003633799,0.040941584,0.015020094,0.002180573,0.007025149,0.023499938,0.017928015,0.001453226,0.074617041,0.007510047,0.011871193,0.031735863,0.018653893,0.003633799,0.011628744,0.011628744,0.001210776,0.00339135,0.004361146,0.018653893,0.074617041,0.018653893,0.037307786,0.093270933,0.093270933,0.931736597,0.018653893,0.018653893,0.018653893,0.018653893,0.007510047,0.005571923,0.001938124,0.001938124,0.018653893
tRNA-MFG-193-AR-1080-Activity-QC-D16,D16,Positive Control,Positive Control,3.5,8,20,2,2,0,0,50,100,1,1,1,0.02,2,0.3,2000,1.8,3.016304348,1705168,4/1/2026 0:00,ext,M,tRNA-MFG-193-AR-1080-Activity-QC,NEB Sol A,NEB Sol A,NEB Sol A,NEB Sol A,NEB Sol A,NEB Sol A,NEB Sol A,NEB Sol A,NEB Sol A,NEB Sol A,NEB Sol A,NEB Sol A,NEB Sol B,Unknown,NEB Sol A,NEB Sol A,AR-1028,NEB Sol B,NEB Sol B,10,TRUE,1.122917438,2.54399753,1.064284426,0.012681778,6.013055556,NEB Sol A,Cytation5,deGFP,MFG,0,0.13033627,0.003633799,0.040941584,0.015020094,0.002180573,0.007025149,0.023499938,0.017928015,0.001453226,0.074617041,0.007510047,0.011871193,0.031735863,0.018653893,0.003633799,0.011628744,0.011628744,0.001210776,0.00339135,0.004361146,0.018653893,0.074617041,0.018653893,0.037307786,0.093270933,0.093270933,0.931736597,0.018653893,0.018653893,0.018653893,0.018653893,0.007510047,0.005571923,0.001938124,0.001938124,0.018653893
tRNA-MFG-193-AR-1080-Activity-QC-D2,D2,Sample,tRNA AR-1080,3.5,8,20,2,2,0,0,50,100,1,1,1,0.02,2,0.3,2000,1.8,3.016304348,1705168,4/1/2026 0:00,ext,M,tRNA-MFG-193-AR-1080-Activity-QC,Unknown,Unknown,Unknown,Unknown,Unknown,Unknown,Unknown,Unknown,Unknown,Unknown,Unknown,Unknown,AR-1080,Unknown,Unknown,Unknown,AR-1028,AR-1011,AR-1060,10,TRUE,1.071880937,4.926587584,0.677209454,0.004795197,6.013055556,AR-976,Cytation5,deGFP,MFG,0,0.13033627,0.003633799,0.040941584,0.015020094,0.002180573,0.007025149,0.023499938,0.017928015,0.001453226,0.074617041,0.007510047,0.011871193,0.031735863,0.018653893,0.003633799,0.011628744,0.011628744,0.001210776,0.00339135,0.004361146,0.018653893,0.074617041,0.018653893,0.037307786,0.093270933,0.093270933,0.931736597,0.018653893,0.018653893,0.018653893,0.018653893,0.007510047,0.005571923,0.001938124,0.001938124,0.018653893
tRNA-MFG-193-AR-1080-Activity-QC-F16,F16,Positive Control,Positive Control,3.5,8,20,2,2,0,0,50,100,1,1,1,0.02,2,0.3,2000,1.8,3.016304348,1705168,4/1/2026 0:00,ext,M,tRNA-MFG-193-AR-1080-Activity-QC,NEB Sol A,NEB Sol A,NEB Sol A,NEB Sol A,NEB Sol A,NEB Sol A,NEB Sol A,NEB Sol A,NEB Sol A,NEB Sol A,NEB Sol A,NEB Sol A,NEB Sol B,Unknown,NEB Sol A,NEB Sol A,AR-1028,NEB Sol B,NEB Sol B,10,TRUE,0.981083073,2.455287204,1.073695269,0.01336014,5.621484653,NEB Sol A,Cytation5,deGFP,MFG,0,0.13033627,0.003633799,0.040941584,0.015020094,0.002180573,0.007025149,0.023499938,0.017928015,0.001453226,0.074617041,0.007510047,0.011871193,0.031735863,0.018653893,0.003633799,0.011628744,0.011628744,0.001210776,0.00339135,0.004361146,0.018653893,0.074617041,0.018653893,0.037307786,0.093270933,0.093270933,0.931736597,0.018653893,0.018653893,0.018653893,0.018653893,0.007510047,0.005571923,0.001938124,0.001938124,0.018653893
tRNA-MFG-193-AR-1080-Activity-QC-F2,F2,Sample,tRNA AR-1080,3.5,8,20,2,2,0,0,50,100,1,1,1,0.02,2,0.3,2000,1.8,3.016304348,1705168,4/1/2026 0:00,ext,M,tRNA-MFG-193-AR-1080-Activity-QC,Unknown,Unknown,Unknown,Unknown,Unknown,Unknown,Unknown,Unknown,Unknown,Unknown,Unknown,Unknown,AR-1080,Unknown,Unknown,Unknown,AR-1028,AR-1011,AR-1060,10,TRUE,1.022436393,4.89134127,0.671342356,0.004800771,6.013055556,AR-976,Cytation5,deGFP,MFG,0,0.13033627,0.003633799,0.040941584,0.015020094,0.002180573,0.007025149,0.023499938,0.017928015,0.001453226,0.074617041,0.007510047,0.011871193,0.031735863,0.018653893,0.003633799,0.011628744,0.011628744,0.001210776,0.00339135,0.004361146,0.018653893,0.074617041,0.018653893,0.037307786,0.093270933,0.093270933,0.931736597,0.018653893,0.018653893,0.018653893,0.018653893,0.007510047,0.005571923,0.001938124,0.001938124,0.018653893
PPK-custom-Smix-without-PEG-B2,B2,Sample,CP/CK 8mM Mg2+,3.5,8,20,2,2,0,0,50,100,1,1,1,0.02,2,0.3,0,1.8,2.98,130723A,4/13/2026 0:00,35,F,PPK-custom-Smix-without-PEG,Unknown,Unknown,Unknown,Unknown,Unknown,Unknown,Unknown,Unknown,Unknown,Unknown,Unknown,Unknown,AR-900,Unknown,Unknown,Unknown,pOpen-plamGFP,NEB Sol B,NEB Sol B,10,TRUE,1.434532152,2.116384404,1.249122418,0.023914588,6,3X Smix+tRNA-CP-Mg,Cytation3,plamGFP,R&D,0,0.13033627,0.003633799,0.040941584,0.015020094,0.002180573,0.007025149,0.023499938,0.017928015,0.001453226,0.074617041,0.007510047,0.011871193,0.031735863,0.018653893,0.003633799,0.011628744,0.011628744,0.001210776,0.00339135,0.004361146,0.018653893,0.074617041,0.018653893,0.037307786,0.093270933,0.093270933,0.931736597,0.018653893,0.018653893,0.018653893,0.018653893,0.007510047,0.005571923,0.001938124,0.001938124,0.018653893
PPK-custom-Smix-without-PEG-B4,B4,Sample,CP/CK 8mM Mg2+,3.5,8,20,2,2,0,0,50,100,1,1,1,0.02,2,0.3,0,1.8,2.98,130723A,4/13/2026 0:00,35,F,PPK-custom-Smix-without-PEG,Unknown,Unknown,Unknown,Unknown,Unknown,Unknown,Unknown,Unknown,Unknown,Unknown,Unknown,Unknown,AR-900,Unknown,Unknown,Unknown,pOpen-plamGFP,NEB Sol B,NEB Sol B,10,TRUE,1.438161059,2.117376779,1.252932136,0.023771926,6,3X Smix+tRNA-CP-Mg,Cytation3,plamGFP,R&D,0,0.13033627,0.003633799,0.040941584,0.015020094,0.002180573,0.007025149,0.023499938,0.017928015,0.001453226,0.074617041,0.007510047,0.011871193,0.031735863,0.018653893,0.003633799,0.011628744,0.011628744,0.001210776,0.00339135,0.004361146,0.018653893,0.074617041,0.018653893,0.037307786,0.093270933,0.093270933,0.931736597,0.018653893,0.018653893,0.018653893,0.018653893,0.007510047,0.005571923,0.001938124,0.001938124,0.018653893
PPK-custom-Smix-without-PEG-B6,B6,Sample,CP/CK 8mM Mg2+,3.5,8,20,2,2,0,0,50,100,1,1,1,0.02,2,0.3,0,1.8,2.98,130723A,4/13/2026 0:00,35,F,PPK-custom-Smix-without-PEG,Unknown,Unknown,Unknown,Unknown,Unknown,Unknown,Unknown,Unknown,Unknown,Unknown,Unknown,Unknown,AR-900,Unknown,Unknown,Unknown,pOpen-plamGFP,NEB Sol B,NEB Sol B,10,TRUE,1.433299918,2.148682932,1.261622878,0.022485042,6,3X Smix+tRNA-CP-Mg,Cytation3,plamGFP,R&D,0,0.13033627,0.003633799,0.040941584,0.015020094,0.002180573,0.007025149,0.023499938,0.017928015,0.001453226,0.074617041,0.007510047,0.011871193,0.031735863,0.018653893,0.003633799,0.011628744,0.011628744,0.001210776,0.00339135,0.004361146,0.018653893,0.074617041,0.018653893,0.037307786,0.093270933,0.093270933,0.931736597,0.018653893,0.018653893,0.018653893,0.018653893,0.007510047,0.005571923,0.001938124,0.001938124,0.018653893
PPK-custom-Smix-without-PEG-D2,D2,Sample,CP/CK Negative Control (-CP),3.5,8,0,2,2,0,0,50,100,1,1,1,0.02,2,0.3,0,1.8,2.98,130723A,4/13/2026 0:00,35,F,PPK-custom-Smix-without-PEG,Unknown,Unknown,Unknown,Unknown,Unknown,Unknown,Unknown,Unknown,Unknown,Unknown,Unknown,Unknown,AR-900,Unknown,Unknown,Unknown,pOpen-plamGFP,NEB Sol B,NEB Sol B,10,TRUE,0.189572766,3.276115142,0.993888553,0.005008917,4.026828197,3X Smix+tRNA-CP-Mg,Cytation3,plamGFP,R&D,0,0.13033627,0.003633799,0.040941584,0.015020094,0.002180573,0.007025149,0.023499938,0.017928015,0.001453226,0.074617041,0.007510047,0.011871193,0.031735863,0.018653893,0.003633799,0.011628744,0.011628744,0.001210776,0.00339135,0.004361146,0.018653893,0.074617041,0.018653893,0.037307786,0.093270933,0.093270933,0.931736597,0.018653893,0.018653893,0.018653893,0.018653893,0.007510047,0.005571923,0.001938124,0.001938124,0.018653893
PPK-custom-Smix-without-PEG-D4,D4,Sample,CP/CK Negative Control (-CP),3.5,8,0,2,2,0,0,50,100,1,1,1,0.02,2,0.3,0,1.8,2.98,130723A,4/13/2026 0:00,35,F,PPK-custom-Smix-without-PEG,Unknown,Unknown,Unknown,Unknown,Unknown,Unknown,Unknown,Unknown,Unknown,Unknown,Unknown,Unknown,AR-900,Unknown,Unknown,Unknown,pOpen-plamGFP,NEB Sol B,NEB Sol B,10,TRUE,0.180117799,3.248791268,0.987480583,0.004893376,4.025386313,3X Smix+tRNA-CP-Mg,Cytation3,plamGFP,R&D,0,0.13033627,0.003633799,0.040941584,0.015020094,0.002180573,0.007025149,0.023499938,0.017928015,0.001453226,0.074617041,0.007510047,0.011871193,0.031735863,0.018653893,0.003633799,0.011628744,0.011628744,0.001210776,0.00339135,0.004361146,0.018653893,0.074617041,0.018653893,0.037307786,0.093270933,0.093270933,0.931736597,0.018653893,0.018653893,0.018653893,0.018653893,0.007510047,0.005571923,0.001938124,0.001938124,0.018653893
PPK-custom-Smix-without-PEG-D6,D6,Sample,CP/CK Negative Control (-CP),3.5,8,0,2,2,0,0,50,100,1,1,1,0.02,2,0.3,0,1.8,2.98,130723A,4/13/2026 0:00,35,F,PPK-custom-Smix-without-PEG,Unknown,Unknown,Unknown,Unknown,Unknown,Unknown,Unknown,Unknown,Unknown,Unknown,Unknown,Unknown,AR-900,Unknown,Unknown,Unknown,pOpen-plamGFP,NEB Sol B,NEB Sol B,10,TRUE,0.168115041,3.237885872,0.981705719,0.004634175,4.006513855,3X Smix+tRNA-CP-Mg,Cytation3,plamGFP,R&D,0,0.13033627,0.003633799,0.040941584,0.015020094,0.002180573,0.007025149,0.023499938,0.017928015,0.001453226,0.074617041,0.007510047,0.011871193,0.031735863,0.018653893,0.003633799,0.011628744,0.011628744,0.001210776,0.00339135,0.004361146,0.018653893,0.074617041,0.018653893,0.037307786,0.093270933,0.093270933,0.931736597,0.018653893,0.018653893,0.018653893,0.018653893,0.007510047,0.005571923,0.001938124,0.001938124,0.018653893
PPK-custom-Smix-without-PEG-F2,F2,Sample,CP/CK + polyP + 18 mM Mg,3.5,18,20,2,2,0,30,50,100,1,1,1,0.02,2,0.3,0,1.8,2.98,130723A,4/13/2026 0:00,35,F,PPK-custom-Smix-without-PEG,Unknown,Unknown,Unknown,Unknown,Unknown,Unknown,Unknown,Unknown,Unknown,Unknown,Unknown,Unknown,AR-900,Unknown,Unknown,Unknown,pOpen-plamGFP,NEB Sol B,NEB Sol B,10,TRUE,1.707694497,2.356852765,1.148194387,0.028459895,6,3X Smix+tRNA-CP-Mg,Cytation3,plamGFP,R&D,0,0.13033627,0.003633799,0.040941584,0.015020094,0.002180573,0.007025149,0.023499938,0.017928015,0.001453226,0.074617041,0.007510047,0.011871193,0.031735863,0.018653893,0.003633799,0.011628744,0.011628744,0.001210776,0.00339135,0.004361146,0.018653893,0.074617041,0.018653893,0.037307786,0.093270933,0.093270933,0.931736597,0.018653893,0.018653893,0.018653893,0.018653893,0.007510047,0.005571923,0.001938124,0.001938124,0.018653893
PPK-custom-Smix-without-PEG-F4,F4,Sample,CP/CK + polyP + 18 mM Mg,3.5,18,20,2,2,0,30,50,100,1,1,1,0.02,2,0.3,0,1.8,2.98,130723A,4/13/2026 0:00,35,F,PPK-custom-Smix-without-PEG,Unknown,Unknown,Unknown,Unknown,Unknown,Unknown,Unknown,Unknown,Unknown,Unknown,Unknown,Unknown,AR-900,Unknown,Unknown,Unknown,pOpen-plamGFP,NEB Sol B,NEB Sol B,10,TRUE,1.7105649,2.352698492,1.151323984,0.028499371,6,3X Smix+tRNA-CP-Mg,Cytation3,plamGFP,R&D,0,0.13033627,0.003633799,0.040941584,0.015020094,0.002180573,0.007025149,0.023499938,0.017928015,0.001453226,0.074617041,0.007510047,0.011871193,0.031735863,0.018653893,0.003633799,0.011628744,0.011628744,0.001210776,0.00339135,0.004361146,0.018653893,0.074617041,0.018653893,0.037307786,0.093270933,0.093270933,0.931736597,0.018653893,0.018653893,0.018653893,0.018653893,0.007510047,0.005571923,0.001938124,0.001938124,0.018653893
PPK-custom-Smix-without-PEG-F6,F6,Sample,CP/CK + polyP + 18 mM Mg,3.5,18,20,2,2,0,30,50,100,1,1,1,0.02,2,0.3,0,1.8,2.98,130723A,4/13/2026 0:00,35,F,PPK-custom-Smix-without-PEG,Unknown,Unknown,Unknown,Unknown,Unknown,Unknown,Unknown,Unknown,Unknown,Unknown,Unknown,Unknown,AR-900,Unknown,Unknown,Unknown,pOpen-plamGFP,NEB Sol B,NEB Sol B,10,TRUE,1.705499143,2.348811724,1.151722997,0.0286124,6,3X Smix+tRNA-CP-Mg,Cytation3,plamGFP,R&D,0,0.13033627,0.003633799,0.040941584,0.015020094,0.002180573,0.007025149,0.023499938,0.017928015,0.001453226,0.074617041,0.007510047,0.011871193,0.031735863,0.018653893,0.003633799,0.011628744,0.011628744,0.001210776,0.00339135,0.004361146,0.018653893,0.074617041,0.018653893,0.037307786,0.093270933,0.093270933,0.931736597,0.018653893,0.018653893,0.018653893,0.018653893,0.007510047,0.005571923,0.001938124,0.001938124,0.018653893
PPK-custom-Smix-without-PEG-H2,H2,Sample,PPK/polyP + 18 mM Mg2+,3.5,18,0,2,2,2.0125,30,50,100,1,1,1,0.02,2,0.3,0,1.8,2.98,130723A,4/13/2026 0:00,35,F,PPK-custom-Smix-without-PEG,Unknown,Unknown,Unknown,Unknown,Unknown,Unknown,Unknown,Unknown,Unknown,Unknown,Unknown,Unknown,AR-900,Unknown,Unknown,Unknown,pOpen-plamGFP,NEB Sol B,NEB Sol B,10,TRUE,0.552861943,4.485221531,0.93150927,0.01481871,2.05042653,3X Smix+tRNA-CP-Mg,Cytation3,plamGFP,R&D,0,0.13033627,0.003633799,0.040941584,0.015020094,0.002180573,0.007025149,0.023499938,0.017928015,0.001453226,0.074617041,0.007510047,0.011871193,0.031735863,0.018653893,0.003633799,0.011628744,0.011628744,0.001210776,0.00339135,0.004361146,0.018653893,0.074617041,0.018653893,0.037307786,0.093270933,0.093270933,0.931736597,0.018653893,0.018653893,0.018653893,0.018653893,0.007510047,0.005571923,0.001938124,0.001938124,0.018653893
PPK-custom-Smix-without-PEG-H4,H4,Sample,PPK/polyP + 18 mM Mg2+,3.5,18,0,2,2,2.0125,30,50,100,1,1,1,0.02,2,0.3,0,1.8,2.98,130723A,4/13/2026 0:00,35,F,PPK-custom-Smix-without-PEG,Unknown,Unknown,Unknown,Unknown,Unknown,Unknown,Unknown,Unknown,Unknown,Unknown,Unknown,Unknown,AR-900,Unknown,Unknown,Unknown,pOpen-plamGFP,NEB Sol B,NEB Sol B,10,TRUE,0.579464516,4.427205389,0.93533159,0.014717034,2.199514049,3X Smix+tRNA-CP-Mg,Cytation3,plamGFP,R&D,0,0.13033627,0.003633799,0.040941584,0.015020094,0.002180573,0.007025149,0.023499938,0.017928015,0.001453226,0.074617041,0.007510047,0.011871193,0.031735863,0.018653893,0.003633799,0.011628744,0.011628744,0.001210776,0.00339135,0.004361146,0.018653893,0.074617041,0.018653893,0.037307786,0.093270933,0.093270933,0.931736597,0.018653893,0.018653893,0.018653893,0.018653893,0.007510047,0.005571923,0.001938124,0.001938124,0.018653893
PPK-custom-Smix-without-PEG-H6,H6,Sample,PPK/polyP + 18 mM Mg2+,3.5,18,0,2,2,2.0125,30,50,100,1,1,1,0.02,2,0.3,0,1.8,2.98,130723A,4/13/2026 0:00,35,F,PPK-custom-Smix-without-PEG,Unknown,Unknown,Unknown,Unknown,Unknown,Unknown,Unknown,Unknown,Unknown,Unknown,Unknown,Unknown,AR-900,Unknown,Unknown,Unknown,pOpen-plamGFP,NEB Sol B,NEB Sol B,10,TRUE,0.539882592,4.427562538,0.930971485,0.014578944,2.095030357,3X Smix+tRNA-CP-Mg,Cytation3,plamGFP,R&D,0,0.13033627,0.003633799,0.040941584,0.015020094,0.002180573,0.007025149,0.023499938,0.017928015,0.001453226,0.074617041,0.007510047,0.011871193,0.031735863,0.018653893,0.003633799,0.011628744,0.011628744,0.001210776,0.00339135,0.004361146,0.018653893,0.074617041,0.018653893,0.037307786,0.093270933,0.093270933,0.931736597,0.018653893,0.018653893,0.018653893,0.018653893,0.007510047,0.005571923,0.001938124,0.001938124,0.018653893
PPK-custom-Smix-without-PEG-J2,J2,Sample,CP/CK + PPK/polyP + 18 mM Mg2+,3.5,18,20,2,2,2.0125,30,50,100,1,1,1,0.02,2,0.3,0,1.8,2.98,130723A,4/13/2026 0:00,35,F,PPK-custom-Smix-without-PEG,Unknown,Unknown,Unknown,Unknown,Unknown,Unknown,Unknown,Unknown,Unknown,Unknown,Unknown,Unknown,AR-900,Unknown,Unknown,Unknown,pOpen-plamGFP,NEB Sol B,NEB Sol B,10,TRUE,1.667205468,2.040655986,1.251782265,0.032719481,5.968961953,3X Smix+tRNA-CP-Mg,Cytation3,plamGFP,R&D,0,0.13033627,0.003633799,0.040941584,0.015020094,0.002180573,0.007025149,0.023499938,0.017928015,0.001453226,0.074617041,0.007510047,0.011871193,0.031735863,0.018653893,0.003633799,0.011628744,0.011628744,0.001210776,0.00339135,0.004361146,0.018653893,0.074617041,0.018653893,0.037307786,0.093270933,0.093270933,0.931736597,0.018653893,0.018653893,0.018653893,0.018653893,0.007510047,0.005571923,0.001938124,0.001938124,0.018653893
PPK-custom-Smix-without-PEG-J4,J4,Sample,CP/CK + PPK/polyP + 18 mM Mg2+,3.5,18,20,2,2,2.0125,30,50,100,1,1,1,0.02,2,0.3,0,1.8,2.98,130723A,4/13/2026 0:00,35,F,PPK-custom-Smix-without-PEG,Unknown,Unknown,Unknown,Unknown,Unknown,Unknown,Unknown,Unknown,Unknown,Unknown,Unknown,Unknown,AR-900,Unknown,Unknown,Unknown,pOpen-plamGFP,NEB Sol B,NEB Sol B,10,TRUE,1.632088858,2.123657522,1.276843052,0.029842261,5.253995758,3X Smix+tRNA-CP-Mg,Cytation3,plamGFP,R&D,0,0.13033627,0.003633799,0.040941584,0.015020094,0.002180573,0.007025149,0.023499938,0.017928015,0.001453226,0.074617041,0.007510047,0.011871193,0.031735863,0.018653893,0.003633799,0.011628744,0.011628744,0.001210776,0.00339135,0.004361146,0.018653893,0.074617041,0.018653893,0.037307786,0.093270933,0.093270933,0.931736597,0.018653893,0.018653893,0.018653893,0.018653893,0.007510047,0.005571923,0.001938124,0.001938124,0.018653893
PPK-custom-Smix-without-PEG-J6,J6,Sample,CP/CK + PPK/polyP + 18 mM Mg2+,3.5,18,20,2,2,2.0125,30,50,100,1,1,1,0.02,2,0.3,0,1.8,2.98,130723A,4/13/2026 0:00,35,F,PPK-custom-Smix-without-PEG,Unknown,Unknown,Unknown,Unknown,Unknown,Unknown,Unknown,Unknown,Unknown,Unknown,Unknown,Unknown,AR-900,Unknown,Unknown,Unknown,pOpen-plamGFP,NEB Sol B,NEB Sol B,10,TRUE,1.66657901,2.115248225,1.221490069,0.031543876,6,3X Smix+tRNA-CP-Mg,Cytation3,plamGFP,R&D,0,0.13033627,0.003633799,0.040941584,0.015020094,0.002180573,0.007025149,0.023499938,0.017928015,0.001453226,0.074617041,0.007510047,0.011871193,0.031735863,0.018653893,0.003633799,0.011628744,0.011628744,0.001210776,0.00339135,0.004361146,0.018653893,0.074617041,0.018653893,0.037307786,0.093270933,0.093270933,0.931736597,0.018653893,0.018653893,0.018653893,0.018653893,0.007510047,0.005571923,0.001938124,0.001938124,0.018653893
PPK-custom-Smix-without-PEG-L2,L2,Control,PURExpress Positive Control,3.5,0,0,2,2,0,0,50,100,1,1,1,0.02,2,0.3,0,1.8,2.98,130723A,4/13/2026 0:00,35,F,PPK-custom-Smix-without-PEG,NEB Sol A,NEB Sol A,NEB Sol A,NEB Sol A,NEB Sol A,NEB Sol A,NEB Sol A,NEB Sol A,NEB Sol A,NEB Sol A,NEB Sol A,NEB Sol A,AR-900,Unknown,NEB Sol A,NEB Sol A,pOpen-plamGFP,NEB Sol B,NEB Sol B,10,TRUE,1.439056762,2.968636101,1.054997716,0.021520925,5.989453242,NEB Sol A,Cytation3,plamGFP,R&D,0,0.13033627,0.003633799,0.040941584,0.015020094,0.002180573,0.007025149,0.023499938,0.017928015,0.001453226,0.074617041,0.007510047,0.011871193,0.031735863,0.018653893,0.003633799,0.011628744,0.011628744,0.001210776,0.00339135,0.004361146,0.018653893,0.074617041,0.018653893,0.037307786,0.093270933,0.093270933,0.931736597,0.018653893,0.018653893,0.018653893,0.018653893,0.007510047,0.005571923,0.001938124,0.001938124,0.018653893
PPK-custom-Smix-without-PEG-L4,L4,Control,PURExpress Positive Control,3.5,0,0,2,2,0,0,50,100,1,1,1,0.02,2,0.3,0,1.8,2.98,130723A,4/13/2026 0:00,35,F,PPK-custom-Smix-without-PEG,NEB Sol A,NEB Sol A,NEB Sol A,NEB Sol A,NEB Sol A,NEB Sol A,NEB Sol A,NEB Sol A,NEB Sol A,NEB Sol A,NEB Sol A,NEB Sol A,AR-900,Unknown,NEB Sol A,NEB Sol A,pOpen-plamGFP,NEB Sol B,NEB Sol B,10,TRUE,1.247645298,3.24411553,1.029328293,0.020569777,4.833271525,NEB Sol A,Cytation3,plamGFP,R&D,0,0.13033627,0.003633799,0.040941584,0.015020094,0.002180573,0.007025149,0.023499938,0.017928015,0.001453226,0.074617041,0.007510047,0.011871193,0.031735863,0.018653893,0.003633799,0.011628744,0.011628744,0.001210776,0.00339135,0.004361146,0.018653893,0.074617041,0.018653893,0.037307786,0.093270933,0.093270933,0.931736597,0.018653893,0.018653893,0.018653893,0.018653893,0.007510047,0.005571923,0.001938124,0.001938124,0.018653893
PPK-custom-Smix-without-PEG-L6,L6,Control,PURExpress Positive Control,3.5,0,0,2,2,0,0,50,100,1,1,1,0.02,2,0.3,0,1.8,2.98,130723A,4/13/2026 0:00,35,F,PPK-custom-Smix-without-PEG,NEB Sol A,NEB Sol A,NEB Sol A,NEB Sol A,NEB Sol A,NEB Sol A,NEB Sol A,NEB Sol A,NEB Sol A,NEB Sol A,NEB Sol A,NEB Sol A,AR-900,Unknown,NEB Sol A,NEB Sol A,pOpen-plamGFP,NEB Sol B,NEB Sol B,10,TRUE,1.445665579,3.035345886,1.046644106,0.020925674,6,NEB Sol A,Cytation3,plamGFP,R&D,0,0.13033627,0.003633799,0.040941584,0.015020094,0.002180573,0.007025149,0.023499938,0.017928015,0.001453226,0.074617041,0.007510047,0.011871193,0.031735863,0.018653893,0.003633799,0.011628744,0.011628744,0.001210776,0.00339135,0.004361146,0.018653893,0.074617041,0.018653893,0.037307786,0.093270933,0.093270933,0.931736597,0.018653893,0.018653893,0.018653893,0.018653893,0.007510047,0.005571923,0.001938124,0.001938124,0.018653893
20260519-DiscoveryPlate-R3-E6,E6,Sample,DiscoveryPlate-R3-2,4.219038342,31.4348027,47.74690674,4.371750674,4.088750674,3.0636,31.9583,50,100,1,1,1,0.02,2,0.3,2000,1.8,2.2695,1705168,5/19/2026 0:00,ext,M,20260519-DiscoveryPlate-R3,YK,AR-954,JC-0513,AR-970,AR-971,AR-972,AR-973,AR-702,Unknown,AR-959,AR-967,AR-969,AR-902,Unknown,Unknown,AR-308,AR-1028,AR-905,AR-975,10,FALSE,0,,,0,,20260519-DiscoveryPlate-R3-SMS,Unknown,Unknown,Labcraft,0,0.13033627,0.003633799,0.040941584,0.015020094,0.002180573,0.007025149,0.023499938,0.017928015,0.001453226,0.074617041,0.007510047,0.011871193,0.031735863,0.018653893,0.003633799,0.011628744,0.011628744,0.001210776,0.00339135,0.004361146,0.018653893,0.074617041,0.018653893,0.037307786,0.093270933,0.093270933,0.931736597,0.018653893,0.018653893,0.018653893,0.018653893,0.007510047,0.005571923,0.001938124,0.001938124,0.018653893
20260519-DiscoveryPlate-R3-E7,E7,Sample,DiscoveryPlate-R3-11,4.55510827,55.88638646,37.07156616,2.937046616,5.915946616,0.4737,13.9526,50,100,1,1,1,0.02,2,0.3,2000,1.8,2.1055,1705168,5/19/2026 0:00,ext,M,20260519-DiscoveryPlate-R3,YK,AR-954,JC-0513,AR-970,AR-971,AR-972,AR-973,AR-702,Unknown,AR-959,AR-967,AR-969,AR-902,Unknown,Unknown,AR-308,AR-1028,AR-905,AR-975,10,TRUE,0.012549017,0.36907695,5.916713734,4.81E-05,4.330087168,20260519-DiscoveryPlate-R3-SMS,Unknown,Unknown,Labcraft,0,0.13033627,0.003633799,0.040941584,0.015020094,0.002180573,0.007025149,0.023499938,0.017928015,0.001453226,0.074617041,0.007510047,0.011871193,0.031735863,0.018653893,0.003633799,0.011628744,0.011628744,0.001210776,0.00339135,0.004361146,0.018653893,0.074617041,0.018653893,0.037307786,0.093270933,0.093270933,0.931736597,0.018653893,0.018653893,0.018653893,0.018653893,0.007510047,0.005571923,0.001938124,0.001938124,0.018653893
20260519-DiscoveryPlate-R3-E8,E8,Sample,DiscoveryPlate-R3-7,4.616751166,17.28622373,39.70100933,2.722480933,5.822280933,2.0292,33.6199,50,100,1,1,1,0.02,2,0.3,2000,1.8,2.2549,1705168,5/19/2026 0:00,ext,M,20260519-DiscoveryPlate-R3,YK,AR-954,JC-0513,AR-970,AR-971,AR-972,AR-973,AR-702,Unknown,AR-959,AR-967,AR-969,AR-902,Unknown,Unknown,AR-308,AR-1028,AR-905,AR-975,10,TRUE,0.012317169,0.367627175,5.508162258,0.00011308,3.897740059,20260519-DiscoveryPlate-R3-SMS,Unknown,Unknown,Labcraft,0,0.13033627,0.003633799,0.040941584,0.015020094,0.002180573,0.007025149,0.023499938,0.017928015,0.001453226,0.074617041,0.007510047,0.011871193,0.031735863,0.018653893,0.003633799,0.011628744,0.011628744,0.001210776,0.00339135,0.004361146,0.018653893,0.074617041,0.018653893,0.037307786,0.093270933,0.093270933,0.931736597,0.018653893,0.018653893,0.018653893,0.018653893,0.007510047,0.005571923,0.001938124,0.001938124,0.018653893
20260519-DiscoveryPlate-R3-E9,E9,Sample,DiscoveryPlate-R3-GES-13,2.5015951,23.33770432,30.8660608,1.86967608,1.86967608,0,0,50,100,1,1,1,0.02,2,0.3,2000,1.8,1.8913,1705168,5/19/2026 0:00,ext,M,20260519-DiscoveryPlate-R3,YK,AR-954,JC-0513,AR-970,AR-971,AR-972,AR-973,AR-702,Unknown,AR-959,AR-967,AR-969,AR-902,Unknown,Unknown,AR-308,AR-1028,AR-905,AR-975,10,TRUE,0.278153879,4.406277991,0.712563248,0.002763896,4.252706327,20260519-DiscoveryPlate-R3-SMS,Unknown,Unknown,Labcraft,0,0.13033627,0.003633799,0.040941584,0.015020094,0.002180573,0.007025149,0.023499938,0.017928015,0.001453226,0.074617041,0.007510047,0.011871193,0.031735863,0.018653893,0.003633799,0.011628744,0.011628744,0.001210776,0.00339135,0.004361146,0.018653893,0.074617041,0.018653893,0.037307786,0.093270933,0.093270933,0.931736597,0.018653893,0.018653893,0.018653893,0.018653893,0.007510047,0.005571923,0.001938124,0.001938124,0.018653893
20260519-DiscoveryPlate-R3-E10,E10,Sample,DiscoveryPlate-R3-labcraft_PPK,3.371000128,8.04896041,20.12240103,2.012240103,2.012240103,1.3738,16.8608,50,100,1,1,1,0.02,2,0.3,2000,1.8,2.0355,1705168,5/19/2026 0:00,ext,M,20260519-DiscoveryPlate-R3,YK,AR-954,JC-0513,AR-970,AR-971,AR-972,AR-973,AR-702,Unknown,AR-959,AR-967,AR-969,AR-902,Unknown,Unknown,AR-308,AR-1028,AR-905,AR-975,10,TRUE,0.003559969,0.901697623,2.851887183,-0.000174223,3.993239614,20260519-DiscoveryPlate-R3-SMS,Unknown,Unknown,Labcraft,0,0.13033627,0.003633799,0.040941584,0.015020094,0.002180573,0.007025149,0.023499938,0.017928015,0.001453226,0.074617041,0.007510047,0.011871193,0.031735863,0.018653893,0.003633799,0.011628744,0.011628744,0.001210776,0.00339135,0.004361146,0.018653893,0.074617041,0.018653893,0.037307786,0.093270933,0.093270933,0.931736597,0.018653893,0.018653893,0.018653893,0.018653893,0.007510047,0.005571923,0.001938124,0.001938124,0.018653893
20260519-DiscoveryPlate-R3-E11,E11,Sample,DiscoveryPlate-R3-18,3.559622006,50.21047042,26.54827605,4.970317605,4.323917605,4.0748,1.765,50,100,1,1,1,0.02,2,0.3,2000,1.8,2.1308,1705168,5/19/2026 0:00,ext,M,20260519-DiscoveryPlate-R3,YK,AR-954,JC-0513,AR-970,AR-971,AR-972,AR-973,AR-702,Unknown,AR-959,AR-967,AR-969,AR-902,Unknown,Unknown,AR-308,AR-1028,AR-905,AR-975,10,TRUE,0.014420874,4.511763027,0.168048603,0.000556123,4.241098733,20260519-DiscoveryPlate-R3-SMS,Unknown,Unknown,Labcraft,0,0.13033627,0.003633799,0.040941584,0.015020094,0.002180573,0.007025149,0.023499938,0.017928015,0.001453226,0.074617041,0.007510047,0.011871193,0.031735863,0.018653893,0.003633799,0.011628744,0.011628744,0.001210776,0.00339135,0.004361146,0.018653893,0.074617041,0.018653893,0.037307786,0.093270933,0.093270933,0.931736597,0.018653893,0.018653893,0.018653893,0.018653893,0.007510047,0.005571923,0.001938124,0.001938124,0.018653893
20260519-DiscoveryPlate-R3-E12,E12,Sample,DiscoveryPlate-R3-12,3.94069979,35.84467933,40.68459832,4.282619832,4.859819832,1.4534,17.8368,50,100,1,1,1,0.02,2,0.3,2000,1.8,2.1533,1705168,5/19/2026 0:00,ext,M,20260519-DiscoveryPlate-R3,YK,AR-954,JC-0513,AR-970,AR-971,AR-972,AR-973,AR-702,Unknown,AR-959,AR-967,AR-969,AR-902,Unknown,Unknown,AR-308,AR-1028,AR-905,AR-975,10,TRUE,0.011364832,0.465482303,5.115488023,3.83E-05,3.242257537,20260519-DiscoveryPlate-R3-SMS,Unknown,Unknown,Labcraft,0,0.13033627,0.003633799,0.040941584,0.015020094,0.002180573,0.007025149,0.023499938,0.017928015,0.001453226,0.074617041,0.007510047,0.011871193,0.031735863,0.018653893,0.003633799,0.011628744,0.011628744,0.001210776,0.00339135,0.004361146,0.018653893,0.074617041,0.018653893,0.037307786,0.093270933,0.093270933,0.931736597,0.018653893,0.018653893,0.018653893,0.018653893,0.007510047,0.005571923,0.001938124,0.001938124,0.018653893
20260519-DiscoveryPlate-R3-E13,E13,Sample,DiscoveryPlate-R3-2,4.219038342,31.4348027,47.74690674,4.371750674,4.088750674,3.0636,31.9583,50,100,1,1,1,0.02,2,0.3,2000,1.8,2.2695,1705168,5/19/2026 0:00,ext,M,20260519-DiscoveryPlate-R3,YK,AR-954,JC-0513,AR-970,AR-971,AR-972,AR-973,AR-702,Unknown,AR-959,AR-967,AR-969,AR-902,Unknown,Unknown,AR-308,AR-1028,AR-905,AR-975,10,FALSE,0,,,0,,20260519-DiscoveryPlate-R3-SMS,Unknown,Unknown,Labcraft,0,0.13033627,0.003633799,0.040941584,0.015020094,0.002180573,0.007025149,0.023499938,0.017928015,0.001453226,0.074617041,0.007510047,0.011871193,0.031735863,0.018653893,0.003633799,0.011628744,0.011628744,0.001210776,0.00339135,0.004361146,0.018653893,0.074617041,0.018653893,0.037307786,0.093270933,0.093270933,0.931736597,0.018653893,0.018653893,0.018653893,0.018653893,0.007510047,0.005571923,0.001938124,0.001938124,0.018653893
20260519-DiscoveryPlate-R3-E14,E14,Sample,DiscoveryPlate-R3-GES-19,3.70974666,96.26082931,78.42497328,2.176357328,2.892357328,3.4671,31.0011,50,100,1,1,1,0.02,2,0.3,2000,1.8,2.2015,1705168,5/19/2026 0:00,ext,M,20260519-DiscoveryPlate-R3,YK,AR-954,JC-0513,AR-970,AR-971,AR-972,AR-973,AR-702,Unknown,AR-959,AR-967,AR-969,AR-902,Unknown,Unknown,AR-308,AR-1028,AR-905,AR-975,10,FALSE,0,,,0,,20260519-DiscoveryPlate-R3-SMS,Unknown,Unknown,Labcraft,0,0.13033627,0.003633799,0.040941584,0.015020094,0.002180573,0.007025149,0.023499938,0.017928015,0.001453226,0.074617041,0.007510047,0.011871193,0.031735863,0.018653893,0.003633799,0.011628744,0.011628744,0.001210776,0.00339135,0.004361146,0.018653893,0.074617041,0.018653893,0.037307786,0.093270933,0.093270933,0.931736597,0.018653893,0.018653893,0.018653893,0.018653893,0.007510047,0.005571923,0.001938124,0.001938124,0.018653893
20260519-DiscoveryPlate-R3-E15,E15,Control,labcraft_ctrl,3.157905702,7.540178245,18.85044561,1.885044561,1.885044561,0,0,50,100,1,1,1,0.02,2,0.3,2000,1.8,1.9068,1705168,5/19/2026 0:00,ext,M,20260519-DiscoveryPlate-R3,YK,AR-954,JC-0513,AR-970,AR-971,AR-972,AR-973,AR-702,Unknown,AR-959,AR-967,AR-969,AR-902,Unknown,Unknown,AR-308,AR-1028,AR-905,AR-975,10,TRUE,0.194628887,4.918520629,0.6118621,0.002682078,4.254410332,20260519-DiscoveryPlate-R3-SMS,Unknown,Unknown,Labcraft,0,0.13033627,0.003633799,0.040941584,0.015020094,0.002180573,0.007025149,0.023499938,0.017928015,0.001453226,0.074617041,0.007510047,0.011871193,0.031735863,0.018653893,0.003633799,0.011628744,0.011628744,0.001210776,0.00339135,0.004361146,0.018653893,0.074617041,0.018653893,0.037307786,0.093270933,0.093270933,0.931736597,0.018653893,0.018653893,0.018653893,0.018653893,0.007510047,0.005571923,0.001938124,0.001938124,0.018653893
20260519-DiscoveryPlate-R3-E16,E16,Sample,DiscoveryPlate-R3-GES-11,3.836311673,29.58937735,57.61919339,3.222869339,2.773869339,1.2177,30.4857,50,100,1,1,1,0.02,2,0.3,2000,1.8,2.1649,1705168,5/19/2026 0:00,ext,M,20260519-DiscoveryPlate-R3,YK,AR-954,JC-0513,AR-970,AR-971,AR-972,AR-973,AR-702,Unknown,AR-959,AR-967,AR-969,AR-902,Unknown,Unknown,AR-308,AR-1028,AR-905,AR-975,10,TRUE,0.010948661,0.47766873,5.208418956,5.20E-05,3.206405668,20260519-DiscoveryPlate-R3-SMS,Unknown,Unknown,Labcraft,0,0.13033627,0.003633799,0.040941584,0.015020094,0.002180573,0.007025149,0.023499938,0.017928015,0.001453226,0.074617041,0.007510047,0.011871193,0.031735863,0.018653893,0.003633799,0.011628744,0.011628744,0.001210776,0.00339135,0.004361146,0.018653893,0.074617041,0.018653893,0.037307786,0.093270933,0.093270933,0.931736597,0.018653893,0.018653893,0.018653893,0.018653893,0.007510047,0.005571923,0.001938124,0.001938124,0.018653893
20260519-DiscoveryPlate-R3-E17,E17,Sample,DiscoveryPlate-R3-GES-20,3.045179908,103.7651357,26.76813927,2.279983927,2.480883927,0,0,50,100,1,1,1,0.02,2,0.3,2000,1.8,1.8884,1705168,5/19/2026 0:00,ext,M,20260519-DiscoveryPlate-R3,YK,AR-954,JC-0513,AR-970,AR-971,AR-972,AR-973,AR-702,Unknown,AR-959,AR-967,AR-969,AR-902,Unknown,Unknown,AR-308,AR-1028,AR-905,AR-975,10,TRUE,0.231390508,5.034323685,0.582818672,0.002711354,4.255153198,20260519-DiscoveryPlate-R3-SMS,Unknown,Unknown,Labcraft,0,0.13033627,0.003633799,0.040941584,0.015020094,0.002180573,0.007025149,0.023499938,0.017928015,0.001453226,0.074617041,0.007510047,0.011871193,0.031735863,0.018653893,0.003633799,0.011628744,0.011628744,0.001210776,0.00339135,0.004361146,0.018653893,0.074617041,0.018653893,0.037307786,0.093270933,0.093270933,0.931736597,0.018653893,0.018653893,0.018653893,0.018653893,0.007510047,0.005571923,0.001938124,0.001938124,0.018653893
20260519-DiscoveryPlate-R3-E18,E18,Sample,DiscoveryPlate-R3-GES-28,4.07738038,8.672897216,78.13194304,4.910524304,2.168224304,0,32.7021,50,100,1,1,1,0.02,2,0.3,2000,1.8,2.1933,1705168,5/19/2026 0:00,ext,M,20260519-DiscoveryPlate-R3,YK,AR-954,JC-0513,AR-970,AR-971,AR-972,AR-973,AR-702,Unknown,AR-959,AR-967,AR-969,AR-902,Unknown,Unknown,AR-308,AR-1028,AR-905,AR-975,10,FALSE,0,,,0,,20260519-DiscoveryPlate-R3-SMS,Unknown,Unknown,Labcraft,0,0.13033627,0.003633799,0.040941584,0.015020094,0.002180573,0.007025149,0.023499938,0.017928015,0.001453226,0.074617041,0.007510047,0.011871193,0.031735863,0.018653893,0.003633799,0.011628744,0.011628744,0.001210776,0.00339135,0.004361146,0.018653893,0.074617041,0.018653893,0.037307786,0.093270933,0.093270933,0.931736597,0.018653893,0.018653893,0.018653893,0.018653893,0.007510047,0.005571923,0.001938124,0.001938124,0.018653893
20260519-DiscoveryPlate-R3-F6,F6,Sample,DiscoveryPlate-R3-GES-22,2.800970625,10.264466,60.155965,3.2597165,2.1646165,2.7095,32.6477,50,100,1,1,1,0.02,2,0.3,2000,1.8,2.1897,1705168,5/19/2026 0:00,ext,M,20260519-DiscoveryPlate-R3,YK,AR-954,JC-0513,AR-970,AR-971,AR-972,AR-973,AR-702,Unknown,AR-959,AR-967,AR-969,AR-902,Unknown,Unknown,AR-308,AR-1028,AR-905,AR-975,10,TRUE,0.132692485,5.948280474,0.437258407,0.000530931,4.240197702,20260519-DiscoveryPlate-R3-SMS,Unknown,Unknown,Labcraft,0,0.13033627,0.003633799,0.040941584,0.015020094,0.002180573,0.007025149,0.023499938,0.017928015,0.001453226,0.074617041,0.007510047,0.011871193,0.031735863,0.018653893,0.003633799,0.011628744,0.011628744,0.001210776,0.00339135,0.004361146,0.018653893,0.074617041,0.018653893,0.037307786,0.093270933,0.093270933,0.931736597,0.018653893,0.018653893,0.018653893,0.018653893,0.007510047,0.005571923,0.001938124,0.001938124,0.018653893
20260519-DiscoveryPlate-R3-F7,F7,Sample,DiscoveryPlate-R3-GES-25,2.650581462,8.481860677,76.41095169,2.120465169,4.910765169,0,31.9817,50,100,1,1,1,0.02,2,0.3,2000,1.8,2.145,1705168,5/19/2026 0:00,ext,M,20260519-DiscoveryPlate-R3,YK,AR-954,JC-0513,AR-970,AR-971,AR-972,AR-973,AR-702,Unknown,AR-959,AR-967,AR-969,AR-902,Unknown,Unknown,AR-308,AR-1028,AR-905,AR-975,10,FALSE,0,,,0,,20260519-DiscoveryPlate-R3-SMS,Unknown,Unknown,Labcraft,0,0.13033627,0.003633799,0.040941584,0.015020094,0.002180573,0.007025149,0.023499938,0.017928015,0.001453226,0.074617041,0.007510047,0.011871193,0.031735863,0.018653893,0.003633799,0.011628744,0.011628744,0.001210776,0.00339135,0.004361146,0.018653893,0.074617041,0.018653893,0.037307786,0.093270933,0.093270933,0.931736597,0.018653893,0.018653893,0.018653893,0.018653893,0.007510047,0.005571923,0.001938124,0.001938124,0.018653893
20260519-DiscoveryPlate-R3-F8,F8,Sample,DiscoveryPlate-R3-GES-7,3.007049051,14.87381696,35.00829241,2.066279241,2.474079241,0.7054,31.1645,50,100,1,1,1,0.02,2,0.3,2000,1.8,2.0902,1705168,5/19/2026 0:00,ext,M,20260519-DiscoveryPlate-R3,YK,AR-954,JC-0513,AR-970,AR-971,AR-972,AR-973,AR-702,Unknown,AR-959,AR-967,AR-969,AR-902,Unknown,Unknown,AR-308,AR-1028,AR-905,AR-975,10,TRUE,0.008847372,0.395742818,5.378297513,9.62E-05,4.046531621,20260519-DiscoveryPlate-R3-SMS,Unknown,Unknown,Labcraft,0,0.13033627,0.003633799,0.040941584,0.015020094,0.002180573,0.007025149,0.023499938,0.017928015,0.001453226,0.074617041,0.007510047,0.011871193,0.031735863,0.018653893,0.003633799,0.011628744,0.011628744,0.001210776,0.00339135,0.004361146,0.018653893,0.074617041,0.018653893,0.037307786,0.093270933,0.093270933,0.931736597,0.018653893,0.018653893,0.018653893,0.018653893,0.007510047,0.005571923,0.001938124,0.001938124,0.018653893
20260519-DiscoveryPlate-R3-F9,F9,Sample,DiscoveryPlate-R3-GES-24,3.894546105,115.1162875,63.84466884,2.070996884,3.433596884,0,31.2356,50,100,1,1,1,0.02,2,0.3,2000,1.8,2.095,1705168,5/19/2026 0:00,ext,M,20260519-DiscoveryPlate-R3,YK,AR-954,JC-0513,AR-970,AR-971,AR-972,AR-973,AR-702,Unknown,AR-959,AR-967,AR-969,AR-902,Unknown,Unknown,AR-308,AR-1028,AR-905,AR-975,10,TRUE,0.011301596,0.441147424,5.178222523,8.32E-05,5.29436381,20260519-DiscoveryPlate-R3-SMS,Unknown,Unknown,Labcraft,0,0.13033627,0.003633799,0.040941584,0.015020094,0.002180573,0.007025149,0.023499938,0.017928015,0.001453226,0.074617041,0.007510047,0.011871193,0.031735863,0.018653893,0.003633799,0.011628744,0.011628744,0.001210776,0.00339135,0.004361146,0.018653893,0.074617041,0.018653893,0.037307786,0.093270933,0.093270933,0.931736597,0.018653893,0.018653893,0.018653893,0.018653893,0.007510047,0.005571923,0.001938124,0.001938124,0.018653893
20260519-DiscoveryPlate-R3-F10,F10,Sample,DiscoveryPlate-R3-GES-15,2.664262283,57.22793931,41.66089826,2.737909826,3.253309826,2.6679,32.1468,50,100,1,1,1,0.02,2,0.3,2000,1.8,2.1561,1705168,5/19/2026 0:00,ext,M,20260519-DiscoveryPlate-R3,YK,AR-954,JC-0513,AR-970,AR-971,AR-972,AR-973,AR-702,Unknown,AR-959,AR-967,AR-969,AR-902,Unknown,Unknown,AR-308,AR-1028,AR-905,AR-975,10,FALSE,0,,,0,,20260519-DiscoveryPlate-R3-SMS,Unknown,Unknown,Labcraft,0,0.13033627,0.003633799,0.040941584,0.015020094,0.002180573,0.007025149,0.023499938,0.017928015,0.001453226,0.074617041,0.007510047,0.011871193,0.031735863,0.018653893,0.003633799,0.011628744,0.011628744,0.001210776,0.00339135,0.004361146,0.018653893,0.074617041,0.018653893,0.037307786,0.093270933,0.093270933,0.931736597,0.018653893,0.018653893,0.018653893,0.018653893,0.007510047,0.005571923,0.001938124,0.001938124,0.018653893
20260519-DiscoveryPlate-R3-F11,F11,Sample,DiscoveryPlate-R3-8,4.084939367,59.66010597,23.45281494,3.649851494,5.010651494,0.9445,15.6492,50,100,1,1,1,0.02,2,0.3,2000,1.8,2.0992,1705168,5/19/2026 0:00,ext,M,20260519-DiscoveryPlate-R3,YK,AR-954,JC-0513,AR-970,AR-971,AR-972,AR-973,AR-702,Unknown,AR-959,AR-967,AR-969,AR-902,Unknown,Unknown,AR-308,AR-1028,AR-905,AR-975,10,FALSE,0,,,0,,20260519-DiscoveryPlate-R3-SMS,Unknown,Unknown,Labcraft,0,0.13033627,0.003633799,0.040941584,0.015020094,0.002180573,0.007025149,0.023499938,0.017928015,0.001453226,0.074617041,0.007510047,0.011871193,0.031735863,0.018653893,0.003633799,0.011628744,0.011628744,0.001210776,0.00339135,0.004361146,0.018653893,0.074617041,0.018653893,0.037307786,0.093270933,0.093270933,0.931736597,0.018653893,0.018653893,0.018653893,0.018653893,0.007510047,0.005571923,0.001938124,0.001938124,0.018653893
20260519-DiscoveryPlate-R3-F12,F12,Sample,DiscoveryPlate-R3-14,3.584667822,22.73489703,31.62844258,2.216474258,2.873774258,0.2239,8.2433,50,100,1,1,1,0.02,2,0.3,2000,1.8,1.9903,1705168,5/19/2026 0:00,ext,M,20260519-DiscoveryPlate-R3,YK,AR-954,JC-0513,AR-970,AR-971,AR-972,AR-973,AR-702,Unknown,AR-959,AR-967,AR-969,AR-902,Unknown,Unknown,AR-308,AR-1028,AR-905,AR-975,10,FALSE,0,,,0,,20260519-DiscoveryPlate-R3-SMS,Unknown,Unknown,Labcraft,0,0.13033627,0.003633799,0.040941584,0.015020094,0.002180573,0.007025149,0.023499938,0.017928015,0.001453226,0.074617041,0.007510047,0.011871193,0.031735863,0.018653893,0.003633799,0.011628744,0.011628744,0.001210776,0.00339135,0.004361146,0.018653893,0.074617041,0.018653893,0.037307786,0.093270933,0.093270933,0.931736597,0.018653893,0.018653893,0.018653893,0.018653893,0.007510047,0.005571923,0.001938124,0.001938124,0.018653893
20260519-DiscoveryPlate-R3-F13,F13,Sample,DiscoveryPlate-R3-12,3.94069979,35.84467933,40.68459832,4.282619832,4.859819832,1.4534,17.8368,50,100,1,1,1,0.02,2,0.3,2000,1.8,2.1533,1705168,5/19/2026 0:00,ext,M,20260519-DiscoveryPlate-R3,YK,AR-954,JC-0513,AR-970,AR-971,AR-972,AR-973,AR-702,Unknown,AR-959,AR-967,AR-969,AR-902,Unknown,Unknown,AR-308,AR-1028,AR-905,AR-975,10,TRUE,0.008781868,0.467041842,4.737882832,7.29E-05,4.002657231,20260519-DiscoveryPlate-R3-SMS,Unknown,Unknown,Labcraft,0,0.13033627,0.003633799,0.040941584,0.015020094,0.002180573,0.007025149,0.023499938,0.017928015,0.001453226,0.074617041,0.007510047,0.011871193,0.031735863,0.018653893,0.003633799,0.011628744,0.011628744,0.001210776,0.00339135,0.004361146,0.018653893,0.074617041,0.018653893,0.037307786,0.093270933,0.093270933,0.931736597,0.018653893,0.018653893,0.018653893,0.018653893,0.007510047,0.005571923,0.001938124,0.001938124,0.018653893
20260519-DiscoveryPlate-R3-F14,F14,Sample,DiscoveryPlate-R3-3,3.692065404,11.00316929,26.17362323,5.294192323,3.238092323,1.1815,12.1806,50,100,1,1,1,0.02,2,0.3,2000,1.8,2.1007,1705168,5/19/2026 0:00,ext,M,20260519-DiscoveryPlate-R3,YK,AR-954,JC-0513,AR-970,AR-971,AR-972,AR-973,AR-702,Unknown,AR-959,AR-967,AR-969,AR-902,Unknown,Unknown,AR-308,AR-1028,AR-905,AR-975,10,FALSE,0,,,0,,20260519-DiscoveryPlate-R3-SMS,Unknown,Unknown,Labcraft,0,0.13033627,0.003633799,0.040941584,0.015020094,0.002180573,0.007025149,0.023499938,0.017928015,0.001453226,0.074617041,0.007510047,0.011871193,0.031735863,0.018653893,0.003633799,0.011628744,0.011628744,0.001210776,0.00339135,0.004361146,0.018653893,0.074617041,0.018653893,0.037307786,0.093270933,0.093270933,0.931736597,0.018653893,0.018653893,0.018653893,0.018653893,0.007510047,0.005571923,0.001938124,0.001938124,0.018653893
20260519-DiscoveryPlate-R3-F15,F15,Sample,DiscoveryPlate-R3-GES-14,3.799066361,8.690772354,58.49483089,2.172693089,2.172693089,4.4502,21.8463,50,100,1,1,1,0.02,2,0.3,2000,1.8,2.1978,1705168,5/19/2026 0:00,ext,M,20260519-DiscoveryPlate-R3,YK,AR-954,JC-0513,AR-970,AR-971,AR-972,AR-973,AR-702,Unknown,AR-959,AR-967,AR-969,AR-902,Unknown,Unknown,AR-308,AR-1028,AR-905,AR-975,10,FALSE,0,,,0,,20260519-DiscoveryPlate-R3-SMS,Unknown,Unknown,Labcraft,0,0.13033627,0.003633799,0.040941584,0.015020094,0.002180573,0.007025149,0.023499938,0.017928015,0.001453226,0.074617041,0.007510047,0.011871193,0.031735863,0.018653893,0.003633799,0.011628744,0.011628744,0.001210776,0.00339135,0.004361146,0.018653893,0.074617041,0.018653893,0.037307786,0.093270933,0.093270933,0.931736597,0.018653893,0.018653893,0.018653893,0.018653893,0.007510047,0.005571923,0.001938124,0.001938124,0.018653893
20260519-DiscoveryPlate-R3-F16,F16,Sample,DiscoveryPlate-R3-GES-1,3.845788865,29.34048437,43.65701092,2.094071092,2.094071092,0.9531,31.5837,50,100,1,1,1,0.02,2,0.3,2000,1.8,2.1183,1705168,5/19/2026 0:00,ext,M,20260519-DiscoveryPlate-R3,YK,AR-954,JC-0513,AR-970,AR-971,AR-972,AR-973,AR-702,Unknown,AR-959,AR-967,AR-969,AR-902,Unknown,Unknown,AR-308,AR-1028,AR-905,AR-975,10,TRUE,0.006524929,0.960006692,3.768562578,-0.000217149,3.993240797,20260519-DiscoveryPlate-R3-SMS,Unknown,Unknown,Labcraft,0,0.13033627,0.003633799,0.040941584,0.015020094,0.002180573,0.007025149,0.023499938,0.017928015,0.001453226,0.074617041,0.007510047,0.011871193,0.031735863,0.018653893,0.003633799,0.011628744,0.011628744,0.001210776,0.00339135,0.004361146,0.018653893,0.074617041,0.018653893,0.037307786,0.093270933,0.093270933,0.931736597,0.018653893,0.018653893,0.018653893,0.018653893,0.007510047,0.005571923,0.001938124,0.001938124,0.018653893
20260519-DiscoveryPlate-R3-F17,F17,Sample,DiscoveryPlate-R3-GES-29,3.519590253,60.48816881,18.71592203,1.871592203,1.871592203,0,0,50,100,1,1,1,0.02,2,0.3,2000,1.8,1.8932,1705168,5/19/2026 0:00,ext,M,20260519-DiscoveryPlate-R3,YK,AR-954,JC-0513,AR-970,AR-971,AR-972,AR-973,AR-702,Unknown,AR-959,AR-967,AR-969,AR-902,Unknown,Unknown,AR-308,AR-1028,AR-905,AR-975,10,TRUE,0.140394554,5.242203868,0.534780346,0.00199784,4.255984227,20260519-DiscoveryPlate-R3-SMS,Unknown,Unknown,Labcraft,0,0.13033627,0.003633799,0.040941584,0.015020094,0.002180573,0.007025149,0.023499938,0.017928015,0.001453226,0.074617041,0.007510047,0.011871193,0.031735863,0.018653893,0.003633799,0.011628744,0.011628744,0.001210776,0.00339135,0.004361146,0.018653893,0.074617041,0.018653893,0.037307786,0.093270933,0.093270933,0.931736597,0.018653893,0.018653893,0.018653893,0.018653893,0.007510047,0.005571923,0.001938124,0.001938124,0.018653893
20260519-DiscoveryPlate-R3-F18,F18,Sample,DiscoveryPlate-R3-13,4.173976225,62.00344392,43.5567098,3.41046098,2.36416098,1.6642,21.0074,50,100,1,1,1,0.02,2,0.3,2000,1.8,2.1134,1705168,5/19/2026 0:00,ext,M,20260519-DiscoveryPlate-R3,YK,AR-954,JC-0513,AR-970,AR-971,AR-972,AR-973,AR-702,Unknown,AR-959,AR-967,AR-969,AR-902,Unknown,Unknown,AR-308,AR-1028,AR-905,AR-975,10,FALSE,0,,,0,,20260519-DiscoveryPlate-R3-SMS,Unknown,Unknown,Labcraft,0,0.13033627,0.003633799,0.040941584,0.015020094,0.002180573,0.007025149,0.023499938,0.017928015,0.001453226,0.074617041,0.007510047,0.011871193,0.031735863,0.018653893,0.003633799,0.011628744,0.011628744,0.001210776,0.00339135,0.004361146,0.018653893,0.074617041,0.018653893,0.037307786,0.093270933,0.093270933,0.931736597,0.018653893,0.018653893,0.018653893,0.018653893,0.007510047,0.005571923,0.001938124,0.001938124,0.018653893
20260519-DiscoveryPlate-R3-G6,G6,Control,labcraft_ctrl,3.157905702,7.540178245,18.85044561,1.885044561,1.885044561,0,0,50,100,1,1,1,0.02,2,0.3,2000,1.8,1.9068,1705168,5/19/2026 0:00,ext,M,20260519-DiscoveryPlate-R3,YK,AR-954,JC-0513,AR-970,AR-971,AR-972,AR-973,AR-702,Unknown,AR-959,AR-967,AR-969,AR-902,Unknown,Unknown,AR-308,AR-1028,AR-905,AR-975,10,TRUE,0.265897715,5.703922818,0.532746147,0.002202916,4.291808454,20260519-DiscoveryPlate-R3-SMS,Unknown,Unknown,Labcraft,0,0.13033627,0.003633799,0.040941584,0.015020094,0.002180573,0.007025149,0.023499938,0.017928015,0.001453226,0.074617041,0.007510047,0.011871193,0.031735863,0.018653893,0.003633799,0.011628744,0.011628744,0.001210776,0.00339135,0.004361146,0.018653893,0.074617041,0.018653893,0.037307786,0.093270933,0.093270933,0.931736597,0.018653893,0.018653893,0.018653893,0.018653893,0.007510047,0.005571923,0.001938124,0.001938124,0.018653893
20260519-DiscoveryPlate-R3-G7,G7,Sample,DiscoveryPlate-R3-GES-2,3.017084243,72.09624958,48.61917394,2.073187394,2.345987394,1.4155,31.2687,50,100,1,1,1,0.02,2,0.3,2000,1.8,2.0972,1705168,5/19/2026 0:00,ext,M,20260519-DiscoveryPlate-R3,YK,AR-954,JC-0513,AR-970,AR-971,AR-972,AR-973,AR-702,Unknown,AR-959,AR-967,AR-969,AR-902,Unknown,Unknown,AR-308,AR-1028,AR-905,AR-975,10,TRUE,0.456192682,6.278809812,0.614684838,-0.001113906,4.230955285,20260519-DiscoveryPlate-R3-SMS,Unknown,Unknown,Labcraft,0,0.13033627,0.003633799,0.040941584,0.015020094,0.002180573,0.007025149,0.023499938,0.017928015,0.001453226,0.074617041,0.007510047,0.011871193,0.031735863,0.018653893,0.003633799,0.011628744,0.011628744,0.001210776,0.00339135,0.004361146,0.018653893,0.074617041,0.018653893,0.037307786,0.093270933,0.093270933,0.931736597,0.018653893,0.018653893,0.018653893,0.018653893,0.007510047,0.005571923,0.001938124,0.001938124,0.018653893
20260519-DiscoveryPlate-R3-G8,G8,Sample,DiscoveryPlate-R3-10,4.12728317,10.48754614,29.59576536,3.272486536,3.808786536,3.6329,10.7004,50,100,1,1,1,0.02,2,0.3,2000,1.8,2.153,1705168,5/19/2026 0:00,ext,M,20260519-DiscoveryPlate-R3,YK,AR-954,JC-0513,AR-970,AR-971,AR-972,AR-973,AR-702,Unknown,AR-959,AR-967,AR-969,AR-902,Unknown,Unknown,AR-308,AR-1028,AR-905,AR-975,10,TRUE,0.432957209,5.767544712,0.615077698,0.000781982,4.273663759,20260519-DiscoveryPlate-R3-SMS,Unknown,Unknown,Labcraft,0,0.13033627,0.003633799,0.040941584,0.015020094,0.002180573,0.007025149,0.023499938,0.017928015,0.001453226,0.074617041,0.007510047,0.011871193,0.031735863,0.018653893,0.003633799,0.011628744,0.011628744,0.001210776,0.00339135,0.004361146,0.018653893,0.074617041,0.018653893,0.037307786,0.093270933,0.093270933,0.931736597,0.018653893,0.018653893,0.018653893,0.018653893,0.007510047,0.005571923,0.001938124,0.001938124,0.018653893
20260519-DiscoveryPlate-R3-G9,G9,Sample,DiscoveryPlate-R3-9,4.36436629,37.05103213,22.46353032,4.467433032,5.906733032,3.4298,7.2159,50,100,1,1,1,0.02,2,0.3,2000,1.8,2.1778,1705168,5/19/2026 0:00,ext,M,20260519-DiscoveryPlate-R3,YK,AR-954,JC-0513,AR-970,AR-971,AR-972,AR-973,AR-702,Unknown,AR-959,AR-967,AR-969,AR-902,Unknown,Unknown,AR-308,AR-1028,AR-905,AR-975,10,TRUE,0.279703272,5.381065119,0.589959829,0.001573729,4.256113143,20260519-DiscoveryPlate-R3-SMS,Unknown,Unknown,Labcraft,0,0.13033627,0.003633799,0.040941584,0.015020094,0.002180573,0.007025149,0.023499938,0.017928015,0.001453226,0.074617041,0.007510047,0.011871193,0.031735863,0.018653893,0.003633799,0.011628744,0.011628744,0.001210776,0.00339135,0.004361146,0.018653893,0.074617041,0.018653893,0.037307786,0.093270933,0.093270933,0.931736597,0.018653893,0.018653893,0.018653893,0.018653893,0.007510047,0.005571923,0.001938124,0.001938124,0.018653893
20260519-DiscoveryPlate-R3-G10,G10,Sample,DiscoveryPlate-R3-GES-12,3.884694921,81.60332375,57.40855937,2.065755937,2.337555937,0.2351,31.1566,50,100,1,1,1,0.02,2,0.3,2000,1.8,2.0896,1705168,5/19/2026 0:00,ext,M,20260519-DiscoveryPlate-R3,YK,AR-954,JC-0513,AR-970,AR-971,AR-972,AR-973,AR-702,Unknown,AR-959,AR-967,AR-969,AR-902,Unknown,Unknown,AR-308,AR-1028,AR-905,AR-975,10,TRUE,0.401761644,6.830395216,0.593539378,-0.001830388,4.239432674,20260519-DiscoveryPlate-R3-SMS,Unknown,Unknown,Labcraft,0,0.13033627,0.003633799,0.040941584,0.015020094,0.002180573,0.007025149,0.023499938,0.017928015,0.001453226,0.074617041,0.007510047,0.011871193,0.031735863,0.018653893,0.003633799,0.011628744,0.011628744,0.001210776,0.00339135,0.004361146,0.018653893,0.074617041,0.018653893,0.037307786,0.093270933,0.093270933,0.931736597,0.018653893,0.018653893,0.018653893,0.018653893,0.007510047,0.005571923,0.001938124,0.001938124,0.018653893
20260519-DiscoveryPlate-R3-G11,G11,Sample,DiscoveryPlate-R3-GES-11,3.836311673,29.58937735,57.61919339,3.222869339,2.773869339,1.2177,30.4857,50,100,1,1,1,0.02,2,0.3,2000,1.8,2.1649,1705168,5/19/2026 0:00,ext,M,20260519-DiscoveryPlate-R3,YK,AR-954,JC-0513,AR-970,AR-971,AR-972,AR-973,AR-702,Unknown,AR-959,AR-967,AR-969,AR-902,Unknown,Unknown,AR-308,AR-1028,AR-905,AR-975,10,TRUE,0.028064085,5.599375182,0.369100796,0.000510914,4.25204055,20260519-DiscoveryPlate-R3-SMS,Unknown,Unknown,Labcraft,0,0.13033627,0.003633799,0.040941584,0.015020094,0.002180573,0.007025149,0.023499938,0.017928015,0.001453226,0.074617041,0.007510047,0.011871193,0.031735863,0.018653893,0.003633799,0.011628744,0.011628744,0.001210776,0.00339135,0.004361146,0.018653893,0.074617041,0.018653893,0.037307786,0.093270933,0.093270933,0.931736597,0.018653893,0.018653893,0.018653893,0.018653893,0.007510047,0.005571923,0.001938124,0.001938124,0.018653893
20260519-DiscoveryPlate-R3-G12,G12,Sample,DiscoveryPlate-R3-GES-1,3.845788865,29.34048437,43.65701092,2.094071092,2.094071092,0.9531,31.5837,50,100,1,1,1,0.02,2,0.3,2000,1.8,2.1183,1705168,5/19/2026 0:00,ext,M,20260519-DiscoveryPlate-R3,YK,AR-954,JC-0513,AR-970,AR-971,AR-972,AR-973,AR-702,Unknown,AR-959,AR-967,AR-969,AR-902,Unknown,Unknown,AR-308,AR-1028,AR-905,AR-975,10,TRUE,0.22338827,6.743876167,0.546030035,9.56E-05,4.251129056,20260519-DiscoveryPlate-R3-SMS,Unknown,Unknown,Labcraft,0,0.13033627,0.003633799,0.040941584,0.015020094,0.002180573,0.007025149,0.023499938,0.017928015,0.001453226,0.074617041,0.007510047,0.011871193,0.031735863,0.018653893,0.003633799,0.011628744,0.011628744,0.001210776,0.00339135,0.004361146,0.018653893,0.074617041,0.018653893,0.037307786,0.093270933,0.093270933,0.931736597,0.018653893,0.018653893,0.018653893,0.018653893,0.007510047,0.005571923,0.001938124,0.001938124,0.018653893
20260519-DiscoveryPlate-R3-G13,G13,Sample,DiscoveryPlate-R3-GES-17,3.566475567,7.586161814,18.96540454,1.896540454,1.896540454,0,0,50,100,1,1,1,0.02,2,0.3,2000,1.8,1.9185,1705168,5/19/2026 0:00,ext,M,20260519-DiscoveryPlate-R3,YK,AR-954,JC-0513,AR-970,AR-971,AR-972,AR-973,AR-702,Unknown,AR-959,AR-967,AR-969,AR-902,Unknown,Unknown,AR-308,AR-1028,AR-905,AR-975,10,TRUE,0.178345543,4.923299397,0.632982995,0.002484586,4.253956082,20260519-DiscoveryPlate-R3-SMS,Unknown,Unknown,Labcraft,0,0.13033627,0.003633799,0.040941584,0.015020094,0.002180573,0.007025149,0.023499938,0.017928015,0.001453226,0.074617041,0.007510047,0.011871193,0.031735863,0.018653893,0.003633799,0.011628744,0.011628744,0.001210776,0.00339135,0.004361146,0.018653893,0.074617041,0.018653893,0.037307786,0.093270933,0.093270933,0.931736597,0.018653893,0.018653893,0.018653893,0.018653893,0.007510047,0.005571923,0.001938124,0.001938124,0.018653893
20260519-DiscoveryPlate-R3-G14,G14,Sample,DiscoveryPlate-R3-GES-21,3.270879151,50.52049328,41.42663321,2.119423321,2.119423321,2.6529,31.966,50,100,1,1,1,0.02,2,0.3,2000,1.8,2.1439,1705168,5/19/2026 0:00,ext,M,20260519-DiscoveryPlate-R3,YK,AR-954,JC-0513,AR-970,AR-971,AR-972,AR-973,AR-702,Unknown,AR-959,AR-967,AR-969,AR-902,Unknown,Unknown,AR-308,AR-1028,AR-905,AR-975,10,TRUE,0.126266128,4.838940607,0.626125383,0.001267685,4.252396593,20260519-DiscoveryPlate-R3-SMS,Unknown,Unknown,Labcraft,0,0.13033627,0.003633799,0.040941584,0.015020094,0.002180573,0.007025149,0.023499938,0.017928015,0.001453226,0.074617041,0.007510047,0.011871193,0.031735863,0.018653893,0.003633799,0.011628744,0.011628744,0.001210776,0.00339135,0.004361146,0.018653893,0.074617041,0.018653893,0.037307786,0.093270933,0.093270933,0.931736597,0.018653893,0.018653893,0.018653893,0.018653893,0.007510047,0.005571923,0.001938124,0.001938124,0.018653893
20260519-DiscoveryPlate-R3-G15,G15,Sample,DiscoveryPlate-R3-16,3.904141796,20.49467375,47.05223437,4.564993437,2.514893437,1.6283,3.4257,50,100,1,1,1,0.02,2,0.3,2000,1.8,2.0678,1705168,5/19/2026 0:00,ext,M,20260519-DiscoveryPlate-R3,YK,AR-954,JC-0513,AR-970,AR-971,AR-972,AR-973,AR-702,Unknown,AR-959,AR-967,AR-969,AR-902,Unknown,Unknown,AR-308,AR-1028,AR-905,AR-975,10,TRUE,0.053255741,5.263314883,0.518385332,-0.000260792,4.255650888,20260519-DiscoveryPlate-R3-SMS,Unknown,Unknown,Labcraft,0,0.13033627,0.003633799,0.040941584,0.015020094,0.002180573,0.007025149,0.023499938,0.017928015,0.001453226,0.074617041,0.007510047,0.011871193,0.031735863,0.018653893,0.003633799,0.011628744,0.011628744,0.001210776,0.00339135,0.004361146,0.018653893,0.074617041,0.018653893,0.037307786,0.093270933,0.093270933,0.931736597,0.018653893,0.018653893,0.018653893,0.018653893,0.007510047,0.005571923,0.001938124,0.001938124,0.018653893
20260519-DiscoveryPlate-R3-G16,G16,Sample,DiscoveryPlate-R3-4,4.564466998,18.60255439,40.85153599,3.596213599,4.802413599,0.698,1.7132,50,100,1,1,1,0.02,2,0.3,2000,1.8,2.0683,1705168,5/19/2026 0:00,ext,M,20260519-DiscoveryPlate-R3,YK,AR-954,JC-0513,AR-970,AR-971,AR-972,AR-973,AR-702,Unknown,AR-959,AR-967,AR-969,AR-902,Unknown,Unknown,AR-308,AR-1028,AR-905,AR-975,10,FALSE,0,,,0,,20260519-DiscoveryPlate-R3-SMS,Unknown,Unknown,Labcraft,0,0.13033627,0.003633799,0.040941584,0.015020094,0.002180573,0.007025149,0.023499938,0.017928015,0.001453226,0.074617041,0.007510047,0.011871193,0.031735863,0.018653893,0.003633799,0.011628744,0.011628744,0.001210776,0.00339135,0.004361146,0.018653893,0.074617041,0.018653893,0.037307786,0.093270933,0.093270933,0.931736597,0.018653893,0.018653893,0.018653893,0.018653893,0.007510047,0.005571923,0.001938124,0.001938124,0.018653893
20260519-DiscoveryPlate-R3-G17,G17,Sample,DiscoveryPlate-R3-GES-19,3.70974666,96.26082931,78.42497328,2.176357328,2.892357328,3.4671,31.0011,50,100,1,1,1,0.02,2,0.3,2000,1.8,2.2015,1705168,5/19/2026 0:00,ext,M,20260519-DiscoveryPlate-R3,YK,AR-954,JC-0513,AR-970,AR-971,AR-972,AR-973,AR-702,Unknown,AR-959,AR-967,AR-969,AR-902,Unknown,Unknown,AR-308,AR-1028,AR-905,AR-975,10,TRUE,0.137597648,5.13692979,0.511536907,0.001065312,4.255710233,20260519-DiscoveryPlate-R3-SMS,Unknown,Unknown,Labcraft,0,0.13033627,0.003633799,0.040941584,0.015020094,0.002180573,0.007025149,0.023499938,0.017928015,0.001453226,0.074617041,0.007510047,0.011871193,0.031735863,0.018653893,0.003633799,0.011628744,0.011628744,0.001210776,0.00339135,0.004361146,0.018653893,0.074617041,0.018653893,0.037307786,0.093270933,0.093270933,0.931736597,0.018653893,0.018653893,0.018653893,0.018653893,0.007510047,0.005571923,0.001938124,0.001938124,0.018653893
20260519-DiscoveryPlate-R3-G18,G18,Sample,DiscoveryPlate-R3-1,4.551055264,32.14267684,28.98554211,2.287744211,6.186244211,2.4484,18.0289,50,100,1,1,1,0.02,2,0.3,2000,1.8,2.1765,1705168,5/19/2026 0:00,ext,M,20260519-DiscoveryPlate-R3,YK,AR-954,JC-0513,AR-970,AR-971,AR-972,AR-973,AR-702,Unknown,AR-959,AR-967,AR-969,AR-902,Unknown,Unknown,AR-308,AR-1028,AR-905,AR-975,10,TRUE,0.262182587,5.80966749,0.591688327,0.002102528,4.30538742,20260519-DiscoveryPlate-R3-SMS,Unknown,Unknown,Labcraft,0,0.13033627,0.003633799,0.040941584,0.015020094,0.002180573,0.007025149,0.023499938,0.017928015,0.001453226,0.074617041,0.007510047,0.011871193,0.031735863,0.018653893,0.003633799,0.011628744,0.011628744,0.001210776,0.00339135,0.004361146,0.018653893,0.074617041,0.018653893,0.037307786,0.093270933,0.093270933,0.931736597,0.018653893,0.018653893,0.018653893,0.018653893,0.007510047,0.005571923,0.001938124,0.001938124,0.018653893
20260519-DiscoveryPlate-R3-H6,H6,Sample,DiscoveryPlate-R3-10,4.12728317,10.48754614,29.59576536,3.272486536,3.808786536,3.6329,10.7004,50,100,1,1,1,0.02,2,0.3,2000,1.8,2.153,1705168,5/19/2026 0:00,ext,M,20260519-DiscoveryPlate-R3,YK,AR-954,JC-0513,AR-970,AR-971,AR-972,AR-973,AR-702,Unknown,AR-959,AR-967,AR-969,AR-902,Unknown,Unknown,AR-308,AR-1028,AR-905,AR-975,10,TRUE,0.460584217,6.475114024,0.566748419,-0.001010489,4.129727821,20260519-DiscoveryPlate-R3-SMS,Unknown,Unknown,Labcraft,0,0.13033627,0.003633799,0.040941584,0.015020094,0.002180573,0.007025149,0.023499938,0.017928015,0.001453226,0.074617041,0.007510047,0.011871193,0.031735863,0.018653893,0.003633799,0.011628744,0.011628744,0.001210776,0.00339135,0.004361146,0.018653893,0.074617041,0.018653893,0.037307786,0.093270933,0.093270933,0.931736597,0.018653893,0.018653893,0.018653893,0.018653893,0.007510047,0.005571923,0.001938124,0.001938124,0.018653893
20260519-DiscoveryPlate-R3-H7,H7,Sample,DiscoveryPlate-R3-GES-8,3.435536781,8.657717699,48.88059425,2.232829425,2.805229425,2.9555,30.8312,50,100,1,1,1,0.02,2,0.3,2000,1.8,2.1895,1705168,5/19/2026 0:00,ext,M,20260519-DiscoveryPlate-R3,YK,AR-954,JC-0513,AR-970,AR-971,AR-972,AR-973,AR-702,Unknown,AR-959,AR-967,AR-969,AR-902,Unknown,Unknown,AR-308,AR-1028,AR-905,AR-975,10,TRUE,0.140987179,6.936443365,0.451662724,0.000278781,4.252296035,20260519-DiscoveryPlate-R3-SMS,Unknown,Unknown,Labcraft,0,0.13033627,0.003633799,0.040941584,0.015020094,0.002180573,0.007025149,0.023499938,0.017928015,0.001453226,0.074617041,0.007510047,0.011871193,0.031735863,0.018653893,0.003633799,0.011628744,0.011628744,0.001210776,0.00339135,0.004361146,0.018653893,0.074617041,0.018653893,0.037307786,0.093270933,0.093270933,0.931736597,0.018653893,0.018653893,0.018653893,0.018653893,0.007510047,0.005571923,0.001938124,0.001938124,0.018653893
20260519-DiscoveryPlate-R3-H8,H8,Sample,DiscoveryPlate-R3-1,4.551055264,32.14267684,28.98554211,2.287744211,6.186244211,2.4484,18.0289,50,100,1,1,1,0.02,2,0.3,2000,1.8,2.1765,1705168,5/19/2026 0:00,ext,M,20260519-DiscoveryPlate-R3,YK,AR-954,JC-0513,AR-970,AR-971,AR-972,AR-973,AR-702,Unknown,AR-959,AR-967,AR-969,AR-902,Unknown,Unknown,AR-308,AR-1028,AR-905,AR-975,10,TRUE,0.439326116,6.164753166,0.569365546,-0.000426157,4.24729216,20260519-DiscoveryPlate-R3-SMS,Unknown,Unknown,Labcraft,0,0.13033627,0.003633799,0.040941584,0.015020094,0.002180573,0.007025149,0.023499938,0.017928015,0.001453226,0.074617041,0.007510047,0.011871193,0.031735863,0.018653893,0.003633799,0.011628744,0.011628744,0.001210776,0.00339135,0.004361146,0.018653893,0.074617041,0.018653893,0.037307786,0.093270933,0.093270933,0.931736597,0.018653893,0.018653893,0.018653893,0.018653893,0.007510047,0.005571923,0.001938124,0.001938124,0.018653893
20260519-DiscoveryPlate-R3-H9,H9,Sample,DiscoveryPlate-R3-GES-27,3.934536655,116.2986773,20.92269324,4.738469324,3.881869324,0,31.5565,50,100,1,1,1,0.02,2,0.3,2000,1.8,2.1165,1705168,5/19/2026 0:00,ext,M,20260519-DiscoveryPlate-R3,YK,AR-954,JC-0513,AR-970,AR-971,AR-972,AR-973,AR-702,Unknown,AR-959,AR-967,AR-969,AR-902,Unknown,Unknown,AR-308,AR-1028,AR-905,AR-975,10,TRUE,0.10567118,3.865175112,0.686501627,0.000418396,4.20163648,20260519-DiscoveryPlate-R3-SMS,Unknown,Unknown,Labcraft,0,0.13033627,0.003633799,0.040941584,0.015020094,0.002180573,0.007025149,0.023499938,0.017928015,0.001453226,0.074617041,0.007510047,0.011871193,0.031735863,0.018653893,0.003633799,0.011628744,0.011628744,0.001210776,0.00339135,0.004361146,0.018653893,0.074617041,0.018653893,0.037307786,0.093270933,0.093270933,0.931736597,0.018653893,0.018653893,0.018653893,0.018653893,0.007510047,0.005571923,0.001938124,0.001938124,0.018653893
20260519-DiscoveryPlate-R3-H10,H10,Sample,DiscoveryPlate-R3-11,4.55510827,55.88638646,37.07156616,2.937046616,5.915946616,0.4737,13.9526,50,100,1,1,1,0.02,2,0.3,2000,1.8,2.1055,1705168,5/19/2026 0:00,ext,M,20260519-DiscoveryPlate-R3,YK,AR-954,JC-0513,AR-970,AR-971,AR-972,AR-973,AR-702,Unknown,AR-959,AR-967,AR-969,AR-902,Unknown,Unknown,AR-308,AR-1028,AR-905,AR-975,10,TRUE,0.433532103,7.489792808,0.536219606,-0.00233417,4.12044083,20260519-DiscoveryPlate-R3-SMS,Unknown,Unknown,Labcraft,0,0.13033627,0.003633799,0.040941584,0.015020094,0.002180573,0.007025149,0.023499938,0.017928015,0.001453226,0.074617041,0.007510047,0.011871193,0.031735863,0.018653893,0.003633799,0.011628744,0.011628744,0.001210776,0.00339135,0.004361146,0.018653893,0.074617041,0.018653893,0.037307786,0.093270933,0.093270933,0.931736597,0.018653893,0.018653893,0.018653893,0.018653893,0.007510047,0.005571923,0.001938124,0.001938124,0.018653893
20260519-DiscoveryPlate-R3-H11,H11,Sample,DiscoveryPlate-R3-4,4.564466998,18.60255439,40.85153599,3.596213599,4.802413599,0.698,1.7132,50,100,1,1,1,0.02,2,0.3,2000,1.8,2.0683,1705168,5/19/2026 0:00,ext,M,20260519-DiscoveryPlate-R3,YK,AR-954,JC-0513,AR-970,AR-971,AR-972,AR-973,AR-702,Unknown,AR-959,AR-967,AR-969,AR-902,Unknown,Unknown,AR-308,AR-1028,AR-905,AR-975,10,TRUE,0.036628184,7.07490765,0.280938913,0.00024004,4.164892216,20260519-DiscoveryPlate-R3-SMS,Unknown,Unknown,Labcraft,0,0.13033627,0.003633799,0.040941584,0.015020094,0.002180573,0.007025149,0.023499938,0.017928015,0.001453226,0.074617041,0.007510047,0.011871193,0.031735863,0.018653893,0.003633799,0.011628744,0.011628744,0.001210776,0.00339135,0.004361146,0.018653893,0.074617041,0.018653893,0.037307786,0.093270933,0.093270933,0.931736597,0.018653893,0.018653893,0.018653893,0.018653893,0.007510047,0.005571923,0.001938124,0.001938124,0.018653893
20260519-DiscoveryPlate-R3-H12,H12,Sample,DiscoveryPlate-R3-19,4.760070818,57.55776662,34.48226655,4.714116655,2.349716655,4.0138,24.0146,50,100,1,1,1,0.02,2,0.3,2000,1.8,2.2301,1705168,5/19/2026 0:00,ext,M,20260519-DiscoveryPlate-R3,YK,AR-954,JC-0513,AR-970,AR-971,AR-972,AR-973,AR-702,Unknown,AR-959,AR-967,AR-969,AR-902,Unknown,Unknown,AR-308,AR-1028,AR-905,AR-975,10,TRUE,0.050936796,6.354828636,0.356490853,0.00045148,4.22014369,20260519-DiscoveryPlate-R3-SMS,Unknown,Unknown,Labcraft,0,0.13033627,0.003633799,0.040941584,0.015020094,0.002180573,0.007025149,0.023499938,0.017928015,0.001453226,0.074617041,0.007510047,0.011871193,0.031735863,0.018653893,0.003633799,0.011628744,0.011628744,0.001210776,0.00339135,0.004361146,0.018653893,0.074617041,0.018653893,0.037307786,0.093270933,0.093270933,0.931736597,0.018653893,0.018653893,0.018653893,0.018653893,0.007510047,0.005571923,0.001938124,0.001938124,0.018653893
20260519-DiscoveryPlate-R3-H13,H13,Sample,DiscoveryPlate-R3-0,4.6813943,9.393881761,33.1566544,5.93459544,4.90239544,2.8093,22.5673,50,100,1,1,1,0.02,2,0.3,2000,1.8,2.2704,1705168,5/19/2026 0:00,ext,M,20260519-DiscoveryPlate-R3,YK,AR-954,JC-0513,AR-970,AR-971,AR-972,AR-973,AR-702,Unknown,AR-959,AR-967,AR-969,AR-902,Unknown,Unknown,AR-308,AR-1028,AR-905,AR-975,10,FALSE,0,,,0,,20260519-DiscoveryPlate-R3-SMS,Unknown,Unknown,Labcraft,0,0.13033627,0.003633799,0.040941584,0.015020094,0.002180573,0.007025149,0.023499938,0.017928015,0.001453226,0.074617041,0.007510047,0.011871193,0.031735863,0.018653893,0.003633799,0.011628744,0.011628744,0.001210776,0.00339135,0.004361146,0.018653893,0.074617041,0.018653893,0.037307786,0.093270933,0.093270933,0.931736597,0.018653893,0.018653893,0.018653893,0.018653893,0.007510047,0.005571923,0.001938124,0.001938124,0.018653893
20260519-DiscoveryPlate-R3-H14,H14,Sample,DiscoveryPlate-R3-0,4.6813943,9.393881761,33.1566544,5.93459544,4.90239544,2.8093,22.5673,50,100,1,1,1,0.02,2,0.3,2000,1.8,2.2704,1705168,5/19/2026 0:00,ext,M,20260519-DiscoveryPlate-R3,YK,AR-954,JC-0513,AR-970,AR-971,AR-972,AR-973,AR-702,Unknown,AR-959,AR-967,AR-969,AR-902,Unknown,Unknown,AR-308,AR-1028,AR-905,AR-975,10,TRUE,0.065330588,7.188995346,0.365872496,-8.88E-05,4.151827821,20260519-DiscoveryPlate-R3-SMS,Unknown,Unknown,Labcraft,0,0.13033627,0.003633799,0.040941584,0.015020094,0.002180573,0.007025149,0.023499938,0.017928015,0.001453226,0.074617041,0.007510047,0.011871193,0.031735863,0.018653893,0.003633799,0.011628744,0.011628744,0.001210776,0.00339135,0.004361146,0.018653893,0.074617041,0.018653893,0.037307786,0.093270933,0.093270933,0.931736597,0.018653893,0.018653893,0.018653893,0.018653893,0.007510047,0.005571923,0.001938124,0.001938124,0.018653893
20260519-DiscoveryPlate-R3-H15,H15,Sample,DiscoveryPlate-R3-GES-10,2.522810919,8.072994941,26.31278735,3.103148735,2.283848735,0,25.3667,50,100,1,1,1,0.02,2,0.3,2000,1.8,2.0416,1705168,5/19/2026 0:00,ext,M,20260519-DiscoveryPlate-R3,YK,AR-954,JC-0513,AR-970,AR-971,AR-972,AR-973,AR-702,Unknown,AR-959,AR-967,AR-969,AR-902,Unknown,Unknown,AR-308,AR-1028,AR-905,AR-975,10,TRUE,0.103458456,4.291365113,0.655986731,0.001219031,4.231079998,20260519-DiscoveryPlate-R3-SMS,Unknown,Unknown,Labcraft,0,0.13033627,0.003633799,0.040941584,0.015020094,0.002180573,0.007025149,0.023499938,0.017928015,0.001453226,0.074617041,0.007510047,0.011871193,0.031735863,0.018653893,0.003633799,0.011628744,0.011628744,0.001210776,0.00339135,0.004361146,0.018653893,0.074617041,0.018653893,0.037307786,0.093270933,0.093270933,0.931736597,0.018653893,0.018653893,0.018653893,0.018653893,0.007510047,0.005571923,0.001938124,0.001938124,0.018653893
20260519-DiscoveryPlate-R3-H16,H16,Sample,DiscoveryPlate-R3-6,3.68072167,40.95976934,35.04507336,5.210417336,3.519517336,0.2416,28.4598,50,100,1,1,1,0.02,2,0.3,2000,1.8,2.1474,1705168,5/19/2026 0:00,ext,M,20260519-DiscoveryPlate-R3,YK,AR-954,JC-0513,AR-970,AR-971,AR-972,AR-973,AR-702,Unknown,AR-959,AR-967,AR-969,AR-902,Unknown,Unknown,AR-308,AR-1028,AR-905,AR-975,10,TRUE,0.0344045,5.631358794,0.404482456,0.000930109,4.250705253,20260519-DiscoveryPlate-R3-SMS,Unknown,Unknown,Labcraft,0,0.13033627,0.003633799,0.040941584,0.015020094,0.002180573,0.007025149,0.023499938,0.017928015,0.001453226,0.074617041,0.007510047,0.011871193,0.031735863,0.018653893,0.003633799,0.011628744,0.011628744,0.001210776,0.00339135,0.004361146,0.018653893,0.074617041,0.018653893,0.037307786,0.093270933,0.093270933,0.931736597,0.018653893,0.018653893,0.018653893,0.018653893,0.007510047,0.005571923,0.001938124,0.001938124,0.018653893
20260519-DiscoveryPlate-R3-H17,H17,Sample,DiscoveryPlate-R3-GES-26,2.811813736,8.138603955,27.40950989,2.420650989,2.034650989,0,30.6875,50,100,1,1,1,0.02,2,0.3,2000,1.8,2.0582,1705168,5/19/2026 0:00,ext,M,20260519-DiscoveryPlate-R3,YK,AR-954,JC-0513,AR-970,AR-971,AR-972,AR-973,AR-702,Unknown,AR-959,AR-967,AR-969,AR-902,Unknown,Unknown,AR-308,AR-1028,AR-905,AR-975,10,TRUE,0.220410575,4.753259727,0.610555512,0.003061887,4.287153476,20260519-DiscoveryPlate-R3-SMS,Unknown,Unknown,Labcraft,0,0.13033627,0.003633799,0.040941584,0.015020094,0.002180573,0.007025149,0.023499938,0.017928015,0.001453226,0.074617041,0.007510047,0.011871193,0.031735863,0.018653893,0.003633799,0.011628744,0.011628744,0.001210776,0.00339135,0.004361146,0.018653893,0.074617041,0.018653893,0.037307786,0.093270933,0.093270933,0.931736597,0.018653893,0.018653893,0.018653893,0.018653893,0.007510047,0.005571923,0.001938124,0.001938124,0.018653893
20260519-DiscoveryPlate-R3-H18,H18,Sample,DiscoveryPlate-R3-GES-9,4.207647156,32.5948109,56.35557725,4.006177725,2.237477725,4.5829,28.1221,50,100,1,1,1,0.02,2,0.3,2000,1.8,2.2634,1705168,5/19/2026 0:00,ext,M,20260519-DiscoveryPlate-R3,YK,AR-954,JC-0513,AR-970,AR-971,AR-972,AR-973,AR-702,Unknown,AR-959,AR-967,AR-969,AR-902,Unknown,Unknown,AR-308,AR-1028,AR-905,AR-975,10,TRUE,0.100258141,6.320054979,0.44020066,0.000585056,4.22109621,20260519-DiscoveryPlate-R3-SMS,Unknown,Unknown,Labcraft,0,0.13033627,0.003633799,0.040941584,0.015020094,0.002180573,0.007025149,0.023499938,0.017928015,0.001453226,0.074617041,0.007510047,0.011871193,0.031735863,0.018653893,0.003633799,0.011628744,0.011628744,0.001210776,0.00339135,0.004361146,0.018653893,0.074617041,0.018653893,0.037307786,0.093270933,0.093270933,0.931736597,0.018653893,0.018653893,0.018653893,0.018653893,0.007510047,0.005571923,0.001938124,0.001938124,0.018653893
20260519-DiscoveryPlate-R3-I6,I6,Sample,DiscoveryPlate-R3-13,4.173976225,62.00344392,43.5567098,3.41046098,2.36416098,1.6642,21.0074,50,100,1,1,1,0.02,2,0.3,2000,1.8,2.1134,1705168,5/19/2026 0:00,ext,M,20260519-DiscoveryPlate-R3,YK,AR-954,JC-0513,AR-970,AR-971,AR-972,AR-973,AR-702,Unknown,AR-959,AR-967,AR-969,AR-902,Unknown,Unknown,AR-308,AR-1028,AR-905,AR-975,10,TRUE,0.331461273,8.16038945,0.495900295,-0.001928564,4.08579261,20260519-DiscoveryPlate-R3-SMS,Unknown,Unknown,Labcraft,0,0.13033627,0.003633799,0.040941584,0.015020094,0.002180573,0.007025149,0.023499938,0.017928015,0.001453226,0.074617041,0.007510047,0.011871193,0.031735863,0.018653893,0.003633799,0.011628744,0.011628744,0.001210776,0.00339135,0.004361146,0.018653893,0.074617041,0.018653893,0.037307786,0.093270933,0.093270933,0.931736597,0.018653893,0.018653893,0.018653893,0.018653893,0.007510047,0.005571923,0.001938124,0.001938124,0.018653893
20260519-DiscoveryPlate-R3-I7,I7,Sample,DiscoveryPlate-R3-8,4.084939367,59.66010597,23.45281494,3.649851494,5.010651494,0.9445,15.6492,50,100,1,1,1,0.02,2,0.3,2000,1.8,2.0992,1705168,5/19/2026 0:00,ext,M,20260519-DiscoveryPlate-R3,YK,AR-954,JC-0513,AR-970,AR-971,AR-972,AR-973,AR-702,Unknown,AR-959,AR-967,AR-969,AR-902,Unknown,Unknown,AR-308,AR-1028,AR-905,AR-975,10,TRUE,0.332121369,6.063952074,0.523764354,1.50E-05,4.239530604,20260519-DiscoveryPlate-R3-SMS,Unknown,Unknown,Labcraft,0,0.13033627,0.003633799,0.040941584,0.015020094,0.002180573,0.007025149,0.023499938,0.017928015,0.001453226,0.074617041,0.007510047,0.011871193,0.031735863,0.018653893,0.003633799,0.011628744,0.011628744,0.001210776,0.00339135,0.004361146,0.018653893,0.074617041,0.018653893,0.037307786,0.093270933,0.093270933,0.931736597,0.018653893,0.018653893,0.018653893,0.018653893,0.007510047,0.005571923,0.001938124,0.001938124,0.018653893
20260519-DiscoveryPlate-R3-I8,I8,Sample,DiscoveryPlate-R3-GES-26,2.811813736,8.138603955,27.40950989,2.420650989,2.034650989,0,30.6875,50,100,1,1,1,0.02,2,0.3,2000,1.8,2.0582,1705168,5/19/2026 0:00,ext,M,20260519-DiscoveryPlate-R3,YK,AR-954,JC-0513,AR-970,AR-971,AR-972,AR-973,AR-702,Unknown,AR-959,AR-967,AR-969,AR-902,Unknown,Unknown,AR-308,AR-1028,AR-905,AR-975,10,TRUE,0.184578741,4.843017078,0.6320193,0.00198183,4.286100117,20260519-DiscoveryPlate-R3-SMS,Unknown,Unknown,Labcraft,0,0.13033627,0.003633799,0.040941584,0.015020094,0.002180573,0.007025149,0.023499938,0.017928015,0.001453226,0.074617041,0.007510047,0.011871193,0.031735863,0.018653893,0.003633799,0.011628744,0.011628744,0.001210776,0.00339135,0.004361146,0.018653893,0.074617041,0.018653893,0.037307786,0.093270933,0.093270933,0.931736597,0.018653893,0.018653893,0.018653893,0.018653893,0.007510047,0.005571923,0.001938124,0.001938124,0.018653893
20260519-DiscoveryPlate-R3-I9,I9,Sample,DiscoveryPlate-R3-GES-2,3.017084243,72.09624958,48.61917394,2.073187394,2.345987394,1.4155,31.2687,50,100,1,1,1,0.02,2,0.3,2000,1.8,2.0972,1705168,5/19/2026 0:00,ext,M,20260519-DiscoveryPlate-R3,YK,AR-954,JC-0513,AR-970,AR-971,AR-972,AR-973,AR-702,Unknown,AR-959,AR-967,AR-969,AR-902,Unknown,Unknown,AR-308,AR-1028,AR-905,AR-975,10,TRUE,0.431930882,5.499401769,0.67186593,0.000844332,4.279667114,20260519-DiscoveryPlate-R3-SMS,Unknown,Unknown,Labcraft,0,0.13033627,0.003633799,0.040941584,0.015020094,0.002180573,0.007025149,0.023499938,0.017928015,0.001453226,0.074617041,0.007510047,0.011871193,0.031735863,0.018653893,0.003633799,0.011628744,0.011628744,0.001210776,0.00339135,0.004361146,0.018653893,0.074617041,0.018653893,0.037307786,0.093270933,0.093270933,0.931736597,0.018653893,0.018653893,0.018653893,0.018653893,0.007510047,0.005571923,0.001938124,0.001938124,0.018653893
20260519-DiscoveryPlate-R3-I10,I10,Sample,DiscoveryPlate-R3-GES-20,3.045179908,103.7651357,26.76813927,2.279983927,2.480883927,0,0,50,100,1,1,1,0.02,2,0.3,2000,1.8,1.8884,1705168,5/19/2026 0:00,ext,M,20260519-DiscoveryPlate-R3,YK,AR-954,JC-0513,AR-970,AR-971,AR-972,AR-973,AR-702,Unknown,AR-959,AR-967,AR-969,AR-902,Unknown,Unknown,AR-308,AR-1028,AR-905,AR-975,10,TRUE,0.146145151,4.376046532,0.649747859,0.002081342,4.235892645,20260519-DiscoveryPlate-R3-SMS,Unknown,Unknown,Labcraft,0,0.13033627,0.003633799,0.040941584,0.015020094,0.002180573,0.007025149,0.023499938,0.017928015,0.001453226,0.074617041,0.007510047,0.011871193,0.031735863,0.018653893,0.003633799,0.011628744,0.011628744,0.001210776,0.00339135,0.004361146,0.018653893,0.074617041,0.018653893,0.037307786,0.093270933,0.093270933,0.931736597,0.018653893,0.018653893,0.018653893,0.018653893,0.007510047,0.005571923,0.001938124,0.001938124,0.018653893
20260519-DiscoveryPlate-R3-I11,I11,Sample,DiscoveryPlate-R3-GES-7,3.007049051,14.87381696,35.00829241,2.066279241,2.474079241,0.7054,31.1645,50,100,1,1,1,0.02,2,0.3,2000,1.8,2.0902,1705168,5/19/2026 0:00,ext,M,20260519-DiscoveryPlate-R3,YK,AR-954,JC-0513,AR-970,AR-971,AR-972,AR-973,AR-702,Unknown,AR-959,AR-967,AR-969,AR-902,Unknown,Unknown,AR-308,AR-1028,AR-905,AR-975,10,TRUE,0.40135992,5.538711647,0.668406851,0.000876231,4.286075865,20260519-DiscoveryPlate-R3-SMS,Unknown,Unknown,Labcraft,0,0.13033627,0.003633799,0.040941584,0.015020094,0.002180573,0.007025149,0.023499938,0.017928015,0.001453226,0.074617041,0.007510047,0.011871193,0.031735863,0.018653893,0.003633799,0.011628744,0.011628744,0.001210776,0.00339135,0.004361146,0.018653893,0.074617041,0.018653893,0.037307786,0.093270933,0.093270933,0.931736597,0.018653893,0.018653893,0.018653893,0.018653893,0.007510047,0.005571923,0.001938124,0.001938124,0.018653893
20260519-DiscoveryPlate-R3-I12,I12,Sample,DiscoveryPlate-R3-GES-15,2.664262283,57.22793931,41.66089826,2.737909826,3.253309826,2.6679,32.1468,50,100,1,1,1,0.02,2,0.3,2000,1.8,2.1561,1705168,5/19/2026 0:00,ext,M,20260519-DiscoveryPlate-R3,YK,AR-954,JC-0513,AR-970,AR-971,AR-972,AR-973,AR-702,Unknown,AR-959,AR-967,AR-969,AR-902,Unknown,Unknown,AR-308,AR-1028,AR-905,AR-975,10,TRUE,0.364263104,5.289162986,0.612427065,0.001996847,4.287875023,20260519-DiscoveryPlate-R3-SMS,Unknown,Unknown,Labcraft,0,0.13033627,0.003633799,0.040941584,0.015020094,0.002180573,0.007025149,0.023499938,0.017928015,0.001453226,0.074617041,0.007510047,0.011871193,0.031735863,0.018653893,0.003633799,0.011628744,0.011628744,0.001210776,0.00339135,0.004361146,0.018653893,0.074617041,0.018653893,0.037307786,0.093270933,0.093270933,0.931736597,0.018653893,0.018653893,0.018653893,0.018653893,0.007510047,0.005571923,0.001938124,0.001938124,0.018653893
20260519-DiscoveryPlate-R3-I13,I13,Sample,DiscoveryPlate-R3-19,4.760070818,57.55776662,34.48226655,4.714116655,2.349716655,4.0138,24.0146,50,100,1,1,1,0.02,2,0.3,2000,1.8,2.2301,1705168,5/19/2026 0:00,ext,M,20260519-DiscoveryPlate-R3,YK,AR-954,JC-0513,AR-970,AR-971,AR-972,AR-973,AR-702,Unknown,AR-959,AR-967,AR-969,AR-902,Unknown,Unknown,AR-308,AR-1028,AR-905,AR-975,10,TRUE,0.023071919,7.679158171,0.334043268,0.000147111,4.100116351,20260519-DiscoveryPlate-R3-SMS,Unknown,Unknown,Labcraft,0,0.13033627,0.003633799,0.040941584,0.015020094,0.002180573,0.007025149,0.023499938,0.017928015,0.001453226,0.074617041,0.007510047,0.011871193,0.031735863,0.018653893,0.003633799,0.011628744,0.011628744,0.001210776,0.00339135,0.004361146,0.018653893,0.074617041,0.018653893,0.037307786,0.093270933,0.093270933,0.931736597,0.018653893,0.018653893,0.018653893,0.018653893,0.007510047,0.005571923,0.001938124,0.001938124,0.018653893
20260519-DiscoveryPlate-R3-I14,I14,Sample,DiscoveryPlate-R3-GES-27,3.934536655,116.2986773,20.92269324,4.738469324,3.881869324,0,31.5565,50,100,1,1,1,0.02,2,0.3,2000,1.8,2.1165,1705168,5/19/2026 0:00,ext,M,20260519-DiscoveryPlate-R3,YK,AR-954,JC-0513,AR-970,AR-971,AR-972,AR-973,AR-702,Unknown,AR-959,AR-967,AR-969,AR-902,Unknown,Unknown,AR-308,AR-1028,AR-905,AR-975,10,TRUE,0.119516536,3.816094614,0.674340963,0.000447705,4.197989333,20260519-DiscoveryPlate-R3-SMS,Unknown,Unknown,Labcraft,0,0.13033627,0.003633799,0.040941584,0.015020094,0.002180573,0.007025149,0.023499938,0.017928015,0.001453226,0.074617041,0.007510047,0.011871193,0.031735863,0.018653893,0.003633799,0.011628744,0.011628744,0.001210776,0.00339135,0.004361146,0.018653893,0.074617041,0.018653893,0.037307786,0.093270933,0.093270933,0.931736597,0.018653893,0.018653893,0.018653893,0.018653893,0.007510047,0.005571923,0.001938124,0.001938124,0.018653893
20260519-DiscoveryPlate-R3-I15,I15,Sample,DiscoveryPlate-R3-GES-21,3.270879151,50.52049328,41.42663321,2.119423321,2.119423321,2.6529,31.966,50,100,1,1,1,0.02,2,0.3,2000,1.8,2.1439,1705168,5/19/2026 0:00,ext,M,20260519-DiscoveryPlate-R3,YK,AR-954,JC-0513,AR-970,AR-971,AR-972,AR-973,AR-702,Unknown,AR-959,AR-967,AR-969,AR-902,Unknown,Unknown,AR-308,AR-1028,AR-905,AR-975,10,TRUE,0.384193768,5.089949471,0.591003777,0.003538604,4.305279811,20260519-DiscoveryPlate-R3-SMS,Unknown,Unknown,Labcraft,0,0.13033627,0.003633799,0.040941584,0.015020094,0.002180573,0.007025149,0.023499938,0.017928015,0.001453226,0.074617041,0.007510047,0.011871193,0.031735863,0.018653893,0.003633799,0.011628744,0.011628744,0.001210776,0.00339135,0.004361146,0.018653893,0.074617041,0.018653893,0.037307786,0.093270933,0.093270933,0.931736597,0.018653893,0.018653893,0.018653893,0.018653893,0.007510047,0.005571923,0.001938124,0.001938124,0.018653893
20260519-DiscoveryPlate-R3-I16,I16,Sample,DiscoveryPlate-R3-7,4.616751166,17.28622373,39.70100933,2.722480933,5.822280933,2.0292,33.6199,50,100,1,1,1,0.02,2,0.3,2000,1.8,2.2549,1705168,5/19/2026 0:00,ext,M,20260519-DiscoveryPlate-R3,YK,AR-954,JC-0513,AR-970,AR-971,AR-972,AR-973,AR-702,Unknown,AR-959,AR-967,AR-969,AR-902,Unknown,Unknown,AR-308,AR-1028,AR-905,AR-975,10,TRUE,0.615057054,5.23779871,0.67731818,-0.003306941,0.248490127,20260519-DiscoveryPlate-R3-SMS,Unknown,Unknown,Labcraft,0,0.13033627,0.003633799,0.040941584,0.015020094,0.002180573,0.007025149,0.023499938,0.017928015,0.001453226,0.074617041,0.007510047,0.011871193,0.031735863,0.018653893,0.003633799,0.011628744,0.011628744,0.001210776,0.00339135,0.004361146,0.018653893,0.074617041,0.018653893,0.037307786,0.093270933,0.093270933,0.931736597,0.018653893,0.018653893,0.018653893,0.018653893,0.007510047,0.005571923,0.001938124,0.001938124,0.018653893
20260519-DiscoveryPlate-R3-I17,I17,Sample,DiscoveryPlate-R3-17,3.823264668,44.14594694,49.25671734,3.067611734,5.662211734,4.0488,24.2237,50,100,1,1,1,0.02,2,0.3,2000,1.8,2.2495,1705168,5/19/2026 0:00,ext,M,20260519-DiscoveryPlate-R3,YK,AR-954,JC-0513,AR-970,AR-971,AR-972,AR-973,AR-702,Unknown,AR-959,AR-967,AR-969,AR-902,Unknown,Unknown,AR-308,AR-1028,AR-905,AR-975,10,TRUE,0.318047498,5.889433271,0.606813097,-0.001102107,4.213626733,20260519-DiscoveryPlate-R3-SMS,Unknown,Unknown,Labcraft,0,0.13033627,0.003633799,0.040941584,0.015020094,0.002180573,0.007025149,0.023499938,0.017928015,0.001453226,0.074617041,0.007510047,0.011871193,0.031735863,0.018653893,0.003633799,0.011628744,0.011628744,0.001210776,0.00339135,0.004361146,0.018653893,0.074617041,0.018653893,0.037307786,0.093270933,0.093270933,0.931736597,0.018653893,0.018653893,0.018653893,0.018653893,0.007510047,0.005571923,0.001938124,0.001938124,0.018653893
20260519-DiscoveryPlate-R3-I18,I18,Sample,DiscoveryPlate-R3-GES-6,3.636315081,36.17494826,41.55082065,2.737212065,2.079612065,0.4733,31.3656,50,100,1,1,1,0.02,2,0.3,2000,1.8,2.1037,1705168,5/19/2026 0:00,ext,M,20260519-DiscoveryPlate-R3,YK,AR-954,JC-0513,AR-970,AR-971,AR-972,AR-973,AR-702,Unknown,AR-959,AR-967,AR-969,AR-902,Unknown,Unknown,AR-308,AR-1028,AR-905,AR-975,10,TRUE,0.529027887,6.097451796,0.575102758,-0.013258816,0,20260519-DiscoveryPlate-R3-SMS,Unknown,Unknown,Labcraft,0,0.13033627,0.003633799,0.040941584,0.015020094,0.002180573,0.007025149,0.023499938,0.017928015,0.001453226,0.074617041,0.007510047,0.011871193,0.031735863,0.018653893,0.003633799,0.011628744,0.011628744,0.001210776,0.00339135,0.004361146,0.018653893,0.074617041,0.018653893,0.037307786,0.093270933,0.093270933,0.931736597,0.018653893,0.018653893,0.018653893,0.018653893,0.007510047,0.005571923,0.001938124,0.001938124,0.018653893
20260519-DiscoveryPlate-R3-J6,J6,Sample,DiscoveryPlate-R3-6,3.68072167,40.95976934,35.04507336,5.210417336,3.519517336,0.2416,28.4598,50,100,1,1,1,0.02,2,0.3,2000,1.8,2.1474,1705168,5/19/2026 0:00,ext,M,20260519-DiscoveryPlate-R3,YK,AR-954,JC-0513,AR-970,AR-971,AR-972,AR-973,AR-702,Unknown,AR-959,AR-967,AR-969,AR-902,Unknown,Unknown,AR-308,AR-1028,AR-905,AR-975,10,TRUE,0.024412966,6.802448002,0.160801035,0.000666978,4.189233521,20260519-DiscoveryPlate-R3-SMS,Unknown,Unknown,Labcraft,0,0.13033627,0.003633799,0.040941584,0.015020094,0.002180573,0.007025149,0.023499938,0.017928015,0.001453226,0.074617041,0.007510047,0.011871193,0.031735863,0.018653893,0.003633799,0.011628744,0.011628744,0.001210776,0.00339135,0.004361146,0.018653893,0.074617041,0.018653893,0.037307786,0.093270933,0.093270933,0.931736597,0.018653893,0.018653893,0.018653893,0.018653893,0.007510047,0.005571923,0.001938124,0.001938124,0.018653893
20260519-DiscoveryPlate-R3-J7,J7,Sample,DiscoveryPlate-R3-labcraft_PPK,3.371000128,8.04896041,20.12240103,2.012240103,2.012240103,1.3738,16.8608,50,100,1,1,1,0.02,2,0.3,2000,1.8,2.0355,1705168,5/19/2026 0:00,ext,M,20260519-DiscoveryPlate-R3,YK,AR-954,JC-0513,AR-970,AR-971,AR-972,AR-973,AR-702,Unknown,AR-959,AR-967,AR-969,AR-902,Unknown,Unknown,AR-308,AR-1028,AR-905,AR-975,10,TRUE,0.086082148,6.08339497,0.369419358,0.001128702,4.234404939,20260519-DiscoveryPlate-R3-SMS,Unknown,Unknown,Labcraft,0,0.13033627,0.003633799,0.040941584,0.015020094,0.002180573,0.007025149,0.023499938,0.017928015,0.001453226,0.074617041,0.007510047,0.011871193,0.031735863,0.018653893,0.003633799,0.011628744,0.011628744,0.001210776,0.00339135,0.004361146,0.018653893,0.074617041,0.018653893,0.037307786,0.093270933,0.093270933,0.931736597,0.018653893,0.018653893,0.018653893,0.018653893,0.007510047,0.005571923,0.001938124,0.001938124,0.018653893
20260519-DiscoveryPlate-R3-J8,J8,Sample,DiscoveryPlate-R3-GES-25,2.650581462,8.481860677,76.41095169,2.120465169,4.910765169,0,31.9817,50,100,1,1,1,0.02,2,0.3,2000,1.8,2.145,1705168,5/19/2026 0:00,ext,M,20260519-DiscoveryPlate-R3,YK,AR-954,JC-0513,AR-970,AR-971,AR-972,AR-973,AR-702,Unknown,AR-959,AR-967,AR-969,AR-902,Unknown,Unknown,AR-308,AR-1028,AR-905,AR-975,10,FALSE,0,,,0,,20260519-DiscoveryPlate-R3-SMS,Unknown,Unknown,Labcraft,0,0.13033627,0.003633799,0.040941584,0.015020094,0.002180573,0.007025149,0.023499938,0.017928015,0.001453226,0.074617041,0.007510047,0.011871193,0.031735863,0.018653893,0.003633799,0.011628744,0.011628744,0.001210776,0.00339135,0.004361146,0.018653893,0.074617041,0.018653893,0.037307786,0.093270933,0.093270933,0.931736597,0.018653893,0.018653893,0.018653893,0.018653893,0.007510047,0.005571923,0.001938124,0.001938124,0.018653893
20260519-DiscoveryPlate-R3-J9,J9,Sample,DiscoveryPlate-R3-16,3.904141796,20.49467375,47.05223437,4.564993437,2.514893437,1.6283,3.4257,50,100,1,1,1,0.02,2,0.3,2000,1.8,2.0678,1705168,5/19/2026 0:00,ext,M,20260519-DiscoveryPlate-R3,YK,AR-954,JC-0513,AR-970,AR-971,AR-972,AR-973,AR-702,Unknown,AR-959,AR-967,AR-969,AR-902,Unknown,Unknown,AR-308,AR-1028,AR-905,AR-975,10,TRUE,0.027022882,6.007962685,0.270731793,0.000807227,4.239427095,20260519-DiscoveryPlate-R3-SMS,Unknown,Unknown,Labcraft,0,0.13033627,0.003633799,0.040941584,0.015020094,0.002180573,0.007025149,0.023499938,0.017928015,0.001453226,0.074617041,0.007510047,0.011871193,0.031735863,0.018653893,0.003633799,0.011628744,0.011628744,0.001210776,0.00339135,0.004361146,0.018653893,0.074617041,0.018653893,0.037307786,0.093270933,0.093270933,0.931736597,0.018653893,0.018653893,0.018653893,0.018653893,0.007510047,0.005571923,0.001938124,0.001938124,0.018653893
20260519-DiscoveryPlate-R3-J10,J10,Sample,DiscoveryPlate-R3-GES-4,2.493184147,53.55318927,55.42967317,1.994547317,1.994547317,2.0427,11.6988,50,100,1,1,1,0.02,2,0.3,2000,1.8,2.0176,1705168,5/19/2026 0:00,ext,M,20260519-DiscoveryPlate-R3,YK,AR-954,JC-0513,AR-970,AR-971,AR-972,AR-973,AR-702,Unknown,AR-959,AR-967,AR-969,AR-902,Unknown,Unknown,AR-308,AR-1028,AR-905,AR-975,10,TRUE,0.087745081,6.449313551,0.355778035,0.001083208,4.213350644,20260519-DiscoveryPlate-R3-SMS,Unknown,Unknown,Labcraft,0,0.13033627,0.003633799,0.040941584,0.015020094,0.002180573,0.007025149,0.023499938,0.017928015,0.001453226,0.074617041,0.007510047,0.011871193,0.031735863,0.018653893,0.003633799,0.011628744,0.011628744,0.001210776,0.00339135,0.004361146,0.018653893,0.074617041,0.018653893,0.037307786,0.093270933,0.093270933,0.931736597,0.018653893,0.018653893,0.018653893,0.018653893,0.007510047,0.005571923,0.001938124,0.001938124,0.018653893
20260519-DiscoveryPlate-R3-J11,J11,Sample,DiscoveryPlate-R3-GES-24,3.894546105,115.1162875,63.84466884,2.070996884,3.433596884,0,31.2356,50,100,1,1,1,0.02,2,0.3,2000,1.8,2.095,1705168,5/19/2026 0:00,ext,M,20260519-DiscoveryPlate-R3,YK,AR-954,JC-0513,AR-970,AR-971,AR-972,AR-973,AR-702,Unknown,AR-959,AR-967,AR-969,AR-902,Unknown,Unknown,AR-308,AR-1028,AR-905,AR-975,10,FALSE,0,,,0,,20260519-DiscoveryPlate-R3-SMS,Unknown,Unknown,Labcraft,0,0.13033627,0.003633799,0.040941584,0.015020094,0.002180573,0.007025149,0.023499938,0.017928015,0.001453226,0.074617041,0.007510047,0.011871193,0.031735863,0.018653893,0.003633799,0.011628744,0.011628744,0.001210776,0.00339135,0.004361146,0.018653893,0.074617041,0.018653893,0.037307786,0.093270933,0.093270933,0.931736597,0.018653893,0.018653893,0.018653893,0.018653893,0.007510047,0.005571923,0.001938124,0.001938124,0.018653893
20260519-DiscoveryPlate-R3-J13,J13,Sample,DiscoveryPlate-R3-GES-28,4.07738038,8.672897216,78.13194304,4.910524304,2.168224304,0,32.7021,50,100,1,1,1,0.02,2,0.3,2000,1.8,2.1933,1705168,5/19/2026 0:00,ext,M,20260519-DiscoveryPlate-R3,YK,AR-954,JC-0513,AR-970,AR-971,AR-972,AR-973,AR-702,Unknown,AR-959,AR-967,AR-969,AR-902,Unknown,Unknown,AR-308,AR-1028,AR-905,AR-975,10,FALSE,0,,,0,,20260519-DiscoveryPlate-R3-SMS,Unknown,Unknown,Labcraft,0,0.13033627,0.003633799,0.040941584,0.015020094,0.002180573,0.007025149,0.023499938,0.017928015,0.001453226,0.074617041,0.007510047,0.011871193,0.031735863,0.018653893,0.003633799,0.011628744,0.011628744,0.001210776,0.00339135,0.004361146,0.018653893,0.074617041,0.018653893,0.037307786,0.093270933,0.093270933,0.931736597,0.018653893,0.018653893,0.018653893,0.018653893,0.007510047,0.005571923,0.001938124,0.001938124,0.018653893
20260519-DiscoveryPlate-R3-J14,J14,Sample,DiscoveryPlate-R3-GES-9,4.207647156,32.5948109,56.35557725,4.006177725,2.237477725,4.5829,28.1221,50,100,1,1,1,0.02,2,0.3,2000,1.8,2.2634,1705168,5/19/2026 0:00,ext,M,20260519-DiscoveryPlate-R3,YK,AR-954,JC-0513,AR-970,AR-971,AR-972,AR-973,AR-702,Unknown,AR-959,AR-967,AR-969,AR-902,Unknown,Unknown,AR-308,AR-1028,AR-905,AR-975,10,TRUE,0.059071916,7.261197692,0.359568582,0.000631267,4.144834474,20260519-DiscoveryPlate-R3-SMS,Unknown,Unknown,Labcraft,0,0.13033627,0.003633799,0.040941584,0.015020094,0.002180573,0.007025149,0.023499938,0.017928015,0.001453226,0.074617041,0.007510047,0.011871193,0.031735863,0.018653893,0.003633799,0.011628744,0.011628744,0.001210776,0.00339135,0.004361146,0.018653893,0.074617041,0.018653893,0.037307786,0.093270933,0.093270933,0.931736597,0.018653893,0.018653893,0.018653893,0.018653893,0.007510047,0.005571923,0.001938124,0.001938124,0.018653893
20260519-DiscoveryPlate-R3-J15,J15,Sample,DiscoveryPlate-R3-GES-14,3.799066361,8.690772354,58.49483089,2.172693089,2.172693089,4.4502,21.8463,50,100,1,1,1,0.02,2,0.3,2000,1.8,2.1978,1705168,5/19/2026 0:00,ext,M,20260519-DiscoveryPlate-R3,YK,AR-954,JC-0513,AR-970,AR-971,AR-972,AR-973,AR-702,Unknown,AR-959,AR-967,AR-969,AR-902,Unknown,Unknown,AR-308,AR-1028,AR-905,AR-975,10,TRUE,0.04556192,7.005797725,0.351419036,0.000334612,4.170061762,20260519-DiscoveryPlate-R3-SMS,Unknown,Unknown,Labcraft,0,0.13033627,0.003633799,0.040941584,0.015020094,0.002180573,0.007025149,0.023499938,0.017928015,0.001453226,0.074617041,0.007510047,0.011871193,0.031735863,0.018653893,0.003633799,0.011628744,0.011628744,0.001210776,0.00339135,0.004361146,0.018653893,0.074617041,0.018653893,0.037307786,0.093270933,0.093270933,0.931736597,0.018653893,0.018653893,0.018653893,0.018653893,0.007510047,0.005571923,0.001938124,0.001938124,0.018653893
20260519-DiscoveryPlate-R3-J16,J16,Sample,DiscoveryPlate-R3-GES-3,3.745651032,7.967203303,71.77450826,1.991800826,1.991800826,0.6799,5.0069,50,100,1,1,1,0.02,2,0.3,2000,1.8,2.0148,1705168,5/19/2026 0:00,ext,M,20260519-DiscoveryPlate-R3,YK,AR-954,JC-0513,AR-970,AR-971,AR-972,AR-973,AR-702,Unknown,AR-959,AR-967,AR-969,AR-902,Unknown,Unknown,AR-308,AR-1028,AR-905,AR-975,10,FALSE,0,,,0,,20260519-DiscoveryPlate-R3-SMS,Unknown,Unknown,Labcraft,0,0.13033627,0.003633799,0.040941584,0.015020094,0.002180573,0.007025149,0.023499938,0.017928015,0.001453226,0.074617041,0.007510047,0.011871193,0.031735863,0.018653893,0.003633799,0.011628744,0.011628744,0.001210776,0.00339135,0.004361146,0.018653893,0.074617041,0.018653893,0.037307786,0.093270933,0.093270933,0.931736597,0.018653893,0.018653893,0.018653893,0.018653893,0.007510047,0.005571923,0.001938124,0.001938124,0.018653893
20260519-DiscoveryPlate-R3-J17,J17,Sample,DiscoveryPlate-R3-14,3.584667822,22.73489703,31.62844258,2.216474258,2.873774258,0.2239,8.2433,50,100,1,1,1,0.02,2,0.3,2000,1.8,1.9903,1705168,5/19/2026 0:00,ext,M,20260519-DiscoveryPlate-R3,YK,AR-954,JC-0513,AR-970,AR-971,AR-972,AR-973,AR-702,Unknown,AR-959,AR-967,AR-969,AR-902,Unknown,Unknown,AR-308,AR-1028,AR-905,AR-975,10,TRUE,0.174493002,5.309094951,0.535234392,0.001788647,4.256601494,20260519-DiscoveryPlate-R3-SMS,Unknown,Unknown,Labcraft,0,0.13033627,0.003633799,0.040941584,0.015020094,0.002180573,0.007025149,0.023499938,0.017928015,0.001453226,0.074617041,0.007510047,0.011871193,0.031735863,0.018653893,0.003633799,0.011628744,0.011628744,0.001210776,0.00339135,0.004361146,0.018653893,0.074617041,0.018653893,0.037307786,0.093270933,0.093270933,0.931736597,0.018653893,0.018653893,0.018653893,0.018653893,0.007510047,0.005571923,0.001938124,0.001938124,0.018653893
20260519-DiscoveryPlate-R3-J18,J18,Sample,DiscoveryPlate-R3-GES-12,3.884694921,81.60332375,57.40855937,2.065755937,2.337555937,0.2351,31.1566,50,100,1,1,1,0.02,2,0.3,2000,1.8,2.0896,1705168,5/19/2026 0:00,ext,M,20260519-DiscoveryPlate-R3,YK,AR-954,JC-0513,AR-970,AR-971,AR-972,AR-973,AR-702,Unknown,AR-959,AR-967,AR-969,AR-902,Unknown,Unknown,AR-308,AR-1028,AR-905,AR-975,10,TRUE,0.363514725,7.233451627,0.52582103,-0.001589019,4.172963284,20260519-DiscoveryPlate-R3-SMS,Unknown,Unknown,Labcraft,0,0.13033627,0.003633799,0.040941584,0.015020094,0.002180573,0.007025149,0.023499938,0.017928015,0.001453226,0.074617041,0.007510047,0.011871193,0.031735863,0.018653893,0.003633799,0.011628744,0.011628744,0.001210776,0.00339135,0.004361146,0.018653893,0.074617041,0.018653893,0.037307786,0.093270933,0.093270933,0.931736597,0.018653893,0.018653893,0.018653893,0.018653893,0.007510047,0.005571923,0.001938124,0.001938124,0.018653893
20260519-DiscoveryPlate-R3-K6,K6,Sample,DiscoveryPlate-R3-3,3.692065404,11.00316929,26.17362323,5.294192323,3.238092323,1.1815,12.1806,50,100,1,1,1,0.02,2,0.3,2000,1.8,2.1007,1705168,5/19/2026 0:00,ext,M,20260519-DiscoveryPlate-R3,YK,AR-954,JC-0513,AR-970,AR-971,AR-972,AR-973,AR-702,Unknown,AR-959,AR-967,AR-969,AR-902,Unknown,Unknown,AR-308,AR-1028,AR-905,AR-975,10,FALSE,0,,,0,,20260519-DiscoveryPlate-R3-SMS,Unknown,Unknown,Labcraft,0,0.13033627,0.003633799,0.040941584,0.015020094,0.002180573,0.007025149,0.023499938,0.017928015,0.001453226,0.074617041,0.007510047,0.011871193,0.031735863,0.018653893,0.003633799,0.011628744,0.011628744,0.001210776,0.00339135,0.004361146,0.018653893,0.074617041,0.018653893,0.037307786,0.093270933,0.093270933,0.931736597,0.018653893,0.018653893,0.018653893,0.018653893,0.007510047,0.005571923,0.001938124,0.001938124,0.018653893
20260519-DiscoveryPlate-R3-K7,K7,Sample,DiscoveryPlate-R3-15,4.802288545,52.13134334,40.84500836,6.191510836,2.769810836,3.1614,5.3721,50,100,1,1,1,0.02,2,0.3,2000,1.8,2.1618,1705168,5/19/2026 0:00,ext,M,20260519-DiscoveryPlate-R3,YK,AR-954,JC-0513,AR-970,AR-971,AR-972,AR-973,AR-702,Unknown,AR-959,AR-967,AR-969,AR-902,Unknown,Unknown,AR-308,AR-1028,AR-905,AR-975,10,FALSE,0,,,0,,20260519-DiscoveryPlate-R3-SMS,Unknown,Unknown,Labcraft,0,0.13033627,0.003633799,0.040941584,0.015020094,0.002180573,0.007025149,0.023499938,0.017928015,0.001453226,0.074617041,0.007510047,0.011871193,0.031735863,0.018653893,0.003633799,0.011628744,0.011628744,0.001210776,0.00339135,0.004361146,0.018653893,0.074617041,0.018653893,0.037307786,0.093270933,0.093270933,0.931736597,0.018653893,0.018653893,0.018653893,0.018653893,0.007510047,0.005571923,0.001938124,0.001938124,0.018653893
20260519-DiscoveryPlate-R3-K8,K8,Sample,DiscoveryPlate-R3-GES-17,3.566475567,7.586161814,18.96540454,1.896540454,1.896540454,0,0,50,100,1,1,1,0.02,2,0.3,2000,1.8,1.9185,1705168,5/19/2026 0:00,ext,M,20260519-DiscoveryPlate-R3,YK,AR-954,JC-0513,AR-970,AR-971,AR-972,AR-973,AR-702,Unknown,AR-959,AR-967,AR-969,AR-902,Unknown,Unknown,AR-308,AR-1028,AR-905,AR-975,10,TRUE,0.255009841,5.655042673,0.566557903,0.001914907,4.294146328,20260519-DiscoveryPlate-R3-SMS,Unknown,Unknown,Labcraft,0,0.13033627,0.003633799,0.040941584,0.015020094,0.002180573,0.007025149,0.023499938,0.017928015,0.001453226,0.074617041,0.007510047,0.011871193,0.031735863,0.018653893,0.003633799,0.011628744,0.011628744,0.001210776,0.00339135,0.004361146,0.018653893,0.074617041,0.018653893,0.037307786,0.093270933,0.093270933,0.931736597,0.018653893,0.018653893,0.018653893,0.018653893,0.007510047,0.005571923,0.001938124,0.001938124,0.018653893
20260519-DiscoveryPlate-R3-K9,K9,Sample,DiscoveryPlate-R3-GES-6,3.636315081,36.17494826,41.55082065,2.737212065,2.079612065,0.4733,31.3656,50,100,1,1,1,0.02,2,0.3,2000,1.8,2.1037,1705168,5/19/2026 0:00,ext,M,20260519-DiscoveryPlate-R3,YK,AR-954,JC-0513,AR-970,AR-971,AR-972,AR-973,AR-702,Unknown,AR-959,AR-967,AR-969,AR-902,Unknown,Unknown,AR-308,AR-1028,AR-905,AR-975,10,FALSE,0,,,0,,20260519-DiscoveryPlate-R3-SMS,Unknown,Unknown,Labcraft,0,0.13033627,0.003633799,0.040941584,0.015020094,0.002180573,0.007025149,0.023499938,0.017928015,0.001453226,0.074617041,0.007510047,0.011871193,0.031735863,0.018653893,0.003633799,0.011628744,0.011628744,0.001210776,0.00339135,0.004361146,0.018653893,0.074617041,0.018653893,0.037307786,0.093270933,0.093270933,0.931736597,0.018653893,0.018653893,0.018653893,0.018653893,0.007510047,0.005571923,0.001938124,0.001938124,0.018653893
20260519-DiscoveryPlate-R3-K10,K10,Sample,DiscoveryPlate-R3-GES-16,2.538516935,72.97435419,42.33823548,2.030813548,4.703113548,4.1596,0,50,100,1,1,1,0.02,2,0.3,2000,1.8,2.0543,1705168,5/19/2026 0:00,ext,M,20260519-DiscoveryPlate-R3,YK,AR-954,JC-0513,AR-970,AR-971,AR-972,AR-973,AR-702,Unknown,AR-959,AR-967,AR-969,AR-902,Unknown,Unknown,AR-308,AR-1028,AR-905,AR-975,10,TRUE,0.239561333,4.884649279,0.574968361,0.003529935,4.253021768,20260519-DiscoveryPlate-R3-SMS,Unknown,Unknown,Labcraft,0,0.13033627,0.003633799,0.040941584,0.015020094,0.002180573,0.007025149,0.023499938,0.017928015,0.001453226,0.074617041,0.007510047,0.011871193,0.031735863,0.018653893,0.003633799,0.011628744,0.011628744,0.001210776,0.00339135,0.004361146,0.018653893,0.074617041,0.018653893,0.037307786,0.093270933,0.093270933,0.931736597,0.018653893,0.018653893,0.018653893,0.018653893,0.007510047,0.005571923,0.001938124,0.001938124,0.018653893
20260519-DiscoveryPlate-R3-K11,K11,Sample,DiscoveryPlate-R3-GES-23,3.668191136,70.61853163,72.86452909,2.097832909,2.097832909,0.9549,31.6404,50,100,1,1,1,0.02,2,0.3,2000,1.8,2.1221,1705168,5/19/2026 0:00,ext,M,20260519-DiscoveryPlate-R3,YK,AR-954,JC-0513,AR-970,AR-971,AR-972,AR-973,AR-702,Unknown,AR-959,AR-967,AR-969,AR-902,Unknown,Unknown,AR-308,AR-1028,AR-905,AR-975,10,FALSE,0,,,0,,20260519-DiscoveryPlate-R3-SMS,Unknown,Unknown,Labcraft,0,0.13033627,0.003633799,0.040941584,0.015020094,0.002180573,0.007025149,0.023499938,0.017928015,0.001453226,0.074617041,0.007510047,0.011871193,0.031735863,0.018653893,0.003633799,0.011628744,0.011628744,0.001210776,0.00339135,0.004361146,0.018653893,0.074617041,0.018653893,0.037307786,0.093270933,0.093270933,0.931736597,0.018653893,0.018653893,0.018653893,0.018653893,0.007510047,0.005571923,0.001938124,0.001938124,0.018653893
20260519-DiscoveryPlate-R3-K12,K12,Sample,DiscoveryPlate-R3-GES-5,4.068101564,109.618025,70.44431251,2.231681251,2.163281251,3.2001,32.6275,50,100,1,1,1,0.02,2,0.3,2000,1.8,2.1883,1705168,5/19/2026 0:00,ext,M,20260519-DiscoveryPlate-R3,YK,AR-954,JC-0513,AR-970,AR-971,AR-972,AR-973,AR-702,Unknown,AR-959,AR-967,AR-969,AR-902,Unknown,Unknown,AR-308,AR-1028,AR-905,AR-975,10,TRUE,0.034835847,6.616251292,0.345560468,0.00053282,4.202494453,20260519-DiscoveryPlate-R3-SMS,Unknown,Unknown,Labcraft,0,0.13033627,0.003633799,0.040941584,0.015020094,0.002180573,0.007025149,0.023499938,0.017928015,0.001453226,0.074617041,0.007510047,0.011871193,0.031735863,0.018653893,0.003633799,0.011628744,0.011628744,0.001210776,0.00339135,0.004361146,0.018653893,0.074617041,0.018653893,0.037307786,0.093270933,0.093270933,0.931736597,0.018653893,0.018653893,0.018653893,0.018653893,0.007510047,0.005571923,0.001938124,0.001938124,0.018653893
20260519-DiscoveryPlate-R3-K13,K13,Sample,DiscoveryPlate-R3-GES-23,3.668191136,70.61853163,72.86452909,2.097832909,2.097832909,0.9549,31.6404,50,100,1,1,1,0.02,2,0.3,2000,1.8,2.1221,1705168,5/19/2026 0:00,ext,M,20260519-DiscoveryPlate-R3,YK,AR-954,JC-0513,AR-970,AR-971,AR-972,AR-973,AR-702,Unknown,AR-959,AR-967,AR-969,AR-902,Unknown,Unknown,AR-308,AR-1028,AR-905,AR-975,10,TRUE,0.04081829,6.393977073,0.293906861,0.000369364,4.218464467,20260519-DiscoveryPlate-R3-SMS,Unknown,Unknown,Labcraft,0,0.13033627,0.003633799,0.040941584,0.015020094,0.002180573,0.007025149,0.023499938,0.017928015,0.001453226,0.074617041,0.007510047,0.011871193,0.031735863,0.018653893,0.003633799,0.011628744,0.011628744,0.001210776,0.00339135,0.004361146,0.018653893,0.074617041,0.018653893,0.037307786,0.093270933,0.093270933,0.931736597,0.018653893,0.018653893,0.018653893,0.018653893,0.007510047,0.005571923,0.001938124,0.001938124,0.018653893
20260519-DiscoveryPlate-R3-K14,K14,Control,labcraft_ctrl,3.157905702,7.540178245,18.85044561,1.885044561,1.885044561,0,0,50,100,1,1,1,0.02,2,0.3,2000,1.8,1.9068,1705168,5/19/2026 0:00,ext,M,20260519-DiscoveryPlate-R3,YK,AR-954,JC-0513,AR-970,AR-971,AR-972,AR-973,AR-702,Unknown,AR-959,AR-967,AR-969,AR-902,Unknown,Unknown,AR-308,AR-1028,AR-905,AR-975,10,TRUE,0.233574528,5.009813708,0.567676991,0.003120015,4.254984238,20260519-DiscoveryPlate-R3-SMS,Unknown,Unknown,Labcraft,0,0.13033627,0.003633799,0.040941584,0.015020094,0.002180573,0.007025149,0.023499938,0.017928015,0.001453226,0.074617041,0.007510047,0.011871193,0.031735863,0.018653893,0.003633799,0.011628744,0.011628744,0.001210776,0.00339135,0.004361146,0.018653893,0.074617041,0.018653893,0.037307786,0.093270933,0.093270933,0.931736597,0.018653893,0.018653893,0.018653893,0.018653893,0.007510047,0.005571923,0.001938124,0.001938124,0.018653893
20260519-DiscoveryPlate-R3-K15,K15,Sample,DiscoveryPlate-R3-GES-29,3.519590253,60.48816881,18.71592203,1.871592203,1.871592203,0,0,50,100,1,1,1,0.02,2,0.3,2000,1.8,1.8932,1705168,5/19/2026 0:00,ext,M,20260519-DiscoveryPlate-R3,YK,AR-954,JC-0513,AR-970,AR-971,AR-972,AR-973,AR-702,Unknown,AR-959,AR-967,AR-969,AR-902,Unknown,Unknown,AR-308,AR-1028,AR-905,AR-975,10,TRUE,0.213751524,5.850201985,0.516070417,0.001834632,4.303859639,20260519-DiscoveryPlate-R3-SMS,Unknown,Unknown,Labcraft,0,0.13033627,0.003633799,0.040941584,0.015020094,0.002180573,0.007025149,0.023499938,0.017928015,0.001453226,0.074617041,0.007510047,0.011871193,0.031735863,0.018653893,0.003633799,0.011628744,0.011628744,0.001210776,0.00339135,0.004361146,0.018653893,0.074617041,0.018653893,0.037307786,0.093270933,0.093270933,0.931736597,0.018653893,0.018653893,0.018653893,0.018653893,0.007510047,0.005571923,0.001938124,0.001938124,0.018653893
20260519-DiscoveryPlate-R3-K16,K16,Sample,DiscoveryPlate-R3-GES-18,4.201790729,8.937570332,34.94792583,5.060392583,3.336992583,2.5425,33.7,50,100,1,1,1,0.02,2,0.3,2000,1.8,2.2602,1705168,5/19/2026 0:00,ext,M,20260519-DiscoveryPlate-R3,YK,AR-954,JC-0513,AR-970,AR-971,AR-972,AR-973,AR-702,Unknown,AR-959,AR-967,AR-969,AR-902,Unknown,Unknown,AR-308,AR-1028,AR-905,AR-975,10,TRUE,0.014501947,6.420045603,0.237733365,0.000426411,4.216517339,20260519-DiscoveryPlate-R3-SMS,Unknown,Unknown,Labcraft,0,0.13033627,0.003633799,0.040941584,0.015020094,0.002180573,0.007025149,0.023499938,0.017928015,0.001453226,0.074617041,0.007510047,0.011871193,0.031735863,0.018653893,0.003633799,0.011628744,0.011628744,0.001210776,0.00339135,0.004361146,0.018653893,0.074617041,0.018653893,0.037307786,0.093270933,0.093270933,0.931736597,0.018653893,0.018653893,0.018653893,0.018653893,0.007510047,0.005571923,0.001938124,0.001938124,0.018653893
20260519-DiscoveryPlate-R3-K17,K17,Sample,DiscoveryPlate-R3-18,3.559622006,50.21047042,26.54827605,4.970317605,4.323917605,4.0748,1.765,50,100,1,1,1,0.02,2,0.3,2000,1.8,2.1308,1705168,5/19/2026 0:00,ext,M,20260519-DiscoveryPlate-R3,YK,AR-954,JC-0513,AR-970,AR-971,AR-972,AR-973,AR-702,Unknown,AR-959,AR-967,AR-969,AR-902,Unknown,Unknown,AR-308,AR-1028,AR-905,AR-975,10,TRUE,0.051812925,6.882590052,0.297467244,0.000932033,4.180869216,20260519-DiscoveryPlate-R3-SMS,Unknown,Unknown,Labcraft,0,0.13033627,0.003633799,0.040941584,0.015020094,0.002180573,0.007025149,0.023499938,0.017928015,0.001453226,0.074617041,0.007510047,0.011871193,0.031735863,0.018653893,0.003633799,0.011628744,0.011628744,0.001210776,0.00339135,0.004361146,0.018653893,0.074617041,0.018653893,0.037307786,0.093270933,0.093270933,0.931736597,0.018653893,0.018653893,0.018653893,0.018653893,0.007510047,0.005571923,0.001938124,0.001938124,0.018653893
20260519-DiscoveryPlate-R3-K18,K18,Sample,DiscoveryPlate-R3-GES-13,2.5015951,23.33770432,30.8660608,1.86967608,1.86967608,0,0,50,100,1,1,1,0.02,2,0.3,2000,1.8,1.8913,1705168,5/19/2026 0:00,ext,M,20260519-DiscoveryPlate-R3,YK,AR-954,JC-0513,AR-970,AR-971,AR-972,AR-973,AR-702,Unknown,AR-959,AR-967,AR-969,AR-902,Unknown,Unknown,AR-308,AR-1028,AR-905,AR-975,10,TRUE,0.371624394,5.182712435,0.611717809,0.002624969,4.293594025,20260519-DiscoveryPlate-R3-SMS,Unknown,Unknown,Labcraft,0,0.13033627,0.003633799,0.040941584,0.015020094,0.002180573,0.007025149,0.023499938,0.017928015,0.001453226,0.074617041,0.007510047,0.011871193,0.031735863,0.018653893,0.003633799,0.011628744,0.011628744,0.001210776,0.00339135,0.004361146,0.018653893,0.074617041,0.018653893,0.037307786,0.093270933,0.093270933,0.931736597,0.018653893,0.018653893,0.018653893,0.018653893,0.007510047,0.005571923,0.001938124,0.001938124,0.018653893
20260519-DiscoveryPlate-R3-L6,L6,Sample,DiscoveryPlate-R3-9,4.36436629,37.05103213,22.46353032,4.467433032,5.906733032,3.4298,7.2159,50,100,1,1,1,0.02,2,0.3,2000,1.8,2.1778,1705168,5/19/2026 0:00,ext,M,20260519-DiscoveryPlate-R3,YK,AR-954,JC-0513,AR-970,AR-971,AR-972,AR-973,AR-702,Unknown,AR-959,AR-967,AR-969,AR-902,Unknown,Unknown,AR-308,AR-1028,AR-905,AR-975,10,TRUE,0.165901447,5.540882991,0.474533313,0.000340648,4.253392205,20260519-DiscoveryPlate-R3-SMS,Unknown,Unknown,Labcraft,0,0.13033627,0.003633799,0.040941584,0.015020094,0.002180573,0.007025149,0.023499938,0.017928015,0.001453226,0.074617041,0.007510047,0.011871193,0.031735863,0.018653893,0.003633799,0.011628744,0.011628744,0.001210776,0.00339135,0.004361146,0.018653893,0.074617041,0.018653893,0.037307786,0.093270933,0.093270933,0.931736597,0.018653893,0.018653893,0.018653893,0.018653893,0.007510047,0.005571923,0.001938124,0.001938124,0.018653893
20260519-DiscoveryPlate-R3-L7,L7,Sample,DiscoveryPlate-R3-GES-3,3.745651032,7.967203303,71.77450826,1.991800826,1.991800826,0.6799,5.0069,50,100,1,1,1,0.02,2,0.3,2000,1.8,2.0148,1705168,5/19/2026 0:00,ext,M,20260519-DiscoveryPlate-R3,YK,AR-954,JC-0513,AR-970,AR-971,AR-972,AR-973,AR-702,Unknown,AR-959,AR-967,AR-969,AR-902,Unknown,Unknown,AR-308,AR-1028,AR-905,AR-975,10,FALSE,0,,,0,,20260519-DiscoveryPlate-R3-SMS,Unknown,Unknown,Labcraft,0,0.13033627,0.003633799,0.040941584,0.015020094,0.002180573,0.007025149,0.023499938,0.017928015,0.001453226,0.074617041,0.007510047,0.011871193,0.031735863,0.018653893,0.003633799,0.011628744,0.011628744,0.001210776,0.00339135,0.004361146,0.018653893,0.074617041,0.018653893,0.037307786,0.093270933,0.093270933,0.931736597,0.018653893,0.018653893,0.018653893,0.018653893,0.007510047,0.005571923,0.001938124,0.001938124,0.018653893
20260519-DiscoveryPlate-R3-L8,L8,Sample,DiscoveryPlate-R3-GES-16,2.538516935,72.97435419,42.33823548,2.030813548,4.703113548,4.1596,0,50,100,1,1,1,0.02,2,0.3,2000,1.8,2.0543,1705168,5/19/2026 0:00,ext,M,20260519-DiscoveryPlate-R3,YK,AR-954,JC-0513,AR-970,AR-971,AR-972,AR-973,AR-702,Unknown,AR-959,AR-967,AR-969,AR-902,Unknown,Unknown,AR-308,AR-1028,AR-905,AR-975,10,TRUE,0.248595272,6.368820112,0.490087069,0.000934912,4.282970462,20260519-DiscoveryPlate-R3-SMS,Unknown,Unknown,Labcraft,0,0.13033627,0.003633799,0.040941584,0.015020094,0.002180573,0.007025149,0.023499938,0.017928015,0.001453226,0.074617041,0.007510047,0.011871193,0.031735863,0.018653893,0.003633799,0.011628744,0.011628744,0.001210776,0.00339135,0.004361146,0.018653893,0.074617041,0.018653893,0.037307786,0.093270933,0.093270933,0.931736597,0.018653893,0.018653893,0.018653893,0.018653893,0.007510047,0.005571923,0.001938124,0.001938124,0.018653893
20260519-DiscoveryPlate-R3-L9,L9,Sample,DiscoveryPlate-R3-GES-5,4.068101564,109.618025,70.44431251,2.231681251,2.163281251,3.2001,32.6275,50,100,1,1,1,0.02,2,0.3,2000,1.8,2.1883,1705168,5/19/2026 0:00,ext,M,20260519-DiscoveryPlate-R3,YK,AR-954,JC-0513,AR-970,AR-971,AR-972,AR-973,AR-702,Unknown,AR-959,AR-967,AR-969,AR-902,Unknown,Unknown,AR-308,AR-1028,AR-905,AR-975,10,FALSE,0,,,0,,20260519-DiscoveryPlate-R3-SMS,Unknown,Unknown,Labcraft,0,0.13033627,0.003633799,0.040941584,0.015020094,0.002180573,0.007025149,0.023499938,0.017928015,0.001453226,0.074617041,0.007510047,0.011871193,0.031735863,0.018653893,0.003633799,0.011628744,0.011628744,0.001210776,0.00339135,0.004361146,0.018653893,0.074617041,0.018653893,0.037307786,0.093270933,0.093270933,0.931736597,0.018653893,0.018653893,0.018653893,0.018653893,0.007510047,0.005571923,0.001938124,0.001938124,0.018653893
20260519-DiscoveryPlate-R3-L10,L10,Sample,DiscoveryPlate-R3-GES-18,4.201790729,8.937570332,34.94792583,5.060392583,3.336992583,2.5425,33.7,50,100,1,1,1,0.02,2,0.3,2000,1.8,2.2602,1705168,5/19/2026 0:00,ext,M,20260519-DiscoveryPlate-R3,YK,AR-954,JC-0513,AR-970,AR-971,AR-972,AR-973,AR-702,Unknown,AR-959,AR-967,AR-969,AR-902,Unknown,Unknown,AR-308,AR-1028,AR-905,AR-975,10,FALSE,0,,,0,,20260519-DiscoveryPlate-R3-SMS,Unknown,Unknown,Labcraft,0,0.13033627,0.003633799,0.040941584,0.015020094,0.002180573,0.007025149,0.023499938,0.017928015,0.001453226,0.074617041,0.007510047,0.011871193,0.031735863,0.018653893,0.003633799,0.011628744,0.011628744,0.001210776,0.00339135,0.004361146,0.018653893,0.074617041,0.018653893,0.037307786,0.093270933,0.093270933,0.931736597,0.018653893,0.018653893,0.018653893,0.018653893,0.007510047,0.005571923,0.001938124,0.001938124,0.018653893
20260519-DiscoveryPlate-R3-L11,L11,Sample,DiscoveryPlate-R3-5,5.080233959,48.64264867,26.02247167,6.143587167,4.259887167,2.2709,24.1537,50,100,1,1,1,0.02,2,0.3,2000,1.8,2.243,1705168,5/19/2026 0:00,ext,M,20260519-DiscoveryPlate-R3,YK,AR-954,JC-0513,AR-970,AR-971,AR-972,AR-973,AR-702,Unknown,AR-959,AR-967,AR-969,AR-902,Unknown,Unknown,AR-308,AR-1028,AR-905,AR-975,10,FALSE,0,,,0,,20260519-DiscoveryPlate-R3-SMS,Unknown,Unknown,Labcraft,0,0.13033627,0.003633799,0.040941584,0.015020094,0.002180573,0.007025149,0.023499938,0.017928015,0.001453226,0.074617041,0.007510047,0.011871193,0.031735863,0.018653893,0.003633799,0.011628744,0.011628744,0.001210776,0.00339135,0.004361146,0.018653893,0.074617041,0.018653893,0.037307786,0.093270933,0.093270933,0.931736597,0.018653893,0.018653893,0.018653893,0.018653893,0.007510047,0.005571923,0.001938124,0.001938124,0.018653893
20260519-DiscoveryPlate-R3-L12,L12,Sample,DiscoveryPlate-R3-GES-4,2.493184147,53.55318927,55.42967317,1.994547317,1.994547317,2.0427,11.6988,50,100,1,1,1,0.02,2,0.3,2000,1.8,2.0176,1705168,5/19/2026 0:00,ext,M,20260519-DiscoveryPlate-R3,YK,AR-954,JC-0513,AR-970,AR-971,AR-972,AR-973,AR-702,Unknown,AR-959,AR-967,AR-969,AR-902,Unknown,Unknown,AR-308,AR-1028,AR-905,AR-975,10,TRUE,0.047658903,6.344936149,0.350306296,0.000868938,4.220492927,20260519-DiscoveryPlate-R3-SMS,Unknown,Unknown,Labcraft,0,0.13033627,0.003633799,0.040941584,0.015020094,0.002180573,0.007025149,0.023499938,0.017928015,0.001453226,0.074617041,0.007510047,0.011871193,0.031735863,0.018653893,0.003633799,0.011628744,0.011628744,0.001210776,0.00339135,0.004361146,0.018653893,0.074617041,0.018653893,0.037307786,0.093270933,0.093270933,0.931736597,0.018653893,0.018653893,0.018653893,0.018653893,0.007510047,0.005571923,0.001938124,0.001938124,0.018653893
20260519-DiscoveryPlate-R3-L13,L13,Sample,DiscoveryPlate-R3-GES-22,2.800970625,10.264466,60.155965,3.2597165,2.1646165,2.7095,32.6477,50,100,1,1,1,0.02,2,0.3,2000,1.8,2.1897,1705168,5/19/2026 0:00,ext,M,20260519-DiscoveryPlate-R3,YK,AR-954,JC-0513,AR-970,AR-971,AR-972,AR-973,AR-702,Unknown,AR-959,AR-967,AR-969,AR-902,Unknown,Unknown,AR-308,AR-1028,AR-905,AR-975,10,FALSE,0,,,0,,20260519-DiscoveryPlate-R3-SMS,Unknown,Unknown,Labcraft,0,0.13033627,0.003633799,0.040941584,0.015020094,0.002180573,0.007025149,0.023499938,0.017928015,0.001453226,0.074617041,0.007510047,0.011871193,0.031735863,0.018653893,0.003633799,0.011628744,0.011628744,0.001210776,0.00339135,0.004361146,0.018653893,0.074617041,0.018653893,0.037307786,0.093270933,0.093270933,0.931736597,0.018653893,0.018653893,0.018653893,0.018653893,0.007510047,0.005571923,0.001938124,0.001938124,0.018653893
20260519-DiscoveryPlate-R3-L14,L14,Sample,DiscoveryPlate-R3-GES-8,3.435536781,8.657717699,48.88059425,2.232829425,2.805229425,2.9555,30.8312,50,100,1,1,1,0.02,2,0.3,2000,1.8,2.1895,1705168,5/19/2026 0:00,ext,M,20260519-DiscoveryPlate-R3,YK,AR-954,JC-0513,AR-970,AR-971,AR-972,AR-973,AR-702,Unknown,AR-959,AR-967,AR-969,AR-902,Unknown,Unknown,AR-308,AR-1028,AR-905,AR-975,10,TRUE,0.010159731,0.427481369,4.992762741,9.17E-05,5.079755399,20260519-DiscoveryPlate-R3-SMS,Unknown,Unknown,Labcraft,0,0.13033627,0.003633799,0.040941584,0.015020094,0.002180573,0.007025149,0.023499938,0.017928015,0.001453226,0.074617041,0.007510047,0.011871193,0.031735863,0.018653893,0.003633799,0.011628744,0.011628744,0.001210776,0.00339135,0.004361146,0.018653893,0.074617041,0.018653893,0.037307786,0.093270933,0.093270933,0.931736597,0.018653893,0.018653893,0.018653893,0.018653893,0.007510047,0.005571923,0.001938124,0.001938124,0.018653893
20260519-DiscoveryPlate-R3-L15,L15,Sample,DiscoveryPlate-R3-5,5.080233959,48.64264867,26.02247167,6.143587167,4.259887167,2.2709,24.1537,50,100,1,1,1,0.02,2,0.3,2000,1.8,2.243,1705168,5/19/2026 0:00,ext,M,20260519-DiscoveryPlate-R3,YK,AR-954,JC-0513,AR-970,AR-971,AR-972,AR-973,AR-702,Unknown,AR-959,AR-967,AR-969,AR-902,Unknown,Unknown,AR-308,AR-1028,AR-905,AR-975,10,TRUE,0.006209033,1.004296612,3.685225323,-0.000250078,3.99322954,20260519-DiscoveryPlate-R3-SMS,Unknown,Unknown,Labcraft,0,0.13033627,0.003633799,0.040941584,0.015020094,0.002180573,0.007025149,0.023499938,0.017928015,0.001453226,0.074617041,0.007510047,0.011871193,0.031735863,0.018653893,0.003633799,0.011628744,0.011628744,0.001210776,0.00339135,0.004361146,0.018653893,0.074617041,0.018653893,0.037307786,0.093270933,0.093270933,0.931736597,0.018653893,0.018653893,0.018653893,0.018653893,0.007510047,0.005571923,0.001938124,0.001938124,0.018653893
20260519-DiscoveryPlate-R3-L16,L16,Sample,DiscoveryPlate-R3-GES-10,2.522810919,8.072994941,26.31278735,3.103148735,2.283848735,0,25.3667,50,100,1,1,1,0.02,2,0.3,2000,1.8,2.0416,1705168,5/19/2026 0:00,ext,M,20260519-DiscoveryPlate-R3,YK,AR-954,JC-0513,AR-970,AR-971,AR-972,AR-973,AR-702,Unknown,AR-959,AR-967,AR-969,AR-902,Unknown,Unknown,AR-308,AR-1028,AR-905,AR-975,10,TRUE,0.004828499,1.043467027,3.101858631,-0.000126702,3.99322703,20260519-DiscoveryPlate-R3-SMS,Unknown,Unknown,Labcraft,0,0.13033627,0.003633799,0.040941584,0.015020094,0.002180573,0.007025149,0.023499938,0.017928015,0.001453226,0.074617041,0.007510047,0.011871193,0.031735863,0.018653893,0.003633799,0.011628744,0.011628744,0.001210776,0.00339135,0.004361146,0.018653893,0.074617041,0.018653893,0.037307786,0.093270933,0.093270933,0.931736597,0.018653893,0.018653893,0.018653893,0.018653893,0.007510047,0.005571923,0.001938124,0.001938124,0.018653893
20260519-DiscoveryPlate-R3-L17,L17,Sample,DiscoveryPlate-R3-17,3.823264668,44.14594694,49.25671734,3.067611734,5.662211734,4.0488,24.2237,50,100,1,1,1,0.02,2,0.3,2000,1.8,2.2495,1705168,5/19/2026 0:00,ext,M,20260519-DiscoveryPlate-R3,YK,AR-954,JC-0513,AR-970,AR-971,AR-972,AR-973,AR-702,Unknown,AR-959,AR-967,AR-969,AR-902,Unknown,Unknown,AR-308,AR-1028,AR-905,AR-975,10,TRUE,0.024006962,8.206412739,0.248707821,0.000760355,4.031015037,20260519-DiscoveryPlate-R3-SMS,Unknown,Unknown,Labcraft,0,0.13033627,0.003633799,0.040941584,0.015020094,0.002180573,0.007025149,0.023499938,0.017928015,0.001453226,0.074617041,0.007510047,0.011871193,0.031735863,0.018653893,0.003633799,0.011628744,0.011628744,0.001210776,0.00339135,0.004361146,0.018653893,0.074617041,0.018653893,0.037307786,0.093270933,0.093270933,0.931736597,0.018653893,0.018653893,0.018653893,0.018653893,0.007510047,0.005571923,0.001938124,0.001938124,0.018653893
20260519-DiscoveryPlate-R3-L18,L18,Sample,DiscoveryPlate-R3-15,4.802288545,52.13134334,40.84500836,6.191510836,2.769810836,3.1614,5.3721,50,100,1,1,1,0.02,2,0.3,2000,1.8,2.1618,1705168,5/19/2026 0:00,ext,M,20260519-DiscoveryPlate-R3,YK,AR-954,JC-0513,AR-970,AR-971,AR-972,AR-973,AR-702,Unknown,AR-959,AR-967,AR-969,AR-902,Unknown,Unknown,AR-308,AR-1028,AR-905,AR-975,10,TRUE,0.037225943,8.323898417,0.289378697,0.000285792,4.01534954,20260519-DiscoveryPlate-R3-SMS,Unknown,Unknown,Labcraft,0,0.13033627,0.003633799,0.040941584,0.015020094,0.002180573,0.007025149,0.023499938,0.017928015,0.001453226,0.074617041,0.007510047,0.011871193,0.031735863,0.018653893,0.003633799,0.011628744,0.011628744,0.001210776,0.00339135,0.004361146,0.018653893,0.074617041,0.018653893,0.037307786,0.093270933,0.093270933,0.931736597,0.018653893,0.018653893,0.018653893,0.018653893,0.007510047,0.005571923,0.001938124,0.001938124,0.018653893
20260519-DiscoveryPlate-R3-M6,M6,Control,manual_ctrl,3.5,8,20,2,2,0,0,50,100,1,1,1,0.02,2,0.3,2000,1.8,3,1705168,5/19/2026 0:00,ext,M,20260519-DiscoveryPlate-R3,YK,AR-954,JC-0513,AR-970,AR-971,AR-972,AR-973,AR-702,Unknown,AR-959,AR-967,AR-969,AR-902,Unknown,Unknown,AR-308,AR-1028,AR-905,AR-975,10,TRUE,0.282478876,7.052486073,0.549528754,-0.000627612,4.179580027,20260519-DiscoveryPlate-R3-SMS,Unknown,Unknown,Labcraft,0,0.13033627,0.003633799,0.040941584,0.015020094,0.002180573,0.007025149,0.023499938,0.017928015,0.001453226,0.074617041,0.007510047,0.011871193,0.031735863,0.018653893,0.003633799,0.011628744,0.011628744,0.001210776,0.00339135,0.004361146,0.018653893,0.074617041,0.018653893,0.037307786,0.093270933,0.093270933,0.931736597,0.018653893,0.018653893,0.018653893,0.018653893,0.007510047,0.005571923,0.001938124,0.001938124,0.018653893
20260519-DiscoveryPlate-R3-M7,M7,Control,manual_ctrl,3.5,8,20,2,2,0,0,50,100,1,1,1,0.02,2,0.3,2000,1.8,3,1705168,5/19/2026 0:00,ext,M,20260519-DiscoveryPlate-R3,YK,AR-954,JC-0513,AR-970,AR-971,AR-972,AR-973,AR-702,Unknown,AR-959,AR-967,AR-969,AR-902,Unknown,Unknown,AR-308,AR-1028,AR-905,AR-975,10,TRUE,0.21533941,7.429853044,0.567666574,-0.001523804,4.04194886,20260519-DiscoveryPlate-R3-SMS,Unknown,Unknown,Labcraft,0,0.13033627,0.003633799,0.040941584,0.015020094,0.002180573,0.007025149,0.023499938,0.017928015,0.001453226,0.074617041,0.007510047,0.011871193,0.031735863,0.018653893,0.003633799,0.011628744,0.011628744,0.001210776,0.00339135,0.004361146,0.018653893,0.074617041,0.018653893,0.037307786,0.093270933,0.093270933,0.931736597,0.018653893,0.018653893,0.018653893,0.018653893,0.007510047,0.005571923,0.001938124,0.001938124,0.018653893
20260519-DiscoveryPlate-R3-M8,M8,Control,manual_ctrl,3.5,8,20,2,2,0,0,50,100,1,1,1,0.02,2,0.3,2000,1.8,3,1705168,5/19/2026 0:00,ext,M,20260519-DiscoveryPlate-R3,YK,AR-954,JC-0513,AR-970,AR-971,AR-972,AR-973,AR-702,Unknown,AR-959,AR-967,AR-969,AR-902,Unknown,Unknown,AR-308,AR-1028,AR-905,AR-975,10,TRUE,0.32797628,7.320819064,0.545205531,-0.001699904,4.106083907,20260519-DiscoveryPlate-R3-SMS,Unknown,Unknown,Labcraft,0,0.13033627,0.003633799,0.040941584,0.015020094,0.002180573,0.007025149,0.023499938,0.017928015,0.001453226,0.074617041,0.007510047,0.011871193,0.031735863,0.018653893,0.003633799,0.011628744,0.011628744,0.001210776,0.00339135,0.004361146,0.018653893,0.074617041,0.018653893,0.037307786,0.093270933,0.093270933,0.931736597,0.018653893,0.018653893,0.018653893,0.018653893,0.007510047,0.005571923,0.001938124,0.001938124,0.018653893
20260519-DiscoveryPlate-R3-M9,M9,Control,manual_ctrl,3.5,8,20,2,2,0,0,50,100,1,1,1,0.02,2,0.3,2000,1.8,3,1705168,5/19/2026 0:00,ext,M,20260519-DiscoveryPlate-R3,YK,AR-954,JC-0513,AR-970,AR-971,AR-972,AR-973,AR-702,Unknown,AR-959,AR-967,AR-969,AR-902,Unknown,Unknown,AR-308,AR-1028,AR-905,AR-975,10,TRUE,0.294259255,6.144511384,0.582007209,0.001280236,4.296832241,20260519-DiscoveryPlate-R3-SMS,Unknown,Unknown,Labcraft,0,0.13033627,0.003633799,0.040941584,0.015020094,0.002180573,0.007025149,0.023499938,0.017928015,0.001453226,0.074617041,0.007510047,0.011871193,0.031735863,0.018653893,0.003633799,0.011628744,0.011628744,0.001210776,0.00339135,0.004361146,0.018653893,0.074617041,0.018653893,0.037307786,0.093270933,0.093270933,0.931736597,0.018653893,0.018653893,0.018653893,0.018653893,0.007510047,0.005571923,0.001938124,0.001938124,0.018653893
20260519-DiscoveryPlate-R3-M10,M10,Control,manual_ctrl,3.5,8,20,2,2,0,0,50,100,1,1,1,0.02,2,0.3,2000,1.8,3,1705168,5/19/2026 0:00,ext,M,20260519-DiscoveryPlate-R3,YK,AR-954,JC-0513,AR-970,AR-971,AR-972,AR-973,AR-702,Unknown,AR-959,AR-967,AR-969,AR-902,Unknown,Unknown,AR-308,AR-1028,AR-905,AR-975,10,TRUE,0.281591901,6.743857944,0.568746041,7.82E-05,4.234229417,20260519-DiscoveryPlate-R3-SMS,Unknown,Unknown,Labcraft,0,0.13033627,0.003633799,0.040941584,0.015020094,0.002180573,0.007025149,0.023499938,0.017928015,0.001453226,0.074617041,0.007510047,0.011871193,0.031735863,0.018653893,0.003633799,0.011628744,0.011628744,0.001210776,0.00339135,0.004361146,0.018653893,0.074617041,0.018653893,0.037307786,0.093270933,0.093270933,0.931736597,0.018653893,0.018653893,0.018653893,0.018653893,0.007510047,0.005571923,0.001938124,0.001938124,0.018653893
20260519-DiscoveryPlate-R3-M11,M11,Control,manual_ctrl,3.5,8,20,2,2,0,0,50,100,1,1,1,0.02,2,0.3,2000,1.8,3,1705168,5/19/2026 0:00,ext,M,20260519-DiscoveryPlate-R3,YK,AR-954,JC-0513,AR-970,AR-971,AR-972,AR-973,AR-702,Unknown,AR-959,AR-967,AR-969,AR-902,Unknown,Unknown,AR-308,AR-1028,AR-905,AR-975,10,TRUE,0.255419589,6.294873672,0.572950892,0.000835867,4.284479938,20260519-DiscoveryPlate-R3-SMS,Unknown,Unknown,Labcraft,0,0.13033627,0.003633799,0.040941584,0.015020094,0.002180573,0.007025149,0.023499938,0.017928015,0.001453226,0.074617041,0.007510047,0.011871193,0.031735863,0.018653893,0.003633799,0.011628744,0.011628744,0.001210776,0.00339135,0.004361146,0.018653893,0.074617041,0.018653893,0.037307786,0.093270933,0.093270933,0.931736597,0.018653893,0.018653893,0.018653893,0.018653893,0.007510047,0.005571923,0.001938124,0.001938124,0.018653893
