CDK

	Protocol		PURE Timeseries
Experiment File Name:	20251124-cytation3-pure-timecourse-gfp-NIST-standards-PURExpress-plamGFP-deGFP.xpt		
Experiment File Path:	C:\Users\bnext\Documents\Biotek\experiments\20251124-cytation3-pure-timecourse-gfp-NIST-standards-PURExpress-plamGFP-deGFP.xpt		
Protocol File Name:	cytation3-pure-timecourse-gfp		
Protocol File Path:	C:\Users\bnext\Documents\Biotek\protocols\cytation3_protocols\cytation3-pure-timecourse-gfp.prt		
Reading Date/Time:	11/24/2025 10:49:02 AM		
Plate ID:			
Barcode:			
Reader Serial Number:	130723A		
Plate Comment:			

Procedure Summary

Plate Type	Greiner 384 SV NoBind AutoMap (Use plate lid)
Well Selection	Runtime
Eject plate on completion	
Set Temperature	Temperature:  Setpoint 37 °C
Start Kinetic	Start Kinetic [Run 6:00:00, Interval 0:05:00]
Read	Read:  GFP-F-G35 (F) 485/20,528/20
Read	Read:  GFP-M-G100 (F) 485,528
End Kinetic	End Kinetic
Set Temperature	Temperature:  Off

PURE:GFP-F-G35

Time	T	A1	A2	A3	A4	A5	A6	A7	A8	A9	A10	A11	A12	A13	A14	A15	A16	A17	A18	A19	A20	A21	A22	A23	A24	B1	B2	B3	B4	B5	B6	B7	B8	B9	B10	B11	B12	B13	B14	B15	B16	B17	B18	B19	B20	B21	B22	B23	B24	C1	C2	C3	C4	C5	C6	C7	C8	C9	C10	C11	C12	C13	C14	C15	C16	C17	C18	C19	C20	C21	C22	C23	C24	D1	D2	D3	D4	D5	D6	D7	D8	D9	D10	D11	D12	D13	D14	D15	D16	D17	D18	D19	D20	D21	D22	D23	D24	E1	E2	E3	E4	E5	E6	E7	E8	E9	E10	E11	E12	E13	E14	E15	E16	E17	E18	E19	E20	E21	E22	E23	E24	F1	F2	F3	F4	F5	F6	F7	F8	F9	F10	F11	F12	F13	F14	F15	F16	F17	F18	F19	F20	F21	F22	F23	F24	G1	G2	G3	G4	G5	G6	G7	G8	G9	G10	G11	G12	G13	G14	G15	G16	G17	G18	G19	G20	G21	G22	G23	G24	H1	H2	H3	H4	H5	H6	H7	H8	H9	H10	H11	H12	H13	H14	H15	H16	H17	H18	H19	H20	H21	H22	H23	H24	I1	I2	I3	I4	I5	I6	I7	I8	I9	I10	I11	I12	I13	I14	I15	I16	I17	I18	I19	I20	I21	I22	I23	I24	J1	J2	J3	J4	J5	J6	J7	J8	J9	J10	J11	J12	J13	J14	J15	J16	J17	J18	J19	J20	J21	J22	J23	J24	K1	K2	K3	K4	K5	K6	K7	K8	K9	K10	K11	K12	K13	K14	K15	K16	K17	K18	K19	K20	K21	K22	K23	K24	L1	L2	L3	L4	L5	L6	L7	L8	L9	L10	L11	L12	L13	L14	L15	L16	L17	L18	L19	L20	L21	L22	L23	L24	M1	M2	M3	M4	M5	M6	M7	M8	M9	M10	M11	M12	M13	M14	M15	M16	M17	M18	M19	M20	M21	M22	M23	M24	N1	N2	N3	N4	N5	N6	N7	N8	N9	N10	N11	N12	N13	N14	N15	N16	N17	N18	N19	N20	N21	N22	N23	N24	O1	O2	O3	O4	O5	O6	O7	O8	O9	O10	O11	O12	O13	O14	O15	O16	O17	O18	O19	O20	O21	O22	O23	O24	P1	P2	P3	P4	P5	P6	P7	P8	P9	P10	P11	P12	P13	P14	P15	P16	P17	P18	P19	P20	P21	P22	P23	P24
0:00:00	23.3																										44	25	149	25	42	24	49643	26	36297	24	24086	24	15992	24	10639	23	6901	24	24	32	21874				26	25	25	25	25	24	26	25	26	25	25	24	25	24	24	24	25	24	23	26	25				44	25	152	26	26	25	51132	27	35922	25	24329	24	15870	24	10623	24	6963	24	24	24	21756				26	26	26	25	26	24	26	28	27	25	26	32	25	24	24	24	24	25	25	24	26				45	26	164	26	25	25	51702	26	37731	25	25237	24	16407	24	10873	24	7196	24	27	25	21828				26	55	26	25	25	25	27	25	27	25	25	25	25	24	24	23	24	24	25	25	26				26	25	25	26	25	24	53466	42	38584	26	25966	25	16912	24	11251	23	7274	24	25	25	25				31	26	25	26	25	26	27	26	26	29	26	25	25	24	24	24	24	31	25	25	24				26	30	27	26	26	25	54602	26	39417	26	26835	25	17269	24	11510	24	7503	25	25	25	26				27	27	26	26	26	25	27	26	27	39	26	27	25	24	24	24	24	24	24	30	25				29	26	26	27	26	26	54819	27	39975	25	27219	25	17514	24	11989	24	7788	25	25	26	25																																																																																																		
0:05:00	28.0																										44	25	231	25	42	25	52716	26	38860	25	25733	24	17088	24	11439	24	7373	25	24	32	23175				26	26	26	25	25	25	27	26	26	25	25	24	25	24	24	24	24	24	24	25	25				45	26	234	25	26	25	54180	27	38158	25	26080	24	16951	24	11439	24	7510	24	25	25	23275				26	26	26	25	26	25	27	28	26	25	26	32	24	24	24	24	24	24	25	24	26				45	26	249	26	25	24	55002	26	40369	25	26775	24	17456	24	11626	24	7570	24	27	24	23056				26	53	26	25	25	25	28	26	27	25	26	25	25	24	24	24	24	24	25	25	25				26	25	25	26	26	24	55408	42	40551	26	27261	26	17878	24	11855	23	7713	24	25	25	24				31	26	25	25	25	26	27	25	27	29	26	25	25	24	24	24	24	31	25	25	24				26	30	27	26	26	25	56391	26	40905	25	28035	25	18021	24	11982	24	7817	24	26	25	26				27	27	26	26	26	25	28	26	26	39	26	28	25	24	24	24	24	25	25	30	25				29	26	26	26	26	26	56377	27	40962	25	27847	25	18049	24	12204	24	7967	26	25	26	26																																																																																																		
0:10:00	31.5																										44	25	364	24	41	24	52629	25	38595	24	25638	24	17058	24	11368	23	7351	24	24	30	22997				25	25	25	25	24	24	26	25	26	24	26	24	24	23	24	23	24	23	23	25	25				44	25	365	25	25	25	53667	26	38151	25	25990	24	16930	24	11394	23	7450	24	24	24	22952				26	25	26	25	25	24	26	28	27	25	25	31	24	24	23	24	24	24	24	24	27				44	25	386	25	25	24	54465	25	40018	25	26699	24	17292	24	11555	24	7514	23	27	25	22827				26	49	25	26	24	25	27	25	26	24	26	25	24	24	24	23	24	24	25	25	24				25	26	24	26	25	24	54914	42	40009	26	26963	25	17693	24	11750	24	7635	24	25	25	24				31	26	25	25	25	26	27	25	27	29	26	25	24	24	24	23	24	31	24	24	24				26	29	27	25	25	25	55958	25	40294	25	27643	25	17807	24	11785	23	7767	24	26	24	26				27	26	26	25	26	25	28	25	27	39	26	28	25	24	24	24	24	24	24	30	25				29	26	26	26	26	25	55623	27	40289	25	27560	25	17759	24	12083	24	7929	25	25	26	25																																																																																																		
0:15:00	34.2																										44	24	626	24	40	24	52111	25	38088	23	25335	24	16889	23	11284	23	7313	24	23	30	22850				25	24	25	24	25	24	26	25	26	24	25	24	24	23	23	24	24	23	23	24	24				43	25	626	25	25	25	53326	26	37836	25	25746	24	16792	24	11346	24	7354	24	24	24	22824				26	25	25	25	25	24	26	27	26	25	25	31	25	24	23	24	24	24	24	24	26				44	25	661	25	24	25	53883	25	39213	25	26414	24	17153	23	11435	23	7480	23	25	24	22454				26	47	25	25	24	25	27	25	26	24	25	24	24	24	24	24	23	23	24	24	25				25	25	24	26	25	24	54437	41	39573	25	26615	25	17464	24	11704	23	7618	24	24	25	24				31	25	25	25	25	25	27	25	26	28	25	25	24	24	24	23	23	30	24	24	24				26	29	26	26	25	25	55049	25	39785	25	27269	24	17764	24	11675	24	7669	24	25	24	25				26	25	25	25	25	25	27	25	26	38	26	27	24	24	24	23	24	24	24	30	24				28	26	25	26	26	25	54491	27	39845	25	27130	25	17675	23	11989	24	7881	25	24	26	25																																																																																																		
0:20:00	36.3																										43	24	1203	24	40	24	51957	25	38004	24	25244	23	16841	23	11199	23	7327	24	23	29	22683				25	24	25	25	24	24	26	25	26	24	25	24	24	23	23	23	24	23	23	25	24				43	25	1195	25	24	25	52840	26	37419	24	25453	24	16684	23	11255	23	7389	23	23	24	22545				25	25	25	25	25	24	26	27	26	24	25	31	24	23	23	24	24	23	24	24	25				44	25	1252	24	24	24	52526	25	38762	25	26173	24	17065	24	11432	24	7434	23	25	24	22198				26	45	25	25	24	24	27	24	26	24	25	24	24	24	23	23	23	23	24	24	24				26	25	24	26	25	25	52972	41	38733	25	26351	24	17299	23	11606	23	7533	23	24	24	24				31	25	25	24	24	25	27	25	26	28	26	25	24	24	23	23	23	30	23	24	23				25	29	26	25	25	24	53747	25	38785	24	26913	24	17381	24	11550	23	7649	24	24	24	25				26	26	25	25	26	25	27	25	26	38	25	27	24	23	24	23	24	24	24	29	24				28	25	26	26	25	25	53140	26	38799	25	26606	24	17389	23	11822	23	7763	25	25	25	25																																																																																																		
0:25:00	37.0																										45	24	2329	23	40	23	51553	25	37514	24	25092	23	16708	23	11141	23	7253	24	23	28	22419				25	24	25	24	24	24	26	25	25	24	24	23	24	23	23	23	23	23	23	24	24				44	25	2304	25	25	25	51792	26	36798	24	24924	24	16414	24	11146	23	7300	23	24	24	22230				26	25	25	24	25	24	26	27	26	24	25	31	24	23	23	23	23	23	24	24	25				45	25	2382	24	24	24	51569	24	37796	24	25497	23	16948	23	11315	23	7406	23	25	24	22042				25	44	24	25	24	24	27	25	26	24	25	24	24	24	23	23	23	23	24	24	24				25	25	24	26	24	24	51649	40	37533	24	25422	24	17025	23	11423	23	7478	23	24	24	24				30	25	24	24	24	25	26	25	26	28	25	24	24	23	23	23	23	29	24	24	23				25	28	26	25	25	24	52467	25	37650	25	26051	24	17206	24	11443	23	7586	24	24	24	25				26	26	25	25	25	25	27	25	26	38	25	27	24	23	24	23	24	23	24	29	24				28	25	25	25	25	25	52084	26	37887	24	25781	24	17180	23	11674	23	7755	25	24	25	25																																																																																																		
0:30:00	37.0																										52	24	4211	24	40	24	51247	25	37129	24	24776	23	16515	23	11065	23	7240	24	23	28	22280				25	24	25	24	24	25	26	25	25	24	25	23	23	23	23	23	23	23	23	24	24				52	25	4152	25	25	25	50631	26	35913	24	24067	24	15829	24	10885	23	7207	23	23	24	22015				25	24	25	24	24	24	25	27	26	24	25	31	23	23	23	23	24	23	24	24	25				53	25	4201	24	24	24	50402	24	36391	25	24609	23	16221	23	11099	23	7337	23	26	24	21945				25	43	25	25	25	24	26	25	25	24	25	24	24	24	23	23	24	23	24	24	24				24	25	24	26	25	24	50540	40	36611	25	24852	24	16595	23	11186	22	7358	23	24	24	24				31	24	24	24	24	25	26	24	26	28	25	24	24	23	23	23	23	29	24	24	23				25	28	25	25	25	24	51491	25	37007	24	25468	24	16806	23	11278	23	7485	24	24	24	25				26	26	25	25	25	25	27	25	26	37	25	27	24	23	23	23	23	24	24	29	24				28	26	25	26	25	25	51145	26	37249	24	25412	24	16815	24	11456	23	7626	24	24	25	24																																																																																																		
0:35:00	37.0																										90	24	6778	24	41	24	50934	24	36534	23	24314	23	16267	23	10823	23	7229	23	23	27	22201				25	24	24	24	24	24	25	25	25	24	24	23	23	23	23	23	23	23	23	24	24				92	25	6648	25	25	25	49767	26	35034	24	23517	23	15408	24	10587	23	7063	23	24	24	21881				25	24	25	24	25	24	26	27	25	24	25	31	24	23	23	23	24	23	24	24	25				95	25	6719	24	24	24	48919	24	35047	24	23779	24	15798	23	10793	23	7221	23	25	24	21581				25	44	24	25	24	24	27	24	25	24	25	24	24	23	24	23	23	23	24	24	24				25	25	24	26	24	24	49061	40	35373	25	24236	24	16252	23	10942	23	7301	24	24	24	24				30	25	24	24	24	25	26	24	26	28	25	24	24	23	23	23	23	29	24	24	23				25	29	26	25	25	24	50883	25	36501	24	24972	24	16664	24	11192	23	7408	24	24	24	25				26	25	25	25	25	24	27	25	26	38	25	27	24	23	23	23	23	24	24	29	24				28	25	25	26	25	25	50744	26	36966	25	25189	24	16715	23	11377	24	7578	25	24	26	24																																																																																																		
0:40:00	37.0																										265	24	9830	24	41	24	50947	24	36395	24	24228	23	16216	24	10826	23	7199	23	23	27	22181				24	24	24	24	24	24	25	25	25	24	25	23	24	23	23	22	23	23	23	24	24				279	25	9636	25	25	25	48765	26	34636	24	22903	23	15105	23	10453	23	6980	23	24	24	21826				26	25	25	24	24	24	26	27	25	24	24	31	24	23	23	23	23	23	24	24	25				287	25	9708	24	24	24	47580	24	34004	24	22987	24	15323	23	10525	23	7136	23	25	24	21622				25	44	24	25	24	24	26	24	26	24	25	23	24	23	23	23	23	23	24	24	24				25	25	24	25	25	24	47504	40	34378	24	23543	25	15887	23	10892	23	7239	23	24	24	24				30	25	25	24	24	25	26	25	26	28	24	24	24	23	23	23	23	29	23	24	23				25	28	26	25	25	24	50081	25	35970	25	24713	24	16443	24	11145	23	7381	24	24	24	25				26	26	24	25	25	25	27	25	25	37	25	27	24	23	23	23	23	24	24	29	25				29	26	25	26	25	25	50641	26	36637	24	24913	24	16616	24	11376	24	7566	25	25	26	25																																																																																																		
0:45:00	37.0																										819	24	13059	24	42	24	50502	24	36305	24	24063	23	16059	23	10774	23	7149	23	24	27	22117				25	24	25	24	24	24	26	24	25	24	25	23	23	23	23	22	23	23	23	24	24				855	25	12788	24	25	24	48284	26	34182	24	22525	24	14863	24	10332	23	6936	23	23	24	21692				25	24	25	24	24	24	26	27	25	24	24	31	23	23	23	23	23	23	24	24	25				878	25	12894	24	24	24	46501	25	33284	25	22382	23	14905	23	10327	23	7055	23	25	24	21493				25	44	24	25	24	24	26	25	26	24	25	23	24	23	23	23	23	23	24	24	23				25	24	24	26	25	24	46544	40	33591	24	22936	24	15630	23	10772	23	7211	23	25	24	23				31	25	24	24	24	25	26	25	25	28	25	24	24	23	23	23	23	30	24	24	23				25	29	25	25	25	24	49280	25	35607	24	24648	24	16456	24	11101	23	7348	24	24	24	25				26	26	25	25	25	24	27	25	26	37	25	27	24	23	23	23	24	24	24	29	25				28	26	25	25	25	25	50421	26	36605	24	24973	24	16543	24	11314	24	7547	24	24	25	24																																																																																																		
0:50:00	37.0																										2057	24	16226	24	43	24	50558	25	36324	24	24105	23	16086	23	10754	23	7109	24	24	27	22060				25	24	25	24	24	24	25	24	25	24	25	23	24	23	23	23	23	23	23	24	24				2133	25	15971	25	25	24	47715	26	33818	24	22187	24	14798	23	10292	23	6918	23	24	24	21653				25	25	25	24	24	24	25	27	26	24	24	30	24	24	23	23	23	24	24	24	25				2175	25	16066	25	24	24	45543	25	32419	24	21868	24	14681	23	10172	23	7037	22	26	24	21494				25	44	25	25	23	24	26	24	26	24	25	24	24	23	23	23	23	23	24	24	24				24	25	24	25	25	24	45410	40	32806	25	22495	24	15401	23	10719	22	7194	23	25	24	24				31	25	24	24	24	24	26	25	25	28	25	24	24	23	23	23	23	29	24	24	24				25	29	26	25	25	24	48839	25	35241	24	24621	24	16387	23	11137	23	7313	24	25	24	25				26	25	25	25	25	24	27	25	26	38	25	27	24	23	23	23	23	24	23	29	24				29	25	25	25	24	25	50512	26	36460	24	24929	24	16571	24	11344	24	7517	25	25	25	24																																																																																																		
0:55:00	37.0																										4196	24	19401	24	43	24	50435	25	36291	23	24141	23	16097	23	10780	23	7118	23	24	27	22110				25	24	25	24	24	24	25	24	26	24	24	23	24	23	23	23	23	23	23	24	24				4309	24	19103	24	25	24	47598	26	33487	24	22153	23	14745	23	10304	23	6910	23	24	24	21624				25	24	25	24	24	24	25	27	26	24	25	31	23	23	23	23	24	23	24	24	25				4390	25	19216	24	24	24	45068	25	31860	24	21533	23	14466	23	10144	23	7024	22	25	24	21394				25	44	25	25	25	24	26	25	26	24	25	24	24	23	23	23	23	23	24	24	24				24	24	24	26	25	24	44658	39	32335	24	22107	24	15274	23	10677	23	7210	24	25	25	23				30	25	25	24	24	25	26	25	26	28	25	24	24	23	24	23	23	29	24	24	24				25	29	25	25	25	24	48591	25	35130	24	24400	24	16394	23	11115	23	7328	23	25	24	24				26	26	25	25	25	24	27	25	26	37	25	27	24	23	23	23	24	23	24	29	24				28	25	26	25	25	25	50500	26	36509	24	24892	24	16561	23	11340	23	7508	24	25	25	24																																																																																																		
1:00:00	36.9																										7225	24	22405	24	45	23	50540	25	36274	23	24221	23	16174	23	10807	23	7116	23	24	27	21956				25	24	25	24	24	24	25	25	25	23	25	23	23	23	23	23	23	23	23	24	24				7402	25	22058	25	25	24	47215	25	33404	24	21832	23	14682	23	10281	23	6951	23	24	23	21670				25	24	25	25	25	24	25	26	25	24	25	31	24	23	23	23	24	23	24	24	25				7538	25	22185	24	24	24	44184	25	31454	24	21247	23	14234	23	10109	23	7024	23	25	24	21359				25	45	25	25	24	24	26	25	26	24	25	24	24	24	24	23	23	23	24	24	24				24	24	24	25	24	23	44114	40	31682	25	21879	24	15114	23	10689	22	7198	23	24	24	23				31	25	24	24	24	25	26	25	26	28	25	24	24	23	23	23	23	29	24	24	24				25	29	26	25	25	25	48604	25	35014	24	24462	24	16328	23	11104	23	7353	24	24	24	24				25	26	25	25	25	25	27	25	26	37	25	26	24	23	23	22	24	23	24	29	24				28	25	25	25	25	25	50509	26	36442	24	24749	24	16546	24	11323	24	7532	24	25	25	24																																																																																																		
1:05:00	37.0																										11033	25	25124	23	45	24	50660	25	36111	23	24195	24	16148	23	10800	23	7154	24	24	27	21890				25	24	25	24	23	24	26	25	25	23	24	23	23	23	23	23	23	23	23	24	23				11243	25	24728	25	25	24	47054	26	33305	24	21806	24	14625	23	10311	23	6961	23	24	23	21604				26	24	26	24	25	24	25	26	25	24	25	31	23	23	23	23	23	23	23	24	25				11443	25	24976	24	24	24	43764	24	31138	24	21062	23	14121	23	10077	23	7038	22	25	24	21371				25	44	25	25	24	24	26	24	26	24	25	24	23	23	24	23	23	23	24	24	24				25	24	24	25	25	24	43781	40	31457	25	21718	24	15061	23	10676	23	7192	22	24	24	24				30	24	25	24	24	25	26	25	26	28	25	24	24	23	23	23	23	29	24	24	24				25	29	25	25	25	24	48316	24	34968	24	24515	24	16344	23	11122	23	7327	24	25	24	24				26	26	25	25	25	24	27	25	26	37	26	26	24	23	23	23	23	24	24	29	24				29	25	25	26	25	25	50388	26	36517	24	24943	24	16541	23	11328	23	7461	24	24	25	24																																																																																																		
1:10:00	37.0																										15280	25	27787	24	46	24	50286	25	36264	24	24140	23	16187	23	10823	22	7116	23	24	26	21939				25	24	25	24	24	25	26	25	25	24	25	23	24	23	23	23	23	24	23	24	23				15612	25	27342	25	24	24	47083	26	33262	24	21813	24	14668	23	10371	23	6971	23	24	24	21469				26	25	26	24	25	23	25	26	25	24	25	31	23	23	23	23	23	23	24	24	25				15741	24	27706	24	24	23	43204	25	30810	24	20760	23	14100	23	10059	23	7059	23	25	24	21329				25	45	25	25	24	24	26	24	25	24	24	24	24	23	23	22	23	23	24	24	24				24	25	24	26	24	24	43277	40	31053	25	21575	24	15001	23	10680	23	7225	23	25	24	24				31	25	25	24	24	25	26	25	26	28	25	24	24	23	23	23	22	29	23	24	23				25	29	26	25	25	23	48137	25	34973	24	24527	24	16420	24	11126	23	7330	24	25	24	25				26	26	25	25	25	25	27	24	25	37	25	26	24	23	23	23	24	24	24	28	24				28	25	25	25	25	24	50691	26	36407	24	24956	24	16556	24	11339	24	7494	24	25	25	24																																																																																																		
1:15:00	37.0																										19754	24	30216	24	46	24	50518	24	36322	23	24252	23	16188	23	10800	23	7128	23	24	27	21811				25	24	25	24	24	25	26	24	26	24	24	23	23	23	23	22	23	24	23	24	24				20145	24	29854	24	25	24	47210	25	33179	24	21757	23	14650	23	10377	23	6950	23	24	24	21435				26	24	25	24	24	24	25	27	25	24	24	31	24	23	23	23	23	23	23	24	25				20417	24	30183	24	24	23	43078	25	30561	24	20676	23	13936	23	10027	23	7073	22	26	24	21276				25	45	25	25	24	24	26	24	26	24	25	24	23	23	23	23	23	22	24	24	24				25	25	24	26	24	23	42863	39	31013	24	21482	24	15004	23	10731	22	7202	23	25	24	24				30	25	24	24	23	25	26	25	25	28	25	24	24	23	23	22	23	29	24	24	23				25	29	25	25	25	24	47996	25	34779	25	24429	24	16389	23	11088	23	7331	23	24	23	24				26	26	25	25	25	24	26	24	26	37	25	26	24	23	23	22	23	23	24	28	24				28	25	25	25	25	25	50713	26	36408	24	24893	24	16543	23	11337	24	7459	25	25	26	24																																																																																																		
1:20:00	37.0																										24323	24	32429	24	47	24	50409	25	36157	24	24161	23	16183	23	10828	23	7145	23	24	26	21834				25	24	26	24	24	25	25	25	25	24	24	23	23	23	23	22	24	23	23	24	24				24624	25	31911	25	25	24	47170	26	33131	24	21766	24	14688	23	10406	23	6952	23	24	24	21401				26	25	26	24	24	24	26	26	25	24	24	31	23	23	23	23	23	23	23	23	25				24875	25	32280	24	24	24	42879	24	30475	24	20540	23	13983	23	10060	23	7069	23	26	23	21345				25	45	25	24	24	23	26	25	25	24	24	24	23	23	23	22	23	23	24	24	24				25	24	24	26	24	24	42512	40	30547	24	21351	23	14996	23	10727	23	7193	23	25	24	24				30	25	24	24	24	25	25	24	25	28	24	24	24	23	23	23	23	28	23	24	23				25	29	26	25	25	24	48079	25	34875	24	24377	23	16430	23	11121	23	7309	23	24	23	24				26	26	24	24	25	24	26	25	25	37	25	26	24	23	23	23	24	24	24	28	24				28	26	26	25	25	25	50666	26	36398	24	24887	24	16456	23	11274	23	7419	24	24	25	24																																																																																																		
1:25:00	37.0																										28652	24	34497	24	48	23	50446	25	36287	23	24163	23	16226	23	10822	23	7107	23	24	26	21849				26	24	26	24	24	25	25	25	25	24	25	23	23	23	23	23	23	23	23	24	23				28857	25	33957	25	25	24	47047	25	33160	24	21792	23	14755	23	10460	23	6978	23	24	24	21461				26	24	26	24	24	24	25	26	25	24	24	31	23	23	23	23	24	23	24	23	25				29348	25	34326	25	23	23	42538	24	30288	23	20353	23	13966	23	10084	23	7067	23	25	24	21233				25	45	25	25	24	23	26	24	26	24	24	24	24	23	23	22	23	23	23	24	24				25	24	24	25	24	24	42232	40	30431	25	21237	24	15005	23	10726	22	7194	23	24	24	24				30	25	24	24	23	25	26	24	25	28	25	24	24	23	23	23	23	28	23	23	24				25	28	26	24	24	24	47905	24	34933	24	24511	24	16433	24	11068	23	7290	24	25	23	24				25	25	25	25	25	24	27	25	25	37	25	26	24	23	23	23	23	23	23	29	24				28	26	25	25	25	24	50681	26	36558	24	24854	24	16496	23	11243	23	7422	25	25	25	24																																																																																																		
1:30:00	37.0																										32701	24	36139	24	48	24	50636	25	36371	23	24191	23	16176	23	10786	22	7101	23	24	26	21815				26	24	25	24	24	26	25	24	25	23	24	23	23	23	23	23	23	23	22	24	24				33012	24	35799	25	25	24	47381	26	33109	24	21866	23	14799	23	10538	23	7013	24	24	23	21388				27	24	26	24	25	23	25	26	25	24	24	31	23	23	23	23	23	23	23	24	25				33571	25	36256	23	24	23	42234	24	30076	24	20388	23	13952	23	10083	23	7079	22	25	24	21174				25	45	25	24	24	24	26	24	26	23	24	23	23	23	23	23	23	23	24	24	24				25	25	24	26	24	24	42127	40	30444	24	21225	24	15059	24	10717	23	7196	23	25	24	24				30	25	24	24	24	24	26	24	25	27	25	24	24	23	23	23	23	28	23	24	23				25	28	25	25	25	24	47936	24	34848	24	24607	24	16433	23	11079	23	7307	23	25	23	24				26	25	25	25	24	24	27	25	25	37	24	27	23	23	23	23	23	23	24	29	24				28	25	25	25	25	24	50774	26	36413	24	24846	24	16453	23	11333	23	7393	24	25	26	24																																																																																																		
1:35:00	37.0																										36523	24	37919	24	49	23	50399	24	36363	22	24194	23	16207	23	10816	22	7103	23	25	27	21766				26	24	26	24	24	26	26	24	25	23	24	23	23	23	23	22	22	23	22	23	24				36906	25	37378	25	25	24	47597	26	33405	24	21936	23	14902	23	10544	23	6973	23	24	24	21389				27	25	26	24	24	24	26	26	25	24	24	31	23	23	23	23	24	23	23	23	25				37378	25	38104	24	24	23	42416	24	30030	24	20395	23	13978	23	10152	23	7079	23	25	23	21227				25	45	25	24	24	23	26	24	25	24	25	24	23	23	23	22	23	23	24	24	23				25	24	24	25	25	23	41971	39	30318	24	21307	24	15085	23	10779	22	7184	23	25	24	23				31	24	25	24	24	25	26	24	25	28	25	24	23	23	23	23	23	28	23	24	23				26	29	25	25	25	24	48033	24	34972	24	24638	24	16459	23	11064	23	7283	23	25	24	25				26	25	24	25	24	24	27	25	26	37	25	26	23	23	23	23	23	24	24	28	25				28	25	25	25	24	25	50673	26	36648	24	24891	24	16535	23	11304	23	7428	24	25	25	24																																																																																																		
1:40:00	36.9																										40014	24	39588	23	49	24	50550	24	36383	24	24254	23	16250	23	10786	23	7081	23	24	26	21667				26	24	25	24	24	26	25	24	25	24	24	23	23	23	23	23	23	23	22	24	24				40575	24	39120	24	25	24	47574	26	33336	23	21961	23	14944	23	10603	23	6963	23	24	23	21436				27	25	26	25	24	24	25	27	25	23	24	30	24	23	22	23	23	22	24	23	25				41024	25	39512	25	24	23	42059	24	30023	24	20324	23	14006	22	10223	23	7067	23	26	23	21160				25	46	25	25	24	24	26	24	25	24	24	23	23	23	22	22	23	22	24	24	24				25	25	24	25	24	23	41767	39	30142	24	21234	23	15083	23	10799	22	7186	23	25	24	24				30	25	25	23	24	25	25	24	25	28	25	24	24	23	23	23	23	28	23	24	24				25	29	26	25	24	24	48303	25	35053	24	24653	24	16492	23	11064	23	7279	24	25	24	25				25	25	24	24	25	25	26	24	25	36	24	26	24	23	23	23	23	23	23	28	24				28	25	25	25	24	24	50574	26	36441	24	24983	23	16501	23	11270	23	7397	24	25	25	24																																																																																																		
1:45:00	37.0																										43230	24	40957	24	49	23	50250	24	36462	24	24217	23	16271	23	10798	22	7080	23	24	26	21774				26	24	25	24	24	26	25	24	25	23	24	23	23	23	23	22	23	23	22	24	23				43808	24	40336	24	25	24	47601	26	33585	24	22208	23	14989	23	10663	23	6963	24	24	23	21386				26	24	26	24	24	24	25	26	25	24	24	31	24	23	23	23	23	23	23	23	25				44469	25	41008	24	24	24	42108	24	30076	24	20435	23	14082	22	10262	23	7088	22	26	24	21155				26	45	25	25	24	24	25	25	25	24	25	24	23	23	22	23	23	23	23	23	23				24	24	24	26	24	24	41662	39	30144	24	21266	24	15167	23	10819	22	7187	23	25	24	23				30	24	24	24	23	24	25	24	26	28	25	24	23	23	22	22	23	28	23	23	23				25	29	25	25	24	24	48026	24	35125	24	24679	24	16465	24	11083	23	7263	23	25	23	24				26	25	24	25	25	24	26	25	25	37	25	26	24	23	23	23	23	23	23	28	24				28	25	25	25	25	24	50783	26	36461	24	24904	24	16454	23	11298	23	7361	24	25	25	25																																																																																																		
1:50:00	37.0																										46153	24	42180	23	50	24	50317	24	36429	23	24243	23	16210	23	10785	22	7051	23	24	26	21643				26	24	25	24	24	25	25	25	26	24	24	22	23	23	23	23	23	22	22	24	23				46841	24	41706	24	24	24	47797	25	33669	24	22238	23	15129	23	10646	23	7000	23	24	23	21320				27	24	26	24	24	23	25	26	25	24	24	31	23	22	23	23	23	23	23	23	25				47577	25	42239	24	24	23	42199	24	30127	24	20419	23	14110	23	10285	22	7071	22	26	24	21080				25	46	25	24	24	24	26	24	25	24	24	23	24	23	23	22	23	23	24	24	23				25	24	24	26	24	23	41716	39	30151	24	21313	23	15217	23	10874	23	7182	23	25	23	23				30	25	24	24	24	24	25	24	25	27	24	23	23	23	23	22	22	28	23	23	23				25	29	25	25	25	24	48160	25	35146	24	24633	23	16466	23	11052	23	7277	23	25	23	24				26	25	25	24	25	24	26	25	26	37	25	26	24	23	23	22	24	24	24	29	24				29	25	25	25	24	24	50720	26	36524	24	24881	24	16436	23	11297	23	7392	24	25	25	24																																																																																																		
1:55:00	37.0																										48744	24	43376	23	51	23	50383	24	36325	23	24058	23	16168	23	10755	23	7068	23	24	26	21668				26	23	25	24	24	25	25	25	25	24	24	23	23	22	23	22	22	23	22	24	23				49428	24	42845	24	24	24	47866	25	33722	23	22345	23	15279	23	10690	23	6996	23	25	24	21214				27	24	26	24	24	23	25	26	25	24	24	30	24	23	22	23	23	23	24	23	25				50174	25	43417	24	23	24	42097	24	29998	24	20426	23	14168	23	10336	23	7055	23	26	23	21025				25	46	25	25	24	23	26	24	25	23	24	24	23	23	23	23	23	23	23	24	24				25	24	24	26	24	23	41588	40	30228	24	21368	24	15267	23	10859	23	7205	23	25	24	23				30	24	24	24	23	25	25	24	25	27	24	24	23	23	23	22	23	28	23	24	23				24	29	25	24	24	23	48349	25	35248	24	24763	23	16417	23	11055	23	7256	23	25	24	24				25	25	25	24	25	24	26	24	25	37	24	26	24	23	23	23	23	23	24	28	24				28	25	24	25	25	25	50847	26	36482	24	24984	24	16476	23	11275	23	7386	23	25	25	24																																																																																																		
2:00:00	37.0																										51157	24	44455	23	51	23	50391	24	36273	23	24155	23	16210	23	10774	23	7051	23	24	26	21703				26	24	26	24	23	26	25	23	25	23	24	23	23	23	22	22	23	23	23	23	24				51713	24	44058	24	25	24	48255	25	33815	24	22469	23	15349	23	10663	23	6987	23	25	24	21291				27	24	26	24	24	24	25	26	25	24	24	31	23	23	22	22	23	23	23	24	25				52603	25	44509	24	23	24	42356	24	30186	24	20609	23	14235	22	10462	22	7107	22	26	23	21084				25	46	25	24	24	23	26	24	25	24	24	23	23	23	23	22	23	23	24	24	23				25	24	23	26	24	24	41601	39	30257	24	21419	24	15380	23	10886	22	7155	22	24	24	23				30	24	24	24	24	25	26	24	25	27	24	24	23	22	23	22	23	28	23	24	23				25	29	26	24	25	23	48184	24	35384	24	24754	23	16480	23	11025	23	7293	23	25	23	24				26	26	25	25	24	25	26	25	25	36	25	26	24	23	23	22	23	24	23	28	24				28	25	25	25	25	24	50761	26	36383	24	24925	23	16528	23	11239	23	7361	24	26	25	24																																																																																																		
2:05:00	37.0																										53364	24	45456	23	52	23	50303	24	36140	23	24171	23	16207	23	10739	23	7058	23	24	27	21600				27	24	26	24	24	25	25	24	25	24	24	23	23	23	22	23	23	23	22	24	23				54033	24	44942	24	24	24	48486	26	33921	24	22566	23	15341	23	10671	22	6957	23	24	23	21244				27	24	26	24	24	23	25	26	25	23	25	30	23	23	22	23	23	23	23	23	25				54618	24	45673	24	24	23	42315	24	30286	24	20589	23	14334	23	10497	23	7059	23	26	24	20943				26	46	25	24	24	23	25	24	26	24	24	23	23	23	23	22	23	23	24	23	24				25	24	23	25	24	23	41489	39	30150	24	21427	23	15362	23	10913	22	7156	22	25	24	23				30	24	24	24	24	24	25	24	25	28	24	24	23	23	23	22	23	28	23	23	23				25	28	25	25	24	24	48466	25	35224	24	24682	23	16379	23	11065	22	7244	23	25	23	24				25	25	25	24	24	24	27	25	26	36	24	26	24	23	23	22	23	23	24	28	23				28	25	25	25	25	24	50565	26	36492	24	24809	24	16468	23	11207	23	7360	24	25	25	24																																																																																																		
2:10:00	37.0																										55218	24	46212	23	52	23	50103	24	36219	23	24010	23	16158	23	10740	23	7057	23	24	26	21549				26	24	26	24	23	25	26	23	25	24	24	22	23	23	23	22	23	23	22	24	23				56098	24	45781	24	24	24	48590	25	34071	24	22727	23	15396	23	10662	22	6942	23	24	23	21233				27	24	26	24	25	23	25	26	25	23	24	30	23	22	23	23	22	23	23	23	25				56992	25	46451	24	23	23	42476	24	30344	24	20721	23	14414	23	10532	23	7037	23	26	23	20969				26	46	25	24	24	24	26	24	25	23	24	23	23	23	22	22	23	23	23	24	23				24	24	24	26	24	24	41482	39	30176	24	21537	24	15510	23	10896	22	7139	22	25	23	23				30	24	24	23	23	24	25	24	25	28	24	24	24	23	23	22	22	28	23	23	23				25	28	25	25	24	24	48613	24	35293	24	24763	23	16379	23	11025	23	7234	23	25	23	24				25	25	25	24	25	24	26	25	25	36	25	26	23	23	23	22	23	23	24	29	24				28	25	25	24	25	25	50599	26	36534	24	25014	23	16488	23	11220	23	7370	24	25	25	24																																																																																																		
2:15:00	37.0																										57024	24	47105	23	53	23	50142	25	36200	23	24085	23	16157	22	10714	22	7013	23	24	26	21606				26	24	25	24	23	26	25	24	25	23	24	23	23	22	23	22	23	23	22	23	23				57807	24	46359	24	24	24	48839	25	34248	23	22864	23	15450	23	10674	23	6943	23	25	23	21242				27	24	26	24	24	23	25	26	25	24	24	31	23	23	23	22	23	23	23	23	24				58717	24	47286	24	24	24	42642	24	30526	24	20875	23	14624	22	10594	23	7047	22	25	23	20985				26	46	25	24	24	24	26	24	25	24	24	23	23	23	23	22	23	23	23	23	24				24	24	23	26	24	24	41590	39	30355	24	21657	24	15595	23	10913	22	7167	23	25	24	23				30	24	24	23	24	24	25	24	25	27	24	24	24	23	23	22	23	28	23	23	23				25	28	25	25	24	24	48960	24	35699	24	24866	23	16518	23	11013	23	7269	23	25	23	24				25	25	24	25	25	24	26	25	25	36	24	26	24	23	23	22	23	23	23	28	24				28	25	25	25	24	24	50676	26	36471	24	24913	24	16511	23	11213	23	7344	24	25	25	24																																																																																																		
2:20:00	37.0																										58427	24	47841	23	53	23	50217	24	36193	23	24056	23	16179	23	10753	22	7029	23	24	26	21568				27	24	26	24	23	26	25	24	25	23	24	23	23	23	23	23	23	23	22	23	23				59598	25	47286	25	24	24	49173	25	34716	23	23153	22	15524	23	10679	22	6958	23	24	23	21164				27	24	26	24	24	24	25	27	25	24	23	30	23	23	22	22	23	22	23	24	24				60341	25	47991	24	23	23	42692	24	30650	24	21007	23	14689	22	10647	22	7023	23	26	23	21052				25	63	25	24	24	24	26	24	25	23	25	23	23	23	23	22	23	22	24	24	24				24	24	24	25	24	23	41716	39	30474	24	21811	23	15639	23	10959	22	7190	23	24	24	23				30	24	24	23	23	25	25	24	25	28	24	23	24	23	23	22	22	28	23	24	23				24	29	25	24	24	23	48981	24	35652	24	24866	24	16476	23	11049	23	7248	23	25	23	24				25	25	25	24	24	24	26	25	25	37	25	25	23	23	22	22	24	23	23	28	24				28	24	25	25	24	24	50743	26	36550	24	24969	24	16473	22	11183	23	7364	24	25	25	24																																																																																																		
2:25:00	37.0																										59921	24	48492	23	55	23	50215	24	36165	23	23978	23	16167	23	10729	22	7047	23	24	26	21595				26	24	26	24	24	26	25	24	25	24	24	23	23	23	23	22	23	22	22	24	23				60774	24	48037	24	24	24	49491	25	34677	23	23231	23	15585	23	10668	22	6945	23	24	23	21184				27	24	26	24	24	24	24	26	25	23	24	30	23	23	22	23	23	23	23	23	25				61743	25	48829	23	23	24	43167	24	30826	24	21177	23	14890	23	10688	22	7047	22	26	23	20997				26	63	25	25	24	23	25	23	25	24	25	24	23	23	23	22	23	22	23	23	24				24	24	24	25	24	23	41882	39	30508	24	21960	24	15749	23	10944	22	7172	22	25	24	23				30	24	24	23	23	24	25	24	25	28	24	23	24	23	23	22	23	28	23	23	23				24	28	25	24	24	24	49131	24	35810	24	24892	23	16485	23	11020	23	7268	23	24	23	24				25	25	24	24	24	24	26	24	25	36	25	26	23	23	24	22	23	23	23	28	24				29	25	25	25	25	24	50937	25	36531	23	24932	23	16471	23	11249	23	7338	24	25	24	24																																																																																																		
2:30:00	37.0																										61489	24	49024	23	55	24	50151	24	36180	23	24042	22	16161	22	10753	23	7039	23	24	25	21554				27	24	26	24	24	25	25	24	25	23	25	23	23	22	23	22	22	23	22	23	23				62323	24	48618	24	24	23	49601	25	34848	23	23366	23	15541	23	10690	22	6953	22	24	23	21201				27	24	26	24	24	23	25	26	25	23	24	30	23	23	23	22	23	22	23	23	25				63107	24	49349	24	23	23	43261	24	31141	24	21459	23	15128	22	10779	23	7043	22	26	23	20937				26	63	25	24	24	23	26	24	25	24	24	23	23	23	22	22	23	23	24	23	23				25	24	24	25	24	23	42058	38	30788	24	22057	23	15836	23	10954	22	7162	23	25	23	24				30	24	23	23	23	24	25	24	25	27	24	24	23	22	23	23	23	28	23	24	23				24	29	25	24	24	23	48987	24	35834	24	24948	24	16477	23	11049	23	7273	23	25	23	23				25	25	24	24	24	24	26	25	26	37	25	26	23	22	23	22	23	24	23	28	24				28	25	25	25	25	25	51009	26	36488	23	24912	24	16518	23	11198	23	7347	24	25	24	23																																																																																																		
2:35:00	37.0																										62461	24	49777	23	56	23	50105	24	36231	23	24038	23	16139	23	10719	22	7013	23	24	27	21591				26	24	26	24	23	26	25	24	25	23	24	23	23	23	23	22	22	22	22	24	24				63647	24	49222	24	24	24	49678	25	35140	23	23446	23	15622	22	10704	23	6938	23	24	23	21145				27	24	26	23	24	24	26	26	25	24	24	30	23	23	23	22	23	23	23	23	24				64381	25	50061	24	23	23	43403	24	31233	24	21629	23	15257	23	10731	23	7047	22	26	24	20953				26	64	25	24	24	24	25	24	25	24	24	23	23	23	22	22	22	22	23	23	24				24	24	24	26	24	23	42171	39	30848	24	22177	24	15931	23	10981	22	7165	23	25	23	23				30	24	24	24	23	25	25	24	25	27	24	24	23	23	23	22	22	27	23	23	23				24	28	25	25	24	24	49314	24	35988	24	24916	24	16492	23	11036	22	7258	23	25	24	24				26	25	24	25	24	23	26	24	25	36	24	26	23	22	23	23	24	23	23	28	24				28	25	24	25	24	24	50933	26	36678	24	24904	23	16475	23	11196	23	7370	24	25	25	24																																																																																																		
2:40:00	37.0																										63498	24	50169	23	57	23	50145	24	36229	23	24025	23	16155	23	10702	22	7034	23	24	26	21614				27	24	25	24	23	25	25	24	25	23	24	23	23	23	23	22	23	22	22	23	24				64638	25	49844	24	24	24	49860	25	35161	23	23589	23	15582	23	10725	23	6945	23	24	23	21189				27	24	26	24	24	23	25	26	25	23	24	30	23	23	22	22	23	23	23	23	25				65342	24	50434	23	23	23	43616	24	31605	24	21815	23	15462	22	10781	23	7009	22	25	24	20933				26	63	24	24	23	23	25	24	25	23	24	23	23	23	22	22	23	23	24	24	23				25	24	23	25	24	23	42383	39	31075	24	22286	24	16094	23	10936	22	7190	23	25	23	23				30	24	24	24	24	24	25	24	25	27	24	23	23	22	23	22	23	28	23	24	23				25	29	25	24	25	24	49644	24	36076	23	25009	23	16482	22	10997	23	7225	23	25	23	24				25	25	24	25	24	23	26	24	26	36	24	26	24	23	23	22	23	23	23	28	23				28	25	24	25	25	24	50869	25	36667	23	24985	23	16493	23	11164	23	7318	24	25	25	24																																																																																																		
2:45:00	37.0																										64324	24	50512	23	57	23	50044	24	36084	24	24065	23	16144	23	10702	22	7016	23	24	26	21502				27	24	26	24	24	25	25	24	25	23	24	23	23	23	23	22	23	23	23	23	23				65453	24	50056	24	24	24	50033	25	35241	23	23731	23	15575	23	10668	23	6938	23	24	23	21080				28	25	26	23	24	24	25	26	25	24	24	30	23	23	22	22	23	23	23	23	24				66363	25	50681	24	23	23	43937	24	31766	24	22000	23	15605	22	10765	23	7036	22	25	23	20917				26	63	25	24	23	23	26	24	25	23	24	23	23	23	22	23	22	23	24	24	24				24	24	23	25	24	23	42525	38	31133	24	22480	24	16034	23	10933	22	7139	22	25	24	23				30	24	24	23	23	24	25	24	24	27	25	24	23	22	23	22	22	27	23	23	23				25	28	25	25	24	23	49655	24	36029	23	24916	24	16424	23	11011	23	7231	23	25	23	23				25	25	24	24	24	24	27	24	25	36	25	26	23	22	23	22	23	23	23	28	23				28	24	25	24	24	24	51042	26	36472	23	24793	23	16473	23	11206	23	7344	24	25	25	24																																																																																																		
2:50:00	37.0																										65061	24	50646	23	57	23	50068	24	36214	23	24044	23	16113	22	10728	22	7003	23	24	26	21581				27	24	26	24	24	26	25	24	25	23	24	22	23	22	23	22	23	22	23	23	23				66187	24	50321	24	24	23	50016	25	35451	23	23662	23	15612	23	10677	22	6938	23	25	24	21146				27	24	26	24	24	23	25	26	25	23	24	30	23	23	23	23	23	23	23	23	25				67048	25	51033	24	24	23	44173	24	32049	24	22261	22	15662	22	10726	22	7050	22	26	24	20950				26	62	26	24	23	23	26	24	25	23	24	24	23	23	23	22	22	23	23	23	23				24	24	24	26	24	24	42664	39	31378	23	22712	24	16083	23	10967	22	7164	23	25	23	23				30	24	24	24	23	24	25	24	25	27	24	24	23	23	22	22	22	28	23	23	23				25	28	25	24	24	24	49807	24	36143	24	25013	23	16497	23	10953	23	7239	23	25	24	24				26	25	25	25	25	24	26	24	25	37	24	25	23	23	23	22	23	23	23	28	24				28	25	25	25	24	24	51006	25	36626	23	24917	23	16449	23	11121	23	7322	24	26	25	24																																																																																																		
2:55:00	37.0																										65892	24	51091	23	59	24	50028	23	36130	23	23970	23	16148	23	10710	23	7012	23	25	25	21494				27	24	26	24	23	25	25	23	25	23	24	23	23	22	23	22	22	22	22	23	23				67003	25	50582	24	24	24	50135	25	35498	24	23732	22	15614	23	10664	23	6929	23	25	23	21081				27	24	26	24	25	23	25	25	25	23	24	30	23	22	22	22	23	23	23	23	24				67807	24	51672	23	24	24	44655	24	32252	24	22519	22	15796	23	10773	22	7041	22	25	23	20936				26	63	26	24	24	24	26	24	25	23	24	23	23	22	23	22	23	23	23	23	23				25	24	23	26	24	24	42903	39	31554	24	22851	24	16121	23	10991	22	7148	22	25	24	23				30	24	25	23	23	24	25	24	25	27	24	23	23	23	23	22	22	27	23	23	23				24	28	25	25	24	23	49780	24	36241	23	24979	23	16451	23	10995	23	7229	23	25	23	24				25	25	24	24	25	24	26	24	26	36	24	26	23	23	23	22	23	23	23	28	24				28	25	25	25	24	25	51170	26	36603	23	25003	23	16482	23	11160	23	7298	24	26	24	23																																																																																																		
3:00:00	37.0																										66606	24	51282	23	60	23	50061	24	36028	23	24033	23	16078	23	10723	22	6996	23	25	26	21530				28	23	26	23	23	25	25	24	25	23	24	23	23	23	22	22	23	22	22	24	24				67702	24	50920	24	24	24	50147	26	35577	23	23848	23	15652	23	10673	22	6948	23	25	23	21190				27	24	26	24	24	23	25	26	25	23	24	30	23	23	23	22	23	23	23	23	25				68743	24	51807	23	23	23	44729	24	32591	24	22903	23	15868	23	10804	22	7029	22	26	23	20929				26	63	25	24	24	24	25	24	25	24	24	23	23	22	22	22	23	23	24	23	23				24	24	24	25	24	23	43268	39	31831	24	23067	23	16178	23	10929	22	7149	23	26	23	23				30	24	24	24	23	24	26	24	25	27	24	23	23	23	23	22	22	28	23	24	22				25	28	25	24	24	23	50034	24	36366	24	24985	23	16406	23	11000	23	7249	23	25	24	24				25	25	25	24	24	24	26	25	25	36	24	26	24	22	23	22	23	23	23	28	24				28	25	25	24	24	24	50972	26	36786	23	25010	23	16451	23	11166	23	7340	24	25	25	24																																																																																																		
3:05:00	37.0																										67252	24	51677	23	59	23	50147	24	36130	23	24023	23	16158	23	10722	22	7019	23	25	26	21532				27	24	26	24	23	25	25	24	25	23	24	23	23	23	22	22	22	23	23	23	23				68440	25	51092	24	24	24	50189	26	35659	23	23830	23	15668	22	10628	22	6944	23	25	24	21095				27	24	26	24	24	24	25	26	25	23	24	30	23	22	23	22	23	22	24	23	25				69039	25	51993	23	23	23	45019	24	32811	24	23127	22	15919	22	10749	22	7032	22	25	23	20901				26	62	25	24	23	23	26	24	25	24	24	23	23	22	22	21	23	23	23	24	24				25	24	24	25	24	23	43432	39	32076	24	23370	23	16214	22	10969	22	7158	23	25	23	23				30	24	24	24	23	24	25	24	25	28	24	24	23	23	23	23	22	27	23	23	23				25	28	25	24	24	23	50159	24	36377	24	25045	23	16455	23	10963	22	7225	23	25	24	24				26	25	24	24	24	24	26	25	26	36	24	26	23	23	23	22	23	23	23	28	24				28	25	24	26	24	24	51185	26	36662	23	24942	24	16427	23	11129	23	7303	25	26	25	24																																																																																																		
3:10:00	37.0																										67444	24	51737	23	61	23	50090	25	36104	23	23982	23	16060	23	10701	22	6999	23	25	26	21464				27	24	26	24	24	25	25	24	25	24	24	22	23	22	23	22	22	22	22	24	23				68952	24	51368	25	24	24	50179	25	35616	23	23870	23	15612	23	10698	23	6935	22	24	23	21163				27	24	26	24	24	23	25	26	25	24	24	30	23	23	22	22	23	22	23	23	24				69673	24	52267	24	23	23	45322	24	33141	24	23416	23	15959	23	10756	23	7014	22	25	23	20933				26	62	25	24	23	24	26	24	25	23	24	23	24	22	23	22	22	23	24	23	23				24	24	23	25	24	23	43667	39	32277	24	23521	23	16235	23	10952	22	7149	22	25	23	23				31	24	24	24	24	24	26	24	25	27	24	23	23	23	23	22	21	28	23	23	22				24	29	25	25	24	23	50473	24	36493	24	24963	24	16436	23	10971	23	7230	23	25	23	24				26	25	24	24	25	23	26	24	26	36	24	26	23	23	22	22	23	23	23	28	24				27	24	24	24	24	24	51006	26	36665	24	24887	23	16440	23	11146	22	7307	24	25	24	24																																																																																																		
3:15:00	37.0																										67984	25	51942	24	62	23	50100	24	36182	23	23981	22	16157	22	10697	23	7000	23	25	25	21471				27	24	26	24	23	25	26	23	25	23	24	22	23	22	23	22	23	22	23	23	23				69204	24	51444	25	24	24	50202	26	35858	23	23862	23	15659	22	10688	23	6927	23	25	23	21181				27	23	26	23	23	24	25	26	25	23	24	30	23	23	22	22	23	23	23	23	25				70484	25	52089	24	23	23	45568	23	33439	24	23611	22	16086	22	10765	22	7007	22	26	23	20919				25	63	25	24	23	23	26	24	25	23	24	23	23	23	22	22	22	22	23	23	23				24	24	24	25	23	24	43930	38	32570	23	23674	23	16333	23	10975	22	7183	23	25	23	23				30	24	23	23	23	25	25	24	25	27	25	23	23	22	23	23	23	28	23	23	23				24	28	25	24	24	23	50427	24	36615	24	25017	23	16433	23	10979	22	7210	23	25	23	24				26	25	25	24	24	24	26	24	25	36	25	26	23	23	23	22	23	23	23	28	24				28	24	26	24	24	25	50866	26	36651	24	25020	23	16495	23	11143	23	7317	24	25	24	25																																																																																																		
3:20:00	37.0																										68323	25	51857	23	62	23	50254	24	36040	23	24006	22	16160	23	10702	22	7015	23	25	27	21538				27	24	25	23	23	26	25	24	25	23	24	22	22	22	23	23	23	23	22	24	23				69561	24	51540	24	24	24	50138	25	35899	23	23779	23	15629	22	10664	22	6945	23	25	23	21124				28	24	26	23	24	23	25	26	25	24	24	30	23	23	22	22	22	23	23	23	25				70651	24	52307	24	23	23	45966	24	33711	24	23861	22	16037	23	10770	22	7007	22	26	23	20864				26	62	25	24	23	23	25	24	25	24	24	23	23	23	23	22	23	22	23	23	24				24	24	23	25	24	23	44311	39	32741	24	23812	24	16243	22	10933	22	7150	22	25	24	23				30	25	24	23	23	24	25	24	25	27	25	24	23	23	23	22	22	27	23	24	23				24	28	25	24	24	23	50785	24	36485	23	25037	23	16427	23	11014	22	7191	23	25	23	23				26	25	24	24	24	24	26	24	25	36	24	26	23	22	23	23	23	23	23	28	24				28	25	25	24	24	24	51339	25	36680	24	25017	23	16478	23	11158	23	7294	24	25	24	23																																																																																																		
3:25:00	37.0																										68935	24	51959	23	63	23	50277	24	36142	23	23959	22	16129	22	10681	22	7009	23	25	25	21424				27	23	25	24	23	26	25	24	25	23	24	23	23	23	23	22	22	22	22	24	23				69878	24	51529	24	24	24	50351	25	35801	23	23939	23	15658	22	10672	23	6946	23	25	23	21138				27	24	26	24	24	23	25	26	25	23	24	30	23	22	23	22	23	23	23	23	24				71097	24	52551	24	23	23	46533	24	34152	23	23894	23	16067	22	10784	22	7027	22	26	23	20818				26	62	25	24	23	23	25	24	24	23	24	23	23	23	23	22	23	22	23	24	24				24	24	24	25	24	23	44445	39	33019	24	23904	23	16283	22	10937	22	7152	22	25	23	23				30	24	24	23	23	24	25	24	25	27	24	23	23	23	23	22	22	27	23	24	23				24	28	25	24	24	24	50532	24	36352	23	25029	23	16422	23	10950	22	7224	23	25	23	23				25	24	24	24	25	23	26	24	25	36	24	26	23	23	23	22	23	23	23	28	23				28	25	25	25	25	24	51298	26	36713	23	24957	24	16453	23	11095	22	7314	24	26	25	24																																																																																																		
3:30:00	37.0																										68909	24	52007	23	64	23	50064	24	36155	23	23951	22	16107	23	10676	23	7004	23	24	26	21429				27	24	25	23	23	25	25	23	25	23	24	23	23	23	23	22	23	23	22	23	23				70265	24	51733	24	24	23	50426	25	35842	24	23900	23	15623	23	10637	23	6925	23	25	23	21059				28	24	26	24	24	23	25	26	25	24	24	30	23	23	23	22	23	22	23	23	24				71140	24	52319	24	24	23	46812	23	34459	23	23944	23	16095	22	10737	22	7001	22	25	23	20883				26	61	25	24	23	23	26	24	25	23	24	23	23	22	22	23	23	23	23	23	24				24	24	23	26	24	23	44894	39	33427	24	24032	23	16204	23	10933	22	7137	22	25	23	23				30	24	24	24	23	24	25	24	25	27	24	23	23	23	23	22	22	28	23	23	23				25	28	25	24	24	24	50603	24	36522	24	25006	24	16466	23	10957	22	7199	23	25	23	23				26	25	25	24	24	24	26	25	25	36	24	26	23	23	23	22	23	23	23	28	24				28	25	25	25	24	24	51119	25	36620	24	24997	23	16394	23	11124	22	7312	24	25	25	24																																																																																																		
3:35:00	37.0																										69306	23	51974	23	64	23	50037	24	35992	23	23915	22	16130	23	10697	22	6986	23	25	25	21500				27	24	25	24	24	25	25	24	25	23	24	22	22	22	23	22	23	22	22	24	23				70615	24	51587	24	24	24	50214	25	35852	24	23889	23	15614	22	10675	23	6912	23	25	23	21037				27	24	26	24	24	23	25	26	25	24	24	29	23	22	23	22	22	22	23	22	25				71728	25	52664	24	24	23	47127	24	34750	23	24106	23	16060	22	10755	22	6996	22	26	24	20842				26	62	25	23	23	24	25	24	24	23	24	24	23	23	22	22	23	22	23	23	23				24	24	23	25	23	23	45067	39	33585	24	24123	23	16282	22	10987	22	7150	22	25	24	23				30	24	24	23	23	24	26	24	25	27	24	23	23	22	22	23	22	28	24	23	23				24	29	25	24	24	24	50856	24	36429	24	25070	23	16374	22	10955	23	7223	23	25	23	23				25	25	24	24	25	23	26	24	25	36	24	26	24	22	23	22	23	23	23	28	23				28	25	24	25	24	24	50993	25	36578	23	24971	23	16452	22	11093	23	7277	24	25	24	24																																																																																																		
3:40:00	37.0																										69446	24	52144	23	66	23	49873	24	35942	23	23974	23	16082	22	10658	22	7002	23	25	26	21554				27	24	26	24	23	25	25	24	25	23	24	23	22	23	22	22	22	22	22	23	24				70644	24	51652	24	25	23	50300	25	35912	23	23922	23	15596	22	10607	23	6924	22	25	23	21059				28	24	27	24	24	24	25	25	24	23	23	30	23	22	22	22	22	22	23	23	25				71867	25	52627	23	23	24	47411	24	34928	24	24166	22	16125	23	10753	23	6981	22	25	23	20871				26	62	25	25	23	23	25	23	25	23	24	23	23	23	22	22	23	23	23	24	24				24	24	24	25	24	23	45579	39	34061	23	24256	23	16303	23	10916	22	7142	22	25	23	23				30	24	24	23	23	23	25	24	25	27	24	23	24	23	22	22	22	27	23	23	22				25	28	25	24	25	23	51009	24	36474	24	25037	23	16365	22	10949	22	7229	23	25	23	23				26	24	24	24	24	25	26	24	25	36	24	26	23	22	23	22	23	23	23	28	24				28	25	25	25	25	24	51195	25	36727	23	24928	23	16437	22	11108	23	7319	24	26	25	24																																																																																																		
3:45:00	37.0																										69808	24	52002	23	66	23	49996	24	35977	23	23936	22	16095	22	10667	23	6990	23	24	26	21444				27	24	26	23	23	25	25	24	25	23	23	23	22	23	23	22	23	22	22	23	23				71136	24	51783	24	24	23	50406	25	35875	23	23881	23	15586	23	10606	22	6929	23	24	23	21082				27	24	26	23	24	23	25	26	25	24	24	30	23	23	22	23	23	22	23	23	25				71957	24	52435	24	24	23	47734	24	35094	23	24320	22	16193	22	10761	22	6993	22	25	23	20809				26	61	25	24	23	24	25	24	25	24	24	23	23	22	22	22	23	23	24	24	24				24	24	23	25	24	23	45714	39	34429	23	24300	23	16335	23	10938	22	7155	22	25	23	23				30	24	24	23	23	24	25	24	25	28	24	23	23	22	22	22	22	28	23	23	23				25	28	25	25	23	23	50787	24	36502	24	25079	23	16389	23	10970	22	7217	24	25	23	23				25	25	24	24	24	25	26	24	25	36	24	26	24	23	22	22	23	23	23	28	24				28	24	24	25	24	24	51140	25	36721	24	24885	23	16414	22	11106	23	7264	24	26	25	24																																																																																																		
3:50:00	37.0																										69849	25	52005	23	67	23	50060	25	36073	23	23921	23	16030	22	10679	23	7000	23	24	26	21432				27	24	26	23	24	26	25	24	24	23	24	23	23	23	22	22	22	22	23	23	23				70769	25	51784	24	24	24	50396	25	35993	23	23872	23	15605	23	10600	22	6920	22	25	23	21078				27	24	26	24	24	23	25	26	25	23	23	30	23	22	22	22	23	23	23	23	25				72114	25	52337	24	23	23	48251	23	35391	24	24428	22	16122	23	10730	23	7024	22	26	23	20852				26	56	26	24	23	23	26	23	25	23	24	23	23	23	23	22	22	22	23	23	23				24	24	23	24	24	23	46361	39	34549	24	24278	23	16261	23	10940	22	7137	23	25	23	23				30	24	24	24	23	24	25	24	25	27	25	24	23	23	23	22	22	27	23	24	23				24	28	25	24	24	23	50845	24	36557	24	25012	23	16373	23	10897	22	7223	23	25	23	24				25	25	24	24	25	24	26	24	25	36	24	26	23	23	23	23	22	23	23	28	24				28	25	25	25	24	24	51152	25	36704	24	24953	23	16443	23	11078	22	7283	24	26	25	24																																																																																																		
3:55:00	37.0																										69892	24	51990	23	68	23	49977	25	36150	23	23900	23	16043	22	10641	23	6975	23	25	26	21393				27	24	26	24	23	25	25	24	25	23	24	23	23	22	23	22	22	22	22	24	24				70900	24	51736	24	24	23	50327	25	35804	23	23923	22	15552	23	10593	23	6918	22	24	23	21037				28	24	26	24	24	23	25	26	24	23	24	30	23	22	22	22	22	23	23	23	24				72111	25	52437	23	23	23	48528	24	35630	24	24417	23	16085	23	10760	23	6983	22	26	23	20855				26	53	25	24	23	23	26	23	25	23	24	23	24	22	23	22	23	22	23	23	23				24	24	24	24	24	23	46796	39	34991	24	24448	23	16312	23	10945	22	7113	22	25	23	23				30	24	24	23	23	24	25	23	25	27	24	23	23	22	22	22	22	28	23	23	23				25	28	25	24	24	24	51070	24	36363	24	25056	23	16383	23	10937	22	7228	23	25	23	23				25	25	24	25	24	23	26	24	24	35	24	26	23	23	23	22	23	23	23	27	23				28	24	25	24	24	24	51262	25	36658	23	24972	23	16418	22	11115	23	7290	24	26	25	24																																																																																																		
4:00:00	37.0																										70047	24	52012	24	69	23	50076	24	36017	23	23834	22	16091	23	10683	22	6986	23	24	26	21498				27	24	25	24	23	25	25	24	25	23	24	23	22	22	23	22	23	23	22	23	23				71451	24	51680	24	24	23	50458	25	35832	23	23924	23	15586	23	10625	22	6922	23	24	23	20983				27	24	26	24	24	23	25	26	24	23	24	30	23	23	23	22	23	22	23	23	24				72068	24	52426	24	23	23	48676	24	35685	24	24417	23	16118	23	10749	23	6999	22	25	23	20840				26	53	25	24	23	23	26	23	25	24	25	24	23	23	22	22	23	22	23	23	23				25	24	23	25	23	23	47017	39	35180	24	24398	23	16253	22	10925	22	7133	22	25	23	23				30	24	24	23	23	24	25	24	25	27	24	24	24	22	23	22	22	27	23	23	22				24	28	25	24	23	23	51200	25	36533	24	25091	24	16395	23	10937	23	7207	23	25	23	24				26	25	23	25	25	23	26	25	24	36	24	26	24	22	23	22	22	23	23	27	24				28	25	24	25	24	24	51180	25	36812	24	25022	24	16391	23	11110	23	7273	24	25	25	23																																																																																																		
4:05:00	37.0																										70342	24	52207	24	70	23	50103	24	36032	23	23935	22	16096	23	10666	22	6984	23	25	26	21520				28	24	25	24	23	26	25	24	24	23	24	22	23	22	23	22	22	23	22	23	23				71323	24	51642	24	24	24	50405	25	35883	23	23876	23	15603	23	10614	23	6893	23	24	23	21003				28	24	26	23	24	23	25	26	24	23	24	30	23	22	22	22	23	22	23	24	24				72501	24	52633	24	23	23	48997	24	35820	24	24503	23	16127	22	10763	22	6962	22	25	23	20814				26	54	25	24	24	23	25	23	25	23	24	23	23	23	22	22	22	23	24	23	23				24	24	24	25	24	23	47643	39	35469	24	24497	23	16249	23	10932	22	7124	22	25	23	23				30	24	24	23	23	24	25	23	25	27	24	23	23	23	23	22	22	27	23	23	23				24	27	25	25	24	24	50889	24	36529	24	25011	23	16363	22	10939	22	7208	23	25	24	23				26	25	24	25	25	23	26	24	25	36	24	26	23	23	23	22	23	23	23	27	24				28	24	25	24	25	24	51204	26	36753	23	24942	24	16476	23	11095	23	7277	24	25	25	24																																																																																																		
4:10:00	37.0																										70375	24	51962	23	71	23	50110	24	36035	23	23889	23	16062	23	10666	22	6975	23	24	26	21423				27	24	26	24	24	25	25	24	25	23	24	23	23	23	22	22	22	22	22	24	23				71841	24	51591	24	25	24	50445	25	35815	24	23981	23	15642	23	10637	22	6931	22	25	24	21065				28	24	27	23	24	23	25	26	25	23	24	30	23	23	23	22	23	23	23	23	24				72634	24	52602	24	23	24	49267	23	35973	24	24413	22	16173	22	10713	22	6979	22	25	23	20865				26	53	24	24	23	23	26	24	25	23	25	23	23	23	22	22	23	22	23	24	23				24	24	23	24	24	23	47940	39	35488	24	24514	23	16356	22	10957	22	7136	22	25	23	23				30	24	24	23	23	25	26	24	25	28	24	23	24	22	22	22	23	28	23	23	23				24	29	25	24	25	23	50971	24	36549	24	25051	23	16382	23	10947	22	7253	23	25	23	24				25	25	24	25	24	24	26	24	25	36	24	25	23	22	23	22	23	23	23	28	24				28	25	25	25	24	24	51427	26	36731	24	24963	23	16452	22	11097	23	7279	24	25	24	24																																																																																																		
4:15:00	37.0																										70631	24	52091	23	72	23	49970	24	36095	23	24007	23	16083	22	10685	22	6988	23	25	26	21438				27	24	26	23	23	25	25	24	25	23	24	23	23	23	23	22	22	22	22	23	23				71842	24	51578	24	24	24	50489	25	35901	23	23917	23	15602	22	10656	22	6922	23	25	23	21050				27	24	26	23	24	24	25	26	24	23	24	30	22	23	23	22	23	23	23	23	24				72840	24	52714	24	24	23	49322	24	35912	24	24599	23	16150	23	10747	22	7002	22	26	23	20927				26	53	25	24	23	23	25	23	25	23	23	23	24	23	23	22	23	22	23	23	23				24	24	24	25	24	23	48184	39	35693	24	24543	23	16335	22	10985	22	7133	23	25	24	23				30	24	24	24	23	24	26	23	25	27	24	23	24	23	22	22	22	28	23	24	23				25	28	25	24	25	24	50985	24	36546	24	25075	23	16388	23	10915	22	7238	23	26	23	23				25	25	23	24	24	24	26	24	25	35	25	26	23	22	23	22	23	23	23	29	24				28	25	25	25	24	24	51426	25	36699	23	24986	23	16400	22	11045	23	7285	24	25	25	24																																																																																																		
4:20:00	37.0																										70801	24	52179	23	74	23	49846	24	36018	23	23876	23	16076	22	10691	22	6982	23	24	27	21414				27	23	26	23	23	26	25	24	25	23	24	23	23	22	23	22	23	22	22	23	23				72140	24	51750	25	24	23	50497	25	35881	24	23858	22	15586	23	10618	22	6906	23	25	23	21090				28	24	26	24	24	23	25	26	25	24	23	30	23	23	22	23	23	23	23	23	25				73266	24	52591	24	24	23	49467	23	36036	24	24580	22	16183	22	10719	22	6987	22	26	23	20840				26	53	25	24	24	23	26	24	25	23	24	23	23	23	22	22	22	22	23	23	23				24	25	23	25	24	23	48636	39	35809	24	24498	23	16331	23	10919	22	7176	22	25	23	23				30	24	24	24	23	24	26	24	25	28	25	24	24	22	22	22	23	28	23	23	22				24	29	25	24	24	23	51084	24	36593	23	25059	23	16345	23	10939	22	7208	23	26	23	24				26	25	24	24	24	24	26	24	25	36	24	26	23	22	23	23	23	23	23	28	24				28	25	25	25	24	24	51360	26	36681	24	24902	23	16365	23	11096	23	7267	24	26	25	24																																																																																																		
4:25:00	37.0																										70958	24	51978	23	74	23	50064	24	36130	23	23926	23	16094	23	10658	22	6987	23	25	26	21483				27	24	26	24	24	25	25	24	25	23	24	23	23	22	23	22	23	22	22	23	23				71995	24	51839	24	24	24	50635	25	35922	23	24033	23	15624	23	10610	22	6906	22	25	23	21000				28	24	26	24	24	23	25	26	25	23	24	30	23	22	22	23	22	22	23	23	25				73052	24	52573	23	23	23	49568	23	36124	24	24596	23	16229	22	10744	22	6983	22	26	23	20888				26	53	25	24	23	23	26	23	24	23	24	23	23	23	22	22	23	22	23	23	23				24	23	24	25	24	23	48882	39	35854	23	24569	24	16297	23	10964	22	7149	23	25	23	23				30	24	24	24	23	24	26	25	25	28	24	23	23	22	22	22	22	28	23	23	23				24	29	25	24	24	24	51155	24	36528	23	25173	23	16404	22	10927	22	7254	24	25	23	23				25	25	24	24	25	24	26	24	25	36	25	26	24	23	22	23	23	24	23	28	24				28	24	25	25	25	24	51266	25	36805	23	25076	23	16384	22	11054	23	7289	24	25	25	24																																																																																																		
4:30:00	37.0																										70846	23	52123	23	75	23	50132	24	35996	23	23906	23	16093	22	10664	23	6969	23	25	26	21389				27	23	26	23	23	26	25	24	25	23	24	23	23	23	22	22	22	22	22	23	24				72256	25	51655	24	24	24	50444	25	35859	23	23843	23	15622	23	10638	22	6918	23	25	23	21064				27	24	26	24	24	23	26	26	25	24	24	30	23	23	22	22	23	22	23	23	24				73437	24	52619	24	23	23	49724	24	36391	23	24565	23	16234	22	10769	22	7002	23	26	23	20885				26	53	25	24	23	23	26	24	25	23	24	23	23	22	23	21	23	22	23	23	24				24	24	24	25	24	23	49190	39	36047	24	24564	23	16363	23	10983	22	7140	23	25	23	24				30	23	24	23	24	24	25	24	25	27	25	24	24	23	23	22	22	28	23	23	22				24	28	25	25	24	23	51246	24	36589	24	25190	23	16399	23	10934	22	7223	23	26	23	24				25	25	24	24	24	24	26	24	24	36	24	26	23	22	23	22	23	23	23	28	24				28	25	25	25	24	24	51496	26	36756	24	25059	23	16444	22	11090	23	7293	24	26	24	24																																																																																																		
4:35:00	37.0																										71122	24	52204	23	75	23	50029	24	36207	23	23947	23	16129	22	10666	22	6981	23	24	26	21470				27	24	26	23	23	26	25	24	25	23	24	23	23	22	23	22	23	22	22	23	24				72397	24	51644	24	24	23	50719	25	36067	23	23889	23	15599	23	10645	23	6923	23	24	23	21088				28	24	26	24	23	23	25	26	24	23	24	30	23	23	23	22	23	23	23	23	25				73620	24	52583	24	24	23	49932	23	36275	24	24678	23	16169	23	10705	22	6974	22	26	24	20909				26	54	25	24	23	24	26	23	26	23	24	22	23	22	22	22	23	23	23	23	24				24	24	23	25	24	23	49344	39	36156	24	24489	23	16343	22	11000	22	7160	23	25	24	23				29	24	24	24	23	25	26	24	25	28	24	23	24	23	22	22	22	28	23	23	23				25	28	25	24	24	24	51164	24	36664	24	25142	23	16358	23	10924	22	7243	23	26	23	24				25	25	24	24	24	24	26	25	25	36	24	26	24	23	23	23	23	23	23	28	24				27	25	25	25	24	24	51486	25	36834	23	24995	23	16449	23	11078	23	7313	24	25	25	24																																																																																																		
4:40:00	37.0																										71198	24	52263	23	77	23	50142	24	36171	23	24023	23	16133	23	10676	22	6999	23	25	26	21553				27	24	26	24	23	26	25	24	25	23	24	23	23	22	22	22	22	22	23	23	23				72352	25	51803	24	24	23	50643	25	35956	23	23955	23	15612	22	10676	22	6917	23	25	23	21093				27	24	26	24	24	23	25	26	24	23	24	30	23	23	23	22	22	22	23	23	24				73502	24	52805	23	24	23	50026	24	36313	24	24634	23	16234	22	10768	23	6998	22	26	23	20902				26	54	25	24	23	23	26	24	25	23	24	23	23	23	22	22	23	22	23	23	24				23	24	23	25	24	23	49520	39	36392	23	24615	24	16344	23	10960	22	7142	23	25	23	23				30	24	24	23	23	25	26	24	25	28	24	23	23	22	22	23	22	27	23	23	23				24	28	25	24	24	23	51384	24	36631	24	25123	23	16391	23	10975	22	7248	23	25	23	23				25	25	24	24	24	24	26	24	26	36	24	26	23	23	23	22	23	23	23	28	23				28	25	25	24	24	24	51483	26	36900	23	25069	23	16428	23	11136	22	7274	24	25	25	24																																																																																																		
4:45:00	37.0																										71148	24	52177	24	78	23	50005	24	36229	23	23934	23	16117	23	10693	22	6997	23	25	26	21480				27	23	25	24	24	25	25	24	26	23	24	23	23	22	22	22	22	22	22	23	23				72480	25	51765	24	24	24	50664	25	36085	24	23980	23	15594	22	10659	22	6902	23	24	23	21064				27	25	26	24	24	23	25	26	25	24	24	30	23	22	23	23	23	23	24	23	24				73931	24	52887	24	23	23	50209	24	36550	24	24653	23	16299	23	10716	22	6983	22	26	23	20874				26	54	24	24	23	23	26	24	25	23	24	24	23	23	22	22	22	22	23	23	23				24	24	23	25	24	23	49713	38	36336	24	24662	23	16325	23	11010	22	7150	23	26	23	23				30	24	24	24	23	24	25	24	25	27	24	24	24	22	22	22	22	28	23	23	22				24	29	25	24	24	24	51370	24	36651	24	25147	24	16390	23	10931	22	7228	23	25	23	23				25	25	24	24	24	24	26	25	25	36	24	25	23	22	23	22	23	23	24	28	24				28	25	24	25	24	24	51580	26	37000	23	24984	23	16473	23	11123	23	7314	24	26	25	24																																																																																																		
4:50:00	37.0																										71254	24	52277	23	79	23	50081	24	36289	23	24055	23	16144	22	10675	23	6987	23	25	26	21459				28	23	26	24	23	25	25	24	25	23	24	23	23	22	22	22	23	23	22	23	23				72743	25	51810	24	24	23	50598	25	35882	23	23977	23	15541	23	10656	22	6926	23	24	23	21066				28	24	26	23	23	23	25	26	25	23	23	30	23	23	23	23	23	23	23	23	24				73542	24	52522	24	24	23	50221	24	36414	24	24664	23	16231	22	10735	22	6988	23	25	23	20846				26	54	25	24	23	23	26	23	25	23	24	24	23	23	22	22	23	23	23	23	24				24	24	24	25	24	23	50001	39	36433	24	24704	23	16330	23	10962	22	7167	22	26	24	23				30	24	24	24	23	24	25	24	25	27	24	23	23	22	22	22	23	28	23	24	23				25	29	25	24	24	23	51470	24	36684	23	25144	24	16394	23	10942	22	7250	23	26	23	23				25	25	24	24	24	24	26	24	25	36	24	26	24	22	23	22	23	23	23	28	24				28	25	25	25	25	24	51469	25	36879	23	25007	23	16408	22	11076	23	7292	24	26	25	24																																																																																																		
4:55:00	37.0																										71653	24	52197	23	80	23	50033	24	36145	23	23936	23	16150	23	10682	22	6975	23	25	26	21495				27	24	26	24	23	25	25	24	25	23	24	23	23	22	23	22	22	23	23	23	23				72731	24	51697	24	25	23	50616	25	35953	23	23910	23	15560	22	10625	22	6907	23	25	24	21010				28	24	27	24	24	23	26	26	25	24	24	30	23	23	23	22	23	22	23	23	24				74099	24	52575	24	23	23	50192	24	36471	24	24674	23	16236	22	10692	22	6972	22	26	23	20931				26	53	25	25	23	23	26	24	25	23	24	23	23	23	23	22	23	22	23	23	23				24	24	24	25	24	24	49968	39	36441	23	24670	24	16383	22	10992	22	7172	23	26	24	23				30	24	24	24	23	24	26	24	26	28	24	23	23	22	23	22	22	27	23	24	23				24	28	25	24	24	24	51527	24	36760	24	25226	23	16365	22	10924	22	7222	23	25	23	23				25	25	24	24	24	24	26	24	25	36	24	26	23	23	23	23	23	23	24	28	23				28	25	25	25	24	24	51555	26	36813	24	25088	23	16412	22	11067	23	7288	24	25	25	24																																																																																																		
5:00:00	37.0																										71831	24	52264	24	81	23	50121	24	36195	23	24006	23	16108	22	10699	22	7006	23	25	26	21536				28	24	26	23	23	25	25	24	25	23	24	23	23	23	23	22	23	23	22	23	23				73141	24	51933	24	25	24	50678	25	36079	23	24032	23	15620	22	10673	22	6918	23	25	23	21044				27	24	26	24	24	23	25	26	25	24	24	30	23	23	23	22	23	22	23	23	25				73690	24	52611	23	24	23	50381	23	36478	24	24582	22	16276	23	10737	22	6964	22	26	23	20928				26	54	25	24	23	24	26	24	25	24	24	23	23	23	23	22	23	22	23	24	23				24	24	23	25	24	24	50143	39	36575	24	24685	23	16372	22	10998	22	7172	23	25	24	23				30	24	24	24	24	24	25	23	25	27	24	24	24	23	23	22	23	28	23	23	23				24	28	25	24	24	24	51600	25	36753	24	25173	23	16409	23	10944	22	7234	23	26	23	24				25	25	25	25	24	24	26	25	25	36	24	26	24	22	23	22	23	23	23	28	24				28	25	25	25	24	25	51468	26	36901	24	25121	24	16421	23	11046	23	7294	25	26	25	24																																																																																																		
5:05:00	37.0																										71624	23	52064	23	82	23	50124	24	36256	23	24003	23	16127	23	10680	23	6985	23	25	26	21490				27	24	25	24	24	26	25	24	25	23	24	23	23	22	23	22	23	23	23	23	24				73004	24	51767	25	24	24	50806	25	35904	23	23963	23	15543	23	10622	22	6927	23	25	23	21008				28	24	26	24	24	24	25	26	25	24	24	30	23	23	23	22	23	22	23	23	24				74044	24	52641	24	23	24	50447	24	36512	23	24673	23	16193	22	10720	23	6967	22	26	23	20894				26	53	25	24	23	23	26	24	26	24	24	23	23	23	22	23	23	23	23	23	24				24	24	24	25	24	23	50304	39	36562	24	24669	24	16360	22	11011	22	7193	22	26	24	23				30	24	24	24	23	24	25	24	25	27	24	24	24	23	22	22	22	28	23	23	23				25	28	25	24	24	23	51584	24	36726	24	25149	23	16403	23	10945	22	7244	23	26	23	24				26	25	24	25	24	24	26	24	26	36	24	26	24	22	23	23	23	23	23	28	24				28	25	25	25	24	23	51696	26	36871	23	25041	23	16415	23	11084	23	7279	24	26	24	24																																																																																																		
5:10:00	37.0																										71864	24	52339	23	83	23	50302	24	36231	23	23972	23	16105	23	10682	22	7010	23	25	26	21526				27	24	25	24	23	26	25	24	25	23	23	23	23	23	23	22	23	23	22	23	23				72780	25	51725	25	24	24	50588	25	36060	23	24066	23	15606	23	10638	22	6943	22	25	23	21103				28	24	26	24	24	23	25	26	26	24	24	30	23	22	23	22	23	23	23	23	24				74176	24	52927	23	24	23	50567	24	36524	24	24629	23	16251	22	10716	23	6981	22	26	23	20966				27	53	25	24	24	23	26	24	25	23	24	24	23	23	22	22	23	22	23	24	24				24	24	23	25	24	23	50436	39	36716	24	24797	23	16398	23	11020	22	7154	22	25	24	23				30	24	24	23	23	24	25	24	25	27	24	23	23	23	23	22	22	28	23	23	23				24	28	25	24	24	23	51580	25	36816	24	25258	23	16398	23	10958	22	7277	23	25	24	24				25	26	25	24	24	24	26	25	25	36	24	25	23	23	23	22	23	23	24	29	24				28	25	25	25	24	24	51711	25	36861	23	25092	23	16488	23	11076	23	7306	24	26	25	24																																																																																																		
5:15:00	37.0																										71558	24	52239	23	84	24	50264	24	36210	23	23997	22	16146	23	10686	22	6984	23	25	26	21538				27	24	26	24	24	25	24	23	24	23	24	23	23	22	23	22	23	23	22	23	23				72967	24	51687	25	24	24	50573	25	35929	23	23940	23	15598	23	10622	22	6931	22	25	23	21035				28	24	26	24	24	23	25	26	25	24	24	30	23	23	23	22	23	23	23	23	24				73972	24	52736	24	23	23	50562	24	36464	24	24672	23	16231	22	10763	22	6978	22	26	23	20936				26	54	25	24	23	23	26	24	25	23	24	23	23	23	22	22	23	23	23	23	23				24	24	23	25	24	23	50556	39	36591	24	24688	24	16396	23	10978	22	7170	22	26	23	23				30	24	24	23	24	24	25	24	25	27	24	23	24	23	22	22	22	28	23	23	23				24	29	26	24	24	23	51813	24	36874	23	25224	23	16372	23	10931	23	7235	23	25	24	24				26	25	25	24	25	24	26	24	26	37	25	26	24	22	23	23	23	23	23	28	24				28	25	25	25	24	24	51637	26	36936	23	25012	23	16431	23	11086	23	7289	24	26	25	24																																																																																																		
5:20:00	37.0																										71761	24	52254	23	84	23	50245	25	36185	23	24054	23	16105	23	10684	22	6989	23	25	26	21513				27	24	25	23	23	25	25	24	25	23	24	23	23	22	23	22	23	22	22	23	23				73152	24	51735	24	24	23	50669	25	35971	23	23956	23	15550	22	10645	22	6913	23	25	23	21008				28	24	26	24	24	23	25	27	26	24	24	30	23	23	23	22	23	23	23	23	24				74257	24	52666	24	23	23	50574	24	36445	24	24742	23	16277	23	10745	23	6965	22	26	23	20915				26	54	25	24	24	24	26	24	25	23	25	23	23	23	23	23	23	22	23	23	23				24	23	23	25	24	24	50746	39	36550	24	24710	23	16366	23	11002	22	7171	22	26	23	23				30	24	24	24	23	24	26	24	25	28	24	23	24	23	23	23	22	28	23	23	23				24	29	25	25	24	24	51493	24	36917	23	25236	24	16369	23	10891	22	7267	23	25	23	23				25	25	24	24	24	24	26	24	25	37	24	26	23	23	23	22	23	23	23	28	24				28	24	25	25	24	24	51735	25	36927	24	25101	23	16447	23	11110	23	7300	24	26	25	24																																																																																																		
5:25:00	37.0																										71808	24	52173	23	85	23	50195	24	36247	23	24091	23	16167	23	10646	22	7000	23	25	26	21577				27	24	26	24	23	25	25	24	25	23	24	23	23	23	23	22	23	22	23	24	23				73151	24	51863	24	24	23	50765	25	35907	23	24042	23	15638	23	10685	22	6937	23	25	23	21135				28	24	26	24	24	23	25	26	25	23	24	30	23	23	23	23	23	23	23	23	24				74266	24	52789	24	23	23	50774	24	36548	24	24667	23	16294	23	10740	23	6971	22	26	23	20976				26	54	25	25	24	24	26	24	25	24	24	23	23	22	22	22	22	22	24	23	23				24	24	23	25	24	23	50792	39	36706	24	24729	23	16382	22	11026	22	7173	22	26	23	23				30	24	24	24	23	24	26	24	25	28	24	23	24	22	23	22	23	28	23	23	23				24	29	25	24	24	24	51512	24	36793	24	25206	24	16424	23	10936	23	7239	23	26	24	24				25	25	24	24	24	24	26	24	25	36	25	27	24	23	24	23	23	23	23	28	24				28	25	25	24	24	24	51922	26	36988	23	25069	23	16451	23	11065	23	7289	24	26	25	24																																																																																																		
5:30:00	37.0																										72110	24	52373	23	86	23	50444	24	36260	23	23968	23	16174	23	10719	22	6988	23	26	27	21589				28	24	26	24	23	26	25	24	26	23	24	23	23	23	23	22	22	22	23	23	24				73480	25	51918	25	24	23	50783	25	36080	24	24031	23	15569	23	10628	22	6926	23	25	23	21181				27	24	26	23	24	23	25	26	25	23	24	30	23	23	23	23	23	23	23	23	25				74365	24	52763	24	23	23	50616	24	36470	24	24718	23	16278	22	10736	23	6946	22	26	24	20946				26	54	25	24	23	23	25	24	26	23	24	23	24	23	23	22	23	23	24	23	23				24	24	23	25	24	23	50716	39	36654	24	24782	24	16376	23	11028	22	7213	22	26	24	23				30	24	24	24	23	24	25	24	25	27	24	23	24	23	23	23	22	28	23	24	23				25	28	25	25	24	23	51479	24	36893	24	25152	24	16363	22	10915	22	7240	24	26	24	24				25	25	24	24	25	24	26	24	25	37	24	26	24	23	23	22	23	23	23	28	24				28	24	25	25	25	24	51895	26	36940	23	25147	23	16371	23	11049	23	7270	24	26	25	24																																																																																																		
5:35:00	37.0																										71950	24	52428	23	87	23	50098	24	36310	23	24020	23	16156	22	10681	23	7007	23	25	27	21603				28	23	26	24	24	25	25	24	24	23	24	23	23	23	23	22	23	22	22	24	23				73465	24	52105	24	24	24	50955	25	36080	23	24053	23	15578	23	10644	23	6955	23	25	24	21075				28	24	26	24	24	23	25	26	25	23	24	30	23	23	23	22	23	23	22	23	24				74483	24	52808	24	24	23	50684	24	36536	24	24649	23	16287	22	10724	23	6997	22	26	24	20930				26	54	25	24	24	23	25	24	25	23	24	23	23	22	23	22	23	23	23	23	23				24	24	24	25	24	24	50733	39	36767	24	24759	23	16409	23	11025	22	7170	23	26	24	23				30	24	24	23	23	24	25	25	25	27	24	24	24	23	23	22	23	28	23	24	23				24	28	25	24	24	23	51583	24	36840	24	25253	23	16325	23	10944	22	7260	23	25	23	24				26	25	24	24	25	24	27	24	25	36	24	26	23	23	23	22	24	23	23	28	24				27	25	25	25	24	25	52330	25	37066	24	25131	23	16484	22	11111	23	7294	24	26	24	24																																																																																																		
5:40:00	37.0																										72367	24	52603	23	88	23	50332	24	36516	23	24072	23	16171	23	10696	22	7009	23	25	26	21668				28	24	26	24	24	25	25	24	25	23	24	23	23	23	23	22	22	23	22	23	23				73374	24	51915	25	24	24	50893	26	36016	23	24020	23	15629	23	10707	22	6910	23	25	23	21087				28	24	26	24	24	23	25	26	25	23	23	30	23	22	23	22	23	23	23	23	25				74363	25	52757	24	24	23	50774	24	36612	24	24806	23	16280	23	10732	22	6976	22	26	23	21060				26	54	26	24	24	23	26	24	26	24	24	24	23	23	22	22	23	23	23	24	23				24	24	24	26	24	23	50876	39	36773	24	24745	23	16418	23	11018	22	7196	22	26	24	23				30	23	24	23	23	25	25	24	25	27	24	23	24	22	22	22	23	27	23	24	23				24	28	25	25	24	24	51605	24	37011	24	25199	24	16369	24	10932	23	7263	23	26	23	24				26	25	24	24	24	23	26	24	25	36	24	26	23	23	23	23	23	23	23	28	24				28	25	25	25	25	24	51893	26	37097	24	25168	23	16440	23	11120	23	7303	24	26	25	25																																																																																																		
5:45:00	37.0																										72510	24	52521	24	89	24	50356	24	36345	23	24045	23	16152	23	10717	22	7001	24	25	26	21612				27	24	26	24	24	25	25	24	25	24	24	23	23	23	23	23	23	22	22	24	24				73555	25	52023	24	24	24	50853	25	36071	23	24119	23	15626	23	10631	22	6939	23	25	23	21086				28	24	26	24	24	23	25	26	25	24	24	31	23	23	23	23	23	23	23	23	25				74320	25	52709	24	24	23	50583	24	36672	24	24702	23	16309	23	10710	22	6979	22	26	23	20987				26	54	25	24	24	23	26	24	25	23	24	23	23	22	23	22	22	22	24	24	23				24	24	24	26	24	24	50943	39	36938	24	24737	23	16453	22	11064	22	7185	23	25	24	23				30	25	24	24	23	24	25	24	25	28	24	24	24	23	23	22	23	28	23	23	23				24	28	25	24	24	24	51768	24	36958	23	25249	23	16334	23	10955	22	7268	23	26	23	23				25	25	25	24	25	24	26	25	25	37	24	26	23	22	23	22	23	24	23	28	23				28	25	25	25	24	24	51897	26	37139	24	25167	24	16540	23	11052	23	7304	25	26	25	24																																																																																																		
5:50:00	37.0																										72007	24	52283	23	90	23	50384	24	36321	23	23994	23	16166	23	10746	22	6993	23	25	27	21550				28	23	26	24	24	25	24	24	25	23	24	23	23	23	23	22	23	22	23	23	24				73599	24	51927	24	25	24	50910	25	36138	23	24049	23	15570	23	10668	22	6916	23	25	23	21098				28	25	26	24	24	24	26	26	25	23	24	30	24	23	23	22	23	22	23	23	24				74538	24	52701	24	23	23	50756	24	36510	24	24751	22	16379	22	10707	22	6960	22	26	24	20918				26	54	25	24	23	23	26	24	25	24	24	23	23	23	23	22	23	22	23	24	23				24	24	24	25	24	24	50992	39	36741	24	24713	23	16425	23	11071	22	7225	22	26	24	23				31	24	24	23	23	25	25	24	25	27	24	23	24	22	22	23	23	28	23	24	23				24	29	25	25	24	24	51720	24	37063	23	25258	24	16406	23	10916	22	7288	23	26	24	24				26	25	24	24	24	24	26	24	26	37	25	25	23	22	23	22	23	23	23	28	24				27	25	25	25	24	24	51799	25	37052	23	25195	24	16458	23	11100	23	7306	24	27	25	24																																																																																																		
5:55:00	37.0																										72510	24	52262	23	91	23	50443	24	36316	23	24080	23	16149	23	10686	22	7024	23	25	26	21692				28	24	26	23	24	26	25	25	25	23	24	22	23	23	23	22	22	22	22	24	24				73751	24	51818	24	24	23	50915	26	36032	24	23980	23	15679	23	10677	23	6967	23	25	23	21154				28	24	26	24	24	24	25	26	25	24	24	30	24	23	23	22	23	23	23	23	24				74732	24	52774	23	24	23	50918	24	36581	24	24785	23	16331	23	10690	23	6981	22	26	24	20905				26	54	26	25	24	24	26	24	25	24	24	23	23	23	22	22	22	23	23	23	24				24	25	24	25	24	23	51227	40	37062	24	24778	24	16410	23	11078	22	7189	22	26	24	23				30	24	24	24	23	25	26	24	25	28	24	23	24	23	23	22	22	27	23	24	23				25	29	25	25	24	24	51835	24	36874	24	25270	24	16424	24	10944	22	7277	23	26	23	23				26	25	25	24	25	24	26	25	25	36	24	26	24	23	23	22	23	23	24	28	24				28	24	25	25	24	24	52082	25	37243	24	25282	24	16484	22	11105	23	7294	24	26	25	24																																																																																																		
6:00:00	37.0																										72330	24	52401	23	92	23	50332	24	36381	23	24048	22	16199	22	10714	23	7025	23	25	27	21644				28	24	26	24	23	26	25	24	25	23	24	23	23	23	23	23	23	22	22	24	24				73923	25	52036	24	25	23	51003	25	36160	23	24061	23	15643	23	10710	23	6938	23	25	23	21086				28	24	27	24	24	23	25	26	25	23	24	31	23	23	22	23	24	22	24	23	25				74768	25	52865	23	23	24	50843	24	36734	24	24772	23	16326	22	10744	23	6995	22	26	23	20880				26	54	25	24	24	23	26	24	25	24	24	23	23	23	23	22	23	23	23	23	23				24	24	23	25	24	24	51322	39	36862	24	24871	24	16425	23	11074	22	7221	23	26	24	23				30	25	24	23	24	24	26	24	25	28	24	24	24	23	23	22	23	27	23	23	23				24	29	25	25	24	24	51445	24	36882	24	25303	23	16374	24	10964	22	7289	23	25	24	24				25	25	24	25	24	24	26	24	25	37	24	26	24	23	23	22	23	23	23	28	24				28	25	25	25	24	24	52065	26	37089	23	25264	24	16419	23	11108	24	7292	24	26	25	24																																																																																																		

CDK

	Protocol		PURE Timeseries
Experiment File Name:	20251124-cytation3-pure-timecourse-gfp-NIST-standards-PURExpress-plamGFP-deGFP.xpt		
Experiment File Path:	C:\Users\bnext\Documents\Biotek\experiments\20251124-cytation3-pure-timecourse-gfp-NIST-standards-PURExpress-plamGFP-deGFP.xpt		
Protocol File Name:	cytation3-pure-timecourse-gfp		
Protocol File Path:	C:\Users\bnext\Documents\Biotek\protocols\cytation3_protocols\cytation3-pure-timecourse-gfp.prt		
Reading Date/Time:	11/24/2025 10:49:02 AM		
Plate ID:			
Barcode:			
Reader Serial Number:	130723A		
Plate Comment:			

Procedure Summary

Plate Type	Greiner 384 SV NoBind AutoMap (Use plate lid)
Well Selection	Runtime
Eject plate on completion	
Set Temperature	Temperature:  Setpoint 37 °C
Start Kinetic	Start Kinetic [Run 6:00:00, Interval 0:05:00]
Read	Read:  GFP-F-G35 (F) 485/20,528/20
Read	Read:  GFP-M-G100 (F) 485,528
End Kinetic	End Kinetic
Set Temperature	Temperature:  Off

PURE:GFP-F-G35

Time	T	A1	A2	A3	A4	A5	A6	A7	A8	A9	A10	A11	A12	A13	A14	A15	A16	A17	A18	A19	A20	A21	A22	A23	A24	B1	B2	B3	B4	B5	B6	B7	B8	B9	B10	B11	B12	B13	B14	B15	B16	B17	B18	B19	B20	B21	B22	B23	B24	C1	C2	C3	C4	C5	C6	C7	C8	C9	C10	C11	C12	C13	C14	C15	C16	C17	C18	C19	C20	C21	C22	C23	C24	D1	D2	D3	D4	D5	D6	D7	D8	D9	D10	D11	D12	D13	D14	D15	D16	D17	D18	D19	D20	D21	D22	D23	D24	E1	E2	E3	E4	E5	E6	E7	E8	E9	E10	E11	E12	E13	E14	E15	E16	E17	E18	E19	E20	E21	E22	E23	E24	F1	F2	F3	F4	F5	F6	F7	F8	F9	F10	F11	F12	F13	F14	F15	F16	F17	F18	F19	F20	F21	F22	F23	F24	G1	G2	G3	G4	G5	G6	G7	G8	G9	G10	G11	G12	G13	G14	G15	G16	G17	G18	G19	G20	G21	G22	G23	G24	H1	H2	H3	H4	H5	H6	H7	H8	H9	H10	H11	H12	H13	H14	H15	H16	H17	H18	H19	H20	H21	H22	H23	H24	I1	I2	I3	I4	I5	I6	I7	I8	I9	I10	I11	I12	I13	I14	I15	I16	I17	I18	I19	I20	I21	I22	I23	I24	J1	J2	J3	J4	J5	J6	J7	J8	J9	J10	J11	J12	J13	J14	J15	J16	J17	J18	J19	J20	J21	J22	J23	J24	K1	K2	K3	K4	K5	K6	K7	K8	K9	K10	K11	K12	K13	K14	K15	K16	K17	K18	K19	K20	K21	K22	K23	K24	L1	L2	L3	L4	L5	L6	L7	L8	L9	L10	L11	L12	L13	L14	L15	L16	L17	L18	L19	L20	L21	L22	L23	L24	M1	M2	M3	M4	M5	M6	M7	M8	M9	M10	M11	M12	M13	M14	M15	M16	M17	M18	M19	M20	M21	M22	M23	M24	N1	N2	N3	N4	N5	N6	N7	N8	N9	N10	N11	N12	N13	N14	N15	N16	N17	N18	N19	N20	N21	N22	N23	N24	O1	O2	O3	O4	O5	O6	O7	O8	O9	O10	O11	O12	O13	O14	O15	O16	O17	O18	O19	O20	O21	O22	O23	O24	P1	P2	P3	P4	P5	P6	P7	P8	P9	P10	P11	P12	P13	P14	P15	P16	P17	P18	P19	P20	P21	P22	P23	P24
0:00:00	23.3																										44	25	149	25	42	24	49643	26	36297	24	24086	24	15992	24	10639	23	6901	24	24	32	21874				26	25	25	25	25	24	26	25	26	25	25	24	25	24	24	24	25	24	23	26	25				44	25	152	26	26	25	51132	27	35922	25	24329	24	15870	24	10623	24	6963	24	24	24	21756				26	26	26	25	26	24	26	28	27	25	26	32	25	24	24	24	24	25	25	24	26				45	26	164	26	25	25	51702	26	37731	25	25237	24	16407	24	10873	24	7196	24	27	25	21828				26	55	26	25	25	25	27	25	27	25	25	25	25	24	24	23	24	24	25	25	26				26	25	25	26	25	24	53466	42	38584	26	25966	25	16912	24	11251	23	7274	24	25	25	25				31	26	25	26	25	26	27	26	26	29	26	25	25	24	24	24	24	31	25	25	24				26	30	27	26	26	25	54602	26	39417	26	26835	25	17269	24	11510	24	7503	25	25	25	26				27	27	26	26	26	25	27	26	27	39	26	27	25	24	24	24	24	24	24	30	25				29	26	26	27	26	26	54819	27	39975	25	27219	25	17514	24	11989	24	7788	25	25	26	25																																																																																																		
0:05:00	28.0																										44	25	231	25	42	25	52716	26	38860	25	25733	24	17088	24	11439	24	7373	25	24	32	23175				26	26	26	25	25	25	27	26	26	25	25	24	25	24	24	24	24	24	24	25	25				45	26	234	25	26	25	54180	27	38158	25	26080	24	16951	24	11439	24	7510	24	25	25	23275				26	26	26	25	26	25	27	28	26	25	26	32	24	24	24	24	24	24	25	24	26				45	26	249	26	25	24	55002	26	40369	25	26775	24	17456	24	11626	24	7570	24	27	24	23056				26	53	26	25	25	25	28	26	27	25	26	25	25	24	24	24	24	24	25	25	25				26	25	25	26	26	24	55408	42	40551	26	27261	26	17878	24	11855	23	7713	24	25	25	24				31	26	25	25	25	26	27	25	27	29	26	25	25	24	24	24	24	31	25	25	24				26	30	27	26	26	25	56391	26	40905	25	28035	25	18021	24	11982	24	7817	24	26	25	26				27	27	26	26	26	25	28	26	26	39	26	28	25	24	24	24	24	25	25	30	25				29	26	26	26	26	26	56377	27	40962	25	27847	25	18049	24	12204	24	7967	26	25	26	26																																																																																																		
0:10:00	31.5																										44	25	364	24	41	24	52629	25	38595	24	25638	24	17058	24	11368	23	7351	24	24	30	22997				25	25	25	25	24	24	26	25	26	24	26	24	24	23	24	23	24	23	23	25	25				44	25	365	25	25	25	53667	26	38151	25	25990	24	16930	24	11394	23	7450	24	24	24	22952				26	25	26	25	25	24	26	28	27	25	25	31	24	24	23	24	24	24	24	24	27				44	25	386	25	25	24	54465	25	40018	25	26699	24	17292	24	11555	24	7514	23	27	25	22827				26	49	25	26	24	25	27	25	26	24	26	25	24	24	24	23	24	24	25	25	24				25	26	24	26	25	24	54914	42	40009	26	26963	25	17693	24	11750	24	7635	24	25	25	24				31	26	25	25	25	26	27	25	27	29	26	25	24	24	24	23	24	31	24	24	24				26	29	27	25	25	25	55958	25	40294	25	27643	25	17807	24	11785	23	7767	24	26	24	26				27	26	26	25	26	25	28	25	27	39	26	28	25	24	24	24	24	24	24	30	25				29	26	26	26	26	25	55623	27	40289	25	27560	25	17759	24	12083	24	7929	25	25	26	25																																																																																																		
0:15:00	34.2																										44	24	626	24	40	24	52111	25	38088	23	25335	24	16889	23	11284	23	7313	24	23	30	22850				25	24	25	24	25	24	26	25	26	24	25	24	24	23	23	24	24	23	23	24	24				43	25	626	25	25	25	53326	26	37836	25	25746	24	16792	24	11346	24	7354	24	24	24	22824				26	25	25	25	25	24	26	27	26	25	25	31	25	24	23	24	24	24	24	24	26				44	25	661	25	24	25	53883	25	39213	25	26414	24	17153	23	11435	23	7480	23	25	24	22454				26	47	25	25	24	25	27	25	26	24	25	24	24	24	24	24	23	23	24	24	25				25	25	24	26	25	24	54437	41	39573	25	26615	25	17464	24	11704	23	7618	24	24	25	24				31	25	25	25	25	25	27	25	26	28	25	25	24	24	24	23	23	30	24	24	24				26	29	26	26	25	25	55049	25	39785	25	27269	24	17764	24	11675	24	7669	24	25	24	25				26	25	25	25	25	25	27	25	26	38	26	27	24	24	24	23	24	24	24	30	24				28	26	25	26	26	25	54491	27	39845	25	27130	25	17675	23	11989	24	7881	25	24	26	25																																																																																																		
0:20:00	36.3																										43	24	1203	24	40	24	51957	25	38004	24	25244	23	16841	23	11199	23	7327	24	23	29	22683				25	24	25	25	24	24	26	25	26	24	25	24	24	23	23	23	24	23	23	25	24				43	25	1195	25	24	25	52840	26	37419	24	25453	24	16684	23	11255	23	7389	23	23	24	22545				25	25	25	25	25	24	26	27	26	24	25	31	24	23	23	24	24	23	24	24	25				44	25	1252	24	24	24	52526	25	38762	25	26173	24	17065	24	11432	24	7434	23	25	24	22198				26	45	25	25	24	24	27	24	26	24	25	24	24	24	23	23	23	23	24	24	24				26	25	24	26	25	25	52972	41	38733	25	26351	24	17299	23	11606	23	7533	23	24	24	24				31	25	25	24	24	25	27	25	26	28	26	25	24	24	23	23	23	30	23	24	23				25	29	26	25	25	24	53747	25	38785	24	26913	24	17381	24	11550	23	7649	24	24	24	25				26	26	25	25	26	25	27	25	26	38	25	27	24	23	24	23	24	24	24	29	24				28	25	26	26	25	25	53140	26	38799	25	26606	24	17389	23	11822	23	7763	25	25	25	25																																																																																																		
0:25:00	37.0																										45	24	2329	23	40	23	51553	25	37514	24	25092	23	16708	23	11141	23	7253	24	23	28	22419				25	24	25	24	24	24	26	25	25	24	24	23	24	23	23	23	23	23	23	24	24				44	25	2304	25	25	25	51792	26	36798	24	24924	24	16414	24	11146	23	7300	23	24	24	22230				26	25	25	24	25	24	26	27	26	24	25	31	24	23	23	23	23	23	24	24	25				45	25	2382	24	24	24	51569	24	37796	24	25497	23	16948	23	11315	23	7406	23	25	24	22042				25	44	24	25	24	24	27	25	26	24	25	24	24	24	23	23	23	23	24	24	24				25	25	24	26	24	24	51649	40	37533	24	25422	24	17025	23	11423	23	7478	23	24	24	24				30	25	24	24	24	25	26	25	26	28	25	24	24	23	23	23	23	29	24	24	23				25	28	26	25	25	24	52467	25	37650	25	26051	24	17206	24	11443	23	7586	24	24	24	25				26	26	25	25	25	25	27	25	26	38	25	27	24	23	24	23	24	23	24	29	24				28	25	25	25	25	25	52084	26	37887	24	25781	24	17180	23	11674	23	7755	25	24	25	25																																																																																																		
0:30:00	37.0																										52	24	4211	24	40	24	51247	25	37129	24	24776	23	16515	23	11065	23	7240	24	23	28	22280				25	24	25	24	24	25	26	25	25	24	25	23	23	23	23	23	23	23	23	24	24				52	25	4152	25	25	25	50631	26	35913	24	24067	24	15829	24	10885	23	7207	23	23	24	22015				25	24	25	24	24	24	25	27	26	24	25	31	23	23	23	23	24	23	24	24	25				53	25	4201	24	24	24	50402	24	36391	25	24609	23	16221	23	11099	23	7337	23	26	24	21945				25	43	25	25	25	24	26	25	25	24	25	24	24	24	23	23	24	23	24	24	24				24	25	24	26	25	24	50540	40	36611	25	24852	24	16595	23	11186	22	7358	23	24	24	24				31	24	24	24	24	25	26	24	26	28	25	24	24	23	23	23	23	29	24	24	23				25	28	25	25	25	24	51491	25	37007	24	25468	24	16806	23	11278	23	7485	24	24	24	25				26	26	25	25	25	25	27	25	26	37	25	27	24	23	23	23	23	24	24	29	24				28	26	25	26	25	25	51145	26	37249	24	25412	24	16815	24	11456	23	7626	24	24	25	24																																																																																																		
0:35:00	37.0																										90	24	6778	24	41	24	50934	24	36534	23	24314	23	16267	23	10823	23	7229	23	23	27	22201				25	24	24	24	24	24	25	25	25	24	24	23	23	23	23	23	23	23	23	24	24				92	25	6648	25	25	25	49767	26	35034	24	23517	23	15408	24	10587	23	7063	23	24	24	21881				25	24	25	24	25	24	26	27	25	24	25	31	24	23	23	23	24	23	24	24	25				95	25	6719	24	24	24	48919	24	35047	24	23779	24	15798	23	10793	23	7221	23	25	24	21581				25	44	24	25	24	24	27	24	25	24	25	24	24	23	24	23	23	23	24	24	24				25	25	24	26	24	24	49061	40	35373	25	24236	24	16252	23	10942	23	7301	24	24	24	24				30	25	24	24	24	25	26	24	26	28	25	24	24	23	23	23	23	29	24	24	23				25	29	26	25	25	24	50883	25	36501	24	24972	24	16664	24	11192	23	7408	24	24	24	25				26	25	25	25	25	24	27	25	26	38	25	27	24	23	23	23	23	24	24	29	24				28	25	25	26	25	25	50744	26	36966	25	25189	24	16715	23	11377	24	7578	25	24	26	24																																																																																																		
0:40:00	37.0																										265	24	9830	24	41	24	50947	24	36395	24	24228	23	16216	24	10826	23	7199	23	23	27	22181				24	24	24	24	24	24	25	25	25	24	25	23	24	23	23	22	23	23	23	24	24				279	25	9636	25	25	25	48765	26	34636	24	22903	23	15105	23	10453	23	6980	23	24	24	21826				26	25	25	24	24	24	26	27	25	24	24	31	24	23	23	23	23	23	24	24	25				287	25	9708	24	24	24	47580	24	34004	24	22987	24	15323	23	10525	23	7136	23	25	24	21622				25	44	24	25	24	24	26	24	26	24	25	23	24	23	23	23	23	23	24	24	24				25	25	24	25	25	24	47504	40	34378	24	23543	25	15887	23	10892	23	7239	23	24	24	24				30	25	25	24	24	25	26	25	26	28	24	24	24	23	23	23	23	29	23	24	23				25	28	26	25	25	24	50081	25	35970	25	24713	24	16443	24	11145	23	7381	24	24	24	25				26	26	24	25	25	25	27	25	25	37	25	27	24	23	23	23	23	24	24	29	25				29	26	25	26	25	25	50641	26	36637	24	24913	24	16616	24	11376	24	7566	25	25	26	25																																																																																																		
0:45:00	37.0																										819	24	13059	24	42	24	50502	24	36305	24	24063	23	16059	23	10774	23	7149	23	24	27	22117				25	24	25	24	24	24	26	24	25	24	25	23	23	23	23	22	23	23	23	24	24				855	25	12788	24	25	24	48284	26	34182	24	22525	24	14863	24	10332	23	6936	23	23	24	21692				25	24	25	24	24	24	26	27	25	24	24	31	23	23	23	23	23	23	24	24	25				878	25	12894	24	24	24	46501	25	33284	25	22382	23	14905	23	10327	23	7055	23	25	24	21493				25	44	24	25	24	24	26	25	26	24	25	23	24	23	23	23	23	23	24	24	23				25	24	24	26	25	24	46544	40	33591	24	22936	24	15630	23	10772	23	7211	23	25	24	23				31	25	24	24	24	25	26	25	25	28	25	24	24	23	23	23	23	30	24	24	23				25	29	25	25	25	24	49280	25	35607	24	24648	24	16456	24	11101	23	7348	24	24	24	25				26	26	25	25	25	24	27	25	26	37	25	27	24	23	23	23	24	24	24	29	25				28	26	25	25	25	25	50421	26	36605	24	24973	24	16543	24	11314	24	7547	24	24	25	24																																																																																																		
0:50:00	37.0																										2057	24	16226	24	43	24	50558	25	36324	24	24105	23	16086	23	10754	23	7109	24	24	27	22060				25	24	25	24	24	24	25	24	25	24	25	23	24	23	23	23	23	23	23	24	24				2133	25	15971	25	25	24	47715	26	33818	24	22187	24	14798	23	10292	23	6918	23	24	24	21653				25	25	25	24	24	24	25	27	26	24	24	30	24	24	23	23	23	24	24	24	25				2175	25	16066	25	24	24	45543	25	32419	24	21868	24	14681	23	10172	23	7037	22	26	24	21494				25	44	25	25	23	24	26	24	26	24	25	24	24	23	23	23	23	23	24	24	24				24	25	24	25	25	24	45410	40	32806	25	22495	24	15401	23	10719	22	7194	23	25	24	24				31	25	24	24	24	24	26	25	25	28	25	24	24	23	23	23	23	29	24	24	24				25	29	26	25	25	24	48839	25	35241	24	24621	24	16387	23	11137	23	7313	24	25	24	25				26	25	25	25	25	24	27	25	26	38	25	27	24	23	23	23	23	24	23	29	24				29	25	25	25	24	25	50512	26	36460	24	24929	24	16571	24	11344	24	7517	25	25	25	24																																																																																																		
0:55:00	37.0																										4196	24	19401	24	43	24	50435	25	36291	23	24141	23	16097	23	10780	23	7118	23	24	27	22110				25	24	25	24	24	24	25	24	26	24	24	23	24	23	23	23	23	23	23	24	24				4309	24	19103	24	25	24	47598	26	33487	24	22153	23	14745	23	10304	23	6910	23	24	24	21624				25	24	25	24	24	24	25	27	26	24	25	31	23	23	23	23	24	23	24	24	25				4390	25	19216	24	24	24	45068	25	31860	24	21533	23	14466	23	10144	23	7024	22	25	24	21394				25	44	25	25	25	24	26	25	26	24	25	24	24	23	23	23	23	23	24	24	24				24	24	24	26	25	24	44658	39	32335	24	22107	24	15274	23	10677	23	7210	24	25	25	23				30	25	25	24	24	25	26	25	26	28	25	24	24	23	24	23	23	29	24	24	24				25	29	25	25	25	24	48591	25	35130	24	24400	24	16394	23	11115	23	7328	23	25	24	24				26	26	25	25	25	24	27	25	26	37	25	27	24	23	23	23	24	23	24	29	24				28	25	26	25	25	25	50500	26	36509	24	24892	24	16561	23	11340	23	7508	24	25	25	24																																																																																																		
1:00:00	36.9																										7225	24	22405	24	45	23	50540	25	36274	23	24221	23	16174	23	10807	23	7116	23	24	27	21956				25	24	25	24	24	24	25	25	25	23	25	23	23	23	23	23	23	23	23	24	24				7402	25	22058	25	25	24	47215	25	33404	24	21832	23	14682	23	10281	23	6951	23	24	23	21670				25	24	25	25	25	24	25	26	25	24	25	31	24	23	23	23	24	23	24	24	25				7538	25	22185	24	24	24	44184	25	31454	24	21247	23	14234	23	10109	23	7024	23	25	24	21359				25	45	25	25	24	24	26	25	26	24	25	24	24	24	24	23	23	23	24	24	24				24	24	24	25	24	23	44114	40	31682	25	21879	24	15114	23	10689	22	7198	23	24	24	23				31	25	24	24	24	25	26	25	26	28	25	24	24	23	23	23	23	29	24	24	24				25	29	26	25	25	25	48604	25	35014	24	24462	24	16328	23	11104	23	7353	24	24	24	24				25	26	25	25	25	25	27	25	26	37	25	26	24	23	23	22	24	23	24	29	24				28	25	25	25	25	25	50509	26	36442	24	24749	24	16546	24	11323	24	7532	24	25	25	24																																																																																																		
1:05:00	37.0																										11033	25	25124	23	45	24	50660	25	36111	23	24195	24	16148	23	10800	23	7154	24	24	27	21890				25	24	25	24	23	24	26	25	25	23	24	23	23	23	23	23	23	23	23	24	23				11243	25	24728	25	25	24	47054	26	33305	24	21806	24	14625	23	10311	23	6961	23	24	23	21604				26	24	26	24	25	24	25	26	25	24	25	31	23	23	23	23	23	23	23	24	25				11443	25	24976	24	24	24	43764	24	31138	24	21062	23	14121	23	10077	23	7038	22	25	24	21371				25	44	25	25	24	24	26	24	26	24	25	24	23	23	24	23	23	23	24	24	24				25	24	24	25	25	24	43781	40	31457	25	21718	24	15061	23	10676	23	7192	22	24	24	24				30	24	25	24	24	25	26	25	26	28	25	24	24	23	23	23	23	29	24	24	24				25	29	25	25	25	24	48316	24	34968	24	24515	24	16344	23	11122	23	7327	24	25	24	24				26	26	25	25	25	24	27	25	26	37	26	26	24	23	23	23	23	24	24	29	24				29	25	25	26	25	25	50388	26	36517	24	24943	24	16541	23	11328	23	7461	24	24	25	24																																																																																																		
1:10:00	37.0																										15280	25	27787	24	46	24	50286	25	36264	24	24140	23	16187	23	10823	22	7116	23	24	26	21939				25	24	25	24	24	25	26	25	25	24	25	23	24	23	23	23	23	24	23	24	23				15612	25	27342	25	24	24	47083	26	33262	24	21813	24	14668	23	10371	23	6971	23	24	24	21469				26	25	26	24	25	23	25	26	25	24	25	31	23	23	23	23	23	23	24	24	25				15741	24	27706	24	24	23	43204	25	30810	24	20760	23	14100	23	10059	23	7059	23	25	24	21329				25	45	25	25	24	24	26	24	25	24	24	24	24	23	23	22	23	23	24	24	24				24	25	24	26	24	24	43277	40	31053	25	21575	24	15001	23	10680	23	7225	23	25	24	24				31	25	25	24	24	25	26	25	26	28	25	24	24	23	23	23	22	29	23	24	23				25	29	26	25	25	23	48137	25	34973	24	24527	24	16420	24	11126	23	7330	24	25	24	25				26	26	25	25	25	25	27	24	25	37	25	26	24	23	23	23	24	24	24	28	24				28	25	25	25	25	24	50691	26	36407	24	24956	24	16556	24	11339	24	7494	24	25	25	24																																																																																																		
1:15:00	37.0																										19754	24	30216	24	46	24	50518	24	36322	23	24252	23	16188	23	10800	23	7128	23	24	27	21811				25	24	25	24	24	25	26	24	26	24	24	23	23	23	23	22	23	24	23	24	24				20145	24	29854	24	25	24	47210	25	33179	24	21757	23	14650	23	10377	23	6950	23	24	24	21435				26	24	25	24	24	24	25	27	25	24	24	31	24	23	23	23	23	23	23	24	25				20417	24	30183	24	24	23	43078	25	30561	24	20676	23	13936	23	10027	23	7073	22	26	24	21276				25	45	25	25	24	24	26	24	26	24	25	24	23	23	23	23	23	22	24	24	24				25	25	24	26	24	23	42863	39	31013	24	21482	24	15004	23	10731	22	7202	23	25	24	24				30	25	24	24	23	25	26	25	25	28	25	24	24	23	23	22	23	29	24	24	23				25	29	25	25	25	24	47996	25	34779	25	24429	24	16389	23	11088	23	7331	23	24	23	24				26	26	25	25	25	24	26	24	26	37	25	26	24	23	23	22	23	23	24	28	24				28	25	25	25	25	25	50713	26	36408	24	24893	24	16543	23	11337	24	7459	25	25	26	24																																																																																																		
1:20:00	37.0																										24323	24	32429	24	47	24	50409	25	36157	24	24161	23	16183	23	10828	23	7145	23	24	26	21834				25	24	26	24	24	25	25	25	25	24	24	23	23	23	23	22	24	23	23	24	24				24624	25	31911	25	25	24	47170	26	33131	24	21766	24	14688	23	10406	23	6952	23	24	24	21401				26	25	26	24	24	24	26	26	25	24	24	31	23	23	23	23	23	23	23	23	25				24875	25	32280	24	24	24	42879	24	30475	24	20540	23	13983	23	10060	23	7069	23	26	23	21345				25	45	25	24	24	23	26	25	25	24	24	24	23	23	23	22	23	23	24	24	24				25	24	24	26	24	24	42512	40	30547	24	21351	23	14996	23	10727	23	7193	23	25	24	24				30	25	24	24	24	25	25	24	25	28	24	24	24	23	23	23	23	28	23	24	23				25	29	26	25	25	24	48079	25	34875	24	24377	23	16430	23	11121	23	7309	23	24	23	24				26	26	24	24	25	24	26	25	25	37	25	26	24	23	23	23	24	24	24	28	24				28	26	26	25	25	25	50666	26	36398	24	24887	24	16456	23	11274	23	7419	24	24	25	24																																																																																																		
1:25:00	37.0																										28652	24	34497	24	48	23	50446	25	36287	23	24163	23	16226	23	10822	23	7107	23	24	26	21849				26	24	26	24	24	25	25	25	25	24	25	23	23	23	23	23	23	23	23	24	23				28857	25	33957	25	25	24	47047	25	33160	24	21792	23	14755	23	10460	23	6978	23	24	24	21461				26	24	26	24	24	24	25	26	25	24	24	31	23	23	23	23	24	23	24	23	25				29348	25	34326	25	23	23	42538	24	30288	23	20353	23	13966	23	10084	23	7067	23	25	24	21233				25	45	25	25	24	23	26	24	26	24	24	24	24	23	23	22	23	23	23	24	24				25	24	24	25	24	24	42232	40	30431	25	21237	24	15005	23	10726	22	7194	23	24	24	24				30	25	24	24	23	25	26	24	25	28	25	24	24	23	23	23	23	28	23	23	24				25	28	26	24	24	24	47905	24	34933	24	24511	24	16433	24	11068	23	7290	24	25	23	24				25	25	25	25	25	24	27	25	25	37	25	26	24	23	23	23	23	23	23	29	24				28	26	25	25	25	24	50681	26	36558	24	24854	24	16496	23	11243	23	7422	25	25	25	24																																																																																																		
1:30:00	37.0																										32701	24	36139	24	48	24	50636	25	36371	23	24191	23	16176	23	10786	22	7101	23	24	26	21815				26	24	25	24	24	26	25	24	25	23	24	23	23	23	23	23	23	23	22	24	24				33012	24	35799	25	25	24	47381	26	33109	24	21866	23	14799	23	10538	23	7013	24	24	23	21388				27	24	26	24	25	23	25	26	25	24	24	31	23	23	23	23	23	23	23	24	25				33571	25	36256	23	24	23	42234	24	30076	24	20388	23	13952	23	10083	23	7079	22	25	24	21174				25	45	25	24	24	24	26	24	26	23	24	23	23	23	23	23	23	23	24	24	24				25	25	24	26	24	24	42127	40	30444	24	21225	24	15059	24	10717	23	7196	23	25	24	24				30	25	24	24	24	24	26	24	25	27	25	24	24	23	23	23	23	28	23	24	23				25	28	25	25	25	24	47936	24	34848	24	24607	24	16433	23	11079	23	7307	23	25	23	24				26	25	25	25	24	24	27	25	25	37	24	27	23	23	23	23	23	23	24	29	24				28	25	25	25	25	24	50774	26	36413	24	24846	24	16453	23	11333	23	7393	24	25	26	24																																																																																																		
1:35:00	37.0																										36523	24	37919	24	49	23	50399	24	36363	22	24194	23	16207	23	10816	22	7103	23	25	27	21766				26	24	26	24	24	26	26	24	25	23	24	23	23	23	23	22	22	23	22	23	24				36906	25	37378	25	25	24	47597	26	33405	24	21936	23	14902	23	10544	23	6973	23	24	24	21389				27	25	26	24	24	24	26	26	25	24	24	31	23	23	23	23	24	23	23	23	25				37378	25	38104	24	24	23	42416	24	30030	24	20395	23	13978	23	10152	23	7079	23	25	23	21227				25	45	25	24	24	23	26	24	25	24	25	24	23	23	23	22	23	23	24	24	23				25	24	24	25	25	23	41971	39	30318	24	21307	24	15085	23	10779	22	7184	23	25	24	23				31	24	25	24	24	25	26	24	25	28	25	24	23	23	23	23	23	28	23	24	23				26	29	25	25	25	24	48033	24	34972	24	24638	24	16459	23	11064	23	7283	23	25	24	25				26	25	24	25	24	24	27	25	26	37	25	26	23	23	23	23	23	24	24	28	25				28	25	25	25	24	25	50673	26	36648	24	24891	24	16535	23	11304	23	7428	24	25	25	24																																																																																																		
1:40:00	36.9																										40014	24	39588	23	49	24	50550	24	36383	24	24254	23	16250	23	10786	23	7081	23	24	26	21667				26	24	25	24	24	26	25	24	25	24	24	23	23	23	23	23	23	23	22	24	24				40575	24	39120	24	25	24	47574	26	33336	23	21961	23	14944	23	10603	23	6963	23	24	23	21436				27	25	26	25	24	24	25	27	25	23	24	30	24	23	22	23	23	22	24	23	25				41024	25	39512	25	24	23	42059	24	30023	24	20324	23	14006	22	10223	23	7067	23	26	23	21160				25	46	25	25	24	24	26	24	25	24	24	23	23	23	22	22	23	22	24	24	24				25	25	24	25	24	23	41767	39	30142	24	21234	23	15083	23	10799	22	7186	23	25	24	24				30	25	25	23	24	25	25	24	25	28	25	24	24	23	23	23	23	28	23	24	24				25	29	26	25	24	24	48303	25	35053	24	24653	24	16492	23	11064	23	7279	24	25	24	25				25	25	24	24	25	25	26	24	25	36	24	26	24	23	23	23	23	23	23	28	24				28	25	25	25	24	24	50574	26	36441	24	24983	23	16501	23	11270	23	7397	24	25	25	24																																																																																																		
1:45:00	37.0																										43230	24	40957	24	49	23	50250	24	36462	24	24217	23	16271	23	10798	22	7080	23	24	26	21774				26	24	25	24	24	26	25	24	25	23	24	23	23	23	23	22	23	23	22	24	23				43808	24	40336	24	25	24	47601	26	33585	24	22208	23	14989	23	10663	23	6963	24	24	23	21386				26	24	26	24	24	24	25	26	25	24	24	31	24	23	23	23	23	23	23	23	25				44469	25	41008	24	24	24	42108	24	30076	24	20435	23	14082	22	10262	23	7088	22	26	24	21155				26	45	25	25	24	24	25	25	25	24	25	24	23	23	22	23	23	23	23	23	23				24	24	24	26	24	24	41662	39	30144	24	21266	24	15167	23	10819	22	7187	23	25	24	23				30	24	24	24	23	24	25	24	26	28	25	24	23	23	22	22	23	28	23	23	23				25	29	25	25	24	24	48026	24	35125	24	24679	24	16465	24	11083	23	7263	23	25	23	24				26	25	24	25	25	24	26	25	25	37	25	26	24	23	23	23	23	23	23	28	24				28	25	25	25	25	24	50783	26	36461	24	24904	24	16454	23	11298	23	7361	24	25	25	25																																																																																																		
1:50:00	37.0																										46153	24	42180	23	50	24	50317	24	36429	23	24243	23	16210	23	10785	22	7051	23	24	26	21643				26	24	25	24	24	25	25	25	26	24	24	22	23	23	23	23	23	22	22	24	23				46841	24	41706	24	24	24	47797	25	33669	24	22238	23	15129	23	10646	23	7000	23	24	23	21320				27	24	26	24	24	23	25	26	25	24	24	31	23	22	23	23	23	23	23	23	25				47577	25	42239	24	24	23	42199	24	30127	24	20419	23	14110	23	10285	22	7071	22	26	24	21080				25	46	25	24	24	24	26	24	25	24	24	23	24	23	23	22	23	23	24	24	23				25	24	24	26	24	23	41716	39	30151	24	21313	23	15217	23	10874	23	7182	23	25	23	23				30	25	24	24	24	24	25	24	25	27	24	23	23	23	23	22	22	28	23	23	23				25	29	25	25	25	24	48160	25	35146	24	24633	23	16466	23	11052	23	7277	23	25	23	24				26	25	25	24	25	24	26	25	26	37	25	26	24	23	23	22	24	24	24	29	24				29	25	25	25	24	24	50720	26	36524	24	24881	24	16436	23	11297	23	7392	24	25	25	24																																																																																																		
1:55:00	37.0																										48744	24	43376	23	51	23	50383	24	36325	23	24058	23	16168	23	10755	23	7068	23	24	26	21668				26	23	25	24	24	25	25	25	25	24	24	23	23	22	23	22	22	23	22	24	23				49428	24	42845	24	24	24	47866	25	33722	23	22345	23	15279	23	10690	23	6996	23	25	24	21214				27	24	26	24	24	23	25	26	25	24	24	30	24	23	22	23	23	23	24	23	25				50174	25	43417	24	23	24	42097	24	29998	24	20426	23	14168	23	10336	23	7055	23	26	23	21025				25	46	25	25	24	23	26	24	25	23	24	24	23	23	23	23	23	23	23	24	24				25	24	24	26	24	23	41588	40	30228	24	21368	24	15267	23	10859	23	7205	23	25	24	23				30	24	24	24	23	25	25	24	25	27	24	24	23	23	23	22	23	28	23	24	23				24	29	25	24	24	23	48349	25	35248	24	24763	23	16417	23	11055	23	7256	23	25	24	24				25	25	25	24	25	24	26	24	25	37	24	26	24	23	23	23	23	23	24	28	24				28	25	24	25	25	25	50847	26	36482	24	24984	24	16476	23	11275	23	7386	23	25	25	24																																																																																																		
2:00:00	37.0																										51157	24	44455	23	51	23	50391	24	36273	23	24155	23	16210	23	10774	23	7051	23	24	26	21703				26	24	26	24	23	26	25	23	25	23	24	23	23	23	22	22	23	23	23	23	24				51713	24	44058	24	25	24	48255	25	33815	24	22469	23	15349	23	10663	23	6987	23	25	24	21291				27	24	26	24	24	24	25	26	25	24	24	31	23	23	22	22	23	23	23	24	25				52603	25	44509	24	23	24	42356	24	30186	24	20609	23	14235	22	10462	22	7107	22	26	23	21084				25	46	25	24	24	23	26	24	25	24	24	23	23	23	23	22	23	23	24	24	23				25	24	23	26	24	24	41601	39	30257	24	21419	24	15380	23	10886	22	7155	22	24	24	23				30	24	24	24	24	25	26	24	25	27	24	24	23	22	23	22	23	28	23	24	23				25	29	26	24	25	23	48184	24	35384	24	24754	23	16480	23	11025	23	7293	23	25	23	24				26	26	25	25	24	25	26	25	25	36	25	26	24	23	23	22	23	24	23	28	24				28	25	25	25	25	24	50761	26	36383	24	24925	23	16528	23	11239	23	7361	24	26	25	24																																																																																																		
2:05:00	37.0																										53364	24	45456	23	52	23	50303	24	36140	23	24171	23	16207	23	10739	23	7058	23	24	27	21600				27	24	26	24	24	25	25	24	25	24	24	23	23	23	22	23	23	23	22	24	23				54033	24	44942	24	24	24	48486	26	33921	24	22566	23	15341	23	10671	22	6957	23	24	23	21244				27	24	26	24	24	23	25	26	25	23	25	30	23	23	22	23	23	23	23	23	25				54618	24	45673	24	24	23	42315	24	30286	24	20589	23	14334	23	10497	23	7059	23	26	24	20943				26	46	25	24	24	23	25	24	26	24	24	23	23	23	23	22	23	23	24	23	24				25	24	23	25	24	23	41489	39	30150	24	21427	23	15362	23	10913	22	7156	22	25	24	23				30	24	24	24	24	24	25	24	25	28	24	24	23	23	23	22	23	28	23	23	23				25	28	25	25	24	24	48466	25	35224	24	24682	23	16379	23	11065	22	7244	23	25	23	24				25	25	25	24	24	24	27	25	26	36	24	26	24	23	23	22	23	23	24	28	23				28	25	25	25	25	24	50565	26	36492	24	24809	24	16468	23	11207	23	7360	24	25	25	24																																																																																																		
2:10:00	37.0																										55218	24	46212	23	52	23	50103	24	36219	23	24010	23	16158	23	10740	23	7057	23	24	26	21549				26	24	26	24	23	25	26	23	25	24	24	22	23	23	23	22	23	23	22	24	23				56098	24	45781	24	24	24	48590	25	34071	24	22727	23	15396	23	10662	22	6942	23	24	23	21233				27	24	26	24	25	23	25	26	25	23	24	30	23	22	23	23	22	23	23	23	25				56992	25	46451	24	23	23	42476	24	30344	24	20721	23	14414	23	10532	23	7037	23	26	23	20969				26	46	25	24	24	24	26	24	25	23	24	23	23	23	22	22	23	23	23	24	23				24	24	24	26	24	24	41482	39	30176	24	21537	24	15510	23	10896	22	7139	22	25	23	23				30	24	24	23	23	24	25	24	25	28	24	24	24	23	23	22	22	28	23	23	23				25	28	25	25	24	24	48613	24	35293	24	24763	23	16379	23	11025	23	7234	23	25	23	24				25	25	25	24	25	24	26	25	25	36	25	26	23	23	23	22	23	23	24	29	24				28	25	25	24	25	25	50599	26	36534	24	25014	23	16488	23	11220	23	7370	24	25	25	24																																																																																																		
2:15:00	37.0																										57024	24	47105	23	53	23	50142	25	36200	23	24085	23	16157	22	10714	22	7013	23	24	26	21606				26	24	25	24	23	26	25	24	25	23	24	23	23	22	23	22	23	23	22	23	23				57807	24	46359	24	24	24	48839	25	34248	23	22864	23	15450	23	10674	23	6943	23	25	23	21242				27	24	26	24	24	23	25	26	25	24	24	31	23	23	23	22	23	23	23	23	24				58717	24	47286	24	24	24	42642	24	30526	24	20875	23	14624	22	10594	23	7047	22	25	23	20985				26	46	25	24	24	24	26	24	25	24	24	23	23	23	23	22	23	23	23	23	24				24	24	23	26	24	24	41590	39	30355	24	21657	24	15595	23	10913	22	7167	23	25	24	23				30	24	24	23	24	24	25	24	25	27	24	24	24	23	23	22	23	28	23	23	23				25	28	25	25	24	24	48960	24	35699	24	24866	23	16518	23	11013	23	7269	23	25	23	24				25	25	24	25	25	24	26	25	25	36	24	26	24	23	23	22	23	23	23	28	24				28	25	25	25	24	24	50676	26	36471	24	24913	24	16511	23	11213	23	7344	24	25	25	24																																																																																																		
2:20:00	37.0																										58427	24	47841	23	53	23	50217	24	36193	23	24056	23	16179	23	10753	22	7029	23	24	26	21568				27	24	26	24	23	26	25	24	25	23	24	23	23	23	23	23	23	23	22	23	23				59598	25	47286	25	24	24	49173	25	34716	23	23153	22	15524	23	10679	22	6958	23	24	23	21164				27	24	26	24	24	24	25	27	25	24	23	30	23	23	22	22	23	22	23	24	24				60341	25	47991	24	23	23	42692	24	30650	24	21007	23	14689	22	10647	22	7023	23	26	23	21052				25	63	25	24	24	24	26	24	25	23	25	23	23	23	23	22	23	22	24	24	24				24	24	24	25	24	23	41716	39	30474	24	21811	23	15639	23	10959	22	7190	23	24	24	23				30	24	24	23	23	25	25	24	25	28	24	23	24	23	23	22	22	28	23	24	23				24	29	25	24	24	23	48981	24	35652	24	24866	24	16476	23	11049	23	7248	23	25	23	24				25	25	25	24	24	24	26	25	25	37	25	25	23	23	22	22	24	23	23	28	24				28	24	25	25	24	24	50743	26	36550	24	24969	24	16473	22	11183	23	7364	24	25	25	24																																																																																																		
2:25:00	37.0																										59921	24	48492	23	55	23	50215	24	36165	23	23978	23	16167	23	10729	22	7047	23	24	26	21595				26	24	26	24	24	26	25	24	25	24	24	23	23	23	23	22	23	22	22	24	23				60774	24	48037	24	24	24	49491	25	34677	23	23231	23	15585	23	10668	22	6945	23	24	23	21184				27	24	26	24	24	24	24	26	25	23	24	30	23	23	22	23	23	23	23	23	25				61743	25	48829	23	23	24	43167	24	30826	24	21177	23	14890	23	10688	22	7047	22	26	23	20997				26	63	25	25	24	23	25	23	25	24	25	24	23	23	23	22	23	22	23	23	24				24	24	24	25	24	23	41882	39	30508	24	21960	24	15749	23	10944	22	7172	22	25	24	23				30	24	24	23	23	24	25	24	25	28	24	23	24	23	23	22	23	28	23	23	23				24	28	25	24	24	24	49131	24	35810	24	24892	23	16485	23	11020	23	7268	23	24	23	24				25	25	24	24	24	24	26	24	25	36	25	26	23	23	24	22	23	23	23	28	24				29	25	25	25	25	24	50937	25	36531	23	24932	23	16471	23	11249	23	7338	24	25	24	24																																																																																																		
2:30:00	37.0																										61489	24	49024	23	55	24	50151	24	36180	23	24042	22	16161	22	10753	23	7039	23	24	25	21554				27	24	26	24	24	25	25	24	25	23	25	23	23	22	23	22	22	23	22	23	23				62323	24	48618	24	24	23	49601	25	34848	23	23366	23	15541	23	10690	22	6953	22	24	23	21201				27	24	26	24	24	23	25	26	25	23	24	30	23	23	23	22	23	22	23	23	25				63107	24	49349	24	23	23	43261	24	31141	24	21459	23	15128	22	10779	23	7043	22	26	23	20937				26	63	25	24	24	23	26	24	25	24	24	23	23	23	22	22	23	23	24	23	23				25	24	24	25	24	23	42058	38	30788	24	22057	23	15836	23	10954	22	7162	23	25	23	24				30	24	23	23	23	24	25	24	25	27	24	24	23	22	23	23	23	28	23	24	23				24	29	25	24	24	23	48987	24	35834	24	24948	24	16477	23	11049	23	7273	23	25	23	23				25	25	24	24	24	24	26	25	26	37	25	26	23	22	23	22	23	24	23	28	24				28	25	25	25	25	25	51009	26	36488	23	24912	24	16518	23	11198	23	7347	24	25	24	23																																																																																																		
2:35:00	37.0																										62461	24	49777	23	56	23	50105	24	36231	23	24038	23	16139	23	10719	22	7013	23	24	27	21591				26	24	26	24	23	26	25	24	25	23	24	23	23	23	23	22	22	22	22	24	24				63647	24	49222	24	24	24	49678	25	35140	23	23446	23	15622	22	10704	23	6938	23	24	23	21145				27	24	26	23	24	24	26	26	25	24	24	30	23	23	23	22	23	23	23	23	24				64381	25	50061	24	23	23	43403	24	31233	24	21629	23	15257	23	10731	23	7047	22	26	24	20953				26	64	25	24	24	24	25	24	25	24	24	23	23	23	22	22	22	22	23	23	24				24	24	24	26	24	23	42171	39	30848	24	22177	24	15931	23	10981	22	7165	23	25	23	23				30	24	24	24	23	25	25	24	25	27	24	24	23	23	23	22	22	27	23	23	23				24	28	25	25	24	24	49314	24	35988	24	24916	24	16492	23	11036	22	7258	23	25	24	24				26	25	24	25	24	23	26	24	25	36	24	26	23	22	23	23	24	23	23	28	24				28	25	24	25	24	24	50933	26	36678	24	24904	23	16475	23	11196	23	7370	24	25	25	24																																																																																																		
2:40:00	37.0																										63498	24	50169	23	57	23	50145	24	36229	23	24025	23	16155	23	10702	22	7034	23	24	26	21614				27	24	25	24	23	25	25	24	25	23	24	23	23	23	23	22	23	22	22	23	24				64638	25	49844	24	24	24	49860	25	35161	23	23589	23	15582	23	10725	23	6945	23	24	23	21189				27	24	26	24	24	23	25	26	25	23	24	30	23	23	22	22	23	23	23	23	25				65342	24	50434	23	23	23	43616	24	31605	24	21815	23	15462	22	10781	23	7009	22	25	24	20933				26	63	24	24	23	23	25	24	25	23	24	23	23	23	22	22	23	23	24	24	23				25	24	23	25	24	23	42383	39	31075	24	22286	24	16094	23	10936	22	7190	23	25	23	23				30	24	24	24	24	24	25	24	25	27	24	23	23	22	23	22	23	28	23	24	23				25	29	25	24	25	24	49644	24	36076	23	25009	23	16482	22	10997	23	7225	23	25	23	24				25	25	24	25	24	23	26	24	26	36	24	26	24	23	23	22	23	23	23	28	23				28	25	24	25	25	24	50869	25	36667	23	24985	23	16493	23	11164	23	7318	24	25	25	24																																																																																																		
2:45:00	37.0																										64324	24	50512	23	57	23	50044	24	36084	24	24065	23	16144	23	10702	22	7016	23	24	26	21502				27	24	26	24	24	25	25	24	25	23	24	23	23	23	23	22	23	23	23	23	23				65453	24	50056	24	24	24	50033	25	35241	23	23731	23	15575	23	10668	23	6938	23	24	23	21080				28	25	26	23	24	24	25	26	25	24	24	30	23	23	22	22	23	23	23	23	24				66363	25	50681	24	23	23	43937	24	31766	24	22000	23	15605	22	10765	23	7036	22	25	23	20917				26	63	25	24	23	23	26	24	25	23	24	23	23	23	22	23	22	23	24	24	24				24	24	23	25	24	23	42525	38	31133	24	22480	24	16034	23	10933	22	7139	22	25	24	23				30	24	24	23	23	24	25	24	24	27	25	24	23	22	23	22	22	27	23	23	23				25	28	25	25	24	23	49655	24	36029	23	24916	24	16424	23	11011	23	7231	23	25	23	23				25	25	24	24	24	24	27	24	25	36	25	26	23	22	23	22	23	23	23	28	23				28	24	25	24	24	24	51042	26	36472	23	24793	23	16473	23	11206	23	7344	24	25	25	24																																																																																																		
2:50:00	37.0																										65061	24	50646	23	57	23	50068	24	36214	23	24044	23	16113	22	10728	22	7003	23	24	26	21581				27	24	26	24	24	26	25	24	25	23	24	22	23	22	23	22	23	22	23	23	23				66187	24	50321	24	24	23	50016	25	35451	23	23662	23	15612	23	10677	22	6938	23	25	24	21146				27	24	26	24	24	23	25	26	25	23	24	30	23	23	23	23	23	23	23	23	25				67048	25	51033	24	24	23	44173	24	32049	24	22261	22	15662	22	10726	22	7050	22	26	24	20950				26	62	26	24	23	23	26	24	25	23	24	24	23	23	23	22	22	23	23	23	23				24	24	24	26	24	24	42664	39	31378	23	22712	24	16083	23	10967	22	7164	23	25	23	23				30	24	24	24	23	24	25	24	25	27	24	24	23	23	22	22	22	28	23	23	23				25	28	25	24	24	24	49807	24	36143	24	25013	23	16497	23	10953	23	7239	23	25	24	24				26	25	25	25	25	24	26	24	25	37	24	25	23	23	23	22	23	23	23	28	24				28	25	25	25	24	24	51006	25	36626	23	24917	23	16449	23	11121	23	7322	24	26	25	24																																																																																																		
2:55:00	37.0																										65892	24	51091	23	59	24	50028	23	36130	23	23970	23	16148	23	10710	23	7012	23	25	25	21494				27	24	26	24	23	25	25	23	25	23	24	23	23	22	23	22	22	22	22	23	23				67003	25	50582	24	24	24	50135	25	35498	24	23732	22	15614	23	10664	23	6929	23	25	23	21081				27	24	26	24	25	23	25	25	25	23	24	30	23	22	22	22	23	23	23	23	24				67807	24	51672	23	24	24	44655	24	32252	24	22519	22	15796	23	10773	22	7041	22	25	23	20936				26	63	26	24	24	24	26	24	25	23	24	23	23	22	23	22	23	23	23	23	23				25	24	23	26	24	24	42903	39	31554	24	22851	24	16121	23	10991	22	7148	22	25	24	23				30	24	25	23	23	24	25	24	25	27	24	23	23	23	23	22	22	27	23	23	23				24	28	25	25	24	23	49780	24	36241	23	24979	23	16451	23	10995	23	7229	23	25	23	24				25	25	24	24	25	24	26	24	26	36	24	26	23	23	23	22	23	23	23	28	24				28	25	25	25	24	25	51170	26	36603	23	25003	23	16482	23	11160	23	7298	24	26	24	23																																																																																																		
3:00:00	37.0																										66606	24	51282	23	60	23	50061	24	36028	23	24033	23	16078	23	10723	22	6996	23	25	26	21530				28	23	26	23	23	25	25	24	25	23	24	23	23	23	22	22	23	22	22	24	24				67702	24	50920	24	24	24	50147	26	35577	23	23848	23	15652	23	10673	22	6948	23	25	23	21190				27	24	26	24	24	23	25	26	25	23	24	30	23	23	23	22	23	23	23	23	25				68743	24	51807	23	23	23	44729	24	32591	24	22903	23	15868	23	10804	22	7029	22	26	23	20929				26	63	25	24	24	24	25	24	25	24	24	23	23	22	22	22	23	23	24	23	23				24	24	24	25	24	23	43268	39	31831	24	23067	23	16178	23	10929	22	7149	23	26	23	23				30	24	24	24	23	24	26	24	25	27	24	23	23	23	23	22	22	28	23	24	22				25	28	25	24	24	23	50034	24	36366	24	24985	23	16406	23	11000	23	7249	23	25	24	24				25	25	25	24	24	24	26	25	25	36	24	26	24	22	23	22	23	23	23	28	24				28	25	25	24	24	24	50972	26	36786	23	25010	23	16451	23	11166	23	7340	24	25	25	24																																																																																																		
3:05:00	37.0																										67252	24	51677	23	59	23	50147	24	36130	23	24023	23	16158	23	10722	22	7019	23	25	26	21532				27	24	26	24	23	25	25	24	25	23	24	23	23	23	22	22	22	23	23	23	23				68440	25	51092	24	24	24	50189	26	35659	23	23830	23	15668	22	10628	22	6944	23	25	24	21095				27	24	26	24	24	24	25	26	25	23	24	30	23	22	23	22	23	22	24	23	25				69039	25	51993	23	23	23	45019	24	32811	24	23127	22	15919	22	10749	22	7032	22	25	23	20901				26	62	25	24	23	23	26	24	25	24	24	23	23	22	22	21	23	23	23	24	24				25	24	24	25	24	23	43432	39	32076	24	23370	23	16214	22	10969	22	7158	23	25	23	23				30	24	24	24	23	24	25	24	25	28	24	24	23	23	23	23	22	27	23	23	23				25	28	25	24	24	23	50159	24	36377	24	25045	23	16455	23	10963	22	7225	23	25	24	24				26	25	24	24	24	24	26	25	26	36	24	26	23	23	23	22	23	23	23	28	24				28	25	24	26	24	24	51185	26	36662	23	24942	24	16427	23	11129	23	7303	25	26	25	24																																																																																																		
3:10:00	37.0																										67444	24	51737	23	61	23	50090	25	36104	23	23982	23	16060	23	10701	22	6999	23	25	26	21464				27	24	26	24	24	25	25	24	25	24	24	22	23	22	23	22	22	22	22	24	23				68952	24	51368	25	24	24	50179	25	35616	23	23870	23	15612	23	10698	23	6935	22	24	23	21163				27	24	26	24	24	23	25	26	25	24	24	30	23	23	22	22	23	22	23	23	24				69673	24	52267	24	23	23	45322	24	33141	24	23416	23	15959	23	10756	23	7014	22	25	23	20933				26	62	25	24	23	24	26	24	25	23	24	23	24	22	23	22	22	23	24	23	23				24	24	23	25	24	23	43667	39	32277	24	23521	23	16235	23	10952	22	7149	22	25	23	23				31	24	24	24	24	24	26	24	25	27	24	23	23	23	23	22	21	28	23	23	22				24	29	25	25	24	23	50473	24	36493	24	24963	24	16436	23	10971	23	7230	23	25	23	24				26	25	24	24	25	23	26	24	26	36	24	26	23	23	22	22	23	23	23	28	24				27	24	24	24	24	24	51006	26	36665	24	24887	23	16440	23	11146	22	7307	24	25	24	24																																																																																																		
3:15:00	37.0																										67984	25	51942	24	62	23	50100	24	36182	23	23981	22	16157	22	10697	23	7000	23	25	25	21471				27	24	26	24	23	25	26	23	25	23	24	22	23	22	23	22	23	22	23	23	23				69204	24	51444	25	24	24	50202	26	35858	23	23862	23	15659	22	10688	23	6927	23	25	23	21181				27	23	26	23	23	24	25	26	25	23	24	30	23	23	22	22	23	23	23	23	25				70484	25	52089	24	23	23	45568	23	33439	24	23611	22	16086	22	10765	22	7007	22	26	23	20919				25	63	25	24	23	23	26	24	25	23	24	23	23	23	22	22	22	22	23	23	23				24	24	24	25	23	24	43930	38	32570	23	23674	23	16333	23	10975	22	7183	23	25	23	23				30	24	23	23	23	25	25	24	25	27	25	23	23	22	23	23	23	28	23	23	23				24	28	25	24	24	23	50427	24	36615	24	25017	23	16433	23	10979	22	7210	23	25	23	24				26	25	25	24	24	24	26	24	25	36	25	26	23	23	23	22	23	23	23	28	24				28	24	26	24	24	25	50866	26	36651	24	25020	23	16495	23	11143	23	7317	24	25	24	25																																																																																																		
3:20:00	37.0																										68323	25	51857	23	62	23	50254	24	36040	23	24006	22	16160	23	10702	22	7015	23	25	27	21538				27	24	25	23	23	26	25	24	25	23	24	22	22	22	23	23	23	23	22	24	23				69561	24	51540	24	24	24	50138	25	35899	23	23779	23	15629	22	10664	22	6945	23	25	23	21124				28	24	26	23	24	23	25	26	25	24	24	30	23	23	22	22	22	23	23	23	25				70651	24	52307	24	23	23	45966	24	33711	24	23861	22	16037	23	10770	22	7007	22	26	23	20864				26	62	25	24	23	23	25	24	25	24	24	23	23	23	23	22	23	22	23	23	24				24	24	23	25	24	23	44311	39	32741	24	23812	24	16243	22	10933	22	7150	22	25	24	23				30	25	24	23	23	24	25	24	25	27	25	24	23	23	23	22	22	27	23	24	23				24	28	25	24	24	23	50785	24	36485	23	25037	23	16427	23	11014	22	7191	23	25	23	23				26	25	24	24	24	24	26	24	25	36	24	26	23	22	23	23	23	23	23	28	24				28	25	25	24	24	24	51339	25	36680	24	25017	23	16478	23	11158	23	7294	24	25	24	23																																																																																																		
3:25:00	37.0																										68935	24	51959	23	63	23	50277	24	36142	23	23959	22	16129	22	10681	22	7009	23	25	25	21424				27	23	25	24	23	26	25	24	25	23	24	23	23	23	23	22	22	22	22	24	23				69878	24	51529	24	24	24	50351	25	35801	23	23939	23	15658	22	10672	23	6946	23	25	23	21138				27	24	26	24	24	23	25	26	25	23	24	30	23	22	23	22	23	23	23	23	24				71097	24	52551	24	23	23	46533	24	34152	23	23894	23	16067	22	10784	22	7027	22	26	23	20818				26	62	25	24	23	23	25	24	24	23	24	23	23	23	23	22	23	22	23	24	24				24	24	24	25	24	23	44445	39	33019	24	23904	23	16283	22	10937	22	7152	22	25	23	23				30	24	24	23	23	24	25	24	25	27	24	23	23	23	23	22	22	27	23	24	23				24	28	25	24	24	24	50532	24	36352	23	25029	23	16422	23	10950	22	7224	23	25	23	23				25	24	24	24	25	23	26	24	25	36	24	26	23	23	23	22	23	23	23	28	23				28	25	25	25	25	24	51298	26	36713	23	24957	24	16453	23	11095	22	7314	24	26	25	24																																																																																																		
3:30:00	37.0																										68909	24	52007	23	64	23	50064	24	36155	23	23951	22	16107	23	10676	23	7004	23	24	26	21429				27	24	25	23	23	25	25	23	25	23	24	23	23	23	23	22	23	23	22	23	23				70265	24	51733	24	24	23	50426	25	35842	24	23900	23	15623	23	10637	23	6925	23	25	23	21059				28	24	26	24	24	23	25	26	25	24	24	30	23	23	23	22	23	22	23	23	24				71140	24	52319	24	24	23	46812	23	34459	23	23944	23	16095	22	10737	22	7001	22	25	23	20883				26	61	25	24	23	23	26	24	25	23	24	23	23	22	22	23	23	23	23	23	24				24	24	23	26	24	23	44894	39	33427	24	24032	23	16204	23	10933	22	7137	22	25	23	23				30	24	24	24	23	24	25	24	25	27	24	23	23	23	23	22	22	28	23	23	23				25	28	25	24	24	24	50603	24	36522	24	25006	24	16466	23	10957	22	7199	23	25	23	23				26	25	25	24	24	24	26	25	25	36	24	26	23	23	23	22	23	23	23	28	24				28	25	25	25	24	24	51119	25	36620	24	24997	23	16394	23	11124	22	7312	24	25	25	24																																																																																																		
3:35:00	37.0																										69306	23	51974	23	64	23	50037	24	35992	23	23915	22	16130	23	10697	22	6986	23	25	25	21500				27	24	25	24	24	25	25	24	25	23	24	22	22	22	23	22	23	22	22	24	23				70615	24	51587	24	24	24	50214	25	35852	24	23889	23	15614	22	10675	23	6912	23	25	23	21037				27	24	26	24	24	23	25	26	25	24	24	29	23	22	23	22	22	22	23	22	25				71728	25	52664	24	24	23	47127	24	34750	23	24106	23	16060	22	10755	22	6996	22	26	24	20842				26	62	25	23	23	24	25	24	24	23	24	24	23	23	22	22	23	22	23	23	23				24	24	23	25	23	23	45067	39	33585	24	24123	23	16282	22	10987	22	7150	22	25	24	23				30	24	24	23	23	24	26	24	25	27	24	23	23	22	22	23	22	28	24	23	23				24	29	25	24	24	24	50856	24	36429	24	25070	23	16374	22	10955	23	7223	23	25	23	23				25	25	24	24	25	23	26	24	25	36	24	26	24	22	23	22	23	23	23	28	23				28	25	24	25	24	24	50993	25	36578	23	24971	23	16452	22	11093	23	7277	24	25	24	24																																																																																																		
3:40:00	37.0																										69446	24	52144	23	66	23	49873	24	35942	23	23974	23	16082	22	10658	22	7002	23	25	26	21554				27	24	26	24	23	25	25	24	25	23	24	23	22	23	22	22	22	22	22	23	24				70644	24	51652	24	25	23	50300	25	35912	23	23922	23	15596	22	10607	23	6924	22	25	23	21059				28	24	27	24	24	24	25	25	24	23	23	30	23	22	22	22	22	22	23	23	25				71867	25	52627	23	23	24	47411	24	34928	24	24166	22	16125	23	10753	23	6981	22	25	23	20871				26	62	25	25	23	23	25	23	25	23	24	23	23	23	22	22	23	23	23	24	24				24	24	24	25	24	23	45579	39	34061	23	24256	23	16303	23	10916	22	7142	22	25	23	23				30	24	24	23	23	23	25	24	25	27	24	23	24	23	22	22	22	27	23	23	22				25	28	25	24	25	23	51009	24	36474	24	25037	23	16365	22	10949	22	7229	23	25	23	23				26	24	24	24	24	25	26	24	25	36	24	26	23	22	23	22	23	23	23	28	24				28	25	25	25	25	24	51195	25	36727	23	24928	23	16437	22	11108	23	7319	24	26	25	24																																																																																																		
3:45:00	37.0																										69808	24	52002	23	66	23	49996	24	35977	23	23936	22	16095	22	10667	23	6990	23	24	26	21444				27	24	26	23	23	25	25	24	25	23	23	23	22	23	23	22	23	22	22	23	23				71136	24	51783	24	24	23	50406	25	35875	23	23881	23	15586	23	10606	22	6929	23	24	23	21082				27	24	26	23	24	23	25	26	25	24	24	30	23	23	22	23	23	22	23	23	25				71957	24	52435	24	24	23	47734	24	35094	23	24320	22	16193	22	10761	22	6993	22	25	23	20809				26	61	25	24	23	24	25	24	25	24	24	23	23	22	22	22	23	23	24	24	24				24	24	23	25	24	23	45714	39	34429	23	24300	23	16335	23	10938	22	7155	22	25	23	23				30	24	24	23	23	24	25	24	25	28	24	23	23	22	22	22	22	28	23	23	23				25	28	25	25	23	23	50787	24	36502	24	25079	23	16389	23	10970	22	7217	24	25	23	23				25	25	24	24	24	25	26	24	25	36	24	26	24	23	22	22	23	23	23	28	24				28	24	24	25	24	24	51140	25	36721	24	24885	23	16414	22	11106	23	7264	24	26	25	24																																																																																																		
3:50:00	37.0																										69849	25	52005	23	67	23	50060	25	36073	23	23921	23	16030	22	10679	23	7000	23	24	26	21432				27	24	26	23	24	26	25	24	24	23	24	23	23	23	22	22	22	22	23	23	23				70769	25	51784	24	24	24	50396	25	35993	23	23872	23	15605	23	10600	22	6920	22	25	23	21078				27	24	26	24	24	23	25	26	25	23	23	30	23	22	22	22	23	23	23	23	25				72114	25	52337	24	23	23	48251	23	35391	24	24428	22	16122	23	10730	23	7024	22	26	23	20852				26	56	26	24	23	23	26	23	25	23	24	23	23	23	23	22	22	22	23	23	23				24	24	23	24	24	23	46361	39	34549	24	24278	23	16261	23	10940	22	7137	23	25	23	23				30	24	24	24	23	24	25	24	25	27	25	24	23	23	23	22	22	27	23	24	23				24	28	25	24	24	23	50845	24	36557	24	25012	23	16373	23	10897	22	7223	23	25	23	24				25	25	24	24	25	24	26	24	25	36	24	26	23	23	23	23	22	23	23	28	24				28	25	25	25	24	24	51152	25	36704	24	24953	23	16443	23	11078	22	7283	24	26	25	24																																																																																																		
3:55:00	37.0																										69892	24	51990	23	68	23	49977	25	36150	23	23900	23	16043	22	10641	23	6975	23	25	26	21393				27	24	26	24	23	25	25	24	25	23	24	23	23	22	23	22	22	22	22	24	24				70900	24	51736	24	24	23	50327	25	35804	23	23923	22	15552	23	10593	23	6918	22	24	23	21037				28	24	26	24	24	23	25	26	24	23	24	30	23	22	22	22	22	23	23	23	24				72111	25	52437	23	23	23	48528	24	35630	24	24417	23	16085	23	10760	23	6983	22	26	23	20855				26	53	25	24	23	23	26	23	25	23	24	23	24	22	23	22	23	22	23	23	23				24	24	24	24	24	23	46796	39	34991	24	24448	23	16312	23	10945	22	7113	22	25	23	23				30	24	24	23	23	24	25	23	25	27	24	23	23	22	22	22	22	28	23	23	23				25	28	25	24	24	24	51070	24	36363	24	25056	23	16383	23	10937	22	7228	23	25	23	23				25	25	24	25	24	23	26	24	24	35	24	26	23	23	23	22	23	23	23	27	23				28	24	25	24	24	24	51262	25	36658	23	24972	23	16418	22	11115	23	7290	24	26	25	24																																																																																																		
4:00:00	37.0																										70047	24	52012	24	69	23	50076	24	36017	23	23834	22	16091	23	10683	22	6986	23	24	26	21498				27	24	25	24	23	25	25	24	25	23	24	23	22	22	23	22	23	23	22	23	23				71451	24	51680	24	24	23	50458	25	35832	23	23924	23	15586	23	10625	22	6922	23	24	23	20983				27	24	26	24	24	23	25	26	24	23	24	30	23	23	23	22	23	22	23	23	24				72068	24	52426	24	23	23	48676	24	35685	24	24417	23	16118	23	10749	23	6999	22	25	23	20840				26	53	25	24	23	23	26	23	25	24	25	24	23	23	22	22	23	22	23	23	23				25	24	23	25	23	23	47017	39	35180	24	24398	23	16253	22	10925	22	7133	22	25	23	23				30	24	24	23	23	24	25	24	25	27	24	24	24	22	23	22	22	27	23	23	22				24	28	25	24	23	23	51200	25	36533	24	25091	24	16395	23	10937	23	7207	23	25	23	24				26	25	23	25	25	23	26	25	24	36	24	26	24	22	23	22	22	23	23	27	24				28	25	24	25	24	24	51180	25	36812	24	25022	24	16391	23	11110	23	7273	24	25	25	23																																																																																																		
4:05:00	37.0																										70342	24	52207	24	70	23	50103	24	36032	23	23935	22	16096	23	10666	22	6984	23	25	26	21520				28	24	25	24	23	26	25	24	24	23	24	22	23	22	23	22	22	23	22	23	23				71323	24	51642	24	24	24	50405	25	35883	23	23876	23	15603	23	10614	23	6893	23	24	23	21003				28	24	26	23	24	23	25	26	24	23	24	30	23	22	22	22	23	22	23	24	24				72501	24	52633	24	23	23	48997	24	35820	24	24503	23	16127	22	10763	22	6962	22	25	23	20814				26	54	25	24	24	23	25	23	25	23	24	23	23	23	22	22	22	23	24	23	23				24	24	24	25	24	23	47643	39	35469	24	24497	23	16249	23	10932	22	7124	22	25	23	23				30	24	24	23	23	24	25	23	25	27	24	23	23	23	23	22	22	27	23	23	23				24	27	25	25	24	24	50889	24	36529	24	25011	23	16363	22	10939	22	7208	23	25	24	23				26	25	24	25	25	23	26	24	25	36	24	26	23	23	23	22	23	23	23	27	24				28	24	25	24	25	24	51204	26	36753	23	24942	24	16476	23	11095	23	7277	24	25	25	24																																																																																																		
4:10:00	37.0																										70375	24	51962	23	71	23	50110	24	36035	23	23889	23	16062	23	10666	22	6975	23	24	26	21423				27	24	26	24	24	25	25	24	25	23	24	23	23	23	22	22	22	22	22	24	23				71841	24	51591	24	25	24	50445	25	35815	24	23981	23	15642	23	10637	22	6931	22	25	24	21065				28	24	27	23	24	23	25	26	25	23	24	30	23	23	23	22	23	23	23	23	24				72634	24	52602	24	23	24	49267	23	35973	24	24413	22	16173	22	10713	22	6979	22	25	23	20865				26	53	24	24	23	23	26	24	25	23	25	23	23	23	22	22	23	22	23	24	23				24	24	23	24	24	23	47940	39	35488	24	24514	23	16356	22	10957	22	7136	22	25	23	23				30	24	24	23	23	25	26	24	25	28	24	23	24	22	22	22	23	28	23	23	23				24	29	25	24	25	23	50971	24	36549	24	25051	23	16382	23	10947	22	7253	23	25	23	24				25	25	24	25	24	24	26	24	25	36	24	25	23	22	23	22	23	23	23	28	24				28	25	25	25	24	24	51427	26	36731	24	24963	23	16452	22	11097	23	7279	24	25	24	24																																																																																																		
4:15:00	37.0																										70631	24	52091	23	72	23	49970	24	36095	23	24007	23	16083	22	10685	22	6988	23	25	26	21438				27	24	26	23	23	25	25	24	25	23	24	23	23	23	23	22	22	22	22	23	23				71842	24	51578	24	24	24	50489	25	35901	23	23917	23	15602	22	10656	22	6922	23	25	23	21050				27	24	26	23	24	24	25	26	24	23	24	30	22	23	23	22	23	23	23	23	24				72840	24	52714	24	24	23	49322	24	35912	24	24599	23	16150	23	10747	22	7002	22	26	23	20927				26	53	25	24	23	23	25	23	25	23	23	23	24	23	23	22	23	22	23	23	23				24	24	24	25	24	23	48184	39	35693	24	24543	23	16335	22	10985	22	7133	23	25	24	23				30	24	24	24	23	24	26	23	25	27	24	23	24	23	22	22	22	28	23	24	23				25	28	25	24	25	24	50985	24	36546	24	25075	23	16388	23	10915	22	7238	23	26	23	23				25	25	23	24	24	24	26	24	25	35	25	26	23	22	23	22	23	23	23	29	24				28	25	25	25	24	24	51426	25	36699	23	24986	23	16400	22	11045	23	7285	24	25	25	24																																																																																																		
4:20:00	37.0																										70801	24	52179	23	74	23	49846	24	36018	23	23876	23	16076	22	10691	22	6982	23	24	27	21414				27	23	26	23	23	26	25	24	25	23	24	23	23	22	23	22	23	22	22	23	23				72140	24	51750	25	24	23	50497	25	35881	24	23858	22	15586	23	10618	22	6906	23	25	23	21090				28	24	26	24	24	23	25	26	25	24	23	30	23	23	22	23	23	23	23	23	25				73266	24	52591	24	24	23	49467	23	36036	24	24580	22	16183	22	10719	22	6987	22	26	23	20840				26	53	25	24	24	23	26	24	25	23	24	23	23	23	22	22	22	22	23	23	23				24	25	23	25	24	23	48636	39	35809	24	24498	23	16331	23	10919	22	7176	22	25	23	23				30	24	24	24	23	24	26	24	25	28	25	24	24	22	22	22	23	28	23	23	22				24	29	25	24	24	23	51084	24	36593	23	25059	23	16345	23	10939	22	7208	23	26	23	24				26	25	24	24	24	24	26	24	25	36	24	26	23	22	23	23	23	23	23	28	24				28	25	25	25	24	24	51360	26	36681	24	24902	23	16365	23	11096	23	7267	24	26	25	24																																																																																																		
4:25:00	37.0																										70958	24	51978	23	74	23	50064	24	36130	23	23926	23	16094	23	10658	22	6987	23	25	26	21483				27	24	26	24	24	25	25	24	25	23	24	23	23	22	23	22	23	22	22	23	23				71995	24	51839	24	24	24	50635	25	35922	23	24033	23	15624	23	10610	22	6906	22	25	23	21000				28	24	26	24	24	23	25	26	25	23	24	30	23	22	22	23	22	22	23	23	25				73052	24	52573	23	23	23	49568	23	36124	24	24596	23	16229	22	10744	22	6983	22	26	23	20888				26	53	25	24	23	23	26	23	24	23	24	23	23	23	22	22	23	22	23	23	23				24	23	24	25	24	23	48882	39	35854	23	24569	24	16297	23	10964	22	7149	23	25	23	23				30	24	24	24	23	24	26	25	25	28	24	23	23	22	22	22	22	28	23	23	23				24	29	25	24	24	24	51155	24	36528	23	25173	23	16404	22	10927	22	7254	24	25	23	23				25	25	24	24	25	24	26	24	25	36	25	26	24	23	22	23	23	24	23	28	24				28	24	25	25	25	24	51266	25	36805	23	25076	23	16384	22	11054	23	7289	24	25	25	24																																																																																																		
4:30:00	37.0																										70846	23	52123	23	75	23	50132	24	35996	23	23906	23	16093	22	10664	23	6969	23	25	26	21389				27	23	26	23	23	26	25	24	25	23	24	23	23	23	22	22	22	22	22	23	24				72256	25	51655	24	24	24	50444	25	35859	23	23843	23	15622	23	10638	22	6918	23	25	23	21064				27	24	26	24	24	23	26	26	25	24	24	30	23	23	22	22	23	22	23	23	24				73437	24	52619	24	23	23	49724	24	36391	23	24565	23	16234	22	10769	22	7002	23	26	23	20885				26	53	25	24	23	23	26	24	25	23	24	23	23	22	23	21	23	22	23	23	24				24	24	24	25	24	23	49190	39	36047	24	24564	23	16363	23	10983	22	7140	23	25	23	24				30	23	24	23	24	24	25	24	25	27	25	24	24	23	23	22	22	28	23	23	22				24	28	25	25	24	23	51246	24	36589	24	25190	23	16399	23	10934	22	7223	23	26	23	24				25	25	24	24	24	24	26	24	24	36	24	26	23	22	23	22	23	23	23	28	24				28	25	25	25	24	24	51496	26	36756	24	25059	23	16444	22	11090	23	7293	24	26	24	24																																																																																																		
4:35:00	37.0																										71122	24	52204	23	75	23	50029	24	36207	23	23947	23	16129	22	10666	22	6981	23	24	26	21470				27	24	26	23	23	26	25	24	25	23	24	23	23	22	23	22	23	22	22	23	24				72397	24	51644	24	24	23	50719	25	36067	23	23889	23	15599	23	10645	23	6923	23	24	23	21088				28	24	26	24	23	23	25	26	24	23	24	30	23	23	23	22	23	23	23	23	25				73620	24	52583	24	24	23	49932	23	36275	24	24678	23	16169	23	10705	22	6974	22	26	24	20909				26	54	25	24	23	24	26	23	26	23	24	22	23	22	22	22	23	23	23	23	24				24	24	23	25	24	23	49344	39	36156	24	24489	23	16343	22	11000	22	7160	23	25	24	23				29	24	24	24	23	25	26	24	25	28	24	23	24	23	22	22	22	28	23	23	23				25	28	25	24	24	24	51164	24	36664	24	25142	23	16358	23	10924	22	7243	23	26	23	24				25	25	24	24	24	24	26	25	25	36	24	26	24	23	23	23	23	23	23	28	24				27	25	25	25	24	24	51486	25	36834	23	24995	23	16449	23	11078	23	7313	24	25	25	24																																																																																																		
4:40:00	37.0																										71198	24	52263	23	77	23	50142	24	36171	23	24023	23	16133	23	10676	22	6999	23	25	26	21553				27	24	26	24	23	26	25	24	25	23	24	23	23	22	22	22	22	22	23	23	23				72352	25	51803	24	24	23	50643	25	35956	23	23955	23	15612	22	10676	22	6917	23	25	23	21093				27	24	26	24	24	23	25	26	24	23	24	30	23	23	23	22	22	22	23	23	24				73502	24	52805	23	24	23	50026	24	36313	24	24634	23	16234	22	10768	23	6998	22	26	23	20902				26	54	25	24	23	23	26	24	25	23	24	23	23	23	22	22	23	22	23	23	24				23	24	23	25	24	23	49520	39	36392	23	24615	24	16344	23	10960	22	7142	23	25	23	23				30	24	24	23	23	25	26	24	25	28	24	23	23	22	22	23	22	27	23	23	23				24	28	25	24	24	23	51384	24	36631	24	25123	23	16391	23	10975	22	7248	23	25	23	23				25	25	24	24	24	24	26	24	26	36	24	26	23	23	23	22	23	23	23	28	23				28	25	25	24	24	24	51483	26	36900	23	25069	23	16428	23	11136	22	7274	24	25	25	24																																																																																																		
4:45:00	37.0																										71148	24	52177	24	78	23	50005	24	36229	23	23934	23	16117	23	10693	22	6997	23	25	26	21480				27	23	25	24	24	25	25	24	26	23	24	23	23	22	22	22	22	22	22	23	23				72480	25	51765	24	24	24	50664	25	36085	24	23980	23	15594	22	10659	22	6902	23	24	23	21064				27	25	26	24	24	23	25	26	25	24	24	30	23	22	23	23	23	23	24	23	24				73931	24	52887	24	23	23	50209	24	36550	24	24653	23	16299	23	10716	22	6983	22	26	23	20874				26	54	24	24	23	23	26	24	25	23	24	24	23	23	22	22	22	22	23	23	23				24	24	23	25	24	23	49713	38	36336	24	24662	23	16325	23	11010	22	7150	23	26	23	23				30	24	24	24	23	24	25	24	25	27	24	24	24	22	22	22	22	28	23	23	22				24	29	25	24	24	24	51370	24	36651	24	25147	24	16390	23	10931	22	7228	23	25	23	23				25	25	24	24	24	24	26	25	25	36	24	25	23	22	23	22	23	23	24	28	24				28	25	24	25	24	24	51580	26	37000	23	24984	23	16473	23	11123	23	7314	24	26	25	24																																																																																																		
4:50:00	37.0																										71254	24	52277	23	79	23	50081	24	36289	23	24055	23	16144	22	10675	23	6987	23	25	26	21459				28	23	26	24	23	25	25	24	25	23	24	23	23	22	22	22	23	23	22	23	23				72743	25	51810	24	24	23	50598	25	35882	23	23977	23	15541	23	10656	22	6926	23	24	23	21066				28	24	26	23	23	23	25	26	25	23	23	30	23	23	23	23	23	23	23	23	24				73542	24	52522	24	24	23	50221	24	36414	24	24664	23	16231	22	10735	22	6988	23	25	23	20846				26	54	25	24	23	23	26	23	25	23	24	24	23	23	22	22	23	23	23	23	24				24	24	24	25	24	23	50001	39	36433	24	24704	23	16330	23	10962	22	7167	22	26	24	23				30	24	24	24	23	24	25	24	25	27	24	23	23	22	22	22	23	28	23	24	23				25	29	25	24	24	23	51470	24	36684	23	25144	24	16394	23	10942	22	7250	23	26	23	23				25	25	24	24	24	24	26	24	25	36	24	26	24	22	23	22	23	23	23	28	24				28	25	25	25	25	24	51469	25	36879	23	25007	23	16408	22	11076	23	7292	24	26	25	24																																																																																																		
4:55:00	37.0																										71653	24	52197	23	80	23	50033	24	36145	23	23936	23	16150	23	10682	22	6975	23	25	26	21495				27	24	26	24	23	25	25	24	25	23	24	23	23	22	23	22	22	23	23	23	23				72731	24	51697	24	25	23	50616	25	35953	23	23910	23	15560	22	10625	22	6907	23	25	24	21010				28	24	27	24	24	23	26	26	25	24	24	30	23	23	23	22	23	22	23	23	24				74099	24	52575	24	23	23	50192	24	36471	24	24674	23	16236	22	10692	22	6972	22	26	23	20931				26	53	25	25	23	23	26	24	25	23	24	23	23	23	23	22	23	22	23	23	23				24	24	24	25	24	24	49968	39	36441	23	24670	24	16383	22	10992	22	7172	23	26	24	23				30	24	24	24	23	24	26	24	26	28	24	23	23	22	23	22	22	27	23	24	23				24	28	25	24	24	24	51527	24	36760	24	25226	23	16365	22	10924	22	7222	23	25	23	23				25	25	24	24	24	24	26	24	25	36	24	26	23	23	23	23	23	23	24	28	23				28	25	25	25	24	24	51555	26	36813	24	25088	23	16412	22	11067	23	7288	24	25	25	24																																																																																																		
5:00:00	37.0																										71831	24	52264	24	81	23	50121	24	36195	23	24006	23	16108	22	10699	22	7006	23	25	26	21536				28	24	26	23	23	25	25	24	25	23	24	23	23	23	23	22	23	23	22	23	23				73141	24	51933	24	25	24	50678	25	36079	23	24032	23	15620	22	10673	22	6918	23	25	23	21044				27	24	26	24	24	23	25	26	25	24	24	30	23	23	23	22	23	22	23	23	25				73690	24	52611	23	24	23	50381	23	36478	24	24582	22	16276	23	10737	22	6964	22	26	23	20928				26	54	25	24	23	24	26	24	25	24	24	23	23	23	23	22	23	22	23	24	23				24	24	23	25	24	24	50143	39	36575	24	24685	23	16372	22	10998	22	7172	23	25	24	23				30	24	24	24	24	24	25	23	25	27	24	24	24	23	23	22	23	28	23	23	23				24	28	25	24	24	24	51600	25	36753	24	25173	23	16409	23	10944	22	7234	23	26	23	24				25	25	25	25	24	24	26	25	25	36	24	26	24	22	23	22	23	23	23	28	24				28	25	25	25	24	25	51468	26	36901	24	25121	24	16421	23	11046	23	7294	25	26	25	24																																																																																																		
5:05:00	37.0																										71624	23	52064	23	82	23	50124	24	36256	23	24003	23	16127	23	10680	23	6985	23	25	26	21490				27	24	25	24	24	26	25	24	25	23	24	23	23	22	23	22	23	23	23	23	24				73004	24	51767	25	24	24	50806	25	35904	23	23963	23	15543	23	10622	22	6927	23	25	23	21008				28	24	26	24	24	24	25	26	25	24	24	30	23	23	23	22	23	22	23	23	24				74044	24	52641	24	23	24	50447	24	36512	23	24673	23	16193	22	10720	23	6967	22	26	23	20894				26	53	25	24	23	23	26	24	26	24	24	23	23	23	22	23	23	23	23	23	24				24	24	24	25	24	23	50304	39	36562	24	24669	24	16360	22	11011	22	7193	22	26	24	23				30	24	24	24	23	24	25	24	25	27	24	24	24	23	22	22	22	28	23	23	23				25	28	25	24	24	23	51584	24	36726	24	25149	23	16403	23	10945	22	7244	23	26	23	24				26	25	24	25	24	24	26	24	26	36	24	26	24	22	23	23	23	23	23	28	24				28	25	25	25	24	23	51696	26	36871	23	25041	23	16415	23	11084	23	7279	24	26	24	24																																																																																																		
5:10:00	37.0																										71864	24	52339	23	83	23	50302	24	36231	23	23972	23	16105	23	10682	22	7010	23	25	26	21526				27	24	25	24	23	26	25	24	25	23	23	23	23	23	23	22	23	23	22	23	23				72780	25	51725	25	24	24	50588	25	36060	23	24066	23	15606	23	10638	22	6943	22	25	23	21103				28	24	26	24	24	23	25	26	26	24	24	30	23	22	23	22	23	23	23	23	24				74176	24	52927	23	24	23	50567	24	36524	24	24629	23	16251	22	10716	23	6981	22	26	23	20966				27	53	25	24	24	23	26	24	25	23	24	24	23	23	22	22	23	22	23	24	24				24	24	23	25	24	23	50436	39	36716	24	24797	23	16398	23	11020	22	7154	22	25	24	23				30	24	24	23	23	24	25	24	25	27	24	23	23	23	23	22	22	28	23	23	23				24	28	25	24	24	23	51580	25	36816	24	25258	23	16398	23	10958	22	7277	23	25	24	24				25	26	25	24	24	24	26	25	25	36	24	25	23	23	23	22	23	23	24	29	24				28	25	25	25	24	24	51711	25	36861	23	25092	23	16488	23	11076	23	7306	24	26	25	24																																																																																																		
5:15:00	37.0																										71558	24	52239	23	84	24	50264	24	36210	23	23997	22	16146	23	10686	22	6984	23	25	26	21538				27	24	26	24	24	25	24	23	24	23	24	23	23	22	23	22	23	23	22	23	23				72967	24	51687	25	24	24	50573	25	35929	23	23940	23	15598	23	10622	22	6931	22	25	23	21035				28	24	26	24	24	23	25	26	25	24	24	30	23	23	23	22	23	23	23	23	24				73972	24	52736	24	23	23	50562	24	36464	24	24672	23	16231	22	10763	22	6978	22	26	23	20936				26	54	25	24	23	23	26	24	25	23	24	23	23	23	22	22	23	23	23	23	23				24	24	23	25	24	23	50556	39	36591	24	24688	24	16396	23	10978	22	7170	22	26	23	23				30	24	24	23	24	24	25	24	25	27	24	23	24	23	22	22	22	28	23	23	23				24	29	26	24	24	23	51813	24	36874	23	25224	23	16372	23	10931	23	7235	23	25	24	24				26	25	25	24	25	24	26	24	26	37	25	26	24	22	23	23	23	23	23	28	24				28	25	25	25	24	24	51637	26	36936	23	25012	23	16431	23	11086	23	7289	24	26	25	24																																																																																																		
5:20:00	37.0																										71761	24	52254	23	84	23	50245	25	36185	23	24054	23	16105	23	10684	22	6989	23	25	26	21513				27	24	25	23	23	25	25	24	25	23	24	23	23	22	23	22	23	22	22	23	23				73152	24	51735	24	24	23	50669	25	35971	23	23956	23	15550	22	10645	22	6913	23	25	23	21008				28	24	26	24	24	23	25	27	26	24	24	30	23	23	23	22	23	23	23	23	24				74257	24	52666	24	23	23	50574	24	36445	24	24742	23	16277	23	10745	23	6965	22	26	23	20915				26	54	25	24	24	24	26	24	25	23	25	23	23	23	23	23	23	22	23	23	23				24	23	23	25	24	24	50746	39	36550	24	24710	23	16366	23	11002	22	7171	22	26	23	23				30	24	24	24	23	24	26	24	25	28	24	23	24	23	23	23	22	28	23	23	23				24	29	25	25	24	24	51493	24	36917	23	25236	24	16369	23	10891	22	7267	23	25	23	23				25	25	24	24	24	24	26	24	25	37	24	26	23	23	23	22	23	23	23	28	24				28	24	25	25	24	24	51735	25	36927	24	25101	23	16447	23	11110	23	7300	24	26	25	24																																																																																																		
5:25:00	37.0																										71808	24	52173	23	85	23	50195	24	36247	23	24091	23	16167	23	10646	22	7000	23	25	26	21577				27	24	26	24	23	25	25	24	25	23	24	23	23	23	23	22	23	22	23	24	23				73151	24	51863	24	24	23	50765	25	35907	23	24042	23	15638	23	10685	22	6937	23	25	23	21135				28	24	26	24	24	23	25	26	25	23	24	30	23	23	23	23	23	23	23	23	24				74266	24	52789	24	23	23	50774	24	36548	24	24667	23	16294	23	10740	23	6971	22	26	23	20976				26	54	25	25	24	24	26	24	25	24	24	23	23	22	22	22	22	22	24	23	23				24	24	23	25	24	23	50792	39	36706	24	24729	23	16382	22	11026	22	7173	22	26	23	23				30	24	24	24	23	24	26	24	25	28	24	23	24	22	23	22	23	28	23	23	23				24	29	25	24	24	24	51512	24	36793	24	25206	24	16424	23	10936	23	7239	23	26	24	24				25	25	24	24	24	24	26	24	25	36	25	27	24	23	24	23	23	23	23	28	24				28	25	25	24	24	24	51922	26	36988	23	25069	23	16451	23	11065	23	7289	24	26	25	24																																																																																																		
5:30:00	37.0																										72110	24	52373	23	86	23	50444	24	36260	23	23968	23	16174	23	10719	22	6988	23	26	27	21589				28	24	26	24	23	26	25	24	26	23	24	23	23	23	23	22	22	22	23	23	24				73480	25	51918	25	24	23	50783	25	36080	24	24031	23	15569	23	10628	22	6926	23	25	23	21181				27	24	26	23	24	23	25	26	25	23	24	30	23	23	23	23	23	23	23	23	25				74365	24	52763	24	23	23	50616	24	36470	24	24718	23	16278	22	10736	23	6946	22	26	24	20946				26	54	25	24	23	23	25	24	26	23	24	23	24	23	23	22	23	23	24	23	23				24	24	23	25	24	23	50716	39	36654	24	24782	24	16376	23	11028	22	7213	22	26	24	23				30	24	24	24	23	24	25	24	25	27	24	23	24	23	23	23	22	28	23	24	23				25	28	25	25	24	23	51479	24	36893	24	25152	24	16363	22	10915	22	7240	24	26	24	24				25	25	24	24	25	24	26	24	25	37	24	26	24	23	23	22	23	23	23	28	24				28	24	25	25	25	24	51895	26	36940	23	25147	23	16371	23	11049	23	7270	24	26	25	24																																																																																																		
5:35:00	37.0																										71950	24	52428	23	87	23	50098	24	36310	23	24020	23	16156	22	10681	23	7007	23	25	27	21603				28	23	26	24	24	25	25	24	24	23	24	23	23	23	23	22	23	22	22	24	23				73465	24	52105	24	24	24	50955	25	36080	23	24053	23	15578	23	10644	23	6955	23	25	24	21075				28	24	26	24	24	23	25	26	25	23	24	30	23	23	23	22	23	23	22	23	24				74483	24	52808	24	24	23	50684	24	36536	24	24649	23	16287	22	10724	23	6997	22	26	24	20930				26	54	25	24	24	23	25	24	25	23	24	23	23	22	23	22	23	23	23	23	23				24	24	24	25	24	24	50733	39	36767	24	24759	23	16409	23	11025	22	7170	23	26	24	23				30	24	24	23	23	24	25	25	25	27	24	24	24	23	23	22	23	28	23	24	23				24	28	25	24	24	23	51583	24	36840	24	25253	23	16325	23	10944	22	7260	23	25	23	24				26	25	24	24	25	24	27	24	25	36	24	26	23	23	23	22	24	23	23	28	24				27	25	25	25	24	25	52330	25	37066	24	25131	23	16484	22	11111	23	7294	24	26	24	24																																																																																																		
5:40:00	37.0																										72367	24	52603	23	88	23	50332	24	36516	23	24072	23	16171	23	10696	22	7009	23	25	26	21668				28	24	26	24	24	25	25	24	25	23	24	23	23	23	23	22	22	23	22	23	23				73374	24	51915	25	24	24	50893	26	36016	23	24020	23	15629	23	10707	22	6910	23	25	23	21087				28	24	26	24	24	23	25	26	25	23	23	30	23	22	23	22	23	23	23	23	25				74363	25	52757	24	24	23	50774	24	36612	24	24806	23	16280	23	10732	22	6976	22	26	23	21060				26	54	26	24	24	23	26	24	26	24	24	24	23	23	22	22	23	23	23	24	23				24	24	24	26	24	23	50876	39	36773	24	24745	23	16418	23	11018	22	7196	22	26	24	23				30	23	24	23	23	25	25	24	25	27	24	23	24	22	22	22	23	27	23	24	23				24	28	25	25	24	24	51605	24	37011	24	25199	24	16369	24	10932	23	7263	23	26	23	24				26	25	24	24	24	23	26	24	25	36	24	26	23	23	23	23	23	23	23	28	24				28	25	25	25	25	24	51893	26	37097	24	25168	23	16440	23	11120	23	7303	24	26	25	25																																																																																																		
5:45:00	37.0																										72510	24	52521	24	89	24	50356	24	36345	23	24045	23	16152	23	10717	22	7001	24	25	26	21612				27	24	26	24	24	25	25	24	25	24	24	23	23	23	23	23	23	22	22	24	24				73555	25	52023	24	24	24	50853	25	36071	23	24119	23	15626	23	10631	22	6939	23	25	23	21086				28	24	26	24	24	23	25	26	25	24	24	31	23	23	23	23	23	23	23	23	25				74320	25	52709	24	24	23	50583	24	36672	24	24702	23	16309	23	10710	22	6979	22	26	23	20987				26	54	25	24	24	23	26	24	25	23	24	23	23	22	23	22	22	22	24	24	23				24	24	24	26	24	24	50943	39	36938	24	24737	23	16453	22	11064	22	7185	23	25	24	23				30	25	24	24	23	24	25	24	25	28	24	24	24	23	23	22	23	28	23	23	23				24	28	25	24	24	24	51768	24	36958	23	25249	23	16334	23	10955	22	7268	23	26	23	23				25	25	25	24	25	24	26	25	25	37	24	26	23	22	23	22	23	24	23	28	23				28	25	25	25	24	24	51897	26	37139	24	25167	24	16540	23	11052	23	7304	25	26	25	24																																																																																																		
5:50:00	37.0																										72007	24	52283	23	90	23	50384	24	36321	23	23994	23	16166	23	10746	22	6993	23	25	27	21550				28	23	26	24	24	25	24	24	25	23	24	23	23	23	23	22	23	22	23	23	24				73599	24	51927	24	25	24	50910	25	36138	23	24049	23	15570	23	10668	22	6916	23	25	23	21098				28	25	26	24	24	24	26	26	25	23	24	30	24	23	23	22	23	22	23	23	24				74538	24	52701	24	23	23	50756	24	36510	24	24751	22	16379	22	10707	22	6960	22	26	24	20918				26	54	25	24	23	23	26	24	25	24	24	23	23	23	23	22	23	22	23	24	23				24	24	24	25	24	24	50992	39	36741	24	24713	23	16425	23	11071	22	7225	22	26	24	23				31	24	24	23	23	25	25	24	25	27	24	23	24	22	22	23	23	28	23	24	23				24	29	25	25	24	24	51720	24	37063	23	25258	24	16406	23	10916	22	7288	23	26	24	24				26	25	24	24	24	24	26	24	26	37	25	25	23	22	23	22	23	23	23	28	24				27	25	25	25	24	24	51799	25	37052	23	25195	24	16458	23	11100	23	7306	24	27	25	24																																																																																																		
5:55:00	37.0																										72510	24	52262	23	91	23	50443	24	36316	23	24080	23	16149	23	10686	22	7024	23	25	26	21692				28	24	26	23	24	26	25	25	25	23	24	22	23	23	23	22	22	22	22	24	24				73751	24	51818	24	24	23	50915	26	36032	24	23980	23	15679	23	10677	23	6967	23	25	23	21154				28	24	26	24	24	24	25	26	25	24	24	30	24	23	23	22	23	23	23	23	24				74732	24	52774	23	24	23	50918	24	36581	24	24785	23	16331	23	10690	23	6981	22	26	24	20905				26	54	26	25	24	24	26	24	25	24	24	23	23	23	22	22	22	23	23	23	24				24	25	24	25	24	23	51227	40	37062	24	24778	24	16410	23	11078	22	7189	22	26	24	23				30	24	24	24	23	25	26	24	25	28	24	23	24	23	23	22	22	27	23	24	23				25	29	25	25	24	24	51835	24	36874	24	25270	24	16424	24	10944	22	7277	23	26	23	23				26	25	25	24	25	24	26	25	25	36	24	26	24	23	23	22	23	23	24	28	24				28	24	25	25	24	24	52082	25	37243	24	25282	24	16484	22	11105	23	7294	24	26	25	24																																																																																																		
6:00:00	37.0																										72330	24	52401	23	92	23	50332	24	36381	23	24048	22	16199	22	10714	23	7025	23	25	27	21644				28	24	26	24	23	26	25	24	25	23	24	23	23	23	23	23	23	22	22	24	24				73923	25	52036	24	25	23	51003	25	36160	23	24061	23	15643	23	10710	23	6938	23	25	23	21086				28	24	27	24	24	23	25	26	25	23	24	31	23	23	22	23	24	22	24	23	25				74768	25	52865	23	23	24	50843	24	36734	24	24772	23	16326	22	10744	23	6995	22	26	23	20880				26	54	25	24	24	23	26	24	25	24	24	23	23	23	23	22	23	23	23	23	23				24	24	23	25	24	24	51322	39	36862	24	24871	24	16425	23	11074	22	7221	23	26	24	23				30	25	24	23	24	24	26	24	25	28	24	24	24	23	23	22	23	27	23	23	23				24	29	25	25	24	24	51445	24	36882	24	25303	23	16374	24	10964	22	7289	23	25	24	24				25	25	24	25	24	24	26	24	25	37	24	26	24	23	23	22	23	23	23	28	24				28	25	25	25	24	24	52065	26	37089	23	25264	24	16419	23	11108	24	7292	24	26	25	24																																																																																																		

