ID,Well,Date,Experiment,Name,Type,PMix ID,NEB in Pmix,[PMix] (mg/mL),Ribosome ID,[Ribosome] (uM),SMS ID,tRNA ID,[tRNA] (ug/uL),DNA ID,[DNA] (ng/uL),PMix Vol (uL),Rxn Volume (uL),[DNA] (nM),[Magnesium acetate] (mM),[Creatine phosphate] (mM),[Potassium glutamate] (mM),[ATP] (mM),[GTP] (mM),[Amino acid mix] (mM),[HEPES] (mM),[PPK] (uM),[PolyP] (mM),[CTP] (mM),[UTP] (mM),[TCEP] (mM),[Folinic acid] (mM),[Spermidine] (mM),[RNase Inhib] (U/mL),Reader Type,Reader Serial Number,Gain,Read Type,HEPES ID,Potassium glutamate ID,Magnesium acetate ID,ATP ID,GTP ID,CTP ID,UTP ID,Creatine phosphate ID,TCEP ID,Folinic acid ID,Spermidine ID,Amino acid mix ID,PolyP ID,PPK ID,[PEG] (%),[PEG4K 40%] (%),Product,RNase Inhib ID,Condition,success,sigmoid_steady_state,sigmoid_rate (1/h),sigmoid_time_offset (h),drift_rate (1/h),drift_rate_time_offset (h)
id,note,note,feature,note,note,note,feature,feature,note,feature,note,note,feature,note,note,note,note,feature,feature,feature,feature,feature,feature,feature,note,feature,feature,note,note,note,note,note,feature,feature,note,feature,feature,note,note,note,note,note,note,note,note,note,note,note,note,note,note,feature,note,feature,note,feature,output,output,output,note,output,note
,,,categorical,,,,binary,real,,real,,,real,,,,,real,real,real,real,real,real,real,,real,real,,,,,,real,categorical,,categorical,categorical,,,,,,,,,,,,,,,real,,categorical,,categorical,binary,real,real,,real,
NIST-standards-PURExpress-plamGFP-deGFP-B2a,B2,11/24/2025 0:00,NIST-standards-PURExpress-plamGFP-deGFP,plamGFP,Sample,NEB Sol B,TRUE,1.8,NEB Sol B,1.8,NEB Sol A,NEB Sol B,3.5,AR-804,6.2744,3,10,3.285026178,8,20,100,2,2,0.3,50,0,0,1,1,1,0.02,2,2000,Cytation3,130723A,35,F,NEB Sol A,NEB Sol A,NEB Sol A,NEB Sol A,NEB Sol A,NEB Sol A,NEB Sol A,NEB Sol A,NEB Sol A,NEB Sol A,NEB Sol A,NEB Sol A,NEB Sol A,NEB Sol A,0,0,plamGFP,Unknown,R&D,TRUE,1.262481008,2.91252455,1.532982368,0.038109659,1.836463412
NIST-standards-PURExpress-plamGFP-deGFP-B2b,B2,11/24/2025 0:00,NIST-standards-PURExpress-plamGFP-deGFP,plamGFP,Sample,NEB Sol B,TRUE,1.8,NEB Sol B,1.8,NEB Sol A,NEB Sol B,3.5,AR-804,6.2744,3,10,3.285026178,8,20,100,2,2,0.3,50,0,0,1,1,1,0.02,2,2000,Cytation5,1705168,ext,M,NEB Sol A,NEB Sol A,NEB Sol A,NEB Sol A,NEB Sol A,NEB Sol A,NEB Sol A,NEB Sol A,NEB Sol A,NEB Sol A,NEB Sol A,NEB Sol A,NEB Sol A,NEB Sol A,0,0,plamGFP,Unknown,R&D,TRUE,1.741849148,2.327727283,1.434347605,0.035100957,4.046733281
NIST-standards-PURExpress-plamGFP-deGFP-B2c,B2,11/24/2025 0:00,NIST-standards-PURExpress-plamGFP-deGFP,plamGFP,Sample,NEB Sol B,TRUE,1.8,NEB Sol B,1.8,NEB Sol A,NEB Sol B,3.5,AR-804,6.2744,3,10,3.285026178,8,20,100,2,2,0.3,50,0,0,1,1,1,0.02,2,2000,Synergy 2,206621,50,F,NEB Sol A,NEB Sol A,NEB Sol A,NEB Sol A,NEB Sol A,NEB Sol A,NEB Sol A,NEB Sol A,NEB Sol A,NEB Sol A,NEB Sol A,NEB Sol A,NEB Sol A,NEB Sol A,0,0,plamGFP,Unknown,R&D,TRUE,2.435744078,2.468947351,1.501297992,0.051621073,2.967282172
NIST-standards-PURExpress-plamGFP-deGFP-B4a,B4,11/24/2025 0:00,NIST-standards-PURExpress-plamGFP-deGFP,deGFP,Sample,NEB Sol B,TRUE,1.8,NEB Sol B,1.8,NEB Sol A,NEB Sol B,3.5,AR-889,19.173,3,10,10.4201087,8,20,100,2,2,0.3,50,0,0,1,1,1,0.02,2,2000,Cytation3,130723A,35,F,NEB Sol A,NEB Sol A,NEB Sol A,NEB Sol A,NEB Sol A,NEB Sol A,NEB Sol A,NEB Sol A,NEB Sol A,NEB Sol A,NEB Sol A,NEB Sol A,NEB Sol A,NEB Sol A,0,0,deGFP,Unknown,R&D,TRUE,1.033056622,2.514084127,1.050716914,0.015858044,6
NIST-standards-PURExpress-plamGFP-deGFP-B4b,B4,11/24/2025 0:00,NIST-standards-PURExpress-plamGFP-deGFP,deGFP,Sample,NEB Sol B,TRUE,1.8,NEB Sol B,1.8,NEB Sol A,NEB Sol B,3.5,AR-889,19.173,3,10,10.4201087,8,20,100,2,2,0.3,50,0,0,1,1,1,0.02,2,2000,Cytation5,1705168,ext,M,NEB Sol A,NEB Sol A,NEB Sol A,NEB Sol A,NEB Sol A,NEB Sol A,NEB Sol A,NEB Sol A,NEB Sol A,NEB Sol A,NEB Sol A,NEB Sol A,NEB Sol A,NEB Sol A,0,0,deGFP,Unknown,R&D,TRUE,1.146306512,2.527975993,0.946967124,0.014284897,6.030555556
NIST-standards-PURExpress-plamGFP-deGFP-B4c,B4,11/24/2025 0:00,NIST-standards-PURExpress-plamGFP-deGFP,deGFP,Sample,NEB Sol B,TRUE,1.8,NEB Sol B,1.8,NEB Sol A,NEB Sol B,3.5,AR-889,19.173,3,10,10.4201087,8,20,100,2,2,0.3,50,0,0,1,1,1,0.02,2,2000,Synergy 2,206621,50,F,NEB Sol A,NEB Sol A,NEB Sol A,NEB Sol A,NEB Sol A,NEB Sol A,NEB Sol A,NEB Sol A,NEB Sol A,NEB Sol A,NEB Sol A,NEB Sol A,NEB Sol A,NEB Sol A,0,0,deGFP,Unknown,R&D,TRUE,1.728951388,2.555495755,1.000088392,0.02014839,6
NIST-standards-PURExpress-plamGFP-deGFP-B6a,B6,11/24/2025 0:00,NIST-standards-PURExpress-plamGFP-deGFP,Negative Control,Negative Control,NEB Sol B,TRUE,1.8,NEB Sol B,1.8,NEB Sol A,NEB Sol B,3.5,Unknown,0,0,10,0,8,20,100,2,2,0.3,50,0,0,1,1,1,0.02,2,0,Cytation3,130723A,35,F,NEB Sol A,NEB Sol A,NEB Sol A,NEB Sol A,NEB Sol A,NEB Sol A,NEB Sol A,NEB Sol A,NEB Sol A,NEB Sol A,NEB Sol A,NEB Sol A,NEB Sol A,NEB Sol A,0,0,Unknown,Unknown,R&D,TRUE,0.002947549,0.579641532,4.333325637,-0.000165181,3.996679309
NIST-standards-PURExpress-plamGFP-deGFP-B6b,B6,11/24/2025 0:00,NIST-standards-PURExpress-plamGFP-deGFP,Negative Control,Negative Control,NEB Sol B,TRUE,1.8,NEB Sol B,1.8,NEB Sol A,NEB Sol B,3.5,Unknown,0,0,10,0,8,20,100,2,2,0.3,50,0,0,1,1,1,0.02,2,0,Cytation5,1705168,ext,M,NEB Sol A,NEB Sol A,NEB Sol A,NEB Sol A,NEB Sol A,NEB Sol A,NEB Sol A,NEB Sol A,NEB Sol A,NEB Sol A,NEB Sol A,NEB Sol A,NEB Sol A,NEB Sol A,0,0,Unknown,Unknown,R&D,FALSE,0.003198061,,,,
NIST-standards-PURExpress-plamGFP-deGFP-B6c,B6,11/24/2025 0:00,NIST-standards-PURExpress-plamGFP-deGFP,Negative Control,Negative Control,NEB Sol B,TRUE,1.8,NEB Sol B,1.8,NEB Sol A,NEB Sol B,3.5,Unknown,0,0,10,0,8,20,100,2,2,0.3,50,0,0,1,1,1,0.02,2,0,Synergy 2,206621,50,F,NEB Sol A,NEB Sol A,NEB Sol A,NEB Sol A,NEB Sol A,NEB Sol A,NEB Sol A,NEB Sol A,NEB Sol A,NEB Sol A,NEB Sol A,NEB Sol A,NEB Sol A,NEB Sol A,0,0,Unknown,Unknown,R&D,FALSE,0.012943536,,,,
NIST-standards-PURExpress-plamGFP-deGFP-D2a,D2,11/24/2025 0:00,NIST-standards-PURExpress-plamGFP-deGFP,plamGFP,Sample,NEB Sol B,TRUE,1.8,NEB Sol B,1.8,NEB Sol A,NEB Sol B,3.5,AR-804,6.2744,3,10,3.285026178,8,20,100,2,2,0.3,50,0,0,1,1,1,0.02,2,2000,Cytation3,130723A,35,F,NEB Sol A,NEB Sol A,NEB Sol A,NEB Sol A,NEB Sol A,NEB Sol A,NEB Sol A,NEB Sol A,NEB Sol A,NEB Sol A,NEB Sol A,NEB Sol A,NEB Sol A,NEB Sol A,0,0,plamGFP,Unknown,R&D,TRUE,1.286329204,2.885690452,1.536951342,0.038674095,1.854586827
NIST-standards-PURExpress-plamGFP-deGFP-D2b,D2,11/24/2025 0:00,NIST-standards-PURExpress-plamGFP-deGFP,plamGFP,Sample,NEB Sol B,TRUE,1.8,NEB Sol B,1.8,NEB Sol A,NEB Sol B,3.5,AR-804,6.2744,3,10,3.285026178,8,20,100,2,2,0.3,50,0,0,1,1,1,0.02,2,2000,Cytation5,1705168,ext,M,NEB Sol A,NEB Sol A,NEB Sol A,NEB Sol A,NEB Sol A,NEB Sol A,NEB Sol A,NEB Sol A,NEB Sol A,NEB Sol A,NEB Sol A,NEB Sol A,NEB Sol A,NEB Sol A,0,0,plamGFP,Unknown,R&D,TRUE,1.719547609,2.315438801,1.439694769,0.034787894,4.047519205
NIST-standards-PURExpress-plamGFP-deGFP-D2c,D2,11/24/2025 0:00,NIST-standards-PURExpress-plamGFP-deGFP,plamGFP,Sample,NEB Sol B,TRUE,1.8,NEB Sol B,1.8,NEB Sol A,NEB Sol B,3.5,AR-804,6.2744,3,10,3.285026178,8,20,100,2,2,0.3,50,0,0,1,1,1,0.02,2,2000,Synergy 2,206621,50,F,NEB Sol A,NEB Sol A,NEB Sol A,NEB Sol A,NEB Sol A,NEB Sol A,NEB Sol A,NEB Sol A,NEB Sol A,NEB Sol A,NEB Sol A,NEB Sol A,NEB Sol A,NEB Sol A,0,0,plamGFP,Unknown,R&D,TRUE,2.484943341,2.466286468,1.496516256,0.051070361,3.058420779
NIST-standards-PURExpress-plamGFP-deGFP-D4a,D4,11/24/2025 0:00,NIST-standards-PURExpress-plamGFP-deGFP,deGFP,Sample,NEB Sol B,TRUE,1.8,NEB Sol B,1.8,NEB Sol A,NEB Sol B,3.5,AR-889,19.173,3,10,10.4201087,8,20,100,2,2,0.3,50,0,0,1,1,1,0.02,2,2000,Cytation3,130723A,35,F,NEB Sol A,NEB Sol A,NEB Sol A,NEB Sol A,NEB Sol A,NEB Sol A,NEB Sol A,NEB Sol A,NEB Sol A,NEB Sol A,NEB Sol A,NEB Sol A,NEB Sol A,NEB Sol A,0,0,deGFP,Unknown,R&D,TRUE,1.024702136,2.495121655,1.057142946,0.01566656,6
NIST-standards-PURExpress-plamGFP-deGFP-D4b,D4,11/24/2025 0:00,NIST-standards-PURExpress-plamGFP-deGFP,deGFP,Sample,NEB Sol B,TRUE,1.8,NEB Sol B,1.8,NEB Sol A,NEB Sol B,3.5,AR-889,19.173,3,10,10.4201087,8,20,100,2,2,0.3,50,0,0,1,1,1,0.02,2,2000,Cytation5,1705168,ext,M,NEB Sol A,NEB Sol A,NEB Sol A,NEB Sol A,NEB Sol A,NEB Sol A,NEB Sol A,NEB Sol A,NEB Sol A,NEB Sol A,NEB Sol A,NEB Sol A,NEB Sol A,NEB Sol A,0,0,deGFP,Unknown,R&D,TRUE,1.166313428,2.499282173,0.947509109,0.015017531,6.030555556
NIST-standards-PURExpress-plamGFP-deGFP-D4c,D4,11/24/2025 0:00,NIST-standards-PURExpress-plamGFP-deGFP,deGFP,Sample,NEB Sol B,TRUE,1.8,NEB Sol B,1.8,NEB Sol A,NEB Sol B,3.5,AR-889,19.173,3,10,10.4201087,8,20,100,2,2,0.3,50,0,0,1,1,1,0.02,2,2000,Synergy 2,206621,50,F,NEB Sol A,NEB Sol A,NEB Sol A,NEB Sol A,NEB Sol A,NEB Sol A,NEB Sol A,NEB Sol A,NEB Sol A,NEB Sol A,NEB Sol A,NEB Sol A,NEB Sol A,NEB Sol A,0,0,deGFP,Unknown,R&D,TRUE,1.719558526,2.566238544,0.99987255,0.019447078,6
NIST-standards-PURExpress-plamGFP-deGFP-F2a,F2,11/24/2025 0:00,NIST-standards-PURExpress-plamGFP-deGFP,plamGFP,Sample,NEB Sol B,TRUE,1.8,NEB Sol B,1.8,NEB Sol A,NEB Sol B,3.5,AR-804,6.2744,3,10,3.285026178,8,20,100,2,2,0.3,50,0,0,1,1,1,0.02,2,2000,Cytation3,130723A,35,F,NEB Sol A,NEB Sol A,NEB Sol A,NEB Sol A,NEB Sol A,NEB Sol A,NEB Sol A,NEB Sol A,NEB Sol A,NEB Sol A,NEB Sol A,NEB Sol A,NEB Sol A,NEB Sol A,0,0,plamGFP,Unknown,R&D,TRUE,1.30624191,2.87858367,1.537132487,0.038929971,1.876844159
NIST-standards-PURExpress-plamGFP-deGFP-F2b,F2,11/24/2025 0:00,NIST-standards-PURExpress-plamGFP-deGFP,plamGFP,Sample,NEB Sol B,TRUE,1.8,NEB Sol B,1.8,NEB Sol A,NEB Sol B,3.5,AR-804,6.2744,3,10,3.285026178,8,20,100,2,2,0.3,50,0,0,1,1,1,0.02,2,2000,Cytation5,1705168,ext,M,NEB Sol A,NEB Sol A,NEB Sol A,NEB Sol A,NEB Sol A,NEB Sol A,NEB Sol A,NEB Sol A,NEB Sol A,NEB Sol A,NEB Sol A,NEB Sol A,NEB Sol A,NEB Sol A,0,0,plamGFP,Unknown,R&D,TRUE,1.776901188,2.303777758,1.43164823,0.035308076,4.187580446
NIST-standards-PURExpress-plamGFP-deGFP-F2c,F2,11/24/2025 0:00,NIST-standards-PURExpress-plamGFP-deGFP,plamGFP,Sample,NEB Sol B,TRUE,1.8,NEB Sol B,1.8,NEB Sol A,NEB Sol B,3.5,AR-804,6.2744,3,10,3.285026178,8,20,100,2,2,0.3,50,0,0,1,1,1,0.02,2,2000,Synergy 2,206621,50,F,NEB Sol A,NEB Sol A,NEB Sol A,NEB Sol A,NEB Sol A,NEB Sol A,NEB Sol A,NEB Sol A,NEB Sol A,NEB Sol A,NEB Sol A,NEB Sol A,NEB Sol A,NEB Sol A,0,0,plamGFP,Unknown,R&D,TRUE,2.401764254,2.474051638,1.485952292,0.051991691,2.928119419
NIST-standards-PURExpress-plamGFP-deGFP-F4a,F4,11/24/2025 0:00,NIST-standards-PURExpress-plamGFP-deGFP,deGFP,Sample,NEB Sol B,TRUE,1.8,NEB Sol B,1.8,NEB Sol A,NEB Sol B,3.5,AR-889,19.173,3,10,10.4201087,8,20,100,2,2,0.3,50,0,0,1,1,1,0.02,2,2000,Cytation3,130723A,35,F,NEB Sol A,NEB Sol A,NEB Sol A,NEB Sol A,NEB Sol A,NEB Sol A,NEB Sol A,NEB Sol A,NEB Sol A,NEB Sol A,NEB Sol A,NEB Sol A,NEB Sol A,NEB Sol A,0,0,deGFP,Unknown,R&D,TRUE,1.041816431,2.482636611,1.062138627,0.015885423,6
NIST-standards-PURExpress-plamGFP-deGFP-F4b,F4,11/24/2025 0:00,NIST-standards-PURExpress-plamGFP-deGFP,deGFP,Sample,NEB Sol B,TRUE,1.8,NEB Sol B,1.8,NEB Sol A,NEB Sol B,3.5,AR-889,19.173,3,10,10.4201087,8,20,100,2,2,0.3,50,0,0,1,1,1,0.02,2,2000,Cytation5,1705168,ext,M,NEB Sol A,NEB Sol A,NEB Sol A,NEB Sol A,NEB Sol A,NEB Sol A,NEB Sol A,NEB Sol A,NEB Sol A,NEB Sol A,NEB Sol A,NEB Sol A,NEB Sol A,NEB Sol A,0,0,deGFP,Unknown,R&D,TRUE,1.149660484,2.502141866,0.937909308,0.015058641,6.030555556
NIST-standards-PURExpress-plamGFP-deGFP-F4c,F4,11/24/2025 0:00,NIST-standards-PURExpress-plamGFP-deGFP,deGFP,Sample,NEB Sol B,TRUE,1.8,NEB Sol B,1.8,NEB Sol A,NEB Sol B,3.5,AR-889,19.173,3,10,10.4201087,8,20,100,2,2,0.3,50,0,0,1,1,1,0.02,2,2000,Synergy 2,206621,50,F,NEB Sol A,NEB Sol A,NEB Sol A,NEB Sol A,NEB Sol A,NEB Sol A,NEB Sol A,NEB Sol A,NEB Sol A,NEB Sol A,NEB Sol A,NEB Sol A,NEB Sol A,NEB Sol A,0,0,deGFP,Unknown,R&D,TRUE,1.697058298,2.585344535,1.023562783,0.014865738,5.740694425
Pmix-MFG-116-B2,B2,12/18/2025 0:00,Pmix-MFG-116,AR-925,Sample,AR-925,FALSE,1.8,AR-907,3.24,AR-895,AR-900,3.5,Unknown,6,1.2,10,3.141361257,8,20,100,2,2,0.3,50,0,0,1,1,1,0.02,2,2000,Cytation5,1705168,ext,M,Unknown,Unknown,Unknown,Unknown,Unknown,Unknown,Unknown,Unknown,Unknown,Unknown,Unknown,Unknown,Unknown,Unknown,0,0,plamGFP,Unknown,MFG,TRUE,0.900463896,4.333311255,0.70149204,0.006394096,6.006388889
Pmix-MFG-116-B4,B4,12/18/2025 0:00,Pmix-MFG-116,AR-926,Sample,AR-926,FALSE,1.8,AR-907,3.24,AR-895,AR-900,3.5,Unknown,6,1.2,10,3.141361257,8,20,100,2,2,0.3,50,0,0,1,1,1,0.02,2,2000,Cytation5,1705168,ext,M,Unknown,Unknown,Unknown,Unknown,Unknown,Unknown,Unknown,Unknown,Unknown,Unknown,Unknown,Unknown,Unknown,Unknown,0,0,plamGFP,Unknown,MFG,TRUE,0.968493427,4.402443816,0.684026349,0.006897982,6.006388889
Pmix-MFG-116-B6,B6,12/18/2025 0:00,Pmix-MFG-116,Positive,Positive Control,NEB Sol B,TRUE,1.8,NEB Sol B,1.8,NEB Sol A,NEB Sol B,3.5,Unknown,6,3,10,3.141361257,8,20,100,2,2,0.3,50,0,0,1,1,1,0.02,2,2000,Cytation5,1705168,ext,M,NEB Sol A,NEB Sol A,NEB Sol A,NEB Sol A,NEB Sol A,NEB Sol A,NEB Sol A,NEB Sol A,NEB Sol A,NEB Sol A,NEB Sol A,NEB Sol A,NEB Sol A,NEB Sol A,0,0,plamGFP,Unknown,MFG,TRUE,0.869756502,2.208191969,1.214328129,0.010233057,6.006388889
Pmix-MFG-116-B8,B8,12/18/2025 0:00,Pmix-MFG-116,Negative,Negative Control,NEB Sol B,TRUE,1.8,NEB Sol B,1.8,NEB Sol A,NEB Sol B,3.5,Unknown,0,3,10,0,8,20,100,2,2,0.3,50,0,0,1,1,1,0.02,2,0,Cytation5,1705168,ext,M,NEB Sol A,NEB Sol A,NEB Sol A,NEB Sol A,NEB Sol A,NEB Sol A,NEB Sol A,NEB Sol A,NEB Sol A,NEB Sol A,NEB Sol A,NEB Sol A,NEB Sol A,NEB Sol A,0,0,Unknown,Unknown,MFG,FALSE,0.002854253,,,,
Pmix-MFG-116-D2,D2,12/18/2025 0:00,Pmix-MFG-116,AR-925,Sample,AR-925,FALSE,1.8,AR-907,3.24,AR-895,AR-901,3.5,Unknown,6,1.2,10,3.141361257,8,20,100,2,2,0.3,50,0,0,1,1,1,0.02,2,2000,Cytation5,1705168,ext,M,Unknown,Unknown,Unknown,Unknown,Unknown,Unknown,Unknown,Unknown,Unknown,Unknown,Unknown,Unknown,Unknown,Unknown,0,0,plamGFP,Unknown,MFG,TRUE,0.949698841,4.360317345,0.692360777,0.006626957,6.006388889
Pmix-MFG-116-D4,D4,12/18/2025 0:00,Pmix-MFG-116,AR-926,Sample,AR-926,FALSE,1.8,AR-907,3.24,AR-895,AR-901,3.5,Unknown,6,1.2,10,3.141361257,8,20,100,2,2,0.3,50,0,0,1,1,1,0.02,2,2000,Cytation5,1705168,ext,M,Unknown,Unknown,Unknown,Unknown,Unknown,Unknown,Unknown,Unknown,Unknown,Unknown,Unknown,Unknown,Unknown,Unknown,0,0,plamGFP,Unknown,MFG,TRUE,0.974581944,4.436501459,0.678075505,0.007038596,6.006388889
Pmix-MFG-116-D6,D6,12/18/2025 0:00,Pmix-MFG-116,Positive,Positive Control,NEB Sol B,TRUE,1.8,NEB Sol B,1.8,NEB Sol A,NEB Sol B,3.5,Unknown,6,3,10,3.141361257,8,20,100,2,2,0.3,50,0,0,1,1,1,0.02,2,2000,Cytation5,1705168,ext,M,NEB Sol A,NEB Sol A,NEB Sol A,NEB Sol A,NEB Sol A,NEB Sol A,NEB Sol A,NEB Sol A,NEB Sol A,NEB Sol A,NEB Sol A,NEB Sol A,NEB Sol A,NEB Sol A,0,0,plamGFP,Unknown,MFG,TRUE,0.850976761,2.181980845,1.170766766,0.011184601,6.006388889
Pmix-MFG-116-F2,F2,12/18/2025 0:00,Pmix-MFG-116,AR-925,Sample,AR-925,FALSE,1.8,AR-907,3.24,AR-895,AR-902,3.5,Unknown,6,1.2,10,3.141361257,8,20,100,2,2,0.3,50,0,0,1,1,1,0.02,2,2000,Cytation5,1705168,ext,M,Unknown,Unknown,Unknown,Unknown,Unknown,Unknown,Unknown,Unknown,Unknown,Unknown,Unknown,Unknown,Unknown,Unknown,0,0,plamGFP,Unknown,MFG,TRUE,0.93339783,4.398576851,0.683117448,0.006613144,6.006388889
Pmix-MFG-116-F4,F4,12/18/2025 0:00,Pmix-MFG-116,AR-926,Sample,AR-926,FALSE,1.8,AR-907,3.24,AR-895,AR-902,3.5,Unknown,6,1.2,10,3.141361257,8,20,100,2,2,0.3,50,0,0,1,1,1,0.02,2,2000,Cytation5,1705168,ext,M,Unknown,Unknown,Unknown,Unknown,Unknown,Unknown,Unknown,Unknown,Unknown,Unknown,Unknown,Unknown,Unknown,Unknown,0,0,plamGFP,Unknown,MFG,TRUE,0.977643206,4.463672253,0.668261658,0.007253166,6.006388889
Pmix-MFG-116-F6,F6,12/18/2025 0:00,Pmix-MFG-116,Positive,Positive Control,NEB Sol B,TRUE,1.8,NEB Sol B,1.8,NEB Sol A,NEB Sol B,3.5,Unknown,6,3,10,3.141361257,8,20,100,2,2,0.3,50,0,0,1,1,1,0.02,2,2000,Cytation5,1705168,ext,M,NEB Sol A,NEB Sol A,NEB Sol A,NEB Sol A,NEB Sol A,NEB Sol A,NEB Sol A,NEB Sol A,NEB Sol A,NEB Sol A,NEB Sol A,NEB Sol A,NEB Sol A,NEB Sol A,0,0,plamGFP,Unknown,MFG,TRUE,0.861968415,2.17332932,1.204308649,0.010622423,6.006388889
PMix_(AR-931)_QC_PURE_Timecourse-B10,B10,1/5/2026 0:00,PMix_(AR-931)_QC_PURE_Timecourse,Positive Control,Positive Control,NEB Sol B,TRUE,1.8,NEB Sol B,1.8,NEB Sol A,NEB Sol B,3.5,AR-931,5.9,1.2,10,3.089005236,8,20,100,2,2,0.3,50,0,0,1,1,1,0.02,2,2000,Cytation5,1705168,ext,M,NEB Sol A,NEB Sol A,NEB Sol A,NEB Sol A,NEB Sol A,NEB Sol A,NEB Sol A,NEB Sol A,NEB Sol A,NEB Sol A,NEB Sol A,NEB Sol A,NEB Sol A,NEB Sol A,0,0,plamGFP,Unknown,MFG,TRUE,0.952887752,2.173362821,1.307807353,0.011669746,6.010277778
PMix_(AR-931)_QC_PURE_Timecourse-B2,B2,1/5/2026 0:00,PMix_(AR-931)_QC_PURE_Timecourse,AR-931 + AR-906,Sample,AR-931,FALSE,1.8,AR-906,3.24,AR-895,AR-901,3.5,AR-931,5.9,1.2,10,3.089005236,8,20,100,2,2,0.3,50,0,0,1,1,1,0.02,2,2000,Cytation5,1705168,ext,M,Unknown,Unknown,Unknown,Unknown,Unknown,Unknown,Unknown,Unknown,Unknown,Unknown,Unknown,Unknown,Unknown,Unknown,0,0,plamGFP,Unknown,MFG,TRUE,1.017461112,3.975078124,0.865812082,0.005481447,6.010277778
PMix_(AR-931)_QC_PURE_Timecourse-B6,B6,1/5/2026 0:00,PMix_(AR-931)_QC_PURE_Timecourse,AR-931 + AR-855,Sample,AR-931,FALSE,1.8,AR-855,1.8,AR-895,AR-901,3.5,AR-931,5.9,1.2,10,3.089005236,8,20,100,2,2,0.3,50,0,0,1,1,1,0.02,2,2000,Cytation5,1705168,ext,M,Unknown,Unknown,Unknown,Unknown,Unknown,Unknown,Unknown,Unknown,Unknown,Unknown,Unknown,Unknown,Unknown,Unknown,0,0,plamGFP,Unknown,MFG,TRUE,0.964858402,3.27569296,0.901564184,0.009097784,6.010277778
PMix_(AR-931)_QC_PURE_Timecourse-B8,B8,1/5/2026 0:00,PMix_(AR-931)_QC_PURE_Timecourse,AR-931 + AR-904,Sample,AR-931,FALSE,1.8,AR-904,1.8,AR-895,AR-901,3.5,AR-931,5.9,1.2,10,3.089005236,8,20,100,2,2,0.3,50,0,0,1,1,1,0.02,2,2000,Cytation5,1705168,ext,M,Unknown,Unknown,Unknown,Unknown,Unknown,Unknown,Unknown,Unknown,Unknown,Unknown,Unknown,Unknown,Unknown,Unknown,0,0,plamGFP,Unknown,MFG,TRUE,1.007487365,2.948934092,0.990476125,0.009829451,5.459863368
PMix_(AR-931)_QC_PURE_Timecourse-D10,D10,1/5/2026 0:00,PMix_(AR-931)_QC_PURE_Timecourse,Positive Control,Positive Control,NEB Sol B,TRUE,1.8,NEB Sol B,1.8,NEB Sol A,NEB Sol B,3.5,AR-931,5.9,1.2,10,3.089005236,8,20,100,2,2,0.3,50,0,0,1,1,1,0.02,2,2000,Cytation5,1705168,ext,M,NEB Sol A,NEB Sol A,NEB Sol A,NEB Sol A,NEB Sol A,NEB Sol A,NEB Sol A,NEB Sol A,NEB Sol A,NEB Sol A,NEB Sol A,NEB Sol A,NEB Sol A,NEB Sol A,0,0,plamGFP,Unknown,MFG,TRUE,0.99083461,2.186165811,1.288553828,0.012358646,6.010277778
PMix_(AR-931)_QC_PURE_Timecourse-D2,D2,1/5/2026 0:00,PMix_(AR-931)_QC_PURE_Timecourse,AR-931 + AR-906,Sample,AR-931,FALSE,1.8,AR-906,3.24,AR-895,AR-901,3.5,AR-931,5.9,1.2,10,3.089005236,8,20,100,2,2,0.3,50,0,0,1,1,1,0.02,2,2000,Cytation5,1705168,ext,M,Unknown,Unknown,Unknown,Unknown,Unknown,Unknown,Unknown,Unknown,Unknown,Unknown,Unknown,Unknown,Unknown,Unknown,0,0,plamGFP,Unknown,MFG,TRUE,1.004093649,3.979359022,0.857035514,0.005801191,6.010277778
PMix_(AR-931)_QC_PURE_Timecourse-D6,D6,1/5/2026 0:00,PMix_(AR-931)_QC_PURE_Timecourse,AR-931 + AR-855,Sample,AR-931,FALSE,1.8,AR-855,1.8,AR-895,AR-901,3.5,AR-931,5.9,1.2,10,3.089005236,8,20,100,2,2,0.3,50,0,0,1,1,1,0.02,2,2000,Cytation5,1705168,ext,M,Unknown,Unknown,Unknown,Unknown,Unknown,Unknown,Unknown,Unknown,Unknown,Unknown,Unknown,Unknown,Unknown,Unknown,0,0,plamGFP,Unknown,MFG,TRUE,0.950943247,3.371054178,0.896280499,0.010375725,5.424879836
PMix_(AR-931)_QC_PURE_Timecourse-D8,D8,1/5/2026 0:00,PMix_(AR-931)_QC_PURE_Timecourse,AR-931 + AR-904,Sample,AR-931,FALSE,1.8,AR-904,1.8,AR-895,AR-901,3.5,AR-931,5.9,1.2,10,3.089005236,8,20,100,2,2,0.3,50,0,0,1,1,1,0.02,2,2000,Cytation5,1705168,ext,M,Unknown,Unknown,Unknown,Unknown,Unknown,Unknown,Unknown,Unknown,Unknown,Unknown,Unknown,Unknown,Unknown,Unknown,0,0,plamGFP,Unknown,MFG,TRUE,1.057896688,2.922466267,0.954064933,0.012237061,6.010277778
PMix_(AR-931)_QC_PURE_Timecourse-F10,F10,1/5/2026 0:00,PMix_(AR-931)_QC_PURE_Timecourse,Positive Control,Positive Control,NEB Sol B,TRUE,1.8,NEB Sol B,1.8,NEB Sol A,NEB Sol B,3.5,AR-931,5.9,1.2,10,3.089005236,8,20,100,2,2,0.3,50,0,0,1,1,1,0.02,2,2000,Cytation5,1705168,ext,M,NEB Sol A,NEB Sol A,NEB Sol A,NEB Sol A,NEB Sol A,NEB Sol A,NEB Sol A,NEB Sol A,NEB Sol A,NEB Sol A,NEB Sol A,NEB Sol A,NEB Sol A,NEB Sol A,0,0,plamGFP,Unknown,MFG,TRUE,0.916499603,2.160114725,1.293398416,0.011325037,6.010277778
PMix_(AR-931)_QC_PURE_Timecourse-F2,F2,1/5/2026 0:00,PMix_(AR-931)_QC_PURE_Timecourse,AR-931 + AR-906,Sample,AR-931,FALSE,1.8,AR-906,3.24,AR-895,AR-901,3.5,AR-931,5.9,1.2,10,3.089005236,8,20,100,2,2,0.3,50,0,0,1,1,1,0.02,2,2000,Cytation5,1705168,ext,M,Unknown,Unknown,Unknown,Unknown,Unknown,Unknown,Unknown,Unknown,Unknown,Unknown,Unknown,Unknown,Unknown,Unknown,0,0,plamGFP,Unknown,MFG,TRUE,1.01399817,3.779469163,0.86992879,0.0065586,6.010277778
PMix_(AR-931)_QC_PURE_Timecourse-F6,F6,1/5/2026 0:00,PMix_(AR-931)_QC_PURE_Timecourse,AR-931 + AR-855,Sample,AR-931,FALSE,1.8,AR-855,1.8,AR-895,AR-901,3.5,AR-931,5.9,1.2,10,3.089005236,8,20,100,2,2,0.3,50,0,0,1,1,1,0.02,2,2000,Cytation5,1705168,ext,M,Unknown,Unknown,Unknown,Unknown,Unknown,Unknown,Unknown,Unknown,Unknown,Unknown,Unknown,Unknown,Unknown,Unknown,0,0,plamGFP,Unknown,MFG,TRUE,0.955655267,3.199153455,0.894843179,0.009623763,6.010277778
PMix_(AR-931)_QC_PURE_Timecourse-F8,F8,1/5/2026 0:00,PMix_(AR-931)_QC_PURE_Timecourse,AR-931 + AR-904,Sample,AR-931,FALSE,1.8,AR-904,1.8,AR-895,AR-901,3.5,AR-931,5.9,1.2,10,3.089005236,8,20,100,2,2,0.3,50,0,0,1,1,1,0.02,2,2000,Cytation5,1705168,ext,M,Unknown,Unknown,Unknown,Unknown,Unknown,Unknown,Unknown,Unknown,Unknown,Unknown,Unknown,Unknown,Unknown,Unknown,0,0,plamGFP,Unknown,MFG,TRUE,1.042433509,2.883947255,0.945445739,0.012757173,6.010277778
PMix-MFG-128-PURE-Activity-QC-B2,B2,1/27/2026 0:00,PMix-MFG-128-PURE-Activity-QC,PMix AR-949 QC,Sample,AR-949,FALSE,1.8,AR-904,1.8,AR-895,AR-901,3.5,AR-889,5.9,1.2,10,3.206521739,8,20,100,2,2,0.3,50,0,0,1,1,1,0.02,2,2000,Cytation5,1705168,ext,M,Unknown,Unknown,Unknown,Unknown,Unknown,Unknown,Unknown,Unknown,Unknown,Unknown,Unknown,Unknown,Unknown,Unknown,0,0,deGFP,Unknown,MFG,TRUE,0.653615876,3.590438696,0.864849737,0.004718188,5.79473057
PMix-MFG-128-PURE-Activity-QC-B4,B4,1/27/2026 0:00,PMix-MFG-128-PURE-Activity-QC,PMix AR-950 QC,Sample,AR-950,FALSE,1.8,AR-904,1.8,AR-895,AR-901,3.5,AR-889,5.9,1.2,10,3.206521739,8,20,100,2,2,0.3,50,0,0,1,1,1,0.02,2,2000,Cytation5,1705168,ext,M,Unknown,Unknown,Unknown,Unknown,Unknown,Unknown,Unknown,Unknown,Unknown,Unknown,Unknown,Unknown,Unknown,Unknown,0,0,deGFP,Unknown,MFG,TRUE,0.34431079,5.24699303,0.732735032,0.000924487,4.249037958
PMix-MFG-128-PURE-Activity-QC-B8,B8,1/27/2026 0:00,PMix-MFG-128-PURE-Activity-QC,Positive Control,Positive Control,NEB Sol B,TRUE,1.8,NEB Sol B,1.8,NEB Sol A,NEB Sol B,3.5,AR-931,5.9,1.2,10,3.089005236,8,20,100,2,2,0.3,50,0,0,1,1,1,0.02,2,2000,Cytation5,1705168,ext,M,NEB Sol A,NEB Sol A,NEB Sol A,NEB Sol A,NEB Sol A,NEB Sol A,NEB Sol A,NEB Sol A,NEB Sol A,NEB Sol A,NEB Sol A,NEB Sol A,NEB Sol A,NEB Sol A,0,0,plamGFP,Unknown,MFG,TRUE,0.804775886,2.288153006,1.173469347,0.009793712,6.009166667
PMix-MFG-128-PURE-Activity-QC-D2,D2,1/27/2026 0:00,PMix-MFG-128-PURE-Activity-QC,PMix AR-949 QC,Sample,AR-949,FALSE,1.8,AR-904,1.8,AR-895,AR-901,3.5,AR-889,5.9,1.2,10,3.206521739,8,20,100,2,2,0.3,50,0,0,1,1,1,0.02,2,2000,Cytation5,1705168,ext,M,Unknown,Unknown,Unknown,Unknown,Unknown,Unknown,Unknown,Unknown,Unknown,Unknown,Unknown,Unknown,Unknown,Unknown,0,0,deGFP,Unknown,MFG,TRUE,0.770400317,3.344864307,0.865296068,0.007192513,6.009166667
PMix-MFG-128-PURE-Activity-QC-D4,D4,1/27/2026 0:00,PMix-MFG-128-PURE-Activity-QC,PMix AR-950 QC,Sample,AR-950,FALSE,1.8,AR-904,1.8,AR-895,AR-901,3.5,AR-889,5.9,1.2,10,3.206521739,8,20,100,2,2,0.3,50,0,0,1,1,1,0.02,2,2000,Cytation5,1705168,ext,M,Unknown,Unknown,Unknown,Unknown,Unknown,Unknown,Unknown,Unknown,Unknown,Unknown,Unknown,Unknown,Unknown,Unknown,0,0,deGFP,Unknown,MFG,TRUE,0.376870166,5.461451756,0.732682922,0.000497649,4.256222913
PMix-MFG-128-PURE-Activity-QC-D8,D8,1/27/2026 0:00,PMix-MFG-128-PURE-Activity-QC,Positive Control,Positive Control,NEB Sol B,TRUE,1.8,NEB Sol B,1.8,NEB Sol A,NEB Sol B,3.5,AR-931,5.9,1.2,10,3.089005236,8,20,100,2,2,0.3,50,0,0,1,1,1,0.02,2,2000,Cytation5,1705168,ext,M,NEB Sol A,NEB Sol A,NEB Sol A,NEB Sol A,NEB Sol A,NEB Sol A,NEB Sol A,NEB Sol A,NEB Sol A,NEB Sol A,NEB Sol A,NEB Sol A,NEB Sol A,NEB Sol A,0,0,plamGFP,Unknown,MFG,TRUE,0.797138778,2.310767726,1.158045488,0.009803064,6.009166667
PMix-MFG-128-PURE-Activity-QC-F2,F2,1/27/2026 0:00,PMix-MFG-128-PURE-Activity-QC,PMix AR-949 QC,Sample,AR-949,FALSE,1.8,AR-904,1.8,AR-895,AR-901,3.5,AR-889,5.9,1.2,10,3.206521739,8,20,100,2,2,0.3,50,0,0,1,1,1,0.02,2,2000,Cytation5,1705168,ext,M,Unknown,Unknown,Unknown,Unknown,Unknown,Unknown,Unknown,Unknown,Unknown,Unknown,Unknown,Unknown,Unknown,Unknown,0,0,deGFP,Unknown,MFG,TRUE,0.744849668,3.102453558,0.878809407,0.008570508,6.009166667
PMix-MFG-128-PURE-Activity-QC-F4,F4,1/27/2026 0:00,PMix-MFG-128-PURE-Activity-QC,PMix AR-950 QC,Sample,AR-950,FALSE,1.8,AR-904,1.8,AR-895,AR-901,3.5,AR-889,5.9,1.2,10,3.206521739,8,20,100,2,2,0.3,50,0,0,1,1,1,0.02,2,2000,Cytation5,1705168,ext,M,Unknown,Unknown,Unknown,Unknown,Unknown,Unknown,Unknown,Unknown,Unknown,Unknown,Unknown,Unknown,Unknown,Unknown,0,0,deGFP,Unknown,MFG,TRUE,0.414436193,5.083091812,0.7679099,0.000664829,4.288898687
PMix-MFG-128-PURE-Activity-QC-F8,F8,1/27/2026 0:00,PMix-MFG-128-PURE-Activity-QC,Positive Control,Positive Control,NEB Sol B,TRUE,1.8,NEB Sol B,1.8,NEB Sol A,NEB Sol B,3.5,AR-931,5.9,1.2,10,3.089005236,8,20,100,2,2,0.3,50,0,0,1,1,1,0.02,2,2000,Cytation5,1705168,ext,M,NEB Sol A,NEB Sol A,NEB Sol A,NEB Sol A,NEB Sol A,NEB Sol A,NEB Sol A,NEB Sol A,NEB Sol A,NEB Sol A,NEB Sol A,NEB Sol A,NEB Sol A,NEB Sol A,0,0,plamGFP,Unknown,MFG,TRUE,0.770755544,2.302234621,1.141856879,0.009635279,6.009166667
MFG-129-tRNA-PURE-Activity-QC-B10,B10,1/30/2026 0:00,MFG-129-tRNA-PURE-Activity-QC,AR-955 tRNA QC,Sample,AR-931,FALSE,1.8,AR-904,1.8,AR-895,AR-955,3.5,AR-889,5.9,1.2,10,3.206521739,8,20,100,2,2,0.3,50,0,0,1,1,1,0.02,2,2000,Cytation5,1705168,ext,M,Unknown,Unknown,Unknown,Unknown,Unknown,Unknown,Unknown,Unknown,Unknown,Unknown,Unknown,Unknown,Unknown,Unknown,0,0,deGFP,Unknown,MFG,TRUE,0.608262006,3.342916493,0.774122955,0.005108042,4.155096592
MFG-129-tRNA-PURE-Activity-QC-B12,B12,1/30/2026 0:00,MFG-129-tRNA-PURE-Activity-QC,AR-956 tRNA QC,Sample,AR-931,FALSE,1.8,AR-904,1.8,AR-895,AR-956,3.5,AR-889,5.9,1.2,10,3.206521739,8,20,100,2,2,0.3,50,0,0,1,1,1,0.02,2,2000,Cytation5,1705168,ext,M,Unknown,Unknown,Unknown,Unknown,Unknown,Unknown,Unknown,Unknown,Unknown,Unknown,Unknown,Unknown,Unknown,Unknown,0,0,deGFP,Unknown,MFG,TRUE,0.676413625,3.265152354,0.755360703,0.00616427,6.015555556
MFG-129-tRNA-PURE-Activity-QC-B14,B14,1/30/2026 0:00,MFG-129-tRNA-PURE-Activity-QC,AR-957 tRNA QC,Sample,AR-931,FALSE,1.8,AR-904,1.8,AR-895,AR-957,3.5,AR-889,5.9,1.2,10,3.206521739,8,20,100,2,2,0.3,50,0,0,1,1,1,0.02,2,2000,Cytation5,1705168,ext,M,Unknown,Unknown,Unknown,Unknown,Unknown,Unknown,Unknown,Unknown,Unknown,Unknown,Unknown,Unknown,Unknown,Unknown,0,0,deGFP,Unknown,MFG,TRUE,0.730387108,3.312974676,0.766116399,0.006625444,6.015555556
MFG-129-tRNA-PURE-Activity-QC-B18,B18,1/30/2026 0:00,MFG-129-tRNA-PURE-Activity-QC,Positive Control,Positive Control,NEB Sol B,TRUE,1.8,NEB Sol B,1.8,NEB Sol A,NEB Sol B,3.5,AR-931,5.9,1.2,10,3.089005236,8,20,100,2,2,0.3,50,0,0,1,1,1,0.02,2,2000,Cytation5,1705168,ext,M,NEB Sol A,NEB Sol A,NEB Sol A,NEB Sol A,NEB Sol A,NEB Sol A,NEB Sol A,NEB Sol A,NEB Sol A,NEB Sol A,NEB Sol A,NEB Sol A,NEB Sol A,NEB Sol A,0,0,plamGFP,Unknown,MFG,TRUE,0.755410721,2.207323332,1.047281813,0.010251774,6.015555556
MFG-129-tRNA-PURE-Activity-QC-D10,D10,1/30/2026 0:00,MFG-129-tRNA-PURE-Activity-QC,AR-955 tRNA QC,Sample,AR-931,FALSE,1.8,AR-904,1.8,AR-895,AR-955,3.5,AR-889,5.9,1.2,10,3.206521739,8,20,100,2,2,0.3,50,0,0,1,1,1,0.02,2,2000,Cytation5,1705168,ext,M,Unknown,Unknown,Unknown,Unknown,Unknown,Unknown,Unknown,Unknown,Unknown,Unknown,Unknown,Unknown,Unknown,Unknown,0,0,deGFP,Unknown,MFG,TRUE,0.581451899,3.293802539,0.746128639,0.00525445,6.015555556
MFG-129-tRNA-PURE-Activity-QC-D12,D12,1/30/2026 0:00,MFG-129-tRNA-PURE-Activity-QC,AR-956 tRNA QC,Sample,AR-931,FALSE,1.8,AR-904,1.8,AR-895,AR-956,3.5,AR-889,5.9,1.2,10,3.206521739,8,20,100,2,2,0.3,50,0,0,1,1,1,0.02,2,2000,Cytation5,1705168,ext,M,Unknown,Unknown,Unknown,Unknown,Unknown,Unknown,Unknown,Unknown,Unknown,Unknown,Unknown,Unknown,Unknown,Unknown,0,0,deGFP,Unknown,MFG,TRUE,0.615604443,3.272889104,0.745198037,0.00598455,6.015555556
MFG-129-tRNA-PURE-Activity-QC-D14,D14,1/30/2026 0:00,MFG-129-tRNA-PURE-Activity-QC,AR-957 tRNA QC,Sample,AR-931,FALSE,1.8,AR-904,1.8,AR-895,AR-957,3.5,AR-889,5.9,1.2,10,3.206521739,8,20,100,2,2,0.3,50,0,0,1,1,1,0.02,2,2000,Cytation5,1705168,ext,M,Unknown,Unknown,Unknown,Unknown,Unknown,Unknown,Unknown,Unknown,Unknown,Unknown,Unknown,Unknown,Unknown,Unknown,0,0,deGFP,Unknown,MFG,TRUE,0.697119641,3.348459278,0.74561642,0.006919721,6.015555556
MFG-129-tRNA-PURE-Activity-QC-D18,D18,1/30/2026 0:00,MFG-129-tRNA-PURE-Activity-QC,Positive Control,Positive Control,NEB Sol B,TRUE,1.8,NEB Sol B,1.8,NEB Sol A,NEB Sol B,3.5,AR-931,5.9,1.2,10,3.089005236,8,20,100,2,2,0.3,50,0,0,1,1,1,0.02,2,2000,Cytation5,1705168,ext,M,NEB Sol A,NEB Sol A,NEB Sol A,NEB Sol A,NEB Sol A,NEB Sol A,NEB Sol A,NEB Sol A,NEB Sol A,NEB Sol A,NEB Sol A,NEB Sol A,NEB Sol A,NEB Sol A,0,0,plamGFP,Unknown,MFG,TRUE,0.789744093,2.248626701,1.021513321,0.010442722,6.015555556
MFG-129-tRNA-PURE-Activity-QC-F10,F10,1/30/2026 0:00,MFG-129-tRNA-PURE-Activity-QC,AR-955 tRNA QC,Sample,AR-931,FALSE,1.8,AR-904,1.8,AR-895,AR-955,3.5,AR-889,5.9,1.2,10,3.206521739,8,20,100,2,2,0.3,50,0,0,1,1,1,0.02,2,2000,Cytation5,1705168,ext,M,Unknown,Unknown,Unknown,Unknown,Unknown,Unknown,Unknown,Unknown,Unknown,Unknown,Unknown,Unknown,Unknown,Unknown,0,0,deGFP,Unknown,MFG,TRUE,0.560451438,3.474391741,0.73810448,0.00458027,4.179738092
MFG-129-tRNA-PURE-Activity-QC-F12,F12,1/30/2026 0:00,MFG-129-tRNA-PURE-Activity-QC,AR-956 tRNA QC,Sample,AR-931,FALSE,1.8,AR-904,1.8,AR-895,AR-956,3.5,AR-889,5.9,1.2,10,3.206521739,8,20,100,2,2,0.3,50,0,0,1,1,1,0.02,2,2000,Cytation5,1705168,ext,M,Unknown,Unknown,Unknown,Unknown,Unknown,Unknown,Unknown,Unknown,Unknown,Unknown,Unknown,Unknown,Unknown,Unknown,0,0,deGFP,Unknown,MFG,TRUE,0.624902552,3.397892929,0.728061633,0.005654581,6.015555556
MFG-129-tRNA-PURE-Activity-QC-F14,F14,1/30/2026 0:00,MFG-129-tRNA-PURE-Activity-QC,AR-957 tRNA QC,Sample,AR-931,FALSE,1.8,AR-904,1.8,AR-895,AR-957,3.5,AR-889,5.9,1.2,10,3.206521739,8,20,100,2,2,0.3,50,0,0,1,1,1,0.02,2,2000,Cytation5,1705168,ext,M,Unknown,Unknown,Unknown,Unknown,Unknown,Unknown,Unknown,Unknown,Unknown,Unknown,Unknown,Unknown,Unknown,Unknown,0,0,deGFP,Unknown,MFG,TRUE,0.656767773,3.46821632,0.719014436,0.006361203,6.015555556
MFG-129-tRNA-PURE-Activity-QC-F18,F18,1/30/2026 0:00,MFG-129-tRNA-PURE-Activity-QC,Positive Control,Positive Control,NEB Sol B,TRUE,1.8,NEB Sol B,1.8,NEB Sol A,NEB Sol B,3.5,AR-931,5.9,1.2,10,3.089005236,8,20,100,2,2,0.3,50,0,0,1,1,1,0.02,2,2000,Cytation5,1705168,ext,M,NEB Sol A,NEB Sol A,NEB Sol A,NEB Sol A,NEB Sol A,NEB Sol A,NEB Sol A,NEB Sol A,NEB Sol A,NEB Sol A,NEB Sol A,NEB Sol A,NEB Sol A,NEB Sol A,0,0,plamGFP,Unknown,MFG,TRUE,0.745658179,2.222092466,1.012149126,0.009519257,5.495331001
MFG-132-Ribosome-PURE-Activity-QC-B18,B18,1/30/2026 0:00,MFG-132-Ribosome-PURE-Activity-QC,Positive Control,Positive Control,NEB Sol B,TRUE,1.8,NEB Sol B,1.8,NEB Sol A,NEB Sol B,3.5,AR-931,5.9,1.2,10,3.089005236,8,20,100,2,2,0.3,50,0,0,1,1,1,0.02,2,2000,Cytation5,1705168,ext,M,NEB Sol A,NEB Sol A,NEB Sol A,NEB Sol A,NEB Sol A,NEB Sol A,NEB Sol A,NEB Sol A,NEB Sol A,NEB Sol A,NEB Sol A,NEB Sol A,NEB Sol A,NEB Sol A,0,0,plamGFP,Unknown,MFG,TRUE,0.755410721,2.207323332,1.047281813,0.010251774,6.015555556
MFG-132-Ribosome-PURE-Activity-QC-B2,B2,1/30/2026 0:00,MFG-132-Ribosome-PURE-Activity-QC,Ribosome-AR-964-QC,Sample,AR-931,FALSE,1.8,AR-964,1.8,AR-895,AR-901,3.5,AR-889,5.9,1.2,10,3.206521739,8,20,100,2,2,0.3,50,0,0,1,1,1,0.02,2,2000,Cytation5,1705168,ext,M,Unknown,Unknown,Unknown,Unknown,Unknown,Unknown,Unknown,Unknown,Unknown,Unknown,Unknown,Unknown,Unknown,Unknown,0,0,deGFP,Unknown,MFG,TRUE,0.639560648,3.438404098,0.755655221,0.004535829,6.015555556
MFG-132-Ribosome-PURE-Activity-QC-B4,B4,1/30/2026 0:00,MFG-132-Ribosome-PURE-Activity-QC,Ribosome-AR-965-QC,Sample,AR-931,FALSE,1.8,AR-965,1.8,AR-895,AR-901,3.5,AR-889,5.9,1.2,10,3.206521739,8,20,100,2,2,0.3,50,0,0,1,1,1,0.02,2,2000,Cytation5,1705168,ext,M,Unknown,Unknown,Unknown,Unknown,Unknown,Unknown,Unknown,Unknown,Unknown,Unknown,Unknown,Unknown,Unknown,Unknown,0,0,deGFP,Unknown,MFG,TRUE,0.726071059,3.346023898,0.737562962,0.006800567,6.015555556
MFG-132-Ribosome-PURE-Activity-QC-B6,B6,1/30/2026 0:00,MFG-132-Ribosome-PURE-Activity-QC,Ribosome-AR-966-QC,Sample,AR-931,FALSE,1.8,AR-966,1.8,AR-895,AR-901,3.5,AR-889,5.9,1.2,10,3.206521739,8,20,100,2,2,0.3,50,0,0,1,1,1,0.02,2,2000,Cytation5,1705168,ext,M,Unknown,Unknown,Unknown,Unknown,Unknown,Unknown,Unknown,Unknown,Unknown,Unknown,Unknown,Unknown,Unknown,Unknown,0,0,deGFP,Unknown,MFG,TRUE,0.511109185,4.421617627,0.585782799,0.003596351,6.015555556
MFG-132-Ribosome-PURE-Activity-QC-D18,D18,1/30/2026 0:00,MFG-132-Ribosome-PURE-Activity-QC,Positive Control,Positive Control,NEB Sol B,TRUE,1.8,NEB Sol B,1.8,NEB Sol A,NEB Sol B,3.5,AR-931,5.9,1.2,10,3.089005236,8,20,100,2,2,0.3,50,0,0,1,1,1,0.02,2,2000,Cytation5,1705168,ext,M,NEB Sol A,NEB Sol A,NEB Sol A,NEB Sol A,NEB Sol A,NEB Sol A,NEB Sol A,NEB Sol A,NEB Sol A,NEB Sol A,NEB Sol A,NEB Sol A,NEB Sol A,NEB Sol A,0,0,plamGFP,Unknown,MFG,TRUE,0.789744093,2.248626701,1.021513321,0.010442722,6.015555556
MFG-132-Ribosome-PURE-Activity-QC-D2,D2,1/30/2026 0:00,MFG-132-Ribosome-PURE-Activity-QC,Ribosome-AR-964-QC,Sample,AR-931,FALSE,1.8,AR-964,1.8,AR-895,AR-901,3.5,AR-889,5.9,1.2,10,3.206521739,8,20,100,2,2,0.3,50,0,0,1,1,1,0.02,2,2000,Cytation5,1705168,ext,M,Unknown,Unknown,Unknown,Unknown,Unknown,Unknown,Unknown,Unknown,Unknown,Unknown,Unknown,Unknown,Unknown,Unknown,0,0,deGFP,Unknown,MFG,TRUE,0.733939993,3.360504946,0.736279999,0.006529284,6.015555556
MFG-132-Ribosome-PURE-Activity-QC-D4,D4,1/30/2026 0:00,MFG-132-Ribosome-PURE-Activity-QC,Ribosome-AR-965-QC,Sample,AR-931,FALSE,1.8,AR-965,1.8,AR-895,AR-901,3.5,AR-889,5.9,1.2,10,3.206521739,8,20,100,2,2,0.3,50,0,0,1,1,1,0.02,2,2000,Cytation5,1705168,ext,M,Unknown,Unknown,Unknown,Unknown,Unknown,Unknown,Unknown,Unknown,Unknown,Unknown,Unknown,Unknown,Unknown,Unknown,0,0,deGFP,Unknown,MFG,TRUE,0.778325703,3.341727641,0.726484154,0.006830709,6.015555556
MFG-132-Ribosome-PURE-Activity-QC-D6,D6,1/30/2026 0:00,MFG-132-Ribosome-PURE-Activity-QC,Ribosome-AR-966-QC,Sample,AR-931,FALSE,1.8,AR-966,1.8,AR-895,AR-901,3.5,AR-889,5.9,1.2,10,3.206521739,8,20,100,2,2,0.3,50,0,0,1,1,1,0.02,2,2000,Cytation5,1705168,ext,M,Unknown,Unknown,Unknown,Unknown,Unknown,Unknown,Unknown,Unknown,Unknown,Unknown,Unknown,Unknown,Unknown,Unknown,0,0,deGFP,Unknown,MFG,TRUE,0.493752393,4.346037858,0.584765009,0.00363096,6.015555556
MFG-132-Ribosome-PURE-Activity-QC-F18,F18,1/30/2026 0:00,MFG-132-Ribosome-PURE-Activity-QC,Positive Control,Positive Control,NEB Sol B,TRUE,1.8,NEB Sol B,1.8,NEB Sol A,NEB Sol B,3.5,AR-931,5.9,1.2,10,3.089005236,8,20,100,2,2,0.3,50,0,0,1,1,1,0.02,2,2000,Cytation5,1705168,ext,M,NEB Sol A,NEB Sol A,NEB Sol A,NEB Sol A,NEB Sol A,NEB Sol A,NEB Sol A,NEB Sol A,NEB Sol A,NEB Sol A,NEB Sol A,NEB Sol A,NEB Sol A,NEB Sol A,0,0,plamGFP,Unknown,MFG,TRUE,0.745658179,2.222092466,1.012149126,0.009519257,5.495331001
MFG-132-Ribosome-PURE-Activity-QC-F2,F2,1/30/2026 0:00,MFG-132-Ribosome-PURE-Activity-QC,Ribosome-AR-964-QC,Sample,AR-931,FALSE,1.8,AR-964,1.8,AR-895,AR-901,3.5,AR-889,5.9,1.2,10,3.206521739,8,20,100,2,2,0.3,50,0,0,1,1,1,0.02,2,2000,Cytation5,1705168,ext,M,Unknown,Unknown,Unknown,Unknown,Unknown,Unknown,Unknown,Unknown,Unknown,Unknown,Unknown,Unknown,Unknown,Unknown,0,0,deGFP,Unknown,MFG,TRUE,0.755346183,3.505708033,0.735469197,0.005050967,5.54530994
MFG-132-Ribosome-PURE-Activity-QC-F4,F4,1/30/2026 0:00,MFG-132-Ribosome-PURE-Activity-QC,Ribosome-AR-965-QC,Sample,AR-931,FALSE,1.8,AR-965,1.8,AR-895,AR-901,3.5,AR-889,5.9,1.2,10,3.206521739,8,20,100,2,2,0.3,50,0,0,1,1,1,0.02,2,2000,Cytation5,1705168,ext,M,Unknown,Unknown,Unknown,Unknown,Unknown,Unknown,Unknown,Unknown,Unknown,Unknown,Unknown,Unknown,Unknown,Unknown,0,0,deGFP,Unknown,MFG,TRUE,0.700036769,3.354009931,0.72299587,0.006203128,6.015555556
MFG-132-Ribosome-PURE-Activity-QC-F6,F6,1/30/2026 0:00,MFG-132-Ribosome-PURE-Activity-QC,Ribosome-AR-966-QC,Sample,AR-931,FALSE,1.8,AR-966,1.8,AR-895,AR-901,3.5,AR-889,5.9,1.2,10,3.206521739,8,20,100,2,2,0.3,50,0,0,1,1,1,0.02,2,2000,Cytation5,1705168,ext,M,Unknown,Unknown,Unknown,Unknown,Unknown,Unknown,Unknown,Unknown,Unknown,Unknown,Unknown,Unknown,Unknown,Unknown,0,0,deGFP,Unknown,MFG,TRUE,0.433888214,4.200292297,0.625313678,0.002126606,4.231175693
Ribosome-MFG-147-AR-1011-1012-Activity-Assay-B12,B12,2/25/2026 0:00,Ribosome-MFG-147-AR-1011-1012-Activity-Assay,Positive Control,Positive Control,NEB Sol B,TRUE,1.8,NEB Sol B,1.8,NEB Sol A,NEB Sol B,3.5,SH pT7-deGFP,5.55,3,10,3.016304348,8,20,100,2,2,0.3,50,0,0,1,1,1,0.02,2,2000,Cytation5,1705168,ext,M,NEB Sol A,NEB Sol A,NEB Sol A,NEB Sol A,NEB Sol A,NEB Sol A,NEB Sol A,NEB Sol A,NEB Sol A,NEB Sol A,NEB Sol A,NEB Sol A,NEB Sol A,NEB Sol A,0,0,deGFP,Unknown,MFG,TRUE,1.40495518,2.886901847,0.972809646,0.012638108,6.011666667
Ribosome-MFG-147-AR-1011-1012-Activity-Assay-B6,B6,2/25/2026 0:00,Ribosome-MFG-147-AR-1011-1012-Activity-Assay,Ribosome AR-1011,Sample,AR-975,FALSE,1.8,AR-1011,1.8,AR-976,AR-957,3.5,SH pT7-deGFP,5.55,1.2,10,3.016304348,8,20,100,2,2,0.3,50,0,0,1,1,1,0.02,2,2000,Cytation5,1705168,ext,M,Unknown,Unknown,Unknown,Unknown,Unknown,Unknown,Unknown,Unknown,Unknown,Unknown,Unknown,Unknown,Unknown,Unknown,0,0,deGFP,Unknown,MFG,TRUE,1.167745185,3.783026378,0.725044727,0.010292794,5.751223107
Ribosome-MFG-147-AR-1011-1012-Activity-Assay-B8,B8,2/25/2026 0:00,Ribosome-MFG-147-AR-1011-1012-Activity-Assay,Ribosome AR-1012,Sample,AR-975,FALSE,1.8,AR-1011,1.8,AR-976,AR-957,3.5,SH pT7-deGFP,5.55,1.2,10,3.016304348,8,20,100,2,2,0.3,50,0,0,1,1,1,0.02,2,2000,Cytation5,1705168,ext,M,Unknown,Unknown,Unknown,Unknown,Unknown,Unknown,Unknown,Unknown,Unknown,Unknown,Unknown,Unknown,Unknown,Unknown,0,0,deGFP,Unknown,MFG,TRUE,1.169247331,3.73371424,0.733714979,0.011047225,6.011666667
Ribosome-MFG-147-AR-1011-1012-Activity-Assay-D12,D12,2/25/2026 0:00,Ribosome-MFG-147-AR-1011-1012-Activity-Assay,Positive Control,Positive Control,NEB Sol B,TRUE,1.8,NEB Sol B,1.8,NEB Sol A,NEB Sol B,3.5,SH pT7-deGFP,5.55,3,10,3.016304348,8,20,100,2,2,0.3,50,0,0,1,1,1,0.02,2,2000,Cytation5,1705168,ext,M,NEB Sol A,NEB Sol A,NEB Sol A,NEB Sol A,NEB Sol A,NEB Sol A,NEB Sol A,NEB Sol A,NEB Sol A,NEB Sol A,NEB Sol A,NEB Sol A,NEB Sol A,NEB Sol A,0,0,deGFP,Unknown,MFG,TRUE,1.41062793,2.763274381,0.968716127,0.015659625,5.782768605
Ribosome-MFG-147-AR-1011-1012-Activity-Assay-D6,D6,2/25/2026 0:00,Ribosome-MFG-147-AR-1011-1012-Activity-Assay,Ribosome AR-1011,Sample,AR-975,FALSE,1.8,AR-1011,1.8,AR-976,AR-957,3.5,SH pT7-deGFP,5.55,1.2,10,3.016304348,8,20,100,2,2,0.3,50,0,0,1,1,1,0.02,2,2000,Cytation5,1705168,ext,M,Unknown,Unknown,Unknown,Unknown,Unknown,Unknown,Unknown,Unknown,Unknown,Unknown,Unknown,Unknown,Unknown,Unknown,0,0,deGFP,Unknown,MFG,TRUE,1.187442997,4.050942015,0.713590386,0.009281029,6.011666667
Ribosome-MFG-147-AR-1011-1012-Activity-Assay-D8,D8,2/25/2026 0:00,Ribosome-MFG-147-AR-1011-1012-Activity-Assay,Ribosome AR-1012,Sample,AR-975,FALSE,1.8,AR-1011,1.8,AR-976,AR-957,3.5,SH pT7-deGFP,5.55,1.2,10,3.016304348,8,20,100,2,2,0.3,50,0,0,1,1,1,0.02,2,2000,Cytation5,1705168,ext,M,Unknown,Unknown,Unknown,Unknown,Unknown,Unknown,Unknown,Unknown,Unknown,Unknown,Unknown,Unknown,Unknown,Unknown,0,0,deGFP,Unknown,MFG,TRUE,1.129438547,3.655196309,0.739854207,0.011261146,6.011666667
Ribosome-MFG-147-AR-1011-1012-Activity-Assay-F12,F12,2/25/2026 0:00,Ribosome-MFG-147-AR-1011-1012-Activity-Assay,Positive Control,Positive Control,NEB Sol B,TRUE,1.8,NEB Sol B,1.8,NEB Sol A,NEB Sol B,3.5,SH pT7-deGFP,5.55,3,10,3.016304348,8,20,100,2,2,0.3,50,0,0,1,1,1,0.02,2,2000,Cytation5,1705168,ext,M,NEB Sol A,NEB Sol A,NEB Sol A,NEB Sol A,NEB Sol A,NEB Sol A,NEB Sol A,NEB Sol A,NEB Sol A,NEB Sol A,NEB Sol A,NEB Sol A,NEB Sol A,NEB Sol A,0,0,deGFP,Unknown,MFG,TRUE,1.205017129,2.516083181,1.00951585,0.015030874,6.011666667
Ribosome-MFG-147-AR-1011-1012-Activity-Assay-F6,F6,2/25/2026 0:00,Ribosome-MFG-147-AR-1011-1012-Activity-Assay,Ribosome AR-1011,Sample,AR-975,FALSE,1.8,AR-1011,1.8,AR-976,AR-957,3.5,SH pT7-deGFP,5.55,1.2,10,3.016304348,8,20,100,2,2,0.3,50,0,0,1,1,1,0.02,2,2000,Cytation5,1705168,ext,M,Unknown,Unknown,Unknown,Unknown,Unknown,Unknown,Unknown,Unknown,Unknown,Unknown,Unknown,Unknown,Unknown,Unknown,0,0,deGFP,Unknown,MFG,TRUE,1.154268053,3.826140676,0.720404223,0.010467353,6.011666667
Ribosome-MFG-147-AR-1011-1012-Activity-Assay-F8,F8,2/25/2026 0:00,Ribosome-MFG-147-AR-1011-1012-Activity-Assay,Ribosome AR-1012,Sample,AR-975,FALSE,1.8,AR-1011,1.8,AR-976,AR-957,3.5,SH pT7-deGFP,5.55,1.2,10,3.016304348,8,20,100,2,2,0.3,50,0,0,1,1,1,0.02,2,2000,Cytation5,1705168,ext,M,Unknown,Unknown,Unknown,Unknown,Unknown,Unknown,Unknown,Unknown,Unknown,Unknown,Unknown,Unknown,Unknown,Unknown,0,0,deGFP,Unknown,MFG,TRUE,1.150303541,3.455535401,0.745857606,0.012823444,6.011666667
20260309-DiscoveryPlate-R1-G10,G10,3/9/2026 0:00,20260309-DiscoveryPlate-R1,DiscoveryPlate-R1-G10,Sample,AR-975,FALSE,1.950000051,AR-905,1.799999951,20260309-DiscoveryPlate-R1-SMS,AR-902,3.5,AR-854,0,0,10,2.996187423,24.969,100,60,2,2,0.3,50,0,0,1,1,1,0.02,2,2000.000003,Cytation5,1705168,ext,M,AR-977,AR-954,AR-953,AR-970,AR-971,AR-972,AR-973,AR-702,Unknown,AR-959,AR-967,AR-969,Unknown,Unknown,0,0,deGFP,Unknown,Labcraft,TRUE,0.015244053,3.976068718,0.921536682,0.00010276,4.211113475
20260309-DiscoveryPlate-R1-G11,G11,3/9/2026 0:00,20260309-DiscoveryPlate-R1,DiscoveryPlate-R1-G11,Sample,AR-975,FALSE,1.950000051,AR-905,1.799999951,20260309-DiscoveryPlate-R1-SMS,AR-902,3.5,AR-854,0,0,10,2.996187423,12.469,49,72.5,2,2,0.3,50,0,0,1,1,1,0.02,2,2000.000003,Cytation5,1705168,ext,M,AR-977,AR-954,AR-953,AR-970,AR-971,AR-972,AR-973,AR-702,Unknown,AR-959,AR-967,AR-969,Unknown,Unknown,0,0,deGFP,Unknown,Labcraft,TRUE,0.02169959,3.71556462,0.767628882,0.000572078,4.190224338
20260309-DiscoveryPlate-R1-G12,G12,3/9/2026 0:00,20260309-DiscoveryPlate-R1,DiscoveryPlate-R1-G12,Sample,AR-975,FALSE,1.950000051,AR-905,1.799999951,20260309-DiscoveryPlate-R1-SMS,AR-902,3.5,AR-854,0,0,10,2.996187423,14.969,20,140,2,2,0.3,50,0,0,1,1,1,0.02,2,2000.000003,Cytation5,1705168,ext,M,AR-977,AR-954,AR-953,AR-970,AR-971,AR-972,AR-973,AR-702,Unknown,AR-959,AR-967,AR-969,Unknown,Unknown,0,0,deGFP,Unknown,Labcraft,TRUE,0.635503848,3.203024149,1.10608268,0.003673037,6.006388889
20260309-DiscoveryPlate-R1-G13,G13,3/9/2026 0:00,20260309-DiscoveryPlate-R1,DiscoveryPlate-R1-G13,Sample,AR-975,FALSE,1.555191326,AR-905,1.799999951,20260309-DiscoveryPlate-R1-SMS,AR-902,3.5,AR-854,0,0,10,1.00000002,17.469,100,175,2,2,0.3,50,0,0,1,1,1,0.02,2,2000.000003,Cytation5,1705168,ext,M,AR-977,AR-954,AR-953,AR-970,AR-971,AR-972,AR-973,AR-702,Unknown,AR-959,AR-967,AR-969,Unknown,Unknown,0,0,deGFP,Unknown,Labcraft,FALSE,0.000524063,,,,
20260309-DiscoveryPlate-R1-G14,G14,3/9/2026 0:00,20260309-DiscoveryPlate-R1,DiscoveryPlate-R1-G14,Sample,AR-975,FALSE,1.763142289,AR-905,1.799999951,20260309-DiscoveryPlate-R1-SMS,AR-902,3.5,AR-854,0,0,10,1.00000002,4.969,0,62.5,2,2,0.3,50,0,0,1,1,1,0.02,2,2000.000003,Cytation5,1705168,ext,M,AR-977,AR-954,AR-953,AR-970,AR-971,AR-972,AR-973,AR-702,Unknown,AR-959,AR-967,AR-969,Unknown,Unknown,0,0,deGFP,Unknown,Labcraft,TRUE,0.011979292,3.434096236,0.755125208,9.22E-05,4.163042152
20260309-DiscoveryPlate-R1-G15,G15,3/9/2026 0:00,20260309-DiscoveryPlate-R1,DiscoveryPlate-R1-G15,Sample,AR-975,FALSE,1.828292141,AR-905,1.799999951,20260309-DiscoveryPlate-R1-SMS,AR-902,3.5,AR-854,0,0,10,5.000000045,14.969,20,140,2,2,0.3,50,0,0,1,1,1,0.02,2,2000.000003,Cytation5,1705168,ext,M,AR-977,AR-954,AR-953,AR-970,AR-971,AR-972,AR-973,AR-702,Unknown,AR-959,AR-967,AR-969,Unknown,Unknown,0,0,deGFP,Unknown,Labcraft,TRUE,0.660829578,3.182747506,1.057174549,0.00392056,6.006388889
20260309-DiscoveryPlate-R1-G16,G16,3/9/2026 0:00,20260309-DiscoveryPlate-R1,DiscoveryPlate-R1-G16,Sample,AR-975,FALSE,1.950000051,AR-905,1.799999951,20260309-DiscoveryPlate-R1-SMS,AR-902,3.5,AR-854,0,0,10,2.996187423,12.469,0,100,2,2,0.3,50,0,0,1,1,1,0.02,2,2000.000003,Cytation5,1705168,ext,M,AR-977,AR-954,AR-953,AR-970,AR-971,AR-972,AR-973,AR-702,Unknown,AR-959,AR-967,AR-969,Unknown,Unknown,0,0,deGFP,Unknown,Labcraft,TRUE,0.073296119,4.483094021,0.756984003,-3.68E-05,4.240359574
20260309-DiscoveryPlate-R1-G8,G8,3/9/2026 0:00,20260309-DiscoveryPlate-R1,DiscoveryPlate-R1-G8,Sample,AR-975,FALSE,1.833326026,AR-905,1.799999951,20260309-DiscoveryPlate-R1-SMS,AR-902,3.5,AR-854,0,0,10,2.996187423,12.469,0,100,2,2,0.3,50,0,0,1,1,1,0.02,2,2000.000003,Cytation5,1705168,ext,M,AR-977,AR-954,AR-953,AR-970,AR-971,AR-972,AR-973,AR-702,Unknown,AR-959,AR-967,AR-969,Unknown,Unknown,0,0,deGFP,Unknown,Labcraft,TRUE,0.045822431,4.567463053,0.75141609,3.82E-05,4.242609499
20260309-DiscoveryPlate-R1-G9,G9,3/9/2026 0:00,20260309-DiscoveryPlate-R1,DiscoveryPlate-R1-G9,Sample,AR-975,FALSE,1.555191326,AR-905,1.799999951,20260309-DiscoveryPlate-R1-SMS,AR-902,3.5,AR-854,0,0,10,1.00000002,24.969,71,122.5,2,2,0.3,50,0,0,1,1,1,0.02,2,2000.000003,Cytation5,1705168,ext,M,AR-977,AR-954,AR-953,AR-970,AR-971,AR-972,AR-973,AR-702,Unknown,AR-959,AR-967,AR-969,Unknown,Unknown,0,0,deGFP,Unknown,Labcraft,TRUE,0.166079137,2.375164336,1.200110609,0.002438074,4.039601011
20260309-DiscoveryPlate-R1-H10,H10,3/9/2026 0:00,20260309-DiscoveryPlate-R1,DiscoveryPlate-R1-H10,Sample,AR-975,FALSE,1.839244265,AR-905,1.799999951,20260309-DiscoveryPlate-R1-SMS,AR-902,3.5,AR-854,0,0,10,1.00000002,4.969,0,140,2,2,0.3,50,0,0,1,1,1,0.02,2,2000.000003,Cytation5,1705168,ext,M,AR-977,AR-954,AR-953,AR-970,AR-971,AR-972,AR-973,AR-702,Unknown,AR-959,AR-967,AR-969,Unknown,Unknown,0,0,deGFP,Unknown,Labcraft,TRUE,0.008774426,4.142760479,0.673410189,3.40E-05,4.222301994
20260309-DiscoveryPlate-R1-H11,H11,3/9/2026 0:00,20260309-DiscoveryPlate-R1,DiscoveryPlate-R1-H11,Sample,AR-975,FALSE,1.763142289,AR-905,1.799999951,20260309-DiscoveryPlate-R1-SMS,AR-902,3.5,AR-854,0,0,10,1.00000002,12.469,49,72.5,2,2,0.3,50,0,0,1,1,1,0.02,2,2000.000003,Cytation5,1705168,ext,M,AR-977,AR-954,AR-953,AR-970,AR-971,AR-972,AR-973,AR-702,Unknown,AR-959,AR-967,AR-969,Unknown,Unknown,0,0,deGFP,Unknown,Labcraft,FALSE,0.002192955,,,,
20260309-DiscoveryPlate-R1-H12,H12,3/9/2026 0:00,20260309-DiscoveryPlate-R1,DiscoveryPlate-R1-H12,Sample,AR-975,FALSE,2.030823266,AR-905,1.799999951,20260309-DiscoveryPlate-R1-SMS,AR-902,3.5,AR-854,0,0,10,1.00000002,12.469,49,72.5,2,2,0.3,50,0,0,1,1,1,0.02,2,2000.000003,Cytation5,1705168,ext,M,AR-977,AR-954,AR-953,AR-970,AR-971,AR-972,AR-973,AR-702,Unknown,AR-959,AR-967,AR-969,Unknown,Unknown,0,0,deGFP,Unknown,Labcraft,FALSE,0.002702078,,,,
20260309-DiscoveryPlate-R1-H13,H13,3/9/2026 0:00,20260309-DiscoveryPlate-R1,DiscoveryPlate-R1-H13,Sample,AR-975,FALSE,1.975896497,AR-905,1.799999951,20260309-DiscoveryPlate-R1-SMS,AR-902,3.5,AR-854,0,0,10,1.049452172,4.969,0,140,2,2,0.3,50,0,0,1,1,1,0.02,2,2000.000003,Cytation5,1705168,ext,M,AR-977,AR-954,AR-953,AR-970,AR-971,AR-972,AR-973,AR-702,Unknown,AR-959,AR-967,AR-969,Unknown,Unknown,0,0,deGFP,Unknown,Labcraft,TRUE,0.00649017,3.928514027,0.672903742,8.29E-05,4.207187181
20260309-DiscoveryPlate-R1-H14,H14,3/9/2026 0:00,20260309-DiscoveryPlate-R1,DiscoveryPlate-R1-H14,Sample,AR-975,FALSE,1.975896497,AR-905,1.799999951,20260309-DiscoveryPlate-R1-SMS,AR-902,3.5,AR-854,0,0,10,1.049452172,4.969,0,62.5,2,2,0.3,50,0,0,1,1,1,0.02,2,2000.000003,Cytation5,1705168,ext,M,AR-977,AR-954,AR-953,AR-970,AR-971,AR-972,AR-973,AR-702,Unknown,AR-959,AR-967,AR-969,Unknown,Unknown,0,0,deGFP,Unknown,Labcraft,TRUE,0.010952667,3.086470888,1.254540838,-0.000323381,4.125874179
20260309-DiscoveryPlate-R1-H15,H15,3/9/2026 0:00,20260309-DiscoveryPlate-R1,DiscoveryPlate-R1-H15,Sample,AR-975,FALSE,1.763142289,AR-905,1.799999951,20260309-DiscoveryPlate-R1-SMS,AR-902,3.5,AR-854,0,0,10,1.00000002,24.969,71,122.5,2,2,0.3,50,0,0,1,1,1,0.02,2,2000.000003,Cytation5,1705168,ext,M,AR-977,AR-954,AR-953,AR-970,AR-971,AR-972,AR-973,AR-702,Unknown,AR-959,AR-967,AR-969,Unknown,Unknown,0,0,deGFP,Unknown,Labcraft,TRUE,0.166297031,2.189966086,1.232043818,0.002995733,4.01398529
20260309-DiscoveryPlate-R1-H16,H16,3/9/2026 0:00,20260309-DiscoveryPlate-R1,DiscoveryPlate-R1-H16,Sample,AR-975,FALSE,2.030823266,AR-905,1.799999951,20260309-DiscoveryPlate-R1-SMS,AR-902,3.5,AR-854,0,0,10,1.00000002,19.969,20,100,2,2,0.3,50,0,0,1,1,1,0.02,2,2000.000003,Cytation5,1705168,ext,M,AR-977,AR-954,AR-953,AR-970,AR-971,AR-972,AR-973,AR-702,Unknown,AR-959,AR-967,AR-969,Unknown,Unknown,0,0,deGFP,Unknown,Labcraft,TRUE,0.325727302,2.070272951,1.593146323,0.001997066,3.975657034
20260309-DiscoveryPlate-R1-H8,H8,3/9/2026 0:00,20260309-DiscoveryPlate-R1,DiscoveryPlate-R1-H8,Sample,AR-975,FALSE,1.828292141,AR-905,1.799999951,20260309-DiscoveryPlate-R1-SMS,AR-902,3.5,AR-854,0,0,10,5.000000045,14.969,20,140,2,2,0.3,50,0,0,1,1,1,0.02,2,2000.000003,Cytation5,1705168,ext,M,AR-977,AR-954,AR-953,AR-970,AR-971,AR-972,AR-973,AR-702,Unknown,AR-959,AR-967,AR-969,Unknown,Unknown,0,0,deGFP,Unknown,Labcraft,TRUE,0.60962691,2.948326035,1.139262163,0.003665273,5.536605315
20260309-DiscoveryPlate-R1-H9,H9,3/9/2026 0:00,20260309-DiscoveryPlate-R1,DiscoveryPlate-R1-H9,Sample,AR-975,FALSE,1.799999952,AR-905,1.799999951,20260309-DiscoveryPlate-R1-SMS,AR-902,3.5,AR-854,0,0,10,2.996187423,4.969,0,140,2,2,0.3,50,0,0,1,1,1,0.02,2,2000.000003,Cytation5,1705168,ext,M,AR-977,AR-954,AR-953,AR-970,AR-971,AR-972,AR-973,AR-702,Unknown,AR-959,AR-967,AR-969,Unknown,Unknown,0,0,deGFP,Unknown,Labcraft,TRUE,0.007333157,3.791118676,0.589656983,0.000167554,4.196332031
20260309-DiscoveryPlate-R1-I10,I10,3/9/2026 0:00,20260309-DiscoveryPlate-R1,DiscoveryPlate-R1-I10,Sample,AR-975,FALSE,1.799999952,AR-905,1.799999951,20260309-DiscoveryPlate-R1-SMS,AR-902,3.5,AR-854,0,0,10,5.000000045,19.969,20,100,2,2,0.3,50,0,0,1,1,1,0.02,2,2000.000003,Cytation5,1705168,ext,M,AR-977,AR-954,AR-953,AR-970,AR-971,AR-972,AR-973,AR-702,Unknown,AR-959,AR-967,AR-969,Unknown,Unknown,0,0,deGFP,Unknown,Labcraft,TRUE,0.67375293,2.950150089,1.391441563,0.001476093,4.106914949
20260309-DiscoveryPlate-R1-I11,I11,3/9/2026 0:00,20260309-DiscoveryPlate-R1,DiscoveryPlate-R1-I11,Sample,AR-975,FALSE,1.799999952,AR-905,1.799999951,20260309-DiscoveryPlate-R1-SMS,AR-902,3.5,AR-854,0,0,10,5.000000045,19.969,20,100,2,2,0.3,50,0,0,1,1,1,0.02,2,2000.000003,Cytation5,1705168,ext,M,AR-977,AR-954,AR-953,AR-970,AR-971,AR-972,AR-973,AR-702,Unknown,AR-959,AR-967,AR-969,Unknown,Unknown,0,0,deGFP,Unknown,Labcraft,TRUE,0.60191921,2.279266091,1.594262632,0.002957233,4.002464001
20260309-DiscoveryPlate-R1-I12,I12,3/9/2026 0:00,20260309-DiscoveryPlate-R1,DiscoveryPlate-R1-I12,Sample,AR-975,FALSE,1.799999952,AR-905,1.799999951,20260309-DiscoveryPlate-R1-SMS,AR-902,3.5,AR-854,0,0,10,5.000000045,17.469,100,175,2,2,0.3,50,0,0,1,1,1,0.02,2,2000.000003,Cytation5,1705168,ext,M,AR-977,AR-954,AR-953,AR-970,AR-971,AR-972,AR-973,AR-702,Unknown,AR-959,AR-967,AR-969,Unknown,Unknown,0,0,deGFP,Unknown,Labcraft,TRUE,0.031500735,3.953556057,0.838403299,0.000532011,4.209155091
20260309-DiscoveryPlate-R1-I13,I13,3/9/2026 0:00,20260309-DiscoveryPlate-R1,DiscoveryPlate-R1-I13,Sample,AR-975,FALSE,1.975896497,AR-905,1.799999951,20260309-DiscoveryPlate-R1-SMS,AR-902,3.5,AR-854,0,0,10,1.049452172,19.969,20,100,2,2,0.3,50,0,0,1,1,1,0.02,2,2000.000003,Cytation5,1705168,ext,M,AR-977,AR-954,AR-953,AR-970,AR-971,AR-972,AR-973,AR-702,Unknown,AR-959,AR-967,AR-969,Unknown,Unknown,0,0,deGFP,Unknown,Labcraft,TRUE,0.325314107,2.049801009,1.575433187,0.002422521,3.973867413
20260309-DiscoveryPlate-R1-I14,I14,3/9/2026 0:00,20260309-DiscoveryPlate-R1,DiscoveryPlate-R1-I14,Sample,AR-975,FALSE,1.950000051,AR-905,1.799999951,20260309-DiscoveryPlate-R1-SMS,AR-902,3.5,AR-854,0,0,10,2.996187423,4.969,0,140,2,2,0.3,50,0,0,1,1,1,0.02,2,2000.000003,Cytation5,1705168,ext,M,AR-977,AR-954,AR-953,AR-970,AR-971,AR-972,AR-973,AR-702,Unknown,AR-959,AR-967,AR-969,Unknown,Unknown,0,0,deGFP,Unknown,Labcraft,TRUE,0.014438239,3.983957205,0.671961912,9.42E-05,4.211054048
20260309-DiscoveryPlate-R1-I15,I15,3/9/2026 0:00,20260309-DiscoveryPlate-R1,DiscoveryPlate-R1-I15,Sample,AR-975,FALSE,1.950000051,AR-905,1.799999951,20260309-DiscoveryPlate-R1-SMS,AR-902,3.5,AR-854,0,0,10,2.996187423,2.469,67,200,2,2,0.3,50,0,0,1,1,1,0.02,2,2000.000003,Cytation5,1705168,ext,M,AR-977,AR-954,AR-953,AR-970,AR-971,AR-972,AR-973,AR-702,Unknown,AR-959,AR-967,AR-969,Unknown,Unknown,0,0,deGFP,Unknown,Labcraft,FALSE,0.007316922,,,,
20260309-DiscoveryPlate-R1-I16,I16,3/9/2026 0:00,20260309-DiscoveryPlate-R1,DiscoveryPlate-R1-I16,Sample,AR-975,FALSE,1.839244265,AR-905,1.799999951,20260309-DiscoveryPlate-R1-SMS,AR-902,3.5,AR-854,0,0,10,1.00000002,4.969,0,62.5,2,2,0.3,50,0,0,1,1,1,0.02,2,2000.000003,Cytation5,1705168,ext,M,AR-977,AR-954,AR-953,AR-970,AR-971,AR-972,AR-973,AR-702,Unknown,AR-959,AR-967,AR-969,Unknown,Unknown,0,0,deGFP,Unknown,Labcraft,TRUE,0.010960338,3.380024474,1.087891845,-0.000180123,4.158280738
20260309-DiscoveryPlate-R1-I8,I8,3/9/2026 0:00,20260309-DiscoveryPlate-R1,DiscoveryPlate-R1-I8,Sample,AR-975,FALSE,1.833326026,AR-905,1.799999951,20260309-DiscoveryPlate-R1-SMS,AR-902,3.5,AR-854,0,0,10,2.996187423,4.969,0,140,2,2,0.3,50,0,0,1,1,1,0.02,2,2000.000003,Cytation5,1705168,ext,M,AR-977,AR-954,AR-953,AR-970,AR-971,AR-972,AR-973,AR-702,Unknown,AR-959,AR-967,AR-969,Unknown,Unknown,0,0,deGFP,Unknown,Labcraft,TRUE,0.006900134,4.250472533,0.673288329,0.000100308,4.228307135
20260309-DiscoveryPlate-R1-I9,I9,3/9/2026 0:00,20260309-DiscoveryPlate-R1,DiscoveryPlate-R1-I9,Sample,AR-975,FALSE,1.529999978,AR-905,1.799999951,20260309-DiscoveryPlate-R1-SMS,AR-902,3.5,AR-854,0,0,10,19.99999901,4.969,0,140,2,2,0.3,50,0,0,1,1,1,0.02,2,2000.000003,Cytation5,1705168,ext,M,AR-977,AR-954,AR-953,AR-970,AR-971,AR-972,AR-973,AR-702,Unknown,AR-959,AR-967,AR-969,Unknown,Unknown,0,0,deGFP,Unknown,Labcraft,FALSE,0.003557598,,,,
20260309-DiscoveryPlate-R1-J10,J10,3/9/2026 0:00,20260309-DiscoveryPlate-R1,DiscoveryPlate-R1-J10,Sample,AR-975,FALSE,1.799999952,AR-905,1.799999951,20260309-DiscoveryPlate-R1-SMS,AR-902,3.5,AR-854,0,0,10,2.996187423,2.469,67,200,2,2,0.3,50,0,0,1,1,1,0.02,2,2000.000003,Cytation5,1705168,ext,M,AR-977,AR-954,AR-953,AR-970,AR-971,AR-972,AR-973,AR-702,Unknown,AR-959,AR-967,AR-969,Unknown,Unknown,0,0,deGFP,Unknown,Labcraft,FALSE,0.002098808,,,,
20260309-DiscoveryPlate-R1-J11,J11,3/9/2026 0:00,20260309-DiscoveryPlate-R1,DiscoveryPlate-R1-J11,Sample,AR-975,FALSE,1.555191326,AR-905,1.799999951,20260309-DiscoveryPlate-R1-SMS,AR-902,3.5,AR-854,0,0,10,1.00000002,24.969,100,60,2,2,0.3,50,0,0,1,1,1,0.02,2,2000.000003,Cytation5,1705168,ext,M,AR-977,AR-954,AR-953,AR-970,AR-971,AR-972,AR-973,AR-702,Unknown,AR-959,AR-967,AR-969,Unknown,Unknown,0,0,deGFP,Unknown,Labcraft,TRUE,0.031654382,3.334456516,1.171036848,0.000143961,4.153552289
20260309-DiscoveryPlate-R1-J12,J12,3/9/2026 0:00,20260309-DiscoveryPlate-R1,DiscoveryPlate-R1-J12,Sample,AR-975,FALSE,2.030823266,AR-905,1.799999951,20260309-DiscoveryPlate-R1-SMS,AR-902,3.5,AR-854,0,0,10,1.00000002,17.469,100,175,2,2,0.3,50,0,0,1,1,1,0.02,2,2000.000003,Cytation5,1705168,ext,M,AR-977,AR-954,AR-953,AR-970,AR-971,AR-972,AR-973,AR-702,Unknown,AR-959,AR-967,AR-969,Unknown,Unknown,0,0,deGFP,Unknown,Labcraft,TRUE,0.145294435,3.466599268,0.999782813,0.000331888,4.133924134
20260309-DiscoveryPlate-R1-J13,J13,3/9/2026 0:00,20260309-DiscoveryPlate-R1,DiscoveryPlate-R1-J13,Sample,AR-975,FALSE,1.828292141,AR-905,1.799999951,20260309-DiscoveryPlate-R1-SMS,AR-902,3.5,AR-854,0,0,10,5.000000045,12.469,0,100,2,2,0.3,50,0,0,1,1,1,0.02,2,2000.000003,Cytation5,1705168,ext,M,AR-977,AR-954,AR-953,AR-970,AR-971,AR-972,AR-973,AR-702,Unknown,AR-959,AR-967,AR-969,Unknown,Unknown,0,0,deGFP,Unknown,Labcraft,TRUE,0.081731226,4.39307559,0.779244531,0.000285084,4.236392801
20260309-DiscoveryPlate-R1-J14,J14,3/9/2026 0:00,20260309-DiscoveryPlate-R1,DiscoveryPlate-R1-J14,Sample,AR-975,FALSE,1.529999978,AR-905,1.799999951,20260309-DiscoveryPlate-R1-SMS,AR-902,3.5,AR-854,0,0,10,19.99999901,2.469,67,200,2,2,0.3,50,0,0,1,1,1,0.02,2,2000.000003,Cytation5,1705168,ext,M,AR-977,AR-954,AR-953,AR-970,AR-971,AR-972,AR-973,AR-702,Unknown,AR-959,AR-967,AR-969,Unknown,Unknown,0,0,deGFP,Unknown,Labcraft,FALSE,0.004159159,,,,
20260309-DiscoveryPlate-R1-J15,J15,3/9/2026 0:00,20260309-DiscoveryPlate-R1,DiscoveryPlate-R1-J15,Sample,AR-975,FALSE,1.529999978,AR-905,1.799999951,20260309-DiscoveryPlate-R1-SMS,AR-902,3.5,AR-854,0,0,10,19.99999901,19.969,20,100,2,2,0.3,50,0,0,1,1,1,0.02,2,2000.000003,Cytation5,1705168,ext,M,AR-977,AR-954,AR-953,AR-970,AR-971,AR-972,AR-973,AR-702,Unknown,AR-959,AR-967,AR-969,Unknown,Unknown,0,0,deGFP,Unknown,Labcraft,TRUE,0.418290877,2.147879161,1.549012759,0.002698226,6.006388889
20260309-DiscoveryPlate-R1-J16,J16,3/9/2026 0:00,20260309-DiscoveryPlate-R1,DiscoveryPlate-R1-J16,Sample,AR-975,FALSE,1.799999952,AR-905,1.799999951,20260309-DiscoveryPlate-R1-SMS,AR-902,3.5,AR-854,0,0,10,2.996187423,24.969,100,60,2,2,0.3,50,0,0,1,1,1,0.02,2,2000.000003,Cytation5,1705168,ext,M,AR-977,AR-954,AR-953,AR-970,AR-971,AR-972,AR-973,AR-702,Unknown,AR-959,AR-967,AR-969,Unknown,Unknown,0,0,deGFP,Unknown,Labcraft,TRUE,0.00922571,3.12128735,0.838307662,0.000240896,4.129007672
20260309-DiscoveryPlate-R1-J8,J8,3/9/2026 0:00,20260309-DiscoveryPlate-R1,DiscoveryPlate-R1-J8,Sample,AR-975,FALSE,1.839244265,AR-905,1.799999951,20260309-DiscoveryPlate-R1-SMS,AR-902,3.5,AR-854,0,0,10,1.00000002,19.969,20,100,2,2,0.3,50,0,0,1,1,1,0.02,2,2000.000003,Cytation5,1705168,ext,M,AR-977,AR-954,AR-953,AR-970,AR-971,AR-972,AR-973,AR-702,Unknown,AR-959,AR-967,AR-969,Unknown,Unknown,0,0,deGFP,Unknown,Labcraft,TRUE,0.020781937,4.198213719,0.838390418,8.32E-05,4.225509867
20260309-DiscoveryPlate-R1-J9,J9,3/9/2026 0:00,20260309-DiscoveryPlate-R1,DiscoveryPlate-R1-J9,Sample,AR-975,FALSE,1.833326026,AR-905,1.799999951,20260309-DiscoveryPlate-R1-SMS,AR-902,3.5,AR-854,0,0,10,2.996187423,24.969,71,122.5,2,2,0.3,50,0,0,1,1,1,0.02,2,2000.000003,Cytation5,1705168,ext,M,AR-977,AR-954,AR-953,AR-970,AR-971,AR-972,AR-973,AR-702,Unknown,AR-959,AR-967,AR-969,Unknown,Unknown,0,0,deGFP,Unknown,Labcraft,TRUE,0.036923116,4.109397528,0.838467618,0.000284178,4.219940769
PMix AR-1060 Activity Assay -B2,B2,3/17/2026 0:00,PMix AR-1060 Activity Assay,PMix AR-1060,Sample,PMix AR-1060,FALSE,1.8,AR-965,1.8,AR-976,AR-957,3.5,AR-1028,5.55,1.2,10,3.016304348,8,20,100,2,2,0.3,50,0,0,1,1,1,0.02,2,2000,Synergy 2,206621,35,F,Unknown,Unknown,Unknown,Unknown,Unknown,Unknown,Unknown,Unknown,Unknown,Unknown,Unknown,Unknown,Unknown,Unknown,0,0,deGFP,Unknown,MFG,TRUE,1.035437403,4.458164725,0.581882182,0.011865204,5.75548345
PMix AR-1060 Activity Assay -B4,B4,3/17/2026 0:00,PMix AR-1060 Activity Assay,PMix AR-975 Rxn Control,Sample,PMix AR-1060,FALSE,1.8,AR-965,1.8,AR-976,AR-957,3.5,AR-1028,5.55,1.2,10,3.016304348,8,20,100,2,2,0.3,50,0,0,1,1,1,0.02,2,2000,Synergy 2,206621,35,F,Unknown,Unknown,Unknown,Unknown,Unknown,Unknown,Unknown,Unknown,Unknown,Unknown,Unknown,Unknown,Unknown,Unknown,0,0,deGFP,Unknown,MFG,TRUE,1.037480413,3.567364571,0.608765062,0.017477886,6.009444444
PMix AR-1060 Activity Assay -B6,B6,3/17/2026 0:00,PMix AR-1060 Activity Assay,Positive Control,Positive Control,NEB Sol B,TRUE,1.8,NEB Sol B,1.8,NEB Sol A,NEB Sol B,3.5,AR-1028,5.55,3,10,3.016304348,8,20,100,2,2,0.3,50,0,0,1,1,1,0.02,2,2000,Synergy 2,206621,35,F,NEB Sol A,NEB Sol A,NEB Sol A,NEB Sol A,NEB Sol A,NEB Sol A,NEB Sol A,NEB Sol A,NEB Sol A,NEB Sol A,NEB Sol A,NEB Sol A,NEB Sol A,NEB Sol A,0,0,deGFP,Unknown,MFG,TRUE,1.126028921,2.34691684,0.901225271,0.02186649,6.009444444
PMix AR-1060 Activity Assay -D2,D2,3/17/2026 0:00,PMix AR-1060 Activity Assay,PMix AR-1060,Sample,PMix AR-1060,FALSE,1.8,AR-965,1.8,AR-976,AR-957,3.5,AR-1028,5.55,1.2,10,3.016304348,8,20,100,2,2,0.3,50,0,0,1,1,1,0.02,2,2000,Synergy 2,206621,35,F,Unknown,Unknown,Unknown,Unknown,Unknown,Unknown,Unknown,Unknown,Unknown,Unknown,Unknown,Unknown,Unknown,Unknown,0,0,deGFP,Unknown,MFG,TRUE,1.049774968,5.102809328,0.530004676,0.012391667,5.657395965
PMix AR-1060 Activity Assay -D4,D4,3/17/2026 0:00,PMix AR-1060 Activity Assay,PMix AR-975 Rxn Control,Sample,PMix AR-1060,FALSE,1.8,AR-965,1.8,AR-976,AR-957,3.5,AR-1028,5.55,1.2,10,3.016304348,8,20,100,2,2,0.3,50,0,0,1,1,1,0.02,2,2000,Synergy 2,206621,35,F,Unknown,Unknown,Unknown,Unknown,Unknown,Unknown,Unknown,Unknown,Unknown,Unknown,Unknown,Unknown,Unknown,Unknown,0,0,deGFP,Unknown,MFG,TRUE,1.017898494,3.448886951,0.619229552,0.017935792,6.009444444
PMix AR-1060 Activity Assay -D6,D6,3/17/2026 0:00,PMix AR-1060 Activity Assay,Positive Control,Positive Control,NEB Sol B,TRUE,1.8,NEB Sol B,1.8,NEB Sol A,NEB Sol B,3.5,AR-1028,5.55,3,10,3.016304348,8,20,100,2,2,0.3,50,0,0,1,1,1,0.02,2,2000,Synergy 2,206621,35,F,NEB Sol A,NEB Sol A,NEB Sol A,NEB Sol A,NEB Sol A,NEB Sol A,NEB Sol A,NEB Sol A,NEB Sol A,NEB Sol A,NEB Sol A,NEB Sol A,NEB Sol A,NEB Sol A,0,0,deGFP,Unknown,MFG,TRUE,1.086234495,2.436081812,0.921332903,0.02140567,5.131257158
PMix AR-1060 Activity Assay -F2,F2,3/17/2026 0:00,PMix AR-1060 Activity Assay,PMix AR-1060,Sample,PMix AR-1060,FALSE,1.8,AR-965,1.8,AR-976,AR-957,3.5,AR-1028,5.55,1.2,10,3.016304348,8,20,100,2,2,0.3,50,0,0,1,1,1,0.02,2,2000,Synergy 2,206621,35,F,Unknown,Unknown,Unknown,Unknown,Unknown,Unknown,Unknown,Unknown,Unknown,Unknown,Unknown,Unknown,Unknown,Unknown,0,0,deGFP,Unknown,MFG,TRUE,1.041897085,4.194490928,0.578206952,0.014718282,6.009444444
PMix AR-1060 Activity Assay -F4,F4,3/17/2026 0:00,PMix AR-1060 Activity Assay,PMix AR-975 Rxn Control,Sample,PMix AR-1060,FALSE,1.8,AR-965,1.8,AR-976,AR-957,3.5,AR-1028,5.55,1.2,10,3.016304348,8,20,100,2,2,0.3,50,0,0,1,1,1,0.02,2,2000,Synergy 2,206621,35,F,Unknown,Unknown,Unknown,Unknown,Unknown,Unknown,Unknown,Unknown,Unknown,Unknown,Unknown,Unknown,Unknown,Unknown,0,0,deGFP,Unknown,MFG,TRUE,1.024227089,3.330646933,0.631776581,0.018122985,6.009444444
PMix AR-1060 Activity Assay -F6,F6,3/17/2026 0:00,PMix AR-1060 Activity Assay,Positive Control,Positive Control,NEB Sol B,TRUE,1.8,NEB Sol B,1.8,NEB Sol A,NEB Sol B,3.5,AR-1028,5.55,3,10,3.016304348,8,20,100,2,2,0.3,50,0,0,1,1,1,0.02,2,2000,Synergy 2,206621,35,F,NEB Sol A,NEB Sol A,NEB Sol A,NEB Sol A,NEB Sol A,NEB Sol A,NEB Sol A,NEB Sol A,NEB Sol A,NEB Sol A,NEB Sol A,NEB Sol A,NEB Sol A,NEB Sol A,0,0,deGFP,Unknown,MFG,TRUE,1.079770754,2.273691572,0.913188465,0.021854881,6.009444444
20260319-DiscoveryPlate-R2-F10,F10,3/19/2026 0:00,20260319-DiscoveryPlate-R2,DiscoveryPlate-R2-GES30,Sample,AR-975,FALSE,1.8,AR-905,1.8,220260319-DiscoveryPlate-R2-SMS,AR-902,2.905,AR-1028,0,0,10,5,21,34,97.5,2.9,1.9,0.3115,50,0,0,1,1,1,0.02,2,2000,Cytation5,1705168,ext,M,AR-977,AR-954,new-Jon,AR-970,AR-971,AR-972,AR-973,AR-702,Unknown,AR-959,AR-967,AR-969,Unknown,Unknown,0,0,deGFP,Unknown,Labcraft,TRUE,0.194192832,2.240527446,1.047448271,0.006278911,4.025053828
20260319-DiscoveryPlate-R2-F11,F11,3/19/2026 0:00,20260319-DiscoveryPlate-R2,DiscoveryPlate-R2-GES27,Sample,AR-975,FALSE,1.8,AR-905,1.8,220260319-DiscoveryPlate-R2-SMS,AR-902,3.99,AR-1028,0,0,10,5,10,60,40,2.6,2.6,0.322,50,0,0,1,1,1,0.02,2,2000,Cytation5,1705168,ext,M,AR-977,AR-954,new-Jon,AR-970,AR-971,AR-972,AR-973,AR-702,Unknown,AR-959,AR-967,AR-969,Unknown,Unknown,0,0,deGFP,Unknown,Labcraft,TRUE,0.053913961,3.846829449,0.662044815,0.001850933,4.201063679
20260319-DiscoveryPlate-R2-F12,F12,3/19/2026 0:00,20260319-DiscoveryPlate-R2,DiscoveryPlate-R2-GES12,Sample,AR-975,FALSE,1.8,AR-905,1.8,220260319-DiscoveryPlate-R2-SMS,AR-902,3.5,AR-1028,0,0,10,5,25,60,97.5,2.3,2.1,0.3605,50,0,0,1,1,1,0.02,2,2000,Cytation5,1705168,ext,M,AR-977,AR-954,new-Jon,AR-970,AR-971,AR-972,AR-973,AR-702,Unknown,AR-959,AR-967,AR-969,Unknown,Unknown,0,0,deGFP,Unknown,Labcraft,TRUE,0.308431131,1.962971499,1.124152659,0.010725472,4.002327988
20260319-DiscoveryPlate-R2-F13,F13,3/19/2026 0:00,20260319-DiscoveryPlate-R2,DiscoveryPlate-R2-GES34,Sample,AR-975,FALSE,1.8,AR-905,1.8,220260319-DiscoveryPlate-R2-SMS,AR-902,3.255,AR-1028,0,0,10,5,8,0,107.5,2.6,2.5,0.399,50,0,0,1,1,1,0.02,2,2000,Cytation5,1705168,ext,M,AR-977,AR-954,new-Jon,AR-970,AR-971,AR-972,AR-973,AR-702,Unknown,AR-959,AR-967,AR-969,Unknown,Unknown,0,0,deGFP,Unknown,Labcraft,TRUE,0.10330155,3.223981099,1.000203232,0.001064138,4.137513352
20260319-DiscoveryPlate-R2-F14,F14,3/19/2026 0:00,20260319-DiscoveryPlate-R2,DiscoveryPlate-R2-GES18,Sample,AR-975,FALSE,1.8,AR-905,1.8,220260319-DiscoveryPlate-R2-SMS,AR-902,3.955,AR-1028,0,0,10,5,4,24,82.5,1.9,2.3,0.3045,50,0,0,1,1,1,0.02,2,2000,Cytation5,1705168,ext,M,AR-977,AR-954,new-Jon,AR-970,AR-971,AR-972,AR-973,AR-702,Unknown,AR-959,AR-967,AR-969,Unknown,Unknown,0,0,deGFP,Unknown,Labcraft,TRUE,0.068838894,4.657767351,0.613900868,0.000610909,4.246632717
20260319-DiscoveryPlate-R2-F15,F15,3/19/2026 0:00,20260319-DiscoveryPlate-R2,DiscoveryPlate-R2-GES29,Sample,AR-975,FALSE,1.8,AR-905,1.8,220260319-DiscoveryPlate-R2-SMS,AR-902,2.135,AR-1028,0,0,10,5,4,0,57.5,2.6,1.8,0.399,50,0,0,1,1,1,0.02,2,2000,Cytation5,1705168,ext,M,AR-977,AR-954,new-Jon,AR-970,AR-971,AR-972,AR-973,AR-702,Unknown,AR-959,AR-967,AR-969,Unknown,Unknown,0,0,deGFP,Unknown,Labcraft,TRUE,0.053285289,2.674960026,1.034318969,0.000672149,4.074689286
20260319-DiscoveryPlate-R2-F9,F9,3/19/2026 0:00,20260319-DiscoveryPlate-R2,DiscoveryPlate-R2-GES11,Sample,AR-975,FALSE,1.8,AR-905,1.8,220260319-DiscoveryPlate-R2-SMS,AR-902,3.535,AR-1028,0,0,10,5,8,22,97.5,1.7,2.9,0.3885,50,0,0,1,1,1,0.02,2,2000,Cytation5,1705168,ext,M,AR-977,AR-954,new-Jon,AR-970,AR-971,AR-972,AR-973,AR-702,Unknown,AR-959,AR-967,AR-969,Unknown,Unknown,0,0,deGFP,Unknown,Labcraft,TRUE,0.412000715,1.974803779,0.922782144,0.012018997,6.006111111
20260319-DiscoveryPlate-R2-G10,G10,3/19/2026 0:00,20260319-DiscoveryPlate-R2,DiscoveryPlate-R2-GES15,Sample,AR-975,FALSE,1.8,AR-905,1.8,220260319-DiscoveryPlate-R2-SMS,AR-902,2.87,AR-1028,0,0,10,5,22,0,180,2.5,2.6,0.1925,50,0,0,1,1,1,0.02,2,2000,Cytation5,1705168,ext,M,AR-977,AR-954,new-Jon,AR-970,AR-971,AR-972,AR-973,AR-702,Unknown,AR-959,AR-967,AR-969,Unknown,Unknown,0,0,deGFP,Unknown,Labcraft,TRUE,0.005915787,2.847161879,0.75507052,0.000184042,4.095970629
20260319-DiscoveryPlate-R2-G11,G11,3/19/2026 0:00,20260319-DiscoveryPlate-R2,DiscoveryPlate-R2-GES35,Sample,AR-975,FALSE,1.8,AR-905,1.8,220260319-DiscoveryPlate-R2-SMS,AR-902,3.22,AR-1028,0,0,10,5,12,60,40,2,3.1,0.399,50,0,0,1,1,1,0.02,2,2000,Cytation5,1705168,ext,M,AR-977,AR-954,new-Jon,AR-970,AR-971,AR-972,AR-973,AR-702,Unknown,AR-959,AR-967,AR-969,Unknown,Unknown,0,0,deGFP,Unknown,Labcraft,TRUE,0.18842451,2.295629164,0.95444325,0.006475432,4.014233547
20260319-DiscoveryPlate-R2-G12,G12,3/19/2026 0:00,20260319-DiscoveryPlate-R2,DiscoveryPlate-R2-GES8,Sample,AR-975,FALSE,1.8,AR-905,1.8,220260319-DiscoveryPlate-R2-SMS,AR-902,3.99,AR-1028,0,0,10,5,6,60,55,2.6,3,0.259,50,0,0,1,1,1,0.02,2,2000,Cytation5,1705168,ext,M,AR-977,AR-954,new-Jon,AR-970,AR-971,AR-972,AR-973,AR-702,Unknown,AR-959,AR-967,AR-969,Unknown,Unknown,0,0,deGFP,Unknown,Labcraft,TRUE,0.01108691,4.113704908,0.49143428,0.000361727,4.221818142
20260319-DiscoveryPlate-R2-G13,G13,3/19/2026 0:00,20260319-DiscoveryPlate-R2,DiscoveryPlate-R2-GES28,Sample,AR-975,FALSE,1.8,AR-905,1.8,220260319-DiscoveryPlate-R2-SMS,AR-902,2.135,AR-1028,0,0,10,5,6,30,65,1.9,1.9,0.399,50,0,0,1,1,1,0.02,2,2000,Cytation5,1705168,ext,M,AR-977,AR-954,new-Jon,AR-970,AR-971,AR-972,AR-973,AR-702,Unknown,AR-959,AR-967,AR-969,Unknown,Unknown,0,0,deGFP,Unknown,Labcraft,TRUE,0.137780089,1.88583243,0.900364387,0.005521583,3.933669708
20260319-DiscoveryPlate-R2-G14,G14,3/19/2026 0:00,20260319-DiscoveryPlate-R2,DiscoveryPlate-R2-GES32,Sample,AR-975,FALSE,1.8,AR-905,1.8,220260319-DiscoveryPlate-R2-SMS,AR-902,1.925,AR-1028,0,0,10,5,9,0,160,2.4,2.2,0.3115,50,0,0,1,1,1,0.02,2,2000,Cytation5,1705168,ext,M,AR-977,AR-954,new-Jon,AR-970,AR-971,AR-972,AR-973,AR-702,Unknown,AR-959,AR-967,AR-969,Unknown,Unknown,0,0,deGFP,Unknown,Labcraft,TRUE,0.150763261,3.74688612,0.804624221,0.001726215,4.192759681
20260319-DiscoveryPlate-R2-G15,G15,3/19/2026 0:00,20260319-DiscoveryPlate-R2,DiscoveryPlate-R2-GES31,Sample,AR-975,FALSE,1.8,AR-905,1.8,220260319-DiscoveryPlate-R2-SMS,AR-902,3.885,AR-1028,0,0,10,5,5,31,40,2.7,3.3,0.287,50,0,0,1,1,1,0.02,2,2000,Cytation5,1705168,ext,M,AR-977,AR-954,new-Jon,AR-970,AR-971,AR-972,AR-973,AR-702,Unknown,AR-959,AR-967,AR-969,Unknown,Unknown,0,0,deGFP,Unknown,Labcraft,TRUE,0.026424449,5.669353973,0.526472409,0.000232303,4.250253889
20260319-DiscoveryPlate-R2-G9,G9,3/19/2026 0:00,20260319-DiscoveryPlate-R2,DiscoveryPlate-R2-GES2,Sample,AR-975,FALSE,1.8,AR-905,1.8,220260319-DiscoveryPlate-R2-SMS,AR-902,2.345,AR-1028,0,0,10,5,1,60,40,3,1.4,0.2905,50,0,0,1,1,1,0.02,2,2000,Cytation5,1705168,ext,M,AR-977,AR-954,new-Jon,AR-970,AR-971,AR-972,AR-973,AR-702,Unknown,AR-959,AR-967,AR-969,Unknown,Unknown,0,0,deGFP,Unknown,Labcraft,FALSE,0.007086946,,,,
20260319-DiscoveryPlate-R2-H10,H10,3/19/2026 0:00,20260319-DiscoveryPlate-R2,DiscoveryPlate-R2-GES24,Sample,AR-975,FALSE,1.8,AR-905,1.8,220260319-DiscoveryPlate-R2-SMS,AR-902,2.555,AR-1028,0,0,10,5,2,3,75,2.8,1.7,0.3465,50,0,0,1,1,1,0.02,2,2000,Cytation5,1705168,ext,M,AR-977,AR-954,new-Jon,AR-970,AR-971,AR-972,AR-973,AR-702,Unknown,AR-959,AR-967,AR-969,Unknown,Unknown,0,0,deGFP,Unknown,Labcraft,TRUE,0.032729531,5.958778442,0.544200012,0.000221531,4.23723344
20260319-DiscoveryPlate-R2-H11,H11,3/19/2026 0:00,20260319-DiscoveryPlate-R2,DiscoveryPlate-R2-GES9,Sample,AR-975,FALSE,1.8,AR-905,1.8,220260319-DiscoveryPlate-R2-SMS,AR-902,3.78,AR-1028,0,0,10,5,6,8,95,2.4,2.7,0.2275,50,0,0,1,1,1,0.02,2,2000,Cytation5,1705168,ext,M,AR-977,AR-954,new-Jon,AR-970,AR-971,AR-972,AR-973,AR-702,Unknown,AR-959,AR-967,AR-969,Unknown,Unknown,0,0,deGFP,Unknown,Labcraft,TRUE,0.17889986,3.509914005,0.864352183,0.001685867,4.217764682
20260319-DiscoveryPlate-R2-H12,H12,3/19/2026 0:00,20260319-DiscoveryPlate-R2,DiscoveryPlate-R2-GES14,Sample,AR-975,FALSE,1.8,AR-905,1.8,220260319-DiscoveryPlate-R2-SMS,AR-902,1.995,AR-1028,0,0,10,5,25,60,180,2.7,2.6,0.399,50,0,0,1,1,1,0.02,2,2000,Cytation5,1705168,ext,M,AR-977,AR-954,new-Jon,AR-970,AR-971,AR-972,AR-973,AR-702,Unknown,AR-959,AR-967,AR-969,Unknown,Unknown,0,0,deGFP,Unknown,Labcraft,TRUE,0.215215939,1.411081668,1.277479778,0.010064847,3.939550997
20260319-DiscoveryPlate-R2-H13,H13,3/19/2026 0:00,20260319-DiscoveryPlate-R2,DiscoveryPlate-R2-GES7,Sample,AR-975,FALSE,1.8,AR-905,1.8,220260319-DiscoveryPlate-R2-SMS,AR-902,2.24,AR-1028,0,0,10,5,24,60,85,3.7,2.9,0.2765,50,0,0,1,1,1,0.02,2,2000,Cytation5,1705168,ext,M,AR-977,AR-954,new-Jon,AR-970,AR-971,AR-972,AR-973,AR-702,Unknown,AR-959,AR-967,AR-969,Unknown,Unknown,0,0,deGFP,Unknown,Labcraft,TRUE,0.44883039,1.998700298,1.176951461,0.014807144,3.993020777
20260319-DiscoveryPlate-R2-H14,H14,3/19/2026 0:00,20260319-DiscoveryPlate-R2,DiscoveryPlate-R2-GES25,Sample,AR-975,FALSE,1.8,AR-905,1.8,220260319-DiscoveryPlate-R2-SMS,AR-902,3.29,AR-1028,0,0,10,5,4,0,112.5,2.1,2.2,0.3465,50,0,0,1,1,1,0.02,2,2000,Cytation5,1705168,ext,M,AR-977,AR-954,new-Jon,AR-970,AR-971,AR-972,AR-973,AR-702,Unknown,AR-959,AR-967,AR-969,Unknown,Unknown,0,0,deGFP,Unknown,Labcraft,TRUE,0.068576337,3.807229194,0.837905402,0.000488334,4.197813979
20260319-DiscoveryPlate-R2-H15,H15,3/19/2026 0:00,20260319-DiscoveryPlate-R2,DiscoveryPlate-R2-GES16,Sample,AR-975,FALSE,1.8,AR-905,1.8,220260319-DiscoveryPlate-R2-SMS,AR-902,1.365,AR-1028,0,0,10,5,8,20,100,1.9,2,0.3535,50,0,0,1,1,1,0.02,2,2000,Cytation5,1705168,ext,M,AR-977,AR-954,new-Jon,AR-970,AR-971,AR-972,AR-973,AR-702,Unknown,AR-959,AR-967,AR-969,Unknown,Unknown,0,0,deGFP,Unknown,Labcraft,TRUE,0.528469216,2.074077767,1.139822921,0.010293248,5.944826508
20260319-DiscoveryPlate-R2-H9,H9,3/19/2026 0:00,20260319-DiscoveryPlate-R2,DiscoveryPlate-R2-GES19,Sample,AR-975,FALSE,1.8,AR-905,1.8,220260319-DiscoveryPlate-R2-SMS,AR-902,3.325,AR-1028,0,0,10,5,22,60,67.5,3.6,2,0.252,50,0,0,1,1,1,0.02,2,2000,Cytation5,1705168,ext,M,AR-977,AR-954,new-Jon,AR-970,AR-971,AR-972,AR-973,AR-702,Unknown,AR-959,AR-967,AR-969,Unknown,Unknown,0,0,deGFP,Unknown,Labcraft,TRUE,0.560759327,1.496624435,1.24787388,0.016949092,6.006111111
20260319-DiscoveryPlate-R2-I10,I10,3/19/2026 0:00,20260319-DiscoveryPlate-R2,DiscoveryPlate-R2-GES13,Sample,AR-975,FALSE,1.8,AR-905,1.8,220260319-DiscoveryPlate-R2-SMS,AR-902,3.185,AR-1028,0,0,10,5,22,60,42.5,2.2,2.3,0.399,50,0,0,1,1,1,0.02,2,2000,Cytation5,1705168,ext,M,AR-977,AR-954,new-Jon,AR-970,AR-971,AR-972,AR-973,AR-702,Unknown,AR-959,AR-967,AR-969,Unknown,Unknown,0,0,deGFP,Unknown,Labcraft,TRUE,0.383748962,2.15703499,1.130028711,0.011899601,4.009674288
20260319-DiscoveryPlate-R2-I11,I11,3/19/2026 0:00,20260319-DiscoveryPlate-R2,DiscoveryPlate-R2-GES4,Sample,AR-975,FALSE,1.8,AR-905,1.8,220260319-DiscoveryPlate-R2-SMS,AR-902,2.415,AR-1028,0,0,10,5,8,60,42.5,2.6,2.5,0.399,50,0,0,1,1,1,0.02,2,2000,Cytation5,1705168,ext,M,AR-977,AR-954,new-Jon,AR-970,AR-971,AR-972,AR-973,AR-702,Unknown,AR-959,AR-967,AR-969,Unknown,Unknown,0,0,deGFP,Unknown,Labcraft,TRUE,0.012702551,3.237117027,0.588454861,0.000483596,4.141403956
20260319-DiscoveryPlate-R2-I12,I12,3/19/2026 0:00,20260319-DiscoveryPlate-R2,DiscoveryPlate-R2-GES21,Sample,AR-975,FALSE,1.8,AR-905,1.8,220260319-DiscoveryPlate-R2-SMS,AR-902,2.73,AR-1028,0,0,10,5,25,60,40,2.2,2.7,0.399,50,0,0,1,1,1,0.02,2,2000,Cytation5,1705168,ext,M,AR-977,AR-954,new-Jon,AR-970,AR-971,AR-972,AR-973,AR-702,Unknown,AR-959,AR-967,AR-969,Unknown,Unknown,0,0,deGFP,Unknown,Labcraft,TRUE,0.25738183,2.103267856,1.223811818,0.006945287,4.006650988
20260319-DiscoveryPlate-R2-I13,I13,3/19/2026 0:00,20260319-DiscoveryPlate-R2,DiscoveryPlate-R2-GES26,Sample,AR-975,FALSE,1.8,AR-905,1.8,220260319-DiscoveryPlate-R2-SMS,AR-902,2.52,AR-1028,0,0,10,5,8,20,100,3,1.9,0.3045,50,0,0,1,1,1,0.02,2,2000,Cytation5,1705168,ext,M,AR-977,AR-954,new-Jon,AR-970,AR-971,AR-972,AR-973,AR-702,Unknown,AR-959,AR-967,AR-969,Unknown,Unknown,0,0,deGFP,Unknown,Labcraft,TRUE,0.45247419,2.219864973,1.164574396,0.00595939,6.006111111
20260319-DiscoveryPlate-R2-I14,I14,3/19/2026 0:00,20260319-DiscoveryPlate-R2,DiscoveryPlate-R2-GES10,Sample,AR-975,FALSE,1.8,AR-905,1.8,220260319-DiscoveryPlate-R2-SMS,AR-902,2.8,AR-1028,0,0,10,5,15,53,100,3.5,2.7,0.3815,50,0,0,1,1,1,0.02,2,2000,Cytation5,1705168,ext,M,AR-977,AR-954,new-Jon,AR-970,AR-971,AR-972,AR-973,AR-702,Unknown,AR-959,AR-967,AR-969,Unknown,Unknown,0,0,deGFP,Unknown,Labcraft,TRUE,0.628644275,1.959195165,1.276556135,0.013223727,5.02816315
20260319-DiscoveryPlate-R2-I15,I15,3/19/2026 0:00,20260319-DiscoveryPlate-R2,DiscoveryPlate-R2-GES20,Sample,AR-975,FALSE,1.8,AR-905,1.8,220260319-DiscoveryPlate-R2-SMS,AR-902,3.85,AR-1028,0,0,10,5,23,60,77.5,3.2,2.3,0.1505,50,0,0,1,1,1,0.02,2,2000,Cytation5,1705168,ext,M,AR-977,AR-954,new-Jon,AR-970,AR-971,AR-972,AR-973,AR-702,Unknown,AR-959,AR-967,AR-969,Unknown,Unknown,0,0,deGFP,Unknown,Labcraft,TRUE,0.412022458,2.073860162,1.080294673,0.031973768,2.001592346
20260319-DiscoveryPlate-R2-I9,I9,3/19/2026 0:00,20260319-DiscoveryPlate-R2,DiscoveryPlate-R2-GES5,Sample,AR-975,FALSE,1.8,AR-905,1.8,220260319-DiscoveryPlate-R2-SMS,AR-902,2.625,AR-1028,0,0,10,5,1,44,40,2.4,2.7,0.259,50,0,0,1,1,1,0.02,2,2000,Cytation5,1705168,ext,M,AR-977,AR-954,new-Jon,AR-970,AR-971,AR-972,AR-973,AR-702,Unknown,AR-959,AR-967,AR-969,Unknown,Unknown,0,0,deGFP,Unknown,Labcraft,FALSE,0.005158202,,,,
20260319-DiscoveryPlate-R2-J10,J10,3/19/2026 0:00,20260319-DiscoveryPlate-R2,DiscoveryPlate-R2-GES33,Sample,AR-975,FALSE,1.8,AR-905,1.8,220260319-DiscoveryPlate-R2-SMS,AR-902,1.855,AR-1028,0,0,10,5,12,4,112.5,2.7,1.9,0.308,50,0,0,1,1,1,0.02,2,2000,Cytation5,1705168,ext,M,AR-977,AR-954,new-Jon,AR-970,AR-971,AR-972,AR-973,AR-702,Unknown,AR-959,AR-967,AR-969,Unknown,Unknown,0,0,deGFP,Unknown,Labcraft,TRUE,0.014003409,3.253924391,0.83801464,0.000329368,4.144023779
20260319-DiscoveryPlate-R2-J11,J11,3/19/2026 0:00,20260319-DiscoveryPlate-R2,DiscoveryPlate-R2-GES17,Sample,AR-975,FALSE,1.8,AR-905,1.8,220260319-DiscoveryPlate-R2-SMS,AR-902,3.36,AR-1028,0,0,10,5,8,33,112.5,2.2,1.5,0.399,50,0,0,1,1,1,0.02,2,2000,Cytation5,1705168,ext,M,AR-977,AR-954,new-Jon,AR-970,AR-971,AR-972,AR-973,AR-702,Unknown,AR-959,AR-967,AR-969,Unknown,Unknown,0,0,deGFP,Unknown,Labcraft,TRUE,0.452373237,2.438525926,1.007679449,0.010345809,4.087759408
20260319-DiscoveryPlate-R2-J12,J12,3/19/2026 0:00,20260319-DiscoveryPlate-R2,DiscoveryPlate-R2-GES1,Sample,AR-975,FALSE,1.8,AR-905,1.8,220260319-DiscoveryPlate-R2-SMS,AR-902,3.15,AR-1028,0,0,10,5,8,22,97.5,1.9,2.3,0.399,50,0,0,1,1,1,0.02,2,2000,Cytation5,1705168,ext,M,AR-977,AR-954,new-Jon,AR-970,AR-971,AR-972,AR-973,AR-702,Unknown,AR-959,AR-967,AR-969,Unknown,Unknown,0,0,deGFP,Unknown,Labcraft,TRUE,0.592080628,1.972325651,1.140412148,0.010690057,6.006111111
20260319-DiscoveryPlate-R2-J13,J13,3/19/2026 0:00,20260319-DiscoveryPlate-R2,DiscoveryPlate-R2-GES23,Sample,AR-975,FALSE,1.8,AR-905,1.8,220260319-DiscoveryPlate-R2-SMS,AR-902,2.345,AR-1028,0,0,10,5,2,42,77.5,2.9,1.7,0.3605,50,0,0,1,1,1,0.02,2,2000,Cytation5,1705168,ext,M,AR-977,AR-954,new-Jon,AR-970,AR-971,AR-972,AR-973,AR-702,Unknown,AR-959,AR-967,AR-969,Unknown,Unknown,0,0,deGFP,Unknown,Labcraft,TRUE,0.003159322,1.145975742,3.756085503,-0.00015745,3.93394381
20260319-DiscoveryPlate-R2-J14,J14,3/19/2026 0:00,20260319-DiscoveryPlate-R2,DiscoveryPlate-R2-GES22,Sample,AR-975,FALSE,1.8,AR-905,1.8,220260319-DiscoveryPlate-R2-SMS,AR-902,2.94,AR-1028,0,0,10,5,7,0,125,3.5,2.1,0.3395,50,0,0,1,1,1,0.02,2,2000,Cytation5,1705168,ext,M,AR-977,AR-954,new-Jon,AR-970,AR-971,AR-972,AR-973,AR-702,Unknown,AR-959,AR-967,AR-969,Unknown,Unknown,0,0,deGFP,Unknown,Labcraft,TRUE,0.120086618,3.047494907,0.974807299,0.001316336,4.121798718
20260319-DiscoveryPlate-R2-J15,J15,3/19/2026 0:00,20260319-DiscoveryPlate-R2,DiscoveryPlate-R2-GES3,Sample,AR-975,FALSE,1.8,AR-905,1.8,220260319-DiscoveryPlate-R2-SMS,AR-902,1.855,AR-1028,0,0,10,5,7,45,77.5,2.9,2,0.2975,50,0,0,1,1,1,0.02,2,2000,Cytation5,1705168,ext,M,AR-977,AR-954,new-Jon,AR-970,AR-971,AR-972,AR-973,AR-702,Unknown,AR-959,AR-967,AR-969,Unknown,Unknown,0,0,deGFP,Unknown,Labcraft,TRUE,0.026857937,2.90712804,0.921190199,0.000428328,4.10360604
20260319-DiscoveryPlate-R2-J9,J9,3/19/2026 0:00,20260319-DiscoveryPlate-R2,DiscoveryPlate-R2-GES6,Sample,AR-975,FALSE,1.8,AR-905,1.8,220260319-DiscoveryPlate-R2-SMS,AR-902,3.99,AR-1028,0,0,10,5,8,13,102.5,2.8,2.1,0.3885,50,0,0,1,1,1,0.02,2,2000,Cytation5,1705168,ext,M,AR-977,AR-954,new-Jon,AR-970,AR-971,AR-972,AR-973,AR-702,Unknown,AR-959,AR-967,AR-969,Unknown,Unknown,0,0,deGFP,Unknown,Labcraft,TRUE,0.341319302,2.815859837,1.03404315,0.004359066,4.110760633
Genscript-PPK-custom-Smix-B10,B10,3/25/2026 0:00,Genscript-PPK-custom-Smix,CP/CK 8mM Mg2+,Sample,NEB Sol B,TRUE,1.8,NEB Sol B,1.8,3X Smix+tRNA-CP-Mg,AR-900,3.5,AR-804,0,3,10,2.98,8,20,100,2,2,0.3,50,0,0,1,1,1,0.02,2,0,Synergy 2,206621,35,F,Unknown,Unknown,Unknown,Unknown,Unknown,Unknown,Unknown,Unknown,Unknown,Unknown,Unknown,Unknown,Unknown,Unknown,2,0,plamGFP,Unknown,R&D,TRUE,1.256376112,3.305336291,1.048242032,0.034370249,2.311702147
Genscript-PPK-custom-Smix-B12,B12,3/25/2026 0:00,Genscript-PPK-custom-Smix,CP/CK 8mM Mg2+,Sample,NEB Sol B,TRUE,1.8,NEB Sol B,1.8,3X Smix+tRNA-CP-Mg,AR-900,3.5,AR-804,0,3,10,2.98,8,20,100,2,2,0.3,50,0,0,1,1,1,0.02,2,0,Synergy 2,206621,35,F,Unknown,Unknown,Unknown,Unknown,Unknown,Unknown,Unknown,Unknown,Unknown,Unknown,Unknown,Unknown,Unknown,Unknown,2,0,plamGFP,Unknown,R&D,TRUE,1.042038016,3.334150327,1.03169609,0.029518013,2.35718895
Genscript-PPK-custom-Smix-B8,B8,3/25/2026 0:00,Genscript-PPK-custom-Smix,CP/CK 8mM Mg2+,Sample,NEB Sol B,TRUE,1.8,NEB Sol B,1.8,3X Smix+tRNA-CP-Mg,AR-900,3.5,AR-804,0,3,10,2.98,8,20,100,2,2,0.3,50,0,0,1,1,1,0.02,2,0,Synergy 2,206621,35,F,Unknown,Unknown,Unknown,Unknown,Unknown,Unknown,Unknown,Unknown,Unknown,Unknown,Unknown,Unknown,Unknown,Unknown,2,0,plamGFP,Unknown,R&D,TRUE,1.357799658,3.281780353,1.05110204,0.0358836,2.377434351
Genscript-PPK-custom-Smix-D10,D10,3/25/2026 0:00,Genscript-PPK-custom-Smix,CP/CK + polyP + 18 mM Mg,Sample,NEB Sol B,TRUE,1.8,NEB Sol B,1.8,3X Smix+tRNA-CP-Mg,AR-900,3.5,AR-804,0,3,10,2.98,18,20,100,2,2,0.3,50,0,30,1,1,1,0.02,2,0,Synergy 2,206621,35,F,Unknown,Unknown,Unknown,Unknown,Unknown,Unknown,Unknown,Unknown,Unknown,Unknown,Unknown,Unknown,Unknown,Unknown,2,0,plamGFP,Unknown,R&D,TRUE,3.429616565,2.628195601,1.220415524,0.083627998,2.898549445
Genscript-PPK-custom-Smix-D12,D12,3/25/2026 0:00,Genscript-PPK-custom-Smix,CP/CK + polyP + 18 mM Mg,Sample,NEB Sol B,TRUE,1.8,NEB Sol B,1.8,3X Smix+tRNA-CP-Mg,AR-900,3.5,AR-804,0,3,10,2.98,18,20,100,2,2,0.3,50,0,30,1,1,1,0.02,2,0,Synergy 2,206621,35,F,Unknown,Unknown,Unknown,Unknown,Unknown,Unknown,Unknown,Unknown,Unknown,Unknown,Unknown,Unknown,Unknown,Unknown,2,0,plamGFP,Unknown,R&D,TRUE,2.498051552,2.769588567,1.183205002,0.070121145,2.549415478
Genscript-PPK-custom-Smix-D8,D8,3/25/2026 0:00,Genscript-PPK-custom-Smix,CP/CK + polyP + 18 mM Mg,Sample,NEB Sol B,TRUE,1.8,NEB Sol B,1.8,3X Smix+tRNA-CP-Mg,AR-900,3.5,AR-804,0,3,10,2.98,18,20,100,2,2,0.3,50,0,30,1,1,1,0.02,2,0,Synergy 2,206621,35,F,Unknown,Unknown,Unknown,Unknown,Unknown,Unknown,Unknown,Unknown,Unknown,Unknown,Unknown,Unknown,Unknown,Unknown,2,0,plamGFP,Unknown,R&D,TRUE,3.720515759,2.445137589,1.244438088,0.083169605,3.464067324
Genscript-PPK-custom-Smix-F10,F10,3/25/2026 0:00,Genscript-PPK-custom-Smix,PPK/polyP + 18 mM Mg2+,Sample,NEB Sol B,TRUE,1.8,NEB Sol B,1.8,3X Smix+tRNA-CP-Mg,AR-900,3.5,AR-804,0,3,10,2.98,18,0,100,2,2,0.3,50,1.958,30,1,1,1,0.02,2,0,Synergy 2,206621,35,F,Unknown,Unknown,Unknown,Unknown,Unknown,Unknown,Unknown,Unknown,Unknown,Unknown,Unknown,Unknown,Unknown,Genscript,2,0,plamGFP,Unknown,R&D,TRUE,0.749407456,5.364843265,0.752368574,0.023840933,1.831147556
Genscript-PPK-custom-Smix-F12,F12,3/25/2026 0:00,Genscript-PPK-custom-Smix,PPK/polyP + 18 mM Mg2+,Sample,NEB Sol B,TRUE,1.8,NEB Sol B,1.8,3X Smix+tRNA-CP-Mg,AR-900,3.5,AR-804,0,3,10,2.98,18,0,100,2,2,0.3,50,1.958,30,1,1,1,0.02,2,0,Synergy 2,206621,35,F,Unknown,Unknown,Unknown,Unknown,Unknown,Unknown,Unknown,Unknown,Unknown,Unknown,Unknown,Unknown,Unknown,Genscript,2,0,plamGFP,Unknown,R&D,TRUE,0.722869939,5.4328295,0.761740495,0.023384407,1.701409833
Genscript-PPK-custom-Smix-F8,F8,3/25/2026 0:00,Genscript-PPK-custom-Smix,PPK/polyP + 18 mM Mg2+,Sample,NEB Sol B,TRUE,1.8,NEB Sol B,1.8,3X Smix+tRNA-CP-Mg,AR-900,3.5,AR-804,0,3,10,2.98,18,0,100,2,2,0.3,50,1.958,30,1,1,1,0.02,2,0,Synergy 2,206621,35,F,Unknown,Unknown,Unknown,Unknown,Unknown,Unknown,Unknown,Unknown,Unknown,Unknown,Unknown,Unknown,Unknown,Genscript,2,0,plamGFP,Unknown,R&D,TRUE,0.750020879,5.343934178,0.734161376,0.024581951,1.886150832
Genscript-PPK-custom-Smix-H10,H10,3/25/2026 0:00,Genscript-PPK-custom-Smix,CP/CK + PPK/polyP + 18 mM Mg2+,Sample,NEB Sol B,TRUE,1.8,NEB Sol B,1.8,3X Smix+tRNA-CP-Mg,AR-900,3.5,AR-804,0,3,10,2.98,18,20,100,2,2,0.3,50,1.958,30,1,1,1,0.02,2,0,Synergy 2,206621,35,F,Unknown,Unknown,Unknown,Unknown,Unknown,Unknown,Unknown,Unknown,Unknown,Unknown,Unknown,Unknown,Unknown,Genscript,2,0,plamGFP,Unknown,R&D,TRUE,3.2436406,2.506246071,1.240457675,0.087416469,2.8848516
Genscript-PPK-custom-Smix-H12,H12,3/25/2026 0:00,Genscript-PPK-custom-Smix,CP/CK + PPK/polyP + 18 mM Mg2+,Sample,NEB Sol B,TRUE,1.8,NEB Sol B,1.8,3X Smix+tRNA-CP-Mg,AR-900,3.5,AR-804,0,3,10,2.98,18,20,100,2,2,0.3,50,1.958,30,1,1,1,0.02,2,0,Synergy 2,206621,35,F,Unknown,Unknown,Unknown,Unknown,Unknown,Unknown,Unknown,Unknown,Unknown,Unknown,Unknown,Unknown,Unknown,Genscript,2,0,plamGFP,Unknown,R&D,TRUE,2.651381465,2.650935828,1.2094381,0.077212238,2.585085255
Genscript-PPK-custom-Smix-H8,H8,3/25/2026 0:00,Genscript-PPK-custom-Smix,CP/CK + PPK/polyP + 18 mM Mg2+,Sample,NEB Sol B,TRUE,1.8,NEB Sol B,1.8,3X Smix+tRNA-CP-Mg,AR-900,3.5,AR-804,0,3,10,2.98,18,20,100,2,2,0.3,50,1.958,30,1,1,1,0.02,2,0,Synergy 2,206621,35,F,Unknown,Unknown,Unknown,Unknown,Unknown,Unknown,Unknown,Unknown,Unknown,Unknown,Unknown,Unknown,Unknown,Genscript,2,0,plamGFP,Unknown,R&D,TRUE,3.863057942,2.108855855,1.308635588,0.085991521,4.26679363
Genscript-PPK-custom-Smix-J10,J10,3/25/2026 0:00,Genscript-PPK-custom-Smix,PURExpress Positive Control,Control,NEB Sol B,TRUE,1.8,NEB Sol B,1.8,NEB Sol A,NEB Sol B,3.5,AR-804,0,3,10,2.98,0,0,100,2,2,0.3,50,0,0,1,1,1,0.02,2,0,Synergy 2,206621,35,F,NEB Sol A,NEB Sol A,NEB Sol A,NEB Sol A,NEB Sol A,NEB Sol A,NEB Sol A,NEB Sol A,NEB Sol A,NEB Sol A,NEB Sol A,NEB Sol A,NEB Sol A,NEB Sol A,0,0,plamGFP,Unknown,R&D,TRUE,2.272708457,2.721198875,1.262571943,0.06973688,2.5291808
Genscript-PPK-custom-Smix-J12,J12,3/25/2026 0:00,Genscript-PPK-custom-Smix,PURExpress Positive Control,Control,NEB Sol B,TRUE,1.8,NEB Sol B,1.8,NEB Sol A,NEB Sol B,3.5,AR-804,0,3,10,2.98,0,0,100,2,2,0.3,50,0,0,1,1,1,0.02,2,0,Synergy 2,206621,35,F,NEB Sol A,NEB Sol A,NEB Sol A,NEB Sol A,NEB Sol A,NEB Sol A,NEB Sol A,NEB Sol A,NEB Sol A,NEB Sol A,NEB Sol A,NEB Sol A,NEB Sol A,NEB Sol A,0,0,plamGFP,Unknown,R&D,TRUE,2.226202477,2.731663143,1.258301076,0.071057401,2.440368046
Genscript-PPK-custom-Smix-J8,J8,3/25/2026 0:00,Genscript-PPK-custom-Smix,PURExpress Positive Control,Control,NEB Sol B,TRUE,1.8,NEB Sol B,1.8,NEB Sol A,NEB Sol B,3.5,AR-804,0,3,10,2.98,0,0,100,2,2,0.3,50,0,0,1,1,1,0.02,2,0,Synergy 2,206621,35,F,NEB Sol A,NEB Sol A,NEB Sol A,NEB Sol A,NEB Sol A,NEB Sol A,NEB Sol A,NEB Sol A,NEB Sol A,NEB Sol A,NEB Sol A,NEB Sol A,NEB Sol A,NEB Sol A,0,0,plamGFP,Unknown,R&D,TRUE,2.253557113,2.737919323,1.254554771,0.068677653,2.544730507
tRNA AR-1035 Activity QC-B10,B10,3/26/2026 0:00,tRNA AR-1035 Activity QC,tRNA AR-1035,Sample,AR-1044,FALSE,1.8,AR-965,1.8,AR-976,AR-1035,3.494,AR-1028,5.55,1.2,10,3.016304348,8,20,100,2,2,0.3,50,0,0,1,1,1,0.02,2,2000,Synergy 2,206621,35,F,Unknown,Unknown,Unknown,Unknown,Unknown,Unknown,Unknown,Unknown,Unknown,Unknown,Unknown,Unknown,Unknown,Unknown,0,0,deGFP,Unknown,MFG,TRUE,0.893781295,3.731836721,0.697011146,0.010117917,5.73496508
tRNA AR-1035 Activity QC-B14,B14,3/26/2026 0:00,tRNA AR-1035 Activity QC,Positive Control,Positive Control,NEB Sol B,TRUE,1.8,NEB Sol B,1.8,NEB Sol A,NEB Sol B,3.5,AR-1028,5.55,3,10,3.016304348,8,20,100,2,2,0.3,50,0,0,1,1,1,0.02,2,2000,Synergy 2,206621,35,F,NEB Sol A,NEB Sol A,NEB Sol A,NEB Sol A,NEB Sol A,NEB Sol A,NEB Sol A,NEB Sol A,NEB Sol A,NEB Sol A,NEB Sol A,NEB Sol A,NEB Sol A,NEB Sol A,0,0,deGFP,Unknown,MFG,TRUE,1.182441321,2.457653316,0.971057857,0.017363605,6.016666667
tRNA AR-1035 Activity QC-D10,D10,3/26/2026 0:00,tRNA AR-1035 Activity QC,tRNA AR-1035,Sample,AR-1044,FALSE,1.8,AR-965,1.8,AR-976,AR-1035,3.494,AR-1028,5.55,1.2,10,3.016304348,8,20,100,2,2,0.3,50,0,0,1,1,1,0.02,2,2000,Synergy 2,206621,35,F,Unknown,Unknown,Unknown,Unknown,Unknown,Unknown,Unknown,Unknown,Unknown,Unknown,Unknown,Unknown,Unknown,Unknown,0,0,deGFP,Unknown,MFG,TRUE,0.883999491,3.575651379,0.697670823,0.011043972,6.016666667
tRNA AR-1035 Activity QC-D14,D14,3/26/2026 0:00,tRNA AR-1035 Activity QC,Positive Control,Positive Control,NEB Sol B,TRUE,1.8,NEB Sol B,1.8,NEB Sol A,NEB Sol B,3.5,AR-1028,5.55,3,10,3.016304348,8,20,100,2,2,0.3,50,0,0,1,1,1,0.02,2,2000,Synergy 2,206621,35,F,NEB Sol A,NEB Sol A,NEB Sol A,NEB Sol A,NEB Sol A,NEB Sol A,NEB Sol A,NEB Sol A,NEB Sol A,NEB Sol A,NEB Sol A,NEB Sol A,NEB Sol A,NEB Sol A,0,0,deGFP,Unknown,MFG,TRUE,1.194986663,2.472088104,0.961917663,0.017543031,6.016666667
tRNA AR-1035 Activity QC-F10,F10,3/26/2026 0:00,tRNA AR-1035 Activity QC,tRNA AR-1035,Sample,AR-1044,FALSE,1.8,AR-965,1.8,AR-976,AR-1035,3.494,AR-1028,5.55,1.2,10,3.016304348,8,20,100,2,2,0.3,50,0,0,1,1,1,0.02,2,2000,Synergy 2,206621,35,F,Unknown,Unknown,Unknown,Unknown,Unknown,Unknown,Unknown,Unknown,Unknown,Unknown,Unknown,Unknown,Unknown,Unknown,0,0,deGFP,Unknown,MFG,TRUE,0.886827929,3.538268596,0.694474292,0.011408623,6.016666667
tRNA AR-1035 Activity QC-F14,F14,3/26/2026 0:00,tRNA AR-1035 Activity QC,Positive Control,Positive Control,NEB Sol B,TRUE,1.8,NEB Sol B,1.8,NEB Sol A,NEB Sol B,3.5,AR-1028,5.55,3,10,3.016304348,8,20,100,2,2,0.3,50,0,0,1,1,1,0.02,2,2000,Synergy 2,206621,35,F,NEB Sol A,NEB Sol A,NEB Sol A,NEB Sol A,NEB Sol A,NEB Sol A,NEB Sol A,NEB Sol A,NEB Sol A,NEB Sol A,NEB Sol A,NEB Sol A,NEB Sol A,NEB Sol A,0,0,deGFP,Unknown,MFG,TRUE,1.129932724,2.386671746,0.973700669,0.017707378,6.016666667
Ribosome-MFG-194-AR-1076-AR-1077-Activity-QC-B16,B16,3/30/2026 0:00,Ribosome-MFG-194-AR-1076-AR-1077-Activity-QC,Positive Control,Positive Control,NEB Sol B,TRUE,1.8,NEB Sol B,1.8,NEB Sol A,NEB Sol B,3.5,AR-1028,5.55,3,10,3.016304348,8,20,100,2,2,0.3,50,0,0,1,1,1,0.02,2,2000,Cytation5,1705168,ext,M,NEB Sol A,NEB Sol A,NEB Sol A,NEB Sol A,NEB Sol A,NEB Sol A,NEB Sol A,NEB Sol A,NEB Sol A,NEB Sol A,NEB Sol A,NEB Sol A,NEB Sol A,NEB Sol A,0,0,deGFP,Unknown,MFG,TRUE,1.100550443,2.490421722,1.077849167,0.01315576,6.013055556
Ribosome-MFG-194-AR-1076-AR-1077-Activity-QC-B4,B4,3/30/2026 0:00,Ribosome-MFG-194-AR-1076-AR-1077-Activity-QC,Ribosome AR-1076,Sample,AR-1060,FALSE,1.8,AR-1076,1.8,AR-976,AR-1035,3.5,AR-1028,5.55,1.2,10,3.016304348,8,20,100,2,2,0.3,50,0,0,1,1,1,0.02,2,2000,Cytation5,1705168,ext,M,Unknown,Unknown,Unknown,Unknown,Unknown,Unknown,Unknown,Unknown,Unknown,Unknown,Unknown,Unknown,Unknown,Unknown,0,0,deGFP,Unknown,MFG,TRUE,0.971853504,4.381156297,0.734577359,0.005823026,6.013055556
Ribosome-MFG-194-AR-1076-AR-1077-Activity-QC-B6,B6,3/30/2026 0:00,Ribosome-MFG-194-AR-1076-AR-1077-Activity-QC,Ribosome AR-1077,Sample,AR-1060,FALSE,1.8,AR-1077,1.8,AR-976,AR-1035,3.5,AR-1028,5.55,1.2,10,3.016304348,8,20,100,2,2,0.3,50,0,0,1,1,1,0.02,2,2000,Cytation5,1705168,ext,M,Unknown,Unknown,Unknown,Unknown,Unknown,Unknown,Unknown,Unknown,Unknown,Unknown,Unknown,Unknown,Unknown,Unknown,0,0,deGFP,Unknown,MFG,TRUE,0.844823643,4.692474704,0.764611182,0.001969363,6.013055556
Ribosome-MFG-194-AR-1076-AR-1077-Activity-QC-D16,D16,3/30/2026 0:00,Ribosome-MFG-194-AR-1076-AR-1077-Activity-QC,Positive Control,Positive Control,NEB Sol B,TRUE,1.8,NEB Sol B,1.8,NEB Sol A,NEB Sol B,3.5,AR-1028,5.55,3,10,3.016304348,8,20,100,2,2,0.3,50,0,0,1,1,1,0.02,2,2000,Cytation5,1705168,ext,M,NEB Sol A,NEB Sol A,NEB Sol A,NEB Sol A,NEB Sol A,NEB Sol A,NEB Sol A,NEB Sol A,NEB Sol A,NEB Sol A,NEB Sol A,NEB Sol A,NEB Sol A,NEB Sol A,0,0,deGFP,Unknown,MFG,TRUE,1.122917438,2.54399753,1.064284426,0.012681778,6.013055556
Ribosome-MFG-194-AR-1076-AR-1077-Activity-QC-D4,D4,3/30/2026 0:00,Ribosome-MFG-194-AR-1076-AR-1077-Activity-QC,Ribosome AR-1076,Sample,AR-1060,FALSE,1.8,AR-1076,1.8,AR-976,AR-1035,3.5,AR-1028,5.55,1.2,10,3.016304348,8,20,100,2,2,0.3,50,0,0,1,1,1,0.02,2,2000,Cytation5,1705168,ext,M,Unknown,Unknown,Unknown,Unknown,Unknown,Unknown,Unknown,Unknown,Unknown,Unknown,Unknown,Unknown,Unknown,Unknown,0,0,deGFP,Unknown,MFG,TRUE,1.0024477,4.431257105,0.720708485,0.006040301,6.013055556
Ribosome-MFG-194-AR-1076-AR-1077-Activity-QC-D6,D6,3/30/2026 0:00,Ribosome-MFG-194-AR-1076-AR-1077-Activity-QC,Ribosome AR-1077,Sample,AR-1060,FALSE,1.8,AR-1077,1.8,AR-976,AR-1035,3.5,AR-1028,5.55,1.2,10,3.016304348,8,20,100,2,2,0.3,50,0,0,1,1,1,0.02,2,2000,Cytation5,1705168,ext,M,Unknown,Unknown,Unknown,Unknown,Unknown,Unknown,Unknown,Unknown,Unknown,Unknown,Unknown,Unknown,Unknown,Unknown,0,0,deGFP,Unknown,MFG,TRUE,0.823938374,4.619310494,0.756689731,0.002847357,6.013055556
Ribosome-MFG-194-AR-1076-AR-1077-Activity-QC-F16,F16,3/30/2026 0:00,Ribosome-MFG-194-AR-1076-AR-1077-Activity-QC,Positive Control,Positive Control,NEB Sol B,TRUE,1.8,NEB Sol B,1.8,NEB Sol A,NEB Sol B,3.5,AR-1028,5.55,3,10,3.016304348,8,20,100,2,2,0.3,50,0,0,1,1,1,0.02,2,2000,Cytation5,1705168,ext,M,NEB Sol A,NEB Sol A,NEB Sol A,NEB Sol A,NEB Sol A,NEB Sol A,NEB Sol A,NEB Sol A,NEB Sol A,NEB Sol A,NEB Sol A,NEB Sol A,NEB Sol A,NEB Sol A,0,0,deGFP,Unknown,MFG,TRUE,0.981083073,2.455287204,1.073695269,0.01336014,5.621484653
Ribosome-MFG-194-AR-1076-AR-1077-Activity-QC-F4,F4,3/30/2026 0:00,Ribosome-MFG-194-AR-1076-AR-1077-Activity-QC,Ribosome AR-1076,Sample,AR-1060,FALSE,1.8,AR-1076,1.8,AR-976,AR-1035,3.5,AR-1028,5.55,1.2,10,3.016304348,8,20,100,2,2,0.3,50,0,0,1,1,1,0.02,2,2000,Cytation5,1705168,ext,M,Unknown,Unknown,Unknown,Unknown,Unknown,Unknown,Unknown,Unknown,Unknown,Unknown,Unknown,Unknown,Unknown,Unknown,0,0,deGFP,Unknown,MFG,TRUE,1.021422519,4.504208987,0.711419491,0.005253802,6.013055556
Ribosome-MFG-194-AR-1076-AR-1077-Activity-QC-F6,F6,3/30/2026 0:00,Ribosome-MFG-194-AR-1076-AR-1077-Activity-QC,Ribosome AR-1077,Sample,AR-1060,FALSE,1.8,AR-1077,1.8,AR-976,AR-1035,3.5,AR-1028,5.55,1.2,10,3.016304348,8,20,100,2,2,0.3,50,0,0,1,1,1,0.02,2,2000,Cytation5,1705168,ext,M,Unknown,Unknown,Unknown,Unknown,Unknown,Unknown,Unknown,Unknown,Unknown,Unknown,Unknown,Unknown,Unknown,Unknown,0,0,deGFP,Unknown,MFG,TRUE,0.81930879,4.771605867,0.726715098,0.002982552,6.013055556
tRNA-MFG-193-AR-1080-Activity-QC-B16,B16,4/1/2026 0:00,tRNA-MFG-193-AR-1080-Activity-QC,Positive Control,Positive Control,NEB Sol B,TRUE,1.8,NEB Sol B,1.8,NEB Sol A,NEB Sol B,3.5,AR-1028,5.55,3,10,3.016304348,8,20,100,2,2,0.3,50,0,0,1,1,1,0.02,2,2000,Cytation5,1705168,ext,M,NEB Sol A,NEB Sol A,NEB Sol A,NEB Sol A,NEB Sol A,NEB Sol A,NEB Sol A,NEB Sol A,NEB Sol A,NEB Sol A,NEB Sol A,NEB Sol A,NEB Sol A,NEB Sol A,0,0,deGFP,Unknown,MFG,TRUE,1.100550443,2.490421722,1.077849167,0.01315576,6.013055556
tRNA-MFG-193-AR-1080-Activity-QC-B2,B2,4/1/2026 0:00,tRNA-MFG-193-AR-1080-Activity-QC,tRNA AR-1080,Sample,AR-1060,FALSE,1.8,AR-1011,1.8,AR-976,AR-1080,3.5,AR-1028,5.55,1.2,10,3.016304348,8,20,100,2,2,0.3,50,0,0,1,1,1,0.02,2,2000,Cytation5,1705168,ext,M,Unknown,Unknown,Unknown,Unknown,Unknown,Unknown,Unknown,Unknown,Unknown,Unknown,Unknown,Unknown,Unknown,Unknown,0,0,deGFP,Unknown,MFG,TRUE,1.036126857,4.841868644,0.694072096,0.005050461,6.013055556
tRNA-MFG-193-AR-1080-Activity-QC-D16,D16,4/1/2026 0:00,tRNA-MFG-193-AR-1080-Activity-QC,Positive Control,Positive Control,NEB Sol B,TRUE,1.8,NEB Sol B,1.8,NEB Sol A,NEB Sol B,3.5,AR-1028,5.55,3,10,3.016304348,8,20,100,2,2,0.3,50,0,0,1,1,1,0.02,2,2000,Cytation5,1705168,ext,M,NEB Sol A,NEB Sol A,NEB Sol A,NEB Sol A,NEB Sol A,NEB Sol A,NEB Sol A,NEB Sol A,NEB Sol A,NEB Sol A,NEB Sol A,NEB Sol A,NEB Sol A,NEB Sol A,0,0,deGFP,Unknown,MFG,TRUE,1.122917438,2.54399753,1.064284426,0.012681778,6.013055556
tRNA-MFG-193-AR-1080-Activity-QC-D2,D2,4/1/2026 0:00,tRNA-MFG-193-AR-1080-Activity-QC,tRNA AR-1080,Sample,AR-1060,FALSE,1.8,AR-1011,1.8,AR-976,AR-1080,3.5,AR-1028,5.55,1.2,10,3.016304348,8,20,100,2,2,0.3,50,0,0,1,1,1,0.02,2,2000,Cytation5,1705168,ext,M,Unknown,Unknown,Unknown,Unknown,Unknown,Unknown,Unknown,Unknown,Unknown,Unknown,Unknown,Unknown,Unknown,Unknown,0,0,deGFP,Unknown,MFG,TRUE,1.071880937,4.926587584,0.677209454,0.004795197,6.013055556
tRNA-MFG-193-AR-1080-Activity-QC-F16,F16,4/1/2026 0:00,tRNA-MFG-193-AR-1080-Activity-QC,Positive Control,Positive Control,NEB Sol B,TRUE,1.8,NEB Sol B,1.8,NEB Sol A,NEB Sol B,3.5,AR-1028,5.55,3,10,3.016304348,8,20,100,2,2,0.3,50,0,0,1,1,1,0.02,2,2000,Cytation5,1705168,ext,M,NEB Sol A,NEB Sol A,NEB Sol A,NEB Sol A,NEB Sol A,NEB Sol A,NEB Sol A,NEB Sol A,NEB Sol A,NEB Sol A,NEB Sol A,NEB Sol A,NEB Sol A,NEB Sol A,0,0,deGFP,Unknown,MFG,TRUE,0.981083073,2.455287204,1.073695269,0.01336014,5.621484653
tRNA-MFG-193-AR-1080-Activity-QC-F2,F2,4/1/2026 0:00,tRNA-MFG-193-AR-1080-Activity-QC,tRNA AR-1080,Sample,AR-1060,FALSE,1.8,AR-1011,1.8,AR-976,AR-1080,3.5,AR-1028,5.55,1.2,10,3.016304348,8,20,100,2,2,0.3,50,0,0,1,1,1,0.02,2,2000,Cytation5,1705168,ext,M,Unknown,Unknown,Unknown,Unknown,Unknown,Unknown,Unknown,Unknown,Unknown,Unknown,Unknown,Unknown,Unknown,Unknown,0,0,deGFP,Unknown,MFG,TRUE,1.022436393,4.89134127,0.671342356,0.004800771,6.013055556
PPK-custom-Smix-without-PEG-B2,B2,4/13/2026 0:00,PPK-custom-Smix-without-PEG,CP/CK 8mM Mg2+,Sample,NEB Sol B,TRUE,1.8,NEB Sol B,1.8,3X Smix+tRNA-CP-Mg,AR-900,3.5,pOpen-plamGFP,0,3,10,2.98,8,20,100,2,2,0.3,50,0,0,1,1,1,0.02,2,0,Cytation3,130723A,35,F,Unknown,Unknown,Unknown,Unknown,Unknown,Unknown,Unknown,Unknown,Unknown,Unknown,Unknown,Unknown,Unknown,Unknown,0,0,plamGFP,Unknown,R&D,TRUE,1.434532152,2.116384404,1.249122418,0.023914588,6
PPK-custom-Smix-without-PEG-B4,B4,4/13/2026 0:00,PPK-custom-Smix-without-PEG,CP/CK 8mM Mg2+,Sample,NEB Sol B,TRUE,1.8,NEB Sol B,1.8,3X Smix+tRNA-CP-Mg,AR-900,3.5,pOpen-plamGFP,0,3,10,2.98,8,20,100,2,2,0.3,50,0,0,1,1,1,0.02,2,0,Cytation3,130723A,35,F,Unknown,Unknown,Unknown,Unknown,Unknown,Unknown,Unknown,Unknown,Unknown,Unknown,Unknown,Unknown,Unknown,Unknown,0,0,plamGFP,Unknown,R&D,TRUE,1.438161059,2.117376779,1.252932136,0.023771926,6
PPK-custom-Smix-without-PEG-B6,B6,4/13/2026 0:00,PPK-custom-Smix-without-PEG,CP/CK 8mM Mg2+,Sample,NEB Sol B,TRUE,1.8,NEB Sol B,1.8,3X Smix+tRNA-CP-Mg,AR-900,3.5,pOpen-plamGFP,0,3,10,2.98,8,20,100,2,2,0.3,50,0,0,1,1,1,0.02,2,0,Cytation3,130723A,35,F,Unknown,Unknown,Unknown,Unknown,Unknown,Unknown,Unknown,Unknown,Unknown,Unknown,Unknown,Unknown,Unknown,Unknown,0,0,plamGFP,Unknown,R&D,TRUE,1.433299918,2.148682932,1.261622878,0.022485042,6
PPK-custom-Smix-without-PEG-D2,D2,4/13/2026 0:00,PPK-custom-Smix-without-PEG,CP/CK Negative Control (-CP),Sample,NEB Sol B,TRUE,1.8,NEB Sol B,1.8,3X Smix+tRNA-CP-Mg,AR-900,3.5,pOpen-plamGFP,0,3,10,2.98,8,0,100,2,2,0.3,50,0,0,1,1,1,0.02,2,0,Cytation3,130723A,35,F,Unknown,Unknown,Unknown,Unknown,Unknown,Unknown,Unknown,Unknown,Unknown,Unknown,Unknown,Unknown,Unknown,Unknown,0,0,plamGFP,Unknown,R&D,TRUE,0.189572766,3.276115142,0.993888553,0.005008917,4.026828197
PPK-custom-Smix-without-PEG-D4,D4,4/13/2026 0:00,PPK-custom-Smix-without-PEG,CP/CK Negative Control (-CP),Sample,NEB Sol B,TRUE,1.8,NEB Sol B,1.8,3X Smix+tRNA-CP-Mg,AR-900,3.5,pOpen-plamGFP,0,3,10,2.98,8,0,100,2,2,0.3,50,0,0,1,1,1,0.02,2,0,Cytation3,130723A,35,F,Unknown,Unknown,Unknown,Unknown,Unknown,Unknown,Unknown,Unknown,Unknown,Unknown,Unknown,Unknown,Unknown,Unknown,0,0,plamGFP,Unknown,R&D,TRUE,0.180117799,3.248791268,0.987480583,0.004893376,4.025386313
PPK-custom-Smix-without-PEG-D6,D6,4/13/2026 0:00,PPK-custom-Smix-without-PEG,CP/CK Negative Control (-CP),Sample,NEB Sol B,TRUE,1.8,NEB Sol B,1.8,3X Smix+tRNA-CP-Mg,AR-900,3.5,pOpen-plamGFP,0,3,10,2.98,8,0,100,2,2,0.3,50,0,0,1,1,1,0.02,2,0,Cytation3,130723A,35,F,Unknown,Unknown,Unknown,Unknown,Unknown,Unknown,Unknown,Unknown,Unknown,Unknown,Unknown,Unknown,Unknown,Unknown,0,0,plamGFP,Unknown,R&D,TRUE,0.168115041,3.237885872,0.981705719,0.004634175,4.006513855
PPK-custom-Smix-without-PEG-F2,F2,4/13/2026 0:00,PPK-custom-Smix-without-PEG,CP/CK + polyP + 18 mM Mg,Sample,NEB Sol B,TRUE,1.8,NEB Sol B,1.8,3X Smix+tRNA-CP-Mg,AR-900,3.5,pOpen-plamGFP,0,3,10,2.98,18,20,100,2,2,0.3,50,0,30,1,1,1,0.02,2,0,Cytation3,130723A,35,F,Unknown,Unknown,Unknown,Unknown,Unknown,Unknown,Unknown,Unknown,Unknown,Unknown,Unknown,Unknown,Unknown,Unknown,0,0,plamGFP,Unknown,R&D,TRUE,1.707694497,2.356852765,1.148194387,0.028459895,6
PPK-custom-Smix-without-PEG-F4,F4,4/13/2026 0:00,PPK-custom-Smix-without-PEG,CP/CK + polyP + 18 mM Mg,Sample,NEB Sol B,TRUE,1.8,NEB Sol B,1.8,3X Smix+tRNA-CP-Mg,AR-900,3.5,pOpen-plamGFP,0,3,10,2.98,18,20,100,2,2,0.3,50,0,30,1,1,1,0.02,2,0,Cytation3,130723A,35,F,Unknown,Unknown,Unknown,Unknown,Unknown,Unknown,Unknown,Unknown,Unknown,Unknown,Unknown,Unknown,Unknown,Unknown,0,0,plamGFP,Unknown,R&D,TRUE,1.7105649,2.352698492,1.151323984,0.028499371,6
PPK-custom-Smix-without-PEG-F6,F6,4/13/2026 0:00,PPK-custom-Smix-without-PEG,CP/CK + polyP + 18 mM Mg,Sample,NEB Sol B,TRUE,1.8,NEB Sol B,1.8,3X Smix+tRNA-CP-Mg,AR-900,3.5,pOpen-plamGFP,0,3,10,2.98,18,20,100,2,2,0.3,50,0,30,1,1,1,0.02,2,0,Cytation3,130723A,35,F,Unknown,Unknown,Unknown,Unknown,Unknown,Unknown,Unknown,Unknown,Unknown,Unknown,Unknown,Unknown,Unknown,Unknown,0,0,plamGFP,Unknown,R&D,TRUE,1.705499143,2.348811724,1.151722997,0.0286124,6
PPK-custom-Smix-without-PEG-H2,H2,4/13/2026 0:00,PPK-custom-Smix-without-PEG,PPK/polyP + 18 mM Mg2+,Sample,NEB Sol B,TRUE,1.8,NEB Sol B,1.8,3X Smix+tRNA-CP-Mg,AR-900,3.5,pOpen-plamGFP,0,3,10,2.98,18,0,100,2,2,0.3,50,2.0125,30,1,1,1,0.02,2,0,Cytation3,130723A,35,F,Unknown,Unknown,Unknown,Unknown,Unknown,Unknown,Unknown,Unknown,Unknown,Unknown,Unknown,Unknown,Unknown,Unknown,0,0,plamGFP,Unknown,R&D,TRUE,0.552861943,4.485221531,0.93150927,0.01481871,2.05042653
PPK-custom-Smix-without-PEG-H4,H4,4/13/2026 0:00,PPK-custom-Smix-without-PEG,PPK/polyP + 18 mM Mg2+,Sample,NEB Sol B,TRUE,1.8,NEB Sol B,1.8,3X Smix+tRNA-CP-Mg,AR-900,3.5,pOpen-plamGFP,0,3,10,2.98,18,0,100,2,2,0.3,50,2.0125,30,1,1,1,0.02,2,0,Cytation3,130723A,35,F,Unknown,Unknown,Unknown,Unknown,Unknown,Unknown,Unknown,Unknown,Unknown,Unknown,Unknown,Unknown,Unknown,Unknown,0,0,plamGFP,Unknown,R&D,TRUE,0.579464516,4.427205389,0.93533159,0.014717034,2.199514049
PPK-custom-Smix-without-PEG-H6,H6,4/13/2026 0:00,PPK-custom-Smix-without-PEG,PPK/polyP + 18 mM Mg2+,Sample,NEB Sol B,TRUE,1.8,NEB Sol B,1.8,3X Smix+tRNA-CP-Mg,AR-900,3.5,pOpen-plamGFP,0,3,10,2.98,18,0,100,2,2,0.3,50,2.0125,30,1,1,1,0.02,2,0,Cytation3,130723A,35,F,Unknown,Unknown,Unknown,Unknown,Unknown,Unknown,Unknown,Unknown,Unknown,Unknown,Unknown,Unknown,Unknown,Unknown,0,0,plamGFP,Unknown,R&D,TRUE,0.539882592,4.427562538,0.930971485,0.014578944,2.095030357
PPK-custom-Smix-without-PEG-J2,J2,4/13/2026 0:00,PPK-custom-Smix-without-PEG,CP/CK + PPK/polyP + 18 mM Mg2+,Sample,NEB Sol B,TRUE,1.8,NEB Sol B,1.8,3X Smix+tRNA-CP-Mg,AR-900,3.5,pOpen-plamGFP,0,3,10,2.98,18,20,100,2,2,0.3,50,2.0125,30,1,1,1,0.02,2,0,Cytation3,130723A,35,F,Unknown,Unknown,Unknown,Unknown,Unknown,Unknown,Unknown,Unknown,Unknown,Unknown,Unknown,Unknown,Unknown,Unknown,0,0,plamGFP,Unknown,R&D,TRUE,1.667205468,2.040655986,1.251782265,0.032719481,5.968961953
PPK-custom-Smix-without-PEG-J4,J4,4/13/2026 0:00,PPK-custom-Smix-without-PEG,CP/CK + PPK/polyP + 18 mM Mg2+,Sample,NEB Sol B,TRUE,1.8,NEB Sol B,1.8,3X Smix+tRNA-CP-Mg,AR-900,3.5,pOpen-plamGFP,0,3,10,2.98,18,20,100,2,2,0.3,50,2.0125,30,1,1,1,0.02,2,0,Cytation3,130723A,35,F,Unknown,Unknown,Unknown,Unknown,Unknown,Unknown,Unknown,Unknown,Unknown,Unknown,Unknown,Unknown,Unknown,Unknown,0,0,plamGFP,Unknown,R&D,TRUE,1.632088858,2.123657522,1.276843052,0.029842261,5.253995758
PPK-custom-Smix-without-PEG-J6,J6,4/13/2026 0:00,PPK-custom-Smix-without-PEG,CP/CK + PPK/polyP + 18 mM Mg2+,Sample,NEB Sol B,TRUE,1.8,NEB Sol B,1.8,3X Smix+tRNA-CP-Mg,AR-900,3.5,pOpen-plamGFP,0,3,10,2.98,18,20,100,2,2,0.3,50,2.0125,30,1,1,1,0.02,2,0,Cytation3,130723A,35,F,Unknown,Unknown,Unknown,Unknown,Unknown,Unknown,Unknown,Unknown,Unknown,Unknown,Unknown,Unknown,Unknown,Unknown,0,0,plamGFP,Unknown,R&D,TRUE,1.66657901,2.115248225,1.221490069,0.031543876,6
PPK-custom-Smix-without-PEG-L2,L2,4/13/2026 0:00,PPK-custom-Smix-without-PEG,PURExpress Positive Control,Control,NEB Sol B,TRUE,1.8,NEB Sol B,1.8,NEB Sol A,AR-900,3.5,pOpen-plamGFP,0,3,10,2.98,0,0,100,2,2,0.3,50,0,0,1,1,1,0.02,2,0,Cytation3,130723A,35,F,NEB Sol A,NEB Sol A,NEB Sol A,NEB Sol A,NEB Sol A,NEB Sol A,NEB Sol A,NEB Sol A,NEB Sol A,NEB Sol A,NEB Sol A,NEB Sol A,NEB Sol A,NEB Sol A,0,0,plamGFP,Unknown,R&D,TRUE,1.439056762,2.968636101,1.054997716,0.021520925,5.989453242
PPK-custom-Smix-without-PEG-L4,L4,4/13/2026 0:00,PPK-custom-Smix-without-PEG,PURExpress Positive Control,Control,NEB Sol B,TRUE,1.8,NEB Sol B,1.8,NEB Sol A,AR-900,3.5,pOpen-plamGFP,0,3,10,2.98,0,0,100,2,2,0.3,50,0,0,1,1,1,0.02,2,0,Cytation3,130723A,35,F,NEB Sol A,NEB Sol A,NEB Sol A,NEB Sol A,NEB Sol A,NEB Sol A,NEB Sol A,NEB Sol A,NEB Sol A,NEB Sol A,NEB Sol A,NEB Sol A,NEB Sol A,NEB Sol A,0,0,plamGFP,Unknown,R&D,TRUE,1.247645298,3.24411553,1.029328293,0.020569777,4.833271525
PPK-custom-Smix-without-PEG-L6,L6,4/13/2026 0:00,PPK-custom-Smix-without-PEG,PURExpress Positive Control,Control,NEB Sol B,TRUE,1.8,NEB Sol B,1.8,NEB Sol A,AR-900,3.5,pOpen-plamGFP,0,3,10,2.98,0,0,100,2,2,0.3,50,0,0,1,1,1,0.02,2,0,Cytation3,130723A,35,F,NEB Sol A,NEB Sol A,NEB Sol A,NEB Sol A,NEB Sol A,NEB Sol A,NEB Sol A,NEB Sol A,NEB Sol A,NEB Sol A,NEB Sol A,NEB Sol A,NEB Sol A,NEB Sol A,0,0,plamGFP,Unknown,R&D,TRUE,1.445665579,3.035345886,1.046644106,0.020925674,6