Time,Temperature,Well,Data,Row,Column,Read,Plate,Clock Time,Reader,Experiment,Name,Type,[DNA] (nM),[PEG4K 40%] (%),[RNAse Inhib] (U/mL),[PMix] (mg/mL),[Ribosome] (uM),Rxn Volume (uL),[Magnesium acetate] (mM),[Creatine phosphate] (mM),[Potassium glutamate] (mM),[HEPES] (mM),[PPK] (uM),[PolyP] (mM),[ATP] (mM),[GTP] (mM),[CTP] (mM),[UTP] (mM),[TCEP] (mM),[Folinic acid] (mM),[Spermidine] (mM),[Amino acid mix] (mM),[tRNA] (ug/uL),IsNEB,Product,HasMgAR953,Date,Gain,Read Type,Read_new,data_normalized
0 days 00:00:23,28.9,G8,383,G,8,GFP-M-Gext,1,2026-03-09 12:31:39,Cytation5,20260309-round1,5,Sample,2.996187423,0.0,2000.000003,1.833326026,1.799999951,10,12.469,0.0,100.0,50.0,0.0,0.0,2.0,2.0,1.0,1.0,1.0,0.02,2.0,0.3,3.5,0.0,deGFP,1.0,2026-03-09,ext,M,GFP-M-Gext,4.030319190944556e-05
0 days 00:05:23,34.5,G8,341,G,8,GFP-M-Gext,1,2026-03-09 12:36:39,Cytation5,20260309-round1,5,Sample,2.996187423,0.0,2000.000003,1.833326026,1.799999951,10,12.469,0.0,100.0,50.0,0.0,0.0,2.0,2.0,1.0,1.0,1.0,0.02,2.0,0.3,3.5,0.0,deGFP,1.0,2026-03-09,ext,M,GFP-M-Gext,3.588352073399722e-05
0 days 00:10:23,37.0,G8,401,G,8,GFP-M-Gext,1,2026-03-09 12:41:39,Cytation5,20260309-round1,5,Sample,2.996187423,0.0,2000.000003,1.833326026,1.799999951,10,12.469,0.0,100.0,50.0,0.0,0.0,2.0,2.0,1.0,1.0,1.0,0.02,2.0,0.3,3.5,0.0,deGFP,1.0,2026-03-09,ext,M,GFP-M-Gext,4.219733669892342e-05
0 days 00:15:23,37.0,G8,878,G,8,GFP-M-Gext,1,2026-03-09 12:46:39,Cytation5,20260309-round1,5,Sample,2.996187423,0.0,2000.000003,1.833326026,1.799999951,10,12.469,0.0,100.0,50.0,0.0,0.0,2.0,2.0,1.0,1.0,1.0,0.02,2.0,0.3,3.5,0.0,deGFP,1.0,2026-03-09,ext,M,GFP-M-Gext,9.239217362008668e-05
0 days 00:20:23,37.0,G8,2301,G,8,GFP-M-Gext,1,2026-03-09 12:51:39,Cytation5,20260309-round1,5,Sample,2.996187423,0.0,2000.000003,1.833326026,1.799999951,10,12.469,0.0,100.0,50.0,0.0,0.0,2.0,2.0,1.0,1.0,1.0,0.02,2.0,0.3,3.5,0.0,deGFP,1.0,2026-03-09,ext,M,GFP-M-Gext,0.00024213484225491967
0 days 00:25:23,37.0,G8,4621,G,8,GFP-M-Gext,1,2026-03-09 12:56:39,Cytation5,20260309-round1,5,Sample,2.996187423,0.0,2000.000003,1.833326026,1.799999951,10,12.469,0.0,100.0,50.0,0.0,0.0,2.0,2.0,1.0,1.0,1.0,0.02,2.0,0.3,3.5,0.0,deGFP,1.0,2026-03-09,ext,M,GFP-M-Gext,0.0004862690595653993
0 days 00:30:23,37.0,G8,7460,G,8,GFP-M-Gext,1,2026-03-09 13:01:39,Cytation5,20260309-round1,5,Sample,2.996187423,0.0,2000.000003,1.833326026,1.799999951,10,12.469,0.0,100.0,50.0,0.0,0.0,2.0,2.0,1.0,1.0,1.0,0.02,2.0,0.3,3.5,0.0,deGFP,1.0,2026-03-09,ext,M,GFP-M-Gext,0.0007850177849724905
0 days 00:35:23,37.0,G8,10722,G,8,GFP-M-Gext,1,2026-03-09 13:06:39,Cytation5,20260309-round1,5,Sample,2.996187423,0.0,2000.000003,1.833326026,1.799999951,10,12.469,0.0,100.0,50.0,0.0,0.0,2.0,2.0,1.0,1.0,1.0,0.02,2.0,0.3,3.5,0.0,deGFP,1.0,2026-03-09,ext,M,GFP-M-Gext,0.0011282789129323115
0 days 00:40:23,37.0,G8,13827,G,8,GFP-M-Gext,1,2026-03-09 13:11:39,Cytation5,20260309-round1,5,Sample,2.996187423,0.0,2000.000003,1.833326026,1.799999951,10,12.469,0.0,100.0,50.0,0.0,0.0,2.0,2.0,1.0,1.0,1.0,0.02,2.0,0.3,3.5,0.0,deGFP,1.0,2026-03-09,ext,M,GFP-M-Gext,0.001455018889117242
0 days 00:45:23,37.1,G8,17077,G,8,GFP-M-Gext,1,2026-03-09 13:16:39,Cytation5,20260309-round1,5,Sample,2.996187423,0.0,2000.000003,1.833326026,1.799999951,10,12.469,0.0,100.0,50.0,0.0,0.0,2.0,2.0,1.0,1.0,1.0,0.02,2.0,0.3,3.5,0.0,deGFP,1.0,2026-03-09,ext,M,GFP-M-Gext,0.0017970172538840778
0 days 00:50:23,37.0,G8,19879,G,8,GFP-M-Gext,1,2026-03-09 13:21:39,Cytation5,20260309-round1,5,Sample,2.996187423,0.0,2000.000003,1.833326026,1.799999951,10,12.469,0.0,100.0,50.0,0.0,0.0,2.0,2.0,1.0,1.0,1.0,0.02,2.0,0.3,3.5,0.0,deGFP,1.0,2026-03-09,ext,M,GFP-M-Gext,0.002091872459446131
0 days 00:55:23,37.0,G8,22141,G,8,GFP-M-Gext,1,2026-03-09 13:26:39,Cytation5,20260309-round1,5,Sample,2.996187423,0.0,2000.000003,1.833326026,1.799999951,10,12.469,0.0,100.0,50.0,0.0,0.0,2.0,2.0,1.0,1.0,1.0,0.02,2.0,0.3,3.5,0.0,deGFP,1.0,2026-03-09,ext,M,GFP-M-Gext,0.002329903321323849
0 days 01:00:23,37.0,G8,24354,G,8,GFP-M-Gext,1,2026-03-09 13:31:39,Cytation5,20260309-round1,5,Sample,2.996187423,0.0,2000.000003,1.833326026,1.799999951,10,12.469,0.0,100.0,50.0,0.0,0.0,2.0,2.0,1.0,1.0,1.0,0.02,2.0,0.3,3.5,0.0,deGFP,1.0,2026-03-09,ext,M,GFP-M-Gext,0.0025627779001635436
0 days 01:05:23,37.0,G8,26278,G,8,GFP-M-Gext,1,2026-03-09 13:36:39,Cytation5,20260309-round1,5,Sample,2.996187423,0.0,2000.000003,1.833326026,1.799999951,10,12.469,0.0,100.0,50.0,0.0,0.0,2.0,2.0,1.0,1.0,1.0,0.02,2.0,0.3,3.5,0.0,deGFP,1.0,2026-03-09,ext,M,GFP-M-Gext,0.0027652409321055104
0 days 01:10:23,37.0,G8,27807,G,8,GFP-M-Gext,1,2026-03-09 13:41:39,Cytation5,20260309-round1,5,Sample,2.996187423,0.0,2000.000003,1.833326026,1.799999951,10,12.469,0.0,100.0,50.0,0.0,0.0,2.0,2.0,1.0,1.0,1.0,0.02,2.0,0.3,3.5,0.0,deGFP,1.0,2026-03-09,ext,M,GFP-M-Gext,0.002926138008945046
0 days 01:15:23,37.1,G8,29013,G,8,GFP-M-Gext,1,2026-03-09 13:46:39,Cytation5,20260309-round1,5,Sample,2.996187423,0.0,2000.000003,1.833326026,1.799999951,10,12.469,0.0,100.0,50.0,0.0,0.0,2.0,2.0,1.0,1.0,1.0,0.02,2.0,0.3,3.5,0.0,deGFP,1.0,2026-03-09,ext,M,GFP-M-Gext,0.0030530457098400625
0 days 01:20:23,37.0,G8,30098,G,8,GFP-M-Gext,1,2026-03-09 13:51:39,Cytation5,20260309-round1,5,Sample,2.996187423,0.0,2000.000003,1.833326026,1.799999951,10,12.469,0.0,100.0,50.0,0.0,0.0,2.0,2.0,1.0,1.0,1.0,0.02,2.0,0.3,3.5,0.0,deGFP,1.0,2026-03-09,ext,M,GFP-M-Gext,0.0031672205485391448
0 days 01:25:23,37.0,G8,30660,G,8,GFP-M-Gext,1,2026-03-09 13:56:39,Cytation5,20260309-round1,5,Sample,2.996187423,0.0,2000.000003,1.833326026,1.799999951,10,12.469,0.0,100.0,50.0,0.0,0.0,2.0,2.0,1.0,1.0,1.0,0.02,2.0,0.3,3.5,0.0,deGFP,1.0,2026-03-09,ext,M,GFP-M-Gext,0.0032263599580772866
0 days 01:30:23,37.0,G8,31305,G,8,GFP-M-Gext,1,2026-03-09 14:01:39,Cytation5,20260309-round1,5,Sample,2.996187423,0.0,2000.000003,1.833326026,1.799999951,10,12.469,0.0,100.0,50.0,0.0,0.0,2.0,2.0,1.0,1.0,1.0,0.02,2.0,0.3,3.5,0.0,deGFP,1.0,2026-03-09,ext,M,GFP-M-Gext,0.003294233479700243
0 days 01:35:23,37.0,G8,31752,G,8,GFP-M-Gext,1,2026-03-09 14:06:39,Cytation5,20260309-round1,5,Sample,2.996187423,0.0,2000.000003,1.833326026,1.799999951,10,12.469,0.0,100.0,50.0,0.0,0.0,2.0,2.0,1.0,1.0,1.0,0.02,2.0,0.3,3.5,0.0,deGFP,1.0,2026-03-09,ext,M,GFP-M-Gext,0.0033412714086389437
0 days 01:40:23,37.0,G8,31937,G,8,GFP-M-Gext,1,2026-03-09 14:11:39,Cytation5,20260309-round1,5,Sample,2.996187423,0.0,2000.000003,1.833326026,1.799999951,10,12.469,0.0,100.0,50.0,0.0,0.0,2.0,2.0,1.0,1.0,1.0,0.02,2.0,0.3,3.5,0.0,deGFP,1.0,2026-03-09,ext,M,GFP-M-Gext,0.0033607390078641327
0 days 01:45:23,37.0,G8,31836,G,8,GFP-M-Gext,1,2026-03-09 14:16:39,Cytation5,20260309-round1,5,Sample,2.996187423,0.0,2000.000003,1.833326026,1.799999951,10,12.469,0.0,100.0,50.0,0.0,0.0,2.0,2.0,1.0,1.0,1.0,0.02,2.0,0.3,3.5,0.0,deGFP,1.0,2026-03-09,ext,M,GFP-M-Gext,0.00335011075098984
0 days 01:50:23,37.0,G8,32304,G,8,GFP-M-Gext,1,2026-03-09 14:21:39,Cytation5,20260309-round1,5,Sample,2.996187423,0.0,2000.000003,1.833326026,1.799999951,10,12.469,0.0,100.0,50.0,0.0,0.0,2.0,2.0,1.0,1.0,1.0,0.02,2.0,0.3,3.5,0.0,deGFP,1.0,2026-03-09,ext,M,GFP-M-Gext,0.0033993585155162646
0 days 01:55:23,37.1,G8,32377,G,8,GFP-M-Gext,1,2026-03-09 14:26:39,Cytation5,20260309-round1,5,Sample,2.996187423,0.0,2000.000003,1.833326026,1.799999951,10,12.469,0.0,100.0,50.0,0.0,0.0,2.0,2.0,1.0,1.0,1.0,0.02,2.0,0.3,3.5,0.0,deGFP,1.0,2026-03-09,ext,M,GFP-M-Gext,0.003407040324940258
0 days 02:00:23,37.0,G8,32303,G,8,GFP-M-Gext,1,2026-03-09 14:31:39,Cytation5,20260309-round1,5,Sample,2.996187423,0.0,2000.000003,1.833326026,1.799999951,10,12.469,0.0,100.0,50.0,0.0,0.0,2.0,2.0,1.0,1.0,1.0,0.02,2.0,0.3,3.5,0.0,deGFP,1.0,2026-03-09,ext,M,GFP-M-Gext,0.0033992532852501825
0 days 02:05:23,37.0,G8,32388,G,8,GFP-M-Gext,1,2026-03-09 14:36:39,Cytation5,20260309-round1,5,Sample,2.996187423,0.0,2000.000003,1.833326026,1.799999951,10,12.469,0.0,100.0,50.0,0.0,0.0,2.0,2.0,1.0,1.0,1.0,0.02,2.0,0.3,3.5,0.0,deGFP,1.0,2026-03-09,ext,M,GFP-M-Gext,0.0034081978578671614
0 days 02:10:23,37.1,G8,32683,G,8,GFP-M-Gext,1,2026-03-09 14:41:39,Cytation5,20260309-round1,5,Sample,2.996187423,0.0,2000.000003,1.833326026,1.799999951,10,12.469,0.0,100.0,50.0,0.0,0.0,2.0,2.0,1.0,1.0,1.0,0.02,2.0,0.3,3.5,0.0,deGFP,1.0,2026-03-09,ext,M,GFP-M-Gext,0.003439240786361382
0 days 02:15:23,37.1,G8,32397,G,8,GFP-M-Gext,1,2026-03-09 14:46:39,Cytation5,20260309-round1,5,Sample,2.996187423,0.0,2000.000003,1.833326026,1.799999951,10,12.469,0.0,100.0,50.0,0.0,0.0,2.0,2.0,1.0,1.0,1.0,0.02,2.0,0.3,3.5,0.0,deGFP,1.0,2026-03-09,ext,M,GFP-M-Gext,0.0034091449302619003
0 days 02:20:23,37.0,G8,32580,G,8,GFP-M-Gext,1,2026-03-09 14:51:39,Cytation5,20260309-round1,5,Sample,2.996187423,0.0,2000.000003,1.833326026,1.799999951,10,12.469,0.0,100.0,50.0,0.0,0.0,2.0,2.0,1.0,1.0,1.0,0.02,2.0,0.3,3.5,0.0,deGFP,1.0,2026-03-09,ext,M,GFP-M-Gext,0.003428402068954925
0 days 02:25:23,37.0,G8,32402,G,8,GFP-M-Gext,1,2026-03-09 14:56:39,Cytation5,20260309-round1,5,Sample,2.996187423,0.0,2000.000003,1.833326026,1.799999951,10,12.469,0.0,100.0,50.0,0.0,0.0,2.0,2.0,1.0,1.0,1.0,0.02,2.0,0.3,3.5,0.0,deGFP,1.0,2026-03-09,ext,M,GFP-M-Gext,0.0034096710815923106
0 days 02:30:23,37.0,G8,32446,G,8,GFP-M-Gext,1,2026-03-09 15:01:39,Cytation5,20260309-round1,5,Sample,2.996187423,0.0,2000.000003,1.833326026,1.799999951,10,12.469,0.0,100.0,50.0,0.0,0.0,2.0,2.0,1.0,1.0,1.0,0.02,2.0,0.3,3.5,0.0,deGFP,1.0,2026-03-09,ext,M,GFP-M-Gext,0.003414301213299923
0 days 02:35:23,37.0,G8,32290,G,8,GFP-M-Gext,1,2026-03-09 15:06:39,Cytation5,20260309-round1,5,Sample,2.996187423,0.0,2000.000003,1.833326026,1.799999951,10,12.469,0.0,100.0,50.0,0.0,0.0,2.0,2.0,1.0,1.0,1.0,0.02,2.0,0.3,3.5,0.0,deGFP,1.0,2026-03-09,ext,M,GFP-M-Gext,0.003397885291791115
0 days 02:40:23,37.0,G8,32236,G,8,GFP-M-Gext,1,2026-03-09 15:11:39,Cytation5,20260309-round1,5,Sample,2.996187423,0.0,2000.000003,1.833326026,1.799999951,10,12.469,0.0,100.0,50.0,0.0,0.0,2.0,2.0,1.0,1.0,1.0,0.02,2.0,0.3,3.5,0.0,deGFP,1.0,2026-03-09,ext,M,GFP-M-Gext,0.0033922028574226814
0 days 02:45:23,37.0,G8,32338,G,8,GFP-M-Gext,1,2026-03-09 15:16:39,Cytation5,20260309-round1,5,Sample,2.996187423,0.0,2000.000003,1.833326026,1.799999951,10,12.469,0.0,100.0,50.0,0.0,0.0,2.0,2.0,1.0,1.0,1.0,0.02,2.0,0.3,3.5,0.0,deGFP,1.0,2026-03-09,ext,M,GFP-M-Gext,0.003402936344563056
0 days 02:50:23,37.0,G8,32274,G,8,GFP-M-Gext,1,2026-03-09 15:21:39,Cytation5,20260309-round1,5,Sample,2.996187423,0.0,2000.000003,1.833326026,1.799999951,10,12.469,0.0,100.0,50.0,0.0,0.0,2.0,2.0,1.0,1.0,1.0,0.02,2.0,0.3,3.5,0.0,deGFP,1.0,2026-03-09,ext,M,GFP-M-Gext,0.0033962016075338016
0 days 02:55:23,37.0,G8,32235,G,8,GFP-M-Gext,1,2026-03-09 15:26:39,Cytation5,20260309-round1,5,Sample,2.996187423,0.0,2000.000003,1.833326026,1.799999951,10,12.469,0.0,100.0,50.0,0.0,0.0,2.0,2.0,1.0,1.0,1.0,0.02,2.0,0.3,3.5,0.0,deGFP,1.0,2026-03-09,ext,M,GFP-M-Gext,0.0033920976271565994
0 days 03:00:23,36.9,G8,32133,G,8,GFP-M-Gext,1,2026-03-09 15:31:39,Cytation5,20260309-round1,5,Sample,2.996187423,0.0,2000.000003,1.833326026,1.799999951,10,12.469,0.0,100.0,50.0,0.0,0.0,2.0,2.0,1.0,1.0,1.0,0.02,2.0,0.3,3.5,0.0,deGFP,1.0,2026-03-09,ext,M,GFP-M-Gext,0.0033813641400162247
0 days 03:05:23,37.0,G8,32306,G,8,GFP-M-Gext,1,2026-03-09 15:36:39,Cytation5,20260309-round1,5,Sample,2.996187423,0.0,2000.000003,1.833326026,1.799999951,10,12.469,0.0,100.0,50.0,0.0,0.0,2.0,2.0,1.0,1.0,1.0,0.02,2.0,0.3,3.5,0.0,deGFP,1.0,2026-03-09,ext,M,GFP-M-Gext,0.0033995689760484287
0 days 03:10:23,37.0,G8,32483,G,8,GFP-M-Gext,1,2026-03-09 15:41:39,Cytation5,20260309-round1,5,Sample,2.996187423,0.0,2000.000003,1.833326026,1.799999951,10,12.469,0.0,100.0,50.0,0.0,0.0,2.0,2.0,1.0,1.0,1.0,0.02,2.0,0.3,3.5,0.0,deGFP,1.0,2026-03-09,ext,M,GFP-M-Gext,0.0034181947331449612
0 days 03:15:23,37.0,G8,32272,G,8,GFP-M-Gext,1,2026-03-09 15:46:39,Cytation5,20260309-round1,5,Sample,2.996187423,0.0,2000.000003,1.833326026,1.799999951,10,12.469,0.0,100.0,50.0,0.0,0.0,2.0,2.0,1.0,1.0,1.0,0.02,2.0,0.3,3.5,0.0,deGFP,1.0,2026-03-09,ext,M,GFP-M-Gext,0.003395991147001637
0 days 03:20:23,37.0,G8,32028,G,8,GFP-M-Gext,1,2026-03-09 15:51:39,Cytation5,20260309-round1,5,Sample,2.996187423,0.0,2000.000003,1.833326026,1.799999951,10,12.469,0.0,100.0,50.0,0.0,0.0,2.0,2.0,1.0,1.0,1.0,0.02,2.0,0.3,3.5,0.0,deGFP,1.0,2026-03-09,ext,M,GFP-M-Gext,0.003370314962077604
0 days 03:25:23,37.0,G8,31803,G,8,GFP-M-Gext,1,2026-03-09 15:56:39,Cytation5,20260309-round1,5,Sample,2.996187423,0.0,2000.000003,1.833326026,1.799999951,10,12.469,0.0,100.0,50.0,0.0,0.0,2.0,2.0,1.0,1.0,1.0,0.02,2.0,0.3,3.5,0.0,deGFP,1.0,2026-03-09,ext,M,GFP-M-Gext,0.003346638152209131
0 days 03:30:23,37.0,G8,32251,G,8,GFP-M-Gext,1,2026-03-09 16:01:39,Cytation5,20260309-round1,5,Sample,2.996187423,0.0,2000.000003,1.833326026,1.799999951,10,12.469,0.0,100.0,50.0,0.0,0.0,2.0,2.0,1.0,1.0,1.0,0.02,2.0,0.3,3.5,0.0,deGFP,1.0,2026-03-09,ext,M,GFP-M-Gext,0.003393781311413913
0 days 03:35:23,37.0,G8,32055,G,8,GFP-M-Gext,1,2026-03-09 16:06:39,Cytation5,20260309-round1,5,Sample,2.996187423,0.0,2000.000003,1.833326026,1.799999951,10,12.469,0.0,100.0,50.0,0.0,0.0,2.0,2.0,1.0,1.0,1.0,0.02,2.0,0.3,3.5,0.0,deGFP,1.0,2026-03-09,ext,M,GFP-M-Gext,0.0033731561792618206
0 days 03:40:23,37.1,G8,31674,G,8,GFP-M-Gext,1,2026-03-09 16:11:39,Cytation5,20260309-round1,5,Sample,2.996187423,0.0,2000.000003,1.833326026,1.799999951,10,12.469,0.0,100.0,50.0,0.0,0.0,2.0,2.0,1.0,1.0,1.0,0.02,2.0,0.3,3.5,0.0,deGFP,1.0,2026-03-09,ext,M,GFP-M-Gext,0.0033330634478845396
0 days 03:45:23,37.0,G8,31758,G,8,GFP-M-Gext,1,2026-03-09 16:16:39,Cytation5,20260309-round1,5,Sample,2.996187423,0.0,2000.000003,1.833326026,1.799999951,10,12.469,0.0,100.0,50.0,0.0,0.0,2.0,2.0,1.0,1.0,1.0,0.02,2.0,0.3,3.5,0.0,deGFP,1.0,2026-03-09,ext,M,GFP-M-Gext,0.003341902790235436
0 days 03:50:23,37.0,G8,31955,G,8,GFP-M-Gext,1,2026-03-09 16:21:39,Cytation5,20260309-round1,5,Sample,2.996187423,0.0,2000.000003,1.833326026,1.799999951,10,12.469,0.0,100.0,50.0,0.0,0.0,2.0,2.0,1.0,1.0,1.0,0.02,2.0,0.3,3.5,0.0,deGFP,1.0,2026-03-09,ext,M,GFP-M-Gext,0.0033626331526536105
0 days 03:55:23,37.0,G8,31914,G,8,GFP-M-Gext,1,2026-03-09 16:26:39,Cytation5,20260309-round1,5,Sample,2.996187423,0.0,2000.000003,1.833326026,1.799999951,10,12.469,0.0,100.0,50.0,0.0,0.0,2.0,2.0,1.0,1.0,1.0,0.02,2.0,0.3,3.5,0.0,deGFP,1.0,2026-03-09,ext,M,GFP-M-Gext,0.003358318711744244
0 days 04:00:23,37.0,G8,32032,G,8,GFP-M-Gext,1,2026-03-09 16:31:39,Cytation5,20260309-round1,5,Sample,2.996187423,0.0,2000.000003,1.833326026,1.799999951,10,12.469,0.0,100.0,50.0,0.0,0.0,2.0,2.0,1.0,1.0,1.0,0.02,2.0,0.3,3.5,0.0,deGFP,1.0,2026-03-09,ext,M,GFP-M-Gext,0.0033707358831419326
0 days 04:05:23,37.1,G8,31626,G,8,GFP-M-Gext,1,2026-03-09 16:36:39,Cytation5,20260309-round1,5,Sample,2.996187423,0.0,2000.000003,1.833326026,1.799999951,10,12.469,0.0,100.0,50.0,0.0,0.0,2.0,2.0,1.0,1.0,1.0,0.02,2.0,0.3,3.5,0.0,deGFP,1.0,2026-03-09,ext,M,GFP-M-Gext,0.0033280123951125984
0 days 04:10:23,37.1,G8,31629,G,8,GFP-M-Gext,1,2026-03-09 16:41:39,Cytation5,20260309-round1,5,Sample,2.996187423,0.0,2000.000003,1.833326026,1.799999951,10,12.469,0.0,100.0,50.0,0.0,0.0,2.0,2.0,1.0,1.0,1.0,0.02,2.0,0.3,3.5,0.0,deGFP,1.0,2026-03-09,ext,M,GFP-M-Gext,0.003328328085910845
0 days 04:15:23,37.0,G8,31818,G,8,GFP-M-Gext,1,2026-03-09 16:46:39,Cytation5,20260309-round1,5,Sample,2.996187423,0.0,2000.000003,1.833326026,1.799999951,10,12.469,0.0,100.0,50.0,0.0,0.0,2.0,2.0,1.0,1.0,1.0,0.02,2.0,0.3,3.5,0.0,deGFP,1.0,2026-03-09,ext,M,GFP-M-Gext,0.0033482166062003623
0 days 04:20:23,37.0,G8,31944,G,8,GFP-M-Gext,1,2026-03-09 16:51:39,Cytation5,20260309-round1,5,Sample,2.996187423,0.0,2000.000003,1.833326026,1.799999951,10,12.469,0.0,100.0,50.0,0.0,0.0,2.0,2.0,1.0,1.0,1.0,0.02,2.0,0.3,3.5,0.0,deGFP,1.0,2026-03-09,ext,M,GFP-M-Gext,0.0033614756197267075
0 days 04:25:23,37.0,G8,31788,G,8,GFP-M-Gext,1,2026-03-09 16:56:39,Cytation5,20260309-round1,5,Sample,2.996187423,0.0,2000.000003,1.833326026,1.799999951,10,12.469,0.0,100.0,50.0,0.0,0.0,2.0,2.0,1.0,1.0,1.0,0.02,2.0,0.3,3.5,0.0,deGFP,1.0,2026-03-09,ext,M,GFP-M-Gext,0.0033450596982178993
0 days 04:30:23,37.1,G8,31770,G,8,GFP-M-Gext,1,2026-03-09 17:01:39,Cytation5,20260309-round1,5,Sample,2.996187423,0.0,2000.000003,1.833326026,1.799999951,10,12.469,0.0,100.0,50.0,0.0,0.0,2.0,2.0,1.0,1.0,1.0,0.02,2.0,0.3,3.5,0.0,deGFP,1.0,2026-03-09,ext,M,GFP-M-Gext,0.0033431655534284215
0 days 04:35:23,37.0,G8,31748,G,8,GFP-M-Gext,1,2026-03-09 17:06:39,Cytation5,20260309-round1,5,Sample,2.996187423,0.0,2000.000003,1.833326026,1.799999951,10,12.469,0.0,100.0,50.0,0.0,0.0,2.0,2.0,1.0,1.0,1.0,0.02,2.0,0.3,3.5,0.0,deGFP,1.0,2026-03-09,ext,M,GFP-M-Gext,0.003340850487574615
0 days 04:40:23,37.0,G8,31685,G,8,GFP-M-Gext,1,2026-03-09 17:11:39,Cytation5,20260309-round1,5,Sample,2.996187423,0.0,2000.000003,1.833326026,1.799999951,10,12.469,0.0,100.0,50.0,0.0,0.0,2.0,2.0,1.0,1.0,1.0,0.02,2.0,0.3,3.5,0.0,deGFP,1.0,2026-03-09,ext,M,GFP-M-Gext,0.0033342209808114426
0 days 04:45:23,37.0,G8,31893,G,8,GFP-M-Gext,1,2026-03-09 17:16:39,Cytation5,20260309-round1,5,Sample,2.996187423,0.0,2000.000003,1.833326026,1.799999951,10,12.469,0.0,100.0,50.0,0.0,0.0,2.0,2.0,1.0,1.0,1.0,0.02,2.0,0.3,3.5,0.0,deGFP,1.0,2026-03-09,ext,M,GFP-M-Gext,0.00335610887615652
0 days 04:50:23,37.1,G8,31847,G,8,GFP-M-Gext,1,2026-03-09 17:21:39,Cytation5,20260309-round1,5,Sample,2.996187423,0.0,2000.000003,1.833326026,1.799999951,10,12.469,0.0,100.0,50.0,0.0,0.0,2.0,2.0,1.0,1.0,1.0,0.02,2.0,0.3,3.5,0.0,deGFP,1.0,2026-03-09,ext,M,GFP-M-Gext,0.0033512682839167435
0 days 04:55:23,37.1,G8,31772,G,8,GFP-M-Gext,1,2026-03-09 17:26:39,Cytation5,20260309-round1,5,Sample,2.996187423,0.0,2000.000003,1.833326026,1.799999951,10,12.469,0.0,100.0,50.0,0.0,0.0,2.0,2.0,1.0,1.0,1.0,0.02,2.0,0.3,3.5,0.0,deGFP,1.0,2026-03-09,ext,M,GFP-M-Gext,0.0033433760139605856
0 days 05:00:23,37.1,G8,31651,G,8,GFP-M-Gext,1,2026-03-09 17:31:39,Cytation5,20260309-round1,5,Sample,2.996187423,0.0,2000.000003,1.833326026,1.799999951,10,12.469,0.0,100.0,50.0,0.0,0.0,2.0,2.0,1.0,1.0,1.0,0.02,2.0,0.3,3.5,0.0,deGFP,1.0,2026-03-09,ext,M,GFP-M-Gext,0.003330643151764651
0 days 05:05:23,37.0,G8,31809,G,8,GFP-M-Gext,1,2026-03-09 17:36:39,Cytation5,20260309-round1,5,Sample,2.996187423,0.0,2000.000003,1.833326026,1.799999951,10,12.469,0.0,100.0,50.0,0.0,0.0,2.0,2.0,1.0,1.0,1.0,0.02,2.0,0.3,3.5,0.0,deGFP,1.0,2026-03-09,ext,M,GFP-M-Gext,0.0033472695338056233
0 days 05:10:23,37.0,G8,31897,G,8,GFP-M-Gext,1,2026-03-09 17:41:39,Cytation5,20260309-round1,5,Sample,2.996187423,0.0,2000.000003,1.833326026,1.799999951,10,12.469,0.0,100.0,50.0,0.0,0.0,2.0,2.0,1.0,1.0,1.0,0.02,2.0,0.3,3.5,0.0,deGFP,1.0,2026-03-09,ext,M,GFP-M-Gext,0.0033565297972208484
0 days 05:15:23,37.0,G8,31986,G,8,GFP-M-Gext,1,2026-03-09 17:46:39,Cytation5,20260309-round1,5,Sample,2.996187423,0.0,2000.000003,1.833326026,1.799999951,10,12.469,0.0,100.0,50.0,0.0,0.0,2.0,2.0,1.0,1.0,1.0,0.02,2.0,0.3,3.5,0.0,deGFP,1.0,2026-03-09,ext,M,GFP-M-Gext,0.003365895290902156
0 days 05:20:23,37.0,G8,31499,G,8,GFP-M-Gext,1,2026-03-09 17:51:39,Cytation5,20260309-round1,5,Sample,2.996187423,0.0,2000.000003,1.833326026,1.799999951,10,12.469,0.0,100.0,50.0,0.0,0.0,2.0,2.0,1.0,1.0,1.0,0.02,2.0,0.3,3.5,0.0,deGFP,1.0,2026-03-09,ext,M,GFP-M-Gext,0.0033146481513201716
0 days 05:25:23,37.1,G8,31599,G,8,GFP-M-Gext,1,2026-03-09 17:56:39,Cytation5,20260309-round1,5,Sample,2.996187423,0.0,2000.000003,1.833326026,1.799999951,10,12.469,0.0,100.0,50.0,0.0,0.0,2.0,2.0,1.0,1.0,1.0,0.02,2.0,0.3,3.5,0.0,deGFP,1.0,2026-03-09,ext,M,GFP-M-Gext,0.0033251711779283817
0 days 05:30:23,37.1,G8,31619,G,8,GFP-M-Gext,1,2026-03-09 18:01:39,Cytation5,20260309-round1,5,Sample,2.996187423,0.0,2000.000003,1.833326026,1.799999951,10,12.469,0.0,100.0,50.0,0.0,0.0,2.0,2.0,1.0,1.0,1.0,0.02,2.0,0.3,3.5,0.0,deGFP,1.0,2026-03-09,ext,M,GFP-M-Gext,0.0033272757832500236
0 days 05:35:23,37.1,G8,31620,G,8,GFP-M-Gext,1,2026-03-09 18:06:39,Cytation5,20260309-round1,5,Sample,2.996187423,0.0,2000.000003,1.833326026,1.799999951,10,12.469,0.0,100.0,50.0,0.0,0.0,2.0,2.0,1.0,1.0,1.0,0.02,2.0,0.3,3.5,0.0,deGFP,1.0,2026-03-09,ext,M,GFP-M-Gext,0.003327381013516106
0 days 05:40:23,37.0,G8,31674,G,8,GFP-M-Gext,1,2026-03-09 18:11:39,Cytation5,20260309-round1,5,Sample,2.996187423,0.0,2000.000003,1.833326026,1.799999951,10,12.469,0.0,100.0,50.0,0.0,0.0,2.0,2.0,1.0,1.0,1.0,0.02,2.0,0.3,3.5,0.0,deGFP,1.0,2026-03-09,ext,M,GFP-M-Gext,0.0033330634478845396
0 days 05:45:23,37.0,G8,31848,G,8,GFP-M-Gext,1,2026-03-09 18:16:39,Cytation5,20260309-round1,5,Sample,2.996187423,0.0,2000.000003,1.833326026,1.799999951,10,12.469,0.0,100.0,50.0,0.0,0.0,2.0,2.0,1.0,1.0,1.0,0.02,2.0,0.3,3.5,0.0,deGFP,1.0,2026-03-09,ext,M,GFP-M-Gext,0.0033513735141828256
0 days 05:50:23,37.0,G8,31501,G,8,GFP-M-Gext,1,2026-03-09 18:21:39,Cytation5,20260309-round1,5,Sample,2.996187423,0.0,2000.000003,1.833326026,1.799999951,10,12.469,0.0,100.0,50.0,0.0,0.0,2.0,2.0,1.0,1.0,1.0,0.02,2.0,0.3,3.5,0.0,deGFP,1.0,2026-03-09,ext,M,GFP-M-Gext,0.0033148586118523357
0 days 05:55:23,37.0,G8,31641,G,8,GFP-M-Gext,1,2026-03-09 18:26:39,Cytation5,20260309-round1,5,Sample,2.996187423,0.0,2000.000003,1.833326026,1.799999951,10,12.469,0.0,100.0,50.0,0.0,0.0,2.0,2.0,1.0,1.0,1.0,0.02,2.0,0.3,3.5,0.0,deGFP,1.0,2026-03-09,ext,M,GFP-M-Gext,0.00332959084910383
0 days 06:00:23,37.1,G8,31836,G,8,GFP-M-Gext,1,2026-03-09 18:31:39,Cytation5,20260309-round1,5,Sample,2.996187423,0.0,2000.000003,1.833326026,1.799999951,10,12.469,0.0,100.0,50.0,0.0,0.0,2.0,2.0,1.0,1.0,1.0,0.02,2.0,0.3,3.5,0.0,deGFP,1.0,2026-03-09,ext,M,GFP-M-Gext,0.00335011075098984
0 days 00:00:23,28.9,G9,544,G,9,GFP-M-Gext,1,2026-03-09 12:31:39,Cytation5,20260309-round1,8,Sample,1.00000002,0.0,2000.000003,1.555191326,1.799999951,10,24.969,71.0,122.5,50.0,0.0,0.0,2.0,2.0,1.0,1.0,1.0,0.02,2.0,0.3,3.5,0.0,deGFP,1.0,2026-03-09,ext,M,GFP-M-Gext,5.7245264748664186e-05
0 days 00:05:23,34.5,G9,538,G,9,GFP-M-Gext,1,2026-03-09 12:36:39,Cytation5,20260309-round1,8,Sample,1.00000002,0.0,2000.000003,1.555191326,1.799999951,10,24.969,71.0,122.5,50.0,0.0,0.0,2.0,2.0,1.0,1.0,1.0,0.02,2.0,0.3,3.5,0.0,deGFP,1.0,2026-03-09,ext,M,GFP-M-Gext,5.6613883152171567e-05
0 days 00:10:23,37.0,G9,595,G,9,GFP-M-Gext,1,2026-03-09 12:41:39,Cytation5,20260309-round1,8,Sample,1.00000002,0.0,2000.000003,1.555191326,1.799999951,10,24.969,71.0,122.5,50.0,0.0,0.0,2.0,2.0,1.0,1.0,1.0,0.02,2.0,0.3,3.5,0.0,deGFP,1.0,2026-03-09,ext,M,GFP-M-Gext,6.261200831885146e-05
0 days 00:15:23,37.0,G9,1266,G,9,GFP-M-Gext,1,2026-03-09 12:46:39,Cytation5,20260309-round1,8,Sample,1.00000002,0.0,2000.000003,1.555191326,1.799999951,10,24.969,71.0,122.5,50.0,0.0,0.0,2.0,2.0,1.0,1.0,1.0,0.02,2.0,0.3,3.5,0.0,deGFP,1.0,2026-03-09,ext,M,GFP-M-Gext,0.00013322151685994275
0 days 00:20:23,37.0,G9,3182,G,9,GFP-M-Gext,1,2026-03-09 12:51:39,Cytation5,20260309-round1,8,Sample,1.00000002,0.0,2000.000003,1.555191326,1.799999951,10,24.969,71.0,122.5,50.0,0.0,0.0,2.0,2.0,1.0,1.0,1.0,0.02,2.0,0.3,3.5,0.0,deGFP,1.0,2026-03-09,ext,M,GFP-M-Gext,0.00033484270667325265
0 days 00:25:23,37.0,G9,6331,G,9,GFP-M-Gext,1,2026-03-09 12:56:39,Cytation5,20260309-round1,8,Sample,1.00000002,0.0,2000.000003,1.555191326,1.799999951,10,24.969,71.0,122.5,50.0,0.0,0.0,2.0,2.0,1.0,1.0,1.0,0.02,2.0,0.3,3.5,0.0,deGFP,1.0,2026-03-09,ext,M,GFP-M-Gext,0.0006662128145657959
0 days 00:30:23,37.0,G9,10395,G,9,GFP-M-Gext,1,2026-03-09 13:01:39,Cytation5,20260309-round1,8,Sample,1.00000002,0.0,2000.000003,1.555191326,1.799999951,10,24.969,71.0,122.5,50.0,0.0,0.0,2.0,2.0,1.0,1.0,1.0,0.02,2.0,0.3,3.5,0.0,deGFP,1.0,2026-03-09,ext,M,GFP-M-Gext,0.0010938686159234637
0 days 00:35:23,37.0,G9,15087,G,9,GFP-M-Gext,1,2026-03-09 13:06:39,Cytation5,20260309-round1,8,Sample,1.00000002,0.0,2000.000003,1.555191326,1.799999951,10,24.969,71.0,122.5,50.0,0.0,0.0,2.0,2.0,1.0,1.0,1.0,0.02,2.0,0.3,3.5,0.0,deGFP,1.0,2026-03-09,ext,M,GFP-M-Gext,0.0015876090243806924
0 days 00:40:23,37.0,G9,20160,G,9,GFP-M-Gext,1,2026-03-09 13:11:39,Cytation5,20260309-round1,8,Sample,1.00000002,0.0,2000.000003,1.555191326,1.799999951,10,24.969,71.0,122.5,50.0,0.0,0.0,2.0,2.0,1.0,1.0,1.0,0.02,2.0,0.3,3.5,0.0,deGFP,1.0,2026-03-09,ext,M,GFP-M-Gext,0.002121442164215202
0 days 00:45:23,37.1,G9,25377,G,9,GFP-M-Gext,1,2026-03-09 13:16:39,Cytation5,20260309-round1,8,Sample,1.00000002,0.0,2000.000003,1.555191326,1.799999951,10,24.969,71.0,122.5,50.0,0.0,0.0,2.0,2.0,1.0,1.0,1.0,0.02,2.0,0.3,3.5,0.0,deGFP,1.0,2026-03-09,ext,M,GFP-M-Gext,0.002670428462365535
0 days 00:50:23,37.0,G9,31095,G,9,GFP-M-Gext,1,2026-03-09 13:21:39,Cytation5,20260309-round1,8,Sample,1.00000002,0.0,2000.000003,1.555191326,1.799999951,10,24.969,71.0,122.5,50.0,0.0,0.0,2.0,2.0,1.0,1.0,1.0,0.02,2.0,0.3,3.5,0.0,deGFP,1.0,2026-03-09,ext,M,GFP-M-Gext,0.0032721351238230016
0 days 00:55:23,37.0,G9,36528,G,9,GFP-M-Gext,1,2026-03-09 13:26:39,Cytation5,20260309-round1,8,Sample,1.00000002,0.0,2000.000003,1.555191326,1.799999951,10,24.969,71.0,122.5,50.0,0.0,0.0,2.0,2.0,1.0,1.0,1.0,0.02,2.0,0.3,3.5,0.0,deGFP,1.0,2026-03-09,ext,M,GFP-M-Gext,0.003843851159447069
0 days 01:00:23,37.0,G9,41996,G,9,GFP-M-Gext,1,2026-03-09 13:31:39,Cytation5,20260309-round1,8,Sample,1.00000002,0.0,2000.000003,1.555191326,1.799999951,10,24.969,71.0,122.5,50.0,0.0,0.0,2.0,2.0,1.0,1.0,1.0,0.02,2.0,0.3,3.5,0.0,deGFP,1.0,2026-03-09,ext,M,GFP-M-Gext,0.00441925025438401
0 days 01:05:23,37.0,G9,48159,G,9,GFP-M-Gext,1,2026-03-09 13:36:39,Cytation5,20260309-round1,8,Sample,1.00000002,0.0,2000.000003,1.555191326,1.799999951,10,24.969,71.0,122.5,50.0,0.0,0.0,2.0,2.0,1.0,1.0,1.0,0.02,2.0,0.3,3.5,0.0,deGFP,1.0,2026-03-09,ext,M,GFP-M-Gext,0.005067784384248012
0 days 01:10:23,37.0,G9,53677,G,9,GFP-M-Gext,1,2026-03-09 13:41:39,Cytation5,20260309-round1,8,Sample,1.00000002,0.0,2000.000003,1.555191326,1.799999951,10,24.969,71.0,122.5,50.0,0.0,0.0,2.0,2.0,1.0,1.0,1.0,0.02,2.0,0.3,3.5,0.0,deGFP,1.0,2026-03-09,ext,M,GFP-M-Gext,0.005648444992489058
0 days 01:15:23,37.1,G9,59103,G,9,GFP-M-Gext,1,2026-03-09 13:46:39,Cytation5,20260309-round1,8,Sample,1.00000002,0.0,2000.000003,1.555191326,1.799999951,10,24.969,71.0,122.5,50.0,0.0,0.0,2.0,2.0,1.0,1.0,1.0,0.02,2.0,0.3,3.5,0.0,deGFP,1.0,2026-03-09,ext,M,GFP-M-Gext,0.006219424416250551
0 days 01:20:23,37.0,G9,64116,G,9,GFP-M-Gext,1,2026-03-09 13:51:39,Cytation5,20260309-round1,8,Sample,1.00000002,0.0,2000.000003,1.555191326,1.799999951,10,24.969,71.0,122.5,50.0,0.0,0.0,2.0,2.0,1.0,1.0,1.0,0.02,2.0,0.3,3.5,0.0,deGFP,1.0,2026-03-09,ext,M,GFP-M-Gext,0.0067469437401201345
0 days 01:25:23,37.0,G9,68731,G,9,GFP-M-Gext,1,2026-03-09 13:56:39,Cytation5,20260309-round1,8,Sample,1.00000002,0.0,2000.000003,1.555191326,1.799999951,10,24.969,71.0,122.5,50.0,0.0,0.0,2.0,2.0,1.0,1.0,1.0,0.02,2.0,0.3,3.5,0.0,deGFP,1.0,2026-03-09,ext,M,GFP-M-Gext,0.007232581418089041
0 days 01:30:23,37.0,G9,73245,G,9,GFP-M-Gext,1,2026-03-09 14:01:39,Cytation5,20260309-round1,8,Sample,1.00000002,0.0,2000.000003,1.555191326,1.799999951,10,24.969,71.0,122.5,50.0,0.0,0.0,2.0,2.0,1.0,1.0,1.0,0.02,2.0,0.3,3.5,0.0,deGFP,1.0,2026-03-09,ext,M,GFP-M-Gext,0.007707590839183655
0 days 01:35:23,37.0,G9,77360,G,9,GFP-M-Gext,1,2026-03-09 14:06:39,Cytation5,20260309-round1,8,Sample,1.00000002,0.0,2000.000003,1.555191326,1.799999951,10,24.969,71.0,122.5,50.0,0.0,0.0,2.0,2.0,1.0,1.0,1.0,0.02,2.0,0.3,3.5,0.0,deGFP,1.0,2026-03-09,ext,M,GFP-M-Gext,0.00814061338411151
0 days 01:40:23,37.0,G9,82182,G,9,GFP-M-Gext,1,2026-03-09 14:11:39,Cytation5,20260309-round1,8,Sample,1.00000002,0.0,2000.000003,1.555191326,1.799999951,10,24.969,71.0,122.5,50.0,0.0,0.0,2.0,2.0,1.0,1.0,1.0,0.02,2.0,0.3,3.5,0.0,deGFP,1.0,2026-03-09,ext,M,GFP-M-Gext,0.008648033727159412
0 days 01:45:23,37.0,G9,86192,G,9,GFP-M-Gext,1,2026-03-09 14:16:39,Cytation5,20260309-round1,8,Sample,1.00000002,0.0,2000.000003,1.555191326,1.799999951,10,24.969,71.0,122.5,50.0,0.0,0.0,2.0,2.0,1.0,1.0,1.0,0.02,2.0,0.3,3.5,0.0,deGFP,1.0,2026-03-09,ext,M,GFP-M-Gext,0.009070007094148647
0 days 01:50:23,37.0,G9,89639,G,9,GFP-M-Gext,1,2026-03-09 14:21:39,Cytation5,20260309-round1,8,Sample,1.00000002,0.0,2000.000003,1.555191326,1.799999951,10,24.969,71.0,122.5,50.0,0.0,0.0,2.0,2.0,1.0,1.0,1.0,0.02,2.0,0.3,3.5,0.0,deGFP,1.0,2026-03-09,ext,M,GFP-M-Gext,0.009432735821333657
0 days 01:55:23,37.1,G9,92862,G,9,GFP-M-Gext,1,2026-03-09 14:26:39,Cytation5,20260309-round1,8,Sample,1.00000002,0.0,2000.000003,1.555191326,1.799999951,10,24.969,71.0,122.5,50.0,0.0,0.0,2.0,2.0,1.0,1.0,1.0,0.02,2.0,0.3,3.5,0.0,deGFP,1.0,2026-03-09,ext,M,GFP-M-Gext,0.009771892968916276
0 days 02:00:23,37.0,G9,96271,G,9,GFP-M-Gext,1,2026-03-09 14:31:39,Cytation5,20260309-round1,8,Sample,1.00000002,0.0,2000.000003,1.555191326,1.799999951,10,24.969,71.0,122.5,50.0,0.0,0.0,2.0,2.0,1.0,1.0,1.0,0.02,2.0,0.3,3.5,0.0,deGFP,1.0,2026-03-09,ext,M,GFP-M-Gext,0.010130622945990165
0 days 02:05:23,37.0,G9,98885,G,9,GFP-M-Gext,1,2026-03-09 14:36:39,Cytation5,20260309-round1,8,Sample,1.00000002,0.0,2000.000003,1.555191326,1.799999951,10,24.969,71.0,122.5,50.0,0.0,0.0,2.0,2.0,1.0,1.0,1.0,0.02,2.0,0.3,3.5,0.0,deGFP,1.0,2026-03-09,ext,M,GFP-M-Gext,0.010405694861528784
0 days 02:10:23,37.1,G9,100723,G,9,GFP-M-Gext,1,2026-03-09 14:41:39,Cytation5,20260309-round1,8,Sample,1.00000002,0.0,2000.000003,1.555191326,1.799999951,10,24.969,71.0,122.5,50.0,0.0,0.0,2.0,2.0,1.0,1.0,1.0,0.02,2.0,0.3,3.5,0.0,deGFP,1.0,2026-03-09,ext,M,GFP-M-Gext,0.01059910809058769
0 days 02:15:23,37.1,G9,103760,G,9,GFP-M-Gext,1,2026-03-09 14:46:39,Cytation5,20260309-round1,8,Sample,1.00000002,0.0,2000.000003,1.555191326,1.799999951,10,24.969,71.0,122.5,50.0,0.0,0.0,2.0,2.0,1.0,1.0,1.0,0.02,2.0,0.3,3.5,0.0,deGFP,1.0,2026-03-09,ext,M,GFP-M-Gext,0.010918692408679037
0 days 02:20:23,37.0,G9,105746,G,9,GFP-M-Gext,1,2026-03-09 14:51:39,Cytation5,20260309-round1,8,Sample,1.00000002,0.0,2000.000003,1.555191326,1.799999951,10,24.969,71.0,122.5,50.0,0.0,0.0,2.0,2.0,1.0,1.0,1.0,0.02,2.0,0.3,3.5,0.0,deGFP,1.0,2026-03-09,ext,M,GFP-M-Gext,0.011127679717118094
0 days 02:25:23,37.0,G9,106581,G,9,GFP-M-Gext,1,2026-03-09 14:56:39,Cytation5,20260309-round1,8,Sample,1.00000002,0.0,2000.000003,1.555191326,1.799999951,10,24.969,71.0,122.5,50.0,0.0,0.0,2.0,2.0,1.0,1.0,1.0,0.02,2.0,0.3,3.5,0.0,deGFP,1.0,2026-03-09,ext,M,GFP-M-Gext,0.01121554698929665
0 days 02:30:23,37.0,G9,108773,G,9,GFP-M-Gext,1,2026-03-09 15:01:39,Cytation5,20260309-round1,8,Sample,1.00000002,0.0,2000.000003,1.555191326,1.799999951,10,24.969,71.0,122.5,50.0,0.0,0.0,2.0,2.0,1.0,1.0,1.0,0.02,2.0,0.3,3.5,0.0,deGFP,1.0,2026-03-09,ext,M,GFP-M-Gext,0.01144621173254862
0 days 02:35:23,37.0,G9,110344,G,9,GFP-M-Gext,1,2026-03-09 15:06:39,Cytation5,20260309-round1,8,Sample,1.00000002,0.0,2000.000003,1.555191326,1.799999951,10,24.969,71.0,122.5,50.0,0.0,0.0,2.0,2.0,1.0,1.0,1.0,0.02,2.0,0.3,3.5,0.0,deGFP,1.0,2026-03-09,ext,M,GFP-M-Gext,0.011611528480563606
0 days 02:40:23,37.0,G9,110596,G,9,GFP-M-Gext,1,2026-03-09 15:11:39,Cytation5,20260309-round1,8,Sample,1.00000002,0.0,2000.000003,1.555191326,1.799999951,10,24.969,71.0,122.5,50.0,0.0,0.0,2.0,2.0,1.0,1.0,1.0,0.02,2.0,0.3,3.5,0.0,deGFP,1.0,2026-03-09,ext,M,GFP-M-Gext,0.011638046507616295
0 days 02:45:23,37.0,G9,112950,G,9,GFP-M-Gext,1,2026-03-09 15:16:39,Cytation5,20260309-round1,8,Sample,1.00000002,0.0,2000.000003,1.555191326,1.799999951,10,24.969,71.0,122.5,50.0,0.0,0.0,2.0,2.0,1.0,1.0,1.0,0.02,2.0,0.3,3.5,0.0,deGFP,1.0,2026-03-09,ext,M,GFP-M-Gext,0.011885758553973566
0 days 02:50:23,37.0,G9,113710,G,9,GFP-M-Gext,1,2026-03-09 15:21:39,Cytation5,20260309-round1,8,Sample,1.00000002,0.0,2000.000003,1.555191326,1.799999951,10,24.969,71.0,122.5,50.0,0.0,0.0,2.0,2.0,1.0,1.0,1.0,0.02,2.0,0.3,3.5,0.0,deGFP,1.0,2026-03-09,ext,M,GFP-M-Gext,0.011965733556195965
0 days 02:55:23,37.0,G9,113661,G,9,GFP-M-Gext,1,2026-03-09 15:26:39,Cytation5,20260309-round1,8,Sample,1.00000002,0.0,2000.000003,1.555191326,1.799999951,10,24.969,71.0,122.5,50.0,0.0,0.0,2.0,2.0,1.0,1.0,1.0,0.02,2.0,0.3,3.5,0.0,deGFP,1.0,2026-03-09,ext,M,GFP-M-Gext,0.011960577273157942
0 days 03:00:23,36.9,G9,114360,G,9,GFP-M-Gext,1,2026-03-09 15:31:39,Cytation5,20260309-round1,8,Sample,1.00000002,0.0,2000.000003,1.555191326,1.799999951,10,24.969,71.0,122.5,50.0,0.0,0.0,2.0,2.0,1.0,1.0,1.0,0.02,2.0,0.3,3.5,0.0,deGFP,1.0,2026-03-09,ext,M,GFP-M-Gext,0.012034133229149332
0 days 03:05:23,37.0,G9,114983,G,9,GFP-M-Gext,1,2026-03-09 15:36:39,Cytation5,20260309-round1,8,Sample,1.00000002,0.0,2000.000003,1.555191326,1.799999951,10,24.969,71.0,122.5,50.0,0.0,0.0,2.0,2.0,1.0,1.0,1.0,0.02,2.0,0.3,3.5,0.0,deGFP,1.0,2026-03-09,ext,M,GFP-M-Gext,0.012099691684918482
0 days 03:10:23,37.0,G9,114996,G,9,GFP-M-Gext,1,2026-03-09 15:41:39,Cytation5,20260309-round1,8,Sample,1.00000002,0.0,2000.000003,1.555191326,1.799999951,10,24.969,71.0,122.5,50.0,0.0,0.0,2.0,2.0,1.0,1.0,1.0,0.02,2.0,0.3,3.5,0.0,deGFP,1.0,2026-03-09,ext,M,GFP-M-Gext,0.01210105967837755
0 days 03:15:23,37.0,G9,115719,G,9,GFP-M-Gext,1,2026-03-09 15:46:39,Cytation5,20260309-round1,8,Sample,1.00000002,0.0,2000.000003,1.555191326,1.799999951,10,24.969,71.0,122.5,50.0,0.0,0.0,2.0,2.0,1.0,1.0,1.0,0.02,2.0,0.3,3.5,0.0,deGFP,1.0,2026-03-09,ext,M,GFP-M-Gext,0.01217714116075491
0 days 03:20:23,37.0,G9,116171,G,9,GFP-M-Gext,1,2026-03-09 15:51:39,Cytation5,20260309-round1,8,Sample,1.00000002,0.0,2000.000003,1.555191326,1.799999951,10,24.969,71.0,122.5,50.0,0.0,0.0,2.0,2.0,1.0,1.0,1.0,0.02,2.0,0.3,3.5,0.0,deGFP,1.0,2026-03-09,ext,M,GFP-M-Gext,0.01222470524102402
0 days 03:25:23,37.0,G9,116218,G,9,GFP-M-Gext,1,2026-03-09 15:56:39,Cytation5,20260309-round1,8,Sample,1.00000002,0.0,2000.000003,1.555191326,1.799999951,10,24.969,71.0,122.5,50.0,0.0,0.0,2.0,2.0,1.0,1.0,1.0,0.02,2.0,0.3,3.5,0.0,deGFP,1.0,2026-03-09,ext,M,GFP-M-Gext,0.01222965106352988
0 days 03:30:23,37.0,G9,116090,G,9,GFP-M-Gext,1,2026-03-09 16:01:39,Cytation5,20260309-round1,8,Sample,1.00000002,0.0,2000.000003,1.555191326,1.799999951,10,24.969,71.0,122.5,50.0,0.0,0.0,2.0,2.0,1.0,1.0,1.0,0.02,2.0,0.3,3.5,0.0,deGFP,1.0,2026-03-09,ext,M,GFP-M-Gext,0.01221618158947137
0 days 03:35:23,37.0,G9,116349,G,9,GFP-M-Gext,1,2026-03-09 16:06:39,Cytation5,20260309-round1,8,Sample,1.00000002,0.0,2000.000003,1.555191326,1.799999951,10,24.969,71.0,122.5,50.0,0.0,0.0,2.0,2.0,1.0,1.0,1.0,0.02,2.0,0.3,3.5,0.0,deGFP,1.0,2026-03-09,ext,M,GFP-M-Gext,0.012243436228386636
0 days 03:40:23,37.1,G9,116564,G,9,GFP-M-Gext,1,2026-03-09 16:11:39,Cytation5,20260309-round1,8,Sample,1.00000002,0.0,2000.000003,1.555191326,1.799999951,10,24.969,71.0,122.5,50.0,0.0,0.0,2.0,2.0,1.0,1.0,1.0,0.02,2.0,0.3,3.5,0.0,deGFP,1.0,2026-03-09,ext,M,GFP-M-Gext,0.012266060735594287
0 days 03:45:23,37.0,G9,116962,G,9,GFP-M-Gext,1,2026-03-09 16:16:39,Cytation5,20260309-round1,8,Sample,1.00000002,0.0,2000.000003,1.555191326,1.799999951,10,24.969,71.0,122.5,50.0,0.0,0.0,2.0,2.0,1.0,1.0,1.0,0.02,2.0,0.3,3.5,0.0,deGFP,1.0,2026-03-09,ext,M,GFP-M-Gext,0.012307942381494965
0 days 03:50:23,37.0,G9,116396,G,9,GFP-M-Gext,1,2026-03-09 16:21:39,Cytation5,20260309-round1,8,Sample,1.00000002,0.0,2000.000003,1.555191326,1.799999951,10,24.969,71.0,122.5,50.0,0.0,0.0,2.0,2.0,1.0,1.0,1.0,0.02,2.0,0.3,3.5,0.0,deGFP,1.0,2026-03-09,ext,M,GFP-M-Gext,0.012248382050892494
0 days 03:55:23,37.0,G9,116335,G,9,GFP-M-Gext,1,2026-03-09 16:26:39,Cytation5,20260309-round1,8,Sample,1.00000002,0.0,2000.000003,1.555191326,1.799999951,10,24.969,71.0,122.5,50.0,0.0,0.0,2.0,2.0,1.0,1.0,1.0,0.02,2.0,0.3,3.5,0.0,deGFP,1.0,2026-03-09,ext,M,GFP-M-Gext,0.012241963004661486
0 days 04:00:23,37.0,G9,116670,G,9,GFP-M-Gext,1,2026-03-09 16:31:39,Cytation5,20260309-round1,8,Sample,1.00000002,0.0,2000.000003,1.555191326,1.799999951,10,24.969,71.0,122.5,50.0,0.0,0.0,2.0,2.0,1.0,1.0,1.0,0.02,2.0,0.3,3.5,0.0,deGFP,1.0,2026-03-09,ext,M,GFP-M-Gext,0.012277215143798991
0 days 04:05:23,37.1,G9,116333,G,9,GFP-M-Gext,1,2026-03-09 16:36:39,Cytation5,20260309-round1,8,Sample,1.00000002,0.0,2000.000003,1.555191326,1.799999951,10,24.969,71.0,122.5,50.0,0.0,0.0,2.0,2.0,1.0,1.0,1.0,0.02,2.0,0.3,3.5,0.0,deGFP,1.0,2026-03-09,ext,M,GFP-M-Gext,0.012241752544129321
0 days 04:10:23,37.1,G9,117904,G,9,GFP-M-Gext,1,2026-03-09 16:41:39,Cytation5,20260309-round1,8,Sample,1.00000002,0.0,2000.000003,1.555191326,1.799999951,10,24.969,71.0,122.5,50.0,0.0,0.0,2.0,2.0,1.0,1.0,1.0,0.02,2.0,0.3,3.5,0.0,deGFP,1.0,2026-03-09,ext,M,GFP-M-Gext,0.012407069292144307
0 days 04:15:23,37.0,G9,117487,G,9,GFP-M-Gext,1,2026-03-09 16:46:39,Cytation5,20260309-round1,8,Sample,1.00000002,0.0,2000.000003,1.555191326,1.799999951,10,24.969,71.0,122.5,50.0,0.0,0.0,2.0,2.0,1.0,1.0,1.0,0.02,2.0,0.3,3.5,0.0,deGFP,1.0,2026-03-09,ext,M,GFP-M-Gext,0.01236318827118807
0 days 04:20:23,37.0,G9,117019,G,9,GFP-M-Gext,1,2026-03-09 16:51:39,Cytation5,20260309-round1,8,Sample,1.00000002,0.0,2000.000003,1.555191326,1.799999951,10,24.969,71.0,122.5,50.0,0.0,0.0,2.0,2.0,1.0,1.0,1.0,0.02,2.0,0.3,3.5,0.0,deGFP,1.0,2026-03-09,ext,M,GFP-M-Gext,0.012313940506661644
0 days 04:25:23,37.0,G9,116450,G,9,GFP-M-Gext,1,2026-03-09 16:56:39,Cytation5,20260309-round1,8,Sample,1.00000002,0.0,2000.000003,1.555191326,1.799999951,10,24.969,71.0,122.5,50.0,0.0,0.0,2.0,2.0,1.0,1.0,1.0,0.02,2.0,0.3,3.5,0.0,deGFP,1.0,2026-03-09,ext,M,GFP-M-Gext,0.012254064485260927
0 days 04:30:23,37.1,G9,117458,G,9,GFP-M-Gext,1,2026-03-09 17:01:39,Cytation5,20260309-round1,8,Sample,1.00000002,0.0,2000.000003,1.555191326,1.799999951,10,24.969,71.0,122.5,50.0,0.0,0.0,2.0,2.0,1.0,1.0,1.0,0.02,2.0,0.3,3.5,0.0,deGFP,1.0,2026-03-09,ext,M,GFP-M-Gext,0.012360136593471687
0 days 04:35:23,37.0,G9,117275,G,9,GFP-M-Gext,1,2026-03-09 17:06:39,Cytation5,20260309-round1,8,Sample,1.00000002,0.0,2000.000003,1.555191326,1.799999951,10,24.969,71.0,122.5,50.0,0.0,0.0,2.0,2.0,1.0,1.0,1.0,0.02,2.0,0.3,3.5,0.0,deGFP,1.0,2026-03-09,ext,M,GFP-M-Gext,0.012340879454778663
0 days 04:40:23,37.0,G9,116694,G,9,GFP-M-Gext,1,2026-03-09 17:11:39,Cytation5,20260309-round1,8,Sample,1.00000002,0.0,2000.000003,1.555191326,1.799999951,10,24.969,71.0,122.5,50.0,0.0,0.0,2.0,2.0,1.0,1.0,1.0,0.02,2.0,0.3,3.5,0.0,deGFP,1.0,2026-03-09,ext,M,GFP-M-Gext,0.01227974067018496
0 days 04:45:23,37.0,G9,117452,G,9,GFP-M-Gext,1,2026-03-09 17:16:39,Cytation5,20260309-round1,8,Sample,1.00000002,0.0,2000.000003,1.555191326,1.799999951,10,24.969,71.0,122.5,50.0,0.0,0.0,2.0,2.0,1.0,1.0,1.0,0.02,2.0,0.3,3.5,0.0,deGFP,1.0,2026-03-09,ext,M,GFP-M-Gext,0.012359505211875196
0 days 04:50:23,37.1,G9,118039,G,9,GFP-M-Gext,1,2026-03-09 17:21:39,Cytation5,20260309-round1,8,Sample,1.00000002,0.0,2000.000003,1.555191326,1.799999951,10,24.969,71.0,122.5,50.0,0.0,0.0,2.0,2.0,1.0,1.0,1.0,0.02,2.0,0.3,3.5,0.0,deGFP,1.0,2026-03-09,ext,M,GFP-M-Gext,0.01242127537806539
0 days 04:55:23,37.1,G9,117221,G,9,GFP-M-Gext,1,2026-03-09 17:26:39,Cytation5,20260309-round1,8,Sample,1.00000002,0.0,2000.000003,1.555191326,1.799999951,10,24.969,71.0,122.5,50.0,0.0,0.0,2.0,2.0,1.0,1.0,1.0,0.02,2.0,0.3,3.5,0.0,deGFP,1.0,2026-03-09,ext,M,GFP-M-Gext,0.01233519702041023
0 days 05:00:23,37.1,G9,116943,G,9,GFP-M-Gext,1,2026-03-09 17:31:39,Cytation5,20260309-round1,8,Sample,1.00000002,0.0,2000.000003,1.555191326,1.799999951,10,24.969,71.0,122.5,50.0,0.0,0.0,2.0,2.0,1.0,1.0,1.0,0.02,2.0,0.3,3.5,0.0,deGFP,1.0,2026-03-09,ext,M,GFP-M-Gext,0.012305943006439404
0 days 05:05:23,37.0,G9,117054,G,9,GFP-M-Gext,1,2026-03-09 17:36:39,Cytation5,20260309-round1,8,Sample,1.00000002,0.0,2000.000003,1.555191326,1.799999951,10,24.969,71.0,122.5,50.0,0.0,0.0,2.0,2.0,1.0,1.0,1.0,0.02,2.0,0.3,3.5,0.0,deGFP,1.0,2026-03-09,ext,M,GFP-M-Gext,0.012317623565974519
0 days 05:10:23,37.0,G9,117659,G,9,GFP-M-Gext,1,2026-03-09 17:41:39,Cytation5,20260309-round1,8,Sample,1.00000002,0.0,2000.000003,1.555191326,1.799999951,10,24.969,71.0,122.5,50.0,0.0,0.0,2.0,2.0,1.0,1.0,1.0,0.02,2.0,0.3,3.5,0.0,deGFP,1.0,2026-03-09,ext,M,GFP-M-Gext,0.012381287876954191
0 days 05:15:23,37.0,G9,117668,G,9,GFP-M-Gext,1,2026-03-09 17:46:39,Cytation5,20260309-round1,8,Sample,1.00000002,0.0,2000.000003,1.555191326,1.799999951,10,24.969,71.0,122.5,50.0,0.0,0.0,2.0,2.0,1.0,1.0,1.0,0.02,2.0,0.3,3.5,0.0,deGFP,1.0,2026-03-09,ext,M,GFP-M-Gext,0.01238223494934893
0 days 05:20:23,37.0,G9,116523,G,9,GFP-M-Gext,1,2026-03-09 17:51:39,Cytation5,20260309-round1,8,Sample,1.00000002,0.0,2000.000003,1.555191326,1.799999951,10,24.969,71.0,122.5,50.0,0.0,0.0,2.0,2.0,1.0,1.0,1.0,0.02,2.0,0.3,3.5,0.0,deGFP,1.0,2026-03-09,ext,M,GFP-M-Gext,0.012261746294684921
0 days 05:25:23,37.1,G9,117534,G,9,GFP-M-Gext,1,2026-03-09 17:56:39,Cytation5,20260309-round1,8,Sample,1.00000002,0.0,2000.000003,1.555191326,1.799999951,10,24.969,71.0,122.5,50.0,0.0,0.0,2.0,2.0,1.0,1.0,1.0,0.02,2.0,0.3,3.5,0.0,deGFP,1.0,2026-03-09,ext,M,GFP-M-Gext,0.012368134093693927
0 days 05:30:23,37.1,G9,117306,G,9,GFP-M-Gext,1,2026-03-09 18:01:39,Cytation5,20260309-round1,8,Sample,1.00000002,0.0,2000.000003,1.555191326,1.799999951,10,24.969,71.0,122.5,50.0,0.0,0.0,2.0,2.0,1.0,1.0,1.0,0.02,2.0,0.3,3.5,0.0,deGFP,1.0,2026-03-09,ext,M,GFP-M-Gext,0.012344141593027208
0 days 05:35:23,37.1,G9,117221,G,9,GFP-M-Gext,1,2026-03-09 18:06:39,Cytation5,20260309-round1,8,Sample,1.00000002,0.0,2000.000003,1.555191326,1.799999951,10,24.969,71.0,122.5,50.0,0.0,0.0,2.0,2.0,1.0,1.0,1.0,0.02,2.0,0.3,3.5,0.0,deGFP,1.0,2026-03-09,ext,M,GFP-M-Gext,0.01233519702041023
0 days 05:40:23,37.0,G9,117701,G,9,GFP-M-Gext,1,2026-03-09 18:11:39,Cytation5,20260309-round1,8,Sample,1.00000002,0.0,2000.000003,1.555191326,1.799999951,10,24.969,71.0,122.5,50.0,0.0,0.0,2.0,2.0,1.0,1.0,1.0,0.02,2.0,0.3,3.5,0.0,deGFP,1.0,2026-03-09,ext,M,GFP-M-Gext,0.012385707548129638
0 days 05:45:23,37.0,G9,117618,G,9,GFP-M-Gext,1,2026-03-09 18:16:39,Cytation5,20260309-round1,8,Sample,1.00000002,0.0,2000.000003,1.555191326,1.799999951,10,24.969,71.0,122.5,50.0,0.0,0.0,2.0,2.0,1.0,1.0,1.0,0.02,2.0,0.3,3.5,0.0,deGFP,1.0,2026-03-09,ext,M,GFP-M-Gext,0.012376973436044825
0 days 05:50:23,37.0,G9,117015,G,9,GFP-M-Gext,1,2026-03-09 18:21:39,Cytation5,20260309-round1,8,Sample,1.00000002,0.0,2000.000003,1.555191326,1.799999951,10,24.969,71.0,122.5,50.0,0.0,0.0,2.0,2.0,1.0,1.0,1.0,0.02,2.0,0.3,3.5,0.0,deGFP,1.0,2026-03-09,ext,M,GFP-M-Gext,0.012313519585597316
0 days 05:55:23,37.0,G9,117435,G,9,GFP-M-Gext,1,2026-03-09 18:26:39,Cytation5,20260309-round1,8,Sample,1.00000002,0.0,2000.000003,1.555191326,1.799999951,10,24.969,71.0,122.5,50.0,0.0,0.0,2.0,2.0,1.0,1.0,1.0,0.02,2.0,0.3,3.5,0.0,deGFP,1.0,2026-03-09,ext,M,GFP-M-Gext,0.012357716297351799
0 days 06:00:23,37.1,G9,117457,G,9,GFP-M-Gext,1,2026-03-09 18:31:39,Cytation5,20260309-round1,8,Sample,1.00000002,0.0,2000.000003,1.555191326,1.799999951,10,24.969,71.0,122.5,50.0,0.0,0.0,2.0,2.0,1.0,1.0,1.0,0.02,2.0,0.3,3.5,0.0,deGFP,1.0,2026-03-09,ext,M,GFP-M-Gext,0.012360031363205605
0 days 00:00:23,28.9,G10,491,G,10,GFP-M-Gext,1,2026-03-09 12:31:39,Cytation5,20260309-round1,3,Sample,2.996187423,0.0,2000.000003,1.950000051,1.799999951,10,24.969,100.0,60.0,50.0,0.0,0.0,2.0,2.0,1.0,1.0,1.0,0.02,2.0,0.3,3.5,0.0,deGFP,1.0,2026-03-09,ext,M,GFP-M-Gext,5.166806064631271e-05
0 days 00:05:23,34.5,G10,483,G,10,GFP-M-Gext,1,2026-03-09 12:36:39,Cytation5,20260309-round1,3,Sample,2.996187423,0.0,2000.000003,1.950000051,1.799999951,10,24.969,100.0,60.0,50.0,0.0,0.0,2.0,2.0,1.0,1.0,1.0,0.02,2.0,0.3,3.5,0.0,deGFP,1.0,2026-03-09,ext,M,GFP-M-Gext,5.0826218517655885e-05
0 days 00:10:23,37.0,G10,479,G,10,GFP-M-Gext,1,2026-03-09 12:41:39,Cytation5,20260309-round1,3,Sample,2.996187423,0.0,2000.000003,1.950000051,1.799999951,10,24.969,100.0,60.0,50.0,0.0,0.0,2.0,2.0,1.0,1.0,1.0,0.02,2.0,0.3,3.5,0.0,deGFP,1.0,2026-03-09,ext,M,GFP-M-Gext,5.0405297453327475e-05
0 days 00:15:23,37.0,G10,544,G,10,GFP-M-Gext,1,2026-03-09 12:46:39,Cytation5,20260309-round1,3,Sample,2.996187423,0.0,2000.000003,1.950000051,1.799999951,10,24.969,100.0,60.0,50.0,0.0,0.0,2.0,2.0,1.0,1.0,1.0,0.02,2.0,0.3,3.5,0.0,deGFP,1.0,2026-03-09,ext,M,GFP-M-Gext,5.7245264748664186e-05
0 days 00:20:23,37.0,G10,736,G,10,GFP-M-Gext,1,2026-03-09 12:51:39,Cytation5,20260309-round1,3,Sample,2.996187423,0.0,2000.000003,1.950000051,1.799999951,10,24.969,100.0,60.0,50.0,0.0,0.0,2.0,2.0,1.0,1.0,1.0,0.02,2.0,0.3,3.5,0.0,deGFP,1.0,2026-03-09,ext,M,GFP-M-Gext,7.744947583642802e-05
0 days 00:25:23,37.0,G10,1150,G,10,GFP-M-Gext,1,2026-03-09 12:56:39,Cytation5,20260309-round1,3,Sample,2.996187423,0.0,2000.000003,1.950000051,1.799999951,10,24.969,100.0,60.0,50.0,0.0,0.0,2.0,2.0,1.0,1.0,1.0,0.02,2.0,0.3,3.5,0.0,deGFP,1.0,2026-03-09,ext,M,GFP-M-Gext,0.00012101480599441878
0 days 00:30:23,37.0,G10,1801,G,10,GFP-M-Gext,1,2026-03-09 13:01:39,Cytation5,20260309-round1,3,Sample,2.996187423,0.0,2000.000003,1.950000051,1.799999951,10,24.969,100.0,60.0,50.0,0.0,0.0,2.0,2.0,1.0,1.0,1.0,0.02,2.0,0.3,3.5,0.0,deGFP,1.0,2026-03-09,ext,M,GFP-M-Gext,0.00018951970921386803
0 days 00:35:23,37.0,G10,2598,G,10,GFP-M-Gext,1,2026-03-09 13:06:39,Cytation5,20260309-round1,3,Sample,2.996187423,0.0,2000.000003,1.950000051,1.799999951,10,24.969,100.0,60.0,50.0,0.0,0.0,2.0,2.0,1.0,1.0,1.0,0.02,2.0,0.3,3.5,0.0,deGFP,1.0,2026-03-09,ext,M,GFP-M-Gext,0.00027338823128130434
0 days 00:40:23,37.0,G10,3679,G,10,GFP-M-Gext,1,2026-03-09 13:11:39,Cytation5,20260309-round1,3,Sample,2.996187423,0.0,2000.000003,1.950000051,1.799999951,10,24.969,100.0,60.0,50.0,0.0,0.0,2.0,2.0,1.0,1.0,1.0,0.02,2.0,0.3,3.5,0.0,deGFP,1.0,2026-03-09,ext,M,GFP-M-Gext,0.00038714214891605797
0 days 00:45:23,37.1,G10,4675,G,10,GFP-M-Gext,1,2026-03-09 13:16:39,Cytation5,20260309-round1,3,Sample,2.996187423,0.0,2000.000003,1.950000051,1.799999951,10,24.969,100.0,60.0,50.0,0.0,0.0,2.0,2.0,1.0,1.0,1.0,0.02,2.0,0.3,3.5,0.0,deGFP,1.0,2026-03-09,ext,M,GFP-M-Gext,0.0004919514939338329
0 days 00:50:23,37.0,G10,5607,G,10,GFP-M-Gext,1,2026-03-09 13:21:39,Cytation5,20260309-round1,3,Sample,2.996187423,0.0,2000.000003,1.950000051,1.799999951,10,24.969,100.0,60.0,50.0,0.0,0.0,2.0,2.0,1.0,1.0,1.0,0.02,2.0,0.3,3.5,0.0,deGFP,1.0,2026-03-09,ext,M,GFP-M-Gext,0.0005900261019223532
0 days 00:55:23,37.0,G10,6447,G,10,GFP-M-Gext,1,2026-03-09 13:26:39,Cytation5,20260309-round1,3,Sample,2.996187423,0.0,2000.000003,1.950000051,1.799999951,10,24.969,100.0,60.0,50.0,0.0,0.0,2.0,2.0,1.0,1.0,1.0,0.02,2.0,0.3,3.5,0.0,deGFP,1.0,2026-03-09,ext,M,GFP-M-Gext,0.0006784195254313199
0 days 01:00:23,37.0,G10,7117,G,10,GFP-M-Gext,1,2026-03-09 13:31:39,Cytation5,20260309-round1,3,Sample,2.996187423,0.0,2000.000003,1.950000051,1.799999951,10,24.969,100.0,60.0,50.0,0.0,0.0,2.0,2.0,1.0,1.0,1.0,0.02,2.0,0.3,3.5,0.0,deGFP,1.0,2026-03-09,ext,M,GFP-M-Gext,0.0007489238037063291
0 days 01:05:23,37.0,G10,7595,G,10,GFP-M-Gext,1,2026-03-09 13:36:39,Cytation5,20260309-round1,3,Sample,2.996187423,0.0,2000.000003,1.950000051,1.799999951,10,24.969,100.0,60.0,50.0,0.0,0.0,2.0,2.0,1.0,1.0,1.0,0.02,2.0,0.3,3.5,0.0,deGFP,1.0,2026-03-09,ext,M,GFP-M-Gext,0.0007992238708935744
0 days 01:10:23,37.0,G10,7952,G,10,GFP-M-Gext,1,2026-03-09 13:41:39,Cytation5,20260309-round1,3,Sample,2.996187423,0.0,2000.000003,1.950000051,1.799999951,10,24.969,100.0,60.0,50.0,0.0,0.0,2.0,2.0,1.0,1.0,1.0,0.02,2.0,0.3,3.5,0.0,deGFP,1.0,2026-03-09,ext,M,GFP-M-Gext,0.0008367910758848853
0 days 01:15:23,37.1,G10,8310,G,10,GFP-M-Gext,1,2026-03-09 13:46:39,Cytation5,20260309-round1,3,Sample,2.996187423,0.0,2000.000003,1.950000051,1.799999951,10,24.969,100.0,60.0,50.0,0.0,0.0,2.0,2.0,1.0,1.0,1.0,0.02,2.0,0.3,3.5,0.0,deGFP,1.0,2026-03-09,ext,M,GFP-M-Gext,0.0008744635111422783
0 days 01:20:23,37.0,G10,8620,G,10,GFP-M-Gext,1,2026-03-09 13:51:39,Cytation5,20260309-round1,3,Sample,2.996187423,0.0,2000.000003,1.950000051,1.799999951,10,24.969,100.0,60.0,50.0,0.0,0.0,2.0,2.0,1.0,1.0,1.0,0.02,2.0,0.3,3.5,0.0,deGFP,1.0,2026-03-09,ext,M,GFP-M-Gext,0.0009070848936277304
0 days 01:25:23,37.0,G10,8818,G,10,GFP-M-Gext,1,2026-03-09 13:56:39,Cytation5,20260309-round1,3,Sample,2.996187423,0.0,2000.000003,1.950000051,1.799999951,10,24.969,100.0,60.0,50.0,0.0,0.0,2.0,2.0,1.0,1.0,1.0,0.02,2.0,0.3,3.5,0.0,deGFP,1.0,2026-03-09,ext,M,GFP-M-Gext,0.0009279204863119868
0 days 01:30:23,37.0,G10,8918,G,10,GFP-M-Gext,1,2026-03-09 14:01:39,Cytation5,20260309-round1,3,Sample,2.996187423,0.0,2000.000003,1.950000051,1.799999951,10,24.969,100.0,60.0,50.0,0.0,0.0,2.0,2.0,1.0,1.0,1.0,0.02,2.0,0.3,3.5,0.0,deGFP,1.0,2026-03-09,ext,M,GFP-M-Gext,0.0009384435129201972
0 days 01:35:23,37.0,G10,9188,G,10,GFP-M-Gext,1,2026-03-09 14:06:39,Cytation5,20260309-round1,3,Sample,2.996187423,0.0,2000.000003,1.950000051,1.799999951,10,24.969,100.0,60.0,50.0,0.0,0.0,2.0,2.0,1.0,1.0,1.0,0.02,2.0,0.3,3.5,0.0,deGFP,1.0,2026-03-09,ext,M,GFP-M-Gext,0.000966855684762365
0 days 01:40:23,37.0,G10,9269,G,10,GFP-M-Gext,1,2026-03-09 14:11:39,Cytation5,20260309-round1,3,Sample,2.996187423,0.0,2000.000003,1.950000051,1.799999951,10,24.969,100.0,60.0,50.0,0.0,0.0,2.0,2.0,1.0,1.0,1.0,0.02,2.0,0.3,3.5,0.0,deGFP,1.0,2026-03-09,ext,M,GFP-M-Gext,0.0009753793363150154
0 days 01:45:23,37.0,G10,9421,G,10,GFP-M-Gext,1,2026-03-09 14:16:39,Cytation5,20260309-round1,3,Sample,2.996187423,0.0,2000.000003,1.950000051,1.799999951,10,24.969,100.0,60.0,50.0,0.0,0.0,2.0,2.0,1.0,1.0,1.0,0.02,2.0,0.3,3.5,0.0,deGFP,1.0,2026-03-09,ext,M,GFP-M-Gext,0.000991374336759495
0 days 01:50:23,37.0,G10,9567,G,10,GFP-M-Gext,1,2026-03-09 14:21:39,Cytation5,20260309-round1,3,Sample,2.996187423,0.0,2000.000003,1.950000051,1.799999951,10,24.969,100.0,60.0,50.0,0.0,0.0,2.0,2.0,1.0,1.0,1.0,0.02,2.0,0.3,3.5,0.0,deGFP,1.0,2026-03-09,ext,M,GFP-M-Gext,0.0010067379556074822
0 days 01:55:23,37.1,G10,9572,G,10,GFP-M-Gext,1,2026-03-09 14:26:39,Cytation5,20260309-round1,3,Sample,2.996187423,0.0,2000.000003,1.950000051,1.799999951,10,24.969,100.0,60.0,50.0,0.0,0.0,2.0,2.0,1.0,1.0,1.0,0.02,2.0,0.3,3.5,0.0,deGFP,1.0,2026-03-09,ext,M,GFP-M-Gext,0.0010072641069378927
0 days 02:00:23,37.0,G10,9721,G,10,GFP-M-Gext,1,2026-03-09 14:31:39,Cytation5,20260309-round1,3,Sample,2.996187423,0.0,2000.000003,1.950000051,1.799999951,10,24.969,100.0,60.0,50.0,0.0,0.0,2.0,2.0,1.0,1.0,1.0,0.02,2.0,0.3,3.5,0.0,deGFP,1.0,2026-03-09,ext,M,GFP-M-Gext,0.001022943416584126
0 days 02:05:23,37.0,G10,9663,G,10,GFP-M-Gext,1,2026-03-09 14:36:39,Cytation5,20260309-round1,3,Sample,2.996187423,0.0,2000.000003,1.950000051,1.799999951,10,24.969,100.0,60.0,50.0,0.0,0.0,2.0,2.0,1.0,1.0,1.0,0.02,2.0,0.3,3.5,0.0,deGFP,1.0,2026-03-09,ext,M,GFP-M-Gext,0.0010168400611513641
0 days 02:10:23,37.1,G10,9847,G,10,GFP-M-Gext,1,2026-03-09 14:41:39,Cytation5,20260309-round1,3,Sample,2.996187423,0.0,2000.000003,1.950000051,1.799999951,10,24.969,100.0,60.0,50.0,0.0,0.0,2.0,2.0,1.0,1.0,1.0,0.02,2.0,0.3,3.5,0.0,deGFP,1.0,2026-03-09,ext,M,GFP-M-Gext,0.001036202430110471
0 days 02:15:23,37.1,G10,9888,G,10,GFP-M-Gext,1,2026-03-09 14:46:39,Cytation5,20260309-round1,3,Sample,2.996187423,0.0,2000.000003,1.950000051,1.799999951,10,24.969,100.0,60.0,50.0,0.0,0.0,2.0,2.0,1.0,1.0,1.0,0.02,2.0,0.3,3.5,0.0,deGFP,1.0,2026-03-09,ext,M,GFP-M-Gext,0.0010405168710198372
0 days 02:20:23,37.0,G10,9902,G,10,GFP-M-Gext,1,2026-03-09 14:51:39,Cytation5,20260309-round1,3,Sample,2.996187423,0.0,2000.000003,1.950000051,1.799999951,10,24.969,100.0,60.0,50.0,0.0,0.0,2.0,2.0,1.0,1.0,1.0,0.02,2.0,0.3,3.5,0.0,deGFP,1.0,2026-03-09,ext,M,GFP-M-Gext,0.0010419900947449868
0 days 02:25:23,37.0,G10,9848,G,10,GFP-M-Gext,1,2026-03-09 14:56:39,Cytation5,20260309-round1,3,Sample,2.996187423,0.0,2000.000003,1.950000051,1.799999951,10,24.969,100.0,60.0,50.0,0.0,0.0,2.0,2.0,1.0,1.0,1.0,0.02,2.0,0.3,3.5,0.0,deGFP,1.0,2026-03-09,ext,M,GFP-M-Gext,0.0010363076603765531
0 days 02:30:23,37.0,G10,10048,G,10,GFP-M-Gext,1,2026-03-09 15:01:39,Cytation5,20260309-round1,3,Sample,2.996187423,0.0,2000.000003,1.950000051,1.799999951,10,24.969,100.0,60.0,50.0,0.0,0.0,2.0,2.0,1.0,1.0,1.0,0.02,2.0,0.3,3.5,0.0,deGFP,1.0,2026-03-09,ext,M,GFP-M-Gext,0.0010573537135929738
0 days 02:35:23,37.0,G10,10053,G,10,GFP-M-Gext,1,2026-03-09 15:06:39,Cytation5,20260309-round1,3,Sample,2.996187423,0.0,2000.000003,1.950000051,1.799999951,10,24.969,100.0,60.0,50.0,0.0,0.0,2.0,2.0,1.0,1.0,1.0,0.02,2.0,0.3,3.5,0.0,deGFP,1.0,2026-03-09,ext,M,GFP-M-Gext,0.0010578798649233843
0 days 02:40:23,37.0,G10,10155,G,10,GFP-M-Gext,1,2026-03-09 15:11:39,Cytation5,20260309-round1,3,Sample,2.996187423,0.0,2000.000003,1.950000051,1.799999951,10,24.969,100.0,60.0,50.0,0.0,0.0,2.0,2.0,1.0,1.0,1.0,0.02,2.0,0.3,3.5,0.0,deGFP,1.0,2026-03-09,ext,M,GFP-M-Gext,0.001068613352063759
0 days 02:45:23,37.0,G10,10123,G,10,GFP-M-Gext,1,2026-03-09 15:16:39,Cytation5,20260309-round1,3,Sample,2.996187423,0.0,2000.000003,1.950000051,1.799999951,10,24.969,100.0,60.0,50.0,0.0,0.0,2.0,2.0,1.0,1.0,1.0,0.02,2.0,0.3,3.5,0.0,deGFP,1.0,2026-03-09,ext,M,GFP-M-Gext,0.0010652459835491315
0 days 02:50:23,37.0,G10,10259,G,10,GFP-M-Gext,1,2026-03-09 15:21:39,Cytation5,20260309-round1,3,Sample,2.996187423,0.0,2000.000003,1.950000051,1.799999951,10,24.969,100.0,60.0,50.0,0.0,0.0,2.0,2.0,1.0,1.0,1.0,0.02,2.0,0.3,3.5,0.0,deGFP,1.0,2026-03-09,ext,M,GFP-M-Gext,0.0010795572997362977
0 days 02:55:23,37.0,G10,10278,G,10,GFP-M-Gext,1,2026-03-09 15:26:39,Cytation5,20260309-round1,3,Sample,2.996187423,0.0,2000.000003,1.950000051,1.799999951,10,24.969,100.0,60.0,50.0,0.0,0.0,2.0,2.0,1.0,1.0,1.0,0.02,2.0,0.3,3.5,0.0,deGFP,1.0,2026-03-09,ext,M,GFP-M-Gext,0.0010815566747918576
0 days 03:00:23,36.9,G10,10376,G,10,GFP-M-Gext,1,2026-03-09 15:31:39,Cytation5,20260309-round1,3,Sample,2.996187423,0.0,2000.000003,1.950000051,1.799999951,10,24.969,100.0,60.0,50.0,0.0,0.0,2.0,2.0,1.0,1.0,1.0,0.02,2.0,0.3,3.5,0.0,deGFP,1.0,2026-03-09,ext,M,GFP-M-Gext,0.0010918692408679036
0 days 03:05:23,37.0,G10,10313,G,10,GFP-M-Gext,1,2026-03-09 15:36:39,Cytation5,20260309-round1,3,Sample,2.996187423,0.0,2000.000003,1.950000051,1.799999951,10,24.969,100.0,60.0,50.0,0.0,0.0,2.0,2.0,1.0,1.0,1.0,0.02,2.0,0.3,3.5,0.0,deGFP,1.0,2026-03-09,ext,M,GFP-M-Gext,0.0010852397341047312
0 days 03:10:23,37.0,G10,10391,G,10,GFP-M-Gext,1,2026-03-09 15:41:39,Cytation5,20260309-round1,3,Sample,2.996187423,0.0,2000.000003,1.950000051,1.799999951,10,24.969,100.0,60.0,50.0,0.0,0.0,2.0,2.0,1.0,1.0,1.0,0.02,2.0,0.3,3.5,0.0,deGFP,1.0,2026-03-09,ext,M,GFP-M-Gext,0.0010934476948591353
0 days 03:15:23,37.0,G10,10356,G,10,GFP-M-Gext,1,2026-03-09 15:46:39,Cytation5,20260309-round1,3,Sample,2.996187423,0.0,2000.000003,1.950000051,1.799999951,10,24.969,100.0,60.0,50.0,0.0,0.0,2.0,2.0,1.0,1.0,1.0,0.02,2.0,0.3,3.5,0.0,deGFP,1.0,2026-03-09,ext,M,GFP-M-Gext,0.0010897646355462617
0 days 03:20:23,37.0,G10,10550,G,10,GFP-M-Gext,1,2026-03-09 15:51:39,Cytation5,20260309-round1,3,Sample,2.996187423,0.0,2000.000003,1.950000051,1.799999951,10,24.969,100.0,60.0,50.0,0.0,0.0,2.0,2.0,1.0,1.0,1.0,0.02,2.0,0.3,3.5,0.0,deGFP,1.0,2026-03-09,ext,M,GFP-M-Gext,0.0011101793071661896
0 days 03:25:23,37.0,G10,10430,G,10,GFP-M-Gext,1,2026-03-09 15:56:39,Cytation5,20260309-round1,3,Sample,2.996187423,0.0,2000.000003,1.950000051,1.799999951,10,24.969,100.0,60.0,50.0,0.0,0.0,2.0,2.0,1.0,1.0,1.0,0.02,2.0,0.3,3.5,0.0,deGFP,1.0,2026-03-09,ext,M,GFP-M-Gext,0.0010975516752363373
0 days 03:30:23,37.0,G10,10437,G,10,GFP-M-Gext,1,2026-03-09 16:01:39,Cytation5,20260309-round1,3,Sample,2.996187423,0.0,2000.000003,1.950000051,1.799999951,10,24.969,100.0,60.0,50.0,0.0,0.0,2.0,2.0,1.0,1.0,1.0,0.02,2.0,0.3,3.5,0.0,deGFP,1.0,2026-03-09,ext,M,GFP-M-Gext,0.001098288287098912
0 days 03:35:23,37.0,G10,10599,G,10,GFP-M-Gext,1,2026-03-09 16:06:39,Cytation5,20260309-round1,3,Sample,2.996187423,0.0,2000.000003,1.950000051,1.799999951,10,24.969,100.0,60.0,50.0,0.0,0.0,2.0,2.0,1.0,1.0,1.0,0.02,2.0,0.3,3.5,0.0,deGFP,1.0,2026-03-09,ext,M,GFP-M-Gext,0.0011153355902042128
0 days 03:40:23,37.1,G10,10529,G,10,GFP-M-Gext,1,2026-03-09 16:11:39,Cytation5,20260309-round1,3,Sample,2.996187423,0.0,2000.000003,1.950000051,1.799999951,10,24.969,100.0,60.0,50.0,0.0,0.0,2.0,2.0,1.0,1.0,1.0,0.02,2.0,0.3,3.5,0.0,deGFP,1.0,2026-03-09,ext,M,GFP-M-Gext,0.0011079694715784656
0 days 03:45:23,37.0,G10,10761,G,10,GFP-M-Gext,1,2026-03-09 16:16:39,Cytation5,20260309-round1,3,Sample,2.996187423,0.0,2000.000003,1.950000051,1.799999951,10,24.969,100.0,60.0,50.0,0.0,0.0,2.0,2.0,1.0,1.0,1.0,0.02,2.0,0.3,3.5,0.0,deGFP,1.0,2026-03-09,ext,M,GFP-M-Gext,0.0011323828933095135
0 days 03:50:23,37.0,G10,10580,G,10,GFP-M-Gext,1,2026-03-09 16:21:39,Cytation5,20260309-round1,3,Sample,2.996187423,0.0,2000.000003,1.950000051,1.799999951,10,24.969,100.0,60.0,50.0,0.0,0.0,2.0,2.0,1.0,1.0,1.0,0.02,2.0,0.3,3.5,0.0,deGFP,1.0,2026-03-09,ext,M,GFP-M-Gext,0.0011133362151486527
0 days 03:55:23,37.0,G10,10480,G,10,GFP-M-Gext,1,2026-03-09 16:26:39,Cytation5,20260309-round1,3,Sample,2.996187423,0.0,2000.000003,1.950000051,1.799999951,10,24.969,100.0,60.0,50.0,0.0,0.0,2.0,2.0,1.0,1.0,1.0,0.02,2.0,0.3,3.5,0.0,deGFP,1.0,2026-03-09,ext,M,GFP-M-Gext,0.0011028131885404424
0 days 04:00:23,37.0,G10,10652,G,10,GFP-M-Gext,1,2026-03-09 16:31:39,Cytation5,20260309-round1,3,Sample,2.996187423,0.0,2000.000003,1.950000051,1.799999951,10,24.969,100.0,60.0,50.0,0.0,0.0,2.0,2.0,1.0,1.0,1.0,0.02,2.0,0.3,3.5,0.0,deGFP,1.0,2026-03-09,ext,M,GFP-M-Gext,0.0011209127943065643
0 days 04:05:23,37.1,G10,10675,G,10,GFP-M-Gext,1,2026-03-09 16:36:39,Cytation5,20260309-round1,3,Sample,2.996187423,0.0,2000.000003,1.950000051,1.799999951,10,24.969,100.0,60.0,50.0,0.0,0.0,2.0,2.0,1.0,1.0,1.0,0.02,2.0,0.3,3.5,0.0,deGFP,1.0,2026-03-09,ext,M,GFP-M-Gext,0.0011233330904264526
0 days 04:10:23,37.1,G10,10592,G,10,GFP-M-Gext,1,2026-03-09 16:41:39,Cytation5,20260309-round1,3,Sample,2.996187423,0.0,2000.000003,1.950000051,1.799999951,10,24.969,100.0,60.0,50.0,0.0,0.0,2.0,2.0,1.0,1.0,1.0,0.02,2.0,0.3,3.5,0.0,deGFP,1.0,2026-03-09,ext,M,GFP-M-Gext,0.001114598978341638
0 days 04:15:23,37.0,G10,10535,G,10,GFP-M-Gext,1,2026-03-09 16:46:39,Cytation5,20260309-round1,3,Sample,2.996187423,0.0,2000.000003,1.950000051,1.799999951,10,24.969,100.0,60.0,50.0,0.0,0.0,2.0,2.0,1.0,1.0,1.0,0.02,2.0,0.3,3.5,0.0,deGFP,1.0,2026-03-09,ext,M,GFP-M-Gext,0.0011086008531749581
0 days 04:20:23,37.0,G10,10547,G,10,GFP-M-Gext,1,2026-03-09 16:51:39,Cytation5,20260309-round1,3,Sample,2.996187423,0.0,2000.000003,1.950000051,1.799999951,10,24.969,100.0,60.0,50.0,0.0,0.0,2.0,2.0,1.0,1.0,1.0,0.02,2.0,0.3,3.5,0.0,deGFP,1.0,2026-03-09,ext,M,GFP-M-Gext,0.0011098636163679434
0 days 04:25:23,37.0,G10,10828,G,10,GFP-M-Gext,1,2026-03-09 16:56:39,Cytation5,20260309-round1,3,Sample,2.996187423,0.0,2000.000003,1.950000051,1.799999951,10,24.969,100.0,60.0,50.0,0.0,0.0,2.0,2.0,1.0,1.0,1.0,0.02,2.0,0.3,3.5,0.0,deGFP,1.0,2026-03-09,ext,M,GFP-M-Gext,0.0011394333211370144
0 days 04:30:23,37.1,G10,10951,G,10,GFP-M-Gext,1,2026-03-09 17:01:39,Cytation5,20260309-round1,3,Sample,2.996187423,0.0,2000.000003,1.950000051,1.799999951,10,24.969,100.0,60.0,50.0,0.0,0.0,2.0,2.0,1.0,1.0,1.0,0.02,2.0,0.3,3.5,0.0,deGFP,1.0,2026-03-09,ext,M,GFP-M-Gext,0.001152376643865113
0 days 04:35:23,37.0,G10,10944,G,10,GFP-M-Gext,1,2026-03-09 17:06:39,Cytation5,20260309-round1,3,Sample,2.996187423,0.0,2000.000003,1.950000051,1.799999951,10,24.969,100.0,60.0,50.0,0.0,0.0,2.0,2.0,1.0,1.0,1.0,0.02,2.0,0.3,3.5,0.0,deGFP,1.0,2026-03-09,ext,M,GFP-M-Gext,0.0011516400320025384
0 days 04:40:23,37.0,G10,10965,G,10,GFP-M-Gext,1,2026-03-09 17:11:39,Cytation5,20260309-round1,3,Sample,2.996187423,0.0,2000.000003,1.950000051,1.799999951,10,24.969,100.0,60.0,50.0,0.0,0.0,2.0,2.0,1.0,1.0,1.0,0.02,2.0,0.3,3.5,0.0,deGFP,1.0,2026-03-09,ext,M,GFP-M-Gext,0.0011538498675902626
0 days 04:45:23,37.0,G10,10967,G,10,GFP-M-Gext,1,2026-03-09 17:16:39,Cytation5,20260309-round1,3,Sample,2.996187423,0.0,2000.000003,1.950000051,1.799999951,10,24.969,100.0,60.0,50.0,0.0,0.0,2.0,2.0,1.0,1.0,1.0,0.02,2.0,0.3,3.5,0.0,deGFP,1.0,2026-03-09,ext,M,GFP-M-Gext,0.0011540603281224267
0 days 04:50:23,37.1,G10,10910,G,10,GFP-M-Gext,1,2026-03-09 17:21:39,Cytation5,20260309-round1,3,Sample,2.996187423,0.0,2000.000003,1.950000051,1.799999951,10,24.969,100.0,60.0,50.0,0.0,0.0,2.0,2.0,1.0,1.0,1.0,0.02,2.0,0.3,3.5,0.0,deGFP,1.0,2026-03-09,ext,M,GFP-M-Gext,0.0011480622029557469
0 days 04:55:23,37.1,G10,10970,G,10,GFP-M-Gext,1,2026-03-09 17:26:39,Cytation5,20260309-round1,3,Sample,2.996187423,0.0,2000.000003,1.950000051,1.799999951,10,24.969,100.0,60.0,50.0,0.0,0.0,2.0,2.0,1.0,1.0,1.0,0.02,2.0,0.3,3.5,0.0,deGFP,1.0,2026-03-09,ext,M,GFP-M-Gext,0.0011543760189206731
0 days 05:00:23,37.1,G10,10960,G,10,GFP-M-Gext,1,2026-03-09 17:31:39,Cytation5,20260309-round1,3,Sample,2.996187423,0.0,2000.000003,1.950000051,1.799999951,10,24.969,100.0,60.0,50.0,0.0,0.0,2.0,2.0,1.0,1.0,1.0,0.02,2.0,0.3,3.5,0.0,deGFP,1.0,2026-03-09,ext,M,GFP-M-Gext,0.001153323716259852
0 days 05:05:23,37.0,G10,11202,G,10,GFP-M-Gext,1,2026-03-09 17:36:39,Cytation5,20260309-round1,3,Sample,2.996187423,0.0,2000.000003,1.950000051,1.799999951,10,24.969,100.0,60.0,50.0,0.0,0.0,2.0,2.0,1.0,1.0,1.0,0.02,2.0,0.3,3.5,0.0,deGFP,1.0,2026-03-09,ext,M,GFP-M-Gext,0.001178789440651721
0 days 05:10:23,37.0,G10,11139,G,10,GFP-M-Gext,1,2026-03-09 17:41:39,Cytation5,20260309-round1,3,Sample,2.996187423,0.0,2000.000003,1.950000051,1.799999951,10,24.969,100.0,60.0,50.0,0.0,0.0,2.0,2.0,1.0,1.0,1.0,0.02,2.0,0.3,3.5,0.0,deGFP,1.0,2026-03-09,ext,M,GFP-M-Gext,0.0011721599338885486
0 days 05:15:23,37.0,G10,11124,G,10,GFP-M-Gext,1,2026-03-09 17:46:39,Cytation5,20260309-round1,3,Sample,2.996187423,0.0,2000.000003,1.950000051,1.799999951,10,24.969,100.0,60.0,50.0,0.0,0.0,2.0,2.0,1.0,1.0,1.0,0.02,2.0,0.3,3.5,0.0,deGFP,1.0,2026-03-09,ext,M,GFP-M-Gext,0.001170581479897317
0 days 05:20:23,37.0,G10,11287,G,10,GFP-M-Gext,1,2026-03-09 17:51:39,Cytation5,20260309-round1,3,Sample,2.996187423,0.0,2000.000003,1.950000051,1.799999951,10,24.969,100.0,60.0,50.0,0.0,0.0,2.0,2.0,1.0,1.0,1.0,0.02,2.0,0.3,3.5,0.0,deGFP,1.0,2026-03-09,ext,M,GFP-M-Gext,0.0011877340132686997
0 days 05:25:23,37.1,G10,11072,G,10,GFP-M-Gext,1,2026-03-09 17:56:39,Cytation5,20260309-round1,3,Sample,2.996187423,0.0,2000.000003,1.950000051,1.799999951,10,24.969,100.0,60.0,50.0,0.0,0.0,2.0,2.0,1.0,1.0,1.0,0.02,2.0,0.3,3.5,0.0,deGFP,1.0,2026-03-09,ext,M,GFP-M-Gext,0.0011651095060610476
0 days 05:30:23,37.1,G10,11269,G,10,GFP-M-Gext,1,2026-03-09 18:01:39,Cytation5,20260309-round1,3,Sample,2.996187423,0.0,2000.000003,1.950000051,1.799999951,10,24.969,100.0,60.0,50.0,0.0,0.0,2.0,2.0,1.0,1.0,1.0,0.02,2.0,0.3,3.5,0.0,deGFP,1.0,2026-03-09,ext,M,GFP-M-Gext,0.0011858398684792219
0 days 05:35:23,37.1,G10,11213,G,10,GFP-M-Gext,1,2026-03-09 18:06:39,Cytation5,20260309-round1,3,Sample,2.996187423,0.0,2000.000003,1.950000051,1.799999951,10,24.969,100.0,60.0,50.0,0.0,0.0,2.0,2.0,1.0,1.0,1.0,0.02,2.0,0.3,3.5,0.0,deGFP,1.0,2026-03-09,ext,M,GFP-M-Gext,0.0011799469735786243
0 days 05:40:23,37.0,G10,11431,G,10,GFP-M-Gext,1,2026-03-09 18:11:39,Cytation5,20260309-round1,3,Sample,2.996187423,0.0,2000.000003,1.950000051,1.799999951,10,24.969,100.0,60.0,50.0,0.0,0.0,2.0,2.0,1.0,1.0,1.0,0.02,2.0,0.3,3.5,0.0,deGFP,1.0,2026-03-09,ext,M,GFP-M-Gext,0.0012028871715845228
0 days 05:45:23,37.0,G10,11374,G,10,GFP-M-Gext,1,2026-03-09 18:16:39,Cytation5,20260309-round1,3,Sample,2.996187423,0.0,2000.000003,1.950000051,1.799999951,10,24.969,100.0,60.0,50.0,0.0,0.0,2.0,2.0,1.0,1.0,1.0,0.02,2.0,0.3,3.5,0.0,deGFP,1.0,2026-03-09,ext,M,GFP-M-Gext,0.0011968890464178427
0 days 05:50:23,37.0,G10,11474,G,10,GFP-M-Gext,1,2026-03-09 18:21:39,Cytation5,20260309-round1,3,Sample,2.996187423,0.0,2000.000003,1.950000051,1.799999951,10,24.969,100.0,60.0,50.0,0.0,0.0,2.0,2.0,1.0,1.0,1.0,0.02,2.0,0.3,3.5,0.0,deGFP,1.0,2026-03-09,ext,M,GFP-M-Gext,0.001207412073026053
0 days 05:55:23,37.0,G10,11523,G,10,GFP-M-Gext,1,2026-03-09 18:26:39,Cytation5,20260309-round1,3,Sample,2.996187423,0.0,2000.000003,1.950000051,1.799999951,10,24.969,100.0,60.0,50.0,0.0,0.0,2.0,2.0,1.0,1.0,1.0,0.02,2.0,0.3,3.5,0.0,deGFP,1.0,2026-03-09,ext,M,GFP-M-Gext,0.0012125683560640762
0 days 06:00:23,37.1,G10,11604,G,10,GFP-M-Gext,1,2026-03-09 18:31:39,Cytation5,20260309-round1,3,Sample,2.996187423,0.0,2000.000003,1.950000051,1.799999951,10,24.969,100.0,60.0,50.0,0.0,0.0,2.0,2.0,1.0,1.0,1.0,0.02,2.0,0.3,3.5,0.0,deGFP,1.0,2026-03-09,ext,M,GFP-M-Gext,0.0012210920076167265
0 days 00:00:23,28.9,G11,477,G,11,GFP-M-Gext,1,2026-03-09 12:31:39,Cytation5,20260309-round1,2,Sample,2.996187423,0.0,2000.000003,1.950000051,1.799999951,10,12.469,49.0,72.5,50.0,0.0,0.0,2.0,2.0,1.0,1.0,1.0,0.02,2.0,0.3,3.5,0.0,deGFP,1.0,2026-03-09,ext,M,GFP-M-Gext,5.0194836921163266e-05
0 days 00:05:23,34.5,G11,462,G,11,GFP-M-Gext,1,2026-03-09 12:36:39,Cytation5,20260309-round1,2,Sample,2.996187423,0.0,2000.000003,1.950000051,1.799999951,10,12.469,49.0,72.5,50.0,0.0,0.0,2.0,2.0,1.0,1.0,1.0,0.02,2.0,0.3,3.5,0.0,deGFP,1.0,2026-03-09,ext,M,GFP-M-Gext,4.861638292993172e-05
0 days 00:10:23,37.0,G11,435,G,11,GFP-M-Gext,1,2026-03-09 12:41:39,Cytation5,20260309-round1,2,Sample,2.996187423,0.0,2000.000003,1.950000051,1.799999951,10,12.469,49.0,72.5,50.0,0.0,0.0,2.0,2.0,1.0,1.0,1.0,0.02,2.0,0.3,3.5,0.0,deGFP,1.0,2026-03-09,ext,M,GFP-M-Gext,4.577516574571493e-05
0 days 00:15:23,37.0,G11,545,G,11,GFP-M-Gext,1,2026-03-09 12:46:39,Cytation5,20260309-round1,2,Sample,2.996187423,0.0,2000.000003,1.950000051,1.799999951,10,12.469,49.0,72.5,50.0,0.0,0.0,2.0,2.0,1.0,1.0,1.0,0.02,2.0,0.3,3.5,0.0,deGFP,1.0,2026-03-09,ext,M,GFP-M-Gext,5.7350495014746294e-05
0 days 00:20:23,37.0,G11,949,G,11,GFP-M-Gext,1,2026-03-09 12:51:39,Cytation5,20260309-round1,2,Sample,2.996187423,0.0,2000.000003,1.950000051,1.799999951,10,12.469,49.0,72.5,50.0,0.0,0.0,2.0,2.0,1.0,1.0,1.0,0.02,2.0,0.3,3.5,0.0,deGFP,1.0,2026-03-09,ext,M,GFP-M-Gext,9.986352251191602e-05
0 days 00:25:23,37.0,G11,1568,G,11,GFP-M-Gext,1,2026-03-09 12:56:39,Cytation5,20260309-round1,2,Sample,2.996187423,0.0,2000.000003,1.950000051,1.799999951,10,12.469,49.0,72.5,50.0,0.0,0.0,2.0,2.0,1.0,1.0,1.0,0.02,2.0,0.3,3.5,0.0,deGFP,1.0,2026-03-09,ext,M,GFP-M-Gext,0.00016500105721673795
0 days 00:30:23,37.0,G11,2539,G,11,GFP-M-Gext,1,2026-03-09 13:01:39,Cytation5,20260309-round1,2,Sample,2.996187423,0.0,2000.000003,1.950000051,1.799999951,10,12.469,49.0,72.5,50.0,0.0,0.0,2.0,2.0,1.0,1.0,1.0,0.02,2.0,0.3,3.5,0.0,deGFP,1.0,2026-03-09,ext,M,GFP-M-Gext,0.00026717964558246025
0 days 00:35:23,37.0,G11,3700,G,11,GFP-M-Gext,1,2026-03-09 13:06:39,Cytation5,20260309-round1,2,Sample,2.996187423,0.0,2000.000003,1.950000051,1.799999951,10,12.469,49.0,72.5,50.0,0.0,0.0,2.0,2.0,1.0,1.0,1.0,0.02,2.0,0.3,3.5,0.0,deGFP,1.0,2026-03-09,ext,M,GFP-M-Gext,0.0003893519845037822
0 days 00:40:23,37.0,G11,5017,G,11,GFP-M-Gext,1,2026-03-09 13:11:39,Cytation5,20260309-round1,2,Sample,2.996187423,0.0,2000.000003,1.950000051,1.799999951,10,12.469,49.0,72.5,50.0,0.0,0.0,2.0,2.0,1.0,1.0,1.0,0.02,2.0,0.3,3.5,0.0,deGFP,1.0,2026-03-09,ext,M,GFP-M-Gext,0.0005279402449339122
0 days 00:45:23,37.1,G11,6360,G,11,GFP-M-Gext,1,2026-03-09 13:16:39,Cytation5,20260309-round1,2,Sample,2.996187423,0.0,2000.000003,1.950000051,1.799999951,10,12.469,49.0,72.5,50.0,0.0,0.0,2.0,2.0,1.0,1.0,1.0,0.02,2.0,0.3,3.5,0.0,deGFP,1.0,2026-03-09,ext,M,GFP-M-Gext,0.0006692644922821769
0 days 00:50:23,37.0,G11,7623,G,11,GFP-M-Gext,1,2026-03-09 13:21:39,Cytation5,20260309-round1,2,Sample,2.996187423,0.0,2000.000003,1.950000051,1.799999951,10,12.469,49.0,72.5,50.0,0.0,0.0,2.0,2.0,1.0,1.0,1.0,0.02,2.0,0.3,3.5,0.0,deGFP,1.0,2026-03-09,ext,M,GFP-M-Gext,0.0008021703183438733
0 days 00:55:23,37.0,G11,8581,G,11,GFP-M-Gext,1,2026-03-09 13:26:39,Cytation5,20260309-round1,2,Sample,2.996187423,0.0,2000.000003,1.950000051,1.799999951,10,12.469,49.0,72.5,50.0,0.0,0.0,2.0,2.0,1.0,1.0,1.0,0.02,2.0,0.3,3.5,0.0,deGFP,1.0,2026-03-09,ext,M,GFP-M-Gext,0.0009029809132505283
0 days 01:00:23,37.0,G11,9332,G,11,GFP-M-Gext,1,2026-03-09 13:31:39,Cytation5,20260309-round1,2,Sample,2.996187423,0.0,2000.000003,1.950000051,1.799999951,10,12.469,49.0,72.5,50.0,0.0,0.0,2.0,2.0,1.0,1.0,1.0,0.02,2.0,0.3,3.5,0.0,deGFP,1.0,2026-03-09,ext,M,GFP-M-Gext,0.000982008843078188
0 days 01:05:23,37.0,G11,10077,G,11,GFP-M-Gext,1,2026-03-09 13:36:39,Cytation5,20260309-round1,2,Sample,2.996187423,0.0,2000.000003,1.950000051,1.799999951,10,12.469,49.0,72.5,50.0,0.0,0.0,2.0,2.0,1.0,1.0,1.0,0.02,2.0,0.3,3.5,0.0,deGFP,1.0,2026-03-09,ext,M,GFP-M-Gext,0.0010604053913093549
0 days 01:10:23,37.0,G11,10688,G,11,GFP-M-Gext,1,2026-03-09 13:41:39,Cytation5,20260309-round1,2,Sample,2.996187423,0.0,2000.000003,1.950000051,1.799999951,10,12.469,49.0,72.5,50.0,0.0,0.0,2.0,2.0,1.0,1.0,1.0,0.02,2.0,0.3,3.5,0.0,deGFP,1.0,2026-03-09,ext,M,GFP-M-Gext,0.00112470108388552
0 days 01:15:23,37.1,G11,11292,G,11,GFP-M-Gext,1,2026-03-09 13:46:39,Cytation5,20260309-round1,2,Sample,2.996187423,0.0,2000.000003,1.950000051,1.799999951,10,12.469,49.0,72.5,50.0,0.0,0.0,2.0,2.0,1.0,1.0,1.0,0.02,2.0,0.3,3.5,0.0,deGFP,1.0,2026-03-09,ext,M,GFP-M-Gext,0.0011882601645991104
0 days 01:20:23,37.0,G11,11870,G,11,GFP-M-Gext,1,2026-03-09 13:51:39,Cytation5,20260309-round1,2,Sample,2.996187423,0.0,2000.000003,1.950000051,1.799999951,10,12.469,49.0,72.5,50.0,0.0,0.0,2.0,2.0,1.0,1.0,1.0,0.02,2.0,0.3,3.5,0.0,deGFP,1.0,2026-03-09,ext,M,GFP-M-Gext,0.001249083258394566
0 days 01:25:23,37.0,G11,12509,G,11,GFP-M-Gext,1,2026-03-09 13:56:39,Cytation5,20260309-round1,2,Sample,2.996187423,0.0,2000.000003,1.950000051,1.799999951,10,12.469,49.0,72.5,50.0,0.0,0.0,2.0,2.0,1.0,1.0,1.0,0.02,2.0,0.3,3.5,0.0,deGFP,1.0,2026-03-09,ext,M,GFP-M-Gext,0.00131632539842103
0 days 01:30:23,37.0,G11,12908,G,11,GFP-M-Gext,1,2026-03-09 14:01:39,Cytation5,20260309-round1,2,Sample,2.996187423,0.0,2000.000003,1.950000051,1.799999951,10,12.469,49.0,72.5,50.0,0.0,0.0,2.0,2.0,1.0,1.0,1.0,0.02,2.0,0.3,3.5,0.0,deGFP,1.0,2026-03-09,ext,M,GFP-M-Gext,0.0013583122745877893
0 days 01:35:23,37.0,G11,13206,G,11,GFP-M-Gext,1,2026-03-09 14:06:39,Cytation5,20260309-round1,2,Sample,2.996187423,0.0,2000.000003,1.950000051,1.799999951,10,12.469,49.0,72.5,50.0,0.0,0.0,2.0,2.0,1.0,1.0,1.0,0.02,2.0,0.3,3.5,0.0,deGFP,1.0,2026-03-09,ext,M,GFP-M-Gext,0.001389670893880256
0 days 01:40:23,37.0,G11,13467,G,11,GFP-M-Gext,1,2026-03-09 14:11:39,Cytation5,20260309-round1,2,Sample,2.996187423,0.0,2000.000003,1.950000051,1.799999951,10,12.469,49.0,72.5,50.0,0.0,0.0,2.0,2.0,1.0,1.0,1.0,0.02,2.0,0.3,3.5,0.0,deGFP,1.0,2026-03-09,ext,M,GFP-M-Gext,0.001417135993327685
0 days 01:45:23,37.0,G11,13746,G,11,GFP-M-Gext,1,2026-03-09 14:16:39,Cytation5,20260309-round1,2,Sample,2.996187423,0.0,2000.000003,1.950000051,1.799999951,10,12.469,49.0,72.5,50.0,0.0,0.0,2.0,2.0,1.0,1.0,1.0,0.02,2.0,0.3,3.5,0.0,deGFP,1.0,2026-03-09,ext,M,GFP-M-Gext,0.0014464952375645918
0 days 01:50:23,37.0,G11,13760,G,11,GFP-M-Gext,1,2026-03-09 14:21:39,Cytation5,20260309-round1,2,Sample,2.996187423,0.0,2000.000003,1.950000051,1.799999951,10,12.469,49.0,72.5,50.0,0.0,0.0,2.0,2.0,1.0,1.0,1.0,0.02,2.0,0.3,3.5,0.0,deGFP,1.0,2026-03-09,ext,M,GFP-M-Gext,0.0014479684612897412
0 days 01:55:23,37.1,G11,14060,G,11,GFP-M-Gext,1,2026-03-09 14:26:39,Cytation5,20260309-round1,2,Sample,2.996187423,0.0,2000.000003,1.950000051,1.799999951,10,12.469,49.0,72.5,50.0,0.0,0.0,2.0,2.0,1.0,1.0,1.0,0.02,2.0,0.3,3.5,0.0,deGFP,1.0,2026-03-09,ext,M,GFP-M-Gext,0.0014795375411143722
0 days 02:00:23,37.0,G11,14108,G,11,GFP-M-Gext,1,2026-03-09 14:31:39,Cytation5,20260309-round1,2,Sample,2.996187423,0.0,2000.000003,1.950000051,1.799999951,10,12.469,49.0,72.5,50.0,0.0,0.0,2.0,2.0,1.0,1.0,1.0,0.02,2.0,0.3,3.5,0.0,deGFP,1.0,2026-03-09,ext,M,GFP-M-Gext,0.0014845885938863132
0 days 02:05:23,37.0,G11,14215,G,11,GFP-M-Gext,1,2026-03-09 14:36:39,Cytation5,20260309-round1,2,Sample,2.996187423,0.0,2000.000003,1.950000051,1.799999951,10,12.469,49.0,72.5,50.0,0.0,0.0,2.0,2.0,1.0,1.0,1.0,0.02,2.0,0.3,3.5,0.0,deGFP,1.0,2026-03-09,ext,M,GFP-M-Gext,0.0014958482323570981
0 days 02:10:23,37.1,G11,14012,G,11,GFP-M-Gext,1,2026-03-09 14:41:39,Cytation5,20260309-round1,2,Sample,2.996187423,0.0,2000.000003,1.950000051,1.799999951,10,12.469,49.0,72.5,50.0,0.0,0.0,2.0,2.0,1.0,1.0,1.0,0.02,2.0,0.3,3.5,0.0,deGFP,1.0,2026-03-09,ext,M,GFP-M-Gext,0.0014744864883424313
0 days 02:15:23,37.1,G11,14474,G,11,GFP-M-Gext,1,2026-03-09 14:46:39,Cytation5,20260309-round1,2,Sample,2.996187423,0.0,2000.000003,1.950000051,1.799999951,10,12.469,49.0,72.5,50.0,0.0,0.0,2.0,2.0,1.0,1.0,1.0,0.02,2.0,0.3,3.5,0.0,deGFP,1.0,2026-03-09,ext,M,GFP-M-Gext,0.001523102871272363
0 days 02:20:23,37.0,G11,14553,G,11,GFP-M-Gext,1,2026-03-09 14:51:39,Cytation5,20260309-round1,2,Sample,2.996187423,0.0,2000.000003,1.950000051,1.799999951,10,12.469,49.0,72.5,50.0,0.0,0.0,2.0,2.0,1.0,1.0,1.0,0.02,2.0,0.3,3.5,0.0,deGFP,1.0,2026-03-09,ext,M,GFP-M-Gext,0.0015314160622928491
0 days 02:25:23,37.0,G11,14481,G,11,GFP-M-Gext,1,2026-03-09 14:56:39,Cytation5,20260309-round1,2,Sample,2.996187423,0.0,2000.000003,1.950000051,1.799999951,10,12.469,49.0,72.5,50.0,0.0,0.0,2.0,2.0,1.0,1.0,1.0,0.02,2.0,0.3,3.5,0.0,deGFP,1.0,2026-03-09,ext,M,GFP-M-Gext,0.0015238394831349378
0 days 02:30:23,37.0,G11,14497,G,11,GFP-M-Gext,1,2026-03-09 15:01:39,Cytation5,20260309-round1,2,Sample,2.996187423,0.0,2000.000003,1.950000051,1.799999951,10,12.469,49.0,72.5,50.0,0.0,0.0,2.0,2.0,1.0,1.0,1.0,0.02,2.0,0.3,3.5,0.0,deGFP,1.0,2026-03-09,ext,M,GFP-M-Gext,0.0015255231673922513
0 days 02:35:23,37.0,G11,14691,G,11,GFP-M-Gext,1,2026-03-09 15:06:39,Cytation5,20260309-round1,2,Sample,2.996187423,0.0,2000.000003,1.950000051,1.799999951,10,12.469,49.0,72.5,50.0,0.0,0.0,2.0,2.0,1.0,1.0,1.0,0.02,2.0,0.3,3.5,0.0,deGFP,1.0,2026-03-09,ext,M,GFP-M-Gext,0.0015459378390121794
0 days 02:40:23,37.0,G11,14532,G,11,GFP-M-Gext,1,2026-03-09 15:11:39,Cytation5,20260309-round1,2,Sample,2.996187423,0.0,2000.000003,1.950000051,1.799999951,10,12.469,49.0,72.5,50.0,0.0,0.0,2.0,2.0,1.0,1.0,1.0,0.02,2.0,0.3,3.5,0.0,deGFP,1.0,2026-03-09,ext,M,GFP-M-Gext,0.001529206226705125
0 days 02:45:23,37.0,G11,14467,G,11,GFP-M-Gext,1,2026-03-09 15:16:39,Cytation5,20260309-round1,2,Sample,2.996187423,0.0,2000.000003,1.950000051,1.799999951,10,12.469,49.0,72.5,50.0,0.0,0.0,2.0,2.0,1.0,1.0,1.0,0.02,2.0,0.3,3.5,0.0,deGFP,1.0,2026-03-09,ext,M,GFP-M-Gext,0.0015223662594097882
0 days 02:50:23,37.0,G11,14645,G,11,GFP-M-Gext,1,2026-03-09 15:21:39,Cytation5,20260309-round1,2,Sample,2.996187423,0.0,2000.000003,1.950000051,1.799999951,10,12.469,49.0,72.5,50.0,0.0,0.0,2.0,2.0,1.0,1.0,1.0,0.02,2.0,0.3,3.5,0.0,deGFP,1.0,2026-03-09,ext,M,GFP-M-Gext,0.0015410972467724026
0 days 02:55:23,37.0,G11,14630,G,11,GFP-M-Gext,1,2026-03-09 15:26:39,Cytation5,20260309-round1,2,Sample,2.996187423,0.0,2000.000003,1.950000051,1.799999951,10,12.469,49.0,72.5,50.0,0.0,0.0,2.0,2.0,1.0,1.0,1.0,0.02,2.0,0.3,3.5,0.0,deGFP,1.0,2026-03-09,ext,M,GFP-M-Gext,0.0015395187927811711
0 days 03:00:23,36.9,G11,14716,G,11,GFP-M-Gext,1,2026-03-09 15:31:39,Cytation5,20260309-round1,2,Sample,2.996187423,0.0,2000.000003,1.950000051,1.799999951,10,12.469,49.0,72.5,50.0,0.0,0.0,2.0,2.0,1.0,1.0,1.0,0.02,2.0,0.3,3.5,0.0,deGFP,1.0,2026-03-09,ext,M,GFP-M-Gext,0.0015485685956642319
0 days 03:05:23,37.0,G11,14591,G,11,GFP-M-Gext,1,2026-03-09 15:36:39,Cytation5,20260309-round1,2,Sample,2.996187423,0.0,2000.000003,1.950000051,1.799999951,10,12.469,49.0,72.5,50.0,0.0,0.0,2.0,2.0,1.0,1.0,1.0,0.02,2.0,0.3,3.5,0.0,deGFP,1.0,2026-03-09,ext,M,GFP-M-Gext,0.001535414812403969
0 days 03:10:23,37.0,G11,14673,G,11,GFP-M-Gext,1,2026-03-09 15:41:39,Cytation5,20260309-round1,2,Sample,2.996187423,0.0,2000.000003,1.950000051,1.799999951,10,12.469,49.0,72.5,50.0,0.0,0.0,2.0,2.0,1.0,1.0,1.0,0.02,2.0,0.3,3.5,0.0,deGFP,1.0,2026-03-09,ext,M,GFP-M-Gext,0.0015440436942227016
0 days 03:15:23,37.0,G11,14777,G,11,GFP-M-Gext,1,2026-03-09 15:46:39,Cytation5,20260309-round1,2,Sample,2.996187423,0.0,2000.000003,1.950000051,1.799999951,10,12.469,49.0,72.5,50.0,0.0,0.0,2.0,2.0,1.0,1.0,1.0,0.02,2.0,0.3,3.5,0.0,deGFP,1.0,2026-03-09,ext,M,GFP-M-Gext,0.0015549876418952402
0 days 03:20:23,37.0,G11,14766,G,11,GFP-M-Gext,1,2026-03-09 15:51:39,Cytation5,20260309-round1,2,Sample,2.996187423,0.0,2000.000003,1.950000051,1.799999951,10,12.469,49.0,72.5,50.0,0.0,0.0,2.0,2.0,1.0,1.0,1.0,0.02,2.0,0.3,3.5,0.0,deGFP,1.0,2026-03-09,ext,M,GFP-M-Gext,0.0015538301089683371
0 days 03:25:23,37.0,G11,14955,G,11,GFP-M-Gext,1,2026-03-09 15:56:39,Cytation5,20260309-round1,2,Sample,2.996187423,0.0,2000.000003,1.950000051,1.799999951,10,12.469,49.0,72.5,50.0,0.0,0.0,2.0,2.0,1.0,1.0,1.0,0.02,2.0,0.3,3.5,0.0,deGFP,1.0,2026-03-09,ext,M,GFP-M-Gext,0.0015737186292578546
0 days 03:30:23,37.0,G11,14892,G,11,GFP-M-Gext,1,2026-03-09 16:01:39,Cytation5,20260309-round1,2,Sample,2.996187423,0.0,2000.000003,1.950000051,1.799999951,10,12.469,49.0,72.5,50.0,0.0,0.0,2.0,2.0,1.0,1.0,1.0,0.02,2.0,0.3,3.5,0.0,deGFP,1.0,2026-03-09,ext,M,GFP-M-Gext,0.0015670891224946822
0 days 03:35:23,37.0,G11,14826,G,11,GFP-M-Gext,1,2026-03-09 16:06:39,Cytation5,20260309-round1,2,Sample,2.996187423,0.0,2000.000003,1.950000051,1.799999951,10,12.469,49.0,72.5,50.0,0.0,0.0,2.0,2.0,1.0,1.0,1.0,0.02,2.0,0.3,3.5,0.0,deGFP,1.0,2026-03-09,ext,M,GFP-M-Gext,0.0015601439249332634
0 days 03:40:23,37.1,G11,14950,G,11,GFP-M-Gext,1,2026-03-09 16:11:39,Cytation5,20260309-round1,2,Sample,2.996187423,0.0,2000.000003,1.950000051,1.799999951,10,12.469,49.0,72.5,50.0,0.0,0.0,2.0,2.0,1.0,1.0,1.0,0.02,2.0,0.3,3.5,0.0,deGFP,1.0,2026-03-09,ext,M,GFP-M-Gext,0.001573192477927444
0 days 03:45:23,37.0,G11,14810,G,11,GFP-M-Gext,1,2026-03-09 16:16:39,Cytation5,20260309-round1,2,Sample,2.996187423,0.0,2000.000003,1.950000051,1.799999951,10,12.469,49.0,72.5,50.0,0.0,0.0,2.0,2.0,1.0,1.0,1.0,0.02,2.0,0.3,3.5,0.0,deGFP,1.0,2026-03-09,ext,M,GFP-M-Gext,0.0015584602406759497
0 days 03:50:23,37.0,G11,15146,G,11,GFP-M-Gext,1,2026-03-09 16:21:39,Cytation5,20260309-round1,2,Sample,2.996187423,0.0,2000.000003,1.950000051,1.799999951,10,12.469,49.0,72.5,50.0,0.0,0.0,2.0,2.0,1.0,1.0,1.0,0.02,2.0,0.3,3.5,0.0,deGFP,1.0,2026-03-09,ext,M,GFP-M-Gext,0.0015938176100795363
0 days 03:55:23,37.0,G11,15102,G,11,GFP-M-Gext,1,2026-03-09 16:26:39,Cytation5,20260309-round1,2,Sample,2.996187423,0.0,2000.000003,1.950000051,1.799999951,10,12.469,49.0,72.5,50.0,0.0,0.0,2.0,2.0,1.0,1.0,1.0,0.02,2.0,0.3,3.5,0.0,deGFP,1.0,2026-03-09,ext,M,GFP-M-Gext,0.0015891874783719238
0 days 04:00:23,37.0,G11,15236,G,11,GFP-M-Gext,1,2026-03-09 16:31:39,Cytation5,20260309-round1,2,Sample,2.996187423,0.0,2000.000003,1.950000051,1.799999951,10,12.469,49.0,72.5,50.0,0.0,0.0,2.0,2.0,1.0,1.0,1.0,0.02,2.0,0.3,3.5,0.0,deGFP,1.0,2026-03-09,ext,M,GFP-M-Gext,0.0016032883340269257
0 days 04:05:23,37.1,G11,15078,G,11,GFP-M-Gext,1,2026-03-09 16:36:39,Cytation5,20260309-round1,2,Sample,2.996187423,0.0,2000.000003,1.950000051,1.799999951,10,12.469,49.0,72.5,50.0,0.0,0.0,2.0,2.0,1.0,1.0,1.0,0.02,2.0,0.3,3.5,0.0,deGFP,1.0,2026-03-09,ext,M,GFP-M-Gext,0.0015866619519859535
0 days 04:10:23,37.1,G11,15340,G,11,GFP-M-Gext,1,2026-03-09 16:41:39,Cytation5,20260309-round1,2,Sample,2.996187423,0.0,2000.000003,1.950000051,1.799999951,10,12.469,49.0,72.5,50.0,0.0,0.0,2.0,2.0,1.0,1.0,1.0,0.02,2.0,0.3,3.5,0.0,deGFP,1.0,2026-03-09,ext,M,GFP-M-Gext,0.0016142322816994645
0 days 04:15:23,37.0,G11,15140,G,11,GFP-M-Gext,1,2026-03-09 16:46:39,Cytation5,20260309-round1,2,Sample,2.996187423,0.0,2000.000003,1.950000051,1.799999951,10,12.469,49.0,72.5,50.0,0.0,0.0,2.0,2.0,1.0,1.0,1.0,0.02,2.0,0.3,3.5,0.0,deGFP,1.0,2026-03-09,ext,M,GFP-M-Gext,0.0015931862284830438
0 days 04:20:23,37.0,G11,15243,G,11,GFP-M-Gext,1,2026-03-09 16:51:39,Cytation5,20260309-round1,2,Sample,2.996187423,0.0,2000.000003,1.950000051,1.799999951,10,12.469,49.0,72.5,50.0,0.0,0.0,2.0,2.0,1.0,1.0,1.0,0.02,2.0,0.3,3.5,0.0,deGFP,1.0,2026-03-09,ext,M,GFP-M-Gext,0.0016040249458895003
0 days 04:25:23,37.0,G11,15363,G,11,GFP-M-Gext,1,2026-03-09 16:56:39,Cytation5,20260309-round1,2,Sample,2.996187423,0.0,2000.000003,1.950000051,1.799999951,10,12.469,49.0,72.5,50.0,0.0,0.0,2.0,2.0,1.0,1.0,1.0,0.02,2.0,0.3,3.5,0.0,deGFP,1.0,2026-03-09,ext,M,GFP-M-Gext,0.0016166525778193528
0 days 04:30:23,37.1,G11,15415,G,11,GFP-M-Gext,1,2026-03-09 17:01:39,Cytation5,20260309-round1,2,Sample,2.996187423,0.0,2000.000003,1.950000051,1.799999951,10,12.469,49.0,72.5,50.0,0.0,0.0,2.0,2.0,1.0,1.0,1.0,0.02,2.0,0.3,3.5,0.0,deGFP,1.0,2026-03-09,ext,M,GFP-M-Gext,0.0016221245516556222
0 days 04:35:23,37.0,G11,15357,G,11,GFP-M-Gext,1,2026-03-09 17:06:39,Cytation5,20260309-round1,2,Sample,2.996187423,0.0,2000.000003,1.950000051,1.799999951,10,12.469,49.0,72.5,50.0,0.0,0.0,2.0,2.0,1.0,1.0,1.0,0.02,2.0,0.3,3.5,0.0,deGFP,1.0,2026-03-09,ext,M,GFP-M-Gext,0.0016160211962228603
0 days 04:40:23,37.0,G11,15547,G,11,GFP-M-Gext,1,2026-03-09 17:11:39,Cytation5,20260309-round1,2,Sample,2.996187423,0.0,2000.000003,1.950000051,1.799999951,10,12.469,49.0,72.5,50.0,0.0,0.0,2.0,2.0,1.0,1.0,1.0,0.02,2.0,0.3,3.5,0.0,deGFP,1.0,2026-03-09,ext,M,GFP-M-Gext,0.0016360149467784598
0 days 04:45:23,37.0,G11,15466,G,11,GFP-M-Gext,1,2026-03-09 17:16:39,Cytation5,20260309-round1,2,Sample,2.996187423,0.0,2000.000003,1.950000051,1.799999951,10,12.469,49.0,72.5,50.0,0.0,0.0,2.0,2.0,1.0,1.0,1.0,0.02,2.0,0.3,3.5,0.0,deGFP,1.0,2026-03-09,ext,M,GFP-M-Gext,0.0016274912952258095
0 days 04:50:23,37.1,G11,15480,G,11,GFP-M-Gext,1,2026-03-09 17:21:39,Cytation5,20260309-round1,2,Sample,2.996187423,0.0,2000.000003,1.950000051,1.799999951,10,12.469,49.0,72.5,50.0,0.0,0.0,2.0,2.0,1.0,1.0,1.0,0.02,2.0,0.3,3.5,0.0,deGFP,1.0,2026-03-09,ext,M,GFP-M-Gext,0.001628964518950959
0 days 04:55:23,37.1,G11,15612,G,11,GFP-M-Gext,1,2026-03-09 17:26:39,Cytation5,20260309-round1,2,Sample,2.996187423,0.0,2000.000003,1.950000051,1.799999951,10,12.469,49.0,72.5,50.0,0.0,0.0,2.0,2.0,1.0,1.0,1.0,0.02,2.0,0.3,3.5,0.0,deGFP,1.0,2026-03-09,ext,M,GFP-M-Gext,0.0016428549140737965
0 days 05:00:23,37.1,G11,15790,G,11,GFP-M-Gext,1,2026-03-09 17:31:39,Cytation5,20260309-round1,2,Sample,2.996187423,0.0,2000.000003,1.950000051,1.799999951,10,12.469,49.0,72.5,50.0,0.0,0.0,2.0,2.0,1.0,1.0,1.0,0.02,2.0,0.3,3.5,0.0,deGFP,1.0,2026-03-09,ext,M,GFP-M-Gext,0.001661585901436411
0 days 05:05:23,37.0,G11,15606,G,11,GFP-M-Gext,1,2026-03-09 17:36:39,Cytation5,20260309-round1,2,Sample,2.996187423,0.0,2000.000003,1.950000051,1.799999951,10,12.469,49.0,72.5,50.0,0.0,0.0,2.0,2.0,1.0,1.0,1.0,0.02,2.0,0.3,3.5,0.0,deGFP,1.0,2026-03-09,ext,M,GFP-M-Gext,0.001642223532477304
0 days 05:10:23,37.0,G11,15755,G,11,GFP-M-Gext,1,2026-03-09 17:41:39,Cytation5,20260309-round1,2,Sample,2.996187423,0.0,2000.000003,1.950000051,1.799999951,10,12.469,49.0,72.5,50.0,0.0,0.0,2.0,2.0,1.0,1.0,1.0,0.02,2.0,0.3,3.5,0.0,deGFP,1.0,2026-03-09,ext,M,GFP-M-Gext,0.0016579028421235373
0 days 05:15:23,37.0,G11,15618,G,11,GFP-M-Gext,1,2026-03-09 17:46:39,Cytation5,20260309-round1,2,Sample,2.996187423,0.0,2000.000003,1.950000051,1.799999951,10,12.469,49.0,72.5,50.0,0.0,0.0,2.0,2.0,1.0,1.0,1.0,0.02,2.0,0.3,3.5,0.0,deGFP,1.0,2026-03-09,ext,M,GFP-M-Gext,0.001643486295670289
0 days 05:20:23,37.0,G11,15743,G,11,GFP-M-Gext,1,2026-03-09 17:51:39,Cytation5,20260309-round1,2,Sample,2.996187423,0.0,2000.000003,1.950000051,1.799999951,10,12.469,49.0,72.5,50.0,0.0,0.0,2.0,2.0,1.0,1.0,1.0,0.02,2.0,0.3,3.5,0.0,deGFP,1.0,2026-03-09,ext,M,GFP-M-Gext,0.001656640078930552
0 days 05:25:23,37.1,G11,15711,G,11,GFP-M-Gext,1,2026-03-09 17:56:39,Cytation5,20260309-round1,2,Sample,2.996187423,0.0,2000.000003,1.950000051,1.799999951,10,12.469,49.0,72.5,50.0,0.0,0.0,2.0,2.0,1.0,1.0,1.0,0.02,2.0,0.3,3.5,0.0,deGFP,1.0,2026-03-09,ext,M,GFP-M-Gext,0.0016532727104159248
0 days 05:30:23,37.1,G11,15821,G,11,GFP-M-Gext,1,2026-03-09 18:01:39,Cytation5,20260309-round1,2,Sample,2.996187423,0.0,2000.000003,1.950000051,1.799999951,10,12.469,49.0,72.5,50.0,0.0,0.0,2.0,2.0,1.0,1.0,1.0,0.02,2.0,0.3,3.5,0.0,deGFP,1.0,2026-03-09,ext,M,GFP-M-Gext,0.001664848039684956
0 days 05:35:23,37.1,G11,15896,G,11,GFP-M-Gext,1,2026-03-09 18:06:39,Cytation5,20260309-round1,2,Sample,2.996187423,0.0,2000.000003,1.950000051,1.799999951,10,12.469,49.0,72.5,50.0,0.0,0.0,2.0,2.0,1.0,1.0,1.0,0.02,2.0,0.3,3.5,0.0,deGFP,1.0,2026-03-09,ext,M,GFP-M-Gext,0.0016727403096411138
0 days 05:40:23,37.0,G11,16009,G,11,GFP-M-Gext,1,2026-03-09 18:11:39,Cytation5,20260309-round1,2,Sample,2.996187423,0.0,2000.000003,1.950000051,1.799999951,10,12.469,49.0,72.5,50.0,0.0,0.0,2.0,2.0,1.0,1.0,1.0,0.02,2.0,0.3,3.5,0.0,deGFP,1.0,2026-03-09,ext,M,GFP-M-Gext,0.0016846313297083915
0 days 05:45:23,37.0,G11,15916,G,11,GFP-M-Gext,1,2026-03-09 18:16:39,Cytation5,20260309-round1,2,Sample,2.996187423,0.0,2000.000003,1.950000051,1.799999951,10,12.469,49.0,72.5,50.0,0.0,0.0,2.0,2.0,1.0,1.0,1.0,0.02,2.0,0.3,3.5,0.0,deGFP,1.0,2026-03-09,ext,M,GFP-M-Gext,0.001674844914962756
0 days 05:50:23,37.0,G11,16083,G,11,GFP-M-Gext,1,2026-03-09 18:21:39,Cytation5,20260309-round1,2,Sample,2.996187423,0.0,2000.000003,1.950000051,1.799999951,10,12.469,49.0,72.5,50.0,0.0,0.0,2.0,2.0,1.0,1.0,1.0,0.02,2.0,0.3,3.5,0.0,deGFP,1.0,2026-03-09,ext,M,GFP-M-Gext,0.0016924183693984671
0 days 05:55:23,37.0,G11,16183,G,11,GFP-M-Gext,1,2026-03-09 18:26:39,Cytation5,20260309-round1,2,Sample,2.996187423,0.0,2000.000003,1.950000051,1.799999951,10,12.469,49.0,72.5,50.0,0.0,0.0,2.0,2.0,1.0,1.0,1.0,0.02,2.0,0.3,3.5,0.0,deGFP,1.0,2026-03-09,ext,M,GFP-M-Gext,0.0017029413960066775
0 days 06:00:23,37.1,G11,16190,G,11,GFP-M-Gext,1,2026-03-09 18:31:39,Cytation5,20260309-round1,2,Sample,2.996187423,0.0,2000.000003,1.950000051,1.799999951,10,12.469,49.0,72.5,50.0,0.0,0.0,2.0,2.0,1.0,1.0,1.0,0.02,2.0,0.3,3.5,0.0,deGFP,1.0,2026-03-09,ext,M,GFP-M-Gext,0.0017036780078692523
0 days 00:00:23,28.9,G12,366,G,12,GFP-M-Gext,1,2026-03-09 12:31:39,Cytation5,20260309-round1,3,Sample,2.996187423,0.0,2000.000003,1.950000051,1.799999951,10,14.969,20.0,140.0,50.0,0.0,0.0,2.0,2.0,1.0,1.0,1.0,0.02,2.0,0.3,3.5,0.0,deGFP,1.0,2026-03-09,ext,M,GFP-M-Gext,3.85142773860498e-05
0 days 00:05:23,34.5,G12,342,G,12,GFP-M-Gext,1,2026-03-09 12:36:39,Cytation5,20260309-round1,3,Sample,2.996187423,0.0,2000.000003,1.950000051,1.799999951,10,14.969,20.0,140.0,50.0,0.0,0.0,2.0,2.0,1.0,1.0,1.0,0.02,2.0,0.3,3.5,0.0,deGFP,1.0,2026-03-09,ext,M,GFP-M-Gext,3.5988751000079326e-05
0 days 00:10:23,37.0,G12,501,G,12,GFP-M-Gext,1,2026-03-09 12:41:39,Cytation5,20260309-round1,3,Sample,2.996187423,0.0,2000.000003,1.950000051,1.799999951,10,14.969,20.0,140.0,50.0,0.0,0.0,2.0,2.0,1.0,1.0,1.0,0.02,2.0,0.3,3.5,0.0,deGFP,1.0,2026-03-09,ext,M,GFP-M-Gext,5.272036330713375e-05
0 days 00:15:23,37.0,G12,2032,G,12,GFP-M-Gext,1,2026-03-09 12:46:39,Cytation5,20260309-round1,3,Sample,2.996187423,0.0,2000.000003,1.950000051,1.799999951,10,14.969,20.0,140.0,50.0,0.0,0.0,2.0,2.0,1.0,1.0,1.0,0.02,2.0,0.3,3.5,0.0,deGFP,1.0,2026-03-09,ext,M,GFP-M-Gext,0.00021382790067883388
0 days 00:20:23,37.0,G12,7159,G,12,GFP-M-Gext,1,2026-03-09 12:51:39,Cytation5,20260309-round1,3,Sample,2.996187423,0.0,2000.000003,1.950000051,1.799999951,10,14.969,20.0,140.0,50.0,0.0,0.0,2.0,2.0,1.0,1.0,1.0,0.02,2.0,0.3,3.5,0.0,deGFP,1.0,2026-03-09,ext,M,GFP-M-Gext,0.0007533434748817774
0 days 00:25:23,37.0,G12,16772,G,12,GFP-M-Gext,1,2026-03-09 12:56:39,Cytation5,20260309-round1,3,Sample,2.996187423,0.0,2000.000003,1.950000051,1.799999951,10,14.969,20.0,140.0,50.0,0.0,0.0,2.0,2.0,1.0,1.0,1.0,0.02,2.0,0.3,3.5,0.0,deGFP,1.0,2026-03-09,ext,M,GFP-M-Gext,0.0017649220227290362
0 days 00:30:23,37.0,G12,30111,G,12,GFP-M-Gext,1,2026-03-09 13:01:39,Cytation5,20260309-round1,3,Sample,2.996187423,0.0,2000.000003,1.950000051,1.799999951,10,14.969,20.0,140.0,50.0,0.0,0.0,2.0,2.0,1.0,1.0,1.0,0.02,2.0,0.3,3.5,0.0,deGFP,1.0,2026-03-09,ext,M,GFP-M-Gext,0.003168588541998212
0 days 00:35:23,37.0,G12,48670,G,12,GFP-M-Gext,1,2026-03-09 13:06:39,Cytation5,20260309-round1,3,Sample,2.996187423,0.0,2000.000003,1.950000051,1.799999951,10,14.969,20.0,140.0,50.0,0.0,0.0,2.0,2.0,1.0,1.0,1.0,0.02,2.0,0.3,3.5,0.0,deGFP,1.0,2026-03-09,ext,M,GFP-M-Gext,0.005121557050215967
0 days 00:40:23,37.0,G12,73232,G,12,GFP-M-Gext,1,2026-03-09 13:11:39,Cytation5,20260309-round1,3,Sample,2.996187423,0.0,2000.000003,1.950000051,1.799999951,10,14.969,20.0,140.0,50.0,0.0,0.0,2.0,2.0,1.0,1.0,1.0,0.02,2.0,0.3,3.5,0.0,deGFP,1.0,2026-03-09,ext,M,GFP-M-Gext,0.007706222845724588
0 days 00:45:23,37.1,G12,99979,G,12,GFP-M-Gext,1,2026-03-09 13:16:39,Cytation5,20260309-round1,3,Sample,2.996187423,0.0,2000.000003,1.950000051,1.799999951,10,14.969,20.0,140.0,50.0,0.0,0.0,2.0,2.0,1.0,1.0,1.0,0.02,2.0,0.3,3.5,0.0,deGFP,1.0,2026-03-09,ext,M,GFP-M-Gext,0.010520816772622605
0 days 00:50:23,37.0,G12,128560,G,12,GFP-M-Gext,1,2026-03-09 13:21:39,Cytation5,20260309-round1,3,Sample,2.996187423,0.0,2000.000003,1.950000051,1.799999951,10,14.969,20.0,140.0,50.0,0.0,0.0,2.0,2.0,1.0,1.0,1.0,0.02,2.0,0.3,3.5,0.0,deGFP,1.0,2026-03-09,ext,M,GFP-M-Gext,0.013528403007515198
0 days 00:55:23,37.0,G12,157604,G,12,GFP-M-Gext,1,2026-03-09 13:26:39,Cytation5,20260309-round1,3,Sample,2.996187423,0.0,2000.000003,1.950000051,1.799999951,10,14.969,20.0,140.0,50.0,0.0,0.0,2.0,2.0,1.0,1.0,1.0,0.02,2.0,0.3,3.5,0.0,deGFP,1.0,2026-03-09,ext,M,GFP-M-Gext,0.016584710855603806
0 days 01:00:23,37.0,G12,184959,G,12,GFP-M-Gext,1,2026-03-09 13:31:39,Cytation5,20260309-round1,3,Sample,2.996187423,0.0,2000.000003,1.950000051,1.799999951,10,14.969,20.0,140.0,50.0,0.0,0.0,2.0,2.0,1.0,1.0,1.0,0.02,2.0,0.3,3.5,0.0,deGFP,1.0,2026-03-09,ext,M,GFP-M-Gext,0.019463284784279743
0 days 01:05:23,37.0,G12,212929,G,12,GFP-M-Gext,1,2026-03-09 13:36:39,Cytation5,20260309-round1,3,Sample,2.996187423,0.0,2000.000003,1.950000051,1.799999951,10,14.969,20.0,140.0,50.0,0.0,0.0,2.0,2.0,1.0,1.0,1.0,0.02,2.0,0.3,3.5,0.0,deGFP,1.0,2026-03-09,ext,M,GFP-M-Gext,0.022406575326596172
0 days 01:10:23,37.0,G12,240648,G,12,GFP-M-Gext,1,2026-03-09 13:41:39,Cytation5,20260309-round1,3,Sample,2.996187423,0.0,2000.000003,1.950000051,1.799999951,10,14.969,20.0,140.0,50.0,0.0,0.0,2.0,2.0,1.0,1.0,1.0,0.02,2.0,0.3,3.5,0.0,deGFP,1.0,2026-03-09,ext,M,GFP-M-Gext,0.025323453072125992
0 days 01:15:23,37.1,G12,266884,G,12,GFP-M-Gext,1,2026-03-09 13:46:39,Cytation5,20260309-round1,3,Sample,2.996187423,0.0,2000.000003,1.950000051,1.799999951,10,14.969,20.0,140.0,50.0,0.0,0.0,2.0,2.0,1.0,1.0,1.0,0.02,2.0,0.3,3.5,0.0,deGFP,1.0,2026-03-09,ext,M,GFP-M-Gext,0.028084274333056054
0 days 01:20:23,37.0,G12,290000,G,12,GFP-M-Gext,1,2026-03-09 13:51:39,Cytation5,20260309-round1,3,Sample,2.996187423,0.0,2000.000003,1.950000051,1.799999951,10,14.969,20.0,140.0,50.0,0.0,0.0,2.0,2.0,1.0,1.0,1.0,0.02,2.0,0.3,3.5,0.0,deGFP,1.0,2026-03-09,ext,M,GFP-M-Gext,0.030516777163809954
0 days 01:25:23,37.0,G12,310363,G,12,GFP-M-Gext,1,2026-03-09 13:56:39,Cytation5,20260309-round1,3,Sample,2.996187423,0.0,2000.000003,1.950000051,1.799999951,10,14.969,20.0,140.0,50.0,0.0,0.0,2.0,2.0,1.0,1.0,1.0,0.02,2.0,0.3,3.5,0.0,deGFP,1.0,2026-03-09,ext,M,GFP-M-Gext,0.032659581072039826
0 days 01:30:23,37.0,G12,326527,G,12,GFP-M-Gext,1,2026-03-09 14:01:39,Cytation5,20260309-round1,3,Sample,2.996187423,0.0,2000.000003,1.950000051,1.799999951,10,14.969,20.0,140.0,50.0,0.0,0.0,2.0,2.0,1.0,1.0,1.0,0.02,2.0,0.3,3.5,0.0,deGFP,1.0,2026-03-09,ext,M,GFP-M-Gext,0.03436052309299094
0 days 01:35:23,37.0,G12,340577,G,12,GFP-M-Gext,1,2026-03-09 14:06:39,Cytation5,20260309-round1,3,Sample,2.996187423,0.0,2000.000003,1.950000051,1.799999951,10,14.969,20.0,140.0,50.0,0.0,0.0,2.0,2.0,1.0,1.0,1.0,0.02,2.0,0.3,3.5,0.0,deGFP,1.0,2026-03-09,ext,M,GFP-M-Gext,0.03583900833144449
0 days 01:40:23,37.0,G12,353340,G,12,GFP-M-Gext,1,2026-03-09 14:11:39,Cytation5,20260309-round1,3,Sample,2.996187423,0.0,2000.000003,1.950000051,1.799999951,10,14.969,20.0,140.0,50.0,0.0,0.0,2.0,2.0,1.0,1.0,1.0,0.02,2.0,0.3,3.5,0.0,deGFP,1.0,2026-03-09,ext,M,GFP-M-Gext,0.03718206221745037
0 days 01:45:23,37.0,G12,362230,G,12,GFP-M-Gext,1,2026-03-09 14:16:39,Cytation5,20260309-round1,3,Sample,2.996187423,0.0,2000.000003,1.950000051,1.799999951,10,14.969,20.0,140.0,50.0,0.0,0.0,2.0,2.0,1.0,1.0,1.0,0.02,2.0,0.3,3.5,0.0,deGFP,1.0,2026-03-09,ext,M,GFP-M-Gext,0.03811755928292027
0 days 01:50:23,37.0,G12,401802,G,12,GFP-M-Gext,1,2026-03-09 14:21:39,Cytation5,20260309-round1,3,Sample,2.996187423,0.0,2000.000003,1.950000051,1.799999951,10,14.969,20.0,140.0,50.0,0.0,0.0,2.0,2.0,1.0,1.0,1.0,0.02,2.0,0.3,3.5,0.0,deGFP,1.0,2026-03-09,ext,M,GFP-M-Gext,0.04228173137232127
0 days 01:55:23,37.1,G12,405607,G,12,GFP-M-Gext,1,2026-03-09 14:26:39,Cytation5,20260309-round1,3,Sample,2.996187423,0.0,2000.000003,1.950000051,1.799999951,10,14.969,20.0,140.0,50.0,0.0,0.0,2.0,2.0,1.0,1.0,1.0,0.02,2.0,0.3,3.5,0.0,deGFP,1.0,2026-03-09,ext,M,GFP-M-Gext,0.04268213253476367
0 days 02:00:23,37.0,G12,414895,G,12,GFP-M-Gext,1,2026-03-09 14:31:39,Cytation5,20260309-round1,3,Sample,2.996187423,0.0,2000.000003,1.950000051,1.799999951,10,14.969,20.0,140.0,50.0,0.0,0.0,2.0,2.0,1.0,1.0,1.0,0.02,2.0,0.3,3.5,0.0,deGFP,1.0,2026-03-09,ext,M,GFP-M-Gext,0.04365951124613424
0 days 02:05:23,37.0,G12,421969,G,12,GFP-M-Gext,1,2026-03-09 14:36:39,Cytation5,20260309-round1,3,Sample,2.996187423,0.0,2000.000003,1.950000051,1.799999951,10,14.969,20.0,140.0,50.0,0.0,0.0,2.0,2.0,1.0,1.0,1.0,0.02,2.0,0.3,3.5,0.0,deGFP,1.0,2026-03-09,ext,M,GFP-M-Gext,0.04440391014839904
0 days 02:10:23,37.1,G12,423826,G,12,GFP-M-Gext,1,2026-03-09 14:41:39,Cytation5,20260309-round1,3,Sample,2.996187423,0.0,2000.000003,1.950000051,1.799999951,10,14.969,20.0,140.0,50.0,0.0,0.0,2.0,2.0,1.0,1.0,1.0,0.02,2.0,0.3,3.5,0.0,deGFP,1.0,2026-03-09,ext,M,GFP-M-Gext,0.04459932275251351
0 days 02:15:23,37.1,G12,433645,G,12,GFP-M-Gext,1,2026-03-09 14:46:39,Cytation5,20260309-round1,3,Sample,2.996187423,0.0,2000.000003,1.950000051,1.799999951,10,14.969,20.0,140.0,50.0,0.0,0.0,2.0,2.0,1.0,1.0,1.0,0.02,2.0,0.3,3.5,0.0,deGFP,1.0,2026-03-09,ext,M,GFP-M-Gext,0.04563257873517368
0 days 02:20:23,37.0,G12,432772,G,12,GFP-M-Gext,1,2026-03-09 14:51:39,Cytation5,20260309-round1,3,Sample,2.996187423,0.0,2000.000003,1.950000051,1.799999951,10,14.969,20.0,140.0,50.0,0.0,0.0,2.0,2.0,1.0,1.0,1.0,0.02,2.0,0.3,3.5,0.0,deGFP,1.0,2026-03-09,ext,M,GFP-M-Gext,0.045540712712884006
0 days 02:25:23,37.0,G12,433781,G,12,GFP-M-Gext,1,2026-03-09 14:56:39,Cytation5,20260309-round1,3,Sample,2.996187423,0.0,2000.000003,1.950000051,1.799999951,10,14.969,20.0,140.0,50.0,0.0,0.0,2.0,2.0,1.0,1.0,1.0,0.02,2.0,0.3,3.5,0.0,deGFP,1.0,2026-03-09,ext,M,GFP-M-Gext,0.04564689005136085
0 days 02:30:23,37.0,G12,436061,G,12,GFP-M-Gext,1,2026-03-09 15:01:39,Cytation5,20260309-round1,3,Sample,2.996187423,0.0,2000.000003,1.950000051,1.799999951,10,14.969,20.0,140.0,50.0,0.0,0.0,2.0,2.0,1.0,1.0,1.0,0.02,2.0,0.3,3.5,0.0,deGFP,1.0,2026-03-09,ext,M,GFP-M-Gext,0.04588681505802804
0 days 02:35:23,37.0,G12,440409,G,12,GFP-M-Gext,1,2026-03-09 15:06:39,Cytation5,20260309-round1,3,Sample,2.996187423,0.0,2000.000003,1.950000051,1.799999951,10,14.969,20.0,140.0,50.0,0.0,0.0,2.0,2.0,1.0,1.0,1.0,0.02,2.0,0.3,3.5,0.0,deGFP,1.0,2026-03-09,ext,M,GFP-M-Gext,0.04634435625495303
0 days 02:40:23,37.0,G12,438950,G,12,GFP-M-Gext,1,2026-03-09 15:11:39,Cytation5,20260309-round1,3,Sample,2.996187423,0.0,2000.000003,1.950000051,1.799999951,10,14.969,20.0,140.0,50.0,0.0,0.0,2.0,2.0,1.0,1.0,1.0,0.02,2.0,0.3,3.5,0.0,deGFP,1.0,2026-03-09,ext,M,GFP-M-Gext,0.046190825296739235
0 days 02:45:23,37.0,G12,441994,G,12,GFP-M-Gext,1,2026-03-09 15:16:39,Cytation5,20260309-round1,3,Sample,2.996187423,0.0,2000.000003,1.950000051,1.799999951,10,14.969,20.0,140.0,50.0,0.0,0.0,2.0,2.0,1.0,1.0,1.0,0.02,2.0,0.3,3.5,0.0,deGFP,1.0,2026-03-09,ext,M,GFP-M-Gext,0.04651114622669316
0 days 02:50:23,37.0,G12,441372,G,12,GFP-M-Gext,1,2026-03-09 15:21:39,Cytation5,20260309-round1,3,Sample,2.996187423,0.0,2000.000003,1.950000051,1.799999951,10,14.969,20.0,140.0,50.0,0.0,0.0,2.0,2.0,1.0,1.0,1.0,0.02,2.0,0.3,3.5,0.0,deGFP,1.0,2026-03-09,ext,M,GFP-M-Gext,0.04644569300119009
0 days 02:55:23,37.0,G12,440862,G,12,GFP-M-Gext,1,2026-03-09 15:26:39,Cytation5,20260309-round1,3,Sample,2.996187423,0.0,2000.000003,1.950000051,1.799999951,10,14.969,20.0,140.0,50.0,0.0,0.0,2.0,2.0,1.0,1.0,1.0,0.02,2.0,0.3,3.5,0.0,deGFP,1.0,2026-03-09,ext,M,GFP-M-Gext,0.04639202556548822
0 days 03:00:23,36.9,G12,441933,G,12,GFP-M-Gext,1,2026-03-09 15:31:39,Cytation5,20260309-round1,3,Sample,2.996187423,0.0,2000.000003,1.950000051,1.799999951,10,14.969,20.0,140.0,50.0,0.0,0.0,2.0,2.0,1.0,1.0,1.0,0.02,2.0,0.3,3.5,0.0,deGFP,1.0,2026-03-09,ext,M,GFP-M-Gext,0.046504727180462155
0 days 03:05:23,37.0,G12,441822,G,12,GFP-M-Gext,1,2026-03-09 15:36:39,Cytation5,20260309-round1,3,Sample,2.996187423,0.0,2000.000003,1.950000051,1.799999951,10,14.969,20.0,140.0,50.0,0.0,0.0,2.0,2.0,1.0,1.0,1.0,0.02,2.0,0.3,3.5,0.0,deGFP,1.0,2026-03-09,ext,M,GFP-M-Gext,0.046493046620927035
0 days 03:10:23,37.0,G12,443484,G,12,GFP-M-Gext,1,2026-03-09 15:41:39,Cytation5,20260309-round1,3,Sample,2.996187423,0.0,2000.000003,1.950000051,1.799999951,10,14.969,20.0,140.0,50.0,0.0,0.0,2.0,2.0,1.0,1.0,1.0,0.02,2.0,0.3,3.5,0.0,deGFP,1.0,2026-03-09,ext,M,GFP-M-Gext,0.046667939323155494
0 days 03:15:23,37.0,G12,442171,G,12,GFP-M-Gext,1,2026-03-09 15:46:39,Cytation5,20260309-round1,3,Sample,2.996187423,0.0,2000.000003,1.950000051,1.799999951,10,14.969,20.0,140.0,50.0,0.0,0.0,2.0,2.0,1.0,1.0,1.0,0.02,2.0,0.3,3.5,0.0,deGFP,1.0,2026-03-09,ext,M,GFP-M-Gext,0.04652977198378969
0 days 03:20:23,37.0,G12,445681,G,12,GFP-M-Gext,1,2026-03-09 15:51:39,Cytation5,20260309-round1,3,Sample,2.996187423,0.0,2000.000003,1.950000051,1.799999951,10,14.969,20.0,140.0,50.0,0.0,0.0,2.0,2.0,1.0,1.0,1.0,0.02,2.0,0.3,3.5,0.0,deGFP,1.0,2026-03-09,ext,M,GFP-M-Gext,0.046899130217737874
0 days 03:25:23,37.0,G12,441019,G,12,GFP-M-Gext,1,2026-03-09 15:56:39,Cytation5,20260309-round1,3,Sample,2.996187423,0.0,2000.000003,1.950000051,1.799999951,10,14.969,20.0,140.0,50.0,0.0,0.0,2.0,2.0,1.0,1.0,1.0,0.02,2.0,0.3,3.5,0.0,deGFP,1.0,2026-03-09,ext,M,GFP-M-Gext,0.04640854671726311
0 days 03:30:23,37.0,G12,443082,G,12,GFP-M-Gext,1,2026-03-09 16:01:39,Cytation5,20260309-round1,3,Sample,2.996187423,0.0,2000.000003,1.950000051,1.799999951,10,14.969,20.0,140.0,50.0,0.0,0.0,2.0,2.0,1.0,1.0,1.0,0.02,2.0,0.3,3.5,0.0,deGFP,1.0,2026-03-09,ext,M,GFP-M-Gext,0.04662563675619049
0 days 03:35:23,37.0,G12,442066,G,12,GFP-M-Gext,1,2026-03-09 16:06:39,Cytation5,20260309-round1,3,Sample,2.996187423,0.0,2000.000003,1.950000051,1.799999951,10,14.969,20.0,140.0,50.0,0.0,0.0,2.0,2.0,1.0,1.0,1.0,0.02,2.0,0.3,3.5,0.0,deGFP,1.0,2026-03-09,ext,M,GFP-M-Gext,0.04651872280585107
0 days 03:40:23,37.1,G12,443309,G,12,GFP-M-Gext,1,2026-03-09 16:11:39,Cytation5,20260309-round1,3,Sample,2.996187423,0.0,2000.000003,1.950000051,1.799999951,10,14.969,20.0,140.0,50.0,0.0,0.0,2.0,2.0,1.0,1.0,1.0,0.02,2.0,0.3,3.5,0.0,deGFP,1.0,2026-03-09,ext,M,GFP-M-Gext,0.04664952402659112
0 days 03:45:23,37.0,G12,442016,G,12,GFP-M-Gext,1,2026-03-09 16:16:39,Cytation5,20260309-round1,3,Sample,2.996187423,0.0,2000.000003,1.950000051,1.799999951,10,14.969,20.0,140.0,50.0,0.0,0.0,2.0,2.0,1.0,1.0,1.0,0.02,2.0,0.3,3.5,0.0,deGFP,1.0,2026-03-09,ext,M,GFP-M-Gext,0.046513461292546965
0 days 03:50:23,37.0,G12,439986,G,12,GFP-M-Gext,1,2026-03-09 16:21:39,Cytation5,20260309-round1,3,Sample,2.996187423,0.0,2000.000003,1.950000051,1.799999951,10,14.969,20.0,140.0,50.0,0.0,0.0,2.0,2.0,1.0,1.0,1.0,0.02,2.0,0.3,3.5,0.0,deGFP,1.0,2026-03-09,ext,M,GFP-M-Gext,0.046299843852400296
0 days 03:55:23,37.0,G12,437920,G,12,GFP-M-Gext,1,2026-03-09 16:26:39,Cytation5,20260309-round1,3,Sample,2.996187423,0.0,2000.000003,1.950000051,1.799999951,10,14.969,20.0,140.0,50.0,0.0,0.0,2.0,2.0,1.0,1.0,1.0,0.02,2.0,0.3,3.5,0.0,deGFP,1.0,2026-03-09,ext,M,GFP-M-Gext,0.04608243812267467
0 days 04:00:23,37.0,G12,439944,G,12,GFP-M-Gext,1,2026-03-09 16:31:39,Cytation5,20260309-round1,3,Sample,2.996187423,0.0,2000.000003,1.950000051,1.799999951,10,14.969,20.0,140.0,50.0,0.0,0.0,2.0,2.0,1.0,1.0,1.0,0.02,2.0,0.3,3.5,0.0,deGFP,1.0,2026-03-09,ext,M,GFP-M-Gext,0.04629542418122485
0 days 04:05:23,37.1,G12,439991,G,12,GFP-M-Gext,1,2026-03-09 16:36:39,Cytation5,20260309-round1,3,Sample,2.996187423,0.0,2000.000003,1.950000051,1.799999951,10,14.969,20.0,140.0,50.0,0.0,0.0,2.0,2.0,1.0,1.0,1.0,0.02,2.0,0.3,3.5,0.0,deGFP,1.0,2026-03-09,ext,M,GFP-M-Gext,0.04630037000373071
0 days 04:10:23,37.1,G12,440409,G,12,GFP-M-Gext,1,2026-03-09 16:41:39,Cytation5,20260309-round1,3,Sample,2.996187423,0.0,2000.000003,1.950000051,1.799999951,10,14.969,20.0,140.0,50.0,0.0,0.0,2.0,2.0,1.0,1.0,1.0,0.02,2.0,0.3,3.5,0.0,deGFP,1.0,2026-03-09,ext,M,GFP-M-Gext,0.04634435625495303
0 days 04:15:23,37.0,G12,440528,G,12,GFP-M-Gext,1,2026-03-09 16:46:39,Cytation5,20260309-round1,3,Sample,2.996187423,0.0,2000.000003,1.950000051,1.799999951,10,14.969,20.0,140.0,50.0,0.0,0.0,2.0,2.0,1.0,1.0,1.0,0.02,2.0,0.3,3.5,0.0,deGFP,1.0,2026-03-09,ext,M,GFP-M-Gext,0.0463568786566168
0 days 04:20:23,37.0,G12,440221,G,12,GFP-M-Gext,1,2026-03-09 16:51:39,Cytation5,20260309-round1,3,Sample,2.996187423,0.0,2000.000003,1.950000051,1.799999951,10,14.969,20.0,140.0,50.0,0.0,0.0,2.0,2.0,1.0,1.0,1.0,0.02,2.0,0.3,3.5,0.0,deGFP,1.0,2026-03-09,ext,M,GFP-M-Gext,0.04632457296492959
0 days 04:25:23,37.0,G12,438942,G,12,GFP-M-Gext,1,2026-03-09 16:56:39,Cytation5,20260309-round1,3,Sample,2.996187423,0.0,2000.000003,1.950000051,1.799999951,10,14.969,20.0,140.0,50.0,0.0,0.0,2.0,2.0,1.0,1.0,1.0,0.02,2.0,0.3,3.5,0.0,deGFP,1.0,2026-03-09,ext,M,GFP-M-Gext,0.04618998345461058
0 days 04:30:23,37.1,G12,439696,G,12,GFP-M-Gext,1,2026-03-09 17:01:39,Cytation5,20260309-round1,3,Sample,2.996187423,0.0,2000.000003,1.950000051,1.799999951,10,14.969,20.0,140.0,50.0,0.0,0.0,2.0,2.0,1.0,1.0,1.0,0.02,2.0,0.3,3.5,0.0,deGFP,1.0,2026-03-09,ext,M,GFP-M-Gext,0.04626932707523649
0 days 04:35:23,37.0,G12,440105,G,12,GFP-M-Gext,1,2026-03-09 17:06:39,Cytation5,20260309-round1,3,Sample,2.996187423,0.0,2000.000003,1.950000051,1.799999951,10,14.969,20.0,140.0,50.0,0.0,0.0,2.0,2.0,1.0,1.0,1.0,0.02,2.0,0.3,3.5,0.0,deGFP,1.0,2026-03-09,ext,M,GFP-M-Gext,0.04631236625406407
0 days 04:40:23,37.0,G12,438180,G,12,GFP-M-Gext,1,2026-03-09 17:11:39,Cytation5,20260309-round1,3,Sample,2.996187423,0.0,2000.000003,1.950000051,1.799999951,10,14.969,20.0,140.0,50.0,0.0,0.0,2.0,2.0,1.0,1.0,1.0,0.02,2.0,0.3,3.5,0.0,deGFP,1.0,2026-03-09,ext,M,GFP-M-Gext,0.046109797991856015
0 days 04:45:23,37.0,G12,438863,G,12,GFP-M-Gext,1,2026-03-09 17:16:39,Cytation5,20260309-round1,3,Sample,2.996187423,0.0,2000.000003,1.950000051,1.799999951,10,14.969,20.0,140.0,50.0,0.0,0.0,2.0,2.0,1.0,1.0,1.0,0.02,2.0,0.3,3.5,0.0,deGFP,1.0,2026-03-09,ext,M,GFP-M-Gext,0.046181670263590095
0 days 04:50:23,37.1,G12,438824,G,12,GFP-M-Gext,1,2026-03-09 17:21:39,Cytation5,20260309-round1,3,Sample,2.996187423,0.0,2000.000003,1.950000051,1.799999951,10,14.969,20.0,140.0,50.0,0.0,0.0,2.0,2.0,1.0,1.0,1.0,0.02,2.0,0.3,3.5,0.0,deGFP,1.0,2026-03-09,ext,M,GFP-M-Gext,0.046177566283212894
0 days 04:55:23,37.1,G12,439747,G,12,GFP-M-Gext,1,2026-03-09 17:26:39,Cytation5,20260309-round1,3,Sample,2.996187423,0.0,2000.000003,1.950000051,1.799999951,10,14.969,20.0,140.0,50.0,0.0,0.0,2.0,2.0,1.0,1.0,1.0,0.02,2.0,0.3,3.5,0.0,deGFP,1.0,2026-03-09,ext,M,GFP-M-Gext,0.046274693818806674
0 days 05:00:23,37.1,G12,434959,G,12,GFP-M-Gext,1,2026-03-09 17:31:39,Cytation5,20260309-round1,3,Sample,2.996187423,0.0,2000.000003,1.950000051,1.799999951,10,14.969,20.0,140.0,50.0,0.0,0.0,2.0,2.0,1.0,1.0,1.0,0.02,2.0,0.3,3.5,0.0,deGFP,1.0,2026-03-09,ext,M,GFP-M-Gext,0.045770851304805564
0 days 05:05:23,37.0,G12,438905,G,12,GFP-M-Gext,1,2026-03-09 17:36:39,Cytation5,20260309-round1,3,Sample,2.996187423,0.0,2000.000003,1.950000051,1.799999951,10,14.969,20.0,140.0,50.0,0.0,0.0,2.0,2.0,1.0,1.0,1.0,0.02,2.0,0.3,3.5,0.0,deGFP,1.0,2026-03-09,ext,M,GFP-M-Gext,0.04618608993476554
0 days 05:10:23,37.0,G12,435826,G,12,GFP-M-Gext,1,2026-03-09 17:41:39,Cytation5,20260309-round1,3,Sample,2.996187423,0.0,2000.000003,1.950000051,1.799999951,10,14.969,20.0,140.0,50.0,0.0,0.0,2.0,2.0,1.0,1.0,1.0,0.02,2.0,0.3,3.5,0.0,deGFP,1.0,2026-03-09,ext,M,GFP-M-Gext,0.045862085945498746
0 days 05:15:23,37.0,G12,437719,G,12,GFP-M-Gext,1,2026-03-09 17:46:39,Cytation5,20260309-round1,3,Sample,2.996187423,0.0,2000.000003,1.950000051,1.799999951,10,14.969,20.0,140.0,50.0,0.0,0.0,2.0,2.0,1.0,1.0,1.0,0.02,2.0,0.3,3.5,0.0,deGFP,1.0,2026-03-09,ext,M,GFP-M-Gext,0.04606128683919217
0 days 05:20:23,37.0,G12,437328,G,12,GFP-M-Gext,1,2026-03-09 17:51:39,Cytation5,20260309-round1,3,Sample,2.996187423,0.0,2000.000003,1.950000051,1.799999951,10,14.969,20.0,140.0,50.0,0.0,0.0,2.0,2.0,1.0,1.0,1.0,0.02,2.0,0.3,3.5,0.0,deGFP,1.0,2026-03-09,ext,M,GFP-M-Gext,0.04602014180515407
0 days 05:25:23,37.1,G12,439409,G,12,GFP-M-Gext,1,2026-03-09 17:56:39,Cytation5,20260309-round1,3,Sample,2.996187423,0.0,2000.000003,1.950000051,1.799999951,10,14.969,20.0,140.0,50.0,0.0,0.0,2.0,2.0,1.0,1.0,1.0,0.02,2.0,0.3,3.5,0.0,deGFP,1.0,2026-03-09,ext,M,GFP-M-Gext,0.04623912598887092
0 days 05:30:23,37.1,G12,434461,G,12,GFP-M-Gext,1,2026-03-09 18:01:39,Cytation5,20260309-round1,3,Sample,2.996187423,0.0,2000.000003,1.950000051,1.799999951,10,14.969,20.0,140.0,50.0,0.0,0.0,2.0,2.0,1.0,1.0,1.0,0.02,2.0,0.3,3.5,0.0,deGFP,1.0,2026-03-09,ext,M,GFP-M-Gext,0.045718446632296676
0 days 05:35:23,37.1,G12,437997,G,12,GFP-M-Gext,1,2026-03-09 18:06:39,Cytation5,20260309-round1,3,Sample,2.996187423,0.0,2000.000003,1.950000051,1.799999951,10,14.969,20.0,140.0,50.0,0.0,0.0,2.0,2.0,1.0,1.0,1.0,0.02,2.0,0.3,3.5,0.0,deGFP,1.0,2026-03-09,ext,M,GFP-M-Gext,0.04609054085316299
0 days 05:40:23,37.0,G12,437642,G,12,GFP-M-Gext,1,2026-03-09 18:11:39,Cytation5,20260309-round1,3,Sample,2.996187423,0.0,2000.000003,1.950000051,1.799999951,10,14.969,20.0,140.0,50.0,0.0,0.0,2.0,2.0,1.0,1.0,1.0,0.02,2.0,0.3,3.5,0.0,deGFP,1.0,2026-03-09,ext,M,GFP-M-Gext,0.04605318410870385
0 days 05:45:23,37.0,G12,437124,G,12,GFP-M-Gext,1,2026-03-09 18:16:39,Cytation5,20260309-round1,3,Sample,2.996187423,0.0,2000.000003,1.950000051,1.799999951,10,14.969,20.0,140.0,50.0,0.0,0.0,2.0,2.0,1.0,1.0,1.0,0.02,2.0,0.3,3.5,0.0,deGFP,1.0,2026-03-09,ext,M,GFP-M-Gext,0.04599867483087332
0 days 05:50:23,37.0,G12,436088,G,12,GFP-M-Gext,1,2026-03-09 18:21:39,Cytation5,20260309-round1,3,Sample,2.996187423,0.0,2000.000003,1.950000051,1.799999951,10,14.969,20.0,140.0,50.0,0.0,0.0,2.0,2.0,1.0,1.0,1.0,0.02,2.0,0.3,3.5,0.0,deGFP,1.0,2026-03-09,ext,M,GFP-M-Gext,0.04588965627521226
0 days 05:55:23,37.0,G12,437545,G,12,GFP-M-Gext,1,2026-03-09 18:26:39,Cytation5,20260309-round1,3,Sample,2.996187423,0.0,2000.000003,1.950000051,1.799999951,10,14.969,20.0,140.0,50.0,0.0,0.0,2.0,2.0,1.0,1.0,1.0,0.02,2.0,0.3,3.5,0.0,deGFP,1.0,2026-03-09,ext,M,GFP-M-Gext,0.04604297677289388
0 days 06:00:23,37.1,G12,438347,G,12,GFP-M-Gext,1,2026-03-09 18:31:39,Cytation5,20260309-round1,3,Sample,2.996187423,0.0,2000.000003,1.950000051,1.799999951,10,14.969,20.0,140.0,50.0,0.0,0.0,2.0,2.0,1.0,1.0,1.0,0.02,2.0,0.3,3.5,0.0,deGFP,1.0,2026-03-09,ext,M,GFP-M-Gext,0.046127371446291726
0 days 00:00:23,28.9,G13,304,G,13,GFP-M-Gext,1,2026-03-09 12:31:39,Cytation5,20260309-round1,8,Sample,1.00000002,0.0,2000.000003,1.555191326,1.799999951,10,17.469,100.0,175.0,50.0,0.0,0.0,2.0,2.0,1.0,1.0,1.0,0.02,2.0,0.3,3.5,0.0,deGFP,1.0,2026-03-09,ext,M,GFP-M-Gext,3.19900008889594e-05
0 days 00:05:23,34.5,G13,289,G,13,GFP-M-Gext,1,2026-03-09 12:36:39,Cytation5,20260309-round1,8,Sample,1.00000002,0.0,2000.000003,1.555191326,1.799999951,10,17.469,100.0,175.0,50.0,0.0,0.0,2.0,2.0,1.0,1.0,1.0,0.02,2.0,0.3,3.5,0.0,deGFP,1.0,2026-03-09,ext,M,GFP-M-Gext,3.041154689772785e-05
0 days 00:10:23,37.0,G13,259,G,13,GFP-M-Gext,1,2026-03-09 12:41:39,Cytation5,20260309-round1,8,Sample,1.00000002,0.0,2000.000003,1.555191326,1.799999951,10,17.469,100.0,175.0,50.0,0.0,0.0,2.0,2.0,1.0,1.0,1.0,0.02,2.0,0.3,3.5,0.0,deGFP,1.0,2026-03-09,ext,M,GFP-M-Gext,2.725463891526475e-05
0 days 00:15:23,37.0,G13,252,G,13,GFP-M-Gext,1,2026-03-09 12:46:39,Cytation5,20260309-round1,8,Sample,1.00000002,0.0,2000.000003,1.555191326,1.799999951,10,17.469,100.0,175.0,50.0,0.0,0.0,2.0,2.0,1.0,1.0,1.0,0.02,2.0,0.3,3.5,0.0,deGFP,1.0,2026-03-09,ext,M,GFP-M-Gext,2.651802705269003e-05
0 days 00:20:23,37.0,G13,252,G,13,GFP-M-Gext,1,2026-03-09 12:51:39,Cytation5,20260309-round1,8,Sample,1.00000002,0.0,2000.000003,1.555191326,1.799999951,10,17.469,100.0,175.0,50.0,0.0,0.0,2.0,2.0,1.0,1.0,1.0,0.02,2.0,0.3,3.5,0.0,deGFP,1.0,2026-03-09,ext,M,GFP-M-Gext,2.651802705269003e-05
0 days 00:25:23,37.0,G13,246,G,13,GFP-M-Gext,1,2026-03-09 12:56:39,Cytation5,20260309-round1,8,Sample,1.00000002,0.0,2000.000003,1.555191326,1.799999951,10,17.469,100.0,175.0,50.0,0.0,0.0,2.0,2.0,1.0,1.0,1.0,0.02,2.0,0.3,3.5,0.0,deGFP,1.0,2026-03-09,ext,M,GFP-M-Gext,2.5886645456197407e-05
0 days 00:30:23,37.0,G13,242,G,13,GFP-M-Gext,1,2026-03-09 13:01:39,Cytation5,20260309-round1,8,Sample,1.00000002,0.0,2000.000003,1.555191326,1.799999951,10,17.469,100.0,175.0,50.0,0.0,0.0,2.0,2.0,1.0,1.0,1.0,0.02,2.0,0.3,3.5,0.0,deGFP,1.0,2026-03-09,ext,M,GFP-M-Gext,2.5465724391868997e-05
0 days 00:35:23,37.0,G13,265,G,13,GFP-M-Gext,1,2026-03-09 13:06:39,Cytation5,20260309-round1,8,Sample,1.00000002,0.0,2000.000003,1.555191326,1.799999951,10,17.469,100.0,175.0,50.0,0.0,0.0,2.0,2.0,1.0,1.0,1.0,0.02,2.0,0.3,3.5,0.0,deGFP,1.0,2026-03-09,ext,M,GFP-M-Gext,2.7886020511757373e-05
0 days 00:40:23,37.0,G13,242,G,13,GFP-M-Gext,1,2026-03-09 13:11:39,Cytation5,20260309-round1,8,Sample,1.00000002,0.0,2000.000003,1.555191326,1.799999951,10,17.469,100.0,175.0,50.0,0.0,0.0,2.0,2.0,1.0,1.0,1.0,0.02,2.0,0.3,3.5,0.0,deGFP,1.0,2026-03-09,ext,M,GFP-M-Gext,2.5465724391868997e-05
0 days 00:45:23,37.1,G13,257,G,13,GFP-M-Gext,1,2026-03-09 13:16:39,Cytation5,20260309-round1,8,Sample,1.00000002,0.0,2000.000003,1.555191326,1.799999951,10,17.469,100.0,175.0,50.0,0.0,0.0,2.0,2.0,1.0,1.0,1.0,0.02,2.0,0.3,3.5,0.0,deGFP,1.0,2026-03-09,ext,M,GFP-M-Gext,2.7044178383100545e-05
0 days 00:50:23,37.0,G13,263,G,13,GFP-M-Gext,1,2026-03-09 13:21:39,Cytation5,20260309-round1,8,Sample,1.00000002,0.0,2000.000003,1.555191326,1.799999951,10,17.469,100.0,175.0,50.0,0.0,0.0,2.0,2.0,1.0,1.0,1.0,0.02,2.0,0.3,3.5,0.0,deGFP,1.0,2026-03-09,ext,M,GFP-M-Gext,2.7675559979593164e-05
0 days 00:55:23,37.0,G13,255,G,13,GFP-M-Gext,1,2026-03-09 13:26:39,Cytation5,20260309-round1,8,Sample,1.00000002,0.0,2000.000003,1.555191326,1.799999951,10,17.469,100.0,175.0,50.0,0.0,0.0,2.0,2.0,1.0,1.0,1.0,0.02,2.0,0.3,3.5,0.0,deGFP,1.0,2026-03-09,ext,M,GFP-M-Gext,2.683371785093634e-05
0 days 01:00:23,37.0,G13,238,G,13,GFP-M-Gext,1,2026-03-09 13:31:39,Cytation5,20260309-round1,8,Sample,1.00000002,0.0,2000.000003,1.555191326,1.799999951,10,17.469,100.0,175.0,50.0,0.0,0.0,2.0,2.0,1.0,1.0,1.0,0.02,2.0,0.3,3.5,0.0,deGFP,1.0,2026-03-09,ext,M,GFP-M-Gext,2.5044803327540583e-05
0 days 01:05:23,37.0,G13,296,G,13,GFP-M-Gext,1,2026-03-09 13:36:39,Cytation5,20260309-round1,8,Sample,1.00000002,0.0,2000.000003,1.555191326,1.799999951,10,17.469,100.0,175.0,50.0,0.0,0.0,2.0,2.0,1.0,1.0,1.0,0.02,2.0,0.3,3.5,0.0,deGFP,1.0,2026-03-09,ext,M,GFP-M-Gext,3.1148158760302573e-05
0 days 01:10:23,37.0,G13,273,G,13,GFP-M-Gext,1,2026-03-09 13:41:39,Cytation5,20260309-round1,8,Sample,1.00000002,0.0,2000.000003,1.555191326,1.799999951,10,17.469,100.0,175.0,50.0,0.0,0.0,2.0,2.0,1.0,1.0,1.0,0.02,2.0,0.3,3.5,0.0,deGFP,1.0,2026-03-09,ext,M,GFP-M-Gext,2.8727862640414197e-05
0 days 01:15:23,37.1,G13,266,G,13,GFP-M-Gext,1,2026-03-09 13:46:39,Cytation5,20260309-round1,8,Sample,1.00000002,0.0,2000.000003,1.555191326,1.799999951,10,17.469,100.0,175.0,50.0,0.0,0.0,2.0,2.0,1.0,1.0,1.0,0.02,2.0,0.3,3.5,0.0,deGFP,1.0,2026-03-09,ext,M,GFP-M-Gext,2.7991250777839474e-05
0 days 01:20:23,37.0,G13,285,G,13,GFP-M-Gext,1,2026-03-09 13:51:39,Cytation5,20260309-round1,8,Sample,1.00000002,0.0,2000.000003,1.555191326,1.799999951,10,17.469,100.0,175.0,50.0,0.0,0.0,2.0,2.0,1.0,1.0,1.0,0.02,2.0,0.3,3.5,0.0,deGFP,1.0,2026-03-09,ext,M,GFP-M-Gext,2.9990625833399436e-05
0 days 01:25:23,37.0,G13,251,G,13,GFP-M-Gext,1,2026-03-09 13:56:39,Cytation5,20260309-round1,8,Sample,1.00000002,0.0,2000.000003,1.555191326,1.799999951,10,17.469,100.0,175.0,50.0,0.0,0.0,2.0,2.0,1.0,1.0,1.0,0.02,2.0,0.3,3.5,0.0,deGFP,1.0,2026-03-09,ext,M,GFP-M-Gext,2.6412796786607925e-05
0 days 01:30:23,37.0,G13,269,G,13,GFP-M-Gext,1,2026-03-09 14:01:39,Cytation5,20260309-round1,8,Sample,1.00000002,0.0,2000.000003,1.555191326,1.799999951,10,17.469,100.0,175.0,50.0,0.0,0.0,2.0,2.0,1.0,1.0,1.0,0.02,2.0,0.3,3.5,0.0,deGFP,1.0,2026-03-09,ext,M,GFP-M-Gext,2.8306941576085783e-05
0 days 01:35:23,37.0,G13,269,G,13,GFP-M-Gext,1,2026-03-09 14:06:39,Cytation5,20260309-round1,8,Sample,1.00000002,0.0,2000.000003,1.555191326,1.799999951,10,17.469,100.0,175.0,50.0,0.0,0.0,2.0,2.0,1.0,1.0,1.0,0.02,2.0,0.3,3.5,0.0,deGFP,1.0,2026-03-09,ext,M,GFP-M-Gext,2.8306941576085783e-05
0 days 01:40:23,37.0,G13,292,G,13,GFP-M-Gext,1,2026-03-09 14:11:39,Cytation5,20260309-round1,8,Sample,1.00000002,0.0,2000.000003,1.555191326,1.799999951,10,17.469,100.0,175.0,50.0,0.0,0.0,2.0,2.0,1.0,1.0,1.0,0.02,2.0,0.3,3.5,0.0,deGFP,1.0,2026-03-09,ext,M,GFP-M-Gext,3.072723769597416e-05
0 days 01:45:23,37.0,G13,288,G,13,GFP-M-Gext,1,2026-03-09 14:16:39,Cytation5,20260309-round1,8,Sample,1.00000002,0.0,2000.000003,1.555191326,1.799999951,10,17.469,100.0,175.0,50.0,0.0,0.0,2.0,2.0,1.0,1.0,1.0,0.02,2.0,0.3,3.5,0.0,deGFP,1.0,2026-03-09,ext,M,GFP-M-Gext,3.0306316631645745e-05
0 days 01:50:23,37.0,G13,292,G,13,GFP-M-Gext,1,2026-03-09 14:21:39,Cytation5,20260309-round1,8,Sample,1.00000002,0.0,2000.000003,1.555191326,1.799999951,10,17.469,100.0,175.0,50.0,0.0,0.0,2.0,2.0,1.0,1.0,1.0,0.02,2.0,0.3,3.5,0.0,deGFP,1.0,2026-03-09,ext,M,GFP-M-Gext,3.072723769597416e-05
0 days 01:55:23,37.1,G13,285,G,13,GFP-M-Gext,1,2026-03-09 14:26:39,Cytation5,20260309-round1,8,Sample,1.00000002,0.0,2000.000003,1.555191326,1.799999951,10,17.469,100.0,175.0,50.0,0.0,0.0,2.0,2.0,1.0,1.0,1.0,0.02,2.0,0.3,3.5,0.0,deGFP,1.0,2026-03-09,ext,M,GFP-M-Gext,2.9990625833399436e-05
0 days 02:00:23,37.0,G13,286,G,13,GFP-M-Gext,1,2026-03-09 14:31:39,Cytation5,20260309-round1,8,Sample,1.00000002,0.0,2000.000003,1.555191326,1.799999951,10,17.469,100.0,175.0,50.0,0.0,0.0,2.0,2.0,1.0,1.0,1.0,0.02,2.0,0.3,3.5,0.0,deGFP,1.0,2026-03-09,ext,M,GFP-M-Gext,3.009585609948154e-05
0 days 02:05:23,37.0,G13,307,G,13,GFP-M-Gext,1,2026-03-09 14:36:39,Cytation5,20260309-round1,8,Sample,1.00000002,0.0,2000.000003,1.555191326,1.799999951,10,17.469,100.0,175.0,50.0,0.0,0.0,2.0,2.0,1.0,1.0,1.0,0.02,2.0,0.3,3.5,0.0,deGFP,1.0,2026-03-09,ext,M,GFP-M-Gext,3.230569168720571e-05
0 days 02:10:23,37.1,G13,265,G,13,GFP-M-Gext,1,2026-03-09 14:41:39,Cytation5,20260309-round1,8,Sample,1.00000002,0.0,2000.000003,1.555191326,1.799999951,10,17.469,100.0,175.0,50.0,0.0,0.0,2.0,2.0,1.0,1.0,1.0,0.02,2.0,0.3,3.5,0.0,deGFP,1.0,2026-03-09,ext,M,GFP-M-Gext,2.7886020511757373e-05
0 days 02:15:23,37.1,G13,265,G,13,GFP-M-Gext,1,2026-03-09 14:46:39,Cytation5,20260309-round1,8,Sample,1.00000002,0.0,2000.000003,1.555191326,1.799999951,10,17.469,100.0,175.0,50.0,0.0,0.0,2.0,2.0,1.0,1.0,1.0,0.02,2.0,0.3,3.5,0.0,deGFP,1.0,2026-03-09,ext,M,GFP-M-Gext,2.7886020511757373e-05
0 days 02:20:23,37.0,G13,278,G,13,GFP-M-Gext,1,2026-03-09 14:51:39,Cytation5,20260309-round1,8,Sample,1.00000002,0.0,2000.000003,1.555191326,1.799999951,10,17.469,100.0,175.0,50.0,0.0,0.0,2.0,2.0,1.0,1.0,1.0,0.02,2.0,0.3,3.5,0.0,deGFP,1.0,2026-03-09,ext,M,GFP-M-Gext,2.9254013970824712e-05
0 days 02:25:23,37.0,G13,297,G,13,GFP-M-Gext,1,2026-03-09 14:56:39,Cytation5,20260309-round1,8,Sample,1.00000002,0.0,2000.000003,1.555191326,1.799999951,10,17.469,100.0,175.0,50.0,0.0,0.0,2.0,2.0,1.0,1.0,1.0,0.02,2.0,0.3,3.5,0.0,deGFP,1.0,2026-03-09,ext,M,GFP-M-Gext,3.1253389026384674e-05
0 days 02:30:23,37.0,G13,286,G,13,GFP-M-Gext,1,2026-03-09 15:01:39,Cytation5,20260309-round1,8,Sample,1.00000002,0.0,2000.000003,1.555191326,1.799999951,10,17.469,100.0,175.0,50.0,0.0,0.0,2.0,2.0,1.0,1.0,1.0,0.02,2.0,0.3,3.5,0.0,deGFP,1.0,2026-03-09,ext,M,GFP-M-Gext,3.009585609948154e-05
0 days 02:35:23,37.0,G13,292,G,13,GFP-M-Gext,1,2026-03-09 15:06:39,Cytation5,20260309-round1,8,Sample,1.00000002,0.0,2000.000003,1.555191326,1.799999951,10,17.469,100.0,175.0,50.0,0.0,0.0,2.0,2.0,1.0,1.0,1.0,0.02,2.0,0.3,3.5,0.0,deGFP,1.0,2026-03-09,ext,M,GFP-M-Gext,3.072723769597416e-05
0 days 02:40:23,37.0,G13,303,G,13,GFP-M-Gext,1,2026-03-09 15:11:39,Cytation5,20260309-round1,8,Sample,1.00000002,0.0,2000.000003,1.555191326,1.799999951,10,17.469,100.0,175.0,50.0,0.0,0.0,2.0,2.0,1.0,1.0,1.0,0.02,2.0,0.3,3.5,0.0,deGFP,1.0,2026-03-09,ext,M,GFP-M-Gext,3.1884770622877294e-05
0 days 02:45:23,37.0,G13,289,G,13,GFP-M-Gext,1,2026-03-09 15:16:39,Cytation5,20260309-round1,8,Sample,1.00000002,0.0,2000.000003,1.555191326,1.799999951,10,17.469,100.0,175.0,50.0,0.0,0.0,2.0,2.0,1.0,1.0,1.0,0.02,2.0,0.3,3.5,0.0,deGFP,1.0,2026-03-09,ext,M,GFP-M-Gext,3.041154689772785e-05
0 days 02:50:23,37.0,G13,281,G,13,GFP-M-Gext,1,2026-03-09 15:21:39,Cytation5,20260309-round1,8,Sample,1.00000002,0.0,2000.000003,1.555191326,1.799999951,10,17.469,100.0,175.0,50.0,0.0,0.0,2.0,2.0,1.0,1.0,1.0,0.02,2.0,0.3,3.5,0.0,deGFP,1.0,2026-03-09,ext,M,GFP-M-Gext,2.9569704769071025e-05
0 days 02:55:23,37.0,G13,302,G,13,GFP-M-Gext,1,2026-03-09 15:26:39,Cytation5,20260309-round1,8,Sample,1.00000002,0.0,2000.000003,1.555191326,1.799999951,10,17.469,100.0,175.0,50.0,0.0,0.0,2.0,2.0,1.0,1.0,1.0,0.02,2.0,0.3,3.5,0.0,deGFP,1.0,2026-03-09,ext,M,GFP-M-Gext,3.177954035679519e-05
0 days 03:00:23,36.9,G13,274,G,13,GFP-M-Gext,1,2026-03-09 15:31:39,Cytation5,20260309-round1,8,Sample,1.00000002,0.0,2000.000003,1.555191326,1.799999951,10,17.469,100.0,175.0,50.0,0.0,0.0,2.0,2.0,1.0,1.0,1.0,0.02,2.0,0.3,3.5,0.0,deGFP,1.0,2026-03-09,ext,M,GFP-M-Gext,2.88330929064963e-05
0 days 03:05:23,37.0,G13,309,G,13,GFP-M-Gext,1,2026-03-09 15:36:39,Cytation5,20260309-round1,8,Sample,1.00000002,0.0,2000.000003,1.555191326,1.799999951,10,17.469,100.0,175.0,50.0,0.0,0.0,2.0,2.0,1.0,1.0,1.0,0.02,2.0,0.3,3.5,0.0,deGFP,1.0,2026-03-09,ext,M,GFP-M-Gext,3.251615221936991e-05
0 days 03:10:23,37.0,G13,303,G,13,GFP-M-Gext,1,2026-03-09 15:41:39,Cytation5,20260309-round1,8,Sample,1.00000002,0.0,2000.000003,1.555191326,1.799999951,10,17.469,100.0,175.0,50.0,0.0,0.0,2.0,2.0,1.0,1.0,1.0,0.02,2.0,0.3,3.5,0.0,deGFP,1.0,2026-03-09,ext,M,GFP-M-Gext,3.1884770622877294e-05
0 days 03:15:23,37.0,G13,318,G,13,GFP-M-Gext,1,2026-03-09 15:46:39,Cytation5,20260309-round1,8,Sample,1.00000002,0.0,2000.000003,1.555191326,1.799999951,10,17.469,100.0,175.0,50.0,0.0,0.0,2.0,2.0,1.0,1.0,1.0,0.02,2.0,0.3,3.5,0.0,deGFP,1.0,2026-03-09,ext,M,GFP-M-Gext,3.346322461410885e-05
0 days 03:20:23,37.0,G13,317,G,13,GFP-M-Gext,1,2026-03-09 15:51:39,Cytation5,20260309-round1,8,Sample,1.00000002,0.0,2000.000003,1.555191326,1.799999951,10,17.469,100.0,175.0,50.0,0.0,0.0,2.0,2.0,1.0,1.0,1.0,0.02,2.0,0.3,3.5,0.0,deGFP,1.0,2026-03-09,ext,M,GFP-M-Gext,3.335799434802674e-05
0 days 03:25:23,37.0,G13,306,G,13,GFP-M-Gext,1,2026-03-09 15:56:39,Cytation5,20260309-round1,8,Sample,1.00000002,0.0,2000.000003,1.555191326,1.799999951,10,17.469,100.0,175.0,50.0,0.0,0.0,2.0,2.0,1.0,1.0,1.0,0.02,2.0,0.3,3.5,0.0,deGFP,1.0,2026-03-09,ext,M,GFP-M-Gext,3.22004614211236e-05
0 days 03:30:23,37.0,G13,301,G,13,GFP-M-Gext,1,2026-03-09 16:01:39,Cytation5,20260309-round1,8,Sample,1.00000002,0.0,2000.000003,1.555191326,1.799999951,10,17.469,100.0,175.0,50.0,0.0,0.0,2.0,2.0,1.0,1.0,1.0,0.02,2.0,0.3,3.5,0.0,deGFP,1.0,2026-03-09,ext,M,GFP-M-Gext,3.167431009071309e-05
0 days 03:35:23,37.0,G13,328,G,13,GFP-M-Gext,1,2026-03-09 16:06:39,Cytation5,20260309-round1,8,Sample,1.00000002,0.0,2000.000003,1.555191326,1.799999951,10,17.469,100.0,175.0,50.0,0.0,0.0,2.0,2.0,1.0,1.0,1.0,0.02,2.0,0.3,3.5,0.0,deGFP,1.0,2026-03-09,ext,M,GFP-M-Gext,3.451552727492988e-05
0 days 03:40:23,37.1,G13,305,G,13,GFP-M-Gext,1,2026-03-09 16:11:39,Cytation5,20260309-round1,8,Sample,1.00000002,0.0,2000.000003,1.555191326,1.799999951,10,17.469,100.0,175.0,50.0,0.0,0.0,2.0,2.0,1.0,1.0,1.0,0.02,2.0,0.3,3.5,0.0,deGFP,1.0,2026-03-09,ext,M,GFP-M-Gext,3.20952311550415e-05
0 days 03:45:23,37.0,G13,324,G,13,GFP-M-Gext,1,2026-03-09 16:16:39,Cytation5,20260309-round1,8,Sample,1.00000002,0.0,2000.000003,1.555191326,1.799999951,10,17.469,100.0,175.0,50.0,0.0,0.0,2.0,2.0,1.0,1.0,1.0,0.02,2.0,0.3,3.5,0.0,deGFP,1.0,2026-03-09,ext,M,GFP-M-Gext,3.409460621060147e-05
0 days 03:50:23,37.0,G13,321,G,13,GFP-M-Gext,1,2026-03-09 16:21:39,Cytation5,20260309-round1,8,Sample,1.00000002,0.0,2000.000003,1.555191326,1.799999951,10,17.469,100.0,175.0,50.0,0.0,0.0,2.0,2.0,1.0,1.0,1.0,0.02,2.0,0.3,3.5,0.0,deGFP,1.0,2026-03-09,ext,M,GFP-M-Gext,3.377891541235516e-05
0 days 03:55:23,37.0,G13,313,G,13,GFP-M-Gext,1,2026-03-09 16:26:39,Cytation5,20260309-round1,8,Sample,1.00000002,0.0,2000.000003,1.555191326,1.799999951,10,17.469,100.0,175.0,50.0,0.0,0.0,2.0,2.0,1.0,1.0,1.0,0.02,2.0,0.3,3.5,0.0,deGFP,1.0,2026-03-09,ext,M,GFP-M-Gext,3.293707328369833e-05
0 days 04:00:23,37.0,G13,314,G,13,GFP-M-Gext,1,2026-03-09 16:31:39,Cytation5,20260309-round1,8,Sample,1.00000002,0.0,2000.000003,1.555191326,1.799999951,10,17.469,100.0,175.0,50.0,0.0,0.0,2.0,2.0,1.0,1.0,1.0,0.02,2.0,0.3,3.5,0.0,deGFP,1.0,2026-03-09,ext,M,GFP-M-Gext,3.304230354978043e-05
0 days 04:05:23,37.1,G13,315,G,13,GFP-M-Gext,1,2026-03-09 16:36:39,Cytation5,20260309-round1,8,Sample,1.00000002,0.0,2000.000003,1.555191326,1.799999951,10,17.469,100.0,175.0,50.0,0.0,0.0,2.0,2.0,1.0,1.0,1.0,0.02,2.0,0.3,3.5,0.0,deGFP,1.0,2026-03-09,ext,M,GFP-M-Gext,3.314753381586253e-05
0 days 04:10:23,37.1,G13,317,G,13,GFP-M-Gext,1,2026-03-09 16:41:39,Cytation5,20260309-round1,8,Sample,1.00000002,0.0,2000.000003,1.555191326,1.799999951,10,17.469,100.0,175.0,50.0,0.0,0.0,2.0,2.0,1.0,1.0,1.0,0.02,2.0,0.3,3.5,0.0,deGFP,1.0,2026-03-09,ext,M,GFP-M-Gext,3.335799434802674e-05
0 days 04:15:23,37.0,G13,312,G,13,GFP-M-Gext,1,2026-03-09 16:46:39,Cytation5,20260309-round1,8,Sample,1.00000002,0.0,2000.000003,1.555191326,1.799999951,10,17.469,100.0,175.0,50.0,0.0,0.0,2.0,2.0,1.0,1.0,1.0,0.02,2.0,0.3,3.5,0.0,deGFP,1.0,2026-03-09,ext,M,GFP-M-Gext,3.283184301761622e-05
0 days 04:20:23,37.0,G13,289,G,13,GFP-M-Gext,1,2026-03-09 16:51:39,Cytation5,20260309-round1,8,Sample,1.00000002,0.0,2000.000003,1.555191326,1.799999951,10,17.469,100.0,175.0,50.0,0.0,0.0,2.0,2.0,1.0,1.0,1.0,0.02,2.0,0.3,3.5,0.0,deGFP,1.0,2026-03-09,ext,M,GFP-M-Gext,3.041154689772785e-05
0 days 04:25:23,37.0,G13,332,G,13,GFP-M-Gext,1,2026-03-09 16:56:39,Cytation5,20260309-round1,8,Sample,1.00000002,0.0,2000.000003,1.555191326,1.799999951,10,17.469,100.0,175.0,50.0,0.0,0.0,2.0,2.0,1.0,1.0,1.0,0.02,2.0,0.3,3.5,0.0,deGFP,1.0,2026-03-09,ext,M,GFP-M-Gext,3.493644833925829e-05
0 days 04:30:23,37.1,G13,321,G,13,GFP-M-Gext,1,2026-03-09 17:01:39,Cytation5,20260309-round1,8,Sample,1.00000002,0.0,2000.000003,1.555191326,1.799999951,10,17.469,100.0,175.0,50.0,0.0,0.0,2.0,2.0,1.0,1.0,1.0,0.02,2.0,0.3,3.5,0.0,deGFP,1.0,2026-03-09,ext,M,GFP-M-Gext,3.377891541235516e-05
0 days 04:35:23,37.0,G13,318,G,13,GFP-M-Gext,1,2026-03-09 17:06:39,Cytation5,20260309-round1,8,Sample,1.00000002,0.0,2000.000003,1.555191326,1.799999951,10,17.469,100.0,175.0,50.0,0.0,0.0,2.0,2.0,1.0,1.0,1.0,0.02,2.0,0.3,3.5,0.0,deGFP,1.0,2026-03-09,ext,M,GFP-M-Gext,3.346322461410885e-05
0 days 04:40:23,37.0,G13,343,G,13,GFP-M-Gext,1,2026-03-09 17:11:39,Cytation5,20260309-round1,8,Sample,1.00000002,0.0,2000.000003,1.555191326,1.799999951,10,17.469,100.0,175.0,50.0,0.0,0.0,2.0,2.0,1.0,1.0,1.0,0.02,2.0,0.3,3.5,0.0,deGFP,1.0,2026-03-09,ext,M,GFP-M-Gext,3.609398126616143e-05
0 days 04:45:23,37.0,G13,312,G,13,GFP-M-Gext,1,2026-03-09 17:16:39,Cytation5,20260309-round1,8,Sample,1.00000002,0.0,2000.000003,1.555191326,1.799999951,10,17.469,100.0,175.0,50.0,0.0,0.0,2.0,2.0,1.0,1.0,1.0,0.02,2.0,0.3,3.5,0.0,deGFP,1.0,2026-03-09,ext,M,GFP-M-Gext,3.283184301761622e-05
0 days 04:50:23,37.1,G13,324,G,13,GFP-M-Gext,1,2026-03-09 17:21:39,Cytation5,20260309-round1,8,Sample,1.00000002,0.0,2000.000003,1.555191326,1.799999951,10,17.469,100.0,175.0,50.0,0.0,0.0,2.0,2.0,1.0,1.0,1.0,0.02,2.0,0.3,3.5,0.0,deGFP,1.0,2026-03-09,ext,M,GFP-M-Gext,3.409460621060147e-05
0 days 04:55:23,37.1,G13,312,G,13,GFP-M-Gext,1,2026-03-09 17:26:39,Cytation5,20260309-round1,8,Sample,1.00000002,0.0,2000.000003,1.555191326,1.799999951,10,17.469,100.0,175.0,50.0,0.0,0.0,2.0,2.0,1.0,1.0,1.0,0.02,2.0,0.3,3.5,0.0,deGFP,1.0,2026-03-09,ext,M,GFP-M-Gext,3.283184301761622e-05
0 days 05:00:23,37.1,G13,321,G,13,GFP-M-Gext,1,2026-03-09 17:31:39,Cytation5,20260309-round1,8,Sample,1.00000002,0.0,2000.000003,1.555191326,1.799999951,10,17.469,100.0,175.0,50.0,0.0,0.0,2.0,2.0,1.0,1.0,1.0,0.02,2.0,0.3,3.5,0.0,deGFP,1.0,2026-03-09,ext,M,GFP-M-Gext,3.377891541235516e-05
0 days 05:05:23,37.0,G13,323,G,13,GFP-M-Gext,1,2026-03-09 17:36:39,Cytation5,20260309-round1,8,Sample,1.00000002,0.0,2000.000003,1.555191326,1.799999951,10,17.469,100.0,175.0,50.0,0.0,0.0,2.0,2.0,1.0,1.0,1.0,0.02,2.0,0.3,3.5,0.0,deGFP,1.0,2026-03-09,ext,M,GFP-M-Gext,3.398937594451936e-05
0 days 05:10:23,37.0,G13,300,G,13,GFP-M-Gext,1,2026-03-09 17:41:39,Cytation5,20260309-round1,8,Sample,1.00000002,0.0,2000.000003,1.555191326,1.799999951,10,17.469,100.0,175.0,50.0,0.0,0.0,2.0,2.0,1.0,1.0,1.0,0.02,2.0,0.3,3.5,0.0,deGFP,1.0,2026-03-09,ext,M,GFP-M-Gext,3.1569079824630984e-05
0 days 05:15:23,37.0,G13,343,G,13,GFP-M-Gext,1,2026-03-09 17:46:39,Cytation5,20260309-round1,8,Sample,1.00000002,0.0,2000.000003,1.555191326,1.799999951,10,17.469,100.0,175.0,50.0,0.0,0.0,2.0,2.0,1.0,1.0,1.0,0.02,2.0,0.3,3.5,0.0,deGFP,1.0,2026-03-09,ext,M,GFP-M-Gext,3.609398126616143e-05
0 days 05:20:23,37.0,G13,327,G,13,GFP-M-Gext,1,2026-03-09 17:51:39,Cytation5,20260309-round1,8,Sample,1.00000002,0.0,2000.000003,1.555191326,1.799999951,10,17.469,100.0,175.0,50.0,0.0,0.0,2.0,2.0,1.0,1.0,1.0,0.02,2.0,0.3,3.5,0.0,deGFP,1.0,2026-03-09,ext,M,GFP-M-Gext,3.441029700884778e-05
0 days 05:25:23,37.1,G13,330,G,13,GFP-M-Gext,1,2026-03-09 17:56:39,Cytation5,20260309-round1,8,Sample,1.00000002,0.0,2000.000003,1.555191326,1.799999951,10,17.469,100.0,175.0,50.0,0.0,0.0,2.0,2.0,1.0,1.0,1.0,0.02,2.0,0.3,3.5,0.0,deGFP,1.0,2026-03-09,ext,M,GFP-M-Gext,3.472598780709409e-05
0 days 05:30:23,37.1,G13,339,G,13,GFP-M-Gext,1,2026-03-09 18:01:39,Cytation5,20260309-round1,8,Sample,1.00000002,0.0,2000.000003,1.555191326,1.799999951,10,17.469,100.0,175.0,50.0,0.0,0.0,2.0,2.0,1.0,1.0,1.0,0.02,2.0,0.3,3.5,0.0,deGFP,1.0,2026-03-09,ext,M,GFP-M-Gext,3.5673060201833016e-05
0 days 05:35:23,37.1,G13,336,G,13,GFP-M-Gext,1,2026-03-09 18:06:39,Cytation5,20260309-round1,8,Sample,1.00000002,0.0,2000.000003,1.555191326,1.799999951,10,17.469,100.0,175.0,50.0,0.0,0.0,2.0,2.0,1.0,1.0,1.0,0.02,2.0,0.3,3.5,0.0,deGFP,1.0,2026-03-09,ext,M,GFP-M-Gext,3.5357369403586706e-05
0 days 05:40:23,37.0,G13,340,G,13,GFP-M-Gext,1,2026-03-09 18:11:39,Cytation5,20260309-round1,8,Sample,1.00000002,0.0,2000.000003,1.555191326,1.799999951,10,17.469,100.0,175.0,50.0,0.0,0.0,2.0,2.0,1.0,1.0,1.0,0.02,2.0,0.3,3.5,0.0,deGFP,1.0,2026-03-09,ext,M,GFP-M-Gext,3.577829046791512e-05
0 days 05:45:23,37.0,G13,357,G,13,GFP-M-Gext,1,2026-03-09 18:16:39,Cytation5,20260309-round1,8,Sample,1.00000002,0.0,2000.000003,1.555191326,1.799999951,10,17.469,100.0,175.0,50.0,0.0,0.0,2.0,2.0,1.0,1.0,1.0,0.02,2.0,0.3,3.5,0.0,deGFP,1.0,2026-03-09,ext,M,GFP-M-Gext,3.7567204991310874e-05
0 days 05:50:23,37.0,G13,340,G,13,GFP-M-Gext,1,2026-03-09 18:21:39,Cytation5,20260309-round1,8,Sample,1.00000002,0.0,2000.000003,1.555191326,1.799999951,10,17.469,100.0,175.0,50.0,0.0,0.0,2.0,2.0,1.0,1.0,1.0,0.02,2.0,0.3,3.5,0.0,deGFP,1.0,2026-03-09,ext,M,GFP-M-Gext,3.577829046791512e-05
0 days 05:55:23,37.0,G13,347,G,13,GFP-M-Gext,1,2026-03-09 18:26:39,Cytation5,20260309-round1,8,Sample,1.00000002,0.0,2000.000003,1.555191326,1.799999951,10,17.469,100.0,175.0,50.0,0.0,0.0,2.0,2.0,1.0,1.0,1.0,0.02,2.0,0.3,3.5,0.0,deGFP,1.0,2026-03-09,ext,M,GFP-M-Gext,3.651490233048984e-05
0 days 06:00:23,37.1,G13,350,G,13,GFP-M-Gext,1,2026-03-09 18:31:39,Cytation5,20260309-round1,8,Sample,1.00000002,0.0,2000.000003,1.555191326,1.799999951,10,17.469,100.0,175.0,50.0,0.0,0.0,2.0,2.0,1.0,1.0,1.0,0.02,2.0,0.3,3.5,0.0,deGFP,1.0,2026-03-09,ext,M,GFP-M-Gext,3.6830593128736154e-05
0 days 00:00:23,28.9,G14,293,G,14,GFP-M-Gext,1,2026-03-09 12:31:39,Cytation5,20260309-round1,7,Sample,1.00000002,0.0,2000.000003,1.763142289,1.799999951,10,4.969,0.0,62.5,50.0,0.0,0.0,2.0,2.0,1.0,1.0,1.0,0.02,2.0,0.3,3.5,0.0,deGFP,1.0,2026-03-09,ext,M,GFP-M-Gext,3.0832467962056264e-05
0 days 00:05:23,34.5,G14,317,G,14,GFP-M-Gext,1,2026-03-09 12:36:39,Cytation5,20260309-round1,7,Sample,1.00000002,0.0,2000.000003,1.763142289,1.799999951,10,4.969,0.0,62.5,50.0,0.0,0.0,2.0,2.0,1.0,1.0,1.0,0.02,2.0,0.3,3.5,0.0,deGFP,1.0,2026-03-09,ext,M,GFP-M-Gext,3.335799434802674e-05
0 days 00:10:23,37.0,G14,332,G,14,GFP-M-Gext,1,2026-03-09 12:41:39,Cytation5,20260309-round1,7,Sample,1.00000002,0.0,2000.000003,1.763142289,1.799999951,10,4.969,0.0,62.5,50.0,0.0,0.0,2.0,2.0,1.0,1.0,1.0,0.02,2.0,0.3,3.5,0.0,deGFP,1.0,2026-03-09,ext,M,GFP-M-Gext,3.493644833925829e-05
0 days 00:15:23,37.0,G14,482,G,14,GFP-M-Gext,1,2026-03-09 12:46:39,Cytation5,20260309-round1,7,Sample,1.00000002,0.0,2000.000003,1.763142289,1.799999951,10,4.969,0.0,62.5,50.0,0.0,0.0,2.0,2.0,1.0,1.0,1.0,0.02,2.0,0.3,3.5,0.0,deGFP,1.0,2026-03-09,ext,M,GFP-M-Gext,5.0720988251573784e-05
0 days 00:20:23,37.0,G14,901,G,14,GFP-M-Gext,1,2026-03-09 12:51:39,Cytation5,20260309-round1,7,Sample,1.00000002,0.0,2000.000003,1.763142289,1.799999951,10,4.969,0.0,62.5,50.0,0.0,0.0,2.0,2.0,1.0,1.0,1.0,0.02,2.0,0.3,3.5,0.0,deGFP,1.0,2026-03-09,ext,M,GFP-M-Gext,9.481246973997507e-05
0 days 00:25:23,37.0,G14,1555,G,14,GFP-M-Gext,1,2026-03-09 12:56:39,Cytation5,20260309-round1,7,Sample,1.00000002,0.0,2000.000003,1.763142289,1.799999951,10,4.969,0.0,62.5,50.0,0.0,0.0,2.0,2.0,1.0,1.0,1.0,0.02,2.0,0.3,3.5,0.0,deGFP,1.0,2026-03-09,ext,M,GFP-M-Gext,0.0001636330637576706
0 days 00:30:23,37.0,G14,2219,G,14,GFP-M-Gext,1,2026-03-09 13:01:39,Cytation5,20260309-round1,7,Sample,1.00000002,0.0,2000.000003,1.763142289,1.799999951,10,4.969,0.0,62.5,50.0,0.0,0.0,2.0,2.0,1.0,1.0,1.0,0.02,2.0,0.3,3.5,0.0,deGFP,1.0,2026-03-09,ext,M,GFP-M-Gext,0.00023350596043618719
0 days 00:35:23,37.0,G14,2788,G,14,GFP-M-Gext,1,2026-03-09 13:06:39,Cytation5,20260309-round1,7,Sample,1.00000002,0.0,2000.000003,1.763142289,1.799999951,10,4.969,0.0,62.5,50.0,0.0,0.0,2.0,2.0,1.0,1.0,1.0,0.02,2.0,0.3,3.5,0.0,deGFP,1.0,2026-03-09,ext,M,GFP-M-Gext,0.000293381981836904
0 days 00:40:23,37.0,G14,3363,G,14,GFP-M-Gext,1,2026-03-09 13:11:39,Cytation5,20260309-round1,7,Sample,1.00000002,0.0,2000.000003,1.763142289,1.799999951,10,4.969,0.0,62.5,50.0,0.0,0.0,2.0,2.0,1.0,1.0,1.0,0.02,2.0,0.3,3.5,0.0,deGFP,1.0,2026-03-09,ext,M,GFP-M-Gext,0.00035388938483411333
0 days 00:45:23,37.1,G14,3990,G,14,GFP-M-Gext,1,2026-03-09 13:16:39,Cytation5,20260309-round1,7,Sample,1.00000002,0.0,2000.000003,1.763142289,1.799999951,10,4.969,0.0,62.5,50.0,0.0,0.0,2.0,2.0,1.0,1.0,1.0,0.02,2.0,0.3,3.5,0.0,deGFP,1.0,2026-03-09,ext,M,GFP-M-Gext,0.0004198687616675921
0 days 00:50:23,37.0,G14,4596,G,14,GFP-M-Gext,1,2026-03-09 13:21:39,Cytation5,20260309-round1,7,Sample,1.00000002,0.0,2000.000003,1.763142289,1.799999951,10,4.969,0.0,62.5,50.0,0.0,0.0,2.0,2.0,1.0,1.0,1.0,0.02,2.0,0.3,3.5,0.0,deGFP,1.0,2026-03-09,ext,M,GFP-M-Gext,0.0004836383029133467
0 days 00:55:23,37.0,G14,5119,G,14,GFP-M-Gext,1,2026-03-09 13:26:39,Cytation5,20260309-round1,7,Sample,1.00000002,0.0,2000.000003,1.763142289,1.799999951,10,4.969,0.0,62.5,50.0,0.0,0.0,2.0,2.0,1.0,1.0,1.0,0.02,2.0,0.3,3.5,0.0,deGFP,1.0,2026-03-09,ext,M,GFP-M-Gext,0.0005386737320742868
0 days 01:00:23,37.0,G14,5602,G,14,GFP-M-Gext,1,2026-03-09 13:31:39,Cytation5,20260309-round1,7,Sample,1.00000002,0.0,2000.000003,1.763142289,1.799999951,10,4.969,0.0,62.5,50.0,0.0,0.0,2.0,2.0,1.0,1.0,1.0,0.02,2.0,0.3,3.5,0.0,deGFP,1.0,2026-03-09,ext,M,GFP-M-Gext,0.0005894999505919426
0 days 01:05:23,37.0,G14,6113,G,14,GFP-M-Gext,1,2026-03-09 13:36:39,Cytation5,20260309-round1,7,Sample,1.00000002,0.0,2000.000003,1.763142289,1.799999951,10,4.969,0.0,62.5,50.0,0.0,0.0,2.0,2.0,1.0,1.0,1.0,0.02,2.0,0.3,3.5,0.0,deGFP,1.0,2026-03-09,ext,M,GFP-M-Gext,0.0006432726165598974
0 days 01:10:23,37.0,G14,6620,G,14,GFP-M-Gext,1,2026-03-09 13:41:39,Cytation5,20260309-round1,7,Sample,1.00000002,0.0,2000.000003,1.763142289,1.799999951,10,4.969,0.0,62.5,50.0,0.0,0.0,2.0,2.0,1.0,1.0,1.0,0.02,2.0,0.3,3.5,0.0,deGFP,1.0,2026-03-09,ext,M,GFP-M-Gext,0.0006966243614635238
0 days 01:15:23,37.1,G14,7068,G,14,GFP-M-Gext,1,2026-03-09 13:46:39,Cytation5,20260309-round1,7,Sample,1.00000002,0.0,2000.000003,1.763142289,1.799999951,10,4.969,0.0,62.5,50.0,0.0,0.0,2.0,2.0,1.0,1.0,1.0,0.02,2.0,0.3,3.5,0.0,deGFP,1.0,2026-03-09,ext,M,GFP-M-Gext,0.000743767520668306
0 days 01:20:23,37.0,G14,7364,G,14,GFP-M-Gext,1,2026-03-09 13:51:39,Cytation5,20260309-round1,7,Sample,1.00000002,0.0,2000.000003,1.763142289,1.799999951,10,4.969,0.0,62.5,50.0,0.0,0.0,2.0,2.0,1.0,1.0,1.0,0.02,2.0,0.3,3.5,0.0,deGFP,1.0,2026-03-09,ext,M,GFP-M-Gext,0.0007749156794286086
0 days 01:25:23,37.0,G14,7549,G,14,GFP-M-Gext,1,2026-03-09 13:56:39,Cytation5,20260309-round1,7,Sample,1.00000002,0.0,2000.000003,1.763142289,1.799999951,10,4.969,0.0,62.5,50.0,0.0,0.0,2.0,2.0,1.0,1.0,1.0,0.02,2.0,0.3,3.5,0.0,deGFP,1.0,2026-03-09,ext,M,GFP-M-Gext,0.0007943832786537977
0 days 01:30:23,37.0,G14,7864,G,14,GFP-M-Gext,1,2026-03-09 14:01:39,Cytation5,20260309-round1,7,Sample,1.00000002,0.0,2000.000003,1.763142289,1.799999951,10,4.969,0.0,62.5,50.0,0.0,0.0,2.0,2.0,1.0,1.0,1.0,0.02,2.0,0.3,3.5,0.0,deGFP,1.0,2026-03-09,ext,M,GFP-M-Gext,0.0008275308124696603
0 days 01:35:23,37.0,G14,8000,G,14,GFP-M-Gext,1,2026-03-09 14:06:39,Cytation5,20260309-round1,7,Sample,1.00000002,0.0,2000.000003,1.763142289,1.799999951,10,4.969,0.0,62.5,50.0,0.0,0.0,2.0,2.0,1.0,1.0,1.0,0.02,2.0,0.3,3.5,0.0,deGFP,1.0,2026-03-09,ext,M,GFP-M-Gext,0.0008418421286568263
0 days 01:40:23,37.0,G14,8060,G,14,GFP-M-Gext,1,2026-03-09 14:11:39,Cytation5,20260309-round1,7,Sample,1.00000002,0.0,2000.000003,1.763142289,1.799999951,10,4.969,0.0,62.5,50.0,0.0,0.0,2.0,2.0,1.0,1.0,1.0,0.02,2.0,0.3,3.5,0.0,deGFP,1.0,2026-03-09,ext,M,GFP-M-Gext,0.0008481559446217525
0 days 01:45:23,37.0,G14,8139,G,14,GFP-M-Gext,1,2026-03-09 14:16:39,Cytation5,20260309-round1,7,Sample,1.00000002,0.0,2000.000003,1.763142289,1.799999951,10,4.969,0.0,62.5,50.0,0.0,0.0,2.0,2.0,1.0,1.0,1.0,0.02,2.0,0.3,3.5,0.0,deGFP,1.0,2026-03-09,ext,M,GFP-M-Gext,0.0008564691356422387
0 days 01:50:23,37.0,G14,8330,G,14,GFP-M-Gext,1,2026-03-09 14:21:39,Cytation5,20260309-round1,7,Sample,1.00000002,0.0,2000.000003,1.763142289,1.799999951,10,4.969,0.0,62.5,50.0,0.0,0.0,2.0,2.0,1.0,1.0,1.0,0.02,2.0,0.3,3.5,0.0,deGFP,1.0,2026-03-09,ext,M,GFP-M-Gext,0.0008765681164639204
0 days 01:55:23,37.1,G14,8325,G,14,GFP-M-Gext,1,2026-03-09 14:26:39,Cytation5,20260309-round1,7,Sample,1.00000002,0.0,2000.000003,1.763142289,1.799999951,10,4.969,0.0,62.5,50.0,0.0,0.0,2.0,2.0,1.0,1.0,1.0,0.02,2.0,0.3,3.5,0.0,deGFP,1.0,2026-03-09,ext,M,GFP-M-Gext,0.0008760419651335098
0 days 02:00:23,37.0,G14,8237,G,14,GFP-M-Gext,1,2026-03-09 14:31:39,Cytation5,20260309-round1,7,Sample,1.00000002,0.0,2000.000003,1.763142289,1.799999951,10,4.969,0.0,62.5,50.0,0.0,0.0,2.0,2.0,1.0,1.0,1.0,0.02,2.0,0.3,3.5,0.0,deGFP,1.0,2026-03-09,ext,M,GFP-M-Gext,0.0008667817017182848
0 days 02:05:23,37.0,G14,8306,G,14,GFP-M-Gext,1,2026-03-09 14:36:39,Cytation5,20260309-round1,7,Sample,1.00000002,0.0,2000.000003,1.763142289,1.799999951,10,4.969,0.0,62.5,50.0,0.0,0.0,2.0,2.0,1.0,1.0,1.0,0.02,2.0,0.3,3.5,0.0,deGFP,1.0,2026-03-09,ext,M,GFP-M-Gext,0.0008740425900779499
0 days 02:10:23,37.1,G14,8365,G,14,GFP-M-Gext,1,2026-03-09 14:41:39,Cytation5,20260309-round1,7,Sample,1.00000002,0.0,2000.000003,1.763142289,1.799999951,10,4.969,0.0,62.5,50.0,0.0,0.0,2.0,2.0,1.0,1.0,1.0,0.02,2.0,0.3,3.5,0.0,deGFP,1.0,2026-03-09,ext,M,GFP-M-Gext,0.000880251175776794
0 days 02:15:23,37.1,G14,8328,G,14,GFP-M-Gext,1,2026-03-09 14:46:39,Cytation5,20260309-round1,7,Sample,1.00000002,0.0,2000.000003,1.763142289,1.799999951,10,4.969,0.0,62.5,50.0,0.0,0.0,2.0,2.0,1.0,1.0,1.0,0.02,2.0,0.3,3.5,0.0,deGFP,1.0,2026-03-09,ext,M,GFP-M-Gext,0.0008763576559317562
0 days 02:20:23,37.0,G14,8317,G,14,GFP-M-Gext,1,2026-03-09 14:51:39,Cytation5,20260309-round1,7,Sample,1.00000002,0.0,2000.000003,1.763142289,1.799999951,10,4.969,0.0,62.5,50.0,0.0,0.0,2.0,2.0,1.0,1.0,1.0,0.02,2.0,0.3,3.5,0.0,deGFP,1.0,2026-03-09,ext,M,GFP-M-Gext,0.0008752001230048531
0 days 02:25:23,37.0,G14,8365,G,14,GFP-M-Gext,1,2026-03-09 14:56:39,Cytation5,20260309-round1,7,Sample,1.00000002,0.0,2000.000003,1.763142289,1.799999951,10,4.969,0.0,62.5,50.0,0.0,0.0,2.0,2.0,1.0,1.0,1.0,0.02,2.0,0.3,3.5,0.0,deGFP,1.0,2026-03-09,ext,M,GFP-M-Gext,0.000880251175776794
0 days 02:30:23,37.0,G14,8368,G,14,GFP-M-Gext,1,2026-03-09 15:01:39,Cytation5,20260309-round1,7,Sample,1.00000002,0.0,2000.000003,1.763142289,1.799999951,10,4.969,0.0,62.5,50.0,0.0,0.0,2.0,2.0,1.0,1.0,1.0,0.02,2.0,0.3,3.5,0.0,deGFP,1.0,2026-03-09,ext,M,GFP-M-Gext,0.0008805668665750403
0 days 02:35:23,37.0,G14,8404,G,14,GFP-M-Gext,1,2026-03-09 15:06:39,Cytation5,20260309-round1,7,Sample,1.00000002,0.0,2000.000003,1.763142289,1.799999951,10,4.969,0.0,62.5,50.0,0.0,0.0,2.0,2.0,1.0,1.0,1.0,0.02,2.0,0.3,3.5,0.0,deGFP,1.0,2026-03-09,ext,M,GFP-M-Gext,0.0008843551561539961
0 days 02:40:23,37.0,G14,8189,G,14,GFP-M-Gext,1,2026-03-09 15:11:39,Cytation5,20260309-round1,7,Sample,1.00000002,0.0,2000.000003,1.763142289,1.799999951,10,4.969,0.0,62.5,50.0,0.0,0.0,2.0,2.0,1.0,1.0,1.0,0.02,2.0,0.3,3.5,0.0,deGFP,1.0,2026-03-09,ext,M,GFP-M-Gext,0.0008617306489463438
0 days 02:45:23,37.0,G14,8311,G,14,GFP-M-Gext,1,2026-03-09 15:16:39,Cytation5,20260309-round1,7,Sample,1.00000002,0.0,2000.000003,1.763142289,1.799999951,10,4.969,0.0,62.5,50.0,0.0,0.0,2.0,2.0,1.0,1.0,1.0,0.02,2.0,0.3,3.5,0.0,deGFP,1.0,2026-03-09,ext,M,GFP-M-Gext,0.0008745687414083604
0 days 02:50:23,37.0,G14,8254,G,14,GFP-M-Gext,1,2026-03-09 15:21:39,Cytation5,20260309-round1,7,Sample,1.00000002,0.0,2000.000003,1.763142289,1.799999951,10,4.969,0.0,62.5,50.0,0.0,0.0,2.0,2.0,1.0,1.0,1.0,0.02,2.0,0.3,3.5,0.0,deGFP,1.0,2026-03-09,ext,M,GFP-M-Gext,0.0008685706162416806
0 days 02:55:23,37.0,G14,8275,G,14,GFP-M-Gext,1,2026-03-09 15:26:39,Cytation5,20260309-round1,7,Sample,1.00000002,0.0,2000.000003,1.763142289,1.799999951,10,4.969,0.0,62.5,50.0,0.0,0.0,2.0,2.0,1.0,1.0,1.0,0.02,2.0,0.3,3.5,0.0,deGFP,1.0,2026-03-09,ext,M,GFP-M-Gext,0.0008707804518294047
0 days 03:00:23,36.9,G14,8333,G,14,GFP-M-Gext,1,2026-03-09 15:31:39,Cytation5,20260309-round1,7,Sample,1.00000002,0.0,2000.000003,1.763142289,1.799999951,10,4.969,0.0,62.5,50.0,0.0,0.0,2.0,2.0,1.0,1.0,1.0,0.02,2.0,0.3,3.5,0.0,deGFP,1.0,2026-03-09,ext,M,GFP-M-Gext,0.0008768838072621667
0 days 03:05:23,37.0,G14,8296,G,14,GFP-M-Gext,1,2026-03-09 15:36:39,Cytation5,20260309-round1,7,Sample,1.00000002,0.0,2000.000003,1.763142289,1.799999951,10,4.969,0.0,62.5,50.0,0.0,0.0,2.0,2.0,1.0,1.0,1.0,0.02,2.0,0.3,3.5,0.0,deGFP,1.0,2026-03-09,ext,M,GFP-M-Gext,0.0008729902874171289
0 days 03:10:23,37.0,G14,8258,G,14,GFP-M-Gext,1,2026-03-09 15:41:39,Cytation5,20260309-round1,7,Sample,1.00000002,0.0,2000.000003,1.763142289,1.799999951,10,4.969,0.0,62.5,50.0,0.0,0.0,2.0,2.0,1.0,1.0,1.0,0.02,2.0,0.3,3.5,0.0,deGFP,1.0,2026-03-09,ext,M,GFP-M-Gext,0.000868991537306009
0 days 03:15:23,37.0,G14,8356,G,14,GFP-M-Gext,1,2026-03-09 15:46:39,Cytation5,20260309-round1,7,Sample,1.00000002,0.0,2000.000003,1.763142289,1.799999951,10,4.969,0.0,62.5,50.0,0.0,0.0,2.0,2.0,1.0,1.0,1.0,0.02,2.0,0.3,3.5,0.0,deGFP,1.0,2026-03-09,ext,M,GFP-M-Gext,0.0008793041033820551
0 days 03:20:23,37.0,G14,8298,G,14,GFP-M-Gext,1,2026-03-09 15:51:39,Cytation5,20260309-round1,7,Sample,1.00000002,0.0,2000.000003,1.763142289,1.799999951,10,4.969,0.0,62.5,50.0,0.0,0.0,2.0,2.0,1.0,1.0,1.0,0.02,2.0,0.3,3.5,0.0,deGFP,1.0,2026-03-09,ext,M,GFP-M-Gext,0.0008732007479492931
0 days 03:25:23,37.0,G14,8330,G,14,GFP-M-Gext,1,2026-03-09 15:56:39,Cytation5,20260309-round1,7,Sample,1.00000002,0.0,2000.000003,1.763142289,1.799999951,10,4.969,0.0,62.5,50.0,0.0,0.0,2.0,2.0,1.0,1.0,1.0,0.02,2.0,0.3,3.5,0.0,deGFP,1.0,2026-03-09,ext,M,GFP-M-Gext,0.0008765681164639204
0 days 03:30:23,37.0,G14,8263,G,14,GFP-M-Gext,1,2026-03-09 16:01:39,Cytation5,20260309-round1,7,Sample,1.00000002,0.0,2000.000003,1.763142289,1.799999951,10,4.969,0.0,62.5,50.0,0.0,0.0,2.0,2.0,1.0,1.0,1.0,0.02,2.0,0.3,3.5,0.0,deGFP,1.0,2026-03-09,ext,M,GFP-M-Gext,0.0008695176886364195
0 days 03:35:23,37.0,G14,8289,G,14,GFP-M-Gext,1,2026-03-09 16:06:39,Cytation5,20260309-round1,7,Sample,1.00000002,0.0,2000.000003,1.763142289,1.799999951,10,4.969,0.0,62.5,50.0,0.0,0.0,2.0,2.0,1.0,1.0,1.0,0.02,2.0,0.3,3.5,0.0,deGFP,1.0,2026-03-09,ext,M,GFP-M-Gext,0.0008722536755545542
0 days 03:40:23,37.1,G14,8316,G,14,GFP-M-Gext,1,2026-03-09 16:11:39,Cytation5,20260309-round1,7,Sample,1.00000002,0.0,2000.000003,1.763142289,1.799999951,10,4.969,0.0,62.5,50.0,0.0,0.0,2.0,2.0,1.0,1.0,1.0,0.02,2.0,0.3,3.5,0.0,deGFP,1.0,2026-03-09,ext,M,GFP-M-Gext,0.0008750948927387709
0 days 03:45:23,37.0,G14,8263,G,14,GFP-M-Gext,1,2026-03-09 16:16:39,Cytation5,20260309-round1,7,Sample,1.00000002,0.0,2000.000003,1.763142289,1.799999951,10,4.969,0.0,62.5,50.0,0.0,0.0,2.0,2.0,1.0,1.0,1.0,0.02,2.0,0.3,3.5,0.0,deGFP,1.0,2026-03-09,ext,M,GFP-M-Gext,0.0008695176886364195
0 days 03:50:23,37.0,G14,8344,G,14,GFP-M-Gext,1,2026-03-09 16:21:39,Cytation5,20260309-round1,7,Sample,1.00000002,0.0,2000.000003,1.763142289,1.799999951,10,4.969,0.0,62.5,50.0,0.0,0.0,2.0,2.0,1.0,1.0,1.0,0.02,2.0,0.3,3.5,0.0,deGFP,1.0,2026-03-09,ext,M,GFP-M-Gext,0.0008780413401890698
0 days 03:55:23,37.0,G14,8335,G,14,GFP-M-Gext,1,2026-03-09 16:26:39,Cytation5,20260309-round1,7,Sample,1.00000002,0.0,2000.000003,1.763142289,1.799999951,10,4.969,0.0,62.5,50.0,0.0,0.0,2.0,2.0,1.0,1.0,1.0,0.02,2.0,0.3,3.5,0.0,deGFP,1.0,2026-03-09,ext,M,GFP-M-Gext,0.0008770942677943309
0 days 04:00:23,37.0,G14,8331,G,14,GFP-M-Gext,1,2026-03-09 16:31:39,Cytation5,20260309-round1,7,Sample,1.00000002,0.0,2000.000003,1.763142289,1.799999951,10,4.969,0.0,62.5,50.0,0.0,0.0,2.0,2.0,1.0,1.0,1.0,0.02,2.0,0.3,3.5,0.0,deGFP,1.0,2026-03-09,ext,M,GFP-M-Gext,0.0008766733467300025
0 days 04:05:23,37.1,G14,8353,G,14,GFP-M-Gext,1,2026-03-09 16:36:39,Cytation5,20260309-round1,7,Sample,1.00000002,0.0,2000.000003,1.763142289,1.799999951,10,4.969,0.0,62.5,50.0,0.0,0.0,2.0,2.0,1.0,1.0,1.0,0.02,2.0,0.3,3.5,0.0,deGFP,1.0,2026-03-09,ext,M,GFP-M-Gext,0.0008789884125838087
0 days 04:10:23,37.1,G14,8319,G,14,GFP-M-Gext,1,2026-03-09 16:41:39,Cytation5,20260309-round1,7,Sample,1.00000002,0.0,2000.000003,1.763142289,1.799999951,10,4.969,0.0,62.5,50.0,0.0,0.0,2.0,2.0,1.0,1.0,1.0,0.02,2.0,0.3,3.5,0.0,deGFP,1.0,2026-03-09,ext,M,GFP-M-Gext,0.0008754105835370173
0 days 04:15:23,37.0,G14,8378,G,14,GFP-M-Gext,1,2026-03-09 16:46:39,Cytation5,20260309-round1,7,Sample,1.00000002,0.0,2000.000003,1.763142289,1.799999951,10,4.969,0.0,62.5,50.0,0.0,0.0,2.0,2.0,1.0,1.0,1.0,0.02,2.0,0.3,3.5,0.0,deGFP,1.0,2026-03-09,ext,M,GFP-M-Gext,0.0008816191692358614
0 days 04:20:23,37.0,G14,8201,G,14,GFP-M-Gext,1,2026-03-09 16:51:39,Cytation5,20260309-round1,7,Sample,1.00000002,0.0,2000.000003,1.763142289,1.799999951,10,4.969,0.0,62.5,50.0,0.0,0.0,2.0,2.0,1.0,1.0,1.0,0.02,2.0,0.3,3.5,0.0,deGFP,1.0,2026-03-09,ext,M,GFP-M-Gext,0.000862993412139329
0 days 04:25:23,37.0,G14,8305,G,14,GFP-M-Gext,1,2026-03-09 16:56:39,Cytation5,20260309-round1,7,Sample,1.00000002,0.0,2000.000003,1.763142289,1.799999951,10,4.969,0.0,62.5,50.0,0.0,0.0,2.0,2.0,1.0,1.0,1.0,0.02,2.0,0.3,3.5,0.0,deGFP,1.0,2026-03-09,ext,M,GFP-M-Gext,0.0008739373598118678
0 days 04:30:23,37.1,G14,8376,G,14,GFP-M-Gext,1,2026-03-09 17:01:39,Cytation5,20260309-round1,7,Sample,1.00000002,0.0,2000.000003,1.763142289,1.799999951,10,4.969,0.0,62.5,50.0,0.0,0.0,2.0,2.0,1.0,1.0,1.0,0.02,2.0,0.3,3.5,0.0,deGFP,1.0,2026-03-09,ext,M,GFP-M-Gext,0.0008814087087036972
0 days 04:35:23,37.0,G14,8219,G,14,GFP-M-Gext,1,2026-03-09 17:06:39,Cytation5,20260309-round1,7,Sample,1.00000002,0.0,2000.000003,1.763142289,1.799999951,10,4.969,0.0,62.5,50.0,0.0,0.0,2.0,2.0,1.0,1.0,1.0,0.02,2.0,0.3,3.5,0.0,deGFP,1.0,2026-03-09,ext,M,GFP-M-Gext,0.000864887556928807
0 days 04:40:23,37.0,G14,8455,G,14,GFP-M-Gext,1,2026-03-09 17:11:39,Cytation5,20260309-round1,7,Sample,1.00000002,0.0,2000.000003,1.763142289,1.799999951,10,4.969,0.0,62.5,50.0,0.0,0.0,2.0,2.0,1.0,1.0,1.0,0.02,2.0,0.3,3.5,0.0,deGFP,1.0,2026-03-09,ext,M,GFP-M-Gext,0.0008897218997241833
0 days 04:45:23,37.0,G14,8433,G,14,GFP-M-Gext,1,2026-03-09 17:16:39,Cytation5,20260309-round1,7,Sample,1.00000002,0.0,2000.000003,1.763142289,1.799999951,10,4.969,0.0,62.5,50.0,0.0,0.0,2.0,2.0,1.0,1.0,1.0,0.02,2.0,0.3,3.5,0.0,deGFP,1.0,2026-03-09,ext,M,GFP-M-Gext,0.000887406833870377
0 days 04:50:23,37.1,G14,8428,G,14,GFP-M-Gext,1,2026-03-09 17:21:39,Cytation5,20260309-round1,7,Sample,1.00000002,0.0,2000.000003,1.763142289,1.799999951,10,4.969,0.0,62.5,50.0,0.0,0.0,2.0,2.0,1.0,1.0,1.0,0.02,2.0,0.3,3.5,0.0,deGFP,1.0,2026-03-09,ext,M,GFP-M-Gext,0.0008868806825399665
0 days 04:55:23,37.1,G14,8390,G,14,GFP-M-Gext,1,2026-03-09 17:26:39,Cytation5,20260309-round1,7,Sample,1.00000002,0.0,2000.000003,1.763142289,1.799999951,10,4.969,0.0,62.5,50.0,0.0,0.0,2.0,2.0,1.0,1.0,1.0,0.02,2.0,0.3,3.5,0.0,deGFP,1.0,2026-03-09,ext,M,GFP-M-Gext,0.0008828819324288466
0 days 05:00:23,37.1,G14,8358,G,14,GFP-M-Gext,1,2026-03-09 17:31:39,Cytation5,20260309-round1,7,Sample,1.00000002,0.0,2000.000003,1.763142289,1.799999951,10,4.969,0.0,62.5,50.0,0.0,0.0,2.0,2.0,1.0,1.0,1.0,0.02,2.0,0.3,3.5,0.0,deGFP,1.0,2026-03-09,ext,M,GFP-M-Gext,0.0008795145639142193
0 days 05:05:23,37.0,G14,8371,G,14,GFP-M-Gext,1,2026-03-09 17:36:39,Cytation5,20260309-round1,7,Sample,1.00000002,0.0,2000.000003,1.763142289,1.799999951,10,4.969,0.0,62.5,50.0,0.0,0.0,2.0,2.0,1.0,1.0,1.0,0.02,2.0,0.3,3.5,0.0,deGFP,1.0,2026-03-09,ext,M,GFP-M-Gext,0.0008808825573732866
0 days 05:10:23,37.0,G14,8357,G,14,GFP-M-Gext,1,2026-03-09 17:41:39,Cytation5,20260309-round1,7,Sample,1.00000002,0.0,2000.000003,1.763142289,1.799999951,10,4.969,0.0,62.5,50.0,0.0,0.0,2.0,2.0,1.0,1.0,1.0,0.02,2.0,0.3,3.5,0.0,deGFP,1.0,2026-03-09,ext,M,GFP-M-Gext,0.0008794093336481372
0 days 05:15:23,37.0,G14,8367,G,14,GFP-M-Gext,1,2026-03-09 17:46:39,Cytation5,20260309-round1,7,Sample,1.00000002,0.0,2000.000003,1.763142289,1.799999951,10,4.969,0.0,62.5,50.0,0.0,0.0,2.0,2.0,1.0,1.0,1.0,0.02,2.0,0.3,3.5,0.0,deGFP,1.0,2026-03-09,ext,M,GFP-M-Gext,0.0008804616363089582
0 days 05:20:23,37.0,G14,8442,G,14,GFP-M-Gext,1,2026-03-09 17:51:39,Cytation5,20260309-round1,7,Sample,1.00000002,0.0,2000.000003,1.763142289,1.799999951,10,4.969,0.0,62.5,50.0,0.0,0.0,2.0,2.0,1.0,1.0,1.0,0.02,2.0,0.3,3.5,0.0,deGFP,1.0,2026-03-09,ext,M,GFP-M-Gext,0.0008883539062651159
0 days 05:25:23,37.1,G14,8271,G,14,GFP-M-Gext,1,2026-03-09 17:56:39,Cytation5,20260309-round1,7,Sample,1.00000002,0.0,2000.000003,1.763142289,1.799999951,10,4.969,0.0,62.5,50.0,0.0,0.0,2.0,2.0,1.0,1.0,1.0,0.02,2.0,0.3,3.5,0.0,deGFP,1.0,2026-03-09,ext,M,GFP-M-Gext,0.0008703595307650763
0 days 05:30:23,37.1,G14,8245,G,14,GFP-M-Gext,1,2026-03-09 18:01:39,Cytation5,20260309-round1,7,Sample,1.00000002,0.0,2000.000003,1.763142289,1.799999951,10,4.969,0.0,62.5,50.0,0.0,0.0,2.0,2.0,1.0,1.0,1.0,0.02,2.0,0.3,3.5,0.0,deGFP,1.0,2026-03-09,ext,M,GFP-M-Gext,0.0008676235438469416
0 days 05:35:23,37.1,G14,8404,G,14,GFP-M-Gext,1,2026-03-09 18:06:39,Cytation5,20260309-round1,7,Sample,1.00000002,0.0,2000.000003,1.763142289,1.799999951,10,4.969,0.0,62.5,50.0,0.0,0.0,2.0,2.0,1.0,1.0,1.0,0.02,2.0,0.3,3.5,0.0,deGFP,1.0,2026-03-09,ext,M,GFP-M-Gext,0.0008843551561539961
0 days 05:40:23,37.0,G14,8390,G,14,GFP-M-Gext,1,2026-03-09 18:11:39,Cytation5,20260309-round1,7,Sample,1.00000002,0.0,2000.000003,1.763142289,1.799999951,10,4.969,0.0,62.5,50.0,0.0,0.0,2.0,2.0,1.0,1.0,1.0,0.02,2.0,0.3,3.5,0.0,deGFP,1.0,2026-03-09,ext,M,GFP-M-Gext,0.0008828819324288466
0 days 05:45:23,37.0,G14,8489,G,14,GFP-M-Gext,1,2026-03-09 18:16:39,Cytation5,20260309-round1,7,Sample,1.00000002,0.0,2000.000003,1.763142289,1.799999951,10,4.969,0.0,62.5,50.0,0.0,0.0,2.0,2.0,1.0,1.0,1.0,0.02,2.0,0.3,3.5,0.0,deGFP,1.0,2026-03-09,ext,M,GFP-M-Gext,0.0008932997287709748
0 days 05:50:23,37.0,G14,8347,G,14,GFP-M-Gext,1,2026-03-09 18:21:39,Cytation5,20260309-round1,7,Sample,1.00000002,0.0,2000.000003,1.763142289,1.799999951,10,4.969,0.0,62.5,50.0,0.0,0.0,2.0,2.0,1.0,1.0,1.0,0.02,2.0,0.3,3.5,0.0,deGFP,1.0,2026-03-09,ext,M,GFP-M-Gext,0.0008783570309873161
0 days 05:55:23,37.0,G14,8348,G,14,GFP-M-Gext,1,2026-03-09 18:26:39,Cytation5,20260309-round1,7,Sample,1.00000002,0.0,2000.000003,1.763142289,1.799999951,10,4.969,0.0,62.5,50.0,0.0,0.0,2.0,2.0,1.0,1.0,1.0,0.02,2.0,0.3,3.5,0.0,deGFP,1.0,2026-03-09,ext,M,GFP-M-Gext,0.0008784622612533982
0 days 06:00:23,37.1,G14,8412,G,14,GFP-M-Gext,1,2026-03-09 18:31:39,Cytation5,20260309-round1,7,Sample,1.00000002,0.0,2000.000003,1.763142289,1.799999951,10,4.969,0.0,62.5,50.0,0.0,0.0,2.0,2.0,1.0,1.0,1.0,0.02,2.0,0.3,3.5,0.0,deGFP,1.0,2026-03-09,ext,M,GFP-M-Gext,0.0008851969982826528
0 days 00:00:23,28.9,G15,362,G,15,GFP-M-Gext,1,2026-03-09 12:31:39,Cytation5,20260309-round1,6,Sample,5.000000045,0.0,2000.000003,1.828292141,1.799999951,10,14.969,20.0,140.0,50.0,0.0,0.0,2.0,2.0,1.0,1.0,1.0,0.02,2.0,0.3,3.5,0.0,deGFP,1.0,2026-03-09,ext,M,GFP-M-Gext,3.809335632172139e-05
0 days 00:05:23,34.5,G15,360,G,15,GFP-M-Gext,1,2026-03-09 12:36:39,Cytation5,20260309-round1,6,Sample,5.000000045,0.0,2000.000003,1.828292141,1.799999951,10,14.969,20.0,140.0,50.0,0.0,0.0,2.0,2.0,1.0,1.0,1.0,0.02,2.0,0.3,3.5,0.0,deGFP,1.0,2026-03-09,ext,M,GFP-M-Gext,3.7882895789557184e-05
0 days 00:10:23,37.0,G15,792,G,15,GFP-M-Gext,1,2026-03-09 12:41:39,Cytation5,20260309-round1,6,Sample,5.000000045,0.0,2000.000003,1.828292141,1.799999951,10,14.969,20.0,140.0,50.0,0.0,0.0,2.0,2.0,1.0,1.0,1.0,0.02,2.0,0.3,3.5,0.0,deGFP,1.0,2026-03-09,ext,M,GFP-M-Gext,8.33423707370258e-05
0 days 00:15:23,37.0,G15,4095,G,15,GFP-M-Gext,1,2026-03-09 12:46:39,Cytation5,20260309-round1,6,Sample,5.000000045,0.0,2000.000003,1.828292141,1.799999951,10,14.969,20.0,140.0,50.0,0.0,0.0,2.0,2.0,1.0,1.0,1.0,0.02,2.0,0.3,3.5,0.0,deGFP,1.0,2026-03-09,ext,M,GFP-M-Gext,0.00043091793960621294
0 days 00:20:23,37.0,G15,13276,G,15,GFP-M-Gext,1,2026-03-09 12:51:39,Cytation5,20260309-round1,6,Sample,5.000000045,0.0,2000.000003,1.828292141,1.799999951,10,14.969,20.0,140.0,50.0,0.0,0.0,2.0,2.0,1.0,1.0,1.0,0.02,2.0,0.3,3.5,0.0,deGFP,1.0,2026-03-09,ext,M,GFP-M-Gext,0.0013970370125060032
0 days 00:25:23,37.0,G15,27442,G,15,GFP-M-Gext,1,2026-03-09 12:56:39,Cytation5,20260309-round1,6,Sample,5.000000045,0.0,2000.000003,1.828292141,1.799999951,10,14.969,20.0,140.0,50.0,0.0,0.0,2.0,2.0,1.0,1.0,1.0,0.02,2.0,0.3,3.5,0.0,deGFP,1.0,2026-03-09,ext,M,GFP-M-Gext,0.0028877289618250783
0 days 00:30:23,37.0,G15,45826,G,15,GFP-M-Gext,1,2026-03-09 13:01:39,Cytation5,20260309-round1,6,Sample,5.000000045,0.0,2000.000003,1.828292141,1.799999951,10,14.969,20.0,140.0,50.0,0.0,0.0,2.0,2.0,1.0,1.0,1.0,0.02,2.0,0.3,3.5,0.0,deGFP,1.0,2026-03-09,ext,M,GFP-M-Gext,0.004822282173478465
0 days 00:35:23,37.0,G15,67216,G,15,GFP-M-Gext,1,2026-03-09 13:06:39,Cytation5,20260309-round1,6,Sample,5.000000045,0.0,2000.000003,1.828292141,1.799999951,10,14.969,20.0,140.0,50.0,0.0,0.0,2.0,2.0,1.0,1.0,1.0,0.02,2.0,0.3,3.5,0.0,deGFP,1.0,2026-03-09,ext,M,GFP-M-Gext,0.007073157564974655
0 days 00:40:23,37.0,G15,92340,G,15,GFP-M-Gext,1,2026-03-09 13:11:39,Cytation5,20260309-round1,6,Sample,5.000000045,0.0,2000.000003,1.828292141,1.799999951,10,14.969,20.0,140.0,50.0,0.0,0.0,2.0,2.0,1.0,1.0,1.0,0.02,2.0,0.3,3.5,0.0,deGFP,1.0,2026-03-09,ext,M,GFP-M-Gext,0.009716962770021417
0 days 00:45:23,37.1,G15,120487,G,15,GFP-M-Gext,1,2026-03-09 13:16:39,Cytation5,20260309-round1,6,Sample,5.000000045,0.0,2000.000003,1.828292141,1.799999951,10,14.969,20.0,140.0,50.0,0.0,0.0,2.0,2.0,1.0,1.0,1.0,0.02,2.0,0.3,3.5,0.0,deGFP,1.0,2026-03-09,ext,M,GFP-M-Gext,0.012678879069434379
0 days 00:50:23,37.0,G15,149965,G,15,GFP-M-Gext,1,2026-03-09 13:21:39,Cytation5,20260309-round1,6,Sample,5.000000045,0.0,2000.000003,1.828292141,1.799999951,10,14.969,20.0,140.0,50.0,0.0,0.0,2.0,2.0,1.0,1.0,1.0,0.02,2.0,0.3,3.5,0.0,deGFP,1.0,2026-03-09,ext,M,GFP-M-Gext,0.01578085685300262
0 days 00:55:23,37.0,G15,179982,G,15,GFP-M-Gext,1,2026-03-09 13:26:39,Cytation5,20260309-round1,6,Sample,5.000000045,0.0,2000.000003,1.828292141,1.799999951,10,14.969,20.0,140.0,50.0,0.0,0.0,2.0,2.0,1.0,1.0,1.0,0.02,2.0,0.3,3.5,0.0,deGFP,1.0,2026-03-09,ext,M,GFP-M-Gext,0.018939553749989114
0 days 01:00:23,37.0,G15,208507,G,15,GFP-M-Gext,1,2026-03-09 13:31:39,Cytation5,20260309-round1,6,Sample,5.000000045,0.0,2000.000003,1.828292141,1.799999951,10,14.969,20.0,140.0,50.0,0.0,0.0,2.0,2.0,1.0,1.0,1.0,0.02,2.0,0.3,3.5,0.0,deGFP,1.0,2026-03-09,ext,M,GFP-M-Gext,0.02194124708998111
0 days 01:05:23,37.0,G15,237487,G,15,GFP-M-Gext,1,2026-03-09 13:36:39,Cytation5,20260309-round1,6,Sample,5.000000045,0.0,2000.000003,1.828292141,1.799999951,10,14.969,20.0,140.0,50.0,0.0,0.0,2.0,2.0,1.0,1.0,1.0,0.02,2.0,0.3,3.5,0.0,deGFP,1.0,2026-03-09,ext,M,GFP-M-Gext,0.024990820201040462
0 days 01:10:23,37.0,G15,265613,G,15,GFP-M-Gext,1,2026-03-09 13:41:39,Cytation5,20260309-round1,6,Sample,5.000000045,0.0,2000.000003,1.828292141,1.799999951,10,14.969,20.0,140.0,50.0,0.0,0.0,2.0,2.0,1.0,1.0,1.0,0.02,2.0,0.3,3.5,0.0,deGFP,1.0,2026-03-09,ext,M,GFP-M-Gext,0.0279505266648657
0 days 01:15:23,37.1,G15,289568,G,15,GFP-M-Gext,1,2026-03-09 13:46:39,Cytation5,20260309-round1,6,Sample,5.000000045,0.0,2000.000003,1.828292141,1.799999951,10,14.969,20.0,140.0,50.0,0.0,0.0,2.0,2.0,1.0,1.0,1.0,0.02,2.0,0.3,3.5,0.0,deGFP,1.0,2026-03-09,ext,M,GFP-M-Gext,0.030471317688862486
0 days 01:20:23,37.0,G15,311373,G,15,GFP-M-Gext,1,2026-03-09 13:51:39,Cytation5,20260309-round1,6,Sample,5.000000045,0.0,2000.000003,1.828292141,1.799999951,10,14.969,20.0,140.0,50.0,0.0,0.0,2.0,2.0,1.0,1.0,1.0,0.02,2.0,0.3,3.5,0.0,deGFP,1.0,2026-03-09,ext,M,GFP-M-Gext,0.032765863640782746
0 days 01:25:23,37.0,G15,327879,G,15,GFP-M-Gext,1,2026-03-09 13:56:39,Cytation5,20260309-round1,6,Sample,5.000000045,0.0,2000.000003,1.828292141,1.799999951,10,14.969,20.0,140.0,50.0,0.0,0.0,2.0,2.0,1.0,1.0,1.0,0.02,2.0,0.3,3.5,0.0,deGFP,1.0,2026-03-09,ext,M,GFP-M-Gext,0.03450279441273394
0 days 01:30:23,37.0,G15,344506,G,15,GFP-M-Gext,1,2026-03-09 14:01:39,Cytation5,20260309-round1,6,Sample,5.000000045,0.0,2000.000003,1.828292141,1.799999951,10,14.969,20.0,140.0,50.0,0.0,0.0,2.0,2.0,1.0,1.0,1.0,0.02,2.0,0.3,3.5,0.0,deGFP,1.0,2026-03-09,ext,M,GFP-M-Gext,0.03625245804688108
0 days 01:35:23,37.0,G15,356878,G,15,GFP-M-Gext,1,2026-03-09 14:06:39,Cytation5,20260309-round1,6,Sample,5.000000045,0.0,2000.000003,1.828292141,1.799999951,10,14.969,20.0,140.0,50.0,0.0,0.0,2.0,2.0,1.0,1.0,1.0,0.02,2.0,0.3,3.5,0.0,deGFP,1.0,2026-03-09,ext,M,GFP-M-Gext,0.037554366898848855
0 days 01:40:23,37.0,G15,397063,G,15,GFP-M-Gext,1,2026-03-09 14:11:39,Cytation5,20260309-round1,6,Sample,5.000000045,0.0,2000.000003,1.828292141,1.799999951,10,14.969,20.0,140.0,50.0,0.0,0.0,2.0,2.0,1.0,1.0,1.0,0.02,2.0,0.3,3.5,0.0,deGFP,1.0,2026-03-09,ext,M,GFP-M-Gext,0.04178304514135818
0 days 01:45:23,37.0,G15,408648,G,15,GFP-M-Gext,1,2026-03-09 14:16:39,Cytation5,20260309-round1,6,Sample,5.000000045,0.0,2000.000003,1.828292141,1.799999951,10,14.969,20.0,140.0,50.0,0.0,0.0,2.0,2.0,1.0,1.0,1.0,0.02,2.0,0.3,3.5,0.0,deGFP,1.0,2026-03-09,ext,M,GFP-M-Gext,0.04300213777391934
0 days 01:50:23,37.0,G15,416550,G,15,GFP-M-Gext,1,2026-03-09 14:21:39,Cytation5,20260309-round1,6,Sample,5.000000045,0.0,2000.000003,1.828292141,1.799999951,10,14.969,20.0,140.0,50.0,0.0,0.0,2.0,2.0,1.0,1.0,1.0,0.02,2.0,0.3,3.5,0.0,deGFP,1.0,2026-03-09,ext,M,GFP-M-Gext,0.043833667336500126
0 days 01:55:23,37.1,G15,419702,G,15,GFP-M-Gext,1,2026-03-09 14:26:39,Cytation5,20260309-round1,6,Sample,5.000000045,0.0,2000.000003,1.828292141,1.799999951,10,14.969,20.0,140.0,50.0,0.0,0.0,2.0,2.0,1.0,1.0,1.0,0.02,2.0,0.3,3.5,0.0,deGFP,1.0,2026-03-09,ext,M,GFP-M-Gext,0.04416535313519091
0 days 02:00:23,37.0,G15,430151,G,15,GFP-M-Gext,1,2026-03-09 14:31:39,Cytation5,20260309-round1,6,Sample,5.000000045,0.0,2000.000003,1.828292141,1.799999951,10,14.969,20.0,140.0,50.0,0.0,0.0,2.0,2.0,1.0,1.0,1.0,0.02,2.0,0.3,3.5,0.0,deGFP,1.0,2026-03-09,ext,M,GFP-M-Gext,0.04526490418548281
0 days 02:05:23,37.0,G15,437866,G,15,GFP-M-Gext,1,2026-03-09 14:36:39,Cytation5,20260309-round1,6,Sample,5.000000045,0.0,2000.000003,1.828292141,1.799999951,10,14.969,20.0,140.0,50.0,0.0,0.0,2.0,2.0,1.0,1.0,1.0,0.02,2.0,0.3,3.5,0.0,deGFP,1.0,2026-03-09,ext,M,GFP-M-Gext,0.046076755688306235
0 days 02:10:23,37.1,G15,442655,G,15,GFP-M-Gext,1,2026-03-09 14:41:39,Cytation5,20260309-round1,6,Sample,5.000000045,0.0,2000.000003,1.828292141,1.799999951,10,14.969,20.0,140.0,50.0,0.0,0.0,2.0,2.0,1.0,1.0,1.0,0.02,2.0,0.3,3.5,0.0,deGFP,1.0,2026-03-09,ext,M,GFP-M-Gext,0.04658070343257343
0 days 02:15:23,37.1,G15,447651,G,15,GFP-M-Gext,1,2026-03-09 14:46:39,Cytation5,20260309-round1,6,Sample,5.000000045,0.0,2000.000003,1.828292141,1.799999951,10,14.969,20.0,140.0,50.0,0.0,0.0,2.0,2.0,1.0,1.0,1.0,0.02,2.0,0.3,3.5,0.0,deGFP,1.0,2026-03-09,ext,M,GFP-M-Gext,0.04710643384191962
0 days 02:20:23,37.0,G15,449689,G,15,GFP-M-Gext,1,2026-03-09 14:51:39,Cytation5,20260309-round1,6,Sample,5.000000045,0.0,2000.000003,1.828292141,1.799999951,10,14.969,20.0,140.0,50.0,0.0,0.0,2.0,2.0,1.0,1.0,1.0,0.02,2.0,0.3,3.5,0.0,deGFP,1.0,2026-03-09,ext,M,GFP-M-Gext,0.04732089312419494
0 days 02:25:23,37.0,G15,451007,G,15,GFP-M-Gext,1,2026-03-09 14:56:39,Cytation5,20260309-round1,6,Sample,5.000000045,0.0,2000.000003,1.828292141,1.799999951,10,14.969,20.0,140.0,50.0,0.0,0.0,2.0,2.0,1.0,1.0,1.0,0.02,2.0,0.3,3.5,0.0,deGFP,1.0,2026-03-09,ext,M,GFP-M-Gext,0.04745958661489116
0 days 02:30:23,37.0,G15,454286,G,15,GFP-M-Gext,1,2026-03-09 15:01:39,Cytation5,20260309-round1,6,Sample,5.000000045,0.0,2000.000003,1.828292141,1.799999951,10,14.969,20.0,140.0,50.0,0.0,0.0,2.0,2.0,1.0,1.0,1.0,0.02,2.0,0.3,3.5,0.0,deGFP,1.0,2026-03-09,ext,M,GFP-M-Gext,0.047804636657374375
0 days 02:35:23,37.0,G15,453734,G,15,GFP-M-Gext,1,2026-03-09 15:06:39,Cytation5,20260309-round1,6,Sample,5.000000045,0.0,2000.000003,1.828292141,1.799999951,10,14.969,20.0,140.0,50.0,0.0,0.0,2.0,2.0,1.0,1.0,1.0,0.02,2.0,0.3,3.5,0.0,deGFP,1.0,2026-03-09,ext,M,GFP-M-Gext,0.04774654955049705
0 days 02:40:23,37.0,G15,458488,G,15,GFP-M-Gext,1,2026-03-09 15:11:39,Cytation5,20260309-round1,6,Sample,5.000000045,0.0,2000.000003,1.828292141,1.799999951,10,14.969,20.0,140.0,50.0,0.0,0.0,2.0,2.0,1.0,1.0,1.0,0.02,2.0,0.3,3.5,0.0,deGFP,1.0,2026-03-09,ext,M,GFP-M-Gext,0.04824681423545137
0 days 02:45:23,37.0,G15,457067,G,15,GFP-M-Gext,1,2026-03-09 15:16:39,Cytation5,20260309-round1,6,Sample,5.000000045,0.0,2000.000003,1.828292141,1.799999951,10,14.969,20.0,140.0,50.0,0.0,0.0,2.0,2.0,1.0,1.0,1.0,0.02,2.0,0.3,3.5,0.0,deGFP,1.0,2026-03-09,ext,M,GFP-M-Gext,0.048097282027348705
0 days 02:50:23,37.0,G15,460043,G,15,GFP-M-Gext,1,2026-03-09 15:21:39,Cytation5,20260309-round1,6,Sample,5.000000045,0.0,2000.000003,1.828292141,1.799999951,10,14.969,20.0,140.0,50.0,0.0,0.0,2.0,2.0,1.0,1.0,1.0,0.02,2.0,0.3,3.5,0.0,deGFP,1.0,2026-03-09,ext,M,GFP-M-Gext,0.04841044729920904
0 days 02:55:23,37.0,G15,459314,G,15,GFP-M-Gext,1,2026-03-09 15:26:39,Cytation5,20260309-round1,6,Sample,5.000000045,0.0,2000.000003,1.828292141,1.799999951,10,14.969,20.0,140.0,50.0,0.0,0.0,2.0,2.0,1.0,1.0,1.0,0.02,2.0,0.3,3.5,0.0,deGFP,1.0,2026-03-09,ext,M,GFP-M-Gext,0.04833373443523519
0 days 03:00:23,36.9,G15,461627,G,15,GFP-M-Gext,1,2026-03-09 15:31:39,Cytation5,20260309-round1,6,Sample,5.000000045,0.0,2000.000003,1.828292141,1.799999951,10,14.969,20.0,140.0,50.0,0.0,0.0,2.0,2.0,1.0,1.0,1.0,0.02,2.0,0.3,3.5,0.0,deGFP,1.0,2026-03-09,ext,M,GFP-M-Gext,0.04857713204068309
0 days 03:05:23,37.0,G15,458310,G,15,GFP-M-Gext,1,2026-03-09 15:36:39,Cytation5,20260309-round1,6,Sample,5.000000045,0.0,2000.000003,1.828292141,1.799999951,10,14.969,20.0,140.0,50.0,0.0,0.0,2.0,2.0,1.0,1.0,1.0,0.02,2.0,0.3,3.5,0.0,deGFP,1.0,2026-03-09,ext,M,GFP-M-Gext,0.048228083248088756
0 days 03:10:23,37.0,G15,458018,G,15,GFP-M-Gext,1,2026-03-09 15:41:39,Cytation5,20260309-round1,6,Sample,5.000000045,0.0,2000.000003,1.828292141,1.799999951,10,14.969,20.0,140.0,50.0,0.0,0.0,2.0,2.0,1.0,1.0,1.0,0.02,2.0,0.3,3.5,0.0,deGFP,1.0,2026-03-09,ext,M,GFP-M-Gext,0.04819735601039278
0 days 03:15:23,37.0,G15,460800,G,15,GFP-M-Gext,1,2026-03-09 15:46:39,Cytation5,20260309-round1,6,Sample,5.000000045,0.0,2000.000003,1.828292141,1.799999951,10,14.969,20.0,140.0,50.0,0.0,0.0,2.0,2.0,1.0,1.0,1.0,0.02,2.0,0.3,3.5,0.0,deGFP,1.0,2026-03-09,ext,M,GFP-M-Gext,0.048490106610633195
0 days 03:20:23,37.0,G15,462193,G,15,GFP-M-Gext,1,2026-03-09 15:51:39,Cytation5,20260309-round1,6,Sample,5.000000045,0.0,2000.000003,1.828292141,1.799999951,10,14.969,20.0,140.0,50.0,0.0,0.0,2.0,2.0,1.0,1.0,1.0,0.02,2.0,0.3,3.5,0.0,deGFP,1.0,2026-03-09,ext,M,GFP-M-Gext,0.04863669237128557
0 days 03:25:23,37.0,G15,459776,G,15,GFP-M-Gext,1,2026-03-09 15:56:39,Cytation5,20260309-round1,6,Sample,5.000000045,0.0,2000.000003,1.828292141,1.799999951,10,14.969,20.0,140.0,50.0,0.0,0.0,2.0,2.0,1.0,1.0,1.0,0.02,2.0,0.3,3.5,0.0,deGFP,1.0,2026-03-09,ext,M,GFP-M-Gext,0.048382350818165124
0 days 03:30:23,37.0,G15,458267,G,15,GFP-M-Gext,1,2026-03-09 16:01:39,Cytation5,20260309-round1,6,Sample,5.000000045,0.0,2000.000003,1.828292141,1.799999951,10,14.969,20.0,140.0,50.0,0.0,0.0,2.0,2.0,1.0,1.0,1.0,0.02,2.0,0.3,3.5,0.0,deGFP,1.0,2026-03-09,ext,M,GFP-M-Gext,0.048223558346647225
0 days 03:35:23,37.0,G15,458707,G,15,GFP-M-Gext,1,2026-03-09 16:06:39,Cytation5,20260309-round1,6,Sample,5.000000045,0.0,2000.000003,1.828292141,1.799999951,10,14.969,20.0,140.0,50.0,0.0,0.0,2.0,2.0,1.0,1.0,1.0,0.02,2.0,0.3,3.5,0.0,deGFP,1.0,2026-03-09,ext,M,GFP-M-Gext,0.04826985966372335
0 days 03:40:23,37.1,G15,458655,G,15,GFP-M-Gext,1,2026-03-09 16:11:39,Cytation5,20260309-round1,6,Sample,5.000000045,0.0,2000.000003,1.828292141,1.799999951,10,14.969,20.0,140.0,50.0,0.0,0.0,2.0,2.0,1.0,1.0,1.0,0.02,2.0,0.3,3.5,0.0,deGFP,1.0,2026-03-09,ext,M,GFP-M-Gext,0.048264387689887084
0 days 03:45:23,37.0,G15,459130,G,15,GFP-M-Gext,1,2026-03-09 16:16:39,Cytation5,20260309-round1,6,Sample,5.000000045,0.0,2000.000003,1.828292141,1.799999951,10,14.969,20.0,140.0,50.0,0.0,0.0,2.0,2.0,1.0,1.0,1.0,0.02,2.0,0.3,3.5,0.0,deGFP,1.0,2026-03-09,ext,M,GFP-M-Gext,0.04831437206627608
0 days 03:50:23,37.0,G15,458418,G,15,GFP-M-Gext,1,2026-03-09 16:21:39,Cytation5,20260309-round1,6,Sample,5.000000045,0.0,2000.000003,1.828292141,1.799999951,10,14.969,20.0,140.0,50.0,0.0,0.0,2.0,2.0,1.0,1.0,1.0,0.02,2.0,0.3,3.5,0.0,deGFP,1.0,2026-03-09,ext,M,GFP-M-Gext,0.04823944811682562
0 days 03:55:23,37.0,G15,460006,G,15,GFP-M-Gext,1,2026-03-09 16:26:39,Cytation5,20260309-round1,6,Sample,5.000000045,0.0,2000.000003,1.828292141,1.799999951,10,14.969,20.0,140.0,50.0,0.0,0.0,2.0,2.0,1.0,1.0,1.0,0.02,2.0,0.3,3.5,0.0,deGFP,1.0,2026-03-09,ext,M,GFP-M-Gext,0.048406553779364
0 days 04:00:23,37.0,G15,458661,G,15,GFP-M-Gext,1,2026-03-09 16:31:39,Cytation5,20260309-round1,6,Sample,5.000000045,0.0,2000.000003,1.828292141,1.799999951,10,14.969,20.0,140.0,50.0,0.0,0.0,2.0,2.0,1.0,1.0,1.0,0.02,2.0,0.3,3.5,0.0,deGFP,1.0,2026-03-09,ext,M,GFP-M-Gext,0.048265019071483575
0 days 04:05:23,37.1,G15,457269,G,15,GFP-M-Gext,1,2026-03-09 16:36:39,Cytation5,20260309-round1,6,Sample,5.000000045,0.0,2000.000003,1.828292141,1.799999951,10,14.969,20.0,140.0,50.0,0.0,0.0,2.0,2.0,1.0,1.0,1.0,0.02,2.0,0.3,3.5,0.0,deGFP,1.0,2026-03-09,ext,M,GFP-M-Gext,0.04811853854109729
0 days 04:10:23,37.1,G15,456419,G,15,GFP-M-Gext,1,2026-03-09 16:41:39,Cytation5,20260309-round1,6,Sample,5.000000045,0.0,2000.000003,1.828292141,1.799999951,10,14.969,20.0,140.0,50.0,0.0,0.0,2.0,2.0,1.0,1.0,1.0,0.02,2.0,0.3,3.5,0.0,deGFP,1.0,2026-03-09,ext,M,GFP-M-Gext,0.0480290928149275
0 days 04:15:23,37.0,G15,458027,G,15,GFP-M-Gext,1,2026-03-09 16:46:39,Cytation5,20260309-round1,6,Sample,5.000000045,0.0,2000.000003,1.828292141,1.799999951,10,14.969,20.0,140.0,50.0,0.0,0.0,2.0,2.0,1.0,1.0,1.0,0.02,2.0,0.3,3.5,0.0,deGFP,1.0,2026-03-09,ext,M,GFP-M-Gext,0.048198303082787525
0 days 04:20:23,37.0,G15,458237,G,15,GFP-M-Gext,1,2026-03-09 16:51:39,Cytation5,20260309-round1,6,Sample,5.000000045,0.0,2000.000003,1.828292141,1.799999951,10,14.969,20.0,140.0,50.0,0.0,0.0,2.0,2.0,1.0,1.0,1.0,0.02,2.0,0.3,3.5,0.0,deGFP,1.0,2026-03-09,ext,M,GFP-M-Gext,0.04822040143866477
0 days 04:25:23,37.0,G15,456579,G,15,GFP-M-Gext,1,2026-03-09 16:56:39,Cytation5,20260309-round1,6,Sample,5.000000045,0.0,2000.000003,1.828292141,1.799999951,10,14.969,20.0,140.0,50.0,0.0,0.0,2.0,2.0,1.0,1.0,1.0,0.02,2.0,0.3,3.5,0.0,deGFP,1.0,2026-03-09,ext,M,GFP-M-Gext,0.04804592965750064
0 days 04:30:23,37.1,G15,457302,G,15,GFP-M-Gext,1,2026-03-09 17:01:39,Cytation5,20260309-round1,6,Sample,5.000000045,0.0,2000.000003,1.828292141,1.799999951,10,14.969,20.0,140.0,50.0,0.0,0.0,2.0,2.0,1.0,1.0,1.0,0.02,2.0,0.3,3.5,0.0,deGFP,1.0,2026-03-09,ext,M,GFP-M-Gext,0.048122011139878
0 days 04:35:23,37.0,G15,455619,G,15,GFP-M-Gext,1,2026-03-09 17:06:39,Cytation5,20260309-round1,6,Sample,5.000000045,0.0,2000.000003,1.828292141,1.799999951,10,14.969,20.0,140.0,50.0,0.0,0.0,2.0,2.0,1.0,1.0,1.0,0.02,2.0,0.3,3.5,0.0,deGFP,1.0,2026-03-09,ext,M,GFP-M-Gext,0.04794490860206182
0 days 04:40:23,37.0,G15,458758,G,15,GFP-M-Gext,1,2026-03-09 17:11:39,Cytation5,20260309-round1,6,Sample,5.000000045,0.0,2000.000003,1.828292141,1.799999951,10,14.969,20.0,140.0,50.0,0.0,0.0,2.0,2.0,1.0,1.0,1.0,0.02,2.0,0.3,3.5,0.0,deGFP,1.0,2026-03-09,ext,M,GFP-M-Gext,0.04827522640729354
0 days 04:45:23,37.0,G15,458281,G,15,GFP-M-Gext,1,2026-03-09 17:16:39,Cytation5,20260309-round1,6,Sample,5.000000045,0.0,2000.000003,1.828292141,1.799999951,10,14.969,20.0,140.0,50.0,0.0,0.0,2.0,2.0,1.0,1.0,1.0,0.02,2.0,0.3,3.5,0.0,deGFP,1.0,2026-03-09,ext,M,GFP-M-Gext,0.048225031570372376
0 days 04:50:23,37.1,G15,457076,G,15,GFP-M-Gext,1,2026-03-09 17:21:39,Cytation5,20260309-round1,6,Sample,5.000000045,0.0,2000.000003,1.828292141,1.799999951,10,14.969,20.0,140.0,50.0,0.0,0.0,2.0,2.0,1.0,1.0,1.0,0.02,2.0,0.3,3.5,0.0,deGFP,1.0,2026-03-09,ext,M,GFP-M-Gext,0.04809822909974344
0 days 04:55:23,37.1,G15,452842,G,15,GFP-M-Gext,1,2026-03-09 17:26:39,Cytation5,20260309-round1,6,Sample,5.000000045,0.0,2000.000003,1.828292141,1.799999951,10,14.969,20.0,140.0,50.0,0.0,0.0,2.0,2.0,1.0,1.0,1.0,0.02,2.0,0.3,3.5,0.0,deGFP,1.0,2026-03-09,ext,M,GFP-M-Gext,0.04765268415315182
0 days 05:00:23,37.1,G15,452735,G,15,GFP-M-Gext,1,2026-03-09 17:31:39,Cytation5,20260309-round1,6,Sample,5.000000045,0.0,2000.000003,1.828292141,1.799999951,10,14.969,20.0,140.0,50.0,0.0,0.0,2.0,2.0,1.0,1.0,1.0,0.02,2.0,0.3,3.5,0.0,deGFP,1.0,2026-03-09,ext,M,GFP-M-Gext,0.04764142451468103
0 days 05:05:23,37.0,G15,455934,G,15,GFP-M-Gext,1,2026-03-09 17:36:39,Cytation5,20260309-round1,6,Sample,5.000000045,0.0,2000.000003,1.828292141,1.799999951,10,14.969,20.0,140.0,50.0,0.0,0.0,2.0,2.0,1.0,1.0,1.0,0.02,2.0,0.3,3.5,0.0,deGFP,1.0,2026-03-09,ext,M,GFP-M-Gext,0.04797805613587768
0 days 05:10:23,37.0,G15,453895,G,15,GFP-M-Gext,1,2026-03-09 17:41:39,Cytation5,20260309-round1,6,Sample,5.000000045,0.0,2000.000003,1.828292141,1.799999951,10,14.969,20.0,140.0,50.0,0.0,0.0,2.0,2.0,1.0,1.0,1.0,0.02,2.0,0.3,3.5,0.0,deGFP,1.0,2026-03-09,ext,M,GFP-M-Gext,0.04776349162333627
0 days 05:15:23,37.0,G15,455756,G,15,GFP-M-Gext,1,2026-03-09 17:46:39,Cytation5,20260309-round1,6,Sample,5.000000045,0.0,2000.000003,1.828292141,1.799999951,10,14.969,20.0,140.0,50.0,0.0,0.0,2.0,2.0,1.0,1.0,1.0,0.02,2.0,0.3,3.5,0.0,deGFP,1.0,2026-03-09,ext,M,GFP-M-Gext,0.047959325148515065
0 days 05:20:23,37.0,G15,456547,G,15,GFP-M-Gext,1,2026-03-09 17:51:39,Cytation5,20260309-round1,6,Sample,5.000000045,0.0,2000.000003,1.828292141,1.799999951,10,14.969,20.0,140.0,50.0,0.0,0.0,2.0,2.0,1.0,1.0,1.0,0.02,2.0,0.3,3.5,0.0,deGFP,1.0,2026-03-09,ext,M,GFP-M-Gext,0.04804256228898601
0 days 05:25:23,37.1,G15,453683,G,15,GFP-M-Gext,1,2026-03-09 17:56:39,Cytation5,20260309-round1,6,Sample,5.000000045,0.0,2000.000003,1.828292141,1.799999951,10,14.969,20.0,140.0,50.0,0.0,0.0,2.0,2.0,1.0,1.0,1.0,0.02,2.0,0.3,3.5,0.0,deGFP,1.0,2026-03-09,ext,M,GFP-M-Gext,0.047741182806926866
0 days 05:30:23,37.1,G15,454499,G,15,GFP-M-Gext,1,2026-03-09 18:01:39,Cytation5,20260309-round1,6,Sample,5.000000045,0.0,2000.000003,1.828292141,1.799999951,10,14.969,20.0,140.0,50.0,0.0,0.0,2.0,2.0,1.0,1.0,1.0,0.02,2.0,0.3,3.5,0.0,deGFP,1.0,2026-03-09,ext,M,GFP-M-Gext,0.04782705070404986
0 days 05:35:23,37.1,G15,454659,G,15,GFP-M-Gext,1,2026-03-09 18:06:39,Cytation5,20260309-round1,6,Sample,5.000000045,0.0,2000.000003,1.828292141,1.799999951,10,14.969,20.0,140.0,50.0,0.0,0.0,2.0,2.0,1.0,1.0,1.0,0.02,2.0,0.3,3.5,0.0,deGFP,1.0,2026-03-09,ext,M,GFP-M-Gext,0.047843887546623
0 days 05:40:23,37.0,G15,454773,G,15,GFP-M-Gext,1,2026-03-09 18:11:39,Cytation5,20260309-round1,6,Sample,5.000000045,0.0,2000.000003,1.828292141,1.799999951,10,14.969,20.0,140.0,50.0,0.0,0.0,2.0,2.0,1.0,1.0,1.0,0.02,2.0,0.3,3.5,0.0,deGFP,1.0,2026-03-09,ext,M,GFP-M-Gext,0.04785588379695636
0 days 05:45:23,37.0,G15,453645,G,15,GFP-M-Gext,1,2026-03-09 18:16:39,Cytation5,20260309-round1,6,Sample,5.000000045,0.0,2000.000003,1.828292141,1.799999951,10,14.969,20.0,140.0,50.0,0.0,0.0,2.0,2.0,1.0,1.0,1.0,0.02,2.0,0.3,3.5,0.0,deGFP,1.0,2026-03-09,ext,M,GFP-M-Gext,0.04773718405681575
0 days 05:50:23,37.0,G15,454013,G,15,GFP-M-Gext,1,2026-03-09 18:21:39,Cytation5,20260309-round1,6,Sample,5.000000045,0.0,2000.000003,1.828292141,1.799999951,10,14.969,20.0,140.0,50.0,0.0,0.0,2.0,2.0,1.0,1.0,1.0,0.02,2.0,0.3,3.5,0.0,deGFP,1.0,2026-03-09,ext,M,GFP-M-Gext,0.04777590879473396
0 days 05:55:23,37.0,G15,454048,G,15,GFP-M-Gext,1,2026-03-09 18:26:39,Cytation5,20260309-round1,6,Sample,5.000000045,0.0,2000.000003,1.828292141,1.799999951,10,14.969,20.0,140.0,50.0,0.0,0.0,2.0,2.0,1.0,1.0,1.0,0.02,2.0,0.3,3.5,0.0,deGFP,1.0,2026-03-09,ext,M,GFP-M-Gext,0.047779591854046836
0 days 06:00:23,37.1,G15,458075,G,15,GFP-M-Gext,1,2026-03-09 18:31:39,Cytation5,20260309-round1,6,Sample,5.000000045,0.0,2000.000003,1.828292141,1.799999951,10,14.969,20.0,140.0,50.0,0.0,0.0,2.0,2.0,1.0,1.0,1.0,0.02,2.0,0.3,3.5,0.0,deGFP,1.0,2026-03-09,ext,M,GFP-M-Gext,0.04820335413555946
0 days 00:00:23,28.9,G16,333,G,16,GFP-M-Gext,1,2026-03-09 12:31:39,Cytation5,20260309-round1,2,Sample,2.996187423,0.0,2000.000003,1.950000051,1.799999951,10,12.469,0.0,100.0,50.0,0.0,0.0,2.0,2.0,1.0,1.0,1.0,0.02,2.0,0.3,3.5,0.0,deGFP,1.0,2026-03-09,ext,M,GFP-M-Gext,3.50416786053404e-05
0 days 00:05:23,34.5,G16,295,G,16,GFP-M-Gext,1,2026-03-09 12:36:39,Cytation5,20260309-round1,2,Sample,2.996187423,0.0,2000.000003,1.950000051,1.799999951,10,12.469,0.0,100.0,50.0,0.0,0.0,2.0,2.0,1.0,1.0,1.0,0.02,2.0,0.3,3.5,0.0,deGFP,1.0,2026-03-09,ext,M,GFP-M-Gext,3.104292849422047e-05
0 days 00:10:23,37.0,G16,400,G,16,GFP-M-Gext,1,2026-03-09 12:41:39,Cytation5,20260309-round1,2,Sample,2.996187423,0.0,2000.000003,1.950000051,1.799999951,10,12.469,0.0,100.0,50.0,0.0,0.0,2.0,2.0,1.0,1.0,1.0,0.02,2.0,0.3,3.5,0.0,deGFP,1.0,2026-03-09,ext,M,GFP-M-Gext,4.2092106432841317e-05
0 days 00:15:23,37.0,G16,1357,G,16,GFP-M-Gext,1,2026-03-09 12:46:39,Cytation5,20260309-round1,2,Sample,2.996187423,0.0,2000.000003,1.950000051,1.799999951,10,12.469,0.0,100.0,50.0,0.0,0.0,2.0,2.0,1.0,1.0,1.0,0.02,2.0,0.3,3.5,0.0,deGFP,1.0,2026-03-09,ext,M,GFP-M-Gext,0.00014279747107341417
0 days 00:20:23,37.0,G16,3786,G,16,GFP-M-Gext,1,2026-03-09 12:51:39,Cytation5,20260309-round1,2,Sample,2.996187423,0.0,2000.000003,1.950000051,1.799999951,10,12.469,0.0,100.0,50.0,0.0,0.0,2.0,2.0,1.0,1.0,1.0,0.02,2.0,0.3,3.5,0.0,deGFP,1.0,2026-03-09,ext,M,GFP-M-Gext,0.00039840178738684306
0 days 00:25:23,37.0,G16,7568,G,16,GFP-M-Gext,1,2026-03-09 12:56:39,Cytation5,20260309-round1,2,Sample,2.996187423,0.0,2000.000003,1.950000051,1.799999951,10,12.469,0.0,100.0,50.0,0.0,0.0,2.0,2.0,1.0,1.0,1.0,0.02,2.0,0.3,3.5,0.0,deGFP,1.0,2026-03-09,ext,M,GFP-M-Gext,0.0007963826537093577
0 days 00:30:23,37.0,G16,11809,G,16,GFP-M-Gext,1,2026-03-09 13:01:39,Cytation5,20260309-round1,2,Sample,2.996187423,0.0,2000.000003,1.950000051,1.799999951,10,12.469,0.0,100.0,50.0,0.0,0.0,2.0,2.0,1.0,1.0,1.0,0.02,2.0,0.3,3.5,0.0,deGFP,1.0,2026-03-09,ext,M,GFP-M-Gext,0.0012426642121635577
0 days 00:35:23,37.0,G16,16810,G,16,GFP-M-Gext,1,2026-03-09 13:06:39,Cytation5,20260309-round1,2,Sample,2.996187423,0.0,2000.000003,1.950000051,1.799999951,10,12.469,0.0,100.0,50.0,0.0,0.0,2.0,2.0,1.0,1.0,1.0,0.02,2.0,0.3,3.5,0.0,deGFP,1.0,2026-03-09,ext,M,GFP-M-Gext,0.0017689207728401562
0 days 00:40:23,37.0,G16,21635,G,16,GFP-M-Gext,1,2026-03-09 13:11:39,Cytation5,20260309-round1,2,Sample,2.996187423,0.0,2000.000003,1.950000051,1.799999951,10,12.469,0.0,100.0,50.0,0.0,0.0,2.0,2.0,1.0,1.0,1.0,0.02,2.0,0.3,3.5,0.0,deGFP,1.0,2026-03-09,ext,M,GFP-M-Gext,0.0022766568066863047
0 days 00:45:23,37.1,G16,26936,G,16,GFP-M-Gext,1,2026-03-09 13:16:39,Cytation5,20260309-round1,2,Sample,2.996187423,0.0,2000.000003,1.950000051,1.799999951,10,12.469,0.0,100.0,50.0,0.0,0.0,2.0,2.0,1.0,1.0,1.0,0.02,2.0,0.3,3.5,0.0,deGFP,1.0,2026-03-09,ext,M,GFP-M-Gext,0.002834482447187534
0 days 00:50:23,37.0,G16,31433,G,16,GFP-M-Gext,1,2026-03-09 13:21:39,Cytation5,20260309-round1,2,Sample,2.996187423,0.0,2000.000003,1.950000051,1.799999951,10,12.469,0.0,100.0,50.0,0.0,0.0,2.0,2.0,1.0,1.0,1.0,0.02,2.0,0.3,3.5,0.0,deGFP,1.0,2026-03-09,ext,M,GFP-M-Gext,0.0033077029537587526
0 days 00:55:23,37.0,G16,35771,G,16,GFP-M-Gext,1,2026-03-09 13:26:39,Cytation5,20260309-round1,2,Sample,2.996187423,0.0,2000.000003,1.950000051,1.799999951,10,12.469,0.0,100.0,50.0,0.0,0.0,2.0,2.0,1.0,1.0,1.0,0.02,2.0,0.3,3.5,0.0,deGFP,1.0,2026-03-09,ext,M,GFP-M-Gext,0.0037641918480229167
0 days 01:00:23,37.0,G16,39311,G,16,GFP-M-Gext,1,2026-03-09 13:31:39,Cytation5,20260309-round1,2,Sample,2.996187423,0.0,2000.000003,1.950000051,1.799999951,10,12.469,0.0,100.0,50.0,0.0,0.0,2.0,2.0,1.0,1.0,1.0,0.02,2.0,0.3,3.5,0.0,deGFP,1.0,2026-03-09,ext,M,GFP-M-Gext,0.004136706989953562
0 days 01:05:23,37.0,G16,42355,G,16,GFP-M-Gext,1,2026-03-09 13:36:39,Cytation5,20260309-round1,2,Sample,2.996187423,0.0,2000.000003,1.950000051,1.799999951,10,12.469,0.0,100.0,50.0,0.0,0.0,2.0,2.0,1.0,1.0,1.0,0.02,2.0,0.3,3.5,0.0,deGFP,1.0,2026-03-09,ext,M,GFP-M-Gext,0.004457027919907485
0 days 01:10:23,37.0,G16,44891,G,16,GFP-M-Gext,1,2026-03-09 13:41:39,Cytation5,20260309-round1,2,Sample,2.996187423,0.0,2000.000003,1.950000051,1.799999951,10,12.469,0.0,100.0,50.0,0.0,0.0,2.0,2.0,1.0,1.0,1.0,0.02,2.0,0.3,3.5,0.0,deGFP,1.0,2026-03-09,ext,M,GFP-M-Gext,0.0047238918746916984
0 days 01:15:23,37.1,G16,47527,G,16,GFP-M-Gext,1,2026-03-09 13:46:39,Cytation5,20260309-round1,2,Sample,2.996187423,0.0,2000.000003,1.950000051,1.799999951,10,12.469,0.0,100.0,50.0,0.0,0.0,2.0,2.0,1.0,1.0,1.0,0.02,2.0,0.3,3.5,0.0,deGFP,1.0,2026-03-09,ext,M,GFP-M-Gext,0.0050012788560841225
0 days 01:20:23,37.0,G16,48325,G,16,GFP-M-Gext,1,2026-03-09 13:51:39,Cytation5,20260309-round1,2,Sample,2.996187423,0.0,2000.000003,1.950000051,1.799999951,10,12.469,0.0,100.0,50.0,0.0,0.0,2.0,2.0,1.0,1.0,1.0,0.02,2.0,0.3,3.5,0.0,deGFP,1.0,2026-03-09,ext,M,GFP-M-Gext,0.005085252608417641
0 days 01:25:23,37.0,G16,49912,G,16,GFP-M-Gext,1,2026-03-09 13:56:39,Cytation5,20260309-round1,2,Sample,2.996187423,0.0,2000.000003,1.950000051,1.799999951,10,12.469,0.0,100.0,50.0,0.0,0.0,2.0,2.0,1.0,1.0,1.0,0.02,2.0,0.3,3.5,0.0,deGFP,1.0,2026-03-09,ext,M,GFP-M-Gext,0.005252253040689939
0 days 01:30:23,37.0,G16,50733,G,16,GFP-M-Gext,1,2026-03-09 14:01:39,Cytation5,20260309-round1,2,Sample,2.996187423,0.0,2000.000003,1.950000051,1.799999951,10,12.469,0.0,100.0,50.0,0.0,0.0,2.0,2.0,1.0,1.0,1.0,0.02,2.0,0.3,3.5,0.0,deGFP,1.0,2026-03-09,ext,M,GFP-M-Gext,0.005338647089143346
0 days 01:35:23,37.0,G16,51127,G,16,GFP-M-Gext,1,2026-03-09 14:06:39,Cytation5,20260309-round1,2,Sample,2.996187423,0.0,2000.000003,1.950000051,1.799999951,10,12.469,0.0,100.0,50.0,0.0,0.0,2.0,2.0,1.0,1.0,1.0,0.02,2.0,0.3,3.5,0.0,deGFP,1.0,2026-03-09,ext,M,GFP-M-Gext,0.005380107813979695
0 days 01:40:23,37.0,G16,51834,G,16,GFP-M-Gext,1,2026-03-09 14:11:39,Cytation5,20260309-round1,2,Sample,2.996187423,0.0,2000.000003,1.950000051,1.799999951,10,12.469,0.0,100.0,50.0,0.0,0.0,2.0,2.0,1.0,1.0,1.0,0.02,2.0,0.3,3.5,0.0,deGFP,1.0,2026-03-09,ext,M,GFP-M-Gext,0.005454505612099742
0 days 01:45:23,37.0,G16,51723,G,16,GFP-M-Gext,1,2026-03-09 14:16:39,Cytation5,20260309-round1,2,Sample,2.996187423,0.0,2000.000003,1.950000051,1.799999951,10,12.469,0.0,100.0,50.0,0.0,0.0,2.0,2.0,1.0,1.0,1.0,0.02,2.0,0.3,3.5,0.0,deGFP,1.0,2026-03-09,ext,M,GFP-M-Gext,0.005442825052564628
0 days 01:50:23,37.0,G16,52173,G,16,GFP-M-Gext,1,2026-03-09 14:21:39,Cytation5,20260309-round1,2,Sample,2.996187423,0.0,2000.000003,1.950000051,1.799999951,10,12.469,0.0,100.0,50.0,0.0,0.0,2.0,2.0,1.0,1.0,1.0,0.02,2.0,0.3,3.5,0.0,deGFP,1.0,2026-03-09,ext,M,GFP-M-Gext,0.005490178672301575
0 days 01:55:23,37.1,G16,51790,G,16,GFP-M-Gext,1,2026-03-09 14:26:39,Cytation5,20260309-round1,2,Sample,2.996187423,0.0,2000.000003,1.950000051,1.799999951,10,12.469,0.0,100.0,50.0,0.0,0.0,2.0,2.0,1.0,1.0,1.0,0.02,2.0,0.3,3.5,0.0,deGFP,1.0,2026-03-09,ext,M,GFP-M-Gext,0.00544987548039213
0 days 02:00:23,37.0,G16,51561,G,16,GFP-M-Gext,1,2026-03-09 14:31:39,Cytation5,20260309-round1,2,Sample,2.996187423,0.0,2000.000003,1.950000051,1.799999951,10,12.469,0.0,100.0,50.0,0.0,0.0,2.0,2.0,1.0,1.0,1.0,0.02,2.0,0.3,3.5,0.0,deGFP,1.0,2026-03-09,ext,M,GFP-M-Gext,0.005425777749459328
0 days 02:05:23,37.0,G16,52180,G,16,GFP-M-Gext,1,2026-03-09 14:36:39,Cytation5,20260309-round1,2,Sample,2.996187423,0.0,2000.000003,1.950000051,1.799999951,10,12.469,0.0,100.0,50.0,0.0,0.0,2.0,2.0,1.0,1.0,1.0,0.02,2.0,0.3,3.5,0.0,deGFP,1.0,2026-03-09,ext,M,GFP-M-Gext,0.0054909152841641495
0 days 02:10:23,37.1,G16,51838,G,16,GFP-M-Gext,1,2026-03-09 14:41:39,Cytation5,20260309-round1,2,Sample,2.996187423,0.0,2000.000003,1.950000051,1.799999951,10,12.469,0.0,100.0,50.0,0.0,0.0,2.0,2.0,1.0,1.0,1.0,0.02,2.0,0.3,3.5,0.0,deGFP,1.0,2026-03-09,ext,M,GFP-M-Gext,0.00545492653316407
0 days 02:15:23,37.1,G16,52224,G,16,GFP-M-Gext,1,2026-03-09 14:46:39,Cytation5,20260309-round1,2,Sample,2.996187423,0.0,2000.000003,1.950000051,1.799999951,10,12.469,0.0,100.0,50.0,0.0,0.0,2.0,2.0,1.0,1.0,1.0,0.02,2.0,0.3,3.5,0.0,deGFP,1.0,2026-03-09,ext,M,GFP-M-Gext,0.005495545415871762
0 days 02:20:23,37.0,G16,51934,G,16,GFP-M-Gext,1,2026-03-09 14:51:39,Cytation5,20260309-round1,2,Sample,2.996187423,0.0,2000.000003,1.950000051,1.799999951,10,12.469,0.0,100.0,50.0,0.0,0.0,2.0,2.0,1.0,1.0,1.0,0.02,2.0,0.3,3.5,0.0,deGFP,1.0,2026-03-09,ext,M,GFP-M-Gext,0.005465028638707952
0 days 02:25:23,37.0,G16,51414,G,16,GFP-M-Gext,1,2026-03-09 14:56:39,Cytation5,20260309-round1,2,Sample,2.996187423,0.0,2000.000003,1.950000051,1.799999951,10,12.469,0.0,100.0,50.0,0.0,0.0,2.0,2.0,1.0,1.0,1.0,0.02,2.0,0.3,3.5,0.0,deGFP,1.0,2026-03-09,ext,M,GFP-M-Gext,0.005410308900345258
0 days 02:30:23,37.0,G16,51363,G,16,GFP-M-Gext,1,2026-03-09 15:01:39,Cytation5,20260309-round1,2,Sample,2.996187423,0.0,2000.000003,1.950000051,1.799999951,10,12.469,0.0,100.0,50.0,0.0,0.0,2.0,2.0,1.0,1.0,1.0,0.02,2.0,0.3,3.5,0.0,deGFP,1.0,2026-03-09,ext,M,GFP-M-Gext,0.0054049421567750715
0 days 02:35:23,37.0,G16,52030,G,16,GFP-M-Gext,1,2026-03-09 15:06:39,Cytation5,20260309-round1,2,Sample,2.996187423,0.0,2000.000003,1.950000051,1.799999951,10,12.469,0.0,100.0,50.0,0.0,0.0,2.0,2.0,1.0,1.0,1.0,0.02,2.0,0.3,3.5,0.0,deGFP,1.0,2026-03-09,ext,M,GFP-M-Gext,0.005475130744251834
0 days 02:40:23,37.0,G16,51549,G,16,GFP-M-Gext,1,2026-03-09 15:11:39,Cytation5,20260309-round1,2,Sample,2.996187423,0.0,2000.000003,1.950000051,1.799999951,10,12.469,0.0,100.0,50.0,0.0,0.0,2.0,2.0,1.0,1.0,1.0,0.02,2.0,0.3,3.5,0.0,deGFP,1.0,2026-03-09,ext,M,GFP-M-Gext,0.005424514986266342
0 days 02:45:23,37.0,G16,51434,G,16,GFP-M-Gext,1,2026-03-09 15:16:39,Cytation5,20260309-round1,2,Sample,2.996187423,0.0,2000.000003,1.950000051,1.799999951,10,12.469,0.0,100.0,50.0,0.0,0.0,2.0,2.0,1.0,1.0,1.0,0.02,2.0,0.3,3.5,0.0,deGFP,1.0,2026-03-09,ext,M,GFP-M-Gext,0.0054124135056669
0 days 02:50:23,37.0,G16,51629,G,16,GFP-M-Gext,1,2026-03-09 15:21:39,Cytation5,20260309-round1,2,Sample,2.996187423,0.0,2000.000003,1.950000051,1.799999951,10,12.469,0.0,100.0,50.0,0.0,0.0,2.0,2.0,1.0,1.0,1.0,0.02,2.0,0.3,3.5,0.0,deGFP,1.0,2026-03-09,ext,M,GFP-M-Gext,0.005432933407552911
0 days 02:55:23,37.0,G16,51622,G,16,GFP-M-Gext,1,2026-03-09 15:26:39,Cytation5,20260309-round1,2,Sample,2.996187423,0.0,2000.000003,1.950000051,1.799999951,10,12.469,0.0,100.0,50.0,0.0,0.0,2.0,2.0,1.0,1.0,1.0,0.02,2.0,0.3,3.5,0.0,deGFP,1.0,2026-03-09,ext,M,GFP-M-Gext,0.005432196795690336
0 days 03:00:23,36.9,G16,51497,G,16,GFP-M-Gext,1,2026-03-09 15:31:39,Cytation5,20260309-round1,2,Sample,2.996187423,0.0,2000.000003,1.950000051,1.799999951,10,12.469,0.0,100.0,50.0,0.0,0.0,2.0,2.0,1.0,1.0,1.0,0.02,2.0,0.3,3.5,0.0,deGFP,1.0,2026-03-09,ext,M,GFP-M-Gext,0.005419043012430073
0 days 03:05:23,37.0,G16,51539,G,16,GFP-M-Gext,1,2026-03-09 15:36:39,Cytation5,20260309-round1,2,Sample,2.996187423,0.0,2000.000003,1.950000051,1.799999951,10,12.469,0.0,100.0,50.0,0.0,0.0,2.0,2.0,1.0,1.0,1.0,0.02,2.0,0.3,3.5,0.0,deGFP,1.0,2026-03-09,ext,M,GFP-M-Gext,0.005423462683605522
0 days 03:10:23,37.0,G16,51552,G,16,GFP-M-Gext,1,2026-03-09 15:41:39,Cytation5,20260309-round1,2,Sample,2.996187423,0.0,2000.000003,1.950000051,1.799999951,10,12.469,0.0,100.0,50.0,0.0,0.0,2.0,2.0,1.0,1.0,1.0,0.02,2.0,0.3,3.5,0.0,deGFP,1.0,2026-03-09,ext,M,GFP-M-Gext,0.005424830677064589
0 days 03:15:23,37.0,G16,51354,G,16,GFP-M-Gext,1,2026-03-09 15:46:39,Cytation5,20260309-round1,2,Sample,2.996187423,0.0,2000.000003,1.950000051,1.799999951,10,12.469,0.0,100.0,50.0,0.0,0.0,2.0,2.0,1.0,1.0,1.0,0.02,2.0,0.3,3.5,0.0,deGFP,1.0,2026-03-09,ext,M,GFP-M-Gext,0.0054039950843803326
0 days 03:20:23,37.0,G16,51267,G,16,GFP-M-Gext,1,2026-03-09 15:51:39,Cytation5,20260309-round1,2,Sample,2.996187423,0.0,2000.000003,1.950000051,1.799999951,10,12.469,0.0,100.0,50.0,0.0,0.0,2.0,2.0,1.0,1.0,1.0,0.02,2.0,0.3,3.5,0.0,deGFP,1.0,2026-03-09,ext,M,GFP-M-Gext,0.005394840051231189
0 days 03:25:23,37.0,G16,51130,G,16,GFP-M-Gext,1,2026-03-09 15:56:39,Cytation5,20260309-round1,2,Sample,2.996187423,0.0,2000.000003,1.950000051,1.799999951,10,12.469,0.0,100.0,50.0,0.0,0.0,2.0,2.0,1.0,1.0,1.0,0.02,2.0,0.3,3.5,0.0,deGFP,1.0,2026-03-09,ext,M,GFP-M-Gext,0.005380423504777941
0 days 03:30:23,37.0,G16,51229,G,16,GFP-M-Gext,1,2026-03-09 16:01:39,Cytation5,20260309-round1,2,Sample,2.996187423,0.0,2000.000003,1.950000051,1.799999951,10,12.469,0.0,100.0,50.0,0.0,0.0,2.0,2.0,1.0,1.0,1.0,0.02,2.0,0.3,3.5,0.0,deGFP,1.0,2026-03-09,ext,M,GFP-M-Gext,0.005390841301120069
0 days 03:35:23,37.0,G16,51361,G,16,GFP-M-Gext,1,2026-03-09 16:06:39,Cytation5,20260309-round1,2,Sample,2.996187423,0.0,2000.000003,1.950000051,1.799999951,10,12.469,0.0,100.0,50.0,0.0,0.0,2.0,2.0,1.0,1.0,1.0,0.02,2.0,0.3,3.5,0.0,deGFP,1.0,2026-03-09,ext,M,GFP-M-Gext,0.0054047316962429065
0 days 03:40:23,37.1,G16,51317,G,16,GFP-M-Gext,1,2026-03-09 16:11:39,Cytation5,20260309-round1,2,Sample,2.996187423,0.0,2000.000003,1.950000051,1.799999951,10,12.469,0.0,100.0,50.0,0.0,0.0,2.0,2.0,1.0,1.0,1.0,0.02,2.0,0.3,3.5,0.0,deGFP,1.0,2026-03-09,ext,M,GFP-M-Gext,0.005400101564535294
0 days 03:45:23,37.0,G16,51190,G,16,GFP-M-Gext,1,2026-03-09 16:16:39,Cytation5,20260309-round1,2,Sample,2.996187423,0.0,2000.000003,1.950000051,1.799999951,10,12.469,0.0,100.0,50.0,0.0,0.0,2.0,2.0,1.0,1.0,1.0,0.02,2.0,0.3,3.5,0.0,deGFP,1.0,2026-03-09,ext,M,GFP-M-Gext,0.005386737320742867
0 days 03:50:23,37.0,G16,51085,G,16,GFP-M-Gext,1,2026-03-09 16:21:39,Cytation5,20260309-round1,2,Sample,2.996187423,0.0,2000.000003,1.950000051,1.799999951,10,12.469,0.0,100.0,50.0,0.0,0.0,2.0,2.0,1.0,1.0,1.0,0.02,2.0,0.3,3.5,0.0,deGFP,1.0,2026-03-09,ext,M,GFP-M-Gext,0.005375688142804247
0 days 03:55:23,37.0,G16,50564,G,16,GFP-M-Gext,1,2026-03-09 16:26:39,Cytation5,20260309-round1,2,Sample,2.996187423,0.0,2000.000003,1.950000051,1.799999951,10,12.469,0.0,100.0,50.0,0.0,0.0,2.0,2.0,1.0,1.0,1.0,0.02,2.0,0.3,3.5,0.0,deGFP,1.0,2026-03-09,ext,M,GFP-M-Gext,0.00532086317417547
0 days 04:00:23,37.0,G16,51083,G,16,GFP-M-Gext,1,2026-03-09 16:31:39,Cytation5,20260309-round1,2,Sample,2.996187423,0.0,2000.000003,1.950000051,1.799999951,10,12.469,0.0,100.0,50.0,0.0,0.0,2.0,2.0,1.0,1.0,1.0,0.02,2.0,0.3,3.5,0.0,deGFP,1.0,2026-03-09,ext,M,GFP-M-Gext,0.005375477682272083
0 days 04:05:23,37.1,G16,50761,G,16,GFP-M-Gext,1,2026-03-09 16:36:39,Cytation5,20260309-round1,2,Sample,2.996187423,0.0,2000.000003,1.950000051,1.799999951,10,12.469,0.0,100.0,50.0,0.0,0.0,2.0,2.0,1.0,1.0,1.0,0.02,2.0,0.3,3.5,0.0,deGFP,1.0,2026-03-09,ext,M,GFP-M-Gext,0.005341593536593645
0 days 04:10:23,37.1,G16,51210,G,16,GFP-M-Gext,1,2026-03-09 16:41:39,Cytation5,20260309-round1,2,Sample,2.996187423,0.0,2000.000003,1.950000051,1.799999951,10,12.469,0.0,100.0,50.0,0.0,0.0,2.0,2.0,1.0,1.0,1.0,0.02,2.0,0.3,3.5,0.0,deGFP,1.0,2026-03-09,ext,M,GFP-M-Gext,0.005388841926064509
0 days 04:15:23,37.0,G16,50519,G,16,GFP-M-Gext,1,2026-03-09 16:46:39,Cytation5,20260309-round1,2,Sample,2.996187423,0.0,2000.000003,1.950000051,1.799999951,10,12.469,0.0,100.0,50.0,0.0,0.0,2.0,2.0,1.0,1.0,1.0,0.02,2.0,0.3,3.5,0.0,deGFP,1.0,2026-03-09,ext,M,GFP-M-Gext,0.005316127812201776
0 days 04:20:23,37.0,G16,50852,G,16,GFP-M-Gext,1,2026-03-09 16:51:39,Cytation5,20260309-round1,2,Sample,2.996187423,0.0,2000.000003,1.950000051,1.799999951,10,12.469,0.0,100.0,50.0,0.0,0.0,2.0,2.0,1.0,1.0,1.0,0.02,2.0,0.3,3.5,0.0,deGFP,1.0,2026-03-09,ext,M,GFP-M-Gext,0.0053511694908071165
0 days 04:25:23,37.0,G16,50793,G,16,GFP-M-Gext,1,2026-03-09 16:56:39,Cytation5,20260309-round1,2,Sample,2.996187423,0.0,2000.000003,1.950000051,1.799999951,10,12.469,0.0,100.0,50.0,0.0,0.0,2.0,2.0,1.0,1.0,1.0,0.02,2.0,0.3,3.5,0.0,deGFP,1.0,2026-03-09,ext,M,GFP-M-Gext,0.005344960905108272
0 days 04:30:23,37.1,G16,50642,G,16,GFP-M-Gext,1,2026-03-09 17:01:39,Cytation5,20260309-round1,2,Sample,2.996187423,0.0,2000.000003,1.950000051,1.799999951,10,12.469,0.0,100.0,50.0,0.0,0.0,2.0,2.0,1.0,1.0,1.0,0.02,2.0,0.3,3.5,0.0,deGFP,1.0,2026-03-09,ext,M,GFP-M-Gext,0.005329071134929875
0 days 04:35:23,37.0,G16,50395,G,16,GFP-M-Gext,1,2026-03-09 17:06:39,Cytation5,20260309-round1,2,Sample,2.996187423,0.0,2000.000003,1.950000051,1.799999951,10,12.469,0.0,100.0,50.0,0.0,0.0,2.0,2.0,1.0,1.0,1.0,0.02,2.0,0.3,3.5,0.0,deGFP,1.0,2026-03-09,ext,M,GFP-M-Gext,0.005303079259207595
0 days 04:40:23,37.0,G16,51000,G,16,GFP-M-Gext,1,2026-03-09 17:11:39,Cytation5,20260309-round1,2,Sample,2.996187423,0.0,2000.000003,1.950000051,1.799999951,10,12.469,0.0,100.0,50.0,0.0,0.0,2.0,2.0,1.0,1.0,1.0,0.02,2.0,0.3,3.5,0.0,deGFP,1.0,2026-03-09,ext,M,GFP-M-Gext,0.005366743570187267
0 days 04:45:23,37.0,G16,50618,G,16,GFP-M-Gext,1,2026-03-09 17:16:39,Cytation5,20260309-round1,2,Sample,2.996187423,0.0,2000.000003,1.950000051,1.799999951,10,12.469,0.0,100.0,50.0,0.0,0.0,2.0,2.0,1.0,1.0,1.0,0.02,2.0,0.3,3.5,0.0,deGFP,1.0,2026-03-09,ext,M,GFP-M-Gext,0.005326545608543904
0 days 04:50:23,37.1,G16,50488,G,16,GFP-M-Gext,1,2026-03-09 17:21:39,Cytation5,20260309-round1,2,Sample,2.996187423,0.0,2000.000003,1.950000051,1.799999951,10,12.469,0.0,100.0,50.0,0.0,0.0,2.0,2.0,1.0,1.0,1.0,0.02,2.0,0.3,3.5,0.0,deGFP,1.0,2026-03-09,ext,M,GFP-M-Gext,0.005312865673953231
0 days 04:55:23,37.1,G16,50447,G,16,GFP-M-Gext,1,2026-03-09 17:26:39,Cytation5,20260309-round1,2,Sample,2.996187423,0.0,2000.000003,1.950000051,1.799999951,10,12.469,0.0,100.0,50.0,0.0,0.0,2.0,2.0,1.0,1.0,1.0,0.02,2.0,0.3,3.5,0.0,deGFP,1.0,2026-03-09,ext,M,GFP-M-Gext,0.0053085512330438645
0 days 05:00:23,37.1,G16,50515,G,16,GFP-M-Gext,1,2026-03-09 17:31:39,Cytation5,20260309-round1,2,Sample,2.996187423,0.0,2000.000003,1.950000051,1.799999951,10,12.469,0.0,100.0,50.0,0.0,0.0,2.0,2.0,1.0,1.0,1.0,0.02,2.0,0.3,3.5,0.0,deGFP,1.0,2026-03-09,ext,M,GFP-M-Gext,0.005315706891137448
0 days 05:05:23,37.0,G16,50031,G,16,GFP-M-Gext,1,2026-03-09 17:36:39,Cytation5,20260309-round1,2,Sample,2.996187423,0.0,2000.000003,1.950000051,1.799999951,10,12.469,0.0,100.0,50.0,0.0,0.0,2.0,2.0,1.0,1.0,1.0,0.02,2.0,0.3,3.5,0.0,deGFP,1.0,2026-03-09,ext,M,GFP-M-Gext,0.005264775442353709
0 days 05:10:23,37.0,G16,50586,G,16,GFP-M-Gext,1,2026-03-09 17:41:39,Cytation5,20260309-round1,2,Sample,2.996187423,0.0,2000.000003,1.950000051,1.799999951,10,12.469,0.0,100.0,50.0,0.0,0.0,2.0,2.0,1.0,1.0,1.0,0.02,2.0,0.3,3.5,0.0,deGFP,1.0,2026-03-09,ext,M,GFP-M-Gext,0.005323178240029277
0 days 05:15:23,37.0,G16,50720,G,16,GFP-M-Gext,1,2026-03-09 17:46:39,Cytation5,20260309-round1,2,Sample,2.996187423,0.0,2000.000003,1.950000051,1.799999951,10,12.469,0.0,100.0,50.0,0.0,0.0,2.0,2.0,1.0,1.0,1.0,0.02,2.0,0.3,3.5,0.0,deGFP,1.0,2026-03-09,ext,M,GFP-M-Gext,0.0053372790956842785
0 days 05:20:23,37.0,G16,50594,G,16,GFP-M-Gext,1,2026-03-09 17:51:39,Cytation5,20260309-round1,2,Sample,2.996187423,0.0,2000.000003,1.950000051,1.799999951,10,12.469,0.0,100.0,50.0,0.0,0.0,2.0,2.0,1.0,1.0,1.0,0.02,2.0,0.3,3.5,0.0,deGFP,1.0,2026-03-09,ext,M,GFP-M-Gext,0.005324020082157934
0 days 05:25:23,37.1,G16,50314,G,16,GFP-M-Gext,1,2026-03-09 17:56:39,Cytation5,20260309-round1,2,Sample,2.996187423,0.0,2000.000003,1.950000051,1.799999951,10,12.469,0.0,100.0,50.0,0.0,0.0,2.0,2.0,1.0,1.0,1.0,0.02,2.0,0.3,3.5,0.0,deGFP,1.0,2026-03-09,ext,M,GFP-M-Gext,0.005294555607654945
0 days 05:30:23,37.1,G16,50793,G,16,GFP-M-Gext,1,2026-03-09 18:01:39,Cytation5,20260309-round1,2,Sample,2.996187423,0.0,2000.000003,1.950000051,1.799999951,10,12.469,0.0,100.0,50.0,0.0,0.0,2.0,2.0,1.0,1.0,1.0,0.02,2.0,0.3,3.5,0.0,deGFP,1.0,2026-03-09,ext,M,GFP-M-Gext,0.005344960905108272
0 days 05:35:23,37.1,G16,50820,G,16,GFP-M-Gext,1,2026-03-09 18:06:39,Cytation5,20260309-round1,2,Sample,2.996187423,0.0,2000.000003,1.950000051,1.799999951,10,12.469,0.0,100.0,50.0,0.0,0.0,2.0,2.0,1.0,1.0,1.0,0.02,2.0,0.3,3.5,0.0,deGFP,1.0,2026-03-09,ext,M,GFP-M-Gext,0.005347802122292489
0 days 05:40:23,37.0,G16,50527,G,16,GFP-M-Gext,1,2026-03-09 18:11:39,Cytation5,20260309-round1,2,Sample,2.996187423,0.0,2000.000003,1.950000051,1.799999951,10,12.469,0.0,100.0,50.0,0.0,0.0,2.0,2.0,1.0,1.0,1.0,0.02,2.0,0.3,3.5,0.0,deGFP,1.0,2026-03-09,ext,M,GFP-M-Gext,0.005316969654330433
0 days 05:45:23,37.0,G16,50542,G,16,GFP-M-Gext,1,2026-03-09 18:16:39,Cytation5,20260309-round1,2,Sample,2.996187423,0.0,2000.000003,1.950000051,1.799999951,10,12.469,0.0,100.0,50.0,0.0,0.0,2.0,2.0,1.0,1.0,1.0,0.02,2.0,0.3,3.5,0.0,deGFP,1.0,2026-03-09,ext,M,GFP-M-Gext,0.005318548108321664
0 days 05:50:23,37.0,G16,50483,G,16,GFP-M-Gext,1,2026-03-09 18:21:39,Cytation5,20260309-round1,2,Sample,2.996187423,0.0,2000.000003,1.950000051,1.799999951,10,12.469,0.0,100.0,50.0,0.0,0.0,2.0,2.0,1.0,1.0,1.0,0.02,2.0,0.3,3.5,0.0,deGFP,1.0,2026-03-09,ext,M,GFP-M-Gext,0.00531233952262282
0 days 05:55:23,37.0,G16,50381,G,16,GFP-M-Gext,1,2026-03-09 18:26:39,Cytation5,20260309-round1,2,Sample,2.996187423,0.0,2000.000003,1.950000051,1.799999951,10,12.469,0.0,100.0,50.0,0.0,0.0,2.0,2.0,1.0,1.0,1.0,0.02,2.0,0.3,3.5,0.0,deGFP,1.0,2026-03-09,ext,M,GFP-M-Gext,0.0053016060354824455
0 days 06:00:23,37.1,G16,50848,G,16,GFP-M-Gext,1,2026-03-09 18:31:39,Cytation5,20260309-round1,2,Sample,2.996187423,0.0,2000.000003,1.950000051,1.799999951,10,12.469,0.0,100.0,50.0,0.0,0.0,2.0,2.0,1.0,1.0,1.0,0.02,2.0,0.3,3.5,0.0,deGFP,1.0,2026-03-09,ext,M,GFP-M-Gext,0.005350748569742788
0 days 00:00:23,28.9,H8,336,H,8,GFP-M-Gext,1,2026-03-09 12:31:39,Cytation5,20260309-round1,6,Sample,5.000000045,0.0,2000.000003,1.828292141,1.799999951,10,14.969,20.0,140.0,50.0,0.0,0.0,2.0,2.0,1.0,1.0,1.0,0.02,2.0,0.3,3.5,0.0,deGFP,1.0,2026-03-09,ext,M,GFP-M-Gext,3.5357369403586706e-05
0 days 00:05:23,34.5,H8,291,H,8,GFP-M-Gext,1,2026-03-09 12:36:39,Cytation5,20260309-round1,6,Sample,5.000000045,0.0,2000.000003,1.828292141,1.799999951,10,14.969,20.0,140.0,50.0,0.0,0.0,2.0,2.0,1.0,1.0,1.0,0.02,2.0,0.3,3.5,0.0,deGFP,1.0,2026-03-09,ext,M,GFP-M-Gext,3.0622007429892055e-05
0 days 00:10:23,37.0,H8,497,H,8,GFP-M-Gext,1,2026-03-09 12:41:39,Cytation5,20260309-round1,6,Sample,5.000000045,0.0,2000.000003,1.828292141,1.799999951,10,14.969,20.0,140.0,50.0,0.0,0.0,2.0,2.0,1.0,1.0,1.0,0.02,2.0,0.3,3.5,0.0,deGFP,1.0,2026-03-09,ext,M,GFP-M-Gext,5.229944224280533e-05
0 days 00:15:23,37.0,H8,2207,H,8,GFP-M-Gext,1,2026-03-09 12:46:39,Cytation5,20260309-round1,6,Sample,5.000000045,0.0,2000.000003,1.828292141,1.799999951,10,14.969,20.0,140.0,50.0,0.0,0.0,2.0,2.0,1.0,1.0,1.0,0.02,2.0,0.3,3.5,0.0,deGFP,1.0,2026-03-09,ext,M,GFP-M-Gext,0.00023224319724320195
0 days 00:20:23,37.0,H8,7403,H,8,GFP-M-Gext,1,2026-03-09 12:51:39,Cytation5,20260309-round1,6,Sample,5.000000045,0.0,2000.000003,1.828292141,1.799999951,10,14.969,20.0,140.0,50.0,0.0,0.0,2.0,2.0,1.0,1.0,1.0,0.02,2.0,0.3,3.5,0.0,deGFP,1.0,2026-03-09,ext,M,GFP-M-Gext,0.0007790196598058106
0 days 00:25:23,37.0,H8,16655,H,8,GFP-M-Gext,1,2026-03-09 12:56:39,Cytation5,20260309-round1,6,Sample,5.000000045,0.0,2000.000003,1.828292141,1.799999951,10,14.969,20.0,140.0,50.0,0.0,0.0,2.0,2.0,1.0,1.0,1.0,0.02,2.0,0.3,3.5,0.0,deGFP,1.0,2026-03-09,ext,M,GFP-M-Gext,0.0017526100815974301
0 days 00:30:23,37.0,H8,29618,H,8,GFP-M-Gext,1,2026-03-09 13:01:39,Cytation5,20260309-round1,6,Sample,5.000000045,0.0,2000.000003,1.828292141,1.799999951,10,14.969,20.0,140.0,50.0,0.0,0.0,2.0,2.0,1.0,1.0,1.0,0.02,2.0,0.3,3.5,0.0,deGFP,1.0,2026-03-09,ext,M,GFP-M-Gext,0.0031167100208197352
0 days 00:35:23,37.0,H8,46020,H,8,GFP-M-Gext,1,2026-03-09 13:06:39,Cytation5,20260309-round1,6,Sample,5.000000045,0.0,2000.000003,1.828292141,1.799999951,10,14.969,20.0,140.0,50.0,0.0,0.0,2.0,2.0,1.0,1.0,1.0,0.02,2.0,0.3,3.5,0.0,deGFP,1.0,2026-03-09,ext,M,GFP-M-Gext,0.004842696845098394
0 days 00:40:23,37.0,H8,66660,H,8,GFP-M-Gext,1,2026-03-09 13:11:39,Cytation5,20260309-round1,6,Sample,5.000000045,0.0,2000.000003,1.828292141,1.799999951,10,14.969,20.0,140.0,50.0,0.0,0.0,2.0,2.0,1.0,1.0,1.0,0.02,2.0,0.3,3.5,0.0,deGFP,1.0,2026-03-09,ext,M,GFP-M-Gext,0.007014649537033005
0 days 00:45:23,37.1,H8,90731,H,8,GFP-M-Gext,1,2026-03-09 13:16:39,Cytation5,20260309-round1,6,Sample,5.000000045,0.0,2000.000003,1.828292141,1.799999951,10,14.969,20.0,140.0,50.0,0.0,0.0,2.0,2.0,1.0,1.0,1.0,0.02,2.0,0.3,3.5,0.0,deGFP,1.0,2026-03-09,ext,M,GFP-M-Gext,0.009547647271895313
0 days 00:50:23,37.0,H8,116685,H,8,GFP-M-Gext,1,2026-03-09 13:21:39,Cytation5,20260309-round1,6,Sample,5.000000045,0.0,2000.000003,1.828292141,1.799999951,10,14.969,20.0,140.0,50.0,0.0,0.0,2.0,2.0,1.0,1.0,1.0,0.02,2.0,0.3,3.5,0.0,deGFP,1.0,2026-03-09,ext,M,GFP-M-Gext,0.012278793597790221
0 days 00:55:23,37.0,H8,143883,H,8,GFP-M-Gext,1,2026-03-09 13:26:39,Cytation5,20260309-round1,6,Sample,5.000000045,0.0,2000.000003,1.828292141,1.799999951,10,14.969,20.0,140.0,50.0,0.0,0.0,2.0,2.0,1.0,1.0,1.0,0.02,2.0,0.3,3.5,0.0,deGFP,1.0,2026-03-09,ext,M,GFP-M-Gext,0.015140846374691267
0 days 01:00:23,37.0,H8,171418,H,8,GFP-M-Gext,1,2026-03-09 13:31:39,Cytation5,20260309-round1,6,Sample,5.000000045,0.0,2000.000003,1.828292141,1.799999951,10,14.969,20.0,140.0,50.0,0.0,0.0,2.0,2.0,1.0,1.0,1.0,0.02,2.0,0.3,3.5,0.0,deGFP,1.0,2026-03-09,ext,M,GFP-M-Gext,0.018038361751261982
0 days 01:05:23,37.0,H8,197930,H,8,GFP-M-Gext,1,2026-03-09 13:36:39,Cytation5,20260309-round1,6,Sample,5.000000045,0.0,2000.000003,1.828292141,1.799999951,10,14.969,20.0,140.0,50.0,0.0,0.0,2.0,2.0,1.0,1.0,1.0,0.02,2.0,0.3,3.5,0.0,deGFP,1.0,2026-03-09,ext,M,GFP-M-Gext,0.020828226565630704
0 days 01:10:23,37.0,H8,223816,H,8,GFP-M-Gext,1,2026-03-09 13:41:39,Cytation5,20260309-round1,6,Sample,5.000000045,0.0,2000.000003,1.828292141,1.799999951,10,14.969,20.0,140.0,50.0,0.0,0.0,2.0,2.0,1.0,1.0,1.0,0.02,2.0,0.3,3.5,0.0,deGFP,1.0,2026-03-09,ext,M,GFP-M-Gext,0.02355221723343203
0 days 01:15:23,37.1,H8,248753,H,8,GFP-M-Gext,1,2026-03-09 13:46:39,Cytation5,20260309-round1,6,Sample,5.000000045,0.0,2000.000003,1.828292141,1.799999951,10,14.969,20.0,140.0,50.0,0.0,0.0,2.0,2.0,1.0,1.0,1.0,0.02,2.0,0.3,3.5,0.0,deGFP,1.0,2026-03-09,ext,M,GFP-M-Gext,0.02617634437872144
0 days 01:20:23,37.0,H8,270626,H,8,GFP-M-Gext,1,2026-03-09 13:51:39,Cytation5,20260309-round1,6,Sample,5.000000045,0.0,2000.000003,1.828292141,1.799999951,10,14.969,20.0,140.0,50.0,0.0,0.0,2.0,2.0,1.0,1.0,1.0,0.02,2.0,0.3,3.5,0.0,deGFP,1.0,2026-03-09,ext,M,GFP-M-Gext,0.028478045988735285
0 days 01:25:23,37.0,H8,288622,H,8,GFP-M-Gext,1,2026-03-09 13:56:39,Cytation5,20260309-round1,6,Sample,5.000000045,0.0,2000.000003,1.828292141,1.799999951,10,14.969,20.0,140.0,50.0,0.0,0.0,2.0,2.0,1.0,1.0,1.0,0.02,2.0,0.3,3.5,0.0,deGFP,1.0,2026-03-09,ext,M,GFP-M-Gext,0.030371769857148814
0 days 01:30:23,37.0,H8,306557,H,8,GFP-M-Gext,1,2026-03-09 14:01:39,Cytation5,20260309-round1,6,Sample,5.000000045,0.0,2000.000003,1.828292141,1.799999951,10,14.969,20.0,140.0,50.0,0.0,0.0,2.0,2.0,1.0,1.0,1.0,0.02,2.0,0.3,3.5,0.0,deGFP,1.0,2026-03-09,ext,M,GFP-M-Gext,0.03225907467933134
0 days 01:35:23,37.0,H8,319618,H,8,GFP-M-Gext,1,2026-03-09 14:06:39,Cytation5,20260309-round1,6,Sample,5.000000045,0.0,2000.000003,1.828292141,1.799999951,10,14.969,20.0,140.0,50.0,0.0,0.0,2.0,2.0,1.0,1.0,1.0,0.02,2.0,0.3,3.5,0.0,deGFP,1.0,2026-03-09,ext,M,GFP-M-Gext,0.03363348718462969
0 days 01:40:23,37.0,H8,331944,H,8,GFP-M-Gext,1,2026-03-09 14:11:39,Cytation5,20260309-round1,6,Sample,5.000000045,0.0,2000.000003,1.828292141,1.799999951,10,14.969,20.0,140.0,50.0,0.0,0.0,2.0,2.0,1.0,1.0,1.0,0.02,2.0,0.3,3.5,0.0,deGFP,1.0,2026-03-09,ext,M,GFP-M-Gext,0.03493055544435769
0 days 01:45:23,37.0,H8,341021,H,8,GFP-M-Gext,1,2026-03-09 14:16:39,Cytation5,20260309-round1,6,Sample,5.000000045,0.0,2000.000003,1.828292141,1.799999951,10,14.969,20.0,140.0,50.0,0.0,0.0,2.0,2.0,1.0,1.0,1.0,0.02,2.0,0.3,3.5,0.0,deGFP,1.0,2026-03-09,ext,M,GFP-M-Gext,0.035885730569584946
0 days 01:50:23,37.0,H8,349214,H,8,GFP-M-Gext,1,2026-03-09 14:21:39,Cytation5,20260309-round1,6,Sample,5.000000045,0.0,2000.000003,1.828292141,1.799999951,10,14.969,20.0,140.0,50.0,0.0,0.0,2.0,2.0,1.0,1.0,1.0,0.02,2.0,0.3,3.5,0.0,deGFP,1.0,2026-03-09,ext,M,GFP-M-Gext,0.036747882139595615
0 days 01:55:23,37.1,H8,358474,H,8,GFP-M-Gext,1,2026-03-09 14:26:39,Cytation5,20260309-round1,6,Sample,5.000000045,0.0,2000.000003,1.828292141,1.799999951,10,14.969,20.0,140.0,50.0,0.0,0.0,2.0,2.0,1.0,1.0,1.0,0.02,2.0,0.3,3.5,0.0,deGFP,1.0,2026-03-09,ext,M,GFP-M-Gext,0.037722314403515894
0 days 02:00:23,37.0,H8,393475,H,8,GFP-M-Gext,1,2026-03-09 14:31:39,Cytation5,20260309-round1,6,Sample,5.000000045,0.0,2000.000003,1.828292141,1.799999951,10,14.969,20.0,140.0,50.0,0.0,0.0,2.0,2.0,1.0,1.0,1.0,0.02,2.0,0.3,3.5,0.0,deGFP,1.0,2026-03-09,ext,M,GFP-M-Gext,0.04140547894665559
0 days 02:05:23,37.0,H8,401508,H,8,GFP-M-Gext,1,2026-03-09 14:36:39,Cytation5,20260309-round1,6,Sample,5.000000045,0.0,2000.000003,1.828292141,1.799999951,10,14.969,20.0,140.0,50.0,0.0,0.0,2.0,2.0,1.0,1.0,1.0,0.02,2.0,0.3,3.5,0.0,deGFP,1.0,2026-03-09,ext,M,GFP-M-Gext,0.04225079367409312
0 days 02:10:23,37.1,H8,403370,H,8,GFP-M-Gext,1,2026-03-09 14:41:39,Cytation5,20260309-round1,6,Sample,5.000000045,0.0,2000.000003,1.828292141,1.799999951,10,14.969,20.0,140.0,50.0,0.0,0.0,2.0,2.0,1.0,1.0,1.0,0.02,2.0,0.3,3.5,0.0,deGFP,1.0,2026-03-09,ext,M,GFP-M-Gext,0.042446732429538
0 days 02:15:23,37.1,H8,411030,H,8,GFP-M-Gext,1,2026-03-09 14:46:39,Cytation5,20260309-round1,6,Sample,5.000000045,0.0,2000.000003,1.828292141,1.799999951,10,14.969,20.0,140.0,50.0,0.0,0.0,2.0,2.0,1.0,1.0,1.0,0.02,2.0,0.3,3.5,0.0,deGFP,1.0,2026-03-09,ext,M,GFP-M-Gext,0.04325279626772691
0 days 02:20:23,37.0,H8,416908,H,8,GFP-M-Gext,1,2026-03-09 14:51:39,Cytation5,20260309-round1,6,Sample,5.000000045,0.0,2000.000003,1.828292141,1.799999951,10,14.969,20.0,140.0,50.0,0.0,0.0,2.0,2.0,1.0,1.0,1.0,0.02,2.0,0.3,3.5,0.0,deGFP,1.0,2026-03-09,ext,M,GFP-M-Gext,0.043871339771757514
0 days 02:25:23,37.0,H8,417711,H,8,GFP-M-Gext,1,2026-03-09 14:56:39,Cytation5,20260309-round1,6,Sample,5.000000045,0.0,2000.000003,1.828292141,1.799999951,10,14.969,20.0,140.0,50.0,0.0,0.0,2.0,2.0,1.0,1.0,1.0,0.02,2.0,0.3,3.5,0.0,deGFP,1.0,2026-03-09,ext,M,GFP-M-Gext,0.043955839675421444
0 days 02:30:23,37.0,H8,417982,H,8,GFP-M-Gext,1,2026-03-09 15:01:39,Cytation5,20260309-round1,6,Sample,5.000000045,0.0,2000.000003,1.828292141,1.799999951,10,14.969,20.0,140.0,50.0,0.0,0.0,2.0,2.0,1.0,1.0,1.0,0.02,2.0,0.3,3.5,0.0,deGFP,1.0,2026-03-09,ext,M,GFP-M-Gext,0.04398435707752969
0 days 02:35:23,37.0,H8,421171,H,8,GFP-M-Gext,1,2026-03-09 15:06:39,Cytation5,20260309-round1,6,Sample,5.000000045,0.0,2000.000003,1.828292141,1.799999951,10,14.969,20.0,140.0,50.0,0.0,0.0,2.0,2.0,1.0,1.0,1.0,0.02,2.0,0.3,3.5,0.0,deGFP,1.0,2026-03-09,ext,M,GFP-M-Gext,0.044319936396065525
0 days 02:40:23,37.0,H8,424482,H,8,GFP-M-Gext,1,2026-03-09 15:11:39,Cytation5,20260309-round1,6,Sample,5.000000045,0.0,2000.000003,1.828292141,1.799999951,10,14.969,20.0,140.0,50.0,0.0,0.0,2.0,2.0,1.0,1.0,1.0,0.02,2.0,0.3,3.5,0.0,deGFP,1.0,2026-03-09,ext,M,GFP-M-Gext,0.04466835380706337
0 days 02:45:23,37.0,H8,422278,H,8,GFP-M-Gext,1,2026-03-09 15:16:39,Cytation5,20260309-round1,6,Sample,5.000000045,0.0,2000.000003,1.828292141,1.799999951,10,14.969,20.0,140.0,50.0,0.0,0.0,2.0,2.0,1.0,1.0,1.0,0.02,2.0,0.3,3.5,0.0,deGFP,1.0,2026-03-09,ext,M,GFP-M-Gext,0.04443642630061841
0 days 02:50:23,37.0,H8,425040,H,8,GFP-M-Gext,1,2026-03-09 15:21:39,Cytation5,20260309-round1,6,Sample,5.000000045,0.0,2000.000003,1.828292141,1.799999951,10,14.969,20.0,140.0,50.0,0.0,0.0,2.0,2.0,1.0,1.0,1.0,0.02,2.0,0.3,3.5,0.0,deGFP,1.0,2026-03-09,ext,M,GFP-M-Gext,0.04472707229553718
0 days 02:55:23,37.0,H8,426081,H,8,GFP-M-Gext,1,2026-03-09 15:26:39,Cytation5,20260309-round1,6,Sample,5.000000045,0.0,2000.000003,1.828292141,1.799999951,10,14.969,20.0,140.0,50.0,0.0,0.0,2.0,2.0,1.0,1.0,1.0,0.02,2.0,0.3,3.5,0.0,deGFP,1.0,2026-03-09,ext,M,GFP-M-Gext,0.04483661700252865
0 days 03:00:23,36.9,H8,427537,H,8,GFP-M-Gext,1,2026-03-09 15:31:39,Cytation5,20260309-round1,6,Sample,5.000000045,0.0,2000.000003,1.828292141,1.799999951,10,14.969,20.0,140.0,50.0,0.0,0.0,2.0,2.0,1.0,1.0,1.0,0.02,2.0,0.3,3.5,0.0,deGFP,1.0,2026-03-09,ext,M,GFP-M-Gext,0.04498983226994419
0 days 03:05:23,37.0,H8,427388,H,8,GFP-M-Gext,1,2026-03-09 15:36:39,Cytation5,20260309-round1,6,Sample,5.000000045,0.0,2000.000003,1.828292141,1.799999951,10,14.969,20.0,140.0,50.0,0.0,0.0,2.0,2.0,1.0,1.0,1.0,0.02,2.0,0.3,3.5,0.0,deGFP,1.0,2026-03-09,ext,M,GFP-M-Gext,0.04497415296029796
0 days 03:10:23,37.0,H8,429690,H,8,GFP-M-Gext,1,2026-03-09 15:41:39,Cytation5,20260309-round1,6,Sample,5.000000045,0.0,2000.000003,1.828292141,1.799999951,10,14.969,20.0,140.0,50.0,0.0,0.0,2.0,2.0,1.0,1.0,1.0,0.02,2.0,0.3,3.5,0.0,deGFP,1.0,2026-03-09,ext,M,GFP-M-Gext,0.04521639303281896
0 days 03:15:23,37.0,H8,426122,H,8,GFP-M-Gext,1,2026-03-09 15:46:39,Cytation5,20260309-round1,6,Sample,5.000000045,0.0,2000.000003,1.828292141,1.799999951,10,14.969,20.0,140.0,50.0,0.0,0.0,2.0,2.0,1.0,1.0,1.0,0.02,2.0,0.3,3.5,0.0,deGFP,1.0,2026-03-09,ext,M,GFP-M-Gext,0.044840931443438016
0 days 03:20:23,37.0,H8,426074,H,8,GFP-M-Gext,1,2026-03-09 15:51:39,Cytation5,20260309-round1,6,Sample,5.000000045,0.0,2000.000003,1.828292141,1.799999951,10,14.969,20.0,140.0,50.0,0.0,0.0,2.0,2.0,1.0,1.0,1.0,0.02,2.0,0.3,3.5,0.0,deGFP,1.0,2026-03-09,ext,M,GFP-M-Gext,0.04483588039066608
0 days 03:25:23,37.0,H8,425421,H,8,GFP-M-Gext,1,2026-03-09 15:56:39,Cytation5,20260309-round1,6,Sample,5.000000045,0.0,2000.000003,1.828292141,1.799999951,10,14.969,20.0,140.0,50.0,0.0,0.0,2.0,2.0,1.0,1.0,1.0,0.02,2.0,0.3,3.5,0.0,deGFP,1.0,2026-03-09,ext,M,GFP-M-Gext,0.04476716502691446
0 days 03:30:23,37.0,H8,424964,H,8,GFP-M-Gext,1,2026-03-09 16:01:39,Cytation5,20260309-round1,6,Sample,5.000000045,0.0,2000.000003,1.828292141,1.799999951,10,14.969,20.0,140.0,50.0,0.0,0.0,2.0,2.0,1.0,1.0,1.0,0.02,2.0,0.3,3.5,0.0,deGFP,1.0,2026-03-09,ext,M,GFP-M-Gext,0.04471907479531494
0 days 03:35:23,37.0,H8,423798,H,8,GFP-M-Gext,1,2026-03-09 16:06:39,Cytation5,20260309-round1,6,Sample,5.000000045,0.0,2000.000003,1.828292141,1.799999951,10,14.969,20.0,140.0,50.0,0.0,0.0,2.0,2.0,1.0,1.0,1.0,0.02,2.0,0.3,3.5,0.0,deGFP,1.0,2026-03-09,ext,M,GFP-M-Gext,0.04459637630506321
0 days 03:40:23,37.1,H8,425115,H,8,GFP-M-Gext,1,2026-03-09 16:11:39,Cytation5,20260309-round1,6,Sample,5.000000045,0.0,2000.000003,1.828292141,1.799999951,10,14.969,20.0,140.0,50.0,0.0,0.0,2.0,2.0,1.0,1.0,1.0,0.02,2.0,0.3,3.5,0.0,deGFP,1.0,2026-03-09,ext,M,GFP-M-Gext,0.04473496456549334
0 days 03:45:23,37.0,H8,428544,H,8,GFP-M-Gext,1,2026-03-09 16:16:39,Cytation5,20260309-round1,6,Sample,5.000000045,0.0,2000.000003,1.828292141,1.799999951,10,14.969,20.0,140.0,50.0,0.0,0.0,2.0,2.0,1.0,1.0,1.0,0.02,2.0,0.3,3.5,0.0,deGFP,1.0,2026-03-09,ext,M,GFP-M-Gext,0.045095799147888874
0 days 03:50:23,37.0,H8,423571,H,8,GFP-M-Gext,1,2026-03-09 16:21:39,Cytation5,20260309-round1,6,Sample,5.000000045,0.0,2000.000003,1.828292141,1.799999951,10,14.969,20.0,140.0,50.0,0.0,0.0,2.0,2.0,1.0,1.0,1.0,0.02,2.0,0.3,3.5,0.0,deGFP,1.0,2026-03-09,ext,M,GFP-M-Gext,0.04457248903466257
0 days 03:55:23,37.0,H8,423134,H,8,GFP-M-Gext,1,2026-03-09 16:26:39,Cytation5,20260309-round1,6,Sample,5.000000045,0.0,2000.000003,1.828292141,1.799999951,10,14.969,20.0,140.0,50.0,0.0,0.0,2.0,2.0,1.0,1.0,1.0,0.02,2.0,0.3,3.5,0.0,deGFP,1.0,2026-03-09,ext,M,GFP-M-Gext,0.04452650340838469
0 days 04:00:23,37.0,H8,424694,H,8,GFP-M-Gext,1,2026-03-09 16:31:39,Cytation5,20260309-round1,6,Sample,5.000000045,0.0,2000.000003,1.828292141,1.799999951,10,14.969,20.0,140.0,50.0,0.0,0.0,2.0,2.0,1.0,1.0,1.0,0.02,2.0,0.3,3.5,0.0,deGFP,1.0,2026-03-09,ext,M,GFP-M-Gext,0.04469066262347277
0 days 04:05:23,37.1,H8,421594,H,8,GFP-M-Gext,1,2026-03-09 16:36:39,Cytation5,20260309-round1,6,Sample,5.000000045,0.0,2000.000003,1.828292141,1.799999951,10,14.969,20.0,140.0,50.0,0.0,0.0,2.0,2.0,1.0,1.0,1.0,0.02,2.0,0.3,3.5,0.0,deGFP,1.0,2026-03-09,ext,M,GFP-M-Gext,0.044364448798618256
0 days 04:10:23,37.1,H8,420782,H,8,GFP-M-Gext,1,2026-03-09 16:41:39,Cytation5,20260309-round1,6,Sample,5.000000045,0.0,2000.000003,1.828292141,1.799999951,10,14.969,20.0,140.0,50.0,0.0,0.0,2.0,2.0,1.0,1.0,1.0,0.02,2.0,0.3,3.5,0.0,deGFP,1.0,2026-03-09,ext,M,GFP-M-Gext,0.04427900182255959
0 days 04:15:23,37.0,H8,425374,H,8,GFP-M-Gext,1,2026-03-09 16:46:39,Cytation5,20260309-round1,6,Sample,5.000000045,0.0,2000.000003,1.828292141,1.799999951,10,14.969,20.0,140.0,50.0,0.0,0.0,2.0,2.0,1.0,1.0,1.0,0.02,2.0,0.3,3.5,0.0,deGFP,1.0,2026-03-09,ext,M,GFP-M-Gext,0.0447622192044086
0 days 04:20:23,37.0,H8,422437,H,8,GFP-M-Gext,1,2026-03-09 16:51:39,Cytation5,20260309-round1,6,Sample,5.000000045,0.0,2000.000003,1.828292141,1.799999951,10,14.969,20.0,140.0,50.0,0.0,0.0,2.0,2.0,1.0,1.0,1.0,0.02,2.0,0.3,3.5,0.0,deGFP,1.0,2026-03-09,ext,M,GFP-M-Gext,0.044453157912925464
0 days 04:25:23,37.0,H8,423904,H,8,GFP-M-Gext,1,2026-03-09 16:56:39,Cytation5,20260309-round1,6,Sample,5.000000045,0.0,2000.000003,1.828292141,1.799999951,10,14.969,20.0,140.0,50.0,0.0,0.0,2.0,2.0,1.0,1.0,1.0,0.02,2.0,0.3,3.5,0.0,deGFP,1.0,2026-03-09,ext,M,GFP-M-Gext,0.04460753071326791
0 days 04:30:23,37.1,H8,424332,H,8,GFP-M-Gext,1,2026-03-09 17:01:39,Cytation5,20260309-round1,6,Sample,5.000000045,0.0,2000.000003,1.828292141,1.799999951,10,14.969,20.0,140.0,50.0,0.0,0.0,2.0,2.0,1.0,1.0,1.0,0.02,2.0,0.3,3.5,0.0,deGFP,1.0,2026-03-09,ext,M,GFP-M-Gext,0.044652569267151054
0 days 04:35:23,37.0,H8,421917,H,8,GFP-M-Gext,1,2026-03-09 17:06:39,Cytation5,20260309-round1,6,Sample,5.000000045,0.0,2000.000003,1.828292141,1.799999951,10,14.969,20.0,140.0,50.0,0.0,0.0,2.0,2.0,1.0,1.0,1.0,0.02,2.0,0.3,3.5,0.0,deGFP,1.0,2026-03-09,ext,M,GFP-M-Gext,0.04439843817456277
0 days 04:40:23,37.0,H8,421173,H,8,GFP-M-Gext,1,2026-03-09 17:11:39,Cytation5,20260309-round1,6,Sample,5.000000045,0.0,2000.000003,1.828292141,1.799999951,10,14.969,20.0,140.0,50.0,0.0,0.0,2.0,2.0,1.0,1.0,1.0,0.02,2.0,0.3,3.5,0.0,deGFP,1.0,2026-03-09,ext,M,GFP-M-Gext,0.044320146856597686
0 days 04:45:23,37.0,H8,421953,H,8,GFP-M-Gext,1,2026-03-09 17:16:39,Cytation5,20260309-round1,6,Sample,5.000000045,0.0,2000.000003,1.828292141,1.799999951,10,14.969,20.0,140.0,50.0,0.0,0.0,2.0,2.0,1.0,1.0,1.0,0.02,2.0,0.3,3.5,0.0,deGFP,1.0,2026-03-09,ext,M,GFP-M-Gext,0.04440222646414173
0 days 04:50:23,37.1,H8,422118,H,8,GFP-M-Gext,1,2026-03-09 17:21:39,Cytation5,20260309-round1,6,Sample,5.000000045,0.0,2000.000003,1.828292141,1.799999951,10,14.969,20.0,140.0,50.0,0.0,0.0,2.0,2.0,1.0,1.0,1.0,0.02,2.0,0.3,3.5,0.0,deGFP,1.0,2026-03-09,ext,M,GFP-M-Gext,0.04441958945804528
0 days 04:55:23,37.1,H8,422752,H,8,GFP-M-Gext,1,2026-03-09 17:26:39,Cytation5,20260309-round1,6,Sample,5.000000045,0.0,2000.000003,1.828292141,1.799999951,10,14.969,20.0,140.0,50.0,0.0,0.0,2.0,2.0,1.0,1.0,1.0,0.02,2.0,0.3,3.5,0.0,deGFP,1.0,2026-03-09,ext,M,GFP-M-Gext,0.04448630544674133
0 days 05:00:23,37.1,H8,419857,H,8,GFP-M-Gext,1,2026-03-09 17:31:39,Cytation5,20260309-round1,6,Sample,5.000000045,0.0,2000.000003,1.828292141,1.799999951,10,14.969,20.0,140.0,50.0,0.0,0.0,2.0,2.0,1.0,1.0,1.0,0.02,2.0,0.3,3.5,0.0,deGFP,1.0,2026-03-09,ext,M,GFP-M-Gext,0.04418166382643364
0 days 05:05:23,37.0,H8,418050,H,8,GFP-M-Gext,1,2026-03-09 17:36:39,Cytation5,20260309-round1,6,Sample,5.000000045,0.0,2000.000003,1.828292141,1.799999951,10,14.969,20.0,140.0,50.0,0.0,0.0,2.0,2.0,1.0,1.0,1.0,0.02,2.0,0.3,3.5,0.0,deGFP,1.0,2026-03-09,ext,M,GFP-M-Gext,0.04399151273562328
0 days 05:10:23,37.0,H8,421101,H,8,GFP-M-Gext,1,2026-03-09 17:41:39,Cytation5,20260309-round1,6,Sample,5.000000045,0.0,2000.000003,1.828292141,1.799999951,10,14.969,20.0,140.0,50.0,0.0,0.0,2.0,2.0,1.0,1.0,1.0,0.02,2.0,0.3,3.5,0.0,deGFP,1.0,2026-03-09,ext,M,GFP-M-Gext,0.044312570277439775
0 days 05:15:23,37.0,H8,420609,H,8,GFP-M-Gext,1,2026-03-09 17:46:39,Cytation5,20260309-round1,6,Sample,5.000000045,0.0,2000.000003,1.828292141,1.799999951,10,14.969,20.0,140.0,50.0,0.0,0.0,2.0,2.0,1.0,1.0,1.0,0.02,2.0,0.3,3.5,0.0,deGFP,1.0,2026-03-09,ext,M,GFP-M-Gext,0.04426079698652738
0 days 05:20:23,37.0,H8,418789,H,8,GFP-M-Gext,1,2026-03-09 17:51:39,Cytation5,20260309-round1,6,Sample,5.000000045,0.0,2000.000003,1.828292141,1.799999951,10,14.969,20.0,140.0,50.0,0.0,0.0,2.0,2.0,1.0,1.0,1.0,0.02,2.0,0.3,3.5,0.0,deGFP,1.0,2026-03-09,ext,M,GFP-M-Gext,0.04406927790225795
0 days 05:25:23,37.1,H8,421068,H,8,GFP-M-Gext,1,2026-03-09 17:56:39,Cytation5,20260309-round1,6,Sample,5.000000045,0.0,2000.000003,1.828292141,1.799999951,10,14.969,20.0,140.0,50.0,0.0,0.0,2.0,2.0,1.0,1.0,1.0,0.02,2.0,0.3,3.5,0.0,deGFP,1.0,2026-03-09,ext,M,GFP-M-Gext,0.044309097678659065
0 days 05:30:23,37.1,H8,419460,H,8,GFP-M-Gext,1,2026-03-09 18:01:39,Cytation5,20260309-round1,6,Sample,5.000000045,0.0,2000.000003,1.828292141,1.799999951,10,14.969,20.0,140.0,50.0,0.0,0.0,2.0,2.0,1.0,1.0,1.0,0.02,2.0,0.3,3.5,0.0,deGFP,1.0,2026-03-09,ext,M,GFP-M-Gext,0.04413988741079904
0 days 05:35:23,37.1,H8,420670,H,8,GFP-M-Gext,1,2026-03-09 18:06:39,Cytation5,20260309-round1,6,Sample,5.000000045,0.0,2000.000003,1.828292141,1.799999951,10,14.969,20.0,140.0,50.0,0.0,0.0,2.0,2.0,1.0,1.0,1.0,0.02,2.0,0.3,3.5,0.0,deGFP,1.0,2026-03-09,ext,M,GFP-M-Gext,0.04426721603275839
0 days 05:40:23,37.0,H8,418901,H,8,GFP-M-Gext,1,2026-03-09 18:11:39,Cytation5,20260309-round1,6,Sample,5.000000045,0.0,2000.000003,1.828292141,1.799999951,10,14.969,20.0,140.0,50.0,0.0,0.0,2.0,2.0,1.0,1.0,1.0,0.02,2.0,0.3,3.5,0.0,deGFP,1.0,2026-03-09,ext,M,GFP-M-Gext,0.04408106369205915
0 days 05:45:23,37.0,H8,420195,H,8,GFP-M-Gext,1,2026-03-09 18:16:39,Cytation5,20260309-round1,6,Sample,5.000000045,0.0,2000.000003,1.828292141,1.799999951,10,14.969,20.0,140.0,50.0,0.0,0.0,2.0,2.0,1.0,1.0,1.0,0.02,2.0,0.3,3.5,0.0,deGFP,1.0,2026-03-09,ext,M,GFP-M-Gext,0.04421723165636939
0 days 05:50:23,37.0,H8,419174,H,8,GFP-M-Gext,1,2026-03-09 18:21:39,Cytation5,20260309-round1,6,Sample,5.000000045,0.0,2000.000003,1.828292141,1.799999951,10,14.969,20.0,140.0,50.0,0.0,0.0,2.0,2.0,1.0,1.0,1.0,0.02,2.0,0.3,3.5,0.0,deGFP,1.0,2026-03-09,ext,M,GFP-M-Gext,0.044109791554699566
0 days 05:55:23,37.0,H8,418542,H,8,GFP-M-Gext,1,2026-03-09 18:26:39,Cytation5,20260309-round1,6,Sample,5.000000045,0.0,2000.000003,1.828292141,1.799999951,10,14.969,20.0,140.0,50.0,0.0,0.0,2.0,2.0,1.0,1.0,1.0,0.02,2.0,0.3,3.5,0.0,deGFP,1.0,2026-03-09,ext,M,GFP-M-Gext,0.04404328602653567
0 days 06:00:23,37.1,H8,420156,H,8,GFP-M-Gext,1,2026-03-09 18:31:39,Cytation5,20260309-round1,6,Sample,5.000000045,0.0,2000.000003,1.828292141,1.799999951,10,14.969,20.0,140.0,50.0,0.0,0.0,2.0,2.0,1.0,1.0,1.0,0.02,2.0,0.3,3.5,0.0,deGFP,1.0,2026-03-09,ext,M,GFP-M-Gext,0.04421312767599219
0 days 00:00:23,28.9,H9,325,H,9,GFP-M-Gext,1,2026-03-09 12:31:39,Cytation5,20260309-round1,1,Sample,2.996187423,0.0,2000.000003,1.799999952,1.799999951,10,4.969,0.0,140.0,50.0,0.0,0.0,2.0,2.0,1.0,1.0,1.0,0.02,2.0,0.3,3.5,0.0,deGFP,1.0,2026-03-09,ext,M,GFP-M-Gext,3.419983647668357e-05
0 days 00:05:23,34.5,H9,316,H,9,GFP-M-Gext,1,2026-03-09 12:36:39,Cytation5,20260309-round1,1,Sample,2.996187423,0.0,2000.000003,1.799999952,1.799999951,10,4.969,0.0,140.0,50.0,0.0,0.0,2.0,2.0,1.0,1.0,1.0,0.02,2.0,0.3,3.5,0.0,deGFP,1.0,2026-03-09,ext,M,GFP-M-Gext,3.325276408194464e-05
0 days 00:10:23,37.0,H9,328,H,9,GFP-M-Gext,1,2026-03-09 12:41:39,Cytation5,20260309-round1,1,Sample,2.996187423,0.0,2000.000003,1.799999952,1.799999951,10,4.969,0.0,140.0,50.0,0.0,0.0,2.0,2.0,1.0,1.0,1.0,0.02,2.0,0.3,3.5,0.0,deGFP,1.0,2026-03-09,ext,M,GFP-M-Gext,3.451552727492988e-05
0 days 00:15:23,37.0,H9,546,H,9,GFP-M-Gext,1,2026-03-09 12:46:39,Cytation5,20260309-round1,1,Sample,2.996187423,0.0,2000.000003,1.799999952,1.799999951,10,4.969,0.0,140.0,50.0,0.0,0.0,2.0,2.0,1.0,1.0,1.0,0.02,2.0,0.3,3.5,0.0,deGFP,1.0,2026-03-09,ext,M,GFP-M-Gext,5.7455725280828395e-05
0 days 00:20:23,37.0,H9,939,H,9,GFP-M-Gext,1,2026-03-09 12:51:39,Cytation5,20260309-round1,1,Sample,2.996187423,0.0,2000.000003,1.799999952,1.799999951,10,4.969,0.0,140.0,50.0,0.0,0.0,2.0,2.0,1.0,1.0,1.0,0.02,2.0,0.3,3.5,0.0,deGFP,1.0,2026-03-09,ext,M,GFP-M-Gext,9.881121985109498e-05
0 days 00:25:23,37.0,H9,1499,H,9,GFP-M-Gext,1,2026-03-09 12:56:39,Cytation5,20260309-round1,1,Sample,2.996187423,0.0,2000.000003,1.799999952,1.799999951,10,4.969,0.0,140.0,50.0,0.0,0.0,2.0,2.0,1.0,1.0,1.0,0.02,2.0,0.3,3.5,0.0,deGFP,1.0,2026-03-09,ext,M,GFP-M-Gext,0.00015774016885707282
0 days 00:30:23,37.0,H9,1905,H,9,GFP-M-Gext,1,2026-03-09 13:01:39,Cytation5,20260309-round1,1,Sample,2.996187423,0.0,2000.000003,1.799999952,1.799999951,10,4.969,0.0,140.0,50.0,0.0,0.0,2.0,2.0,1.0,1.0,1.0,0.02,2.0,0.3,3.5,0.0,deGFP,1.0,2026-03-09,ext,M,GFP-M-Gext,0.00020046365688640677
0 days 00:35:23,37.0,H9,2266,H,9,GFP-M-Gext,1,2026-03-09 13:06:39,Cytation5,20260309-round1,1,Sample,2.996187423,0.0,2000.000003,1.799999952,1.799999951,10,4.969,0.0,140.0,50.0,0.0,0.0,2.0,2.0,1.0,1.0,1.0,0.02,2.0,0.3,3.5,0.0,deGFP,1.0,2026-03-09,ext,M,GFP-M-Gext,0.00023845178294204606
0 days 00:40:23,37.0,H9,2536,H,9,GFP-M-Gext,1,2026-03-09 13:11:39,Cytation5,20260309-round1,1,Sample,2.996187423,0.0,2000.000003,1.799999952,1.799999951,10,4.969,0.0,140.0,50.0,0.0,0.0,2.0,2.0,1.0,1.0,1.0,0.02,2.0,0.3,3.5,0.0,deGFP,1.0,2026-03-09,ext,M,GFP-M-Gext,0.0002668639547842139
0 days 00:45:23,37.1,H9,2830,H,9,GFP-M-Gext,1,2026-03-09 13:16:39,Cytation5,20260309-round1,1,Sample,2.996187423,0.0,2000.000003,1.799999952,1.799999951,10,4.969,0.0,140.0,50.0,0.0,0.0,2.0,2.0,1.0,1.0,1.0,0.02,2.0,0.3,3.5,0.0,deGFP,1.0,2026-03-09,ext,M,GFP-M-Gext,0.0002978016530123523
0 days 00:50:23,37.0,H9,3082,H,9,GFP-M-Gext,1,2026-03-09 13:21:39,Cytation5,20260309-round1,1,Sample,2.996187423,0.0,2000.000003,1.799999952,1.799999951,10,4.969,0.0,140.0,50.0,0.0,0.0,2.0,2.0,1.0,1.0,1.0,0.02,2.0,0.3,3.5,0.0,deGFP,1.0,2026-03-09,ext,M,GFP-M-Gext,0.0003243196800650423
0 days 00:55:23,37.0,H9,3484,H,9,GFP-M-Gext,1,2026-03-09 13:26:39,Cytation5,20260309-round1,1,Sample,2.996187423,0.0,2000.000003,1.799999952,1.799999951,10,4.969,0.0,140.0,50.0,0.0,0.0,2.0,2.0,1.0,1.0,1.0,0.02,2.0,0.3,3.5,0.0,deGFP,1.0,2026-03-09,ext,M,GFP-M-Gext,0.0003666222470300478
0 days 01:00:23,37.0,H9,3721,H,9,GFP-M-Gext,1,2026-03-09 13:31:39,Cytation5,20260309-round1,1,Sample,2.996187423,0.0,2000.000003,1.799999952,1.799999951,10,4.969,0.0,140.0,50.0,0.0,0.0,2.0,2.0,1.0,1.0,1.0,0.02,2.0,0.3,3.5,0.0,deGFP,1.0,2026-03-09,ext,M,GFP-M-Gext,0.00039156182009150633
0 days 01:05:23,37.0,H9,3942,H,9,GFP-M-Gext,1,2026-03-09 13:36:39,Cytation5,20260309-round1,1,Sample,2.996187423,0.0,2000.000003,1.799999952,1.799999951,10,4.969,0.0,140.0,50.0,0.0,0.0,2.0,2.0,1.0,1.0,1.0,0.02,2.0,0.3,3.5,0.0,deGFP,1.0,2026-03-09,ext,M,GFP-M-Gext,0.00041481770889565116
0 days 01:10:23,37.0,H9,4165,H,9,GFP-M-Gext,1,2026-03-09 13:41:39,Cytation5,20260309-round1,1,Sample,2.996187423,0.0,2000.000003,1.799999952,1.799999951,10,4.969,0.0,140.0,50.0,0.0,0.0,2.0,2.0,1.0,1.0,1.0,0.02,2.0,0.3,3.5,0.0,deGFP,1.0,2026-03-09,ext,M,GFP-M-Gext,0.0004382840582319602
0 days 01:15:23,37.1,H9,4311,H,9,GFP-M-Gext,1,2026-03-09 13:46:39,Cytation5,20260309-round1,1,Sample,2.996187423,0.0,2000.000003,1.799999952,1.799999951,10,4.969,0.0,140.0,50.0,0.0,0.0,2.0,2.0,1.0,1.0,1.0,0.02,2.0,0.3,3.5,0.0,deGFP,1.0,2026-03-09,ext,M,GFP-M-Gext,0.0004536476770799473
0 days 01:20:23,37.0,H9,4400,H,9,GFP-M-Gext,1,2026-03-09 13:51:39,Cytation5,20260309-round1,1,Sample,2.996187423,0.0,2000.000003,1.799999952,1.799999951,10,4.969,0.0,140.0,50.0,0.0,0.0,2.0,2.0,1.0,1.0,1.0,0.02,2.0,0.3,3.5,0.0,deGFP,1.0,2026-03-09,ext,M,GFP-M-Gext,0.00046301317076125444
0 days 01:25:23,37.0,H9,4565,H,9,GFP-M-Gext,1,2026-03-09 13:56:39,Cytation5,20260309-round1,1,Sample,2.996187423,0.0,2000.000003,1.799999952,1.799999951,10,4.969,0.0,140.0,50.0,0.0,0.0,2.0,2.0,1.0,1.0,1.0,0.02,2.0,0.3,3.5,0.0,deGFP,1.0,2026-03-09,ext,M,GFP-M-Gext,0.0004803761646648015
0 days 01:30:23,37.0,H9,4669,H,9,GFP-M-Gext,1,2026-03-09 14:01:39,Cytation5,20260309-round1,1,Sample,2.996187423,0.0,2000.000003,1.799999952,1.799999951,10,4.969,0.0,140.0,50.0,0.0,0.0,2.0,2.0,1.0,1.0,1.0,0.02,2.0,0.3,3.5,0.0,deGFP,1.0,2026-03-09,ext,M,GFP-M-Gext,0.0004913201123373402
0 days 01:35:23,37.0,H9,4704,H,9,GFP-M-Gext,1,2026-03-09 14:06:39,Cytation5,20260309-round1,1,Sample,2.996187423,0.0,2000.000003,1.799999952,1.799999951,10,4.969,0.0,140.0,50.0,0.0,0.0,2.0,2.0,1.0,1.0,1.0,0.02,2.0,0.3,3.5,0.0,deGFP,1.0,2026-03-09,ext,M,GFP-M-Gext,0.0004950031716502138
0 days 01:40:23,37.0,H9,4727,H,9,GFP-M-Gext,1,2026-03-09 14:11:39,Cytation5,20260309-round1,1,Sample,2.996187423,0.0,2000.000003,1.799999952,1.799999951,10,4.969,0.0,140.0,50.0,0.0,0.0,2.0,2.0,1.0,1.0,1.0,0.02,2.0,0.3,3.5,0.0,deGFP,1.0,2026-03-09,ext,M,GFP-M-Gext,0.0004974234677701023
0 days 01:45:23,37.0,H9,4828,H,9,GFP-M-Gext,1,2026-03-09 14:16:39,Cytation5,20260309-round1,1,Sample,2.996187423,0.0,2000.000003,1.799999952,1.799999951,10,4.969,0.0,140.0,50.0,0.0,0.0,2.0,2.0,1.0,1.0,1.0,0.02,2.0,0.3,3.5,0.0,deGFP,1.0,2026-03-09,ext,M,GFP-M-Gext,0.0005080517246443947
0 days 01:50:23,37.0,H9,4826,H,9,GFP-M-Gext,1,2026-03-09 14:21:39,Cytation5,20260309-round1,1,Sample,2.996187423,0.0,2000.000003,1.799999952,1.799999951,10,4.969,0.0,140.0,50.0,0.0,0.0,2.0,2.0,1.0,1.0,1.0,0.02,2.0,0.3,3.5,0.0,deGFP,1.0,2026-03-09,ext,M,GFP-M-Gext,0.0005078412641122304
0 days 01:55:23,37.1,H9,4887,H,9,GFP-M-Gext,1,2026-03-09 14:26:39,Cytation5,20260309-round1,1,Sample,2.996187423,0.0,2000.000003,1.799999952,1.799999951,10,4.969,0.0,140.0,50.0,0.0,0.0,2.0,2.0,1.0,1.0,1.0,0.02,2.0,0.3,3.5,0.0,deGFP,1.0,2026-03-09,ext,M,GFP-M-Gext,0.0005142603103432387
0 days 02:00:23,37.0,H9,4901,H,9,GFP-M-Gext,1,2026-03-09 14:31:39,Cytation5,20260309-round1,1,Sample,2.996187423,0.0,2000.000003,1.799999952,1.799999951,10,4.969,0.0,140.0,50.0,0.0,0.0,2.0,2.0,1.0,1.0,1.0,0.02,2.0,0.3,3.5,0.0,deGFP,1.0,2026-03-09,ext,M,GFP-M-Gext,0.0005157335340683882
0 days 02:05:23,37.0,H9,4954,H,9,GFP-M-Gext,1,2026-03-09 14:36:39,Cytation5,20260309-round1,1,Sample,2.996187423,0.0,2000.000003,1.799999952,1.799999951,10,4.969,0.0,140.0,50.0,0.0,0.0,2.0,2.0,1.0,1.0,1.0,0.02,2.0,0.3,3.5,0.0,deGFP,1.0,2026-03-09,ext,M,GFP-M-Gext,0.0005213107381707397
0 days 02:10:23,37.1,H9,4960,H,9,GFP-M-Gext,1,2026-03-09 14:41:39,Cytation5,20260309-round1,1,Sample,2.996187423,0.0,2000.000003,1.799999952,1.799999951,10,4.969,0.0,140.0,50.0,0.0,0.0,2.0,2.0,1.0,1.0,1.0,0.02,2.0,0.3,3.5,0.0,deGFP,1.0,2026-03-09,ext,M,GFP-M-Gext,0.0005219421197672323
0 days 02:15:23,37.1,H9,4951,H,9,GFP-M-Gext,1,2026-03-09 14:46:39,Cytation5,20260309-round1,1,Sample,2.996187423,0.0,2000.000003,1.799999952,1.799999951,10,4.969,0.0,140.0,50.0,0.0,0.0,2.0,2.0,1.0,1.0,1.0,0.02,2.0,0.3,3.5,0.0,deGFP,1.0,2026-03-09,ext,M,GFP-M-Gext,0.0005209950473724934
0 days 02:20:23,37.0,H9,4887,H,9,GFP-M-Gext,1,2026-03-09 14:51:39,Cytation5,20260309-round1,1,Sample,2.996187423,0.0,2000.000003,1.799999952,1.799999951,10,4.969,0.0,140.0,50.0,0.0,0.0,2.0,2.0,1.0,1.0,1.0,0.02,2.0,0.3,3.5,0.0,deGFP,1.0,2026-03-09,ext,M,GFP-M-Gext,0.0005142603103432387
0 days 02:25:23,37.0,H9,4916,H,9,GFP-M-Gext,1,2026-03-09 14:56:39,Cytation5,20260309-round1,1,Sample,2.996187423,0.0,2000.000003,1.799999952,1.799999951,10,4.969,0.0,140.0,50.0,0.0,0.0,2.0,2.0,1.0,1.0,1.0,0.02,2.0,0.3,3.5,0.0,deGFP,1.0,2026-03-09,ext,M,GFP-M-Gext,0.0005173119880596198
0 days 02:30:23,37.0,H9,4947,H,9,GFP-M-Gext,1,2026-03-09 15:01:39,Cytation5,20260309-round1,1,Sample,2.996187423,0.0,2000.000003,1.799999952,1.799999951,10,4.969,0.0,140.0,50.0,0.0,0.0,2.0,2.0,1.0,1.0,1.0,0.02,2.0,0.3,3.5,0.0,deGFP,1.0,2026-03-09,ext,M,GFP-M-Gext,0.000520574126308165
0 days 02:35:23,37.0,H9,4983,H,9,GFP-M-Gext,1,2026-03-09 15:06:39,Cytation5,20260309-round1,1,Sample,2.996187423,0.0,2000.000003,1.799999952,1.799999951,10,4.969,0.0,140.0,50.0,0.0,0.0,2.0,2.0,1.0,1.0,1.0,0.02,2.0,0.3,3.5,0.0,deGFP,1.0,2026-03-09,ext,M,GFP-M-Gext,0.0005243624158871206
0 days 02:40:23,37.0,H9,4990,H,9,GFP-M-Gext,1,2026-03-09 15:11:39,Cytation5,20260309-round1,1,Sample,2.996187423,0.0,2000.000003,1.799999952,1.799999951,10,4.969,0.0,140.0,50.0,0.0,0.0,2.0,2.0,1.0,1.0,1.0,0.02,2.0,0.3,3.5,0.0,deGFP,1.0,2026-03-09,ext,M,GFP-M-Gext,0.0005250990277496955
0 days 02:45:23,37.0,H9,5077,H,9,GFP-M-Gext,1,2026-03-09 15:16:39,Cytation5,20260309-round1,1,Sample,2.996187423,0.0,2000.000003,1.799999952,1.799999951,10,4.969,0.0,140.0,50.0,0.0,0.0,2.0,2.0,1.0,1.0,1.0,0.02,2.0,0.3,3.5,0.0,deGFP,1.0,2026-03-09,ext,M,GFP-M-Gext,0.0005342540608988383
0 days 02:50:23,37.0,H9,4937,H,9,GFP-M-Gext,1,2026-03-09 15:21:39,Cytation5,20260309-round1,1,Sample,2.996187423,0.0,2000.000003,1.799999952,1.799999951,10,4.969,0.0,140.0,50.0,0.0,0.0,2.0,2.0,1.0,1.0,1.0,0.02,2.0,0.3,3.5,0.0,deGFP,1.0,2026-03-09,ext,M,GFP-M-Gext,0.0005195218236473439
0 days 02:55:23,37.0,H9,4993,H,9,GFP-M-Gext,1,2026-03-09 15:26:39,Cytation5,20260309-round1,1,Sample,2.996187423,0.0,2000.000003,1.799999952,1.799999951,10,4.969,0.0,140.0,50.0,0.0,0.0,2.0,2.0,1.0,1.0,1.0,0.02,2.0,0.3,3.5,0.0,deGFP,1.0,2026-03-09,ext,M,GFP-M-Gext,0.0005254147185479417
0 days 03:00:23,36.9,H9,5097,H,9,GFP-M-Gext,1,2026-03-09 15:31:39,Cytation5,20260309-round1,1,Sample,2.996187423,0.0,2000.000003,1.799999952,1.799999951,10,4.969,0.0,140.0,50.0,0.0,0.0,2.0,2.0,1.0,1.0,1.0,0.02,2.0,0.3,3.5,0.0,deGFP,1.0,2026-03-09,ext,M,GFP-M-Gext,0.0005363586662204805
0 days 03:05:23,37.0,H9,5103,H,9,GFP-M-Gext,1,2026-03-09 15:36:39,Cytation5,20260309-round1,1,Sample,2.996187423,0.0,2000.000003,1.799999952,1.799999951,10,4.969,0.0,140.0,50.0,0.0,0.0,2.0,2.0,1.0,1.0,1.0,0.02,2.0,0.3,3.5,0.0,deGFP,1.0,2026-03-09,ext,M,GFP-M-Gext,0.000536990047816973
0 days 03:10:23,37.0,H9,4987,H,9,GFP-M-Gext,1,2026-03-09 15:41:39,Cytation5,20260309-round1,1,Sample,2.996187423,0.0,2000.000003,1.799999952,1.799999951,10,4.969,0.0,140.0,50.0,0.0,0.0,2.0,2.0,1.0,1.0,1.0,0.02,2.0,0.3,3.5,0.0,deGFP,1.0,2026-03-09,ext,M,GFP-M-Gext,0.0005247833369514491
0 days 03:15:23,37.0,H9,5050,H,9,GFP-M-Gext,1,2026-03-09 15:46:39,Cytation5,20260309-round1,1,Sample,2.996187423,0.0,2000.000003,1.799999952,1.799999951,10,4.969,0.0,140.0,50.0,0.0,0.0,2.0,2.0,1.0,1.0,1.0,0.02,2.0,0.3,3.5,0.0,deGFP,1.0,2026-03-09,ext,M,GFP-M-Gext,0.0005314128437146216
0 days 03:20:23,37.0,H9,5013,H,9,GFP-M-Gext,1,2026-03-09 15:51:39,Cytation5,20260309-round1,1,Sample,2.996187423,0.0,2000.000003,1.799999952,1.799999951,10,4.969,0.0,140.0,50.0,0.0,0.0,2.0,2.0,1.0,1.0,1.0,0.02,2.0,0.3,3.5,0.0,deGFP,1.0,2026-03-09,ext,M,GFP-M-Gext,0.0005275193238695838
0 days 03:25:23,37.0,H9,5083,H,9,GFP-M-Gext,1,2026-03-09 15:56:39,Cytation5,20260309-round1,1,Sample,2.996187423,0.0,2000.000003,1.799999952,1.799999951,10,4.969,0.0,140.0,50.0,0.0,0.0,2.0,2.0,1.0,1.0,1.0,0.02,2.0,0.3,3.5,0.0,deGFP,1.0,2026-03-09,ext,M,GFP-M-Gext,0.000534885442495331
0 days 03:30:23,37.0,H9,4928,H,9,GFP-M-Gext,1,2026-03-09 16:01:39,Cytation5,20260309-round1,1,Sample,2.996187423,0.0,2000.000003,1.799999952,1.799999951,10,4.969,0.0,140.0,50.0,0.0,0.0,2.0,2.0,1.0,1.0,1.0,0.02,2.0,0.3,3.5,0.0,deGFP,1.0,2026-03-09,ext,M,GFP-M-Gext,0.000518574751252605
0 days 03:35:23,37.0,H9,5051,H,9,GFP-M-Gext,1,2026-03-09 16:06:39,Cytation5,20260309-round1,1,Sample,2.996187423,0.0,2000.000003,1.799999952,1.799999951,10,4.969,0.0,140.0,50.0,0.0,0.0,2.0,2.0,1.0,1.0,1.0,0.02,2.0,0.3,3.5,0.0,deGFP,1.0,2026-03-09,ext,M,GFP-M-Gext,0.0005315180739807038
0 days 03:40:23,37.1,H9,5127,H,9,GFP-M-Gext,1,2026-03-09 16:11:39,Cytation5,20260309-round1,1,Sample,2.996187423,0.0,2000.000003,1.799999952,1.799999951,10,4.969,0.0,140.0,50.0,0.0,0.0,2.0,2.0,1.0,1.0,1.0,0.02,2.0,0.3,3.5,0.0,deGFP,1.0,2026-03-09,ext,M,GFP-M-Gext,0.0005395155742029435
0 days 03:45:23,37.0,H9,5096,H,9,GFP-M-Gext,1,2026-03-09 16:16:39,Cytation5,20260309-round1,1,Sample,2.996187423,0.0,2000.000003,1.799999952,1.799999951,10,4.969,0.0,140.0,50.0,0.0,0.0,2.0,2.0,1.0,1.0,1.0,0.02,2.0,0.3,3.5,0.0,deGFP,1.0,2026-03-09,ext,M,GFP-M-Gext,0.0005362534359543983
0 days 03:50:23,37.0,H9,5028,H,9,GFP-M-Gext,1,2026-03-09 16:21:39,Cytation5,20260309-round1,1,Sample,2.996187423,0.0,2000.000003,1.799999952,1.799999951,10,4.969,0.0,140.0,50.0,0.0,0.0,2.0,2.0,1.0,1.0,1.0,0.02,2.0,0.3,3.5,0.0,deGFP,1.0,2026-03-09,ext,M,GFP-M-Gext,0.0005290977778608153
0 days 03:55:23,37.0,H9,5047,H,9,GFP-M-Gext,1,2026-03-09 16:26:39,Cytation5,20260309-round1,1,Sample,2.996187423,0.0,2000.000003,1.799999952,1.799999951,10,4.969,0.0,140.0,50.0,0.0,0.0,2.0,2.0,1.0,1.0,1.0,0.02,2.0,0.3,3.5,0.0,deGFP,1.0,2026-03-09,ext,M,GFP-M-Gext,0.0005310971529163753
0 days 04:00:23,37.0,H9,5189,H,9,GFP-M-Gext,1,2026-03-09 16:31:39,Cytation5,20260309-round1,1,Sample,2.996187423,0.0,2000.000003,1.799999952,1.799999951,10,4.969,0.0,140.0,50.0,0.0,0.0,2.0,2.0,1.0,1.0,1.0,0.02,2.0,0.3,3.5,0.0,deGFP,1.0,2026-03-09,ext,M,GFP-M-Gext,0.000546039850700034
0 days 04:05:23,37.1,H9,5086,H,9,GFP-M-Gext,1,2026-03-09 16:36:39,Cytation5,20260309-round1,1,Sample,2.996187423,0.0,2000.000003,1.799999952,1.799999951,10,4.969,0.0,140.0,50.0,0.0,0.0,2.0,2.0,1.0,1.0,1.0,0.02,2.0,0.3,3.5,0.0,deGFP,1.0,2026-03-09,ext,M,GFP-M-Gext,0.0005352011332935774
0 days 04:10:23,37.1,H9,5171,H,9,GFP-M-Gext,1,2026-03-09 16:41:39,Cytation5,20260309-round1,1,Sample,2.996187423,0.0,2000.000003,1.799999952,1.799999951,10,4.969,0.0,140.0,50.0,0.0,0.0,2.0,2.0,1.0,1.0,1.0,0.02,2.0,0.3,3.5,0.0,deGFP,1.0,2026-03-09,ext,M,GFP-M-Gext,0.0005441457059105561
0 days 04:15:23,37.0,H9,5164,H,9,GFP-M-Gext,1,2026-03-09 16:46:39,Cytation5,20260309-round1,1,Sample,2.996187423,0.0,2000.000003,1.799999952,1.799999951,10,4.969,0.0,140.0,50.0,0.0,0.0,2.0,2.0,1.0,1.0,1.0,0.02,2.0,0.3,3.5,0.0,deGFP,1.0,2026-03-09,ext,M,GFP-M-Gext,0.0005434090940479813
0 days 04:20:23,37.0,H9,5087,H,9,GFP-M-Gext,1,2026-03-09 16:51:39,Cytation5,20260309-round1,1,Sample,2.996187423,0.0,2000.000003,1.799999952,1.799999951,10,4.969,0.0,140.0,50.0,0.0,0.0,2.0,2.0,1.0,1.0,1.0,0.02,2.0,0.3,3.5,0.0,deGFP,1.0,2026-03-09,ext,M,GFP-M-Gext,0.0005353063635596594
0 days 04:25:23,37.0,H9,5141,H,9,GFP-M-Gext,1,2026-03-09 16:56:39,Cytation5,20260309-round1,1,Sample,2.996187423,0.0,2000.000003,1.799999952,1.799999951,10,4.969,0.0,140.0,50.0,0.0,0.0,2.0,2.0,1.0,1.0,1.0,0.02,2.0,0.3,3.5,0.0,deGFP,1.0,2026-03-09,ext,M,GFP-M-Gext,0.000540988797928093
0 days 04:30:23,37.1,H9,5143,H,9,GFP-M-Gext,1,2026-03-09 17:01:39,Cytation5,20260309-round1,1,Sample,2.996187423,0.0,2000.000003,1.799999952,1.799999951,10,4.969,0.0,140.0,50.0,0.0,0.0,2.0,2.0,1.0,1.0,1.0,0.02,2.0,0.3,3.5,0.0,deGFP,1.0,2026-03-09,ext,M,GFP-M-Gext,0.0005411992584602572
0 days 04:35:23,37.0,H9,5143,H,9,GFP-M-Gext,1,2026-03-09 17:06:39,Cytation5,20260309-round1,1,Sample,2.996187423,0.0,2000.000003,1.799999952,1.799999951,10,4.969,0.0,140.0,50.0,0.0,0.0,2.0,2.0,1.0,1.0,1.0,0.02,2.0,0.3,3.5,0.0,deGFP,1.0,2026-03-09,ext,M,GFP-M-Gext,0.0005411992584602572
0 days 04:40:23,37.0,H9,5215,H,9,GFP-M-Gext,1,2026-03-09 17:11:39,Cytation5,20260309-round1,1,Sample,2.996187423,0.0,2000.000003,1.799999952,1.799999951,10,4.969,0.0,140.0,50.0,0.0,0.0,2.0,2.0,1.0,1.0,1.0,0.02,2.0,0.3,3.5,0.0,deGFP,1.0,2026-03-09,ext,M,GFP-M-Gext,0.0005487758376181687
0 days 04:45:23,37.0,H9,5196,H,9,GFP-M-Gext,1,2026-03-09 17:16:39,Cytation5,20260309-round1,1,Sample,2.996187423,0.0,2000.000003,1.799999952,1.799999951,10,4.969,0.0,140.0,50.0,0.0,0.0,2.0,2.0,1.0,1.0,1.0,0.02,2.0,0.3,3.5,0.0,deGFP,1.0,2026-03-09,ext,M,GFP-M-Gext,0.0005467764625626087
0 days 04:50:23,37.1,H9,5241,H,9,GFP-M-Gext,1,2026-03-09 17:21:39,Cytation5,20260309-round1,1,Sample,2.996187423,0.0,2000.000003,1.799999952,1.799999951,10,4.969,0.0,140.0,50.0,0.0,0.0,2.0,2.0,1.0,1.0,1.0,0.02,2.0,0.3,3.5,0.0,deGFP,1.0,2026-03-09,ext,M,GFP-M-Gext,0.0005515118245363034
0 days 04:55:23,37.1,H9,5200,H,9,GFP-M-Gext,1,2026-03-09 17:26:39,Cytation5,20260309-round1,1,Sample,2.996187423,0.0,2000.000003,1.799999952,1.799999951,10,4.969,0.0,140.0,50.0,0.0,0.0,2.0,2.0,1.0,1.0,1.0,0.02,2.0,0.3,3.5,0.0,deGFP,1.0,2026-03-09,ext,M,GFP-M-Gext,0.0005471973836269371
0 days 05:00:23,37.1,H9,5226,H,9,GFP-M-Gext,1,2026-03-09 17:31:39,Cytation5,20260309-round1,1,Sample,2.996187423,0.0,2000.000003,1.799999952,1.799999951,10,4.969,0.0,140.0,50.0,0.0,0.0,2.0,2.0,1.0,1.0,1.0,0.02,2.0,0.3,3.5,0.0,deGFP,1.0,2026-03-09,ext,M,GFP-M-Gext,0.0005499333705450718
0 days 05:05:23,37.0,H9,5135,H,9,GFP-M-Gext,1,2026-03-09 17:36:39,Cytation5,20260309-round1,1,Sample,2.996187423,0.0,2000.000003,1.799999952,1.799999951,10,4.969,0.0,140.0,50.0,0.0,0.0,2.0,2.0,1.0,1.0,1.0,0.02,2.0,0.3,3.5,0.0,deGFP,1.0,2026-03-09,ext,M,GFP-M-Gext,0.0005403574163316004
0 days 05:10:23,37.0,H9,5189,H,9,GFP-M-Gext,1,2026-03-09 17:41:39,Cytation5,20260309-round1,1,Sample,2.996187423,0.0,2000.000003,1.799999952,1.799999951,10,4.969,0.0,140.0,50.0,0.0,0.0,2.0,2.0,1.0,1.0,1.0,0.02,2.0,0.3,3.5,0.0,deGFP,1.0,2026-03-09,ext,M,GFP-M-Gext,0.000546039850700034
0 days 05:15:23,37.0,H9,5298,H,9,GFP-M-Gext,1,2026-03-09 17:46:39,Cytation5,20260309-round1,1,Sample,2.996187423,0.0,2000.000003,1.799999952,1.799999951,10,4.969,0.0,140.0,50.0,0.0,0.0,2.0,2.0,1.0,1.0,1.0,0.02,2.0,0.3,3.5,0.0,deGFP,1.0,2026-03-09,ext,M,GFP-M-Gext,0.0005575099497029832
0 days 05:20:23,37.0,H9,5260,H,9,GFP-M-Gext,1,2026-03-09 17:51:39,Cytation5,20260309-round1,1,Sample,2.996187423,0.0,2000.000003,1.799999952,1.799999951,10,4.969,0.0,140.0,50.0,0.0,0.0,2.0,2.0,1.0,1.0,1.0,0.02,2.0,0.3,3.5,0.0,deGFP,1.0,2026-03-09,ext,M,GFP-M-Gext,0.0005535111995918632
0 days 05:25:23,37.1,H9,5352,H,9,GFP-M-Gext,1,2026-03-09 17:56:39,Cytation5,20260309-round1,1,Sample,2.996187423,0.0,2000.000003,1.799999952,1.799999951,10,4.969,0.0,140.0,50.0,0.0,0.0,2.0,2.0,1.0,1.0,1.0,0.02,2.0,0.3,3.5,0.0,deGFP,1.0,2026-03-09,ext,M,GFP-M-Gext,0.0005631923840714168
0 days 05:30:23,37.1,H9,5308,H,9,GFP-M-Gext,1,2026-03-09 18:01:39,Cytation5,20260309-round1,1,Sample,2.996187423,0.0,2000.000003,1.799999952,1.799999951,10,4.969,0.0,140.0,50.0,0.0,0.0,2.0,2.0,1.0,1.0,1.0,0.02,2.0,0.3,3.5,0.0,deGFP,1.0,2026-03-09,ext,M,GFP-M-Gext,0.0005585622523638042
0 days 05:35:23,37.1,H9,5360,H,9,GFP-M-Gext,1,2026-03-09 18:06:39,Cytation5,20260309-round1,1,Sample,2.996187423,0.0,2000.000003,1.799999952,1.799999951,10,4.969,0.0,140.0,50.0,0.0,0.0,2.0,2.0,1.0,1.0,1.0,0.02,2.0,0.3,3.5,0.0,deGFP,1.0,2026-03-09,ext,M,GFP-M-Gext,0.0005640342262000736
0 days 05:40:23,37.0,H9,5143,H,9,GFP-M-Gext,1,2026-03-09 18:11:39,Cytation5,20260309-round1,1,Sample,2.996187423,0.0,2000.000003,1.799999952,1.799999951,10,4.969,0.0,140.0,50.0,0.0,0.0,2.0,2.0,1.0,1.0,1.0,0.02,2.0,0.3,3.5,0.0,deGFP,1.0,2026-03-09,ext,M,GFP-M-Gext,0.0005411992584602572
0 days 05:45:23,37.0,H9,5347,H,9,GFP-M-Gext,1,2026-03-09 18:16:39,Cytation5,20260309-round1,1,Sample,2.996187423,0.0,2000.000003,1.799999952,1.799999951,10,4.969,0.0,140.0,50.0,0.0,0.0,2.0,2.0,1.0,1.0,1.0,0.02,2.0,0.3,3.5,0.0,deGFP,1.0,2026-03-09,ext,M,GFP-M-Gext,0.0005626662327410062
0 days 05:50:23,37.0,H9,5426,H,9,GFP-M-Gext,1,2026-03-09 18:21:39,Cytation5,20260309-round1,1,Sample,2.996187423,0.0,2000.000003,1.799999952,1.799999951,10,4.969,0.0,140.0,50.0,0.0,0.0,2.0,2.0,1.0,1.0,1.0,0.02,2.0,0.3,3.5,0.0,deGFP,1.0,2026-03-09,ext,M,GFP-M-Gext,0.0005709794237614925
0 days 05:55:23,37.0,H9,5360,H,9,GFP-M-Gext,1,2026-03-09 18:26:39,Cytation5,20260309-round1,1,Sample,2.996187423,0.0,2000.000003,1.799999952,1.799999951,10,4.969,0.0,140.0,50.0,0.0,0.0,2.0,2.0,1.0,1.0,1.0,0.02,2.0,0.3,3.5,0.0,deGFP,1.0,2026-03-09,ext,M,GFP-M-Gext,0.0005640342262000736
0 days 06:00:23,37.1,H9,5358,H,9,GFP-M-Gext,1,2026-03-09 18:31:39,Cytation5,20260309-round1,1,Sample,2.996187423,0.0,2000.000003,1.799999952,1.799999951,10,4.969,0.0,140.0,50.0,0.0,0.0,2.0,2.0,1.0,1.0,1.0,0.02,2.0,0.3,3.5,0.0,deGFP,1.0,2026-03-09,ext,M,GFP-M-Gext,0.0005638237656679094
0 days 00:00:23,28.9,H10,317,H,10,GFP-M-Gext,1,2026-03-09 12:31:39,Cytation5,20260309-round1,12,Sample,1.00000002,0.0,2000.000003,1.839244265,1.799999951,10,4.969,0.0,140.0,50.0,0.0,0.0,2.0,2.0,1.0,1.0,1.0,0.02,2.0,0.3,3.5,0.0,deGFP,1.0,2026-03-09,ext,M,GFP-M-Gext,3.335799434802674e-05
0 days 00:05:23,34.5,H10,316,H,10,GFP-M-Gext,1,2026-03-09 12:36:39,Cytation5,20260309-round1,12,Sample,1.00000002,0.0,2000.000003,1.839244265,1.799999951,10,4.969,0.0,140.0,50.0,0.0,0.0,2.0,2.0,1.0,1.0,1.0,0.02,2.0,0.3,3.5,0.0,deGFP,1.0,2026-03-09,ext,M,GFP-M-Gext,3.325276408194464e-05
0 days 00:10:23,37.0,H10,331,H,10,GFP-M-Gext,1,2026-03-09 12:41:39,Cytation5,20260309-round1,12,Sample,1.00000002,0.0,2000.000003,1.839244265,1.799999951,10,4.969,0.0,140.0,50.0,0.0,0.0,2.0,2.0,1.0,1.0,1.0,0.02,2.0,0.3,3.5,0.0,deGFP,1.0,2026-03-09,ext,M,GFP-M-Gext,3.483121807317619e-05
0 days 00:15:23,37.0,H10,569,H,10,GFP-M-Gext,1,2026-03-09 12:46:39,Cytation5,20260309-round1,12,Sample,1.00000002,0.0,2000.000003,1.839244265,1.799999951,10,4.969,0.0,140.0,50.0,0.0,0.0,2.0,2.0,1.0,1.0,1.0,0.02,2.0,0.3,3.5,0.0,deGFP,1.0,2026-03-09,ext,M,GFP-M-Gext,5.987602140071677e-05
0 days 00:20:23,37.0,H10,1051,H,10,GFP-M-Gext,1,2026-03-09 12:51:39,Cytation5,20260309-round1,12,Sample,1.00000002,0.0,2000.000003,1.839244265,1.799999951,10,4.969,0.0,140.0,50.0,0.0,0.0,2.0,2.0,1.0,1.0,1.0,0.02,2.0,0.3,3.5,0.0,deGFP,1.0,2026-03-09,ext,M,GFP-M-Gext,0.00011059700965229055
0 days 00:25:23,37.0,H10,1647,H,10,GFP-M-Gext,1,2026-03-09 12:56:39,Cytation5,20260309-round1,12,Sample,1.00000002,0.0,2000.000003,1.839244265,1.799999951,10,4.969,0.0,140.0,50.0,0.0,0.0,2.0,2.0,1.0,1.0,1.0,0.02,2.0,0.3,3.5,0.0,deGFP,1.0,2026-03-09,ext,M,GFP-M-Gext,0.0001733142482372241
0 days 00:30:23,37.0,H10,2190,H,10,GFP-M-Gext,1,2026-03-09 13:01:39,Cytation5,20260309-round1,12,Sample,1.00000002,0.0,2000.000003,1.839244265,1.799999951,10,4.969,0.0,140.0,50.0,0.0,0.0,2.0,2.0,1.0,1.0,1.0,0.02,2.0,0.3,3.5,0.0,deGFP,1.0,2026-03-09,ext,M,GFP-M-Gext,0.0002304542827198062
0 days 00:35:23,37.0,H10,2746,H,10,GFP-M-Gext,1,2026-03-09 13:06:39,Cytation5,20260309-round1,12,Sample,1.00000002,0.0,2000.000003,1.839244265,1.799999951,10,4.969,0.0,140.0,50.0,0.0,0.0,2.0,2.0,1.0,1.0,1.0,0.02,2.0,0.3,3.5,0.0,deGFP,1.0,2026-03-09,ext,M,GFP-M-Gext,0.00028896231066145563
0 days 00:40:23,37.0,H10,3220,H,10,GFP-M-Gext,1,2026-03-09 13:11:39,Cytation5,20260309-round1,12,Sample,1.00000002,0.0,2000.000003,1.839244265,1.799999951,10,4.969,0.0,140.0,50.0,0.0,0.0,2.0,2.0,1.0,1.0,1.0,0.02,2.0,0.3,3.5,0.0,deGFP,1.0,2026-03-09,ext,M,GFP-M-Gext,0.0003388414567843726
0 days 00:45:23,37.1,H10,3756,H,10,GFP-M-Gext,1,2026-03-09 13:16:39,Cytation5,20260309-round1,12,Sample,1.00000002,0.0,2000.000003,1.839244265,1.799999951,10,4.969,0.0,140.0,50.0,0.0,0.0,2.0,2.0,1.0,1.0,1.0,0.02,2.0,0.3,3.5,0.0,deGFP,1.0,2026-03-09,ext,M,GFP-M-Gext,0.00039524487940437994
0 days 00:50:23,37.0,H10,4182,H,10,GFP-M-Gext,1,2026-03-09 13:21:39,Cytation5,20260309-round1,12,Sample,1.00000002,0.0,2000.000003,1.839244265,1.799999951,10,4.969,0.0,140.0,50.0,0.0,0.0,2.0,2.0,1.0,1.0,1.0,0.02,2.0,0.3,3.5,0.0,deGFP,1.0,2026-03-09,ext,M,GFP-M-Gext,0.00044007297275535593
0 days 00:55:23,37.0,H10,4521,H,10,GFP-M-Gext,1,2026-03-09 13:26:39,Cytation5,20260309-round1,12,Sample,1.00000002,0.0,2000.000003,1.839244265,1.799999951,10,4.969,0.0,140.0,50.0,0.0,0.0,2.0,2.0,1.0,1.0,1.0,0.02,2.0,0.3,3.5,0.0,deGFP,1.0,2026-03-09,ext,M,GFP-M-Gext,0.00047574603295718893
0 days 01:00:23,37.0,H10,4728,H,10,GFP-M-Gext,1,2026-03-09 13:31:39,Cytation5,20260309-round1,12,Sample,1.00000002,0.0,2000.000003,1.839244265,1.799999951,10,4.969,0.0,140.0,50.0,0.0,0.0,2.0,2.0,1.0,1.0,1.0,0.02,2.0,0.3,3.5,0.0,deGFP,1.0,2026-03-09,ext,M,GFP-M-Gext,0.0004975286980361843
0 days 01:05:23,37.0,H10,5085,H,10,GFP-M-Gext,1,2026-03-09 13:36:39,Cytation5,20260309-round1,12,Sample,1.00000002,0.0,2000.000003,1.839244265,1.799999951,10,4.969,0.0,140.0,50.0,0.0,0.0,2.0,2.0,1.0,1.0,1.0,0.02,2.0,0.3,3.5,0.0,deGFP,1.0,2026-03-09,ext,M,GFP-M-Gext,0.0005350959030274952
0 days 01:10:23,37.0,H10,5303,H,10,GFP-M-Gext,1,2026-03-09 13:41:39,Cytation5,20260309-round1,12,Sample,1.00000002,0.0,2000.000003,1.839244265,1.799999951,10,4.969,0.0,140.0,50.0,0.0,0.0,2.0,2.0,1.0,1.0,1.0,0.02,2.0,0.3,3.5,0.0,deGFP,1.0,2026-03-09,ext,M,GFP-M-Gext,0.0005580361010333937
0 days 01:15:23,37.1,H10,5549,H,10,GFP-M-Gext,1,2026-03-09 13:46:39,Cytation5,20260309-round1,12,Sample,1.00000002,0.0,2000.000003,1.839244265,1.799999951,10,4.969,0.0,140.0,50.0,0.0,0.0,2.0,2.0,1.0,1.0,1.0,0.02,2.0,0.3,3.5,0.0,deGFP,1.0,2026-03-09,ext,M,GFP-M-Gext,0.0005839227464895911
0 days 01:20:23,37.0,H10,5717,H,10,GFP-M-Gext,1,2026-03-09 13:51:39,Cytation5,20260309-round1,12,Sample,1.00000002,0.0,2000.000003,1.839244265,1.799999951,10,4.969,0.0,140.0,50.0,0.0,0.0,2.0,2.0,1.0,1.0,1.0,0.02,2.0,0.3,3.5,0.0,deGFP,1.0,2026-03-09,ext,M,GFP-M-Gext,0.0006016014311913845
0 days 01:25:23,37.0,H10,5876,H,10,GFP-M-Gext,1,2026-03-09 13:56:39,Cytation5,20260309-round1,12,Sample,1.00000002,0.0,2000.000003,1.839244265,1.799999951,10,4.969,0.0,140.0,50.0,0.0,0.0,2.0,2.0,1.0,1.0,1.0,0.02,2.0,0.3,3.5,0.0,deGFP,1.0,2026-03-09,ext,M,GFP-M-Gext,0.0006183330434984389
0 days 01:30:23,37.0,H10,5868,H,10,GFP-M-Gext,1,2026-03-09 14:01:39,Cytation5,20260309-round1,12,Sample,1.00000002,0.0,2000.000003,1.839244265,1.799999951,10,4.969,0.0,140.0,50.0,0.0,0.0,2.0,2.0,1.0,1.0,1.0,0.02,2.0,0.3,3.5,0.0,deGFP,1.0,2026-03-09,ext,M,GFP-M-Gext,0.0006174912013697821
0 days 01:35:23,37.0,H10,5923,H,10,GFP-M-Gext,1,2026-03-09 14:06:39,Cytation5,20260309-round1,12,Sample,1.00000002,0.0,2000.000003,1.839244265,1.799999951,10,4.969,0.0,140.0,50.0,0.0,0.0,2.0,2.0,1.0,1.0,1.0,0.02,2.0,0.3,3.5,0.0,deGFP,1.0,2026-03-09,ext,M,GFP-M-Gext,0.0006232788660042978
0 days 01:40:23,37.0,H10,5959,H,10,GFP-M-Gext,1,2026-03-09 14:11:39,Cytation5,20260309-round1,12,Sample,1.00000002,0.0,2000.000003,1.839244265,1.799999951,10,4.969,0.0,140.0,50.0,0.0,0.0,2.0,2.0,1.0,1.0,1.0,0.02,2.0,0.3,3.5,0.0,deGFP,1.0,2026-03-09,ext,M,GFP-M-Gext,0.0006270671555832535
0 days 01:45:23,37.0,H10,5981,H,10,GFP-M-Gext,1,2026-03-09 14:16:39,Cytation5,20260309-round1,12,Sample,1.00000002,0.0,2000.000003,1.839244265,1.799999951,10,4.969,0.0,140.0,50.0,0.0,0.0,2.0,2.0,1.0,1.0,1.0,0.02,2.0,0.3,3.5,0.0,deGFP,1.0,2026-03-09,ext,M,GFP-M-Gext,0.0006293822214370597
0 days 01:50:23,37.0,H10,5972,H,10,GFP-M-Gext,1,2026-03-09 14:21:39,Cytation5,20260309-round1,12,Sample,1.00000002,0.0,2000.000003,1.839244265,1.799999951,10,4.969,0.0,140.0,50.0,0.0,0.0,2.0,2.0,1.0,1.0,1.0,0.02,2.0,0.3,3.5,0.0,deGFP,1.0,2026-03-09,ext,M,GFP-M-Gext,0.0006284351490423208
0 days 01:55:23,37.1,H10,6060,H,10,GFP-M-Gext,1,2026-03-09 14:26:39,Cytation5,20260309-round1,12,Sample,1.00000002,0.0,2000.000003,1.839244265,1.799999951,10,4.969,0.0,140.0,50.0,0.0,0.0,2.0,2.0,1.0,1.0,1.0,0.02,2.0,0.3,3.5,0.0,deGFP,1.0,2026-03-09,ext,M,GFP-M-Gext,0.000637695412457546
0 days 02:00:23,37.0,H10,6172,H,10,GFP-M-Gext,1,2026-03-09 14:31:39,Cytation5,20260309-round1,12,Sample,1.00000002,0.0,2000.000003,1.839244265,1.799999951,10,4.969,0.0,140.0,50.0,0.0,0.0,2.0,2.0,1.0,1.0,1.0,0.02,2.0,0.3,3.5,0.0,deGFP,1.0,2026-03-09,ext,M,GFP-M-Gext,0.0006494812022587415
0 days 02:05:23,37.0,H10,6115,H,10,GFP-M-Gext,1,2026-03-09 14:36:39,Cytation5,20260309-round1,12,Sample,1.00000002,0.0,2000.000003,1.839244265,1.799999951,10,4.969,0.0,140.0,50.0,0.0,0.0,2.0,2.0,1.0,1.0,1.0,0.02,2.0,0.3,3.5,0.0,deGFP,1.0,2026-03-09,ext,M,GFP-M-Gext,0.0006434830770920616
0 days 02:10:23,37.1,H10,6112,H,10,GFP-M-Gext,1,2026-03-09 14:41:39,Cytation5,20260309-round1,12,Sample,1.00000002,0.0,2000.000003,1.839244265,1.799999951,10,4.969,0.0,140.0,50.0,0.0,0.0,2.0,2.0,1.0,1.0,1.0,0.02,2.0,0.3,3.5,0.0,deGFP,1.0,2026-03-09,ext,M,GFP-M-Gext,0.0006431673862938153
0 days 02:15:23,37.1,H10,6121,H,10,GFP-M-Gext,1,2026-03-09 14:46:39,Cytation5,20260309-round1,12,Sample,1.00000002,0.0,2000.000003,1.839244265,1.799999951,10,4.969,0.0,140.0,50.0,0.0,0.0,2.0,2.0,1.0,1.0,1.0,0.02,2.0,0.3,3.5,0.0,deGFP,1.0,2026-03-09,ext,M,GFP-M-Gext,0.0006441144586885543
0 days 02:20:23,37.0,H10,6063,H,10,GFP-M-Gext,1,2026-03-09 14:51:39,Cytation5,20260309-round1,12,Sample,1.00000002,0.0,2000.000003,1.839244265,1.799999951,10,4.969,0.0,140.0,50.0,0.0,0.0,2.0,2.0,1.0,1.0,1.0,0.02,2.0,0.3,3.5,0.0,deGFP,1.0,2026-03-09,ext,M,GFP-M-Gext,0.0006380111032557922
0 days 02:25:23,37.0,H10,6105,H,10,GFP-M-Gext,1,2026-03-09 14:56:39,Cytation5,20260309-round1,12,Sample,1.00000002,0.0,2000.000003,1.839244265,1.799999951,10,4.969,0.0,140.0,50.0,0.0,0.0,2.0,2.0,1.0,1.0,1.0,0.02,2.0,0.3,3.5,0.0,deGFP,1.0,2026-03-09,ext,M,GFP-M-Gext,0.0006424307744312405
0 days 02:30:23,37.0,H10,5913,H,10,GFP-M-Gext,1,2026-03-09 15:01:39,Cytation5,20260309-round1,12,Sample,1.00000002,0.0,2000.000003,1.839244265,1.799999951,10,4.969,0.0,140.0,50.0,0.0,0.0,2.0,2.0,1.0,1.0,1.0,0.02,2.0,0.3,3.5,0.0,deGFP,1.0,2026-03-09,ext,M,GFP-M-Gext,0.0006222265633434767
0 days 02:35:23,37.0,H10,6103,H,10,GFP-M-Gext,1,2026-03-09 15:06:39,Cytation5,20260309-round1,12,Sample,1.00000002,0.0,2000.000003,1.839244265,1.799999951,10,4.969,0.0,140.0,50.0,0.0,0.0,2.0,2.0,1.0,1.0,1.0,0.02,2.0,0.3,3.5,0.0,deGFP,1.0,2026-03-09,ext,M,GFP-M-Gext,0.0006422203138990763
0 days 02:40:23,37.0,H10,6075,H,10,GFP-M-Gext,1,2026-03-09 15:11:39,Cytation5,20260309-round1,12,Sample,1.00000002,0.0,2000.000003,1.839244265,1.799999951,10,4.969,0.0,140.0,50.0,0.0,0.0,2.0,2.0,1.0,1.0,1.0,0.02,2.0,0.3,3.5,0.0,deGFP,1.0,2026-03-09,ext,M,GFP-M-Gext,0.0006392738664487775
0 days 02:45:23,37.0,H10,6077,H,10,GFP-M-Gext,1,2026-03-09 15:16:39,Cytation5,20260309-round1,12,Sample,1.00000002,0.0,2000.000003,1.839244265,1.799999951,10,4.969,0.0,140.0,50.0,0.0,0.0,2.0,2.0,1.0,1.0,1.0,0.02,2.0,0.3,3.5,0.0,deGFP,1.0,2026-03-09,ext,M,GFP-M-Gext,0.0006394843269809416
0 days 02:50:23,37.0,H10,6040,H,10,GFP-M-Gext,1,2026-03-09 15:21:39,Cytation5,20260309-round1,12,Sample,1.00000002,0.0,2000.000003,1.839244265,1.799999951,10,4.969,0.0,140.0,50.0,0.0,0.0,2.0,2.0,1.0,1.0,1.0,0.02,2.0,0.3,3.5,0.0,deGFP,1.0,2026-03-09,ext,M,GFP-M-Gext,0.0006355908071359038
0 days 02:55:23,37.0,H10,6061,H,10,GFP-M-Gext,1,2026-03-09 15:26:39,Cytation5,20260309-round1,12,Sample,1.00000002,0.0,2000.000003,1.839244265,1.799999951,10,4.969,0.0,140.0,50.0,0.0,0.0,2.0,2.0,1.0,1.0,1.0,0.02,2.0,0.3,3.5,0.0,deGFP,1.0,2026-03-09,ext,M,GFP-M-Gext,0.000637800642723628
0 days 03:00:23,36.9,H10,5982,H,10,GFP-M-Gext,1,2026-03-09 15:31:39,Cytation5,20260309-round1,12,Sample,1.00000002,0.0,2000.000003,1.839244265,1.799999951,10,4.969,0.0,140.0,50.0,0.0,0.0,2.0,2.0,1.0,1.0,1.0,0.02,2.0,0.3,3.5,0.0,deGFP,1.0,2026-03-09,ext,M,GFP-M-Gext,0.0006294874517031419
0 days 03:05:23,37.0,H10,5985,H,10,GFP-M-Gext,1,2026-03-09 15:36:39,Cytation5,20260309-round1,12,Sample,1.00000002,0.0,2000.000003,1.839244265,1.799999951,10,4.969,0.0,140.0,50.0,0.0,0.0,2.0,2.0,1.0,1.0,1.0,0.02,2.0,0.3,3.5,0.0,deGFP,1.0,2026-03-09,ext,M,GFP-M-Gext,0.0006298031425013881
0 days 03:10:23,37.0,H10,5941,H,10,GFP-M-Gext,1,2026-03-09 15:41:39,Cytation5,20260309-round1,12,Sample,1.00000002,0.0,2000.000003,1.839244265,1.799999951,10,4.969,0.0,140.0,50.0,0.0,0.0,2.0,2.0,1.0,1.0,1.0,0.02,2.0,0.3,3.5,0.0,deGFP,1.0,2026-03-09,ext,M,GFP-M-Gext,0.0006251730107937756
0 days 03:15:23,37.0,H10,6138,H,10,GFP-M-Gext,1,2026-03-09 15:46:39,Cytation5,20260309-round1,12,Sample,1.00000002,0.0,2000.000003,1.839244265,1.799999951,10,4.969,0.0,140.0,50.0,0.0,0.0,2.0,2.0,1.0,1.0,1.0,0.02,2.0,0.3,3.5,0.0,deGFP,1.0,2026-03-09,ext,M,GFP-M-Gext,0.0006459033732119499
0 days 03:20:23,37.0,H10,6012,H,10,GFP-M-Gext,1,2026-03-09 15:51:39,Cytation5,20260309-round1,12,Sample,1.00000002,0.0,2000.000003,1.839244265,1.799999951,10,4.969,0.0,140.0,50.0,0.0,0.0,2.0,2.0,1.0,1.0,1.0,0.02,2.0,0.3,3.5,0.0,deGFP,1.0,2026-03-09,ext,M,GFP-M-Gext,0.000632644359685605
0 days 03:25:23,37.0,H10,6116,H,10,GFP-M-Gext,1,2026-03-09 15:56:39,Cytation5,20260309-round1,12,Sample,1.00000002,0.0,2000.000003,1.839244265,1.799999951,10,4.969,0.0,140.0,50.0,0.0,0.0,2.0,2.0,1.0,1.0,1.0,0.02,2.0,0.3,3.5,0.0,deGFP,1.0,2026-03-09,ext,M,GFP-M-Gext,0.0006435883073581437
0 days 03:30:23,37.0,H10,6092,H,10,GFP-M-Gext,1,2026-03-09 16:01:39,Cytation5,20260309-round1,12,Sample,1.00000002,0.0,2000.000003,1.839244265,1.799999951,10,4.969,0.0,140.0,50.0,0.0,0.0,2.0,2.0,1.0,1.0,1.0,0.02,2.0,0.3,3.5,0.0,deGFP,1.0,2026-03-09,ext,M,GFP-M-Gext,0.0006410627809721732
0 days 03:35:23,37.0,H10,6113,H,10,GFP-M-Gext,1,2026-03-09 16:06:39,Cytation5,20260309-round1,12,Sample,1.00000002,0.0,2000.000003,1.839244265,1.799999951,10,4.969,0.0,140.0,50.0,0.0,0.0,2.0,2.0,1.0,1.0,1.0,0.02,2.0,0.3,3.5,0.0,deGFP,1.0,2026-03-09,ext,M,GFP-M-Gext,0.0006432726165598974
0 days 03:40:23,37.1,H10,6136,H,10,GFP-M-Gext,1,2026-03-09 16:11:39,Cytation5,20260309-round1,12,Sample,1.00000002,0.0,2000.000003,1.839244265,1.799999951,10,4.969,0.0,140.0,50.0,0.0,0.0,2.0,2.0,1.0,1.0,1.0,0.02,2.0,0.3,3.5,0.0,deGFP,1.0,2026-03-09,ext,M,GFP-M-Gext,0.0006456929126797858
0 days 03:45:23,37.0,H10,6128,H,10,GFP-M-Gext,1,2026-03-09 16:16:39,Cytation5,20260309-round1,12,Sample,1.00000002,0.0,2000.000003,1.839244265,1.799999951,10,4.969,0.0,140.0,50.0,0.0,0.0,2.0,2.0,1.0,1.0,1.0,0.02,2.0,0.3,3.5,0.0,deGFP,1.0,2026-03-09,ext,M,GFP-M-Gext,0.000644851070551129
0 days 03:50:23,37.0,H10,6135,H,10,GFP-M-Gext,1,2026-03-09 16:21:39,Cytation5,20260309-round1,12,Sample,1.00000002,0.0,2000.000003,1.839244265,1.799999951,10,4.969,0.0,140.0,50.0,0.0,0.0,2.0,2.0,1.0,1.0,1.0,0.02,2.0,0.3,3.5,0.0,deGFP,1.0,2026-03-09,ext,M,GFP-M-Gext,0.0006455876824137037
0 days 03:55:23,37.0,H10,6069,H,10,GFP-M-Gext,1,2026-03-09 16:26:39,Cytation5,20260309-round1,12,Sample,1.00000002,0.0,2000.000003,1.839244265,1.799999951,10,4.969,0.0,140.0,50.0,0.0,0.0,2.0,2.0,1.0,1.0,1.0,0.02,2.0,0.3,3.5,0.0,deGFP,1.0,2026-03-09,ext,M,GFP-M-Gext,0.0006386424848522849
0 days 04:00:23,37.0,H10,6119,H,10,GFP-M-Gext,1,2026-03-09 16:31:39,Cytation5,20260309-round1,12,Sample,1.00000002,0.0,2000.000003,1.839244265,1.799999951,10,4.969,0.0,140.0,50.0,0.0,0.0,2.0,2.0,1.0,1.0,1.0,0.02,2.0,0.3,3.5,0.0,deGFP,1.0,2026-03-09,ext,M,GFP-M-Gext,0.00064390399815639
0 days 04:05:23,37.1,H10,6042,H,10,GFP-M-Gext,1,2026-03-09 16:36:39,Cytation5,20260309-round1,12,Sample,1.00000002,0.0,2000.000003,1.839244265,1.799999951,10,4.969,0.0,140.0,50.0,0.0,0.0,2.0,2.0,1.0,1.0,1.0,0.02,2.0,0.3,3.5,0.0,deGFP,1.0,2026-03-09,ext,M,GFP-M-Gext,0.000635801267668068
0 days 04:10:23,37.1,H10,6077,H,10,GFP-M-Gext,1,2026-03-09 16:41:39,Cytation5,20260309-round1,12,Sample,1.00000002,0.0,2000.000003,1.839244265,1.799999951,10,4.969,0.0,140.0,50.0,0.0,0.0,2.0,2.0,1.0,1.0,1.0,0.02,2.0,0.3,3.5,0.0,deGFP,1.0,2026-03-09,ext,M,GFP-M-Gext,0.0006394843269809416
0 days 04:15:23,37.0,H10,6216,H,10,GFP-M-Gext,1,2026-03-09 16:46:39,Cytation5,20260309-round1,12,Sample,1.00000002,0.0,2000.000003,1.839244265,1.799999951,10,4.969,0.0,140.0,50.0,0.0,0.0,2.0,2.0,1.0,1.0,1.0,0.02,2.0,0.3,3.5,0.0,deGFP,1.0,2026-03-09,ext,M,GFP-M-Gext,0.000654111333966354
0 days 04:20:23,37.0,H10,6038,H,10,GFP-M-Gext,1,2026-03-09 16:51:39,Cytation5,20260309-round1,12,Sample,1.00000002,0.0,2000.000003,1.839244265,1.799999951,10,4.969,0.0,140.0,50.0,0.0,0.0,2.0,2.0,1.0,1.0,1.0,0.02,2.0,0.3,3.5,0.0,deGFP,1.0,2026-03-09,ext,M,GFP-M-Gext,0.0006353803466037397
0 days 04:25:23,37.0,H10,6156,H,10,GFP-M-Gext,1,2026-03-09 16:56:39,Cytation5,20260309-round1,12,Sample,1.00000002,0.0,2000.000003,1.839244265,1.799999951,10,4.969,0.0,140.0,50.0,0.0,0.0,2.0,2.0,1.0,1.0,1.0,0.02,2.0,0.3,3.5,0.0,deGFP,1.0,2026-03-09,ext,M,GFP-M-Gext,0.0006477975180014279
0 days 04:30:23,37.1,H10,6132,H,10,GFP-M-Gext,1,2026-03-09 17:01:39,Cytation5,20260309-round1,12,Sample,1.00000002,0.0,2000.000003,1.839244265,1.799999951,10,4.969,0.0,140.0,50.0,0.0,0.0,2.0,2.0,1.0,1.0,1.0,0.02,2.0,0.3,3.5,0.0,deGFP,1.0,2026-03-09,ext,M,GFP-M-Gext,0.0006452719916154574
0 days 04:35:23,37.0,H10,6164,H,10,GFP-M-Gext,1,2026-03-09 17:06:39,Cytation5,20260309-round1,12,Sample,1.00000002,0.0,2000.000003,1.839244265,1.799999951,10,4.969,0.0,140.0,50.0,0.0,0.0,2.0,2.0,1.0,1.0,1.0,0.02,2.0,0.3,3.5,0.0,deGFP,1.0,2026-03-09,ext,M,GFP-M-Gext,0.0006486393601300846
0 days 04:40:23,37.0,H10,6085,H,10,GFP-M-Gext,1,2026-03-09 17:11:39,Cytation5,20260309-round1,12,Sample,1.00000002,0.0,2000.000003,1.839244265,1.799999951,10,4.969,0.0,140.0,50.0,0.0,0.0,2.0,2.0,1.0,1.0,1.0,0.02,2.0,0.3,3.5,0.0,deGFP,1.0,2026-03-09,ext,M,GFP-M-Gext,0.0006403261691095985
0 days 04:45:23,37.0,H10,6101,H,10,GFP-M-Gext,1,2026-03-09 17:16:39,Cytation5,20260309-round1,12,Sample,1.00000002,0.0,2000.000003,1.839244265,1.799999951,10,4.969,0.0,140.0,50.0,0.0,0.0,2.0,2.0,1.0,1.0,1.0,0.02,2.0,0.3,3.5,0.0,deGFP,1.0,2026-03-09,ext,M,GFP-M-Gext,0.0006420098533669121
0 days 04:50:23,37.1,H10,6131,H,10,GFP-M-Gext,1,2026-03-09 17:21:39,Cytation5,20260309-round1,12,Sample,1.00000002,0.0,2000.000003,1.839244265,1.799999951,10,4.969,0.0,140.0,50.0,0.0,0.0,2.0,2.0,1.0,1.0,1.0,0.02,2.0,0.3,3.5,0.0,deGFP,1.0,2026-03-09,ext,M,GFP-M-Gext,0.0006451667613493752
0 days 04:55:23,37.1,H10,6254,H,10,GFP-M-Gext,1,2026-03-09 17:26:39,Cytation5,20260309-round1,12,Sample,1.00000002,0.0,2000.000003,1.839244265,1.799999951,10,4.969,0.0,140.0,50.0,0.0,0.0,2.0,2.0,1.0,1.0,1.0,0.02,2.0,0.3,3.5,0.0,deGFP,1.0,2026-03-09,ext,M,GFP-M-Gext,0.000658110084077474
0 days 05:00:23,37.1,H10,6135,H,10,GFP-M-Gext,1,2026-03-09 17:31:39,Cytation5,20260309-round1,12,Sample,1.00000002,0.0,2000.000003,1.839244265,1.799999951,10,4.969,0.0,140.0,50.0,0.0,0.0,2.0,2.0,1.0,1.0,1.0,0.02,2.0,0.3,3.5,0.0,deGFP,1.0,2026-03-09,ext,M,GFP-M-Gext,0.0006455876824137037
0 days 05:05:23,37.0,H10,6213,H,10,GFP-M-Gext,1,2026-03-09 17:36:39,Cytation5,20260309-round1,12,Sample,1.00000002,0.0,2000.000003,1.839244265,1.799999951,10,4.969,0.0,140.0,50.0,0.0,0.0,2.0,2.0,1.0,1.0,1.0,0.02,2.0,0.3,3.5,0.0,deGFP,1.0,2026-03-09,ext,M,GFP-M-Gext,0.0006537956431681077
0 days 05:10:23,37.0,H10,6256,H,10,GFP-M-Gext,1,2026-03-09 17:41:39,Cytation5,20260309-round1,12,Sample,1.00000002,0.0,2000.000003,1.839244265,1.799999951,10,4.969,0.0,140.0,50.0,0.0,0.0,2.0,2.0,1.0,1.0,1.0,0.02,2.0,0.3,3.5,0.0,deGFP,1.0,2026-03-09,ext,M,GFP-M-Gext,0.0006583205446096382
0 days 05:15:23,37.0,H10,6133,H,10,GFP-M-Gext,1,2026-03-09 17:46:39,Cytation5,20260309-round1,12,Sample,1.00000002,0.0,2000.000003,1.839244265,1.799999951,10,4.969,0.0,140.0,50.0,0.0,0.0,2.0,2.0,1.0,1.0,1.0,0.02,2.0,0.3,3.5,0.0,deGFP,1.0,2026-03-09,ext,M,GFP-M-Gext,0.0006453772218815394
0 days 05:20:23,37.0,H10,6206,H,10,GFP-M-Gext,1,2026-03-09 17:51:39,Cytation5,20260309-round1,12,Sample,1.00000002,0.0,2000.000003,1.839244265,1.799999951,10,4.969,0.0,140.0,50.0,0.0,0.0,2.0,2.0,1.0,1.0,1.0,0.02,2.0,0.3,3.5,0.0,deGFP,1.0,2026-03-09,ext,M,GFP-M-Gext,0.000653059031305533
0 days 05:25:23,37.1,H10,6221,H,10,GFP-M-Gext,1,2026-03-09 17:56:39,Cytation5,20260309-round1,12,Sample,1.00000002,0.0,2000.000003,1.839244265,1.799999951,10,4.969,0.0,140.0,50.0,0.0,0.0,2.0,2.0,1.0,1.0,1.0,0.02,2.0,0.3,3.5,0.0,deGFP,1.0,2026-03-09,ext,M,GFP-M-Gext,0.0006546374852967646
0 days 05:30:23,37.1,H10,6218,H,10,GFP-M-Gext,1,2026-03-09 18:01:39,Cytation5,20260309-round1,12,Sample,1.00000002,0.0,2000.000003,1.839244265,1.799999951,10,4.969,0.0,140.0,50.0,0.0,0.0,2.0,2.0,1.0,1.0,1.0,0.02,2.0,0.3,3.5,0.0,deGFP,1.0,2026-03-09,ext,M,GFP-M-Gext,0.0006543217944985182
0 days 05:35:23,37.1,H10,6156,H,10,GFP-M-Gext,1,2026-03-09 18:06:39,Cytation5,20260309-round1,12,Sample,1.00000002,0.0,2000.000003,1.839244265,1.799999951,10,4.969,0.0,140.0,50.0,0.0,0.0,2.0,2.0,1.0,1.0,1.0,0.02,2.0,0.3,3.5,0.0,deGFP,1.0,2026-03-09,ext,M,GFP-M-Gext,0.0006477975180014279
0 days 05:40:23,37.0,H10,6251,H,10,GFP-M-Gext,1,2026-03-09 18:11:39,Cytation5,20260309-round1,12,Sample,1.00000002,0.0,2000.000003,1.839244265,1.799999951,10,4.969,0.0,140.0,50.0,0.0,0.0,2.0,2.0,1.0,1.0,1.0,0.02,2.0,0.3,3.5,0.0,deGFP,1.0,2026-03-09,ext,M,GFP-M-Gext,0.0006577943932792276
0 days 05:45:23,37.0,H10,6257,H,10,GFP-M-Gext,1,2026-03-09 18:16:39,Cytation5,20260309-round1,12,Sample,1.00000002,0.0,2000.000003,1.839244265,1.799999951,10,4.969,0.0,140.0,50.0,0.0,0.0,2.0,2.0,1.0,1.0,1.0,0.02,2.0,0.3,3.5,0.0,deGFP,1.0,2026-03-09,ext,M,GFP-M-Gext,0.0006584257748757203
0 days 05:50:23,37.0,H10,6294,H,10,GFP-M-Gext,1,2026-03-09 18:21:39,Cytation5,20260309-round1,12,Sample,1.00000002,0.0,2000.000003,1.839244265,1.799999951,10,4.969,0.0,140.0,50.0,0.0,0.0,2.0,2.0,1.0,1.0,1.0,0.02,2.0,0.3,3.5,0.0,deGFP,1.0,2026-03-09,ext,M,GFP-M-Gext,0.0006623192947207581
0 days 05:55:23,37.0,H10,6213,H,10,GFP-M-Gext,1,2026-03-09 18:26:39,Cytation5,20260309-round1,12,Sample,1.00000002,0.0,2000.000003,1.839244265,1.799999951,10,4.969,0.0,140.0,50.0,0.0,0.0,2.0,2.0,1.0,1.0,1.0,0.02,2.0,0.3,3.5,0.0,deGFP,1.0,2026-03-09,ext,M,GFP-M-Gext,0.0006537956431681077
0 days 06:00:23,37.1,H10,6247,H,10,GFP-M-Gext,1,2026-03-09 18:31:39,Cytation5,20260309-round1,12,Sample,1.00000002,0.0,2000.000003,1.839244265,1.799999951,10,4.969,0.0,140.0,50.0,0.0,0.0,2.0,2.0,1.0,1.0,1.0,0.02,2.0,0.3,3.5,0.0,deGFP,1.0,2026-03-09,ext,M,GFP-M-Gext,0.0006573734722148993
0 days 00:00:23,28.9,H11,293,H,11,GFP-M-Gext,1,2026-03-09 12:31:39,Cytation5,20260309-round1,7,Sample,1.00000002,0.0,2000.000003,1.763142289,1.799999951,10,12.469,49.0,72.5,50.0,0.0,0.0,2.0,2.0,1.0,1.0,1.0,0.02,2.0,0.3,3.5,0.0,deGFP,1.0,2026-03-09,ext,M,GFP-M-Gext,3.0832467962056264e-05
0 days 00:05:23,34.5,H11,319,H,11,GFP-M-Gext,1,2026-03-09 12:36:39,Cytation5,20260309-round1,7,Sample,1.00000002,0.0,2000.000003,1.763142289,1.799999951,10,12.469,49.0,72.5,50.0,0.0,0.0,2.0,2.0,1.0,1.0,1.0,0.02,2.0,0.3,3.5,0.0,deGFP,1.0,2026-03-09,ext,M,GFP-M-Gext,3.356845488019095e-05
0 days 00:10:23,37.0,H11,292,H,11,GFP-M-Gext,1,2026-03-09 12:41:39,Cytation5,20260309-round1,7,Sample,1.00000002,0.0,2000.000003,1.763142289,1.799999951,10,12.469,49.0,72.5,50.0,0.0,0.0,2.0,2.0,1.0,1.0,1.0,0.02,2.0,0.3,3.5,0.0,deGFP,1.0,2026-03-09,ext,M,GFP-M-Gext,3.072723769597416e-05
0 days 00:15:23,37.0,H11,320,H,11,GFP-M-Gext,1,2026-03-09 12:46:39,Cytation5,20260309-round1,7,Sample,1.00000002,0.0,2000.000003,1.763142289,1.799999951,10,12.469,49.0,72.5,50.0,0.0,0.0,2.0,2.0,1.0,1.0,1.0,0.02,2.0,0.3,3.5,0.0,deGFP,1.0,2026-03-09,ext,M,GFP-M-Gext,3.367368514627305e-05
0 days 00:20:23,37.0,H11,408,H,11,GFP-M-Gext,1,2026-03-09 12:51:39,Cytation5,20260309-round1,7,Sample,1.00000002,0.0,2000.000003,1.763142289,1.799999951,10,12.469,49.0,72.5,50.0,0.0,0.0,2.0,2.0,1.0,1.0,1.0,0.02,2.0,0.3,3.5,0.0,deGFP,1.0,2026-03-09,ext,M,GFP-M-Gext,4.293394856149814e-05
0 days 00:25:23,37.0,H11,483,H,11,GFP-M-Gext,1,2026-03-09 12:56:39,Cytation5,20260309-round1,7,Sample,1.00000002,0.0,2000.000003,1.763142289,1.799999951,10,12.469,49.0,72.5,50.0,0.0,0.0,2.0,2.0,1.0,1.0,1.0,0.02,2.0,0.3,3.5,0.0,deGFP,1.0,2026-03-09,ext,M,GFP-M-Gext,5.0826218517655885e-05
0 days 00:30:23,37.0,H11,584,H,11,GFP-M-Gext,1,2026-03-09 13:01:39,Cytation5,20260309-round1,7,Sample,1.00000002,0.0,2000.000003,1.763142289,1.799999951,10,12.469,49.0,72.5,50.0,0.0,0.0,2.0,2.0,1.0,1.0,1.0,0.02,2.0,0.3,3.5,0.0,deGFP,1.0,2026-03-09,ext,M,GFP-M-Gext,6.145447539194833e-05
0 days 00:35:23,37.0,H11,607,H,11,GFP-M-Gext,1,2026-03-09 13:06:39,Cytation5,20260309-round1,7,Sample,1.00000002,0.0,2000.000003,1.763142289,1.799999951,10,12.469,49.0,72.5,50.0,0.0,0.0,2.0,2.0,1.0,1.0,1.0,0.02,2.0,0.3,3.5,0.0,deGFP,1.0,2026-03-09,ext,M,GFP-M-Gext,6.38747715118367e-05
0 days 00:40:23,37.0,H11,672,H,11,GFP-M-Gext,1,2026-03-09 13:11:39,Cytation5,20260309-round1,7,Sample,1.00000002,0.0,2000.000003,1.763142289,1.799999951,10,12.469,49.0,72.5,50.0,0.0,0.0,2.0,2.0,1.0,1.0,1.0,0.02,2.0,0.3,3.5,0.0,deGFP,1.0,2026-03-09,ext,M,GFP-M-Gext,7.071473880717341e-05
0 days 00:45:23,37.1,H11,737,H,11,GFP-M-Gext,1,2026-03-09 13:16:39,Cytation5,20260309-round1,7,Sample,1.00000002,0.0,2000.000003,1.763142289,1.799999951,10,12.469,49.0,72.5,50.0,0.0,0.0,2.0,2.0,1.0,1.0,1.0,0.02,2.0,0.3,3.5,0.0,deGFP,1.0,2026-03-09,ext,M,GFP-M-Gext,7.755470610251012e-05
0 days 00:50:23,37.0,H11,761,H,11,GFP-M-Gext,1,2026-03-09 13:21:39,Cytation5,20260309-round1,7,Sample,1.00000002,0.0,2000.000003,1.763142289,1.799999951,10,12.469,49.0,72.5,50.0,0.0,0.0,2.0,2.0,1.0,1.0,1.0,0.02,2.0,0.3,3.5,0.0,deGFP,1.0,2026-03-09,ext,M,GFP-M-Gext,8.008023248848061e-05
0 days 00:55:23,37.0,H11,770,H,11,GFP-M-Gext,1,2026-03-09 13:26:39,Cytation5,20260309-round1,7,Sample,1.00000002,0.0,2000.000003,1.763142289,1.799999951,10,12.469,49.0,72.5,50.0,0.0,0.0,2.0,2.0,1.0,1.0,1.0,0.02,2.0,0.3,3.5,0.0,deGFP,1.0,2026-03-09,ext,M,GFP-M-Gext,8.102730488321954e-05
0 days 01:00:23,37.0,H11,801,H,11,GFP-M-Gext,1,2026-03-09 13:31:39,Cytation5,20260309-round1,7,Sample,1.00000002,0.0,2000.000003,1.763142289,1.799999951,10,12.469,49.0,72.5,50.0,0.0,0.0,2.0,2.0,1.0,1.0,1.0,0.02,2.0,0.3,3.5,0.0,deGFP,1.0,2026-03-09,ext,M,GFP-M-Gext,8.428944313176473e-05
0 days 01:05:23,37.0,H11,843,H,11,GFP-M-Gext,1,2026-03-09 13:36:39,Cytation5,20260309-round1,7,Sample,1.00000002,0.0,2000.000003,1.763142289,1.799999951,10,12.469,49.0,72.5,50.0,0.0,0.0,2.0,2.0,1.0,1.0,1.0,0.02,2.0,0.3,3.5,0.0,deGFP,1.0,2026-03-09,ext,M,GFP-M-Gext,8.870911430721308e-05
0 days 01:10:23,37.0,H11,816,H,11,GFP-M-Gext,1,2026-03-09 13:41:39,Cytation5,20260309-round1,7,Sample,1.00000002,0.0,2000.000003,1.763142289,1.799999951,10,12.469,49.0,72.5,50.0,0.0,0.0,2.0,2.0,1.0,1.0,1.0,0.02,2.0,0.3,3.5,0.0,deGFP,1.0,2026-03-09,ext,M,GFP-M-Gext,8.586789712299628e-05
0 days 01:15:23,37.1,H11,848,H,11,GFP-M-Gext,1,2026-03-09 13:46:39,Cytation5,20260309-round1,7,Sample,1.00000002,0.0,2000.000003,1.763142289,1.799999951,10,12.469,49.0,72.5,50.0,0.0,0.0,2.0,2.0,1.0,1.0,1.0,0.02,2.0,0.3,3.5,0.0,deGFP,1.0,2026-03-09,ext,M,GFP-M-Gext,8.923526563762359e-05
0 days 01:20:23,37.0,H11,833,H,11,GFP-M-Gext,1,2026-03-09 13:51:39,Cytation5,20260309-round1,7,Sample,1.00000002,0.0,2000.000003,1.763142289,1.799999951,10,12.469,49.0,72.5,50.0,0.0,0.0,2.0,2.0,1.0,1.0,1.0,0.02,2.0,0.3,3.5,0.0,deGFP,1.0,2026-03-09,ext,M,GFP-M-Gext,8.765681164639204e-05
0 days 01:25:23,37.0,H11,842,H,11,GFP-M-Gext,1,2026-03-09 13:56:39,Cytation5,20260309-round1,7,Sample,1.00000002,0.0,2000.000003,1.763142289,1.799999951,10,12.469,49.0,72.5,50.0,0.0,0.0,2.0,2.0,1.0,1.0,1.0,0.02,2.0,0.3,3.5,0.0,deGFP,1.0,2026-03-09,ext,M,GFP-M-Gext,8.860388404113097e-05
0 days 01:30:23,37.0,H11,875,H,11,GFP-M-Gext,1,2026-03-09 14:01:39,Cytation5,20260309-round1,7,Sample,1.00000002,0.0,2000.000003,1.763142289,1.799999951,10,12.469,49.0,72.5,50.0,0.0,0.0,2.0,2.0,1.0,1.0,1.0,0.02,2.0,0.3,3.5,0.0,deGFP,1.0,2026-03-09,ext,M,GFP-M-Gext,9.207648282184037e-05
0 days 01:35:23,37.0,H11,933,H,11,GFP-M-Gext,1,2026-03-09 14:06:39,Cytation5,20260309-round1,7,Sample,1.00000002,0.0,2000.000003,1.763142289,1.799999951,10,12.469,49.0,72.5,50.0,0.0,0.0,2.0,2.0,1.0,1.0,1.0,0.02,2.0,0.3,3.5,0.0,deGFP,1.0,2026-03-09,ext,M,GFP-M-Gext,9.817983825460236e-05
0 days 01:40:23,37.0,H11,867,H,11,GFP-M-Gext,1,2026-03-09 14:11:39,Cytation5,20260309-round1,7,Sample,1.00000002,0.0,2000.000003,1.763142289,1.799999951,10,12.469,49.0,72.5,50.0,0.0,0.0,2.0,2.0,1.0,1.0,1.0,0.02,2.0,0.3,3.5,0.0,deGFP,1.0,2026-03-09,ext,M,GFP-M-Gext,9.123464069318355e-05
0 days 01:45:23,37.0,H11,912,H,11,GFP-M-Gext,1,2026-03-09 14:16:39,Cytation5,20260309-round1,7,Sample,1.00000002,0.0,2000.000003,1.763142289,1.799999951,10,12.469,49.0,72.5,50.0,0.0,0.0,2.0,2.0,1.0,1.0,1.0,0.02,2.0,0.3,3.5,0.0,deGFP,1.0,2026-03-09,ext,M,GFP-M-Gext,9.59700026668782e-05
0 days 01:50:23,37.0,H11,929,H,11,GFP-M-Gext,1,2026-03-09 14:21:39,Cytation5,20260309-round1,7,Sample,1.00000002,0.0,2000.000003,1.763142289,1.799999951,10,12.469,49.0,72.5,50.0,0.0,0.0,2.0,2.0,1.0,1.0,1.0,0.02,2.0,0.3,3.5,0.0,deGFP,1.0,2026-03-09,ext,M,GFP-M-Gext,9.775891719027395e-05
0 days 01:55:23,37.1,H11,943,H,11,GFP-M-Gext,1,2026-03-09 14:26:39,Cytation5,20260309-round1,7,Sample,1.00000002,0.0,2000.000003,1.763142289,1.799999951,10,12.469,49.0,72.5,50.0,0.0,0.0,2.0,2.0,1.0,1.0,1.0,0.02,2.0,0.3,3.5,0.0,deGFP,1.0,2026-03-09,ext,M,GFP-M-Gext,9.92321409154234e-05
0 days 02:00:23,37.0,H11,939,H,11,GFP-M-Gext,1,2026-03-09 14:31:39,Cytation5,20260309-round1,7,Sample,1.00000002,0.0,2000.000003,1.763142289,1.799999951,10,12.469,49.0,72.5,50.0,0.0,0.0,2.0,2.0,1.0,1.0,1.0,0.02,2.0,0.3,3.5,0.0,deGFP,1.0,2026-03-09,ext,M,GFP-M-Gext,9.881121985109498e-05
0 days 02:05:23,37.0,H11,988,H,11,GFP-M-Gext,1,2026-03-09 14:36:39,Cytation5,20260309-round1,7,Sample,1.00000002,0.0,2000.000003,1.763142289,1.799999951,10,12.469,49.0,72.5,50.0,0.0,0.0,2.0,2.0,1.0,1.0,1.0,0.02,2.0,0.3,3.5,0.0,deGFP,1.0,2026-03-09,ext,M,GFP-M-Gext,0.00010396750288911805
0 days 02:10:23,37.1,H11,1024,H,11,GFP-M-Gext,1,2026-03-09 14:41:39,Cytation5,20260309-round1,7,Sample,1.00000002,0.0,2000.000003,1.763142289,1.799999951,10,12.469,49.0,72.5,50.0,0.0,0.0,2.0,2.0,1.0,1.0,1.0,0.02,2.0,0.3,3.5,0.0,deGFP,1.0,2026-03-09,ext,M,GFP-M-Gext,0.00010775579246807376
0 days 02:15:23,37.1,H11,1034,H,11,GFP-M-Gext,1,2026-03-09 14:46:39,Cytation5,20260309-round1,7,Sample,1.00000002,0.0,2000.000003,1.763142289,1.799999951,10,12.469,49.0,72.5,50.0,0.0,0.0,2.0,2.0,1.0,1.0,1.0,0.02,2.0,0.3,3.5,0.0,deGFP,1.0,2026-03-09,ext,M,GFP-M-Gext,0.0001088080951288948
0 days 02:20:23,37.0,H11,992,H,11,GFP-M-Gext,1,2026-03-09 14:51:39,Cytation5,20260309-round1,7,Sample,1.00000002,0.0,2000.000003,1.763142289,1.799999951,10,12.469,49.0,72.5,50.0,0.0,0.0,2.0,2.0,1.0,1.0,1.0,0.02,2.0,0.3,3.5,0.0,deGFP,1.0,2026-03-09,ext,M,GFP-M-Gext,0.00010438842395344646
0 days 02:25:23,37.0,H11,1018,H,11,GFP-M-Gext,1,2026-03-09 14:56:39,Cytation5,20260309-round1,7,Sample,1.00000002,0.0,2000.000003,1.763142289,1.799999951,10,12.469,49.0,72.5,50.0,0.0,0.0,2.0,2.0,1.0,1.0,1.0,0.02,2.0,0.3,3.5,0.0,deGFP,1.0,2026-03-09,ext,M,GFP-M-Gext,0.00010712441087158114
0 days 02:30:23,37.0,H11,1088,H,11,GFP-M-Gext,1,2026-03-09 15:01:39,Cytation5,20260309-round1,7,Sample,1.00000002,0.0,2000.000003,1.763142289,1.799999951,10,12.469,49.0,72.5,50.0,0.0,0.0,2.0,2.0,1.0,1.0,1.0,0.02,2.0,0.3,3.5,0.0,deGFP,1.0,2026-03-09,ext,M,GFP-M-Gext,0.00011449052949732837
0 days 02:35:23,37.0,H11,1026,H,11,GFP-M-Gext,1,2026-03-09 15:06:39,Cytation5,20260309-round1,7,Sample,1.00000002,0.0,2000.000003,1.763142289,1.799999951,10,12.469,49.0,72.5,50.0,0.0,0.0,2.0,2.0,1.0,1.0,1.0,0.02,2.0,0.3,3.5,0.0,deGFP,1.0,2026-03-09,ext,M,GFP-M-Gext,0.00010796625300023798
0 days 02:40:23,37.0,H11,1036,H,11,GFP-M-Gext,1,2026-03-09 15:11:39,Cytation5,20260309-round1,7,Sample,1.00000002,0.0,2000.000003,1.763142289,1.799999951,10,12.469,49.0,72.5,50.0,0.0,0.0,2.0,2.0,1.0,1.0,1.0,0.02,2.0,0.3,3.5,0.0,deGFP,1.0,2026-03-09,ext,M,GFP-M-Gext,0.000109018555661059
0 days 02:45:23,37.0,H11,1107,H,11,GFP-M-Gext,1,2026-03-09 15:16:39,Cytation5,20260309-round1,7,Sample,1.00000002,0.0,2000.000003,1.763142289,1.799999951,10,12.469,49.0,72.5,50.0,0.0,0.0,2.0,2.0,1.0,1.0,1.0,0.02,2.0,0.3,3.5,0.0,deGFP,1.0,2026-03-09,ext,M,GFP-M-Gext,0.00011648990455288834
0 days 02:50:23,37.0,H11,1106,H,11,GFP-M-Gext,1,2026-03-09 15:21:39,Cytation5,20260309-round1,7,Sample,1.00000002,0.0,2000.000003,1.763142289,1.799999951,10,12.469,49.0,72.5,50.0,0.0,0.0,2.0,2.0,1.0,1.0,1.0,0.02,2.0,0.3,3.5,0.0,deGFP,1.0,2026-03-09,ext,M,GFP-M-Gext,0.00011638467428680623
0 days 02:55:23,37.0,H11,1143,H,11,GFP-M-Gext,1,2026-03-09 15:26:39,Cytation5,20260309-round1,7,Sample,1.00000002,0.0,2000.000003,1.763142289,1.799999951,10,12.469,49.0,72.5,50.0,0.0,0.0,2.0,2.0,1.0,1.0,1.0,0.02,2.0,0.3,3.5,0.0,deGFP,1.0,2026-03-09,ext,M,GFP-M-Gext,0.00012027819413184405
0 days 03:00:23,36.9,H11,1164,H,11,GFP-M-Gext,1,2026-03-09 15:31:39,Cytation5,20260309-round1,7,Sample,1.00000002,0.0,2000.000003,1.763142289,1.799999951,10,12.469,49.0,72.5,50.0,0.0,0.0,2.0,2.0,1.0,1.0,1.0,0.02,2.0,0.3,3.5,0.0,deGFP,1.0,2026-03-09,ext,M,GFP-M-Gext,0.00012248802971956822
0 days 03:05:23,37.0,H11,1205,H,11,GFP-M-Gext,1,2026-03-09 15:36:39,Cytation5,20260309-round1,7,Sample,1.00000002,0.0,2000.000003,1.763142289,1.799999951,10,12.469,49.0,72.5,50.0,0.0,0.0,2.0,2.0,1.0,1.0,1.0,0.02,2.0,0.3,3.5,0.0,deGFP,1.0,2026-03-09,ext,M,GFP-M-Gext,0.00012680247062893445
0 days 03:10:23,37.0,H11,1194,H,11,GFP-M-Gext,1,2026-03-09 15:41:39,Cytation5,20260309-round1,7,Sample,1.00000002,0.0,2000.000003,1.763142289,1.799999951,10,12.469,49.0,72.5,50.0,0.0,0.0,2.0,2.0,1.0,1.0,1.0,0.02,2.0,0.3,3.5,0.0,deGFP,1.0,2026-03-09,ext,M,GFP-M-Gext,0.00012564493770203132
0 days 03:15:23,37.0,H11,1268,H,11,GFP-M-Gext,1,2026-03-09 15:46:39,Cytation5,20260309-round1,7,Sample,1.00000002,0.0,2000.000003,1.763142289,1.799999951,10,12.469,49.0,72.5,50.0,0.0,0.0,2.0,2.0,1.0,1.0,1.0,0.02,2.0,0.3,3.5,0.0,deGFP,1.0,2026-03-09,ext,M,GFP-M-Gext,0.00013343197739210696
0 days 03:20:23,37.0,H11,1246,H,11,GFP-M-Gext,1,2026-03-09 15:51:39,Cytation5,20260309-round1,7,Sample,1.00000002,0.0,2000.000003,1.763142289,1.799999951,10,12.469,49.0,72.5,50.0,0.0,0.0,2.0,2.0,1.0,1.0,1.0,0.02,2.0,0.3,3.5,0.0,deGFP,1.0,2026-03-09,ext,M,GFP-M-Gext,0.0001311169115383007
0 days 03:25:23,37.0,H11,1238,H,11,GFP-M-Gext,1,2026-03-09 15:56:39,Cytation5,20260309-round1,7,Sample,1.00000002,0.0,2000.000003,1.763142289,1.799999951,10,12.469,49.0,72.5,50.0,0.0,0.0,2.0,2.0,1.0,1.0,1.0,0.02,2.0,0.3,3.5,0.0,deGFP,1.0,2026-03-09,ext,M,GFP-M-Gext,0.00013027506940964387
0 days 03:30:23,37.0,H11,1297,H,11,GFP-M-Gext,1,2026-03-09 16:01:39,Cytation5,20260309-round1,7,Sample,1.00000002,0.0,2000.000003,1.763142289,1.799999951,10,12.469,49.0,72.5,50.0,0.0,0.0,2.0,2.0,1.0,1.0,1.0,0.02,2.0,0.3,3.5,0.0,deGFP,1.0,2026-03-09,ext,M,GFP-M-Gext,0.00013648365510848795
0 days 03:35:23,37.0,H11,1319,H,11,GFP-M-Gext,1,2026-03-09 16:06:39,Cytation5,20260309-round1,7,Sample,1.00000002,0.0,2000.000003,1.763142289,1.799999951,10,12.469,49.0,72.5,50.0,0.0,0.0,2.0,2.0,1.0,1.0,1.0,0.02,2.0,0.3,3.5,0.0,deGFP,1.0,2026-03-09,ext,M,GFP-M-Gext,0.00013879872096229424
0 days 03:40:23,37.1,H11,1340,H,11,GFP-M-Gext,1,2026-03-09 16:11:39,Cytation5,20260309-round1,7,Sample,1.00000002,0.0,2000.000003,1.763142289,1.799999951,10,12.469,49.0,72.5,50.0,0.0,0.0,2.0,2.0,1.0,1.0,1.0,0.02,2.0,0.3,3.5,0.0,deGFP,1.0,2026-03-09,ext,M,GFP-M-Gext,0.0001410085565500184
0 days 03:45:23,37.0,H11,1372,H,11,GFP-M-Gext,1,2026-03-09 16:16:39,Cytation5,20260309-round1,7,Sample,1.00000002,0.0,2000.000003,1.763142289,1.799999951,10,12.469,49.0,72.5,50.0,0.0,0.0,2.0,2.0,1.0,1.0,1.0,0.02,2.0,0.3,3.5,0.0,deGFP,1.0,2026-03-09,ext,M,GFP-M-Gext,0.0001443759250646457
0 days 03:50:23,37.0,H11,1396,H,11,GFP-M-Gext,1,2026-03-09 16:21:39,Cytation5,20260309-round1,7,Sample,1.00000002,0.0,2000.000003,1.763142289,1.799999951,10,12.469,49.0,72.5,50.0,0.0,0.0,2.0,2.0,1.0,1.0,1.0,0.02,2.0,0.3,3.5,0.0,deGFP,1.0,2026-03-09,ext,M,GFP-M-Gext,0.00014690145145061618
0 days 03:55:23,37.0,H11,1414,H,11,GFP-M-Gext,1,2026-03-09 16:26:39,Cytation5,20260309-round1,7,Sample,1.00000002,0.0,2000.000003,1.763142289,1.799999951,10,12.469,49.0,72.5,50.0,0.0,0.0,2.0,2.0,1.0,1.0,1.0,0.02,2.0,0.3,3.5,0.0,deGFP,1.0,2026-03-09,ext,M,GFP-M-Gext,0.00014879559624009404
0 days 04:00:23,37.0,H11,1418,H,11,GFP-M-Gext,1,2026-03-09 16:31:39,Cytation5,20260309-round1,7,Sample,1.00000002,0.0,2000.000003,1.763142289,1.799999951,10,12.469,49.0,72.5,50.0,0.0,0.0,2.0,2.0,1.0,1.0,1.0,0.02,2.0,0.3,3.5,0.0,deGFP,1.0,2026-03-09,ext,M,GFP-M-Gext,0.00014921651730442247
0 days 04:05:23,37.1,H11,1538,H,11,GFP-M-Gext,1,2026-03-09 16:36:39,Cytation5,20260309-round1,7,Sample,1.00000002,0.0,2000.000003,1.763142289,1.799999951,10,12.469,49.0,72.5,50.0,0.0,0.0,2.0,2.0,1.0,1.0,1.0,0.02,2.0,0.3,3.5,0.0,deGFP,1.0,2026-03-09,ext,M,GFP-M-Gext,0.00016184414923427486
0 days 04:10:23,37.1,H11,1487,H,11,GFP-M-Gext,1,2026-03-09 16:41:39,Cytation5,20260309-round1,7,Sample,1.00000002,0.0,2000.000003,1.763142289,1.799999951,10,12.469,49.0,72.5,50.0,0.0,0.0,2.0,2.0,1.0,1.0,1.0,0.02,2.0,0.3,3.5,0.0,deGFP,1.0,2026-03-09,ext,M,GFP-M-Gext,0.00015647740566408758
0 days 04:15:23,37.0,H11,1533,H,11,GFP-M-Gext,1,2026-03-09 16:46:39,Cytation5,20260309-round1,7,Sample,1.00000002,0.0,2000.000003,1.763142289,1.799999951,10,12.469,49.0,72.5,50.0,0.0,0.0,2.0,2.0,1.0,1.0,1.0,0.02,2.0,0.3,3.5,0.0,deGFP,1.0,2026-03-09,ext,M,GFP-M-Gext,0.00016131799790386435
0 days 04:20:23,37.0,H11,1522,H,11,GFP-M-Gext,1,2026-03-09 16:51:39,Cytation5,20260309-round1,7,Sample,1.00000002,0.0,2000.000003,1.763142289,1.799999951,10,12.469,49.0,72.5,50.0,0.0,0.0,2.0,2.0,1.0,1.0,1.0,0.02,2.0,0.3,3.5,0.0,deGFP,1.0,2026-03-09,ext,M,GFP-M-Gext,0.00016016046497696122
0 days 04:25:23,37.0,H11,1571,H,11,GFP-M-Gext,1,2026-03-09 16:56:39,Cytation5,20260309-round1,7,Sample,1.00000002,0.0,2000.000003,1.763142289,1.799999951,10,12.469,49.0,72.5,50.0,0.0,0.0,2.0,2.0,1.0,1.0,1.0,0.02,2.0,0.3,3.5,0.0,deGFP,1.0,2026-03-09,ext,M,GFP-M-Gext,0.00016531674801498425
0 days 04:30:23,37.1,H11,1612,H,11,GFP-M-Gext,1,2026-03-09 17:01:39,Cytation5,20260309-round1,7,Sample,1.00000002,0.0,2000.000003,1.763142289,1.799999951,10,12.469,49.0,72.5,50.0,0.0,0.0,2.0,2.0,1.0,1.0,1.0,0.02,2.0,0.3,3.5,0.0,deGFP,1.0,2026-03-09,ext,M,GFP-M-Gext,0.0001696311889243505
0 days 04:35:23,37.0,H11,1630,H,11,GFP-M-Gext,1,2026-03-09 17:06:39,Cytation5,20260309-round1,7,Sample,1.00000002,0.0,2000.000003,1.763142289,1.799999951,10,12.469,49.0,72.5,50.0,0.0,0.0,2.0,2.0,1.0,1.0,1.0,0.02,2.0,0.3,3.5,0.0,deGFP,1.0,2026-03-09,ext,M,GFP-M-Gext,0.00017152533371382836
0 days 04:40:23,37.0,H11,1664,H,11,GFP-M-Gext,1,2026-03-09 17:11:39,Cytation5,20260309-round1,7,Sample,1.00000002,0.0,2000.000003,1.763142289,1.799999951,10,12.469,49.0,72.5,50.0,0.0,0.0,2.0,2.0,1.0,1.0,1.0,0.02,2.0,0.3,3.5,0.0,deGFP,1.0,2026-03-09,ext,M,GFP-M-Gext,0.00017510316276061986
0 days 04:45:23,37.0,H11,1729,H,11,GFP-M-Gext,1,2026-03-09 17:16:39,Cytation5,20260309-round1,7,Sample,1.00000002,0.0,2000.000003,1.763142289,1.799999951,10,12.469,49.0,72.5,50.0,0.0,0.0,2.0,2.0,1.0,1.0,1.0,0.02,2.0,0.3,3.5,0.0,deGFP,1.0,2026-03-09,ext,M,GFP-M-Gext,0.0001819431300559566
0 days 04:50:23,37.1,H11,1729,H,11,GFP-M-Gext,1,2026-03-09 17:21:39,Cytation5,20260309-round1,7,Sample,1.00000002,0.0,2000.000003,1.763142289,1.799999951,10,12.469,49.0,72.5,50.0,0.0,0.0,2.0,2.0,1.0,1.0,1.0,0.02,2.0,0.3,3.5,0.0,deGFP,1.0,2026-03-09,ext,M,GFP-M-Gext,0.0001819431300559566
0 days 04:55:23,37.1,H11,1783,H,11,GFP-M-Gext,1,2026-03-09 17:26:39,Cytation5,20260309-round1,7,Sample,1.00000002,0.0,2000.000003,1.763142289,1.799999951,10,12.469,49.0,72.5,50.0,0.0,0.0,2.0,2.0,1.0,1.0,1.0,0.02,2.0,0.3,3.5,0.0,deGFP,1.0,2026-03-09,ext,M,GFP-M-Gext,0.00018762556442439017
0 days 05:00:23,37.1,H11,1799,H,11,GFP-M-Gext,1,2026-03-09 17:31:39,Cytation5,20260309-round1,7,Sample,1.00000002,0.0,2000.000003,1.763142289,1.799999951,10,12.469,49.0,72.5,50.0,0.0,0.0,2.0,2.0,1.0,1.0,1.0,0.02,2.0,0.3,3.5,0.0,deGFP,1.0,2026-03-09,ext,M,GFP-M-Gext,0.0001893092486817038
0 days 05:05:23,37.0,H11,1824,H,11,GFP-M-Gext,1,2026-03-09 17:36:39,Cytation5,20260309-round1,7,Sample,1.00000002,0.0,2000.000003,1.763142289,1.799999951,10,12.469,49.0,72.5,50.0,0.0,0.0,2.0,2.0,1.0,1.0,1.0,0.02,2.0,0.3,3.5,0.0,deGFP,1.0,2026-03-09,ext,M,GFP-M-Gext,0.0001919400053337564
0 days 05:10:23,37.0,H11,1884,H,11,GFP-M-Gext,1,2026-03-09 17:41:39,Cytation5,20260309-round1,7,Sample,1.00000002,0.0,2000.000003,1.763142289,1.799999951,10,12.469,49.0,72.5,50.0,0.0,0.0,2.0,2.0,1.0,1.0,1.0,0.02,2.0,0.3,3.5,0.0,deGFP,1.0,2026-03-09,ext,M,GFP-M-Gext,0.0001982538212986826
0 days 05:15:23,37.0,H11,1936,H,11,GFP-M-Gext,1,2026-03-09 17:46:39,Cytation5,20260309-round1,7,Sample,1.00000002,0.0,2000.000003,1.763142289,1.799999951,10,12.469,49.0,72.5,50.0,0.0,0.0,2.0,2.0,1.0,1.0,1.0,0.02,2.0,0.3,3.5,0.0,deGFP,1.0,2026-03-09,ext,M,GFP-M-Gext,0.00020372579513495197
0 days 05:20:23,37.0,H11,1946,H,11,GFP-M-Gext,1,2026-03-09 17:51:39,Cytation5,20260309-round1,7,Sample,1.00000002,0.0,2000.000003,1.763142289,1.799999951,10,12.469,49.0,72.5,50.0,0.0,0.0,2.0,2.0,1.0,1.0,1.0,0.02,2.0,0.3,3.5,0.0,deGFP,1.0,2026-03-09,ext,M,GFP-M-Gext,0.000204778097795773
0 days 05:25:23,37.1,H11,1941,H,11,GFP-M-Gext,1,2026-03-09 17:56:39,Cytation5,20260309-round1,7,Sample,1.00000002,0.0,2000.000003,1.763142289,1.799999951,10,12.469,49.0,72.5,50.0,0.0,0.0,2.0,2.0,1.0,1.0,1.0,0.02,2.0,0.3,3.5,0.0,deGFP,1.0,2026-03-09,ext,M,GFP-M-Gext,0.00020425194646536248
0 days 05:30:23,37.1,H11,1979,H,11,GFP-M-Gext,1,2026-03-09 18:01:39,Cytation5,20260309-round1,7,Sample,1.00000002,0.0,2000.000003,1.763142289,1.799999951,10,12.469,49.0,72.5,50.0,0.0,0.0,2.0,2.0,1.0,1.0,1.0,0.02,2.0,0.3,3.5,0.0,deGFP,1.0,2026-03-09,ext,M,GFP-M-Gext,0.00020825069657648242
0 days 05:35:23,37.1,H11,1960,H,11,GFP-M-Gext,1,2026-03-09 18:06:39,Cytation5,20260309-round1,7,Sample,1.00000002,0.0,2000.000003,1.763142289,1.799999951,10,12.469,49.0,72.5,50.0,0.0,0.0,2.0,2.0,1.0,1.0,1.0,0.02,2.0,0.3,3.5,0.0,deGFP,1.0,2026-03-09,ext,M,GFP-M-Gext,0.00020625132152092245
0 days 05:40:23,37.0,H11,2046,H,11,GFP-M-Gext,1,2026-03-09 18:11:39,Cytation5,20260309-round1,7,Sample,1.00000002,0.0,2000.000003,1.763142289,1.799999951,10,12.469,49.0,72.5,50.0,0.0,0.0,2.0,2.0,1.0,1.0,1.0,0.02,2.0,0.3,3.5,0.0,deGFP,1.0,2026-03-09,ext,M,GFP-M-Gext,0.00021530112440398333
0 days 05:45:23,37.0,H11,2021,H,11,GFP-M-Gext,1,2026-03-09 18:16:39,Cytation5,20260309-round1,7,Sample,1.00000002,0.0,2000.000003,1.763142289,1.799999951,10,12.469,49.0,72.5,50.0,0.0,0.0,2.0,2.0,1.0,1.0,1.0,0.02,2.0,0.3,3.5,0.0,deGFP,1.0,2026-03-09,ext,M,GFP-M-Gext,0.00021267036775193075
0 days 05:50:23,37.0,H11,2084,H,11,GFP-M-Gext,1,2026-03-09 18:21:39,Cytation5,20260309-round1,7,Sample,1.00000002,0.0,2000.000003,1.763142289,1.799999951,10,12.469,49.0,72.5,50.0,0.0,0.0,2.0,2.0,1.0,1.0,1.0,0.02,2.0,0.3,3.5,0.0,deGFP,1.0,2026-03-09,ext,M,GFP-M-Gext,0.00021929987451510324
0 days 05:55:23,37.0,H11,2161,H,11,GFP-M-Gext,1,2026-03-09 18:26:39,Cytation5,20260309-round1,7,Sample,1.00000002,0.0,2000.000003,1.763142289,1.799999951,10,12.469,49.0,72.5,50.0,0.0,0.0,2.0,2.0,1.0,1.0,1.0,0.02,2.0,0.3,3.5,0.0,deGFP,1.0,2026-03-09,ext,M,GFP-M-Gext,0.0002274026050034252
0 days 06:00:23,37.1,H11,2226,H,11,GFP-M-Gext,1,2026-03-09 18:31:39,Cytation5,20260309-round1,7,Sample,1.00000002,0.0,2000.000003,1.763142289,1.799999951,10,12.469,49.0,72.5,50.0,0.0,0.0,2.0,2.0,1.0,1.0,1.0,0.02,2.0,0.3,3.5,0.0,deGFP,1.0,2026-03-09,ext,M,GFP-M-Gext,0.0002342425722987619
0 days 00:00:23,28.9,H12,377,H,12,GFP-M-Gext,1,2026-03-09 12:31:39,Cytation5,20260309-round1,9,Sample,1.00000002,0.0,2000.000003,2.030823266,1.799999951,10,12.469,49.0,72.5,50.0,0.0,0.0,2.0,2.0,1.0,1.0,1.0,0.02,2.0,0.3,3.5,0.0,deGFP,1.0,2026-03-09,ext,M,GFP-M-Gext,3.967181031295294e-05
0 days 00:05:23,34.5,H12,345,H,12,GFP-M-Gext,1,2026-03-09 12:36:39,Cytation5,20260309-round1,9,Sample,1.00000002,0.0,2000.000003,2.030823266,1.799999951,10,12.469,49.0,72.5,50.0,0.0,0.0,2.0,2.0,1.0,1.0,1.0,0.02,2.0,0.3,3.5,0.0,deGFP,1.0,2026-03-09,ext,M,GFP-M-Gext,3.6304441798325635e-05
0 days 00:10:23,37.0,H12,328,H,12,GFP-M-Gext,1,2026-03-09 12:41:39,Cytation5,20260309-round1,9,Sample,1.00000002,0.0,2000.000003,2.030823266,1.799999951,10,12.469,49.0,72.5,50.0,0.0,0.0,2.0,2.0,1.0,1.0,1.0,0.02,2.0,0.3,3.5,0.0,deGFP,1.0,2026-03-09,ext,M,GFP-M-Gext,3.451552727492988e-05
0 days 00:15:23,37.0,H12,352,H,12,GFP-M-Gext,1,2026-03-09 12:46:39,Cytation5,20260309-round1,9,Sample,1.00000002,0.0,2000.000003,2.030823266,1.799999951,10,12.469,49.0,72.5,50.0,0.0,0.0,2.0,2.0,1.0,1.0,1.0,0.02,2.0,0.3,3.5,0.0,deGFP,1.0,2026-03-09,ext,M,GFP-M-Gext,3.7041053660900356e-05
0 days 00:20:23,37.0,H12,438,H,12,GFP-M-Gext,1,2026-03-09 12:51:39,Cytation5,20260309-round1,9,Sample,1.00000002,0.0,2000.000003,2.030823266,1.799999951,10,12.469,49.0,72.5,50.0,0.0,0.0,2.0,2.0,1.0,1.0,1.0,0.02,2.0,0.3,3.5,0.0,deGFP,1.0,2026-03-09,ext,M,GFP-M-Gext,4.609085654396124e-05
0 days 00:25:23,37.0,H12,586,H,12,GFP-M-Gext,1,2026-03-09 12:56:39,Cytation5,20260309-round1,9,Sample,1.00000002,0.0,2000.000003,2.030823266,1.799999951,10,12.469,49.0,72.5,50.0,0.0,0.0,2.0,2.0,1.0,1.0,1.0,0.02,2.0,0.3,3.5,0.0,deGFP,1.0,2026-03-09,ext,M,GFP-M-Gext,6.166493592411253e-05
0 days 00:30:23,37.0,H12,693,H,12,GFP-M-Gext,1,2026-03-09 13:01:39,Cytation5,20260309-round1,9,Sample,1.00000002,0.0,2000.000003,2.030823266,1.799999951,10,12.469,49.0,72.5,50.0,0.0,0.0,2.0,2.0,1.0,1.0,1.0,0.02,2.0,0.3,3.5,0.0,deGFP,1.0,2026-03-09,ext,M,GFP-M-Gext,7.292457439489758e-05
0 days 00:35:23,37.0,H12,757,H,12,GFP-M-Gext,1,2026-03-09 13:06:39,Cytation5,20260309-round1,9,Sample,1.00000002,0.0,2000.000003,2.030823266,1.799999951,10,12.469,49.0,72.5,50.0,0.0,0.0,2.0,2.0,1.0,1.0,1.0,0.02,2.0,0.3,3.5,0.0,deGFP,1.0,2026-03-09,ext,M,GFP-M-Gext,7.965931142415219e-05
0 days 00:40:23,37.0,H12,847,H,12,GFP-M-Gext,1,2026-03-09 13:11:39,Cytation5,20260309-round1,9,Sample,1.00000002,0.0,2000.000003,2.030823266,1.799999951,10,12.469,49.0,72.5,50.0,0.0,0.0,2.0,2.0,1.0,1.0,1.0,0.02,2.0,0.3,3.5,0.0,deGFP,1.0,2026-03-09,ext,M,GFP-M-Gext,8.913003537154148e-05
0 days 00:45:23,37.1,H12,958,H,12,GFP-M-Gext,1,2026-03-09 13:16:39,Cytation5,20260309-round1,9,Sample,1.00000002,0.0,2000.000003,2.030823266,1.799999951,10,12.469,49.0,72.5,50.0,0.0,0.0,2.0,2.0,1.0,1.0,1.0,0.02,2.0,0.3,3.5,0.0,deGFP,1.0,2026-03-09,ext,M,GFP-M-Gext,0.00010081059490665495
0 days 00:50:23,37.0,H12,996,H,12,GFP-M-Gext,1,2026-03-09 13:21:39,Cytation5,20260309-round1,9,Sample,1.00000002,0.0,2000.000003,2.030823266,1.799999951,10,12.469,49.0,72.5,50.0,0.0,0.0,2.0,2.0,1.0,1.0,1.0,0.02,2.0,0.3,3.5,0.0,deGFP,1.0,2026-03-09,ext,M,GFP-M-Gext,0.00010480934501777487
0 days 00:55:23,37.0,H12,1009,H,12,GFP-M-Gext,1,2026-03-09 13:26:39,Cytation5,20260309-round1,9,Sample,1.00000002,0.0,2000.000003,2.030823266,1.799999951,10,12.469,49.0,72.5,50.0,0.0,0.0,2.0,2.0,1.0,1.0,1.0,0.02,2.0,0.3,3.5,0.0,deGFP,1.0,2026-03-09,ext,M,GFP-M-Gext,0.00010617733847684221
0 days 01:00:23,37.0,H12,1075,H,12,GFP-M-Gext,1,2026-03-09 13:31:39,Cytation5,20260309-round1,9,Sample,1.00000002,0.0,2000.000003,2.030823266,1.799999951,10,12.469,49.0,72.5,50.0,0.0,0.0,2.0,2.0,1.0,1.0,1.0,0.02,2.0,0.3,3.5,0.0,deGFP,1.0,2026-03-09,ext,M,GFP-M-Gext,0.00011312253603826104
0 days 01:05:23,37.0,H12,1141,H,12,GFP-M-Gext,1,2026-03-09 13:36:39,Cytation5,20260309-round1,9,Sample,1.00000002,0.0,2000.000003,2.030823266,1.799999951,10,12.469,49.0,72.5,50.0,0.0,0.0,2.0,2.0,1.0,1.0,1.0,0.02,2.0,0.3,3.5,0.0,deGFP,1.0,2026-03-09,ext,M,GFP-M-Gext,0.00012006773359967985
0 days 01:10:23,37.0,H12,1107,H,12,GFP-M-Gext,1,2026-03-09 13:41:39,Cytation5,20260309-round1,9,Sample,1.00000002,0.0,2000.000003,2.030823266,1.799999951,10,12.469,49.0,72.5,50.0,0.0,0.0,2.0,2.0,1.0,1.0,1.0,0.02,2.0,0.3,3.5,0.0,deGFP,1.0,2026-03-09,ext,M,GFP-M-Gext,0.00011648990455288834
0 days 01:15:23,37.1,H12,1111,H,12,GFP-M-Gext,1,2026-03-09 13:46:39,Cytation5,20260309-round1,9,Sample,1.00000002,0.0,2000.000003,2.030823266,1.799999951,10,12.469,49.0,72.5,50.0,0.0,0.0,2.0,2.0,1.0,1.0,1.0,0.02,2.0,0.3,3.5,0.0,deGFP,1.0,2026-03-09,ext,M,GFP-M-Gext,0.00011691082561721675
0 days 01:20:23,37.0,H12,1123,H,12,GFP-M-Gext,1,2026-03-09 13:51:39,Cytation5,20260309-round1,9,Sample,1.00000002,0.0,2000.000003,2.030823266,1.799999951,10,12.469,49.0,72.5,50.0,0.0,0.0,2.0,2.0,1.0,1.0,1.0,0.02,2.0,0.3,3.5,0.0,deGFP,1.0,2026-03-09,ext,M,GFP-M-Gext,0.00011817358881020199
0 days 01:25:23,37.0,H12,1166,H,12,GFP-M-Gext,1,2026-03-09 13:56:39,Cytation5,20260309-round1,9,Sample,1.00000002,0.0,2000.000003,2.030823266,1.799999951,10,12.469,49.0,72.5,50.0,0.0,0.0,2.0,2.0,1.0,1.0,1.0,0.02,2.0,0.3,3.5,0.0,deGFP,1.0,2026-03-09,ext,M,GFP-M-Gext,0.00012269849025173244
0 days 01:30:23,37.0,H12,1152,H,12,GFP-M-Gext,1,2026-03-09 14:01:39,Cytation5,20260309-round1,9,Sample,1.00000002,0.0,2000.000003,2.030823266,1.799999951,10,12.469,49.0,72.5,50.0,0.0,0.0,2.0,2.0,1.0,1.0,1.0,0.02,2.0,0.3,3.5,0.0,deGFP,1.0,2026-03-09,ext,M,GFP-M-Gext,0.00012122526652658298
0 days 01:35:23,37.0,H12,1200,H,12,GFP-M-Gext,1,2026-03-09 14:06:39,Cytation5,20260309-round1,9,Sample,1.00000002,0.0,2000.000003,2.030823266,1.799999951,10,12.469,49.0,72.5,50.0,0.0,0.0,2.0,2.0,1.0,1.0,1.0,0.02,2.0,0.3,3.5,0.0,deGFP,1.0,2026-03-09,ext,M,GFP-M-Gext,0.00012627631929852394
0 days 01:40:23,37.0,H12,1250,H,12,GFP-M-Gext,1,2026-03-09 14:11:39,Cytation5,20260309-round1,9,Sample,1.00000002,0.0,2000.000003,2.030823266,1.799999951,10,12.469,49.0,72.5,50.0,0.0,0.0,2.0,2.0,1.0,1.0,1.0,0.02,2.0,0.3,3.5,0.0,deGFP,1.0,2026-03-09,ext,M,GFP-M-Gext,0.0001315378326026291
0 days 01:45:23,37.0,H12,1209,H,12,GFP-M-Gext,1,2026-03-09 14:16:39,Cytation5,20260309-round1,9,Sample,1.00000002,0.0,2000.000003,2.030823266,1.799999951,10,12.469,49.0,72.5,50.0,0.0,0.0,2.0,2.0,1.0,1.0,1.0,0.02,2.0,0.3,3.5,0.0,deGFP,1.0,2026-03-09,ext,M,GFP-M-Gext,0.00012722339169326288
0 days 01:50:23,37.0,H12,1207,H,12,GFP-M-Gext,1,2026-03-09 14:21:39,Cytation5,20260309-round1,9,Sample,1.00000002,0.0,2000.000003,2.030823266,1.799999951,10,12.469,49.0,72.5,50.0,0.0,0.0,2.0,2.0,1.0,1.0,1.0,0.02,2.0,0.3,3.5,0.0,deGFP,1.0,2026-03-09,ext,M,GFP-M-Gext,0.00012701293116109866
0 days 01:55:23,37.1,H12,1244,H,12,GFP-M-Gext,1,2026-03-09 14:26:39,Cytation5,20260309-round1,9,Sample,1.00000002,0.0,2000.000003,2.030823266,1.799999951,10,12.469,49.0,72.5,50.0,0.0,0.0,2.0,2.0,1.0,1.0,1.0,0.02,2.0,0.3,3.5,0.0,deGFP,1.0,2026-03-09,ext,M,GFP-M-Gext,0.00013090645100613649
0 days 02:00:23,37.0,H12,1205,H,12,GFP-M-Gext,1,2026-03-09 14:31:39,Cytation5,20260309-round1,9,Sample,1.00000002,0.0,2000.000003,2.030823266,1.799999951,10,12.469,49.0,72.5,50.0,0.0,0.0,2.0,2.0,1.0,1.0,1.0,0.02,2.0,0.3,3.5,0.0,deGFP,1.0,2026-03-09,ext,M,GFP-M-Gext,0.00012680247062893445
0 days 02:05:23,37.0,H12,1303,H,12,GFP-M-Gext,1,2026-03-09 14:36:39,Cytation5,20260309-round1,9,Sample,1.00000002,0.0,2000.000003,2.030823266,1.799999951,10,12.469,49.0,72.5,50.0,0.0,0.0,2.0,2.0,1.0,1.0,1.0,0.02,2.0,0.3,3.5,0.0,deGFP,1.0,2026-03-09,ext,M,GFP-M-Gext,0.00013711503670498057
0 days 02:10:23,37.1,H12,1282,H,12,GFP-M-Gext,1,2026-03-09 14:41:39,Cytation5,20260309-round1,9,Sample,1.00000002,0.0,2000.000003,2.030823266,1.799999951,10,12.469,49.0,72.5,50.0,0.0,0.0,2.0,2.0,1.0,1.0,1.0,0.02,2.0,0.3,3.5,0.0,deGFP,1.0,2026-03-09,ext,M,GFP-M-Gext,0.00013490520111725642
0 days 02:15:23,37.1,H12,1248,H,12,GFP-M-Gext,1,2026-03-09 14:46:39,Cytation5,20260309-round1,9,Sample,1.00000002,0.0,2000.000003,2.030823266,1.799999951,10,12.469,49.0,72.5,50.0,0.0,0.0,2.0,2.0,1.0,1.0,1.0,0.02,2.0,0.3,3.5,0.0,deGFP,1.0,2026-03-09,ext,M,GFP-M-Gext,0.0001313273720704649
0 days 02:20:23,37.0,H12,1310,H,12,GFP-M-Gext,1,2026-03-09 14:51:39,Cytation5,20260309-round1,9,Sample,1.00000002,0.0,2000.000003,2.030823266,1.799999951,10,12.469,49.0,72.5,50.0,0.0,0.0,2.0,2.0,1.0,1.0,1.0,0.02,2.0,0.3,3.5,0.0,deGFP,1.0,2026-03-09,ext,M,GFP-M-Gext,0.0001378516485675553
0 days 02:25:23,37.0,H12,1357,H,12,GFP-M-Gext,1,2026-03-09 14:56:39,Cytation5,20260309-round1,9,Sample,1.00000002,0.0,2000.000003,2.030823266,1.799999951,10,12.469,49.0,72.5,50.0,0.0,0.0,2.0,2.0,1.0,1.0,1.0,0.02,2.0,0.3,3.5,0.0,deGFP,1.0,2026-03-09,ext,M,GFP-M-Gext,0.00014279747107341417
0 days 02:30:23,37.0,H12,1420,H,12,GFP-M-Gext,1,2026-03-09 15:01:39,Cytation5,20260309-round1,9,Sample,1.00000002,0.0,2000.000003,2.030823266,1.799999951,10,12.469,49.0,72.5,50.0,0.0,0.0,2.0,2.0,1.0,1.0,1.0,0.02,2.0,0.3,3.5,0.0,deGFP,1.0,2026-03-09,ext,M,GFP-M-Gext,0.00014942697783658666
0 days 02:35:23,37.0,H12,1399,H,12,GFP-M-Gext,1,2026-03-09 15:06:39,Cytation5,20260309-round1,9,Sample,1.00000002,0.0,2000.000003,2.030823266,1.799999951,10,12.469,49.0,72.5,50.0,0.0,0.0,2.0,2.0,1.0,1.0,1.0,0.02,2.0,0.3,3.5,0.0,deGFP,1.0,2026-03-09,ext,M,GFP-M-Gext,0.0001472171422488625
0 days 02:40:23,37.0,H12,1452,H,12,GFP-M-Gext,1,2026-03-09 15:11:39,Cytation5,20260309-round1,9,Sample,1.00000002,0.0,2000.000003,2.030823266,1.799999951,10,12.469,49.0,72.5,50.0,0.0,0.0,2.0,2.0,1.0,1.0,1.0,0.02,2.0,0.3,3.5,0.0,deGFP,1.0,2026-03-09,ext,M,GFP-M-Gext,0.00015279434635121397
0 days 02:45:23,37.0,H12,1435,H,12,GFP-M-Gext,1,2026-03-09 15:16:39,Cytation5,20260309-round1,9,Sample,1.00000002,0.0,2000.000003,2.030823266,1.799999951,10,12.469,49.0,72.5,50.0,0.0,0.0,2.0,2.0,1.0,1.0,1.0,0.02,2.0,0.3,3.5,0.0,deGFP,1.0,2026-03-09,ext,M,GFP-M-Gext,0.00015100543182781822
0 days 02:50:23,37.0,H12,1465,H,12,GFP-M-Gext,1,2026-03-09 15:21:39,Cytation5,20260309-round1,9,Sample,1.00000002,0.0,2000.000003,2.030823266,1.799999951,10,12.469,49.0,72.5,50.0,0.0,0.0,2.0,2.0,1.0,1.0,1.0,0.02,2.0,0.3,3.5,0.0,deGFP,1.0,2026-03-09,ext,M,GFP-M-Gext,0.00015416233981028132
0 days 02:55:23,37.0,H12,1489,H,12,GFP-M-Gext,1,2026-03-09 15:26:39,Cytation5,20260309-round1,9,Sample,1.00000002,0.0,2000.000003,2.030823266,1.799999951,10,12.469,49.0,72.5,50.0,0.0,0.0,2.0,2.0,1.0,1.0,1.0,0.02,2.0,0.3,3.5,0.0,deGFP,1.0,2026-03-09,ext,M,GFP-M-Gext,0.0001566878661962518
0 days 03:00:23,36.9,H12,1503,H,12,GFP-M-Gext,1,2026-03-09 15:31:39,Cytation5,20260309-round1,9,Sample,1.00000002,0.0,2000.000003,2.030823266,1.799999951,10,12.469,49.0,72.5,50.0,0.0,0.0,2.0,2.0,1.0,1.0,1.0,0.02,2.0,0.3,3.5,0.0,deGFP,1.0,2026-03-09,ext,M,GFP-M-Gext,0.00015816108992140125
0 days 03:05:23,37.0,H12,1527,H,12,GFP-M-Gext,1,2026-03-09 15:36:39,Cytation5,20260309-round1,9,Sample,1.00000002,0.0,2000.000003,2.030823266,1.799999951,10,12.469,49.0,72.5,50.0,0.0,0.0,2.0,2.0,1.0,1.0,1.0,0.02,2.0,0.3,3.5,0.0,deGFP,1.0,2026-03-09,ext,M,GFP-M-Gext,0.00016068661630737173
0 days 03:10:23,37.0,H12,1475,H,12,GFP-M-Gext,1,2026-03-09 15:41:39,Cytation5,20260309-round1,9,Sample,1.00000002,0.0,2000.000003,2.030823266,1.799999951,10,12.469,49.0,72.5,50.0,0.0,0.0,2.0,2.0,1.0,1.0,1.0,0.02,2.0,0.3,3.5,0.0,deGFP,1.0,2026-03-09,ext,M,GFP-M-Gext,0.00015521464247110234
0 days 03:15:23,37.0,H12,1596,H,12,GFP-M-Gext,1,2026-03-09 15:46:39,Cytation5,20260309-round1,9,Sample,1.00000002,0.0,2000.000003,2.030823266,1.799999951,10,12.469,49.0,72.5,50.0,0.0,0.0,2.0,2.0,1.0,1.0,1.0,0.02,2.0,0.3,3.5,0.0,deGFP,1.0,2026-03-09,ext,M,GFP-M-Gext,0.00016794750466703684
0 days 03:20:23,37.0,H12,1578,H,12,GFP-M-Gext,1,2026-03-09 15:51:39,Cytation5,20260309-round1,9,Sample,1.00000002,0.0,2000.000003,2.030823266,1.799999951,10,12.469,49.0,72.5,50.0,0.0,0.0,2.0,2.0,1.0,1.0,1.0,0.02,2.0,0.3,3.5,0.0,deGFP,1.0,2026-03-09,ext,M,GFP-M-Gext,0.00016605335987755898
0 days 03:25:23,37.0,H12,1583,H,12,GFP-M-Gext,1,2026-03-09 15:56:39,Cytation5,20260309-round1,9,Sample,1.00000002,0.0,2000.000003,2.030823266,1.799999951,10,12.469,49.0,72.5,50.0,0.0,0.0,2.0,2.0,1.0,1.0,1.0,0.02,2.0,0.3,3.5,0.0,deGFP,1.0,2026-03-09,ext,M,GFP-M-Gext,0.00016657951120796952
0 days 03:30:23,37.0,H12,1603,H,12,GFP-M-Gext,1,2026-03-09 16:01:39,Cytation5,20260309-round1,9,Sample,1.00000002,0.0,2000.000003,2.030823266,1.799999951,10,12.469,49.0,72.5,50.0,0.0,0.0,2.0,2.0,1.0,1.0,1.0,0.02,2.0,0.3,3.5,0.0,deGFP,1.0,2026-03-09,ext,M,GFP-M-Gext,0.00016868411652961156
0 days 03:35:23,37.0,H12,1722,H,12,GFP-M-Gext,1,2026-03-09 16:06:39,Cytation5,20260309-round1,9,Sample,1.00000002,0.0,2000.000003,2.030823266,1.799999951,10,12.469,49.0,72.5,50.0,0.0,0.0,2.0,2.0,1.0,1.0,1.0,0.02,2.0,0.3,3.5,0.0,deGFP,1.0,2026-03-09,ext,M,GFP-M-Gext,0.00018120651819338187
0 days 03:40:23,37.1,H12,1689,H,12,GFP-M-Gext,1,2026-03-09 16:11:39,Cytation5,20260309-round1,9,Sample,1.00000002,0.0,2000.000003,2.030823266,1.799999951,10,12.469,49.0,72.5,50.0,0.0,0.0,2.0,2.0,1.0,1.0,1.0,0.02,2.0,0.3,3.5,0.0,deGFP,1.0,2026-03-09,ext,M,GFP-M-Gext,0.00017773391941267245
0 days 03:45:23,37.0,H12,1765,H,12,GFP-M-Gext,1,2026-03-09 16:16:39,Cytation5,20260309-round1,9,Sample,1.00000002,0.0,2000.000003,2.030823266,1.799999951,10,12.469,49.0,72.5,50.0,0.0,0.0,2.0,2.0,1.0,1.0,1.0,0.02,2.0,0.3,3.5,0.0,deGFP,1.0,2026-03-09,ext,M,GFP-M-Gext,0.0001857314196349123
0 days 03:50:23,37.0,H12,1754,H,12,GFP-M-Gext,1,2026-03-09 16:21:39,Cytation5,20260309-round1,9,Sample,1.00000002,0.0,2000.000003,2.030823266,1.799999951,10,12.469,49.0,72.5,50.0,0.0,0.0,2.0,2.0,1.0,1.0,1.0,0.02,2.0,0.3,3.5,0.0,deGFP,1.0,2026-03-09,ext,M,GFP-M-Gext,0.00018457388670800915
0 days 03:55:23,37.0,H12,1804,H,12,GFP-M-Gext,1,2026-03-09 16:26:39,Cytation5,20260309-round1,9,Sample,1.00000002,0.0,2000.000003,2.030823266,1.799999951,10,12.469,49.0,72.5,50.0,0.0,0.0,2.0,2.0,1.0,1.0,1.0,0.02,2.0,0.3,3.5,0.0,deGFP,1.0,2026-03-09,ext,M,GFP-M-Gext,0.00018983540001211432
0 days 04:00:23,37.0,H12,1836,H,12,GFP-M-Gext,1,2026-03-09 16:31:39,Cytation5,20260309-round1,9,Sample,1.00000002,0.0,2000.000003,2.030823266,1.799999951,10,12.469,49.0,72.5,50.0,0.0,0.0,2.0,2.0,1.0,1.0,1.0,0.02,2.0,0.3,3.5,0.0,deGFP,1.0,2026-03-09,ext,M,GFP-M-Gext,0.00019320276852674163
0 days 04:05:23,37.1,H12,1810,H,12,GFP-M-Gext,1,2026-03-09 16:36:39,Cytation5,20260309-round1,9,Sample,1.00000002,0.0,2000.000003,2.030823266,1.799999951,10,12.469,49.0,72.5,50.0,0.0,0.0,2.0,2.0,1.0,1.0,1.0,0.02,2.0,0.3,3.5,0.0,deGFP,1.0,2026-03-09,ext,M,GFP-M-Gext,0.00019046678160860694
0 days 04:10:23,37.1,H12,1901,H,12,GFP-M-Gext,1,2026-03-09 16:41:39,Cytation5,20260309-round1,9,Sample,1.00000002,0.0,2000.000003,2.030823266,1.799999951,10,12.469,49.0,72.5,50.0,0.0,0.0,2.0,2.0,1.0,1.0,1.0,0.02,2.0,0.3,3.5,0.0,deGFP,1.0,2026-03-09,ext,M,GFP-M-Gext,0.00020004273582207834
0 days 04:15:23,37.0,H12,1889,H,12,GFP-M-Gext,1,2026-03-09 16:46:39,Cytation5,20260309-round1,9,Sample,1.00000002,0.0,2000.000003,2.030823266,1.799999951,10,12.469,49.0,72.5,50.0,0.0,0.0,2.0,2.0,1.0,1.0,1.0,0.02,2.0,0.3,3.5,0.0,deGFP,1.0,2026-03-09,ext,M,GFP-M-Gext,0.0001987799726290931
0 days 04:20:23,37.0,H12,1912,H,12,GFP-M-Gext,1,2026-03-09 16:51:39,Cytation5,20260309-round1,9,Sample,1.00000002,0.0,2000.000003,2.030823266,1.799999951,10,12.469,49.0,72.5,50.0,0.0,0.0,2.0,2.0,1.0,1.0,1.0,0.02,2.0,0.3,3.5,0.0,deGFP,1.0,2026-03-09,ext,M,GFP-M-Gext,0.0002012002687489815
0 days 04:25:23,37.0,H12,1976,H,12,GFP-M-Gext,1,2026-03-09 16:56:39,Cytation5,20260309-round1,9,Sample,1.00000002,0.0,2000.000003,2.030823266,1.799999951,10,12.469,49.0,72.5,50.0,0.0,0.0,2.0,2.0,1.0,1.0,1.0,0.02,2.0,0.3,3.5,0.0,deGFP,1.0,2026-03-09,ext,M,GFP-M-Gext,0.0002079350057782361
0 days 04:30:23,37.1,H12,1897,H,12,GFP-M-Gext,1,2026-03-09 17:01:39,Cytation5,20260309-round1,9,Sample,1.00000002,0.0,2000.000003,2.030823266,1.799999951,10,12.469,49.0,72.5,50.0,0.0,0.0,2.0,2.0,1.0,1.0,1.0,0.02,2.0,0.3,3.5,0.0,deGFP,1.0,2026-03-09,ext,M,GFP-M-Gext,0.00019962181475774993
0 days 04:35:23,37.0,H12,2005,H,12,GFP-M-Gext,1,2026-03-09 17:06:39,Cytation5,20260309-round1,9,Sample,1.00000002,0.0,2000.000003,2.030823266,1.799999951,10,12.469,49.0,72.5,50.0,0.0,0.0,2.0,2.0,1.0,1.0,1.0,0.02,2.0,0.3,3.5,0.0,deGFP,1.0,2026-03-09,ext,M,GFP-M-Gext,0.00021098668349461708
0 days 04:40:23,37.0,H12,2053,H,12,GFP-M-Gext,1,2026-03-09 17:11:39,Cytation5,20260309-round1,9,Sample,1.00000002,0.0,2000.000003,2.030823266,1.799999951,10,12.469,49.0,72.5,50.0,0.0,0.0,2.0,2.0,1.0,1.0,1.0,0.02,2.0,0.3,3.5,0.0,deGFP,1.0,2026-03-09,ext,M,GFP-M-Gext,0.00021603773626655803
0 days 04:45:23,37.0,H12,2098,H,12,GFP-M-Gext,1,2026-03-09 17:16:39,Cytation5,20260309-round1,9,Sample,1.00000002,0.0,2000.000003,2.030823266,1.799999951,10,12.469,49.0,72.5,50.0,0.0,0.0,2.0,2.0,1.0,1.0,1.0,0.02,2.0,0.3,3.5,0.0,deGFP,1.0,2026-03-09,ext,M,GFP-M-Gext,0.0002207730982402527
0 days 04:50:23,37.1,H12,2137,H,12,GFP-M-Gext,1,2026-03-09 17:21:39,Cytation5,20260309-round1,9,Sample,1.00000002,0.0,2000.000003,2.030823266,1.799999951,10,12.469,49.0,72.5,50.0,0.0,0.0,2.0,2.0,1.0,1.0,1.0,0.02,2.0,0.3,3.5,0.0,deGFP,1.0,2026-03-09,ext,M,GFP-M-Gext,0.00022487707861745473
0 days 04:55:23,37.1,H12,2102,H,12,GFP-M-Gext,1,2026-03-09 17:26:39,Cytation5,20260309-round1,9,Sample,1.00000002,0.0,2000.000003,2.030823266,1.799999951,10,12.469,49.0,72.5,50.0,0.0,0.0,2.0,2.0,1.0,1.0,1.0,0.02,2.0,0.3,3.5,0.0,deGFP,1.0,2026-03-09,ext,M,GFP-M-Gext,0.0002211940193045811
0 days 05:00:23,37.1,H12,2202,H,12,GFP-M-Gext,1,2026-03-09 17:31:39,Cytation5,20260309-round1,9,Sample,1.00000002,0.0,2000.000003,2.030823266,1.799999951,10,12.469,49.0,72.5,50.0,0.0,0.0,2.0,2.0,1.0,1.0,1.0,0.02,2.0,0.3,3.5,0.0,deGFP,1.0,2026-03-09,ext,M,GFP-M-Gext,0.00023171704591279144
0 days 05:05:23,37.0,H12,2209,H,12,GFP-M-Gext,1,2026-03-09 17:36:39,Cytation5,20260309-round1,9,Sample,1.00000002,0.0,2000.000003,2.030823266,1.799999951,10,12.469,49.0,72.5,50.0,0.0,0.0,2.0,2.0,1.0,1.0,1.0,0.02,2.0,0.3,3.5,0.0,deGFP,1.0,2026-03-09,ext,M,GFP-M-Gext,0.00023245365777536616
0 days 05:10:23,37.0,H12,2202,H,12,GFP-M-Gext,1,2026-03-09 17:41:39,Cytation5,20260309-round1,9,Sample,1.00000002,0.0,2000.000003,2.030823266,1.799999951,10,12.469,49.0,72.5,50.0,0.0,0.0,2.0,2.0,1.0,1.0,1.0,0.02,2.0,0.3,3.5,0.0,deGFP,1.0,2026-03-09,ext,M,GFP-M-Gext,0.00023171704591279144
0 days 05:15:23,37.0,H12,2300,H,12,GFP-M-Gext,1,2026-03-09 17:46:39,Cytation5,20260309-round1,9,Sample,1.00000002,0.0,2000.000003,2.030823266,1.799999951,10,12.469,49.0,72.5,50.0,0.0,0.0,2.0,2.0,1.0,1.0,1.0,0.02,2.0,0.3,3.5,0.0,deGFP,1.0,2026-03-09,ext,M,GFP-M-Gext,0.00024202961198883756
0 days 05:20:23,37.0,H12,2345,H,12,GFP-M-Gext,1,2026-03-09 17:51:39,Cytation5,20260309-round1,9,Sample,1.00000002,0.0,2000.000003,2.030823266,1.799999951,10,12.469,49.0,72.5,50.0,0.0,0.0,2.0,2.0,1.0,1.0,1.0,0.02,2.0,0.3,3.5,0.0,deGFP,1.0,2026-03-09,ext,M,GFP-M-Gext,0.0002467649739625322
0 days 05:25:23,37.1,H12,2345,H,12,GFP-M-Gext,1,2026-03-09 17:56:39,Cytation5,20260309-round1,9,Sample,1.00000002,0.0,2000.000003,2.030823266,1.799999951,10,12.469,49.0,72.5,50.0,0.0,0.0,2.0,2.0,1.0,1.0,1.0,0.02,2.0,0.3,3.5,0.0,deGFP,1.0,2026-03-09,ext,M,GFP-M-Gext,0.0002467649739625322
0 days 05:30:23,37.1,H12,2350,H,12,GFP-M-Gext,1,2026-03-09 18:01:39,Cytation5,20260309-round1,9,Sample,1.00000002,0.0,2000.000003,2.030823266,1.799999951,10,12.469,49.0,72.5,50.0,0.0,0.0,2.0,2.0,1.0,1.0,1.0,0.02,2.0,0.3,3.5,0.0,deGFP,1.0,2026-03-09,ext,M,GFP-M-Gext,0.0002472911252929427
0 days 05:35:23,37.1,H12,2442,H,12,GFP-M-Gext,1,2026-03-09 18:06:39,Cytation5,20260309-round1,9,Sample,1.00000002,0.0,2000.000003,2.030823266,1.799999951,10,12.469,49.0,72.5,50.0,0.0,0.0,2.0,2.0,1.0,1.0,1.0,0.02,2.0,0.3,3.5,0.0,deGFP,1.0,2026-03-09,ext,M,GFP-M-Gext,0.00025697230977249623
0 days 05:40:23,37.0,H12,2463,H,12,GFP-M-Gext,1,2026-03-09 18:11:39,Cytation5,20260309-round1,9,Sample,1.00000002,0.0,2000.000003,2.030823266,1.799999951,10,12.469,49.0,72.5,50.0,0.0,0.0,2.0,2.0,1.0,1.0,1.0,0.02,2.0,0.3,3.5,0.0,deGFP,1.0,2026-03-09,ext,M,GFP-M-Gext,0.0002591821453602204
0 days 05:45:23,37.0,H12,2513,H,12,GFP-M-Gext,1,2026-03-09 18:16:39,Cytation5,20260309-round1,9,Sample,1.00000002,0.0,2000.000003,2.030823266,1.799999951,10,12.469,49.0,72.5,50.0,0.0,0.0,2.0,2.0,1.0,1.0,1.0,0.02,2.0,0.3,3.5,0.0,deGFP,1.0,2026-03-09,ext,M,GFP-M-Gext,0.00026444365866432556
0 days 05:50:23,37.0,H12,2522,H,12,GFP-M-Gext,1,2026-03-09 18:21:39,Cytation5,20260309-round1,9,Sample,1.00000002,0.0,2000.000003,2.030823266,1.799999951,10,12.469,49.0,72.5,50.0,0.0,0.0,2.0,2.0,1.0,1.0,1.0,0.02,2.0,0.3,3.5,0.0,deGFP,1.0,2026-03-09,ext,M,GFP-M-Gext,0.00026539073105906447
0 days 05:55:23,37.0,H12,2568,H,12,GFP-M-Gext,1,2026-03-09 18:26:39,Cytation5,20260309-round1,9,Sample,1.00000002,0.0,2000.000003,2.030823266,1.799999951,10,12.469,49.0,72.5,50.0,0.0,0.0,2.0,2.0,1.0,1.0,1.0,0.02,2.0,0.3,3.5,0.0,deGFP,1.0,2026-03-09,ext,M,GFP-M-Gext,0.00027023132329884127
0 days 06:00:23,37.1,H12,2582,H,12,GFP-M-Gext,1,2026-03-09 18:31:39,Cytation5,20260309-round1,9,Sample,1.00000002,0.0,2000.000003,2.030823266,1.799999951,10,12.469,49.0,72.5,50.0,0.0,0.0,2.0,2.0,1.0,1.0,1.0,0.02,2.0,0.3,3.5,0.0,deGFP,1.0,2026-03-09,ext,M,GFP-M-Gext,0.00027170454702399067
0 days 00:00:23,28.9,H13,338,H,13,GFP-M-Gext,1,2026-03-09 12:31:39,Cytation5,20260309-round1,10,Sample,1.049452172,0.0,2000.000003,1.975896497,1.799999951,10,4.969,0.0,140.0,50.0,0.0,0.0,2.0,2.0,1.0,1.0,1.0,0.02,2.0,0.3,3.5,0.0,deGFP,1.0,2026-03-09,ext,M,GFP-M-Gext,3.556782993575091e-05
0 days 00:05:23,34.5,H13,314,H,13,GFP-M-Gext,1,2026-03-09 12:36:39,Cytation5,20260309-round1,10,Sample,1.049452172,0.0,2000.000003,1.975896497,1.799999951,10,4.969,0.0,140.0,50.0,0.0,0.0,2.0,2.0,1.0,1.0,1.0,0.02,2.0,0.3,3.5,0.0,deGFP,1.0,2026-03-09,ext,M,GFP-M-Gext,3.304230354978043e-05
0 days 00:10:23,37.0,H13,336,H,13,GFP-M-Gext,1,2026-03-09 12:41:39,Cytation5,20260309-round1,10,Sample,1.049452172,0.0,2000.000003,1.975896497,1.799999951,10,4.969,0.0,140.0,50.0,0.0,0.0,2.0,2.0,1.0,1.0,1.0,0.02,2.0,0.3,3.5,0.0,deGFP,1.0,2026-03-09,ext,M,GFP-M-Gext,3.5357369403586706e-05
0 days 00:15:23,37.0,H13,436,H,13,GFP-M-Gext,1,2026-03-09 12:46:39,Cytation5,20260309-round1,10,Sample,1.049452172,0.0,2000.000003,1.975896497,1.799999951,10,4.969,0.0,140.0,50.0,0.0,0.0,2.0,2.0,1.0,1.0,1.0,0.02,2.0,0.3,3.5,0.0,deGFP,1.0,2026-03-09,ext,M,GFP-M-Gext,4.588039601179703e-05
0 days 00:20:23,37.0,H13,742,H,13,GFP-M-Gext,1,2026-03-09 12:51:39,Cytation5,20260309-round1,10,Sample,1.049452172,0.0,2000.000003,1.975896497,1.799999951,10,4.969,0.0,140.0,50.0,0.0,0.0,2.0,2.0,1.0,1.0,1.0,0.02,2.0,0.3,3.5,0.0,deGFP,1.0,2026-03-09,ext,M,GFP-M-Gext,7.808085743292064e-05
0 days 00:25:23,37.0,H13,1101,H,13,GFP-M-Gext,1,2026-03-09 12:56:39,Cytation5,20260309-round1,10,Sample,1.049452172,0.0,2000.000003,1.975896497,1.799999951,10,4.969,0.0,140.0,50.0,0.0,0.0,2.0,2.0,1.0,1.0,1.0,0.02,2.0,0.3,3.5,0.0,deGFP,1.0,2026-03-09,ext,M,GFP-M-Gext,0.00011585852295639572
0 days 00:30:23,37.0,H13,1563,H,13,GFP-M-Gext,1,2026-03-09 13:01:39,Cytation5,20260309-round1,10,Sample,1.049452172,0.0,2000.000003,1.975896497,1.799999951,10,4.969,0.0,140.0,50.0,0.0,0.0,2.0,2.0,1.0,1.0,1.0,0.02,2.0,0.3,3.5,0.0,deGFP,1.0,2026-03-09,ext,M,GFP-M-Gext,0.00016447490588632744
0 days 00:35:23,37.0,H13,1944,H,13,GFP-M-Gext,1,2026-03-09 13:06:39,Cytation5,20260309-round1,10,Sample,1.049452172,0.0,2000.000003,1.975896497,1.799999951,10,4.969,0.0,140.0,50.0,0.0,0.0,2.0,2.0,1.0,1.0,1.0,0.02,2.0,0.3,3.5,0.0,deGFP,1.0,2026-03-09,ext,M,GFP-M-Gext,0.00020456763726360878
0 days 00:40:23,37.0,H13,2276,H,13,GFP-M-Gext,1,2026-03-09 13:11:39,Cytation5,20260309-round1,10,Sample,1.049452172,0.0,2000.000003,1.975896497,1.799999951,10,4.969,0.0,140.0,50.0,0.0,0.0,2.0,2.0,1.0,1.0,1.0,0.02,2.0,0.3,3.5,0.0,deGFP,1.0,2026-03-09,ext,M,GFP-M-Gext,0.00023950408560286708
0 days 00:45:23,37.1,H13,2575,H,13,GFP-M-Gext,1,2026-03-09 13:16:39,Cytation5,20260309-round1,10,Sample,1.049452172,0.0,2000.000003,1.975896497,1.799999951,10,4.969,0.0,140.0,50.0,0.0,0.0,2.0,2.0,1.0,1.0,1.0,0.02,2.0,0.3,3.5,0.0,deGFP,1.0,2026-03-09,ext,M,GFP-M-Gext,0.00027096793516141597
0 days 00:50:23,37.0,H13,2774,H,13,GFP-M-Gext,1,2026-03-09 13:21:39,Cytation5,20260309-round1,10,Sample,1.049452172,0.0,2000.000003,1.975896497,1.799999951,10,4.969,0.0,140.0,50.0,0.0,0.0,2.0,2.0,1.0,1.0,1.0,0.02,2.0,0.3,3.5,0.0,deGFP,1.0,2026-03-09,ext,M,GFP-M-Gext,0.00029190875811175454
0 days 00:55:23,37.0,H13,3146,H,13,GFP-M-Gext,1,2026-03-09 13:26:39,Cytation5,20260309-round1,10,Sample,1.049452172,0.0,2000.000003,1.975896497,1.799999951,10,4.969,0.0,140.0,50.0,0.0,0.0,2.0,2.0,1.0,1.0,1.0,0.02,2.0,0.3,3.5,0.0,deGFP,1.0,2026-03-09,ext,M,GFP-M-Gext,0.00033105441709429693
0 days 01:00:23,37.0,H13,3346,H,13,GFP-M-Gext,1,2026-03-09 13:31:39,Cytation5,20260309-round1,10,Sample,1.049452172,0.0,2000.000003,1.975896497,1.799999951,10,4.969,0.0,140.0,50.0,0.0,0.0,2.0,2.0,1.0,1.0,1.0,0.02,2.0,0.3,3.5,0.0,deGFP,1.0,2026-03-09,ext,M,GFP-M-Gext,0.0003521004703107176
0 days 01:05:23,37.0,H13,3445,H,13,GFP-M-Gext,1,2026-03-09 13:36:39,Cytation5,20260309-round1,10,Sample,1.049452172,0.0,2000.000003,1.975896497,1.799999951,10,4.969,0.0,140.0,50.0,0.0,0.0,2.0,2.0,1.0,1.0,1.0,0.02,2.0,0.3,3.5,0.0,deGFP,1.0,2026-03-09,ext,M,GFP-M-Gext,0.00036251826665284584
0 days 01:10:23,37.0,H13,3696,H,13,GFP-M-Gext,1,2026-03-09 13:41:39,Cytation5,20260309-round1,10,Sample,1.049452172,0.0,2000.000003,1.975896497,1.799999951,10,4.969,0.0,140.0,50.0,0.0,0.0,2.0,2.0,1.0,1.0,1.0,0.02,2.0,0.3,3.5,0.0,deGFP,1.0,2026-03-09,ext,M,GFP-M-Gext,0.00038893106343945374
0 days 01:15:23,37.1,H13,3875,H,13,GFP-M-Gext,1,2026-03-09 13:46:39,Cytation5,20260309-round1,10,Sample,1.049452172,0.0,2000.000003,1.975896497,1.799999951,10,4.969,0.0,140.0,50.0,0.0,0.0,2.0,2.0,1.0,1.0,1.0,0.02,2.0,0.3,3.5,0.0,deGFP,1.0,2026-03-09,ext,M,GFP-M-Gext,0.0004077672810681502
0 days 01:20:23,37.0,H13,3929,H,13,GFP-M-Gext,1,2026-03-09 13:51:39,Cytation5,20260309-round1,10,Sample,1.049452172,0.0,2000.000003,1.975896497,1.799999951,10,4.969,0.0,140.0,50.0,0.0,0.0,2.0,2.0,1.0,1.0,1.0,0.02,2.0,0.3,3.5,0.0,deGFP,1.0,2026-03-09,ext,M,GFP-M-Gext,0.0004134497154365838
0 days 01:25:23,37.0,H13,4171,H,13,GFP-M-Gext,1,2026-03-09 13:56:39,Cytation5,20260309-round1,10,Sample,1.049452172,0.0,2000.000003,1.975896497,1.799999951,10,4.969,0.0,140.0,50.0,0.0,0.0,2.0,2.0,1.0,1.0,1.0,0.02,2.0,0.3,3.5,0.0,deGFP,1.0,2026-03-09,ext,M,GFP-M-Gext,0.0004389154398284528
0 days 01:30:23,37.0,H13,4209,H,13,GFP-M-Gext,1,2026-03-09 14:01:39,Cytation5,20260309-round1,10,Sample,1.049452172,0.0,2000.000003,1.975896497,1.799999951,10,4.969,0.0,140.0,50.0,0.0,0.0,2.0,2.0,1.0,1.0,1.0,0.02,2.0,0.3,3.5,0.0,deGFP,1.0,2026-03-09,ext,M,GFP-M-Gext,0.00044291418993957273
0 days 01:35:23,37.0,H13,4244,H,13,GFP-M-Gext,1,2026-03-09 14:06:39,Cytation5,20260309-round1,10,Sample,1.049452172,0.0,2000.000003,1.975896497,1.799999951,10,4.969,0.0,140.0,50.0,0.0,0.0,2.0,2.0,1.0,1.0,1.0,0.02,2.0,0.3,3.5,0.0,deGFP,1.0,2026-03-09,ext,M,GFP-M-Gext,0.00044659724925244634
0 days 01:40:23,37.0,H13,4309,H,13,GFP-M-Gext,1,2026-03-09 14:11:39,Cytation5,20260309-round1,10,Sample,1.049452172,0.0,2000.000003,1.975896497,1.799999951,10,4.969,0.0,140.0,50.0,0.0,0.0,2.0,2.0,1.0,1.0,1.0,0.02,2.0,0.3,3.5,0.0,deGFP,1.0,2026-03-09,ext,M,GFP-M-Gext,0.00045343721654778307
0 days 01:45:23,37.0,H13,4361,H,13,GFP-M-Gext,1,2026-03-09 14:16:39,Cytation5,20260309-round1,10,Sample,1.049452172,0.0,2000.000003,1.975896497,1.799999951,10,4.969,0.0,140.0,50.0,0.0,0.0,2.0,2.0,1.0,1.0,1.0,0.02,2.0,0.3,3.5,0.0,deGFP,1.0,2026-03-09,ext,M,GFP-M-Gext,0.00045890919038405246
0 days 01:50:23,37.0,H13,4273,H,13,GFP-M-Gext,1,2026-03-09 14:21:39,Cytation5,20260309-round1,10,Sample,1.049452172,0.0,2000.000003,1.975896497,1.799999951,10,4.969,0.0,140.0,50.0,0.0,0.0,2.0,2.0,1.0,1.0,1.0,0.02,2.0,0.3,3.5,0.0,deGFP,1.0,2026-03-09,ext,M,GFP-M-Gext,0.00044964892696882736
0 days 01:55:23,37.1,H13,4384,H,13,GFP-M-Gext,1,2026-03-09 14:26:39,Cytation5,20260309-round1,10,Sample,1.049452172,0.0,2000.000003,1.975896497,1.799999951,10,4.969,0.0,140.0,50.0,0.0,0.0,2.0,2.0,1.0,1.0,1.0,0.02,2.0,0.3,3.5,0.0,deGFP,1.0,2026-03-09,ext,M,GFP-M-Gext,0.0004613294865039408
0 days 02:00:23,37.0,H13,4340,H,13,GFP-M-Gext,1,2026-03-09 14:31:39,Cytation5,20260309-round1,10,Sample,1.049452172,0.0,2000.000003,1.975896497,1.799999951,10,4.969,0.0,140.0,50.0,0.0,0.0,2.0,2.0,1.0,1.0,1.0,0.02,2.0,0.3,3.5,0.0,deGFP,1.0,2026-03-09,ext,M,GFP-M-Gext,0.00045669935479632825
0 days 02:05:23,37.0,H13,4378,H,13,GFP-M-Gext,1,2026-03-09 14:36:39,Cytation5,20260309-round1,10,Sample,1.049452172,0.0,2000.000003,1.975896497,1.799999951,10,4.969,0.0,140.0,50.0,0.0,0.0,2.0,2.0,1.0,1.0,1.0,0.02,2.0,0.3,3.5,0.0,deGFP,1.0,2026-03-09,ext,M,GFP-M-Gext,0.0004606981049074482
0 days 02:10:23,37.1,H13,4413,H,13,GFP-M-Gext,1,2026-03-09 14:41:39,Cytation5,20260309-round1,10,Sample,1.049452172,0.0,2000.000003,1.975896497,1.799999951,10,4.969,0.0,140.0,50.0,0.0,0.0,2.0,2.0,1.0,1.0,1.0,0.02,2.0,0.3,3.5,0.0,deGFP,1.0,2026-03-09,ext,M,GFP-M-Gext,0.0004643811642203218
0 days 02:15:23,37.1,H13,4360,H,13,GFP-M-Gext,1,2026-03-09 14:46:39,Cytation5,20260309-round1,10,Sample,1.049452172,0.0,2000.000003,1.975896497,1.799999951,10,4.969,0.0,140.0,50.0,0.0,0.0,2.0,2.0,1.0,1.0,1.0,0.02,2.0,0.3,3.5,0.0,deGFP,1.0,2026-03-09,ext,M,GFP-M-Gext,0.00045880396011797035
0 days 02:20:23,37.0,H13,4356,H,13,GFP-M-Gext,1,2026-03-09 14:51:39,Cytation5,20260309-round1,10,Sample,1.049452172,0.0,2000.000003,1.975896497,1.799999951,10,4.969,0.0,140.0,50.0,0.0,0.0,2.0,2.0,1.0,1.0,1.0,0.02,2.0,0.3,3.5,0.0,deGFP,1.0,2026-03-09,ext,M,GFP-M-Gext,0.0004583830390536419
0 days 02:25:23,37.0,H13,4307,H,13,GFP-M-Gext,1,2026-03-09 14:56:39,Cytation5,20260309-round1,10,Sample,1.049452172,0.0,2000.000003,1.975896497,1.799999951,10,4.969,0.0,140.0,50.0,0.0,0.0,2.0,2.0,1.0,1.0,1.0,0.02,2.0,0.3,3.5,0.0,deGFP,1.0,2026-03-09,ext,M,GFP-M-Gext,0.00045322675601561886
0 days 02:30:23,37.0,H13,4445,H,13,GFP-M-Gext,1,2026-03-09 15:01:39,Cytation5,20260309-round1,10,Sample,1.049452172,0.0,2000.000003,1.975896497,1.799999951,10,4.969,0.0,140.0,50.0,0.0,0.0,2.0,2.0,1.0,1.0,1.0,0.02,2.0,0.3,3.5,0.0,deGFP,1.0,2026-03-09,ext,M,GFP-M-Gext,0.0004677485327349491
0 days 02:35:23,37.0,H13,4409,H,13,GFP-M-Gext,1,2026-03-09 15:06:39,Cytation5,20260309-round1,10,Sample,1.049452172,0.0,2000.000003,1.975896497,1.799999951,10,4.969,0.0,140.0,50.0,0.0,0.0,2.0,2.0,1.0,1.0,1.0,0.02,2.0,0.3,3.5,0.0,deGFP,1.0,2026-03-09,ext,M,GFP-M-Gext,0.0004639602431559934
0 days 02:40:23,37.0,H13,4348,H,13,GFP-M-Gext,1,2026-03-09 15:11:39,Cytation5,20260309-round1,10,Sample,1.049452172,0.0,2000.000003,1.975896497,1.799999951,10,4.969,0.0,140.0,50.0,0.0,0.0,2.0,2.0,1.0,1.0,1.0,0.02,2.0,0.3,3.5,0.0,deGFP,1.0,2026-03-09,ext,M,GFP-M-Gext,0.0004575411969249851
0 days 02:45:23,37.0,H13,4392,H,13,GFP-M-Gext,1,2026-03-09 15:16:39,Cytation5,20260309-round1,10,Sample,1.049452172,0.0,2000.000003,1.975896497,1.799999951,10,4.969,0.0,140.0,50.0,0.0,0.0,2.0,2.0,1.0,1.0,1.0,0.02,2.0,0.3,3.5,0.0,deGFP,1.0,2026-03-09,ext,M,GFP-M-Gext,0.00046217132863259763
0 days 02:50:23,37.0,H13,4395,H,13,GFP-M-Gext,1,2026-03-09 15:21:39,Cytation5,20260309-round1,10,Sample,1.049452172,0.0,2000.000003,1.975896497,1.799999951,10,4.969,0.0,140.0,50.0,0.0,0.0,2.0,2.0,1.0,1.0,1.0,0.02,2.0,0.3,3.5,0.0,deGFP,1.0,2026-03-09,ext,M,GFP-M-Gext,0.00046248701943084396
0 days 02:55:23,37.0,H13,4425,H,13,GFP-M-Gext,1,2026-03-09 15:26:39,Cytation5,20260309-round1,10,Sample,1.049452172,0.0,2000.000003,1.975896497,1.799999951,10,4.969,0.0,140.0,50.0,0.0,0.0,2.0,2.0,1.0,1.0,1.0,0.02,2.0,0.3,3.5,0.0,deGFP,1.0,2026-03-09,ext,M,GFP-M-Gext,0.000465643927413307
0 days 03:00:23,36.9,H13,4395,H,13,GFP-M-Gext,1,2026-03-09 15:31:39,Cytation5,20260309-round1,10,Sample,1.049452172,0.0,2000.000003,1.975896497,1.799999951,10,4.969,0.0,140.0,50.0,0.0,0.0,2.0,2.0,1.0,1.0,1.0,0.02,2.0,0.3,3.5,0.0,deGFP,1.0,2026-03-09,ext,M,GFP-M-Gext,0.00046248701943084396
0 days 03:05:23,37.0,H13,4422,H,13,GFP-M-Gext,1,2026-03-09 15:36:39,Cytation5,20260309-round1,10,Sample,1.049452172,0.0,2000.000003,1.975896497,1.799999951,10,4.969,0.0,140.0,50.0,0.0,0.0,2.0,2.0,1.0,1.0,1.0,0.02,2.0,0.3,3.5,0.0,deGFP,1.0,2026-03-09,ext,M,GFP-M-Gext,0.00046532823661506076
0 days 03:10:23,37.0,H13,4484,H,13,GFP-M-Gext,1,2026-03-09 15:41:39,Cytation5,20260309-round1,10,Sample,1.049452172,0.0,2000.000003,1.975896497,1.799999951,10,4.969,0.0,140.0,50.0,0.0,0.0,2.0,2.0,1.0,1.0,1.0,0.02,2.0,0.3,3.5,0.0,deGFP,1.0,2026-03-09,ext,M,GFP-M-Gext,0.00047185251311215116
0 days 03:15:23,37.0,H13,4420,H,13,GFP-M-Gext,1,2026-03-09 15:46:39,Cytation5,20260309-round1,10,Sample,1.049452172,0.0,2000.000003,1.975896497,1.799999951,10,4.969,0.0,140.0,50.0,0.0,0.0,2.0,2.0,1.0,1.0,1.0,0.02,2.0,0.3,3.5,0.0,deGFP,1.0,2026-03-09,ext,M,GFP-M-Gext,0.00046511777608289654
0 days 03:20:23,37.0,H13,4444,H,13,GFP-M-Gext,1,2026-03-09 15:51:39,Cytation5,20260309-round1,10,Sample,1.049452172,0.0,2000.000003,1.975896497,1.799999951,10,4.969,0.0,140.0,50.0,0.0,0.0,2.0,2.0,1.0,1.0,1.0,0.02,2.0,0.3,3.5,0.0,deGFP,1.0,2026-03-09,ext,M,GFP-M-Gext,0.000467643302468867
0 days 03:25:23,37.0,H13,4416,H,13,GFP-M-Gext,1,2026-03-09 15:56:39,Cytation5,20260309-round1,10,Sample,1.049452172,0.0,2000.000003,1.975896497,1.799999951,10,4.969,0.0,140.0,50.0,0.0,0.0,2.0,2.0,1.0,1.0,1.0,0.02,2.0,0.3,3.5,0.0,deGFP,1.0,2026-03-09,ext,M,GFP-M-Gext,0.0004646968550185681
0 days 03:30:23,37.0,H13,4447,H,13,GFP-M-Gext,1,2026-03-09 16:01:39,Cytation5,20260309-round1,10,Sample,1.049452172,0.0,2000.000003,1.975896497,1.799999951,10,4.969,0.0,140.0,50.0,0.0,0.0,2.0,2.0,1.0,1.0,1.0,0.02,2.0,0.3,3.5,0.0,deGFP,1.0,2026-03-09,ext,M,GFP-M-Gext,0.00046795899326711334
0 days 03:35:23,37.0,H13,4431,H,13,GFP-M-Gext,1,2026-03-09 16:06:39,Cytation5,20260309-round1,10,Sample,1.049452172,0.0,2000.000003,1.975896497,1.799999951,10,4.969,0.0,140.0,50.0,0.0,0.0,2.0,2.0,1.0,1.0,1.0,0.02,2.0,0.3,3.5,0.0,deGFP,1.0,2026-03-09,ext,M,GFP-M-Gext,0.00046627530900979967
0 days 03:40:23,37.1,H13,4483,H,13,GFP-M-Gext,1,2026-03-09 16:11:39,Cytation5,20260309-round1,10,Sample,1.049452172,0.0,2000.000003,1.975896497,1.799999951,10,4.969,0.0,140.0,50.0,0.0,0.0,2.0,2.0,1.0,1.0,1.0,0.02,2.0,0.3,3.5,0.0,deGFP,1.0,2026-03-09,ext,M,GFP-M-Gext,0.00047174728284606906
0 days 03:45:23,37.0,H13,4488,H,13,GFP-M-Gext,1,2026-03-09 16:16:39,Cytation5,20260309-round1,10,Sample,1.049452172,0.0,2000.000003,1.975896497,1.799999951,10,4.969,0.0,140.0,50.0,0.0,0.0,2.0,2.0,1.0,1.0,1.0,0.02,2.0,0.3,3.5,0.0,deGFP,1.0,2026-03-09,ext,M,GFP-M-Gext,0.00047227343417647954
0 days 03:50:23,37.0,H13,4455,H,13,GFP-M-Gext,1,2026-03-09 16:21:39,Cytation5,20260309-round1,10,Sample,1.049452172,0.0,2000.000003,1.975896497,1.799999951,10,4.969,0.0,140.0,50.0,0.0,0.0,2.0,2.0,1.0,1.0,1.0,0.02,2.0,0.3,3.5,0.0,deGFP,1.0,2026-03-09,ext,M,GFP-M-Gext,0.00046880083539577015
0 days 03:55:23,37.0,H13,4476,H,13,GFP-M-Gext,1,2026-03-09 16:26:39,Cytation5,20260309-round1,10,Sample,1.049452172,0.0,2000.000003,1.975896497,1.799999951,10,4.969,0.0,140.0,50.0,0.0,0.0,2.0,2.0,1.0,1.0,1.0,0.02,2.0,0.3,3.5,0.0,deGFP,1.0,2026-03-09,ext,M,GFP-M-Gext,0.0004710106709834943
0 days 04:00:23,37.0,H13,4575,H,13,GFP-M-Gext,1,2026-03-09 16:31:39,Cytation5,20260309-round1,10,Sample,1.049452172,0.0,2000.000003,1.975896497,1.799999951,10,4.969,0.0,140.0,50.0,0.0,0.0,2.0,2.0,1.0,1.0,1.0,0.02,2.0,0.3,3.5,0.0,deGFP,1.0,2026-03-09,ext,M,GFP-M-Gext,0.00048142846732562253
0 days 04:05:23,37.1,H13,4558,H,13,GFP-M-Gext,1,2026-03-09 16:36:39,Cytation5,20260309-round1,10,Sample,1.049452172,0.0,2000.000003,1.975896497,1.799999951,10,4.969,0.0,140.0,50.0,0.0,0.0,2.0,2.0,1.0,1.0,1.0,0.02,2.0,0.3,3.5,0.0,deGFP,1.0,2026-03-09,ext,M,GFP-M-Gext,0.00047963955280222676
0 days 04:10:23,37.1,H13,4497,H,13,GFP-M-Gext,1,2026-03-09 16:41:39,Cytation5,20260309-round1,10,Sample,1.049452172,0.0,2000.000003,1.975896497,1.799999951,10,4.969,0.0,140.0,50.0,0.0,0.0,2.0,2.0,1.0,1.0,1.0,0.02,2.0,0.3,3.5,0.0,deGFP,1.0,2026-03-09,ext,M,GFP-M-Gext,0.00047322050657121846
0 days 04:15:23,37.0,H13,4571,H,13,GFP-M-Gext,1,2026-03-09 16:46:39,Cytation5,20260309-round1,10,Sample,1.049452172,0.0,2000.000003,1.975896497,1.799999951,10,4.969,0.0,140.0,50.0,0.0,0.0,2.0,2.0,1.0,1.0,1.0,0.02,2.0,0.3,3.5,0.0,deGFP,1.0,2026-03-09,ext,M,GFP-M-Gext,0.0004810075462612941
0 days 04:20:23,37.0,H13,4567,H,13,GFP-M-Gext,1,2026-03-09 16:51:39,Cytation5,20260309-round1,10,Sample,1.049452172,0.0,2000.000003,1.975896497,1.799999951,10,4.969,0.0,140.0,50.0,0.0,0.0,2.0,2.0,1.0,1.0,1.0,0.02,2.0,0.3,3.5,0.0,deGFP,1.0,2026-03-09,ext,M,GFP-M-Gext,0.0004805866251969657
0 days 04:25:23,37.0,H13,4570,H,13,GFP-M-Gext,1,2026-03-09 16:56:39,Cytation5,20260309-round1,10,Sample,1.049452172,0.0,2000.000003,1.975896497,1.799999951,10,4.969,0.0,140.0,50.0,0.0,0.0,2.0,2.0,1.0,1.0,1.0,0.02,2.0,0.3,3.5,0.0,deGFP,1.0,2026-03-09,ext,M,GFP-M-Gext,0.000480902315995212
0 days 04:30:23,37.1,H13,4521,H,13,GFP-M-Gext,1,2026-03-09 17:01:39,Cytation5,20260309-round1,10,Sample,1.049452172,0.0,2000.000003,1.975896497,1.799999951,10,4.969,0.0,140.0,50.0,0.0,0.0,2.0,2.0,1.0,1.0,1.0,0.02,2.0,0.3,3.5,0.0,deGFP,1.0,2026-03-09,ext,M,GFP-M-Gext,0.00047574603295718893
0 days 04:35:23,37.0,H13,4587,H,13,GFP-M-Gext,1,2026-03-09 17:06:39,Cytation5,20260309-round1,10,Sample,1.049452172,0.0,2000.000003,1.975896497,1.799999951,10,4.969,0.0,140.0,50.0,0.0,0.0,2.0,2.0,1.0,1.0,1.0,0.02,2.0,0.3,3.5,0.0,deGFP,1.0,2026-03-09,ext,M,GFP-M-Gext,0.0004826912305186078
0 days 04:40:23,37.0,H13,4619,H,13,GFP-M-Gext,1,2026-03-09 17:11:39,Cytation5,20260309-round1,10,Sample,1.049452172,0.0,2000.000003,1.975896497,1.799999951,10,4.969,0.0,140.0,50.0,0.0,0.0,2.0,2.0,1.0,1.0,1.0,0.02,2.0,0.3,3.5,0.0,deGFP,1.0,2026-03-09,ext,M,GFP-M-Gext,0.00048605859903323506
0 days 04:45:23,37.0,H13,4647,H,13,GFP-M-Gext,1,2026-03-09 17:16:39,Cytation5,20260309-round1,10,Sample,1.049452172,0.0,2000.000003,1.975896497,1.799999951,10,4.969,0.0,140.0,50.0,0.0,0.0,2.0,2.0,1.0,1.0,1.0,0.02,2.0,0.3,3.5,0.0,deGFP,1.0,2026-03-09,ext,M,GFP-M-Gext,0.000489005046483534
0 days 04:50:23,37.1,H13,4688,H,13,GFP-M-Gext,1,2026-03-09 17:21:39,Cytation5,20260309-round1,10,Sample,1.049452172,0.0,2000.000003,1.975896497,1.799999951,10,4.969,0.0,140.0,50.0,0.0,0.0,2.0,2.0,1.0,1.0,1.0,0.02,2.0,0.3,3.5,0.0,deGFP,1.0,2026-03-09,ext,M,GFP-M-Gext,0.0004933194873929002
0 days 04:55:23,37.1,H13,4635,H,13,GFP-M-Gext,1,2026-03-09 17:26:39,Cytation5,20260309-round1,10,Sample,1.049452172,0.0,2000.000003,1.975896497,1.799999951,10,4.969,0.0,140.0,50.0,0.0,0.0,2.0,2.0,1.0,1.0,1.0,0.02,2.0,0.3,3.5,0.0,deGFP,1.0,2026-03-09,ext,M,GFP-M-Gext,0.00048774228329054873
0 days 05:00:23,37.1,H13,4632,H,13,GFP-M-Gext,1,2026-03-09 17:31:39,Cytation5,20260309-round1,10,Sample,1.049452172,0.0,2000.000003,1.975896497,1.799999951,10,4.969,0.0,140.0,50.0,0.0,0.0,2.0,2.0,1.0,1.0,1.0,0.02,2.0,0.3,3.5,0.0,deGFP,1.0,2026-03-09,ext,M,GFP-M-Gext,0.0004874265924923024
0 days 05:05:23,37.0,H13,4598,H,13,GFP-M-Gext,1,2026-03-09 17:36:39,Cytation5,20260309-round1,10,Sample,1.049452172,0.0,2000.000003,1.975896497,1.799999951,10,4.969,0.0,140.0,50.0,0.0,0.0,2.0,2.0,1.0,1.0,1.0,0.02,2.0,0.3,3.5,0.0,deGFP,1.0,2026-03-09,ext,M,GFP-M-Gext,0.0004838487634455109
0 days 05:10:23,37.0,H13,4711,H,13,GFP-M-Gext,1,2026-03-09 17:41:39,Cytation5,20260309-round1,10,Sample,1.049452172,0.0,2000.000003,1.975896497,1.799999951,10,4.969,0.0,140.0,50.0,0.0,0.0,2.0,2.0,1.0,1.0,1.0,0.02,2.0,0.3,3.5,0.0,deGFP,1.0,2026-03-09,ext,M,GFP-M-Gext,0.0004957397835127885
0 days 05:15:23,37.0,H13,4670,H,13,GFP-M-Gext,1,2026-03-09 17:46:39,Cytation5,20260309-round1,10,Sample,1.049452172,0.0,2000.000003,1.975896497,1.799999951,10,4.969,0.0,140.0,50.0,0.0,0.0,2.0,2.0,1.0,1.0,1.0,0.02,2.0,0.3,3.5,0.0,deGFP,1.0,2026-03-09,ext,M,GFP-M-Gext,0.0004914253426034224
0 days 05:20:23,37.0,H13,4709,H,13,GFP-M-Gext,1,2026-03-09 17:51:39,Cytation5,20260309-round1,10,Sample,1.049452172,0.0,2000.000003,1.975896497,1.799999951,10,4.969,0.0,140.0,50.0,0.0,0.0,2.0,2.0,1.0,1.0,1.0,0.02,2.0,0.3,3.5,0.0,deGFP,1.0,2026-03-09,ext,M,GFP-M-Gext,0.0004955293229806244
0 days 05:25:23,37.1,H13,4600,H,13,GFP-M-Gext,1,2026-03-09 17:56:39,Cytation5,20260309-round1,10,Sample,1.049452172,0.0,2000.000003,1.975896497,1.799999951,10,4.969,0.0,140.0,50.0,0.0,0.0,2.0,2.0,1.0,1.0,1.0,0.02,2.0,0.3,3.5,0.0,deGFP,1.0,2026-03-09,ext,M,GFP-M-Gext,0.0004840592239776751
0 days 05:30:23,37.1,H13,4677,H,13,GFP-M-Gext,1,2026-03-09 18:01:39,Cytation5,20260309-round1,10,Sample,1.049452172,0.0,2000.000003,1.975896497,1.799999951,10,4.969,0.0,140.0,50.0,0.0,0.0,2.0,2.0,1.0,1.0,1.0,0.02,2.0,0.3,3.5,0.0,deGFP,1.0,2026-03-09,ext,M,GFP-M-Gext,0.0004921619544659971
0 days 05:35:23,37.1,H13,4746,H,13,GFP-M-Gext,1,2026-03-09 18:06:39,Cytation5,20260309-round1,10,Sample,1.049452172,0.0,2000.000003,1.975896497,1.799999951,10,4.969,0.0,140.0,50.0,0.0,0.0,2.0,2.0,1.0,1.0,1.0,0.02,2.0,0.3,3.5,0.0,deGFP,1.0,2026-03-09,ext,M,GFP-M-Gext,0.0004994228428256623
0 days 05:40:23,37.0,H13,4723,H,13,GFP-M-Gext,1,2026-03-09 18:11:39,Cytation5,20260309-round1,10,Sample,1.049452172,0.0,2000.000003,1.975896497,1.799999951,10,4.969,0.0,140.0,50.0,0.0,0.0,2.0,2.0,1.0,1.0,1.0,0.02,2.0,0.3,3.5,0.0,deGFP,1.0,2026-03-09,ext,M,GFP-M-Gext,0.0004970025467057738
0 days 05:45:23,37.0,H13,4688,H,13,GFP-M-Gext,1,2026-03-09 18:16:39,Cytation5,20260309-round1,10,Sample,1.049452172,0.0,2000.000003,1.975896497,1.799999951,10,4.969,0.0,140.0,50.0,0.0,0.0,2.0,2.0,1.0,1.0,1.0,0.02,2.0,0.3,3.5,0.0,deGFP,1.0,2026-03-09,ext,M,GFP-M-Gext,0.0004933194873929002
0 days 05:50:23,37.0,H13,4726,H,13,GFP-M-Gext,1,2026-03-09 18:21:39,Cytation5,20260309-round1,10,Sample,1.049452172,0.0,2000.000003,1.975896497,1.799999951,10,4.969,0.0,140.0,50.0,0.0,0.0,2.0,2.0,1.0,1.0,1.0,0.02,2.0,0.3,3.5,0.0,deGFP,1.0,2026-03-09,ext,M,GFP-M-Gext,0.0004973182375040201
0 days 05:55:23,37.0,H13,4757,H,13,GFP-M-Gext,1,2026-03-09 18:26:39,Cytation5,20260309-round1,10,Sample,1.049452172,0.0,2000.000003,1.975896497,1.799999951,10,4.969,0.0,140.0,50.0,0.0,0.0,2.0,2.0,1.0,1.0,1.0,0.02,2.0,0.3,3.5,0.0,deGFP,1.0,2026-03-09,ext,M,GFP-M-Gext,0.0005005803757525654
0 days 06:00:23,37.1,H13,4726,H,13,GFP-M-Gext,1,2026-03-09 18:31:39,Cytation5,20260309-round1,10,Sample,1.049452172,0.0,2000.000003,1.975896497,1.799999951,10,4.969,0.0,140.0,50.0,0.0,0.0,2.0,2.0,1.0,1.0,1.0,0.02,2.0,0.3,3.5,0.0,deGFP,1.0,2026-03-09,ext,M,GFP-M-Gext,0.0004973182375040201
0 days 00:00:23,28.9,H14,323,H,14,GFP-M-Gext,1,2026-03-09 12:31:39,Cytation5,20260309-round1,10,Sample,1.049452172,0.0,2000.000003,1.975896497,1.799999951,10,4.969,0.0,62.5,50.0,0.0,0.0,2.0,2.0,1.0,1.0,1.0,0.02,2.0,0.3,3.5,0.0,deGFP,1.0,2026-03-09,ext,M,GFP-M-Gext,3.398937594451936e-05
0 days 00:05:23,34.5,H14,295,H,14,GFP-M-Gext,1,2026-03-09 12:36:39,Cytation5,20260309-round1,10,Sample,1.049452172,0.0,2000.000003,1.975896497,1.799999951,10,4.969,0.0,62.5,50.0,0.0,0.0,2.0,2.0,1.0,1.0,1.0,0.02,2.0,0.3,3.5,0.0,deGFP,1.0,2026-03-09,ext,M,GFP-M-Gext,3.104292849422047e-05
0 days 00:10:23,37.0,H14,293,H,14,GFP-M-Gext,1,2026-03-09 12:41:39,Cytation5,20260309-round1,10,Sample,1.049452172,0.0,2000.000003,1.975896497,1.799999951,10,4.969,0.0,62.5,50.0,0.0,0.0,2.0,2.0,1.0,1.0,1.0,0.02,2.0,0.3,3.5,0.0,deGFP,1.0,2026-03-09,ext,M,GFP-M-Gext,3.0832467962056264e-05
0 days 00:15:23,37.0,H14,351,H,14,GFP-M-Gext,1,2026-03-09 12:46:39,Cytation5,20260309-round1,10,Sample,1.049452172,0.0,2000.000003,1.975896497,1.799999951,10,4.969,0.0,62.5,50.0,0.0,0.0,2.0,2.0,1.0,1.0,1.0,0.02,2.0,0.3,3.5,0.0,deGFP,1.0,2026-03-09,ext,M,GFP-M-Gext,3.6935823394818255e-05
0 days 00:20:23,37.0,H14,496,H,14,GFP-M-Gext,1,2026-03-09 12:51:39,Cytation5,20260309-round1,10,Sample,1.049452172,0.0,2000.000003,1.975896497,1.799999951,10,4.969,0.0,62.5,50.0,0.0,0.0,2.0,2.0,1.0,1.0,1.0,0.02,2.0,0.3,3.5,0.0,deGFP,1.0,2026-03-09,ext,M,GFP-M-Gext,5.219421197672323e-05
0 days 00:25:23,37.0,H14,905,H,14,GFP-M-Gext,1,2026-03-09 12:56:39,Cytation5,20260309-round1,10,Sample,1.049452172,0.0,2000.000003,1.975896497,1.799999951,10,4.969,0.0,62.5,50.0,0.0,0.0,2.0,2.0,1.0,1.0,1.0,0.02,2.0,0.3,3.5,0.0,deGFP,1.0,2026-03-09,ext,M,GFP-M-Gext,9.523339080430347e-05
0 days 00:30:23,37.0,H14,1417,H,14,GFP-M-Gext,1,2026-03-09 13:01:39,Cytation5,20260309-round1,10,Sample,1.049452172,0.0,2000.000003,1.975896497,1.799999951,10,4.969,0.0,62.5,50.0,0.0,0.0,2.0,2.0,1.0,1.0,1.0,0.02,2.0,0.3,3.5,0.0,deGFP,1.0,2026-03-09,ext,M,GFP-M-Gext,0.00014911128703834036
0 days 00:35:23,37.0,H14,1735,H,14,GFP-M-Gext,1,2026-03-09 13:06:39,Cytation5,20260309-round1,10,Sample,1.049452172,0.0,2000.000003,1.975896497,1.799999951,10,4.969,0.0,62.5,50.0,0.0,0.0,2.0,2.0,1.0,1.0,1.0,0.02,2.0,0.3,3.5,0.0,deGFP,1.0,2026-03-09,ext,M,GFP-M-Gext,0.0001825745116524492
0 days 00:40:23,37.0,H14,2190,H,14,GFP-M-Gext,1,2026-03-09 13:11:39,Cytation5,20260309-round1,10,Sample,1.049452172,0.0,2000.000003,1.975896497,1.799999951,10,4.969,0.0,62.5,50.0,0.0,0.0,2.0,2.0,1.0,1.0,1.0,0.02,2.0,0.3,3.5,0.0,deGFP,1.0,2026-03-09,ext,M,GFP-M-Gext,0.0002304542827198062
0 days 00:45:23,37.1,H14,2600,H,14,GFP-M-Gext,1,2026-03-09 13:16:39,Cytation5,20260309-round1,10,Sample,1.049452172,0.0,2000.000003,1.975896497,1.799999951,10,4.969,0.0,62.5,50.0,0.0,0.0,2.0,2.0,1.0,1.0,1.0,0.02,2.0,0.3,3.5,0.0,deGFP,1.0,2026-03-09,ext,M,GFP-M-Gext,0.00027359869181346855
0 days 00:50:23,37.0,H14,3065,H,14,GFP-M-Gext,1,2026-03-09 13:21:39,Cytation5,20260309-round1,10,Sample,1.049452172,0.0,2000.000003,1.975896497,1.799999951,10,4.969,0.0,62.5,50.0,0.0,0.0,2.0,2.0,1.0,1.0,1.0,0.02,2.0,0.3,3.5,0.0,deGFP,1.0,2026-03-09,ext,M,GFP-M-Gext,0.0003225307655416466
0 days 00:55:23,37.0,H14,3601,H,14,GFP-M-Gext,1,2026-03-09 13:26:39,Cytation5,20260309-round1,10,Sample,1.049452172,0.0,2000.000003,1.975896497,1.799999951,10,4.969,0.0,62.5,50.0,0.0,0.0,2.0,2.0,1.0,1.0,1.0,0.02,2.0,0.3,3.5,0.0,deGFP,1.0,2026-03-09,ext,M,GFP-M-Gext,0.00037893418816165394
0 days 01:00:23,37.0,H14,4077,H,14,GFP-M-Gext,1,2026-03-09 13:31:39,Cytation5,20260309-round1,10,Sample,1.049452172,0.0,2000.000003,1.975896497,1.799999951,10,4.969,0.0,62.5,50.0,0.0,0.0,2.0,2.0,1.0,1.0,1.0,0.02,2.0,0.3,3.5,0.0,deGFP,1.0,2026-03-09,ext,M,GFP-M-Gext,0.0004290237948167351
0 days 01:05:23,37.0,H14,4630,H,14,GFP-M-Gext,1,2026-03-09 13:36:39,Cytation5,20260309-round1,10,Sample,1.049452172,0.0,2000.000003,1.975896497,1.799999951,10,4.969,0.0,62.5,50.0,0.0,0.0,2.0,2.0,1.0,1.0,1.0,0.02,2.0,0.3,3.5,0.0,deGFP,1.0,2026-03-09,ext,M,GFP-M-Gext,0.00048721613196013824
0 days 01:10:23,37.0,H14,4999,H,14,GFP-M-Gext,1,2026-03-09 13:41:39,Cytation5,20260309-round1,10,Sample,1.049452172,0.0,2000.000003,1.975896497,1.799999951,10,4.969,0.0,62.5,50.0,0.0,0.0,2.0,2.0,1.0,1.0,1.0,0.02,2.0,0.3,3.5,0.0,deGFP,1.0,2026-03-09,ext,M,GFP-M-Gext,0.0005260461001444344
0 days 01:15:23,37.1,H14,5580,H,14,GFP-M-Gext,1,2026-03-09 13:46:39,Cytation5,20260309-round1,10,Sample,1.049452172,0.0,2000.000003,1.975896497,1.799999951,10,4.969,0.0,62.5,50.0,0.0,0.0,2.0,2.0,1.0,1.0,1.0,0.02,2.0,0.3,3.5,0.0,deGFP,1.0,2026-03-09,ext,M,GFP-M-Gext,0.0005871848847381363
0 days 01:20:23,37.0,H14,6094,H,14,GFP-M-Gext,1,2026-03-09 13:51:39,Cytation5,20260309-round1,10,Sample,1.049452172,0.0,2000.000003,1.975896497,1.799999951,10,4.969,0.0,62.5,50.0,0.0,0.0,2.0,2.0,1.0,1.0,1.0,0.02,2.0,0.3,3.5,0.0,deGFP,1.0,2026-03-09,ext,M,GFP-M-Gext,0.0006412732415043374
0 days 01:25:23,37.0,H14,6299,H,14,GFP-M-Gext,1,2026-03-09 13:56:39,Cytation5,20260309-round1,10,Sample,1.049452172,0.0,2000.000003,1.975896497,1.799999951,10,4.969,0.0,62.5,50.0,0.0,0.0,2.0,2.0,1.0,1.0,1.0,0.02,2.0,0.3,3.5,0.0,deGFP,1.0,2026-03-09,ext,M,GFP-M-Gext,0.0006628454460511686
0 days 01:30:23,37.0,H14,6523,H,14,GFP-M-Gext,1,2026-03-09 14:01:39,Cytation5,20260309-round1,10,Sample,1.049452172,0.0,2000.000003,1.975896497,1.799999951,10,4.969,0.0,62.5,50.0,0.0,0.0,2.0,2.0,1.0,1.0,1.0,0.02,2.0,0.3,3.5,0.0,deGFP,1.0,2026-03-09,ext,M,GFP-M-Gext,0.0006864170256535597
0 days 01:35:23,37.0,H14,6830,H,14,GFP-M-Gext,1,2026-03-09 14:06:39,Cytation5,20260309-round1,10,Sample,1.049452172,0.0,2000.000003,1.975896497,1.799999951,10,4.969,0.0,62.5,50.0,0.0,0.0,2.0,2.0,1.0,1.0,1.0,0.02,2.0,0.3,3.5,0.0,deGFP,1.0,2026-03-09,ext,M,GFP-M-Gext,0.0007187227173407654
0 days 01:40:23,37.0,H14,7196,H,14,GFP-M-Gext,1,2026-03-09 14:11:39,Cytation5,20260309-round1,10,Sample,1.049452172,0.0,2000.000003,1.975896497,1.799999951,10,4.969,0.0,62.5,50.0,0.0,0.0,2.0,2.0,1.0,1.0,1.0,0.02,2.0,0.3,3.5,0.0,deGFP,1.0,2026-03-09,ext,M,GFP-M-Gext,0.0007572369947268152
0 days 01:45:23,37.0,H14,7139,H,14,GFP-M-Gext,1,2026-03-09 14:16:39,Cytation5,20260309-round1,10,Sample,1.049452172,0.0,2000.000003,1.975896497,1.799999951,10,4.969,0.0,62.5,50.0,0.0,0.0,2.0,2.0,1.0,1.0,1.0,0.02,2.0,0.3,3.5,0.0,deGFP,1.0,2026-03-09,ext,M,GFP-M-Gext,0.0007512388695601354
0 days 01:50:23,37.0,H14,7330,H,14,GFP-M-Gext,1,2026-03-09 14:21:39,Cytation5,20260309-round1,10,Sample,1.049452172,0.0,2000.000003,1.975896497,1.799999951,10,4.969,0.0,62.5,50.0,0.0,0.0,2.0,2.0,1.0,1.0,1.0,0.02,2.0,0.3,3.5,0.0,deGFP,1.0,2026-03-09,ext,M,GFP-M-Gext,0.0007713378503818171
0 days 01:55:23,37.1,H14,7329,H,14,GFP-M-Gext,1,2026-03-09 14:26:39,Cytation5,20260309-round1,10,Sample,1.049452172,0.0,2000.000003,1.975896497,1.799999951,10,4.969,0.0,62.5,50.0,0.0,0.0,2.0,2.0,1.0,1.0,1.0,0.02,2.0,0.3,3.5,0.0,deGFP,1.0,2026-03-09,ext,M,GFP-M-Gext,0.000771232620115735
0 days 02:00:23,37.0,H14,7381,H,14,GFP-M-Gext,1,2026-03-09 14:31:39,Cytation5,20260309-round1,10,Sample,1.049452172,0.0,2000.000003,1.975896497,1.799999951,10,4.969,0.0,62.5,50.0,0.0,0.0,2.0,2.0,1.0,1.0,1.0,0.02,2.0,0.3,3.5,0.0,deGFP,1.0,2026-03-09,ext,M,GFP-M-Gext,0.0007767045939520044
0 days 02:05:23,37.0,H14,7421,H,14,GFP-M-Gext,1,2026-03-09 14:36:39,Cytation5,20260309-round1,10,Sample,1.049452172,0.0,2000.000003,1.975896497,1.799999951,10,4.969,0.0,62.5,50.0,0.0,0.0,2.0,2.0,1.0,1.0,1.0,0.02,2.0,0.3,3.5,0.0,deGFP,1.0,2026-03-09,ext,M,GFP-M-Gext,0.0007809138045952884
0 days 02:10:23,37.1,H14,7391,H,14,GFP-M-Gext,1,2026-03-09 14:41:39,Cytation5,20260309-round1,10,Sample,1.049452172,0.0,2000.000003,1.975896497,1.799999951,10,4.969,0.0,62.5,50.0,0.0,0.0,2.0,2.0,1.0,1.0,1.0,0.02,2.0,0.3,3.5,0.0,deGFP,1.0,2026-03-09,ext,M,GFP-M-Gext,0.0007777568966128254
0 days 02:15:23,37.1,H14,7489,H,14,GFP-M-Gext,1,2026-03-09 14:46:39,Cytation5,20260309-round1,10,Sample,1.049452172,0.0,2000.000003,1.975896497,1.799999951,10,4.969,0.0,62.5,50.0,0.0,0.0,2.0,2.0,1.0,1.0,1.0,0.02,2.0,0.3,3.5,0.0,deGFP,1.0,2026-03-09,ext,M,GFP-M-Gext,0.0007880694626888716
0 days 02:20:23,37.0,H14,7459,H,14,GFP-M-Gext,1,2026-03-09 14:51:39,Cytation5,20260309-round1,10,Sample,1.049452172,0.0,2000.000003,1.975896497,1.799999951,10,4.969,0.0,62.5,50.0,0.0,0.0,2.0,2.0,1.0,1.0,1.0,0.02,2.0,0.3,3.5,0.0,deGFP,1.0,2026-03-09,ext,M,GFP-M-Gext,0.0007849125547064084
0 days 02:25:23,37.0,H14,7483,H,14,GFP-M-Gext,1,2026-03-09 14:56:39,Cytation5,20260309-round1,10,Sample,1.049452172,0.0,2000.000003,1.975896497,1.799999951,10,4.969,0.0,62.5,50.0,0.0,0.0,2.0,2.0,1.0,1.0,1.0,0.02,2.0,0.3,3.5,0.0,deGFP,1.0,2026-03-09,ext,M,GFP-M-Gext,0.0007874380810923789
0 days 02:30:23,37.0,H14,7576,H,14,GFP-M-Gext,1,2026-03-09 15:01:39,Cytation5,20260309-round1,10,Sample,1.049452172,0.0,2000.000003,1.975896497,1.799999951,10,4.969,0.0,62.5,50.0,0.0,0.0,2.0,2.0,1.0,1.0,1.0,0.02,2.0,0.3,3.5,0.0,deGFP,1.0,2026-03-09,ext,M,GFP-M-Gext,0.0007972244958380146
0 days 02:35:23,37.0,H14,7481,H,14,GFP-M-Gext,1,2026-03-09 15:06:39,Cytation5,20260309-round1,10,Sample,1.049452172,0.0,2000.000003,1.975896497,1.799999951,10,4.969,0.0,62.5,50.0,0.0,0.0,2.0,2.0,1.0,1.0,1.0,0.02,2.0,0.3,3.5,0.0,deGFP,1.0,2026-03-09,ext,M,GFP-M-Gext,0.0007872276205602147
0 days 02:40:23,37.0,H14,7514,H,14,GFP-M-Gext,1,2026-03-09 15:11:39,Cytation5,20260309-round1,10,Sample,1.049452172,0.0,2000.000003,1.975896497,1.799999951,10,4.969,0.0,62.5,50.0,0.0,0.0,2.0,2.0,1.0,1.0,1.0,0.02,2.0,0.3,3.5,0.0,deGFP,1.0,2026-03-09,ext,M,GFP-M-Gext,0.0007907002193409241
0 days 02:45:23,37.0,H14,7427,H,14,GFP-M-Gext,1,2026-03-09 15:16:39,Cytation5,20260309-round1,10,Sample,1.049452172,0.0,2000.000003,1.975896497,1.799999951,10,4.969,0.0,62.5,50.0,0.0,0.0,2.0,2.0,1.0,1.0,1.0,0.02,2.0,0.3,3.5,0.0,deGFP,1.0,2026-03-09,ext,M,GFP-M-Gext,0.0007815451861917811
0 days 02:50:23,37.0,H14,7438,H,14,GFP-M-Gext,1,2026-03-09 15:21:39,Cytation5,20260309-round1,10,Sample,1.049452172,0.0,2000.000003,1.975896497,1.799999951,10,4.969,0.0,62.5,50.0,0.0,0.0,2.0,2.0,1.0,1.0,1.0,0.02,2.0,0.3,3.5,0.0,deGFP,1.0,2026-03-09,ext,M,GFP-M-Gext,0.0007827027191186842
0 days 02:55:23,37.0,H14,7457,H,14,GFP-M-Gext,1,2026-03-09 15:26:39,Cytation5,20260309-round1,10,Sample,1.049452172,0.0,2000.000003,1.975896497,1.799999951,10,4.969,0.0,62.5,50.0,0.0,0.0,2.0,2.0,1.0,1.0,1.0,0.02,2.0,0.3,3.5,0.0,deGFP,1.0,2026-03-09,ext,M,GFP-M-Gext,0.0007847020941742442
0 days 03:00:23,36.9,H14,7529,H,14,GFP-M-Gext,1,2026-03-09 15:31:39,Cytation5,20260309-round1,10,Sample,1.049452172,0.0,2000.000003,1.975896497,1.799999951,10,4.969,0.0,62.5,50.0,0.0,0.0,2.0,2.0,1.0,1.0,1.0,0.02,2.0,0.3,3.5,0.0,deGFP,1.0,2026-03-09,ext,M,GFP-M-Gext,0.0007922786733321556
0 days 03:05:23,37.0,H14,7389,H,14,GFP-M-Gext,1,2026-03-09 15:36:39,Cytation5,20260309-round1,10,Sample,1.049452172,0.0,2000.000003,1.975896497,1.799999951,10,4.969,0.0,62.5,50.0,0.0,0.0,2.0,2.0,1.0,1.0,1.0,0.02,2.0,0.3,3.5,0.0,deGFP,1.0,2026-03-09,ext,M,GFP-M-Gext,0.0007775464360806612
0 days 03:10:23,37.0,H14,7449,H,14,GFP-M-Gext,1,2026-03-09 15:41:39,Cytation5,20260309-round1,10,Sample,1.049452172,0.0,2000.000003,1.975896497,1.799999951,10,4.969,0.0,62.5,50.0,0.0,0.0,2.0,2.0,1.0,1.0,1.0,0.02,2.0,0.3,3.5,0.0,deGFP,1.0,2026-03-09,ext,M,GFP-M-Gext,0.0007838602520455874
0 days 03:15:23,37.0,H14,7444,H,14,GFP-M-Gext,1,2026-03-09 15:46:39,Cytation5,20260309-round1,10,Sample,1.049452172,0.0,2000.000003,1.975896497,1.799999951,10,4.969,0.0,62.5,50.0,0.0,0.0,2.0,2.0,1.0,1.0,1.0,0.02,2.0,0.3,3.5,0.0,deGFP,1.0,2026-03-09,ext,M,GFP-M-Gext,0.0007833341007151769
0 days 03:20:23,37.0,H14,7559,H,14,GFP-M-Gext,1,2026-03-09 15:51:39,Cytation5,20260309-round1,10,Sample,1.049452172,0.0,2000.000003,1.975896497,1.799999951,10,4.969,0.0,62.5,50.0,0.0,0.0,2.0,2.0,1.0,1.0,1.0,0.02,2.0,0.3,3.5,0.0,deGFP,1.0,2026-03-09,ext,M,GFP-M-Gext,0.0007954355813146188
0 days 03:25:23,37.0,H14,7466,H,14,GFP-M-Gext,1,2026-03-09 15:56:39,Cytation5,20260309-round1,10,Sample,1.049452172,0.0,2000.000003,1.975896497,1.799999951,10,4.969,0.0,62.5,50.0,0.0,0.0,2.0,2.0,1.0,1.0,1.0,0.02,2.0,0.3,3.5,0.0,deGFP,1.0,2026-03-09,ext,M,GFP-M-Gext,0.0007856491665689831
0 days 03:30:23,37.0,H14,7606,H,14,GFP-M-Gext,1,2026-03-09 16:01:39,Cytation5,20260309-round1,10,Sample,1.049452172,0.0,2000.000003,1.975896497,1.799999951,10,4.969,0.0,62.5,50.0,0.0,0.0,2.0,2.0,1.0,1.0,1.0,0.02,2.0,0.3,3.5,0.0,deGFP,1.0,2026-03-09,ext,M,GFP-M-Gext,0.0008003814038204776
0 days 03:35:23,37.0,H14,7627,H,14,GFP-M-Gext,1,2026-03-09 16:06:39,Cytation5,20260309-round1,10,Sample,1.049452172,0.0,2000.000003,1.975896497,1.799999951,10,4.969,0.0,62.5,50.0,0.0,0.0,2.0,2.0,1.0,1.0,1.0,0.02,2.0,0.3,3.5,0.0,deGFP,1.0,2026-03-09,ext,M,GFP-M-Gext,0.0008025912394082018
0 days 03:40:23,37.1,H14,7425,H,14,GFP-M-Gext,1,2026-03-09 16:11:39,Cytation5,20260309-round1,10,Sample,1.049452172,0.0,2000.000003,1.975896497,1.799999951,10,4.969,0.0,62.5,50.0,0.0,0.0,2.0,2.0,1.0,1.0,1.0,0.02,2.0,0.3,3.5,0.0,deGFP,1.0,2026-03-09,ext,M,GFP-M-Gext,0.0007813347256596169
0 days 03:45:23,37.0,H14,7544,H,14,GFP-M-Gext,1,2026-03-09 16:16:39,Cytation5,20260309-round1,10,Sample,1.049452172,0.0,2000.000003,1.975896497,1.799999951,10,4.969,0.0,62.5,50.0,0.0,0.0,2.0,2.0,1.0,1.0,1.0,0.02,2.0,0.3,3.5,0.0,deGFP,1.0,2026-03-09,ext,M,GFP-M-Gext,0.0007938571273233872
0 days 03:50:23,37.0,H14,7373,H,14,GFP-M-Gext,1,2026-03-09 16:21:39,Cytation5,20260309-round1,10,Sample,1.049452172,0.0,2000.000003,1.975896497,1.799999951,10,4.969,0.0,62.5,50.0,0.0,0.0,2.0,2.0,1.0,1.0,1.0,0.02,2.0,0.3,3.5,0.0,deGFP,1.0,2026-03-09,ext,M,GFP-M-Gext,0.0007758627518233475
0 days 03:55:23,37.0,H14,7491,H,14,GFP-M-Gext,1,2026-03-09 16:26:39,Cytation5,20260309-round1,10,Sample,1.049452172,0.0,2000.000003,1.975896497,1.799999951,10,4.969,0.0,62.5,50.0,0.0,0.0,2.0,2.0,1.0,1.0,1.0,0.02,2.0,0.3,3.5,0.0,deGFP,1.0,2026-03-09,ext,M,GFP-M-Gext,0.0007882799232210358
0 days 04:00:23,37.0,H14,7364,H,14,GFP-M-Gext,1,2026-03-09 16:31:39,Cytation5,20260309-round1,10,Sample,1.049452172,0.0,2000.000003,1.975896497,1.799999951,10,4.969,0.0,62.5,50.0,0.0,0.0,2.0,2.0,1.0,1.0,1.0,0.02,2.0,0.3,3.5,0.0,deGFP,1.0,2026-03-09,ext,M,GFP-M-Gext,0.0007749156794286086
0 days 04:05:23,37.1,H14,7558,H,14,GFP-M-Gext,1,2026-03-09 16:36:39,Cytation5,20260309-round1,10,Sample,1.049452172,0.0,2000.000003,1.975896497,1.799999951,10,4.969,0.0,62.5,50.0,0.0,0.0,2.0,2.0,1.0,1.0,1.0,0.02,2.0,0.3,3.5,0.0,deGFP,1.0,2026-03-09,ext,M,GFP-M-Gext,0.0007953303510485366
0 days 04:10:23,37.1,H14,7569,H,14,GFP-M-Gext,1,2026-03-09 16:41:39,Cytation5,20260309-round1,10,Sample,1.049452172,0.0,2000.000003,1.975896497,1.799999951,10,4.969,0.0,62.5,50.0,0.0,0.0,2.0,2.0,1.0,1.0,1.0,0.02,2.0,0.3,3.5,0.0,deGFP,1.0,2026-03-09,ext,M,GFP-M-Gext,0.0007964878839754397
0 days 04:15:23,37.0,H14,7528,H,14,GFP-M-Gext,1,2026-03-09 16:46:39,Cytation5,20260309-round1,10,Sample,1.049452172,0.0,2000.000003,1.975896497,1.799999951,10,4.969,0.0,62.5,50.0,0.0,0.0,2.0,2.0,1.0,1.0,1.0,0.02,2.0,0.3,3.5,0.0,deGFP,1.0,2026-03-09,ext,M,GFP-M-Gext,0.0007921734430660736
0 days 04:20:23,37.0,H14,7534,H,14,GFP-M-Gext,1,2026-03-09 16:51:39,Cytation5,20260309-round1,10,Sample,1.049452172,0.0,2000.000003,1.975896497,1.799999951,10,4.969,0.0,62.5,50.0,0.0,0.0,2.0,2.0,1.0,1.0,1.0,0.02,2.0,0.3,3.5,0.0,deGFP,1.0,2026-03-09,ext,M,GFP-M-Gext,0.0007928048246625661
0 days 04:25:23,37.0,H14,7555,H,14,GFP-M-Gext,1,2026-03-09 16:56:39,Cytation5,20260309-round1,10,Sample,1.049452172,0.0,2000.000003,1.975896497,1.799999951,10,4.969,0.0,62.5,50.0,0.0,0.0,2.0,2.0,1.0,1.0,1.0,0.02,2.0,0.3,3.5,0.0,deGFP,1.0,2026-03-09,ext,M,GFP-M-Gext,0.0007950146602502903
0 days 04:30:23,37.1,H14,7585,H,14,GFP-M-Gext,1,2026-03-09 17:01:39,Cytation5,20260309-round1,10,Sample,1.049452172,0.0,2000.000003,1.975896497,1.799999951,10,4.969,0.0,62.5,50.0,0.0,0.0,2.0,2.0,1.0,1.0,1.0,0.02,2.0,0.3,3.5,0.0,deGFP,1.0,2026-03-09,ext,M,GFP-M-Gext,0.0007981715682327535
0 days 04:35:23,37.0,H14,7475,H,14,GFP-M-Gext,1,2026-03-09 17:06:39,Cytation5,20260309-round1,10,Sample,1.049452172,0.0,2000.000003,1.975896497,1.799999951,10,4.969,0.0,62.5,50.0,0.0,0.0,2.0,2.0,1.0,1.0,1.0,0.02,2.0,0.3,3.5,0.0,deGFP,1.0,2026-03-09,ext,M,GFP-M-Gext,0.000786596238963722
0 days 04:40:23,37.0,H14,7572,H,14,GFP-M-Gext,1,2026-03-09 17:11:39,Cytation5,20260309-round1,10,Sample,1.049452172,0.0,2000.000003,1.975896497,1.799999951,10,4.969,0.0,62.5,50.0,0.0,0.0,2.0,2.0,1.0,1.0,1.0,0.02,2.0,0.3,3.5,0.0,deGFP,1.0,2026-03-09,ext,M,GFP-M-Gext,0.0007968035747736861
0 days 04:45:23,37.0,H14,7565,H,14,GFP-M-Gext,1,2026-03-09 17:16:39,Cytation5,20260309-round1,10,Sample,1.049452172,0.0,2000.000003,1.975896497,1.799999951,10,4.969,0.0,62.5,50.0,0.0,0.0,2.0,2.0,1.0,1.0,1.0,0.02,2.0,0.3,3.5,0.0,deGFP,1.0,2026-03-09,ext,M,GFP-M-Gext,0.0007960669629111113
0 days 04:50:23,37.1,H14,7552,H,14,GFP-M-Gext,1,2026-03-09 17:21:39,Cytation5,20260309-round1,10,Sample,1.049452172,0.0,2000.000003,1.975896497,1.799999951,10,4.969,0.0,62.5,50.0,0.0,0.0,2.0,2.0,1.0,1.0,1.0,0.02,2.0,0.3,3.5,0.0,deGFP,1.0,2026-03-09,ext,M,GFP-M-Gext,0.0007946989694520441
0 days 04:55:23,37.1,H14,7683,H,14,GFP-M-Gext,1,2026-03-09 17:26:39,Cytation5,20260309-round1,10,Sample,1.049452172,0.0,2000.000003,1.975896497,1.799999951,10,4.969,0.0,62.5,50.0,0.0,0.0,2.0,2.0,1.0,1.0,1.0,0.02,2.0,0.3,3.5,0.0,deGFP,1.0,2026-03-09,ext,M,GFP-M-Gext,0.0008084841343087996
0 days 05:00:23,37.1,H14,7554,H,14,GFP-M-Gext,1,2026-03-09 17:31:39,Cytation5,20260309-round1,10,Sample,1.049452172,0.0,2000.000003,1.975896497,1.799999951,10,4.969,0.0,62.5,50.0,0.0,0.0,2.0,2.0,1.0,1.0,1.0,0.02,2.0,0.3,3.5,0.0,deGFP,1.0,2026-03-09,ext,M,GFP-M-Gext,0.0007949094299842082
0 days 05:05:23,37.0,H14,7643,H,14,GFP-M-Gext,1,2026-03-09 17:36:39,Cytation5,20260309-round1,10,Sample,1.049452172,0.0,2000.000003,1.975896497,1.799999951,10,4.969,0.0,62.5,50.0,0.0,0.0,2.0,2.0,1.0,1.0,1.0,0.02,2.0,0.3,3.5,0.0,deGFP,1.0,2026-03-09,ext,M,GFP-M-Gext,0.0008042749236655154
0 days 05:10:23,37.0,H14,7609,H,14,GFP-M-Gext,1,2026-03-09 17:41:39,Cytation5,20260309-round1,10,Sample,1.049452172,0.0,2000.000003,1.975896497,1.799999951,10,4.969,0.0,62.5,50.0,0.0,0.0,2.0,2.0,1.0,1.0,1.0,0.02,2.0,0.3,3.5,0.0,deGFP,1.0,2026-03-09,ext,M,GFP-M-Gext,0.0008006970946187239
0 days 05:15:23,37.0,H14,7536,H,14,GFP-M-Gext,1,2026-03-09 17:46:39,Cytation5,20260309-round1,10,Sample,1.049452172,0.0,2000.000003,1.975896497,1.799999951,10,4.969,0.0,62.5,50.0,0.0,0.0,2.0,2.0,1.0,1.0,1.0,0.02,2.0,0.3,3.5,0.0,deGFP,1.0,2026-03-09,ext,M,GFP-M-Gext,0.0007930152851947303
0 days 05:20:23,37.0,H14,7717,H,14,GFP-M-Gext,1,2026-03-09 17:51:39,Cytation5,20260309-round1,10,Sample,1.049452172,0.0,2000.000003,1.975896497,1.799999951,10,4.969,0.0,62.5,50.0,0.0,0.0,2.0,2.0,1.0,1.0,1.0,0.02,2.0,0.3,3.5,0.0,deGFP,1.0,2026-03-09,ext,M,GFP-M-Gext,0.000812061963355591
0 days 05:25:23,37.1,H14,7479,H,14,GFP-M-Gext,1,2026-03-09 17:56:39,Cytation5,20260309-round1,10,Sample,1.049452172,0.0,2000.000003,1.975896497,1.799999951,10,4.969,0.0,62.5,50.0,0.0,0.0,2.0,2.0,1.0,1.0,1.0,0.02,2.0,0.3,3.5,0.0,deGFP,1.0,2026-03-09,ext,M,GFP-M-Gext,0.0007870171600280505
0 days 05:30:23,37.1,H14,7594,H,14,GFP-M-Gext,1,2026-03-09 18:01:39,Cytation5,20260309-round1,10,Sample,1.049452172,0.0,2000.000003,1.975896497,1.799999951,10,4.969,0.0,62.5,50.0,0.0,0.0,2.0,2.0,1.0,1.0,1.0,0.02,2.0,0.3,3.5,0.0,deGFP,1.0,2026-03-09,ext,M,GFP-M-Gext,0.0007991186406274924
0 days 05:35:23,37.1,H14,7529,H,14,GFP-M-Gext,1,2026-03-09 18:06:39,Cytation5,20260309-round1,10,Sample,1.049452172,0.0,2000.000003,1.975896497,1.799999951,10,4.969,0.0,62.5,50.0,0.0,0.0,2.0,2.0,1.0,1.0,1.0,0.02,2.0,0.3,3.5,0.0,deGFP,1.0,2026-03-09,ext,M,GFP-M-Gext,0.0007922786733321556
0 days 05:40:23,37.0,H14,7599,H,14,GFP-M-Gext,1,2026-03-09 18:11:39,Cytation5,20260309-round1,10,Sample,1.049452172,0.0,2000.000003,1.975896497,1.799999951,10,4.969,0.0,62.5,50.0,0.0,0.0,2.0,2.0,1.0,1.0,1.0,0.02,2.0,0.3,3.5,0.0,deGFP,1.0,2026-03-09,ext,M,GFP-M-Gext,0.0007996447919579029
0 days 05:45:23,37.0,H14,7568,H,14,GFP-M-Gext,1,2026-03-09 18:16:39,Cytation5,20260309-round1,10,Sample,1.049452172,0.0,2000.000003,1.975896497,1.799999951,10,4.969,0.0,62.5,50.0,0.0,0.0,2.0,2.0,1.0,1.0,1.0,0.02,2.0,0.3,3.5,0.0,deGFP,1.0,2026-03-09,ext,M,GFP-M-Gext,0.0007963826537093577
0 days 05:50:23,37.0,H14,7556,H,14,GFP-M-Gext,1,2026-03-09 18:21:39,Cytation5,20260309-round1,10,Sample,1.049452172,0.0,2000.000003,1.975896497,1.799999951,10,4.969,0.0,62.5,50.0,0.0,0.0,2.0,2.0,1.0,1.0,1.0,0.02,2.0,0.3,3.5,0.0,deGFP,1.0,2026-03-09,ext,M,GFP-M-Gext,0.0007951198905163724
0 days 05:55:23,37.0,H14,7451,H,14,GFP-M-Gext,1,2026-03-09 18:26:39,Cytation5,20260309-round1,10,Sample,1.049452172,0.0,2000.000003,1.975896497,1.799999951,10,4.969,0.0,62.5,50.0,0.0,0.0,2.0,2.0,1.0,1.0,1.0,0.02,2.0,0.3,3.5,0.0,deGFP,1.0,2026-03-09,ext,M,GFP-M-Gext,0.0007840707125777516
0 days 06:00:23,37.1,H14,7661,H,14,GFP-M-Gext,1,2026-03-09 18:31:39,Cytation5,20260309-round1,10,Sample,1.049452172,0.0,2000.000003,1.975896497,1.799999951,10,4.969,0.0,62.5,50.0,0.0,0.0,2.0,2.0,1.0,1.0,1.0,0.02,2.0,0.3,3.5,0.0,deGFP,1.0,2026-03-09,ext,M,GFP-M-Gext,0.0008061690684549933
0 days 00:00:23,28.9,H15,385,H,15,GFP-M-Gext,1,2026-03-09 12:31:39,Cytation5,20260309-round1,7,Sample,1.00000002,0.0,2000.000003,1.763142289,1.799999951,10,24.969,71.0,122.5,50.0,0.0,0.0,2.0,2.0,1.0,1.0,1.0,0.02,2.0,0.3,3.5,0.0,deGFP,1.0,2026-03-09,ext,M,GFP-M-Gext,4.051365244160977e-05
0 days 00:05:23,34.5,H15,367,H,15,GFP-M-Gext,1,2026-03-09 12:36:39,Cytation5,20260309-round1,7,Sample,1.00000002,0.0,2000.000003,1.763142289,1.799999951,10,24.969,71.0,122.5,50.0,0.0,0.0,2.0,2.0,1.0,1.0,1.0,0.02,2.0,0.3,3.5,0.0,deGFP,1.0,2026-03-09,ext,M,GFP-M-Gext,3.8619507652131904e-05
0 days 00:10:23,37.0,H15,417,H,15,GFP-M-Gext,1,2026-03-09 12:41:39,Cytation5,20260309-round1,7,Sample,1.00000002,0.0,2000.000003,1.763142289,1.799999951,10,24.969,71.0,122.5,50.0,0.0,0.0,2.0,2.0,1.0,1.0,1.0,0.02,2.0,0.3,3.5,0.0,deGFP,1.0,2026-03-09,ext,M,GFP-M-Gext,4.388102095623707e-05
0 days 00:15:23,37.0,H15,994,H,15,GFP-M-Gext,1,2026-03-09 12:46:39,Cytation5,20260309-round1,7,Sample,1.00000002,0.0,2000.000003,1.763142289,1.799999951,10,24.969,71.0,122.5,50.0,0.0,0.0,2.0,2.0,1.0,1.0,1.0,0.02,2.0,0.3,3.5,0.0,deGFP,1.0,2026-03-09,ext,M,GFP-M-Gext,0.00010459888448561067
0 days 00:20:23,37.0,H15,2757,H,15,GFP-M-Gext,1,2026-03-09 12:51:39,Cytation5,20260309-round1,7,Sample,1.00000002,0.0,2000.000003,1.763142289,1.799999951,10,24.969,71.0,122.5,50.0,0.0,0.0,2.0,2.0,1.0,1.0,1.0,0.02,2.0,0.3,3.5,0.0,deGFP,1.0,2026-03-09,ext,M,GFP-M-Gext,0.00029011984358835876
0 days 00:25:23,37.0,H15,5721,H,15,GFP-M-Gext,1,2026-03-09 12:56:39,Cytation5,20260309-round1,7,Sample,1.00000002,0.0,2000.000003,1.763142289,1.799999951,10,24.969,71.0,122.5,50.0,0.0,0.0,2.0,2.0,1.0,1.0,1.0,0.02,2.0,0.3,3.5,0.0,deGFP,1.0,2026-03-09,ext,M,GFP-M-Gext,0.0006020223522557129
0 days 00:30:23,37.0,H15,9591,H,15,GFP-M-Gext,1,2026-03-09 13:01:39,Cytation5,20260309-round1,7,Sample,1.00000002,0.0,2000.000003,1.763142289,1.799999951,10,24.969,71.0,122.5,50.0,0.0,0.0,2.0,2.0,1.0,1.0,1.0,0.02,2.0,0.3,3.5,0.0,deGFP,1.0,2026-03-09,ext,M,GFP-M-Gext,0.0010092634819934526
0 days 00:35:23,37.0,H15,13999,H,15,GFP-M-Gext,1,2026-03-09 13:06:39,Cytation5,20260309-round1,7,Sample,1.00000002,0.0,2000.000003,1.763142289,1.799999951,10,24.969,71.0,122.5,50.0,0.0,0.0,2.0,2.0,1.0,1.0,1.0,0.02,2.0,0.3,3.5,0.0,deGFP,1.0,2026-03-09,ext,M,GFP-M-Gext,0.001473118494883364
0 days 00:40:23,37.0,H15,18823,H,15,GFP-M-Gext,1,2026-03-09 13:11:39,Cytation5,20260309-round1,7,Sample,1.00000002,0.0,2000.000003,1.763142289,1.799999951,10,24.969,71.0,122.5,50.0,0.0,0.0,2.0,2.0,1.0,1.0,1.0,0.02,2.0,0.3,3.5,0.0,deGFP,1.0,2026-03-09,ext,M,GFP-M-Gext,0.00198074929846343
0 days 00:45:23,37.1,H15,23550,H,15,GFP-M-Gext,1,2026-03-09 13:16:39,Cytation5,20260309-round1,7,Sample,1.00000002,0.0,2000.000003,1.763142289,1.799999951,10,24.969,71.0,122.5,50.0,0.0,0.0,2.0,2.0,1.0,1.0,1.0,0.02,2.0,0.3,3.5,0.0,deGFP,1.0,2026-03-09,ext,M,GFP-M-Gext,0.002478172766233532
0 days 00:50:23,37.0,H15,29012,H,15,GFP-M-Gext,1,2026-03-09 13:21:39,Cytation5,20260309-round1,7,Sample,1.00000002,0.0,2000.000003,1.763142289,1.799999951,10,24.969,71.0,122.5,50.0,0.0,0.0,2.0,2.0,1.0,1.0,1.0,0.02,2.0,0.3,3.5,0.0,deGFP,1.0,2026-03-09,ext,M,GFP-M-Gext,0.0030529404795739804
0 days 00:55:23,37.0,H15,34165,H,15,GFP-M-Gext,1,2026-03-09 13:26:39,Cytation5,20260309-round1,7,Sample,1.00000002,0.0,2000.000003,1.763142289,1.799999951,10,24.969,71.0,122.5,50.0,0.0,0.0,2.0,2.0,1.0,1.0,1.0,0.02,2.0,0.3,3.5,0.0,deGFP,1.0,2026-03-09,ext,M,GFP-M-Gext,0.003595192040695059
0 days 01:00:23,37.0,H15,39528,H,15,GFP-M-Gext,1,2026-03-09 13:31:39,Cytation5,20260309-round1,7,Sample,1.00000002,0.0,2000.000003,1.763142289,1.799999951,10,24.969,71.0,122.5,50.0,0.0,0.0,2.0,2.0,1.0,1.0,1.0,0.02,2.0,0.3,3.5,0.0,deGFP,1.0,2026-03-09,ext,M,GFP-M-Gext,0.004159541957693379
0 days 01:05:23,37.0,H15,45199,H,15,GFP-M-Gext,1,2026-03-09 13:36:39,Cytation5,20260309-round1,7,Sample,1.00000002,0.0,2000.000003,1.763142289,1.799999951,10,24.969,71.0,122.5,50.0,0.0,0.0,2.0,2.0,1.0,1.0,1.0,0.02,2.0,0.3,3.5,0.0,deGFP,1.0,2026-03-09,ext,M,GFP-M-Gext,0.0047563027966449865
0 days 01:10:23,37.0,H15,50170,H,15,GFP-M-Gext,1,2026-03-09 13:41:39,Cytation5,20260309-round1,7,Sample,1.00000002,0.0,2000.000003,1.763142289,1.799999951,10,24.969,71.0,122.5,50.0,0.0,0.0,2.0,2.0,1.0,1.0,1.0,0.02,2.0,0.3,3.5,0.0,deGFP,1.0,2026-03-09,ext,M,GFP-M-Gext,0.005279402449339122
0 days 01:15:23,37.1,H15,55650,H,15,GFP-M-Gext,1,2026-03-09 13:46:39,Cytation5,20260309-round1,7,Sample,1.00000002,0.0,2000.000003,1.763142289,1.799999951,10,24.969,71.0,122.5,50.0,0.0,0.0,2.0,2.0,1.0,1.0,1.0,0.02,2.0,0.3,3.5,0.0,deGFP,1.0,2026-03-09,ext,M,GFP-M-Gext,0.005856064307469048
0 days 01:20:23,37.0,H15,61593,H,15,GFP-M-Gext,1,2026-03-09 13:51:39,Cytation5,20260309-round1,7,Sample,1.00000002,0.0,2000.000003,1.763142289,1.799999951,10,24.969,71.0,122.5,50.0,0.0,0.0,2.0,2.0,1.0,1.0,1.0,0.02,2.0,0.3,3.5,0.0,deGFP,1.0,2026-03-09,ext,M,GFP-M-Gext,0.006481447778794988
0 days 01:25:23,37.0,H15,65654,H,15,GFP-M-Gext,1,2026-03-09 13:56:39,Cytation5,20260309-round1,7,Sample,1.00000002,0.0,2000.000003,1.763142289,1.799999951,10,24.969,71.0,122.5,50.0,0.0,0.0,2.0,2.0,1.0,1.0,1.0,0.02,2.0,0.3,3.5,0.0,deGFP,1.0,2026-03-09,ext,M,GFP-M-Gext,0.006908787889354409
0 days 01:30:23,37.0,H15,70355,H,15,GFP-M-Gext,1,2026-03-09 14:01:39,Cytation5,20260309-round1,7,Sample,1.00000002,0.0,2000.000003,1.763142289,1.799999951,10,24.969,71.0,122.5,50.0,0.0,0.0,2.0,2.0,1.0,1.0,1.0,0.02,2.0,0.3,3.5,0.0,deGFP,1.0,2026-03-09,ext,M,GFP-M-Gext,0.0074034753702063765
0 days 01:35:23,37.0,H15,74469,H,15,GFP-M-Gext,1,2026-03-09 14:06:39,Cytation5,20260309-round1,7,Sample,1.00000002,0.0,2000.000003,1.763142289,1.799999951,10,24.969,71.0,122.5,50.0,0.0,0.0,2.0,2.0,1.0,1.0,1.0,0.02,2.0,0.3,3.5,0.0,deGFP,1.0,2026-03-09,ext,M,GFP-M-Gext,0.00783639268486815
0 days 01:40:23,37.0,H15,78665,H,15,GFP-M-Gext,1,2026-03-09 14:11:39,Cytation5,20260309-round1,7,Sample,1.00000002,0.0,2000.000003,1.763142289,1.799999951,10,24.969,71.0,122.5,50.0,0.0,0.0,2.0,2.0,1.0,1.0,1.0,0.02,2.0,0.3,3.5,0.0,deGFP,1.0,2026-03-09,ext,M,GFP-M-Gext,0.008277938881348656
0 days 01:45:23,37.0,H15,82671,H,15,GFP-M-Gext,1,2026-03-09 14:16:39,Cytation5,20260309-round1,7,Sample,1.00000002,0.0,2000.000003,1.763142289,1.799999951,10,24.969,71.0,122.5,50.0,0.0,0.0,2.0,2.0,1.0,1.0,1.0,0.02,2.0,0.3,3.5,0.0,deGFP,1.0,2026-03-09,ext,M,GFP-M-Gext,0.00869949132727356
0 days 01:50:23,37.0,H15,86250,H,15,GFP-M-Gext,1,2026-03-09 14:21:39,Cytation5,20260309-round1,7,Sample,1.00000002,0.0,2000.000003,1.763142289,1.799999951,10,24.969,71.0,122.5,50.0,0.0,0.0,2.0,2.0,1.0,1.0,1.0,0.02,2.0,0.3,3.5,0.0,deGFP,1.0,2026-03-09,ext,M,GFP-M-Gext,0.009076110449581409
0 days 01:55:23,37.1,H15,89587,H,15,GFP-M-Gext,1,2026-03-09 14:26:39,Cytation5,20260309-round1,7,Sample,1.00000002,0.0,2000.000003,1.763142289,1.799999951,10,24.969,71.0,122.5,50.0,0.0,0.0,2.0,2.0,1.0,1.0,1.0,0.02,2.0,0.3,3.5,0.0,deGFP,1.0,2026-03-09,ext,M,GFP-M-Gext,0.009427263847497386
0 days 02:00:23,37.0,H15,92425,H,15,GFP-M-Gext,1,2026-03-09 14:31:39,Cytation5,20260309-round1,7,Sample,1.00000002,0.0,2000.000003,1.763142289,1.799999951,10,24.969,71.0,122.5,50.0,0.0,0.0,2.0,2.0,1.0,1.0,1.0,0.02,2.0,0.3,3.5,0.0,deGFP,1.0,2026-03-09,ext,M,GFP-M-Gext,0.009725907342638396
0 days 02:05:23,37.0,H15,95541,H,15,GFP-M-Gext,1,2026-03-09 14:36:39,Cytation5,20260309-round1,7,Sample,1.00000002,0.0,2000.000003,1.763142289,1.799999951,10,24.969,71.0,122.5,50.0,0.0,0.0,2.0,2.0,1.0,1.0,1.0,0.02,2.0,0.3,3.5,0.0,deGFP,1.0,2026-03-09,ext,M,GFP-M-Gext,0.01005380485175023
0 days 02:10:23,37.1,H15,97550,H,15,GFP-M-Gext,1,2026-03-09 14:41:39,Cytation5,20260309-round1,7,Sample,1.00000002,0.0,2000.000003,1.763142289,1.799999951,10,24.969,71.0,122.5,50.0,0.0,0.0,2.0,2.0,1.0,1.0,1.0,0.02,2.0,0.3,3.5,0.0,deGFP,1.0,2026-03-09,ext,M,GFP-M-Gext,0.010265212456309175
0 days 02:15:23,37.1,H15,100734,H,15,GFP-M-Gext,1,2026-03-09 14:46:39,Cytation5,20260309-round1,7,Sample,1.00000002,0.0,2000.000003,1.763142289,1.799999951,10,24.969,71.0,122.5,50.0,0.0,0.0,2.0,2.0,1.0,1.0,1.0,0.02,2.0,0.3,3.5,0.0,deGFP,1.0,2026-03-09,ext,M,GFP-M-Gext,0.010600265623514592
0 days 02:20:23,37.0,H15,102590,H,15,GFP-M-Gext,1,2026-03-09 14:51:39,Cytation5,20260309-round1,7,Sample,1.00000002,0.0,2000.000003,1.763142289,1.799999951,10,24.969,71.0,122.5,50.0,0.0,0.0,2.0,2.0,1.0,1.0,1.0,0.02,2.0,0.3,3.5,0.0,deGFP,1.0,2026-03-09,ext,M,GFP-M-Gext,0.010795572997362977
0 days 02:25:23,37.0,H15,104705,H,15,GFP-M-Gext,1,2026-03-09 14:56:39,Cytation5,20260309-round1,7,Sample,1.00000002,0.0,2000.000003,1.763142289,1.799999951,10,24.969,71.0,122.5,50.0,0.0,0.0,2.0,2.0,1.0,1.0,1.0,0.02,2.0,0.3,3.5,0.0,deGFP,1.0,2026-03-09,ext,M,GFP-M-Gext,0.011018135010126625
0 days 02:30:23,37.0,H15,106670,H,15,GFP-M-Gext,1,2026-03-09 15:01:39,Cytation5,20260309-round1,7,Sample,1.00000002,0.0,2000.000003,1.763142289,1.799999951,10,24.969,71.0,122.5,50.0,0.0,0.0,2.0,2.0,1.0,1.0,1.0,0.02,2.0,0.3,3.5,0.0,deGFP,1.0,2026-03-09,ext,M,GFP-M-Gext,0.011224912482977958
0 days 02:35:23,37.0,H15,107755,H,15,GFP-M-Gext,1,2026-03-09 15:06:39,Cytation5,20260309-round1,7,Sample,1.00000002,0.0,2000.000003,1.763142289,1.799999951,10,24.969,71.0,122.5,50.0,0.0,0.0,2.0,2.0,1.0,1.0,1.0,0.02,2.0,0.3,3.5,0.0,deGFP,1.0,2026-03-09,ext,M,GFP-M-Gext,0.01133908732167704
0 days 02:40:23,37.0,H15,109381,H,15,GFP-M-Gext,1,2026-03-09 15:11:39,Cytation5,20260309-round1,7,Sample,1.00000002,0.0,2000.000003,1.763142289,1.799999951,10,24.969,71.0,122.5,50.0,0.0,0.0,2.0,2.0,1.0,1.0,1.0,0.02,2.0,0.3,3.5,0.0,deGFP,1.0,2026-03-09,ext,M,GFP-M-Gext,0.01151019173432654
0 days 02:45:23,37.0,H15,110561,H,15,GFP-M-Gext,1,2026-03-09 15:16:39,Cytation5,20260309-round1,7,Sample,1.00000002,0.0,2000.000003,1.763142289,1.799999951,10,24.969,71.0,122.5,50.0,0.0,0.0,2.0,2.0,1.0,1.0,1.0,0.02,2.0,0.3,3.5,0.0,deGFP,1.0,2026-03-09,ext,M,GFP-M-Gext,0.011634363448303422
0 days 02:50:23,37.0,H15,111511,H,15,GFP-M-Gext,1,2026-03-09 15:21:39,Cytation5,20260309-round1,7,Sample,1.00000002,0.0,2000.000003,1.763142289,1.799999951,10,24.969,71.0,122.5,50.0,0.0,0.0,2.0,2.0,1.0,1.0,1.0,0.02,2.0,0.3,3.5,0.0,deGFP,1.0,2026-03-09,ext,M,GFP-M-Gext,0.011734332201081419
0 days 02:55:23,37.0,H15,112299,H,15,GFP-M-Gext,1,2026-03-09 15:26:39,Cytation5,20260309-round1,7,Sample,1.00000002,0.0,2000.000003,1.763142289,1.799999951,10,24.969,71.0,122.5,50.0,0.0,0.0,2.0,2.0,1.0,1.0,1.0,0.02,2.0,0.3,3.5,0.0,deGFP,1.0,2026-03-09,ext,M,GFP-M-Gext,0.011817253650754117
0 days 03:00:23,36.9,H15,113559,H,15,GFP-M-Gext,1,2026-03-09 15:31:39,Cytation5,20260309-round1,7,Sample,1.00000002,0.0,2000.000003,1.763142289,1.799999951,10,24.969,71.0,122.5,50.0,0.0,0.0,2.0,2.0,1.0,1.0,1.0,0.02,2.0,0.3,3.5,0.0,deGFP,1.0,2026-03-09,ext,M,GFP-M-Gext,0.011949843786017567
0 days 03:05:23,37.0,H15,113944,H,15,GFP-M-Gext,1,2026-03-09 15:36:39,Cytation5,20260309-round1,7,Sample,1.00000002,0.0,2000.000003,1.763142289,1.799999951,10,24.969,71.0,122.5,50.0,0.0,0.0,2.0,2.0,1.0,1.0,1.0,0.02,2.0,0.3,3.5,0.0,deGFP,1.0,2026-03-09,ext,M,GFP-M-Gext,0.011990357438459177
0 days 03:10:23,37.0,H15,114257,H,15,GFP-M-Gext,1,2026-03-09 15:41:39,Cytation5,20260309-round1,7,Sample,1.00000002,0.0,2000.000003,1.763142289,1.799999951,10,24.969,71.0,122.5,50.0,0.0,0.0,2.0,2.0,1.0,1.0,1.0,0.02,2.0,0.3,3.5,0.0,deGFP,1.0,2026-03-09,ext,M,GFP-M-Gext,0.012023294511742876
0 days 03:15:23,37.0,H15,114628,H,15,GFP-M-Gext,1,2026-03-09 15:46:39,Cytation5,20260309-round1,7,Sample,1.00000002,0.0,2000.000003,1.763142289,1.799999951,10,24.969,71.0,122.5,50.0,0.0,0.0,2.0,2.0,1.0,1.0,1.0,0.02,2.0,0.3,3.5,0.0,deGFP,1.0,2026-03-09,ext,M,GFP-M-Gext,0.012062334940459336
0 days 03:20:23,37.0,H15,116181,H,15,GFP-M-Gext,1,2026-03-09 15:51:39,Cytation5,20260309-round1,7,Sample,1.00000002,0.0,2000.000003,1.763142289,1.799999951,10,24.969,71.0,122.5,50.0,0.0,0.0,2.0,2.0,1.0,1.0,1.0,0.02,2.0,0.3,3.5,0.0,deGFP,1.0,2026-03-09,ext,M,GFP-M-Gext,0.012225757543684842
0 days 03:25:23,37.0,H15,116398,H,15,GFP-M-Gext,1,2026-03-09 15:56:39,Cytation5,20260309-round1,7,Sample,1.00000002,0.0,2000.000003,1.763142289,1.799999951,10,24.969,71.0,122.5,50.0,0.0,0.0,2.0,2.0,1.0,1.0,1.0,0.02,2.0,0.3,3.5,0.0,deGFP,1.0,2026-03-09,ext,M,GFP-M-Gext,0.012248592511424659
0 days 03:30:23,37.0,H15,115713,H,15,GFP-M-Gext,1,2026-03-09 16:01:39,Cytation5,20260309-round1,7,Sample,1.00000002,0.0,2000.000003,1.763142289,1.799999951,10,24.969,71.0,122.5,50.0,0.0,0.0,2.0,2.0,1.0,1.0,1.0,0.02,2.0,0.3,3.5,0.0,deGFP,1.0,2026-03-09,ext,M,GFP-M-Gext,0.012176509779158417
0 days 03:35:23,37.0,H15,115983,H,15,GFP-M-Gext,1,2026-03-09 16:06:39,Cytation5,20260309-round1,7,Sample,1.00000002,0.0,2000.000003,1.763142289,1.799999951,10,24.969,71.0,122.5,50.0,0.0,0.0,2.0,2.0,1.0,1.0,1.0,0.02,2.0,0.3,3.5,0.0,deGFP,1.0,2026-03-09,ext,M,GFP-M-Gext,0.012204921951000586
0 days 03:40:23,37.1,H15,116213,H,15,GFP-M-Gext,1,2026-03-09 16:11:39,Cytation5,20260309-round1,7,Sample,1.00000002,0.0,2000.000003,1.763142289,1.799999951,10,24.969,71.0,122.5,50.0,0.0,0.0,2.0,2.0,1.0,1.0,1.0,0.02,2.0,0.3,3.5,0.0,deGFP,1.0,2026-03-09,ext,M,GFP-M-Gext,0.01222912491219947
0 days 03:45:23,37.0,H15,116572,H,15,GFP-M-Gext,1,2026-03-09 16:16:39,Cytation5,20260309-round1,7,Sample,1.00000002,0.0,2000.000003,1.763142289,1.799999951,10,24.969,71.0,122.5,50.0,0.0,0.0,2.0,2.0,1.0,1.0,1.0,0.02,2.0,0.3,3.5,0.0,deGFP,1.0,2026-03-09,ext,M,GFP-M-Gext,0.012266902577722944
0 days 03:50:23,37.0,H15,116890,H,15,GFP-M-Gext,1,2026-03-09 16:21:39,Cytation5,20260309-round1,7,Sample,1.00000002,0.0,2000.000003,1.763142289,1.799999951,10,24.969,71.0,122.5,50.0,0.0,0.0,2.0,2.0,1.0,1.0,1.0,0.02,2.0,0.3,3.5,0.0,deGFP,1.0,2026-03-09,ext,M,GFP-M-Gext,0.012300365802337053
0 days 03:55:23,37.0,H15,116711,H,15,GFP-M-Gext,1,2026-03-09 16:26:39,Cytation5,20260309-round1,7,Sample,1.00000002,0.0,2000.000003,1.763142289,1.799999951,10,24.969,71.0,122.5,50.0,0.0,0.0,2.0,2.0,1.0,1.0,1.0,0.02,2.0,0.3,3.5,0.0,deGFP,1.0,2026-03-09,ext,M,GFP-M-Gext,0.012281529584708357
0 days 04:00:23,37.0,H15,117446,H,15,GFP-M-Gext,1,2026-03-09 16:31:39,Cytation5,20260309-round1,7,Sample,1.00000002,0.0,2000.000003,1.763142289,1.799999951,10,24.969,71.0,122.5,50.0,0.0,0.0,2.0,2.0,1.0,1.0,1.0,0.02,2.0,0.3,3.5,0.0,deGFP,1.0,2026-03-09,ext,M,GFP-M-Gext,0.012358873830278703
0 days 04:05:23,37.1,H15,116510,H,15,GFP-M-Gext,1,2026-03-09 16:36:39,Cytation5,20260309-round1,7,Sample,1.00000002,0.0,2000.000003,1.763142289,1.799999951,10,24.969,71.0,122.5,50.0,0.0,0.0,2.0,2.0,1.0,1.0,1.0,0.02,2.0,0.3,3.5,0.0,deGFP,1.0,2026-03-09,ext,M,GFP-M-Gext,0.012260378301225854
0 days 04:10:23,37.1,H15,116936,H,15,GFP-M-Gext,1,2026-03-09 16:41:39,Cytation5,20260309-round1,7,Sample,1.00000002,0.0,2000.000003,1.763142289,1.799999951,10,24.969,71.0,122.5,50.0,0.0,0.0,2.0,2.0,1.0,1.0,1.0,0.02,2.0,0.3,3.5,0.0,deGFP,1.0,2026-03-09,ext,M,GFP-M-Gext,0.01230520639457683
0 days 04:15:23,37.0,H15,117160,H,15,GFP-M-Gext,1,2026-03-09 16:46:39,Cytation5,20260309-round1,7,Sample,1.00000002,0.0,2000.000003,1.763142289,1.799999951,10,24.969,71.0,122.5,50.0,0.0,0.0,2.0,2.0,1.0,1.0,1.0,0.02,2.0,0.3,3.5,0.0,deGFP,1.0,2026-03-09,ext,M,GFP-M-Gext,0.01232877797417922
0 days 04:20:23,37.0,H15,117251,H,15,GFP-M-Gext,1,2026-03-09 16:51:39,Cytation5,20260309-round1,7,Sample,1.00000002,0.0,2000.000003,1.763142289,1.799999951,10,24.969,71.0,122.5,50.0,0.0,0.0,2.0,2.0,1.0,1.0,1.0,0.02,2.0,0.3,3.5,0.0,deGFP,1.0,2026-03-09,ext,M,GFP-M-Gext,0.012338353928392692
0 days 04:25:23,37.0,H15,117456,H,15,GFP-M-Gext,1,2026-03-09 16:56:39,Cytation5,20260309-round1,7,Sample,1.00000002,0.0,2000.000003,1.763142289,1.799999951,10,24.969,71.0,122.5,50.0,0.0,0.0,2.0,2.0,1.0,1.0,1.0,0.02,2.0,0.3,3.5,0.0,deGFP,1.0,2026-03-09,ext,M,GFP-M-Gext,0.012359926132939524
0 days 04:30:23,37.1,H15,118362,H,15,GFP-M-Gext,1,2026-03-09 17:01:39,Cytation5,20260309-round1,7,Sample,1.00000002,0.0,2000.000003,1.763142289,1.799999951,10,24.969,71.0,122.5,50.0,0.0,0.0,2.0,2.0,1.0,1.0,1.0,0.02,2.0,0.3,3.5,0.0,deGFP,1.0,2026-03-09,ext,M,GFP-M-Gext,0.012455264754009909
0 days 04:35:23,37.0,H15,118026,H,15,GFP-M-Gext,1,2026-03-09 17:06:39,Cytation5,20260309-round1,7,Sample,1.00000002,0.0,2000.000003,1.763142289,1.799999951,10,24.969,71.0,122.5,50.0,0.0,0.0,2.0,2.0,1.0,1.0,1.0,0.02,2.0,0.3,3.5,0.0,deGFP,1.0,2026-03-09,ext,M,GFP-M-Gext,0.012419907384606323
0 days 04:40:23,37.0,H15,116978,H,15,GFP-M-Gext,1,2026-03-09 17:11:39,Cytation5,20260309-round1,7,Sample,1.00000002,0.0,2000.000003,1.763142289,1.799999951,10,24.969,71.0,122.5,50.0,0.0,0.0,2.0,2.0,1.0,1.0,1.0,0.02,2.0,0.3,3.5,0.0,deGFP,1.0,2026-03-09,ext,M,GFP-M-Gext,0.012309626065752277
0 days 04:45:23,37.0,H15,117745,H,15,GFP-M-Gext,1,2026-03-09 17:16:39,Cytation5,20260309-round1,7,Sample,1.00000002,0.0,2000.000003,1.763142289,1.799999951,10,24.969,71.0,122.5,50.0,0.0,0.0,2.0,2.0,1.0,1.0,1.0,0.02,2.0,0.3,3.5,0.0,deGFP,1.0,2026-03-09,ext,M,GFP-M-Gext,0.012390337679837252
0 days 04:50:23,37.1,H15,118427,H,15,GFP-M-Gext,1,2026-03-09 17:21:39,Cytation5,20260309-round1,7,Sample,1.00000002,0.0,2000.000003,1.763142289,1.799999951,10,24.969,71.0,122.5,50.0,0.0,0.0,2.0,2.0,1.0,1.0,1.0,0.02,2.0,0.3,3.5,0.0,deGFP,1.0,2026-03-09,ext,M,GFP-M-Gext,0.012462104721305246
0 days 04:55:23,37.1,H15,117993,H,15,GFP-M-Gext,1,2026-03-09 17:26:39,Cytation5,20260309-round1,7,Sample,1.00000002,0.0,2000.000003,1.763142289,1.799999951,10,24.969,71.0,122.5,50.0,0.0,0.0,2.0,2.0,1.0,1.0,1.0,0.02,2.0,0.3,3.5,0.0,deGFP,1.0,2026-03-09,ext,M,GFP-M-Gext,0.012416434785825613
0 days 05:00:23,37.1,H15,117549,H,15,GFP-M-Gext,1,2026-03-09 17:31:39,Cytation5,20260309-round1,7,Sample,1.00000002,0.0,2000.000003,1.763142289,1.799999951,10,24.969,71.0,122.5,50.0,0.0,0.0,2.0,2.0,1.0,1.0,1.0,0.02,2.0,0.3,3.5,0.0,deGFP,1.0,2026-03-09,ext,M,GFP-M-Gext,0.012369712547685159
0 days 05:05:23,37.0,H15,117411,H,15,GFP-M-Gext,1,2026-03-09 17:36:39,Cytation5,20260309-round1,7,Sample,1.00000002,0.0,2000.000003,1.763142289,1.799999951,10,24.969,71.0,122.5,50.0,0.0,0.0,2.0,2.0,1.0,1.0,1.0,0.02,2.0,0.3,3.5,0.0,deGFP,1.0,2026-03-09,ext,M,GFP-M-Gext,0.01235519077096583
0 days 05:10:23,37.0,H15,117980,H,15,GFP-M-Gext,1,2026-03-09 17:41:39,Cytation5,20260309-round1,7,Sample,1.00000002,0.0,2000.000003,1.763142289,1.799999951,10,24.969,71.0,122.5,50.0,0.0,0.0,2.0,2.0,1.0,1.0,1.0,0.02,2.0,0.3,3.5,0.0,deGFP,1.0,2026-03-09,ext,M,GFP-M-Gext,0.012415066792366546
0 days 05:15:23,37.0,H15,117865,H,15,GFP-M-Gext,1,2026-03-09 17:46:39,Cytation5,20260309-round1,7,Sample,1.00000002,0.0,2000.000003,1.763142289,1.799999951,10,24.969,71.0,122.5,50.0,0.0,0.0,2.0,2.0,1.0,1.0,1.0,0.02,2.0,0.3,3.5,0.0,deGFP,1.0,2026-03-09,ext,M,GFP-M-Gext,0.012402965311767104
0 days 05:20:23,37.0,H15,117757,H,15,GFP-M-Gext,1,2026-03-09 17:51:39,Cytation5,20260309-round1,7,Sample,1.00000002,0.0,2000.000003,1.763142289,1.799999951,10,24.969,71.0,122.5,50.0,0.0,0.0,2.0,2.0,1.0,1.0,1.0,0.02,2.0,0.3,3.5,0.0,deGFP,1.0,2026-03-09,ext,M,GFP-M-Gext,0.012391600443030237
0 days 05:25:23,37.1,H15,117448,H,15,GFP-M-Gext,1,2026-03-09 17:56:39,Cytation5,20260309-round1,7,Sample,1.00000002,0.0,2000.000003,1.763142289,1.799999951,10,24.969,71.0,122.5,50.0,0.0,0.0,2.0,2.0,1.0,1.0,1.0,0.02,2.0,0.3,3.5,0.0,deGFP,1.0,2026-03-09,ext,M,GFP-M-Gext,0.012359084290810866
0 days 05:30:23,37.1,H15,118135,H,15,GFP-M-Gext,1,2026-03-09 18:01:39,Cytation5,20260309-round1,7,Sample,1.00000002,0.0,2000.000003,1.763142289,1.799999951,10,24.969,71.0,122.5,50.0,0.0,0.0,2.0,2.0,1.0,1.0,1.0,0.02,2.0,0.3,3.5,0.0,deGFP,1.0,2026-03-09,ext,M,GFP-M-Gext,0.012431377483609271
0 days 05:35:23,37.1,H15,117585,H,15,GFP-M-Gext,1,2026-03-09 18:06:39,Cytation5,20260309-round1,7,Sample,1.00000002,0.0,2000.000003,1.763142289,1.799999951,10,24.969,71.0,122.5,50.0,0.0,0.0,2.0,2.0,1.0,1.0,1.0,0.02,2.0,0.3,3.5,0.0,deGFP,1.0,2026-03-09,ext,M,GFP-M-Gext,0.012373500837264115
0 days 05:40:23,37.0,H15,117852,H,15,GFP-M-Gext,1,2026-03-09 18:11:39,Cytation5,20260309-round1,7,Sample,1.00000002,0.0,2000.000003,1.763142289,1.799999951,10,24.969,71.0,122.5,50.0,0.0,0.0,2.0,2.0,1.0,1.0,1.0,0.02,2.0,0.3,3.5,0.0,deGFP,1.0,2026-03-09,ext,M,GFP-M-Gext,0.012401597318308036
0 days 05:45:23,37.0,H15,118142,H,15,GFP-M-Gext,1,2026-03-09 18:16:39,Cytation5,20260309-round1,7,Sample,1.00000002,0.0,2000.000003,1.763142289,1.799999951,10,24.969,71.0,122.5,50.0,0.0,0.0,2.0,2.0,1.0,1.0,1.0,0.02,2.0,0.3,3.5,0.0,deGFP,1.0,2026-03-09,ext,M,GFP-M-Gext,0.012432114095471847
0 days 05:50:23,37.0,H15,118376,H,15,GFP-M-Gext,1,2026-03-09 18:21:39,Cytation5,20260309-round1,7,Sample,1.00000002,0.0,2000.000003,1.763142289,1.799999951,10,24.969,71.0,122.5,50.0,0.0,0.0,2.0,2.0,1.0,1.0,1.0,0.02,2.0,0.3,3.5,0.0,deGFP,1.0,2026-03-09,ext,M,GFP-M-Gext,0.012456737977735059
0 days 05:55:23,37.0,H15,118599,H,15,GFP-M-Gext,1,2026-03-09 18:26:39,Cytation5,20260309-round1,7,Sample,1.00000002,0.0,2000.000003,1.763142289,1.799999951,10,24.969,71.0,122.5,50.0,0.0,0.0,2.0,2.0,1.0,1.0,1.0,0.02,2.0,0.3,3.5,0.0,deGFP,1.0,2026-03-09,ext,M,GFP-M-Gext,0.012480204327071368
0 days 06:00:23,37.1,H15,118404,H,15,GFP-M-Gext,1,2026-03-09 18:31:39,Cytation5,20260309-round1,7,Sample,1.00000002,0.0,2000.000003,1.763142289,1.799999951,10,24.969,71.0,122.5,50.0,0.0,0.0,2.0,2.0,1.0,1.0,1.0,0.02,2.0,0.3,3.5,0.0,deGFP,1.0,2026-03-09,ext,M,GFP-M-Gext,0.012459684425185358
0 days 00:00:23,28.9,H16,369,H,16,GFP-M-Gext,1,2026-03-09 12:31:39,Cytation5,20260309-round1,9,Sample,1.00000002,0.0,2000.000003,2.030823266,1.799999951,10,19.969,20.0,100.0,50.0,0.0,0.0,2.0,2.0,1.0,1.0,1.0,0.02,2.0,0.3,3.5,0.0,deGFP,1.0,2026-03-09,ext,M,GFP-M-Gext,3.882996818429611e-05
0 days 00:05:23,34.5,H16,364,H,16,GFP-M-Gext,1,2026-03-09 12:36:39,Cytation5,20260309-round1,9,Sample,1.00000002,0.0,2000.000003,2.030823266,1.799999951,10,19.969,20.0,100.0,50.0,0.0,0.0,2.0,2.0,1.0,1.0,1.0,0.02,2.0,0.3,3.5,0.0,deGFP,1.0,2026-03-09,ext,M,GFP-M-Gext,3.8303816853885594e-05
0 days 00:10:23,37.0,H16,375,H,16,GFP-M-Gext,1,2026-03-09 12:41:39,Cytation5,20260309-round1,9,Sample,1.00000002,0.0,2000.000003,2.030823266,1.799999951,10,19.969,20.0,100.0,50.0,0.0,0.0,2.0,2.0,1.0,1.0,1.0,0.02,2.0,0.3,3.5,0.0,deGFP,1.0,2026-03-09,ext,M,GFP-M-Gext,3.946134978078873e-05
0 days 00:15:23,37.0,H16,1025,H,16,GFP-M-Gext,1,2026-03-09 12:46:39,Cytation5,20260309-round1,9,Sample,1.00000002,0.0,2000.000003,2.030823266,1.799999951,10,19.969,20.0,100.0,50.0,0.0,0.0,2.0,2.0,1.0,1.0,1.0,0.02,2.0,0.3,3.5,0.0,deGFP,1.0,2026-03-09,ext,M,GFP-M-Gext,0.00010786102273415587
0 days 00:20:23,37.0,H16,2968,H,16,GFP-M-Gext,1,2026-03-09 12:51:39,Cytation5,20260309-round1,9,Sample,1.00000002,0.0,2000.000003,2.030823266,1.799999951,10,19.969,20.0,100.0,50.0,0.0,0.0,2.0,2.0,1.0,1.0,1.0,0.02,2.0,0.3,3.5,0.0,deGFP,1.0,2026-03-09,ext,M,GFP-M-Gext,0.00031232342973168257
0 days 00:25:23,37.0,H16,6592,H,16,GFP-M-Gext,1,2026-03-09 12:56:39,Cytation5,20260309-round1,9,Sample,1.00000002,0.0,2000.000003,2.030823266,1.799999951,10,19.969,20.0,100.0,50.0,0.0,0.0,2.0,2.0,1.0,1.0,1.0,0.02,2.0,0.3,3.5,0.0,deGFP,1.0,2026-03-09,ext,M,GFP-M-Gext,0.0006936779140132249
0 days 00:30:23,37.0,H16,11721,H,16,GFP-M-Gext,1,2026-03-09 13:01:39,Cytation5,20260309-round1,9,Sample,1.00000002,0.0,2000.000003,2.030823266,1.799999951,10,19.969,20.0,100.0,50.0,0.0,0.0,2.0,2.0,1.0,1.0,1.0,0.02,2.0,0.3,3.5,0.0,deGFP,1.0,2026-03-09,ext,M,GFP-M-Gext,0.0012334039487483326
0 days 00:35:23,37.0,H16,17904,H,16,GFP-M-Gext,1,2026-03-09 13:06:39,Cytation5,20260309-round1,9,Sample,1.00000002,0.0,2000.000003,2.030823266,1.799999951,10,19.969,20.0,100.0,50.0,0.0,0.0,2.0,2.0,1.0,1.0,1.0,0.02,2.0,0.3,3.5,0.0,deGFP,1.0,2026-03-09,ext,M,GFP-M-Gext,0.0018840426839339772
0 days 00:40:23,37.0,H16,23852,H,16,GFP-M-Gext,1,2026-03-09 13:11:39,Cytation5,20260309-round1,9,Sample,1.00000002,0.0,2000.000003,2.030823266,1.799999951,10,19.969,20.0,100.0,50.0,0.0,0.0,2.0,2.0,1.0,1.0,1.0,0.02,2.0,0.3,3.5,0.0,deGFP,1.0,2026-03-09,ext,M,GFP-M-Gext,0.0025099523065903275
0 days 00:45:23,37.1,H16,30890,H,16,GFP-M-Gext,1,2026-03-09 13:16:39,Cytation5,20260309-round1,9,Sample,1.00000002,0.0,2000.000003,2.030823266,1.799999951,10,19.969,20.0,100.0,50.0,0.0,0.0,2.0,2.0,1.0,1.0,1.0,0.02,2.0,0.3,3.5,0.0,deGFP,1.0,2026-03-09,ext,M,GFP-M-Gext,0.0032505629192761706
0 days 00:50:23,37.0,H16,37769,H,16,GFP-M-Gext,1,2026-03-09 13:21:39,Cytation5,20260309-round1,9,Sample,1.00000002,0.0,2000.000003,2.030823266,1.799999951,10,19.969,20.0,100.0,50.0,0.0,0.0,2.0,2.0,1.0,1.0,1.0,0.02,2.0,0.3,3.5,0.0,deGFP,1.0,2026-03-09,ext,M,GFP-M-Gext,0.003974441919654959
0 days 00:55:23,37.0,H16,45578,H,16,GFP-M-Gext,1,2026-03-09 13:26:39,Cytation5,20260309-round1,9,Sample,1.00000002,0.0,2000.000003,2.030823266,1.799999951,10,19.969,20.0,100.0,50.0,0.0,0.0,2.0,2.0,1.0,1.0,1.0,0.02,2.0,0.3,3.5,0.0,deGFP,1.0,2026-03-09,ext,M,GFP-M-Gext,0.0047961850674901035
0 days 01:00:23,37.0,H16,53423,H,16,GFP-M-Gext,1,2026-03-09 13:31:39,Cytation5,20260309-round1,9,Sample,1.00000002,0.0,2000.000003,2.030823266,1.799999951,10,19.969,20.0,100.0,50.0,0.0,0.0,2.0,2.0,1.0,1.0,1.0,0.02,2.0,0.3,3.5,0.0,deGFP,1.0,2026-03-09,ext,M,GFP-M-Gext,0.005621716504904204
0 days 01:05:23,37.0,H16,61030,H,16,GFP-M-Gext,1,2026-03-09 13:36:39,Cytation5,20260309-round1,9,Sample,1.00000002,0.0,2000.000003,2.030823266,1.799999951,10,19.969,20.0,100.0,50.0,0.0,0.0,2.0,2.0,1.0,1.0,1.0,0.02,2.0,0.3,3.5,0.0,deGFP,1.0,2026-03-09,ext,M,GFP-M-Gext,0.006422203138990764
0 days 01:10:23,37.0,H16,69257,H,16,GFP-M-Gext,1,2026-03-09 13:41:39,Cytation5,20260309-round1,9,Sample,1.00000002,0.0,2000.000003,2.030823266,1.799999951,10,19.969,20.0,100.0,50.0,0.0,0.0,2.0,2.0,1.0,1.0,1.0,0.02,2.0,0.3,3.5,0.0,deGFP,1.0,2026-03-09,ext,M,GFP-M-Gext,0.007287932538048227
0 days 01:15:23,37.1,H16,77290,H,16,GFP-M-Gext,1,2026-03-09 13:46:39,Cytation5,20260309-round1,9,Sample,1.00000002,0.0,2000.000003,2.030823266,1.799999951,10,19.969,20.0,100.0,50.0,0.0,0.0,2.0,2.0,1.0,1.0,1.0,0.02,2.0,0.3,3.5,0.0,deGFP,1.0,2026-03-09,ext,M,GFP-M-Gext,0.008133247265485763
0 days 01:20:23,37.0,H16,85263,H,16,GFP-M-Gext,1,2026-03-09 13:51:39,Cytation5,20260309-round1,9,Sample,1.00000002,0.0,2000.000003,2.030823266,1.799999951,10,19.969,20.0,100.0,50.0,0.0,0.0,2.0,2.0,1.0,1.0,1.0,0.02,2.0,0.3,3.5,0.0,deGFP,1.0,2026-03-09,ext,M,GFP-M-Gext,0.008972248176958372
0 days 01:25:23,37.0,H16,94391,H,16,GFP-M-Gext,1,2026-03-09 13:56:39,Cytation5,20260309-round1,9,Sample,1.00000002,0.0,2000.000003,2.030823266,1.799999951,10,19.969,20.0,100.0,50.0,0.0,0.0,2.0,2.0,1.0,1.0,1.0,0.02,2.0,0.3,3.5,0.0,deGFP,1.0,2026-03-09,ext,M,GFP-M-Gext,0.009932790045755811
0 days 01:30:23,37.0,H16,102518,H,16,GFP-M-Gext,1,2026-03-09 14:01:39,Cytation5,20260309-round1,9,Sample,1.00000002,0.0,2000.000003,2.030823266,1.799999951,10,19.969,20.0,100.0,50.0,0.0,0.0,2.0,2.0,1.0,1.0,1.0,0.02,2.0,0.3,3.5,0.0,deGFP,1.0,2026-03-09,ext,M,GFP-M-Gext,0.010787996418205065
0 days 01:35:23,37.0,H16,110854,H,16,GFP-M-Gext,1,2026-03-09 14:06:39,Cytation5,20260309-round1,9,Sample,1.00000002,0.0,2000.000003,2.030823266,1.799999951,10,19.969,20.0,100.0,50.0,0.0,0.0,2.0,2.0,1.0,1.0,1.0,0.02,2.0,0.3,3.5,0.0,deGFP,1.0,2026-03-09,ext,M,GFP-M-Gext,0.011665195916265478
0 days 01:40:23,37.0,H16,118787,H,16,GFP-M-Gext,1,2026-03-09 14:11:39,Cytation5,20260309-round1,9,Sample,1.00000002,0.0,2000.000003,2.030823266,1.799999951,10,19.969,20.0,100.0,50.0,0.0,0.0,2.0,2.0,1.0,1.0,1.0,0.02,2.0,0.3,3.5,0.0,deGFP,1.0,2026-03-09,ext,M,GFP-M-Gext,0.012499987617094803
0 days 01:45:23,37.0,H16,127045,H,16,GFP-M-Gext,1,2026-03-09 14:16:39,Cytation5,20260309-round1,9,Sample,1.00000002,0.0,2000.000003,2.030823266,1.799999951,10,19.969,20.0,100.0,50.0,0.0,0.0,2.0,2.0,1.0,1.0,1.0,0.02,2.0,0.3,3.5,0.0,deGFP,1.0,2026-03-09,ext,M,GFP-M-Gext,0.013368979154400813
0 days 01:50:23,37.0,H16,135376,H,16,GFP-M-Gext,1,2026-03-09 14:21:39,Cytation5,20260309-round1,9,Sample,1.00000002,0.0,2000.000003,2.030823266,1.799999951,10,19.969,20.0,100.0,50.0,0.0,0.0,2.0,2.0,1.0,1.0,1.0,0.02,2.0,0.3,3.5,0.0,deGFP,1.0,2026-03-09,ext,M,GFP-M-Gext,0.014245652501130815
0 days 01:55:23,37.1,H16,143741,H,16,GFP-M-Gext,1,2026-03-09 14:26:39,Cytation5,20260309-round1,9,Sample,1.00000002,0.0,2000.000003,2.030823266,1.799999951,10,19.969,20.0,100.0,50.0,0.0,0.0,2.0,2.0,1.0,1.0,1.0,0.02,2.0,0.3,3.5,0.0,deGFP,1.0,2026-03-09,ext,M,GFP-M-Gext,0.01512590367690761
0 days 02:00:23,37.0,H16,151607,H,16,GFP-M-Gext,1,2026-03-09 14:31:39,Cytation5,20260309-round1,9,Sample,1.00000002,0.0,2000.000003,2.030823266,1.799999951,10,19.969,20.0,100.0,50.0,0.0,0.0,2.0,2.0,1.0,1.0,1.0,0.02,2.0,0.3,3.5,0.0,deGFP,1.0,2026-03-09,ext,M,GFP-M-Gext,0.015953644949909432
0 days 02:05:23,37.0,H16,160522,H,16,GFP-M-Gext,1,2026-03-09 14:36:39,Cytation5,20260309-round1,9,Sample,1.00000002,0.0,2000.000003,2.030823266,1.799999951,10,19.969,20.0,100.0,50.0,0.0,0.0,2.0,2.0,1.0,1.0,1.0,0.02,2.0,0.3,3.5,0.0,deGFP,1.0,2026-03-09,ext,M,GFP-M-Gext,0.016891772772031383
0 days 02:10:23,37.1,H16,166390,H,16,GFP-M-Gext,1,2026-03-09 14:41:39,Cytation5,20260309-round1,9,Sample,1.00000002,0.0,2000.000003,2.030823266,1.799999951,10,19.969,20.0,100.0,50.0,0.0,0.0,2.0,2.0,1.0,1.0,1.0,0.02,2.0,0.3,3.5,0.0,deGFP,1.0,2026-03-09,ext,M,GFP-M-Gext,0.017509263973401166
0 days 02:15:23,37.1,H16,174923,H,16,GFP-M-Gext,1,2026-03-09 14:46:39,Cytation5,20260309-round1,9,Sample,1.00000002,0.0,2000.000003,2.030823266,1.799999951,10,19.969,20.0,100.0,50.0,0.0,0.0,2.0,2.0,1.0,1.0,1.0,0.02,2.0,0.3,3.5,0.0,deGFP,1.0,2026-03-09,ext,M,GFP-M-Gext,0.018407193833879752
0 days 02:20:23,37.0,H16,182005,H,16,GFP-M-Gext,1,2026-03-09 14:51:39,Cytation5,20260309-round1,9,Sample,1.00000002,0.0,2000.000003,2.030823266,1.799999951,10,19.969,20.0,100.0,50.0,0.0,0.0,2.0,2.0,1.0,1.0,1.0,0.02,2.0,0.3,3.5,0.0,deGFP,1.0,2026-03-09,ext,M,GFP-M-Gext,0.01915243457827321
0 days 02:25:23,37.0,H16,187692,H,16,GFP-M-Gext,1,2026-03-09 14:56:39,Cytation5,20260309-round1,9,Sample,1.00000002,0.0,2000.000003,2.030823266,1.799999951,10,19.969,20.0,100.0,50.0,0.0,0.0,2.0,2.0,1.0,1.0,1.0,0.02,2.0,0.3,3.5,0.0,deGFP,1.0,2026-03-09,ext,M,GFP-M-Gext,0.01975087910148213
0 days 02:30:23,37.0,H16,195243,H,16,GFP-M-Gext,1,2026-03-09 15:01:39,Cytation5,20260309-round1,9,Sample,1.00000002,0.0,2000.000003,2.030823266,1.799999951,10,19.969,20.0,100.0,50.0,0.0,0.0,2.0,2.0,1.0,1.0,1.0,0.02,2.0,0.3,3.5,0.0,deGFP,1.0,2026-03-09,ext,M,GFP-M-Gext,0.020545472840668093
0 days 02:35:23,37.0,H16,200596,H,16,GFP-M-Gext,1,2026-03-09 15:06:39,Cytation5,20260309-round1,9,Sample,1.00000002,0.0,2000.000003,2.030823266,1.799999951,10,19.969,20.0,100.0,50.0,0.0,0.0,2.0,2.0,1.0,1.0,1.0,0.02,2.0,0.3,3.5,0.0,deGFP,1.0,2026-03-09,ext,M,GFP-M-Gext,0.02110877045500559
0 days 02:40:23,37.0,H16,207074,H,16,GFP-M-Gext,1,2026-03-09 15:11:39,Cytation5,20260309-round1,9,Sample,1.00000002,0.0,2000.000003,2.030823266,1.799999951,10,19.969,20.0,100.0,50.0,0.0,0.0,2.0,2.0,1.0,1.0,1.0,0.02,2.0,0.3,3.5,0.0,deGFP,1.0,2026-03-09,ext,M,GFP-M-Gext,0.021790452118685456
0 days 02:45:23,37.0,H16,210133,H,16,GFP-M-Gext,1,2026-03-09 15:16:39,Cytation5,20260309-round1,9,Sample,1.00000002,0.0,2000.000003,2.030823266,1.799999951,10,19.969,20.0,100.0,50.0,0.0,0.0,2.0,2.0,1.0,1.0,1.0,0.02,2.0,0.3,3.5,0.0,deGFP,1.0,2026-03-09,ext,M,GFP-M-Gext,0.02211235150263061
0 days 02:50:23,37.0,H16,214762,H,16,GFP-M-Gext,1,2026-03-09 15:21:39,Cytation5,20260309-round1,9,Sample,1.00000002,0.0,2000.000003,2.030823266,1.799999951,10,19.969,20.0,100.0,50.0,0.0,0.0,2.0,2.0,1.0,1.0,1.0,0.02,2.0,0.3,3.5,0.0,deGFP,1.0,2026-03-09,ext,M,GFP-M-Gext,0.022599462404324665
0 days 02:55:23,37.0,H16,217274,H,16,GFP-M-Gext,1,2026-03-09 15:26:39,Cytation5,20260309-round1,9,Sample,1.00000002,0.0,2000.000003,2.030823266,1.799999951,10,19.969,20.0,100.0,50.0,0.0,0.0,2.0,2.0,1.0,1.0,1.0,0.02,2.0,0.3,3.5,0.0,deGFP,1.0,2026-03-09,ext,M,GFP-M-Gext,0.022863800832722908
0 days 03:00:23,36.9,H16,221187,H,16,GFP-M-Gext,1,2026-03-09 15:31:39,Cytation5,20260309-round1,9,Sample,1.00000002,0.0,2000.000003,2.030823266,1.799999951,10,19.969,20.0,100.0,50.0,0.0,0.0,2.0,2.0,1.0,1.0,1.0,0.02,2.0,0.3,3.5,0.0,deGFP,1.0,2026-03-09,ext,M,GFP-M-Gext,0.02327556686390218
0 days 03:05:23,37.0,H16,221606,H,16,GFP-M-Gext,1,2026-03-09 15:36:39,Cytation5,20260309-round1,9,Sample,1.00000002,0.0,2000.000003,2.030823266,1.799999951,10,19.969,20.0,100.0,50.0,0.0,0.0,2.0,2.0,1.0,1.0,1.0,0.02,2.0,0.3,3.5,0.0,deGFP,1.0,2026-03-09,ext,M,GFP-M-Gext,0.02331965834539058
0 days 03:10:23,37.0,H16,223081,H,16,GFP-M-Gext,1,2026-03-09 15:41:39,Cytation5,20260309-round1,9,Sample,1.00000002,0.0,2000.000003,2.030823266,1.799999951,10,19.969,20.0,100.0,50.0,0.0,0.0,2.0,2.0,1.0,1.0,1.0,0.02,2.0,0.3,3.5,0.0,deGFP,1.0,2026-03-09,ext,M,GFP-M-Gext,0.023474872987861682
0 days 03:15:23,37.0,H16,224497,H,16,GFP-M-Gext,1,2026-03-09 15:46:39,Cytation5,20260309-round1,9,Sample,1.00000002,0.0,2000.000003,2.030823266,1.799999951,10,19.969,20.0,100.0,50.0,0.0,0.0,2.0,2.0,1.0,1.0,1.0,0.02,2.0,0.3,3.5,0.0,deGFP,1.0,2026-03-09,ext,M,GFP-M-Gext,0.023623879044633943
0 days 03:20:23,37.0,H16,227541,H,16,GFP-M-Gext,1,2026-03-09 15:51:39,Cytation5,20260309-round1,9,Sample,1.00000002,0.0,2000.000003,2.030823266,1.799999951,10,19.969,20.0,100.0,50.0,0.0,0.0,2.0,2.0,1.0,1.0,1.0,0.02,2.0,0.3,3.5,0.0,deGFP,1.0,2026-03-09,ext,M,GFP-M-Gext,0.023944199974587865
0 days 03:25:23,37.0,H16,228110,H,16,GFP-M-Gext,1,2026-03-09 15:56:39,Cytation5,20260309-round1,9,Sample,1.00000002,0.0,2000.000003,2.030823266,1.799999951,10,19.969,20.0,100.0,50.0,0.0,0.0,2.0,2.0,1.0,1.0,1.0,0.02,2.0,0.3,3.5,0.0,deGFP,1.0,2026-03-09,ext,M,GFP-M-Gext,0.02400407599598858
0 days 03:30:23,37.0,H16,227501,H,16,GFP-M-Gext,1,2026-03-09 16:01:39,Cytation5,20260309-round1,9,Sample,1.00000002,0.0,2000.000003,2.030823266,1.799999951,10,19.969,20.0,100.0,50.0,0.0,0.0,2.0,2.0,1.0,1.0,1.0,0.02,2.0,0.3,3.5,0.0,deGFP,1.0,2026-03-09,ext,M,GFP-M-Gext,0.02393999076394458
0 days 03:35:23,37.0,H16,226653,H,16,GFP-M-Gext,1,2026-03-09 16:06:39,Cytation5,20260309-round1,9,Sample,1.00000002,0.0,2000.000003,2.030823266,1.799999951,10,19.969,20.0,100.0,50.0,0.0,0.0,2.0,2.0,1.0,1.0,1.0,0.02,2.0,0.3,3.5,0.0,deGFP,1.0,2026-03-09,ext,M,GFP-M-Gext,0.023850755498306956
0 days 03:40:23,37.1,H16,227351,H,16,GFP-M-Gext,1,2026-03-09 16:11:39,Cytation5,20260309-round1,9,Sample,1.00000002,0.0,2000.000003,2.030823266,1.799999951,10,19.969,20.0,100.0,50.0,0.0,0.0,2.0,2.0,1.0,1.0,1.0,0.02,2.0,0.3,3.5,0.0,deGFP,1.0,2026-03-09,ext,M,GFP-M-Gext,0.023924206224032265
0 days 03:45:23,37.0,H16,227959,H,16,GFP-M-Gext,1,2026-03-09 16:16:39,Cytation5,20260309-round1,9,Sample,1.00000002,0.0,2000.000003,2.030823266,1.799999951,10,19.969,20.0,100.0,50.0,0.0,0.0,2.0,2.0,1.0,1.0,1.0,0.02,2.0,0.3,3.5,0.0,deGFP,1.0,2026-03-09,ext,M,GFP-M-Gext,0.023988186225810185
0 days 03:50:23,37.0,H16,229211,H,16,GFP-M-Gext,1,2026-03-09 16:21:39,Cytation5,20260309-round1,9,Sample,1.00000002,0.0,2000.000003,2.030823266,1.799999951,10,19.969,20.0,100.0,50.0,0.0,0.0,2.0,2.0,1.0,1.0,1.0,0.02,2.0,0.3,3.5,0.0,deGFP,1.0,2026-03-09,ext,M,GFP-M-Gext,0.024119934518944976
0 days 03:55:23,37.0,H16,227786,H,16,GFP-M-Gext,1,2026-03-09 16:26:39,Cytation5,20260309-round1,9,Sample,1.00000002,0.0,2000.000003,2.030823266,1.799999951,10,19.969,20.0,100.0,50.0,0.0,0.0,2.0,2.0,1.0,1.0,1.0,0.02,2.0,0.3,3.5,0.0,deGFP,1.0,2026-03-09,ext,M,GFP-M-Gext,0.02396998138977798
0 days 04:00:23,37.0,H16,228512,H,16,GFP-M-Gext,1,2026-03-09 16:31:39,Cytation5,20260309-round1,9,Sample,1.00000002,0.0,2000.000003,2.030823266,1.799999951,10,19.969,20.0,100.0,50.0,0.0,0.0,2.0,2.0,1.0,1.0,1.0,0.02,2.0,0.3,3.5,0.0,deGFP,1.0,2026-03-09,ext,M,GFP-M-Gext,0.024046378562953587
0 days 04:05:23,37.1,H16,227997,H,16,GFP-M-Gext,1,2026-03-09 16:36:39,Cytation5,20260309-round1,9,Sample,1.00000002,0.0,2000.000003,2.030823266,1.799999951,10,19.969,20.0,100.0,50.0,0.0,0.0,2.0,2.0,1.0,1.0,1.0,0.02,2.0,0.3,3.5,0.0,deGFP,1.0,2026-03-09,ext,M,GFP-M-Gext,0.023992184975921302
0 days 04:10:23,37.1,H16,228094,H,16,GFP-M-Gext,1,2026-03-09 16:41:39,Cytation5,20260309-round1,9,Sample,1.00000002,0.0,2000.000003,2.030823266,1.799999951,10,19.969,20.0,100.0,50.0,0.0,0.0,2.0,2.0,1.0,1.0,1.0,0.02,2.0,0.3,3.5,0.0,deGFP,1.0,2026-03-09,ext,M,GFP-M-Gext,0.024002392311731267
0 days 04:15:23,37.0,H16,227667,H,16,GFP-M-Gext,1,2026-03-09 16:46:39,Cytation5,20260309-round1,9,Sample,1.00000002,0.0,2000.000003,2.030823266,1.799999951,10,19.969,20.0,100.0,50.0,0.0,0.0,2.0,2.0,1.0,1.0,1.0,0.02,2.0,0.3,3.5,0.0,deGFP,1.0,2026-03-09,ext,M,GFP-M-Gext,0.02395745898811421
0 days 04:20:23,37.0,H16,227442,H,16,GFP-M-Gext,1,2026-03-09 16:51:39,Cytation5,20260309-round1,9,Sample,1.00000002,0.0,2000.000003,2.030823266,1.799999951,10,19.969,20.0,100.0,50.0,0.0,0.0,2.0,2.0,1.0,1.0,1.0,0.02,2.0,0.3,3.5,0.0,deGFP,1.0,2026-03-09,ext,M,GFP-M-Gext,0.023933782178245735
0 days 04:25:23,37.0,H16,227211,H,16,GFP-M-Gext,1,2026-03-09 16:56:39,Cytation5,20260309-round1,9,Sample,1.00000002,0.0,2000.000003,2.030823266,1.799999951,10,19.969,20.0,100.0,50.0,0.0,0.0,2.0,2.0,1.0,1.0,1.0,0.02,2.0,0.3,3.5,0.0,deGFP,1.0,2026-03-09,ext,M,GFP-M-Gext,0.02390947398678077
0 days 04:30:23,37.1,H16,226933,H,16,GFP-M-Gext,1,2026-03-09 17:01:39,Cytation5,20260309-round1,9,Sample,1.00000002,0.0,2000.000003,2.030823266,1.799999951,10,19.969,20.0,100.0,50.0,0.0,0.0,2.0,2.0,1.0,1.0,1.0,0.02,2.0,0.3,3.5,0.0,deGFP,1.0,2026-03-09,ext,M,GFP-M-Gext,0.023880219972809945
0 days 04:35:23,37.0,H16,228099,H,16,GFP-M-Gext,1,2026-03-09 17:06:39,Cytation5,20260309-round1,9,Sample,1.00000002,0.0,2000.000003,2.030823266,1.799999951,10,19.969,20.0,100.0,50.0,0.0,0.0,2.0,2.0,1.0,1.0,1.0,0.02,2.0,0.3,3.5,0.0,deGFP,1.0,2026-03-09,ext,M,GFP-M-Gext,0.024002918463061677
0 days 04:40:23,37.0,H16,227544,H,16,GFP-M-Gext,1,2026-03-09 17:11:39,Cytation5,20260309-round1,9,Sample,1.00000002,0.0,2000.000003,2.030823266,1.799999951,10,19.969,20.0,100.0,50.0,0.0,0.0,2.0,2.0,1.0,1.0,1.0,0.02,2.0,0.3,3.5,0.0,deGFP,1.0,2026-03-09,ext,M,GFP-M-Gext,0.02394451566538611
0 days 04:45:23,37.0,H16,227381,H,16,GFP-M-Gext,1,2026-03-09 17:16:39,Cytation5,20260309-round1,9,Sample,1.00000002,0.0,2000.000003,2.030823266,1.799999951,10,19.969,20.0,100.0,50.0,0.0,0.0,2.0,2.0,1.0,1.0,1.0,0.02,2.0,0.3,3.5,0.0,deGFP,1.0,2026-03-09,ext,M,GFP-M-Gext,0.02392736313201473
0 days 04:50:23,37.1,H16,228014,H,16,GFP-M-Gext,1,2026-03-09 17:21:39,Cytation5,20260309-round1,9,Sample,1.00000002,0.0,2000.000003,2.030823266,1.799999951,10,19.969,20.0,100.0,50.0,0.0,0.0,2.0,2.0,1.0,1.0,1.0,0.02,2.0,0.3,3.5,0.0,deGFP,1.0,2026-03-09,ext,M,GFP-M-Gext,0.0239939738904447
0 days 04:55:23,37.1,H16,227340,H,16,GFP-M-Gext,1,2026-03-09 17:26:39,Cytation5,20260309-round1,9,Sample,1.00000002,0.0,2000.000003,2.030823266,1.799999951,10,19.969,20.0,100.0,50.0,0.0,0.0,2.0,2.0,1.0,1.0,1.0,0.02,2.0,0.3,3.5,0.0,deGFP,1.0,2026-03-09,ext,M,GFP-M-Gext,0.023923048691105363
0 days 05:00:23,37.1,H16,226448,H,16,GFP-M-Gext,1,2026-03-09 17:31:39,Cytation5,20260309-round1,9,Sample,1.00000002,0.0,2000.000003,2.030823266,1.799999951,10,19.969,20.0,100.0,50.0,0.0,0.0,2.0,2.0,1.0,1.0,1.0,0.02,2.0,0.3,3.5,0.0,deGFP,1.0,2026-03-09,ext,M,GFP-M-Gext,0.023829183293760124
0 days 05:05:23,37.0,H16,226557,H,16,GFP-M-Gext,1,2026-03-09 17:36:39,Cytation5,20260309-round1,9,Sample,1.00000002,0.0,2000.000003,2.030823266,1.799999951,10,19.969,20.0,100.0,50.0,0.0,0.0,2.0,2.0,1.0,1.0,1.0,0.02,2.0,0.3,3.5,0.0,deGFP,1.0,2026-03-09,ext,M,GFP-M-Gext,0.023840653392763075
0 days 05:10:23,37.0,H16,227152,H,16,GFP-M-Gext,1,2026-03-09 17:41:39,Cytation5,20260309-round1,9,Sample,1.00000002,0.0,2000.000003,2.030823266,1.799999951,10,19.969,20.0,100.0,50.0,0.0,0.0,2.0,2.0,1.0,1.0,1.0,0.02,2.0,0.3,3.5,0.0,deGFP,1.0,2026-03-09,ext,M,GFP-M-Gext,0.023903265401081925
0 days 05:15:23,37.0,H16,227103,H,16,GFP-M-Gext,1,2026-03-09 17:46:39,Cytation5,20260309-round1,9,Sample,1.00000002,0.0,2000.000003,2.030823266,1.799999951,10,19.969,20.0,100.0,50.0,0.0,0.0,2.0,2.0,1.0,1.0,1.0,0.02,2.0,0.3,3.5,0.0,deGFP,1.0,2026-03-09,ext,M,GFP-M-Gext,0.023898109118043902
0 days 05:20:23,37.0,H16,227508,H,16,GFP-M-Gext,1,2026-03-09 17:51:39,Cytation5,20260309-round1,9,Sample,1.00000002,0.0,2000.000003,2.030823266,1.799999951,10,19.969,20.0,100.0,50.0,0.0,0.0,2.0,2.0,1.0,1.0,1.0,0.02,2.0,0.3,3.5,0.0,deGFP,1.0,2026-03-09,ext,M,GFP-M-Gext,0.023940727375807155
0 days 05:25:23,37.1,H16,226506,H,16,GFP-M-Gext,1,2026-03-09 17:56:39,Cytation5,20260309-round1,9,Sample,1.00000002,0.0,2000.000003,2.030823266,1.799999951,10,19.969,20.0,100.0,50.0,0.0,0.0,2.0,2.0,1.0,1.0,1.0,0.02,2.0,0.3,3.5,0.0,deGFP,1.0,2026-03-09,ext,M,GFP-M-Gext,0.023835286649192888
0 days 05:30:23,37.1,H16,226663,H,16,GFP-M-Gext,1,2026-03-09 18:01:39,Cytation5,20260309-round1,9,Sample,1.00000002,0.0,2000.000003,2.030823266,1.799999951,10,19.969,20.0,100.0,50.0,0.0,0.0,2.0,2.0,1.0,1.0,1.0,0.02,2.0,0.3,3.5,0.0,deGFP,1.0,2026-03-09,ext,M,GFP-M-Gext,0.023851807800967777
0 days 05:35:23,37.1,H16,226061,H,16,GFP-M-Gext,1,2026-03-09 18:06:39,Cytation5,20260309-round1,9,Sample,1.00000002,0.0,2000.000003,2.030823266,1.799999951,10,19.969,20.0,100.0,50.0,0.0,0.0,2.0,2.0,1.0,1.0,1.0,0.02,2.0,0.3,3.5,0.0,deGFP,1.0,2026-03-09,ext,M,GFP-M-Gext,0.023788459180786353
0 days 05:40:23,37.0,H16,226866,H,16,GFP-M-Gext,1,2026-03-09 18:11:39,Cytation5,20260309-round1,9,Sample,1.00000002,0.0,2000.000003,2.030823266,1.799999951,10,19.969,20.0,100.0,50.0,0.0,0.0,2.0,2.0,1.0,1.0,1.0,0.02,2.0,0.3,3.5,0.0,deGFP,1.0,2026-03-09,ext,M,GFP-M-Gext,0.023873169544982444
0 days 05:45:23,37.0,H16,226417,H,16,GFP-M-Gext,1,2026-03-09 18:16:39,Cytation5,20260309-round1,9,Sample,1.00000002,0.0,2000.000003,2.030823266,1.799999951,10,19.969,20.0,100.0,50.0,0.0,0.0,2.0,2.0,1.0,1.0,1.0,0.02,2.0,0.3,3.5,0.0,deGFP,1.0,2026-03-09,ext,M,GFP-M-Gext,0.02382592115551158
0 days 05:50:23,37.0,H16,226525,H,16,GFP-M-Gext,1,2026-03-09 18:21:39,Cytation5,20260309-round1,9,Sample,1.00000002,0.0,2000.000003,2.030823266,1.799999951,10,19.969,20.0,100.0,50.0,0.0,0.0,2.0,2.0,1.0,1.0,1.0,0.02,2.0,0.3,3.5,0.0,deGFP,1.0,2026-03-09,ext,M,GFP-M-Gext,0.023837286024248446
0 days 05:55:23,37.0,H16,226157,H,16,GFP-M-Gext,1,2026-03-09 18:26:39,Cytation5,20260309-round1,9,Sample,1.00000002,0.0,2000.000003,2.030823266,1.799999951,10,19.969,20.0,100.0,50.0,0.0,0.0,2.0,2.0,1.0,1.0,1.0,0.02,2.0,0.3,3.5,0.0,deGFP,1.0,2026-03-09,ext,M,GFP-M-Gext,0.023798561286330233
0 days 06:00:23,37.1,H16,227038,H,16,GFP-M-Gext,1,2026-03-09 18:31:39,Cytation5,20260309-round1,9,Sample,1.00000002,0.0,2000.000003,2.030823266,1.799999951,10,19.969,20.0,100.0,50.0,0.0,0.0,2.0,2.0,1.0,1.0,1.0,0.02,2.0,0.3,3.5,0.0,deGFP,1.0,2026-03-09,ext,M,GFP-M-Gext,0.023891269150748566
0 days 00:00:23,28.9,I8,345,I,8,GFP-M-Gext,1,2026-03-09 12:31:39,Cytation5,20260309-round1,5,Sample,2.996187423,0.0,2000.000003,1.833326026,1.799999951,10,4.969,0.0,140.0,50.0,0.0,0.0,2.0,2.0,1.0,1.0,1.0,0.02,2.0,0.3,3.5,0.0,deGFP,1.0,2026-03-09,ext,M,GFP-M-Gext,3.6304441798325635e-05
0 days 00:05:23,34.5,I8,336,I,8,GFP-M-Gext,1,2026-03-09 12:36:39,Cytation5,20260309-round1,5,Sample,2.996187423,0.0,2000.000003,1.833326026,1.799999951,10,4.969,0.0,140.0,50.0,0.0,0.0,2.0,2.0,1.0,1.0,1.0,0.02,2.0,0.3,3.5,0.0,deGFP,1.0,2026-03-09,ext,M,GFP-M-Gext,3.5357369403586706e-05
0 days 00:10:23,37.0,I8,328,I,8,GFP-M-Gext,1,2026-03-09 12:41:39,Cytation5,20260309-round1,5,Sample,2.996187423,0.0,2000.000003,1.833326026,1.799999951,10,4.969,0.0,140.0,50.0,0.0,0.0,2.0,2.0,1.0,1.0,1.0,0.02,2.0,0.3,3.5,0.0,deGFP,1.0,2026-03-09,ext,M,GFP-M-Gext,3.451552727492988e-05
0 days 00:15:23,37.0,I8,503,I,8,GFP-M-Gext,1,2026-03-09 12:46:39,Cytation5,20260309-round1,5,Sample,2.996187423,0.0,2000.000003,1.833326026,1.799999951,10,4.969,0.0,140.0,50.0,0.0,0.0,2.0,2.0,1.0,1.0,1.0,0.02,2.0,0.3,3.5,0.0,deGFP,1.0,2026-03-09,ext,M,GFP-M-Gext,5.293082383929795e-05
0 days 00:20:23,37.0,I8,885,I,8,GFP-M-Gext,1,2026-03-09 12:51:39,Cytation5,20260309-round1,5,Sample,2.996187423,0.0,2000.000003,1.833326026,1.799999951,10,4.969,0.0,140.0,50.0,0.0,0.0,2.0,2.0,1.0,1.0,1.0,0.02,2.0,0.3,3.5,0.0,deGFP,1.0,2026-03-09,ext,M,GFP-M-Gext,9.312878548266141e-05
0 days 00:25:23,37.0,I8,1391,I,8,GFP-M-Gext,1,2026-03-09 12:56:39,Cytation5,20260309-round1,5,Sample,2.996187423,0.0,2000.000003,1.833326026,1.799999951,10,4.969,0.0,140.0,50.0,0.0,0.0,2.0,2.0,1.0,1.0,1.0,0.02,2.0,0.3,3.5,0.0,deGFP,1.0,2026-03-09,ext,M,GFP-M-Gext,0.00014637530012020567
0 days 00:30:23,37.0,I8,1944,I,8,GFP-M-Gext,1,2026-03-09 13:01:39,Cytation5,20260309-round1,5,Sample,2.996187423,0.0,2000.000003,1.833326026,1.799999951,10,4.969,0.0,140.0,50.0,0.0,0.0,2.0,2.0,1.0,1.0,1.0,0.02,2.0,0.3,3.5,0.0,deGFP,1.0,2026-03-09,ext,M,GFP-M-Gext,0.00020456763726360878
0 days 00:35:23,37.0,I8,2366,I,8,GFP-M-Gext,1,2026-03-09 13:06:39,Cytation5,20260309-round1,5,Sample,2.996187423,0.0,2000.000003,1.833326026,1.799999951,10,4.969,0.0,140.0,50.0,0.0,0.0,2.0,2.0,1.0,1.0,1.0,0.02,2.0,0.3,3.5,0.0,deGFP,1.0,2026-03-09,ext,M,GFP-M-Gext,0.00024897480955025637
0 days 00:40:23,37.0,I8,2567,I,8,GFP-M-Gext,1,2026-03-09 13:11:39,Cytation5,20260309-round1,5,Sample,2.996187423,0.0,2000.000003,1.833326026,1.799999951,10,4.969,0.0,140.0,50.0,0.0,0.0,2.0,2.0,1.0,1.0,1.0,0.02,2.0,0.3,3.5,0.0,deGFP,1.0,2026-03-09,ext,M,GFP-M-Gext,0.00027012609303275916
0 days 00:45:23,37.1,I8,2843,I,8,GFP-M-Gext,1,2026-03-09 13:16:39,Cytation5,20260309-round1,5,Sample,2.996187423,0.0,2000.000003,1.833326026,1.799999951,10,4.969,0.0,140.0,50.0,0.0,0.0,2.0,2.0,1.0,1.0,1.0,0.02,2.0,0.3,3.5,0.0,deGFP,1.0,2026-03-09,ext,M,GFP-M-Gext,0.00029916964647141964
0 days 00:50:23,37.0,I8,2867,I,8,GFP-M-Gext,1,2026-03-09 13:21:39,Cytation5,20260309-round1,5,Sample,2.996187423,0.0,2000.000003,1.833326026,1.799999951,10,4.969,0.0,140.0,50.0,0.0,0.0,2.0,2.0,1.0,1.0,1.0,0.02,2.0,0.3,3.5,0.0,deGFP,1.0,2026-03-09,ext,M,GFP-M-Gext,0.0003016951728573901
0 days 00:55:23,37.0,I8,3041,I,8,GFP-M-Gext,1,2026-03-09 13:26:39,Cytation5,20260309-round1,5,Sample,2.996187423,0.0,2000.000003,1.833326026,1.799999951,10,4.969,0.0,140.0,50.0,0.0,0.0,2.0,2.0,1.0,1.0,1.0,0.02,2.0,0.3,3.5,0.0,deGFP,1.0,2026-03-09,ext,M,GFP-M-Gext,0.0003200052391556761
0 days 01:00:23,37.0,I8,3390,I,8,GFP-M-Gext,1,2026-03-09 13:31:39,Cytation5,20260309-round1,5,Sample,2.996187423,0.0,2000.000003,1.833326026,1.799999951,10,4.969,0.0,140.0,50.0,0.0,0.0,2.0,2.0,1.0,1.0,1.0,0.02,2.0,0.3,3.5,0.0,deGFP,1.0,2026-03-09,ext,M,GFP-M-Gext,0.00035673060201833013
0 days 01:05:23,37.0,I8,3498,I,8,GFP-M-Gext,1,2026-03-09 13:36:39,Cytation5,20260309-round1,5,Sample,2.996187423,0.0,2000.000003,1.833326026,1.799999951,10,4.969,0.0,140.0,50.0,0.0,0.0,2.0,2.0,1.0,1.0,1.0,0.02,2.0,0.3,3.5,0.0,deGFP,1.0,2026-03-09,ext,M,GFP-M-Gext,0.0003680954707551973
0 days 01:10:23,37.0,I8,3705,I,8,GFP-M-Gext,1,2026-03-09 13:41:39,Cytation5,20260309-round1,5,Sample,2.996187423,0.0,2000.000003,1.833326026,1.799999951,10,4.969,0.0,140.0,50.0,0.0,0.0,2.0,2.0,1.0,1.0,1.0,0.02,2.0,0.3,3.5,0.0,deGFP,1.0,2026-03-09,ext,M,GFP-M-Gext,0.00038987813583419266
0 days 01:15:23,37.1,I8,3882,I,8,GFP-M-Gext,1,2026-03-09 13:46:39,Cytation5,20260309-round1,5,Sample,2.996187423,0.0,2000.000003,1.833326026,1.799999951,10,4.969,0.0,140.0,50.0,0.0,0.0,2.0,2.0,1.0,1.0,1.0,0.02,2.0,0.3,3.5,0.0,deGFP,1.0,2026-03-09,ext,M,GFP-M-Gext,0.00040850389293072497
0 days 01:20:23,37.0,I8,4006,I,8,GFP-M-Gext,1,2026-03-09 13:51:39,Cytation5,20260309-round1,5,Sample,2.996187423,0.0,2000.000003,1.833326026,1.799999951,10,4.969,0.0,140.0,50.0,0.0,0.0,2.0,2.0,1.0,1.0,1.0,0.02,2.0,0.3,3.5,0.0,deGFP,1.0,2026-03-09,ext,M,GFP-M-Gext,0.0004215524459249058
0 days 01:25:23,37.0,I8,4206,I,8,GFP-M-Gext,1,2026-03-09 13:56:39,Cytation5,20260309-round1,5,Sample,2.996187423,0.0,2000.000003,1.833326026,1.799999951,10,4.969,0.0,140.0,50.0,0.0,0.0,2.0,2.0,1.0,1.0,1.0,0.02,2.0,0.3,3.5,0.0,deGFP,1.0,2026-03-09,ext,M,GFP-M-Gext,0.0004425984991413264
0 days 01:30:23,37.0,I8,4414,I,8,GFP-M-Gext,1,2026-03-09 14:01:39,Cytation5,20260309-round1,5,Sample,2.996187423,0.0,2000.000003,1.833326026,1.799999951,10,4.969,0.0,140.0,50.0,0.0,0.0,2.0,2.0,1.0,1.0,1.0,0.02,2.0,0.3,3.5,0.0,deGFP,1.0,2026-03-09,ext,M,GFP-M-Gext,0.0004644863944864039
0 days 01:35:23,37.0,I8,4347,I,8,GFP-M-Gext,1,2026-03-09 14:06:39,Cytation5,20260309-round1,5,Sample,2.996187423,0.0,2000.000003,1.833326026,1.799999951,10,4.969,0.0,140.0,50.0,0.0,0.0,2.0,2.0,1.0,1.0,1.0,0.02,2.0,0.3,3.5,0.0,deGFP,1.0,2026-03-09,ext,M,GFP-M-Gext,0.000457435966658903
0 days 01:40:23,37.0,I8,4522,I,8,GFP-M-Gext,1,2026-03-09 14:11:39,Cytation5,20260309-round1,5,Sample,2.996187423,0.0,2000.000003,1.833326026,1.799999951,10,4.969,0.0,140.0,50.0,0.0,0.0,2.0,2.0,1.0,1.0,1.0,0.02,2.0,0.3,3.5,0.0,deGFP,1.0,2026-03-09,ext,M,GFP-M-Gext,0.00047585126322327104
0 days 01:45:23,37.0,I8,4486,I,8,GFP-M-Gext,1,2026-03-09 14:16:39,Cytation5,20260309-round1,5,Sample,2.996187423,0.0,2000.000003,1.833326026,1.799999951,10,4.969,0.0,140.0,50.0,0.0,0.0,2.0,2.0,1.0,1.0,1.0,0.02,2.0,0.3,3.5,0.0,deGFP,1.0,2026-03-09,ext,M,GFP-M-Gext,0.0004720629736443153
0 days 01:50:23,37.0,I8,4595,I,8,GFP-M-Gext,1,2026-03-09 14:21:39,Cytation5,20260309-round1,5,Sample,2.996187423,0.0,2000.000003,1.833326026,1.799999951,10,4.969,0.0,140.0,50.0,0.0,0.0,2.0,2.0,1.0,1.0,1.0,0.02,2.0,0.3,3.5,0.0,deGFP,1.0,2026-03-09,ext,M,GFP-M-Gext,0.0004835330726472646
0 days 01:55:23,37.1,I8,4581,I,8,GFP-M-Gext,1,2026-03-09 14:26:39,Cytation5,20260309-round1,5,Sample,2.996187423,0.0,2000.000003,1.833326026,1.799999951,10,4.969,0.0,140.0,50.0,0.0,0.0,2.0,2.0,1.0,1.0,1.0,0.02,2.0,0.3,3.5,0.0,deGFP,1.0,2026-03-09,ext,M,GFP-M-Gext,0.0004820598489221152
0 days 02:00:23,37.0,I8,4563,I,8,GFP-M-Gext,1,2026-03-09 14:31:39,Cytation5,20260309-round1,5,Sample,2.996187423,0.0,2000.000003,1.833326026,1.799999951,10,4.969,0.0,140.0,50.0,0.0,0.0,2.0,2.0,1.0,1.0,1.0,0.02,2.0,0.3,3.5,0.0,deGFP,1.0,2026-03-09,ext,M,GFP-M-Gext,0.0004801657041326373
0 days 02:05:23,37.0,I8,4556,I,8,GFP-M-Gext,1,2026-03-09 14:36:39,Cytation5,20260309-round1,5,Sample,2.996187423,0.0,2000.000003,1.833326026,1.799999951,10,4.969,0.0,140.0,50.0,0.0,0.0,2.0,2.0,1.0,1.0,1.0,0.02,2.0,0.3,3.5,0.0,deGFP,1.0,2026-03-09,ext,M,GFP-M-Gext,0.0004794290922700626
0 days 02:10:23,37.1,I8,4593,I,8,GFP-M-Gext,1,2026-03-09 14:41:39,Cytation5,20260309-round1,5,Sample,2.996187423,0.0,2000.000003,1.833326026,1.799999951,10,4.969,0.0,140.0,50.0,0.0,0.0,2.0,2.0,1.0,1.0,1.0,0.02,2.0,0.3,3.5,0.0,deGFP,1.0,2026-03-09,ext,M,GFP-M-Gext,0.0004833226121151004
0 days 02:15:23,37.1,I8,4542,I,8,GFP-M-Gext,1,2026-03-09 14:46:39,Cytation5,20260309-round1,5,Sample,2.996187423,0.0,2000.000003,1.833326026,1.799999951,10,4.969,0.0,140.0,50.0,0.0,0.0,2.0,2.0,1.0,1.0,1.0,0.02,2.0,0.3,3.5,0.0,deGFP,1.0,2026-03-09,ext,M,GFP-M-Gext,0.00047795586854491314
0 days 02:20:23,37.0,I8,4689,I,8,GFP-M-Gext,1,2026-03-09 14:51:39,Cytation5,20260309-round1,5,Sample,2.996187423,0.0,2000.000003,1.833326026,1.799999951,10,4.969,0.0,140.0,50.0,0.0,0.0,2.0,2.0,1.0,1.0,1.0,0.02,2.0,0.3,3.5,0.0,deGFP,1.0,2026-03-09,ext,M,GFP-M-Gext,0.0004934247176589823
0 days 02:25:23,37.0,I8,4651,I,8,GFP-M-Gext,1,2026-03-09 14:56:39,Cytation5,20260309-round1,5,Sample,2.996187423,0.0,2000.000003,1.833326026,1.799999951,10,4.969,0.0,140.0,50.0,0.0,0.0,2.0,2.0,1.0,1.0,1.0,0.02,2.0,0.3,3.5,0.0,deGFP,1.0,2026-03-09,ext,M,GFP-M-Gext,0.0004894259675478624
0 days 02:30:23,37.0,I8,4694,I,8,GFP-M-Gext,1,2026-03-09 15:01:39,Cytation5,20260309-round1,5,Sample,2.996187423,0.0,2000.000003,1.833326026,1.799999951,10,4.969,0.0,140.0,50.0,0.0,0.0,2.0,2.0,1.0,1.0,1.0,0.02,2.0,0.3,3.5,0.0,deGFP,1.0,2026-03-09,ext,M,GFP-M-Gext,0.0004939508689893929
0 days 02:35:23,37.0,I8,4678,I,8,GFP-M-Gext,1,2026-03-09 15:06:39,Cytation5,20260309-round1,5,Sample,2.996187423,0.0,2000.000003,1.833326026,1.799999951,10,4.969,0.0,140.0,50.0,0.0,0.0,2.0,2.0,1.0,1.0,1.0,0.02,2.0,0.3,3.5,0.0,deGFP,1.0,2026-03-09,ext,M,GFP-M-Gext,0.0004922671847320791
0 days 02:40:23,37.0,I8,4699,I,8,GFP-M-Gext,1,2026-03-09 15:11:39,Cytation5,20260309-round1,5,Sample,2.996187423,0.0,2000.000003,1.833326026,1.799999951,10,4.969,0.0,140.0,50.0,0.0,0.0,2.0,2.0,1.0,1.0,1.0,0.02,2.0,0.3,3.5,0.0,deGFP,1.0,2026-03-09,ext,M,GFP-M-Gext,0.0004944770203198034
0 days 02:45:23,37.0,I8,4627,I,8,GFP-M-Gext,1,2026-03-09 15:16:39,Cytation5,20260309-round1,5,Sample,2.996187423,0.0,2000.000003,1.833326026,1.799999951,10,4.969,0.0,140.0,50.0,0.0,0.0,2.0,2.0,1.0,1.0,1.0,0.02,2.0,0.3,3.5,0.0,deGFP,1.0,2026-03-09,ext,M,GFP-M-Gext,0.0004869004411618919
0 days 02:50:23,37.0,I8,4731,I,8,GFP-M-Gext,1,2026-03-09 15:21:39,Cytation5,20260309-round1,5,Sample,2.996187423,0.0,2000.000003,1.833326026,1.799999951,10,4.969,0.0,140.0,50.0,0.0,0.0,2.0,2.0,1.0,1.0,1.0,0.02,2.0,0.3,3.5,0.0,deGFP,1.0,2026-03-09,ext,M,GFP-M-Gext,0.0004978443888344307
0 days 02:55:23,37.0,I8,4730,I,8,GFP-M-Gext,1,2026-03-09 15:26:39,Cytation5,20260309-round1,5,Sample,2.996187423,0.0,2000.000003,1.833326026,1.799999951,10,4.969,0.0,140.0,50.0,0.0,0.0,2.0,2.0,1.0,1.0,1.0,0.02,2.0,0.3,3.5,0.0,deGFP,1.0,2026-03-09,ext,M,GFP-M-Gext,0.0004977391585683485
0 days 03:00:23,36.9,I8,4783,I,8,GFP-M-Gext,1,2026-03-09 15:31:39,Cytation5,20260309-round1,5,Sample,2.996187423,0.0,2000.000003,1.833326026,1.799999951,10,4.969,0.0,140.0,50.0,0.0,0.0,2.0,2.0,1.0,1.0,1.0,0.02,2.0,0.3,3.5,0.0,deGFP,1.0,2026-03-09,ext,M,GFP-M-Gext,0.0005033163626707
0 days 03:05:23,37.0,I8,4686,I,8,GFP-M-Gext,1,2026-03-09 15:36:39,Cytation5,20260309-round1,5,Sample,2.996187423,0.0,2000.000003,1.833326026,1.799999951,10,4.969,0.0,140.0,50.0,0.0,0.0,2.0,2.0,1.0,1.0,1.0,0.02,2.0,0.3,3.5,0.0,deGFP,1.0,2026-03-09,ext,M,GFP-M-Gext,0.000493109026860736
0 days 03:10:23,37.0,I8,4778,I,8,GFP-M-Gext,1,2026-03-09 15:41:39,Cytation5,20260309-round1,5,Sample,2.996187423,0.0,2000.000003,1.833326026,1.799999951,10,4.969,0.0,140.0,50.0,0.0,0.0,2.0,2.0,1.0,1.0,1.0,0.02,2.0,0.3,3.5,0.0,deGFP,1.0,2026-03-09,ext,M,GFP-M-Gext,0.0005027902113402895
0 days 03:15:23,37.0,I8,4817,I,8,GFP-M-Gext,1,2026-03-09 15:46:39,Cytation5,20260309-round1,5,Sample,2.996187423,0.0,2000.000003,1.833326026,1.799999951,10,4.969,0.0,140.0,50.0,0.0,0.0,2.0,2.0,1.0,1.0,1.0,0.02,2.0,0.3,3.5,0.0,deGFP,1.0,2026-03-09,ext,M,GFP-M-Gext,0.0005068941917174915
0 days 03:20:23,37.0,I8,4719,I,8,GFP-M-Gext,1,2026-03-09 15:51:39,Cytation5,20260309-round1,5,Sample,2.996187423,0.0,2000.000003,1.833326026,1.799999951,10,4.969,0.0,140.0,50.0,0.0,0.0,2.0,2.0,1.0,1.0,1.0,0.02,2.0,0.3,3.5,0.0,deGFP,1.0,2026-03-09,ext,M,GFP-M-Gext,0.0004965816256414454
0 days 03:25:23,37.0,I8,4744,I,8,GFP-M-Gext,1,2026-03-09 15:56:39,Cytation5,20260309-round1,5,Sample,2.996187423,0.0,2000.000003,1.833326026,1.799999951,10,4.969,0.0,140.0,50.0,0.0,0.0,2.0,2.0,1.0,1.0,1.0,0.02,2.0,0.3,3.5,0.0,deGFP,1.0,2026-03-09,ext,M,GFP-M-Gext,0.000499212382293498
0 days 03:30:23,37.0,I8,4751,I,8,GFP-M-Gext,1,2026-03-09 16:01:39,Cytation5,20260309-round1,5,Sample,2.996187423,0.0,2000.000003,1.833326026,1.799999951,10,4.969,0.0,140.0,50.0,0.0,0.0,2.0,2.0,1.0,1.0,1.0,0.02,2.0,0.3,3.5,0.0,deGFP,1.0,2026-03-09,ext,M,GFP-M-Gext,0.0004999489941560727
0 days 03:35:23,37.0,I8,4824,I,8,GFP-M-Gext,1,2026-03-09 16:06:39,Cytation5,20260309-round1,5,Sample,2.996187423,0.0,2000.000003,1.833326026,1.799999951,10,4.969,0.0,140.0,50.0,0.0,0.0,2.0,2.0,1.0,1.0,1.0,0.02,2.0,0.3,3.5,0.0,deGFP,1.0,2026-03-09,ext,M,GFP-M-Gext,0.0005076308035800662
0 days 03:40:23,37.1,I8,4719,I,8,GFP-M-Gext,1,2026-03-09 16:11:39,Cytation5,20260309-round1,5,Sample,2.996187423,0.0,2000.000003,1.833326026,1.799999951,10,4.969,0.0,140.0,50.0,0.0,0.0,2.0,2.0,1.0,1.0,1.0,0.02,2.0,0.3,3.5,0.0,deGFP,1.0,2026-03-09,ext,M,GFP-M-Gext,0.0004965816256414454
0 days 03:45:23,37.0,I8,4761,I,8,GFP-M-Gext,1,2026-03-09 16:16:39,Cytation5,20260309-round1,5,Sample,2.996187423,0.0,2000.000003,1.833326026,1.799999951,10,4.969,0.0,140.0,50.0,0.0,0.0,2.0,2.0,1.0,1.0,1.0,0.02,2.0,0.3,3.5,0.0,deGFP,1.0,2026-03-09,ext,M,GFP-M-Gext,0.0005010012968168937
0 days 03:50:23,37.0,I8,4815,I,8,GFP-M-Gext,1,2026-03-09 16:21:39,Cytation5,20260309-round1,5,Sample,2.996187423,0.0,2000.000003,1.833326026,1.799999951,10,4.969,0.0,140.0,50.0,0.0,0.0,2.0,2.0,1.0,1.0,1.0,0.02,2.0,0.3,3.5,0.0,deGFP,1.0,2026-03-09,ext,M,GFP-M-Gext,0.0005066837311853273
0 days 03:55:23,37.0,I8,4731,I,8,GFP-M-Gext,1,2026-03-09 16:26:39,Cytation5,20260309-round1,5,Sample,2.996187423,0.0,2000.000003,1.833326026,1.799999951,10,4.969,0.0,140.0,50.0,0.0,0.0,2.0,2.0,1.0,1.0,1.0,0.02,2.0,0.3,3.5,0.0,deGFP,1.0,2026-03-09,ext,M,GFP-M-Gext,0.0004978443888344307
0 days 04:00:23,37.0,I8,4763,I,8,GFP-M-Gext,1,2026-03-09 16:31:39,Cytation5,20260309-round1,5,Sample,2.996187423,0.0,2000.000003,1.833326026,1.799999951,10,4.969,0.0,140.0,50.0,0.0,0.0,2.0,2.0,1.0,1.0,1.0,0.02,2.0,0.3,3.5,0.0,deGFP,1.0,2026-03-09,ext,M,GFP-M-Gext,0.0005012117573490579
0 days 04:05:23,37.1,I8,4833,I,8,GFP-M-Gext,1,2026-03-09 16:36:39,Cytation5,20260309-round1,5,Sample,2.996187423,0.0,2000.000003,1.833326026,1.799999951,10,4.969,0.0,140.0,50.0,0.0,0.0,2.0,2.0,1.0,1.0,1.0,0.02,2.0,0.3,3.5,0.0,deGFP,1.0,2026-03-09,ext,M,GFP-M-Gext,0.0005085778759748051
0 days 04:10:23,37.1,I8,4816,I,8,GFP-M-Gext,1,2026-03-09 16:41:39,Cytation5,20260309-round1,5,Sample,2.996187423,0.0,2000.000003,1.833326026,1.799999951,10,4.969,0.0,140.0,50.0,0.0,0.0,2.0,2.0,1.0,1.0,1.0,0.02,2.0,0.3,3.5,0.0,deGFP,1.0,2026-03-09,ext,M,GFP-M-Gext,0.0005067889614514095
0 days 04:15:23,37.0,I8,4877,I,8,GFP-M-Gext,1,2026-03-09 16:46:39,Cytation5,20260309-round1,5,Sample,2.996187423,0.0,2000.000003,1.833326026,1.799999951,10,4.969,0.0,140.0,50.0,0.0,0.0,2.0,2.0,1.0,1.0,1.0,0.02,2.0,0.3,3.5,0.0,deGFP,1.0,2026-03-09,ext,M,GFP-M-Gext,0.0005132080076824178
0 days 04:20:23,37.0,I8,4909,I,8,GFP-M-Gext,1,2026-03-09 16:51:39,Cytation5,20260309-round1,5,Sample,2.996187423,0.0,2000.000003,1.833326026,1.799999951,10,4.969,0.0,140.0,50.0,0.0,0.0,2.0,2.0,1.0,1.0,1.0,0.02,2.0,0.3,3.5,0.0,deGFP,1.0,2026-03-09,ext,M,GFP-M-Gext,0.000516575376197045
0 days 04:25:23,37.0,I8,4903,I,8,GFP-M-Gext,1,2026-03-09 16:56:39,Cytation5,20260309-round1,5,Sample,2.996187423,0.0,2000.000003,1.833326026,1.799999951,10,4.969,0.0,140.0,50.0,0.0,0.0,2.0,2.0,1.0,1.0,1.0,0.02,2.0,0.3,3.5,0.0,deGFP,1.0,2026-03-09,ext,M,GFP-M-Gext,0.0005159439946005525
0 days 04:30:23,37.1,I8,4867,I,8,GFP-M-Gext,1,2026-03-09 17:01:39,Cytation5,20260309-round1,5,Sample,2.996187423,0.0,2000.000003,1.833326026,1.799999951,10,4.969,0.0,140.0,50.0,0.0,0.0,2.0,2.0,1.0,1.0,1.0,0.02,2.0,0.3,3.5,0.0,deGFP,1.0,2026-03-09,ext,M,GFP-M-Gext,0.0005121557050215967
0 days 04:35:23,37.0,I8,5098,I,8,GFP-M-Gext,1,2026-03-09 17:06:39,Cytation5,20260309-round1,5,Sample,2.996187423,0.0,2000.000003,1.833326026,1.799999951,10,4.969,0.0,140.0,50.0,0.0,0.0,2.0,2.0,1.0,1.0,1.0,0.02,2.0,0.3,3.5,0.0,deGFP,1.0,2026-03-09,ext,M,GFP-M-Gext,0.0005364638964865625
0 days 04:40:23,37.0,I8,4887,I,8,GFP-M-Gext,1,2026-03-09 17:11:39,Cytation5,20260309-round1,5,Sample,2.996187423,0.0,2000.000003,1.833326026,1.799999951,10,4.969,0.0,140.0,50.0,0.0,0.0,2.0,2.0,1.0,1.0,1.0,0.02,2.0,0.3,3.5,0.0,deGFP,1.0,2026-03-09,ext,M,GFP-M-Gext,0.0005142603103432387
0 days 04:45:23,37.0,I8,5004,I,8,GFP-M-Gext,1,2026-03-09 17:16:39,Cytation5,20260309-round1,5,Sample,2.996187423,0.0,2000.000003,1.833326026,1.799999951,10,4.969,0.0,140.0,50.0,0.0,0.0,2.0,2.0,1.0,1.0,1.0,0.02,2.0,0.3,3.5,0.0,deGFP,1.0,2026-03-09,ext,M,GFP-M-Gext,0.0005265722514748449
0 days 04:50:23,37.1,I8,4997,I,8,GFP-M-Gext,1,2026-03-09 17:21:39,Cytation5,20260309-round1,5,Sample,2.996187423,0.0,2000.000003,1.833326026,1.799999951,10,4.969,0.0,140.0,50.0,0.0,0.0,2.0,2.0,1.0,1.0,1.0,0.02,2.0,0.3,3.5,0.0,deGFP,1.0,2026-03-09,ext,M,GFP-M-Gext,0.0005258356396122702
0 days 04:55:23,37.1,I8,5036,I,8,GFP-M-Gext,1,2026-03-09 17:26:39,Cytation5,20260309-round1,5,Sample,2.996187423,0.0,2000.000003,1.833326026,1.799999951,10,4.969,0.0,140.0,50.0,0.0,0.0,2.0,2.0,1.0,1.0,1.0,0.02,2.0,0.3,3.5,0.0,deGFP,1.0,2026-03-09,ext,M,GFP-M-Gext,0.0005299396199894722
0 days 05:00:23,37.1,I8,5087,I,8,GFP-M-Gext,1,2026-03-09 17:31:39,Cytation5,20260309-round1,5,Sample,2.996187423,0.0,2000.000003,1.833326026,1.799999951,10,4.969,0.0,140.0,50.0,0.0,0.0,2.0,2.0,1.0,1.0,1.0,0.02,2.0,0.3,3.5,0.0,deGFP,1.0,2026-03-09,ext,M,GFP-M-Gext,0.0005353063635596594
0 days 05:05:23,37.0,I8,4978,I,8,GFP-M-Gext,1,2026-03-09 17:36:39,Cytation5,20260309-round1,5,Sample,2.996187423,0.0,2000.000003,1.833326026,1.799999951,10,4.969,0.0,140.0,50.0,0.0,0.0,2.0,2.0,1.0,1.0,1.0,0.02,2.0,0.3,3.5,0.0,deGFP,1.0,2026-03-09,ext,M,GFP-M-Gext,0.0005238362645567102
0 days 05:10:23,37.0,I8,4890,I,8,GFP-M-Gext,1,2026-03-09 17:41:39,Cytation5,20260309-round1,5,Sample,2.996187423,0.0,2000.000003,1.833326026,1.799999951,10,4.969,0.0,140.0,50.0,0.0,0.0,2.0,2.0,1.0,1.0,1.0,0.02,2.0,0.3,3.5,0.0,deGFP,1.0,2026-03-09,ext,M,GFP-M-Gext,0.0005145760011414851
0 days 05:15:23,37.0,I8,4966,I,8,GFP-M-Gext,1,2026-03-09 17:46:39,Cytation5,20260309-round1,5,Sample,2.996187423,0.0,2000.000003,1.833326026,1.799999951,10,4.969,0.0,140.0,50.0,0.0,0.0,2.0,2.0,1.0,1.0,1.0,0.02,2.0,0.3,3.5,0.0,deGFP,1.0,2026-03-09,ext,M,GFP-M-Gext,0.0005225735013637249
0 days 05:20:23,37.0,I8,5003,I,8,GFP-M-Gext,1,2026-03-09 17:51:39,Cytation5,20260309-round1,5,Sample,2.996187423,0.0,2000.000003,1.833326026,1.799999951,10,4.969,0.0,140.0,50.0,0.0,0.0,2.0,2.0,1.0,1.0,1.0,0.02,2.0,0.3,3.5,0.0,deGFP,1.0,2026-03-09,ext,M,GFP-M-Gext,0.0005264670212087627
0 days 05:25:23,37.1,I8,5009,I,8,GFP-M-Gext,1,2026-03-09 17:56:39,Cytation5,20260309-round1,5,Sample,2.996187423,0.0,2000.000003,1.833326026,1.799999951,10,4.969,0.0,140.0,50.0,0.0,0.0,2.0,2.0,1.0,1.0,1.0,0.02,2.0,0.3,3.5,0.0,deGFP,1.0,2026-03-09,ext,M,GFP-M-Gext,0.0005270984028052553
0 days 05:30:23,37.1,I8,5092,I,8,GFP-M-Gext,1,2026-03-09 18:01:39,Cytation5,20260309-round1,5,Sample,2.996187423,0.0,2000.000003,1.833326026,1.799999951,10,4.969,0.0,140.0,50.0,0.0,0.0,2.0,2.0,1.0,1.0,1.0,0.02,2.0,0.3,3.5,0.0,deGFP,1.0,2026-03-09,ext,M,GFP-M-Gext,0.0005358325148900699
0 days 05:35:23,37.1,I8,4971,I,8,GFP-M-Gext,1,2026-03-09 18:06:39,Cytation5,20260309-round1,5,Sample,2.996187423,0.0,2000.000003,1.833326026,1.799999951,10,4.969,0.0,140.0,50.0,0.0,0.0,2.0,2.0,1.0,1.0,1.0,0.02,2.0,0.3,3.5,0.0,deGFP,1.0,2026-03-09,ext,M,GFP-M-Gext,0.0005230996526941355
0 days 05:40:23,37.0,I8,5139,I,8,GFP-M-Gext,1,2026-03-09 18:11:39,Cytation5,20260309-round1,5,Sample,2.996187423,0.0,2000.000003,1.833326026,1.799999951,10,4.969,0.0,140.0,50.0,0.0,0.0,2.0,2.0,1.0,1.0,1.0,0.02,2.0,0.3,3.5,0.0,deGFP,1.0,2026-03-09,ext,M,GFP-M-Gext,0.0005407783373959288
0 days 05:45:23,37.0,I8,5142,I,8,GFP-M-Gext,1,2026-03-09 18:16:39,Cytation5,20260309-round1,5,Sample,2.996187423,0.0,2000.000003,1.833326026,1.799999951,10,4.969,0.0,140.0,50.0,0.0,0.0,2.0,2.0,1.0,1.0,1.0,0.02,2.0,0.3,3.5,0.0,deGFP,1.0,2026-03-09,ext,M,GFP-M-Gext,0.0005410940281941751
0 days 05:50:23,37.0,I8,5092,I,8,GFP-M-Gext,1,2026-03-09 18:21:39,Cytation5,20260309-round1,5,Sample,2.996187423,0.0,2000.000003,1.833326026,1.799999951,10,4.969,0.0,140.0,50.0,0.0,0.0,2.0,2.0,1.0,1.0,1.0,0.02,2.0,0.3,3.5,0.0,deGFP,1.0,2026-03-09,ext,M,GFP-M-Gext,0.0005358325148900699
0 days 05:55:23,37.0,I8,5129,I,8,GFP-M-Gext,1,2026-03-09 18:26:39,Cytation5,20260309-round1,5,Sample,2.996187423,0.0,2000.000003,1.833326026,1.799999951,10,4.969,0.0,140.0,50.0,0.0,0.0,2.0,2.0,1.0,1.0,1.0,0.02,2.0,0.3,3.5,0.0,deGFP,1.0,2026-03-09,ext,M,GFP-M-Gext,0.0005397260347351077
0 days 06:00:23,37.1,I8,4974,I,8,GFP-M-Gext,1,2026-03-09 18:31:39,Cytation5,20260309-round1,5,Sample,2.996187423,0.0,2000.000003,1.833326026,1.799999951,10,4.969,0.0,140.0,50.0,0.0,0.0,2.0,2.0,1.0,1.0,1.0,0.02,2.0,0.3,3.5,0.0,deGFP,1.0,2026-03-09,ext,M,GFP-M-Gext,0.0005234153434923817
0 days 00:00:23,28.9,I9,282,I,9,GFP-M-Gext,1,2026-03-09 12:31:39,Cytation5,20260309-round1,11,Sample,19.99999901,0.0,2000.000003,1.529999978,1.799999951,10,4.969,0.0,140.0,50.0,0.0,0.0,2.0,2.0,1.0,1.0,1.0,0.02,2.0,0.3,3.5,0.0,deGFP,1.0,2026-03-09,ext,M,GFP-M-Gext,2.9674935035153126e-05
0 days 00:05:23,34.5,I9,256,I,9,GFP-M-Gext,1,2026-03-09 12:36:39,Cytation5,20260309-round1,11,Sample,19.99999901,0.0,2000.000003,1.529999978,1.799999951,10,4.969,0.0,140.0,50.0,0.0,0.0,2.0,2.0,1.0,1.0,1.0,0.02,2.0,0.3,3.5,0.0,deGFP,1.0,2026-03-09,ext,M,GFP-M-Gext,2.693894811701844e-05
0 days 00:10:23,37.0,I9,303,I,9,GFP-M-Gext,1,2026-03-09 12:41:39,Cytation5,20260309-round1,11,Sample,19.99999901,0.0,2000.000003,1.529999978,1.799999951,10,4.969,0.0,140.0,50.0,0.0,0.0,2.0,2.0,1.0,1.0,1.0,0.02,2.0,0.3,3.5,0.0,deGFP,1.0,2026-03-09,ext,M,GFP-M-Gext,3.1884770622877294e-05
0 days 00:15:23,37.0,I9,413,I,9,GFP-M-Gext,1,2026-03-09 12:46:39,Cytation5,20260309-round1,11,Sample,19.99999901,0.0,2000.000003,1.529999978,1.799999951,10,4.969,0.0,140.0,50.0,0.0,0.0,2.0,2.0,1.0,1.0,1.0,0.02,2.0,0.3,3.5,0.0,deGFP,1.0,2026-03-09,ext,M,GFP-M-Gext,4.3460099891908656e-05
0 days 00:20:23,37.0,I9,699,I,9,GFP-M-Gext,1,2026-03-09 12:51:39,Cytation5,20260309-round1,11,Sample,19.99999901,0.0,2000.000003,1.529999978,1.799999951,10,4.969,0.0,140.0,50.0,0.0,0.0,2.0,2.0,1.0,1.0,1.0,0.02,2.0,0.3,3.5,0.0,deGFP,1.0,2026-03-09,ext,M,GFP-M-Gext,7.35559559913902e-05
0 days 00:25:23,37.0,I9,961,I,9,GFP-M-Gext,1,2026-03-09 12:56:39,Cytation5,20260309-round1,11,Sample,19.99999901,0.0,2000.000003,1.529999978,1.799999951,10,4.969,0.0,140.0,50.0,0.0,0.0,2.0,2.0,1.0,1.0,1.0,0.02,2.0,0.3,3.5,0.0,deGFP,1.0,2026-03-09,ext,M,GFP-M-Gext,0.00010112628570490126
0 days 00:30:23,37.0,I9,1261,I,9,GFP-M-Gext,1,2026-03-09 13:01:39,Cytation5,20260309-round1,11,Sample,19.99999901,0.0,2000.000003,1.529999978,1.799999951,10,4.969,0.0,140.0,50.0,0.0,0.0,2.0,2.0,1.0,1.0,1.0,0.02,2.0,0.3,3.5,0.0,deGFP,1.0,2026-03-09,ext,M,GFP-M-Gext,0.00013269536552953224
0 days 00:35:23,37.0,I9,1513,I,9,GFP-M-Gext,1,2026-03-09 13:06:39,Cytation5,20260309-round1,11,Sample,19.99999901,0.0,2000.000003,1.529999978,1.799999951,10,4.969,0.0,140.0,50.0,0.0,0.0,2.0,2.0,1.0,1.0,1.0,0.02,2.0,0.3,3.5,0.0,deGFP,1.0,2026-03-09,ext,M,GFP-M-Gext,0.00015921339258222227
0 days 00:40:23,37.0,I9,1664,I,9,GFP-M-Gext,1,2026-03-09 13:11:39,Cytation5,20260309-round1,11,Sample,19.99999901,0.0,2000.000003,1.529999978,1.799999951,10,4.969,0.0,140.0,50.0,0.0,0.0,2.0,2.0,1.0,1.0,1.0,0.02,2.0,0.3,3.5,0.0,deGFP,1.0,2026-03-09,ext,M,GFP-M-Gext,0.00017510316276061986
0 days 00:45:23,37.1,I9,1861,I,9,GFP-M-Gext,1,2026-03-09 13:16:39,Cytation5,20260309-round1,11,Sample,19.99999901,0.0,2000.000003,1.529999978,1.799999951,10,4.969,0.0,140.0,50.0,0.0,0.0,2.0,2.0,1.0,1.0,1.0,0.02,2.0,0.3,3.5,0.0,deGFP,1.0,2026-03-09,ext,M,GFP-M-Gext,0.00019583352517879422
0 days 00:50:23,37.0,I9,1891,I,9,GFP-M-Gext,1,2026-03-09 13:21:39,Cytation5,20260309-round1,11,Sample,19.99999901,0.0,2000.000003,1.529999978,1.799999951,10,4.969,0.0,140.0,50.0,0.0,0.0,2.0,2.0,1.0,1.0,1.0,0.02,2.0,0.3,3.5,0.0,deGFP,1.0,2026-03-09,ext,M,GFP-M-Gext,0.00019899043316125731
0 days 00:55:23,37.0,I9,2051,I,9,GFP-M-Gext,1,2026-03-09 13:26:39,Cytation5,20260309-round1,11,Sample,19.99999901,0.0,2000.000003,1.529999978,1.799999951,10,4.969,0.0,140.0,50.0,0.0,0.0,2.0,2.0,1.0,1.0,1.0,0.02,2.0,0.3,3.5,0.0,deGFP,1.0,2026-03-09,ext,M,GFP-M-Gext,0.00021582727573439385
0 days 01:00:23,37.0,I9,2062,I,9,GFP-M-Gext,1,2026-03-09 13:31:39,Cytation5,20260309-round1,11,Sample,19.99999901,0.0,2000.000003,1.529999978,1.799999951,10,4.969,0.0,140.0,50.0,0.0,0.0,2.0,2.0,1.0,1.0,1.0,0.02,2.0,0.3,3.5,0.0,deGFP,1.0,2026-03-09,ext,M,GFP-M-Gext,0.00021698480866129698
0 days 01:05:23,37.0,I9,2138,I,9,GFP-M-Gext,1,2026-03-09 13:36:39,Cytation5,20260309-round1,11,Sample,19.99999901,0.0,2000.000003,1.529999978,1.799999951,10,4.969,0.0,140.0,50.0,0.0,0.0,2.0,2.0,1.0,1.0,1.0,0.02,2.0,0.3,3.5,0.0,deGFP,1.0,2026-03-09,ext,M,GFP-M-Gext,0.00022498230888353684
0 days 01:10:23,37.0,I9,2186,I,9,GFP-M-Gext,1,2026-03-09 13:41:39,Cytation5,20260309-round1,11,Sample,19.99999901,0.0,2000.000003,1.529999978,1.799999951,10,4.969,0.0,140.0,50.0,0.0,0.0,2.0,2.0,1.0,1.0,1.0,0.02,2.0,0.3,3.5,0.0,deGFP,1.0,2026-03-09,ext,M,GFP-M-Gext,0.0002300333616554778
0 days 01:15:23,37.1,I9,2192,I,9,GFP-M-Gext,1,2026-03-09 13:46:39,Cytation5,20260309-round1,11,Sample,19.99999901,0.0,2000.000003,1.529999978,1.799999951,10,4.969,0.0,140.0,50.0,0.0,0.0,2.0,2.0,1.0,1.0,1.0,0.02,2.0,0.3,3.5,0.0,deGFP,1.0,2026-03-09,ext,M,GFP-M-Gext,0.0002306647432519704
0 days 01:20:23,37.0,I9,2354,I,9,GFP-M-Gext,1,2026-03-09 13:51:39,Cytation5,20260309-round1,11,Sample,19.99999901,0.0,2000.000003,1.529999978,1.799999951,10,4.969,0.0,140.0,50.0,0.0,0.0,2.0,2.0,1.0,1.0,1.0,0.02,2.0,0.3,3.5,0.0,deGFP,1.0,2026-03-09,ext,M,GFP-M-Gext,0.00024771204635727113
0 days 01:25:23,37.0,I9,2274,I,9,GFP-M-Gext,1,2026-03-09 13:56:39,Cytation5,20260309-round1,11,Sample,19.99999901,0.0,2000.000003,1.529999978,1.799999951,10,4.969,0.0,140.0,50.0,0.0,0.0,2.0,2.0,1.0,1.0,1.0,0.02,2.0,0.3,3.5,0.0,deGFP,1.0,2026-03-09,ext,M,GFP-M-Gext,0.00023929362507070287
0 days 01:30:23,37.0,I9,2288,I,9,GFP-M-Gext,1,2026-03-09 14:01:39,Cytation5,20260309-round1,11,Sample,19.99999901,0.0,2000.000003,1.529999978,1.799999951,10,4.969,0.0,140.0,50.0,0.0,0.0,2.0,2.0,1.0,1.0,1.0,0.02,2.0,0.3,3.5,0.0,deGFP,1.0,2026-03-09,ext,M,GFP-M-Gext,0.00024076684879585232
0 days 01:35:23,37.0,I9,2301,I,9,GFP-M-Gext,1,2026-03-09 14:06:39,Cytation5,20260309-round1,11,Sample,19.99999901,0.0,2000.000003,1.529999978,1.799999951,10,4.969,0.0,140.0,50.0,0.0,0.0,2.0,2.0,1.0,1.0,1.0,0.02,2.0,0.3,3.5,0.0,deGFP,1.0,2026-03-09,ext,M,GFP-M-Gext,0.00024213484225491967
0 days 01:40:23,37.0,I9,2298,I,9,GFP-M-Gext,1,2026-03-09 14:11:39,Cytation5,20260309-round1,11,Sample,19.99999901,0.0,2000.000003,1.529999978,1.799999951,10,4.969,0.0,140.0,50.0,0.0,0.0,2.0,2.0,1.0,1.0,1.0,0.02,2.0,0.3,3.5,0.0,deGFP,1.0,2026-03-09,ext,M,GFP-M-Gext,0.00024181915145667334
0 days 01:45:23,37.0,I9,2296,I,9,GFP-M-Gext,1,2026-03-09 14:16:39,Cytation5,20260309-round1,11,Sample,19.99999901,0.0,2000.000003,1.529999978,1.799999951,10,4.969,0.0,140.0,50.0,0.0,0.0,2.0,2.0,1.0,1.0,1.0,0.02,2.0,0.3,3.5,0.0,deGFP,1.0,2026-03-09,ext,M,GFP-M-Gext,0.00024160869092450916
0 days 01:50:23,37.0,I9,2390,I,9,GFP-M-Gext,1,2026-03-09 14:21:39,Cytation5,20260309-round1,11,Sample,19.99999901,0.0,2000.000003,1.529999978,1.799999951,10,4.969,0.0,140.0,50.0,0.0,0.0,2.0,2.0,1.0,1.0,1.0,0.02,2.0,0.3,3.5,0.0,deGFP,1.0,2026-03-09,ext,M,GFP-M-Gext,0.00025150033593622685
0 days 01:55:23,37.1,I9,2330,I,9,GFP-M-Gext,1,2026-03-09 14:26:39,Cytation5,20260309-round1,11,Sample,19.99999901,0.0,2000.000003,1.529999978,1.799999951,10,4.969,0.0,140.0,50.0,0.0,0.0,2.0,2.0,1.0,1.0,1.0,0.02,2.0,0.3,3.5,0.0,deGFP,1.0,2026-03-09,ext,M,GFP-M-Gext,0.00024518651997130066
0 days 02:00:23,37.0,I9,2295,I,9,GFP-M-Gext,1,2026-03-09 14:31:39,Cytation5,20260309-round1,11,Sample,19.99999901,0.0,2000.000003,1.529999978,1.799999951,10,4.969,0.0,140.0,50.0,0.0,0.0,2.0,2.0,1.0,1.0,1.0,0.02,2.0,0.3,3.5,0.0,deGFP,1.0,2026-03-09,ext,M,GFP-M-Gext,0.00024150346065842705
0 days 02:05:23,37.0,I9,2320,I,9,GFP-M-Gext,1,2026-03-09 14:36:39,Cytation5,20260309-round1,11,Sample,19.99999901,0.0,2000.000003,1.529999978,1.799999951,10,4.969,0.0,140.0,50.0,0.0,0.0,2.0,2.0,1.0,1.0,1.0,0.02,2.0,0.3,3.5,0.0,deGFP,1.0,2026-03-09,ext,M,GFP-M-Gext,0.00024413421731047963
0 days 02:10:23,37.1,I9,2309,I,9,GFP-M-Gext,1,2026-03-09 14:41:39,Cytation5,20260309-round1,11,Sample,19.99999901,0.0,2000.000003,1.529999978,1.799999951,10,4.969,0.0,140.0,50.0,0.0,0.0,2.0,2.0,1.0,1.0,1.0,0.02,2.0,0.3,3.5,0.0,deGFP,1.0,2026-03-09,ext,M,GFP-M-Gext,0.0002429766843835765
0 days 02:15:23,37.1,I9,2394,I,9,GFP-M-Gext,1,2026-03-09 14:46:39,Cytation5,20260309-round1,11,Sample,19.99999901,0.0,2000.000003,1.529999978,1.799999951,10,4.969,0.0,140.0,50.0,0.0,0.0,2.0,2.0,1.0,1.0,1.0,0.02,2.0,0.3,3.5,0.0,deGFP,1.0,2026-03-09,ext,M,GFP-M-Gext,0.0002519212570005553
0 days 02:20:23,37.0,I9,2313,I,9,GFP-M-Gext,1,2026-03-09 14:51:39,Cytation5,20260309-round1,11,Sample,19.99999901,0.0,2000.000003,1.529999978,1.799999951,10,4.969,0.0,140.0,50.0,0.0,0.0,2.0,2.0,1.0,1.0,1.0,0.02,2.0,0.3,3.5,0.0,deGFP,1.0,2026-03-09,ext,M,GFP-M-Gext,0.0002433976054479049
0 days 02:25:23,37.0,I9,2353,I,9,GFP-M-Gext,1,2026-03-09 14:56:39,Cytation5,20260309-round1,11,Sample,19.99999901,0.0,2000.000003,1.529999978,1.799999951,10,4.969,0.0,140.0,50.0,0.0,0.0,2.0,2.0,1.0,1.0,1.0,0.02,2.0,0.3,3.5,0.0,deGFP,1.0,2026-03-09,ext,M,GFP-M-Gext,0.000247606816091189
0 days 02:30:23,37.0,I9,2353,I,9,GFP-M-Gext,1,2026-03-09 15:01:39,Cytation5,20260309-round1,11,Sample,19.99999901,0.0,2000.000003,1.529999978,1.799999951,10,4.969,0.0,140.0,50.0,0.0,0.0,2.0,2.0,1.0,1.0,1.0,0.02,2.0,0.3,3.5,0.0,deGFP,1.0,2026-03-09,ext,M,GFP-M-Gext,0.000247606816091189
0 days 02:35:23,37.0,I9,2402,I,9,GFP-M-Gext,1,2026-03-09 15:06:39,Cytation5,20260309-round1,11,Sample,19.99999901,0.0,2000.000003,1.529999978,1.799999951,10,4.969,0.0,140.0,50.0,0.0,0.0,2.0,2.0,1.0,1.0,1.0,0.02,2.0,0.3,3.5,0.0,deGFP,1.0,2026-03-09,ext,M,GFP-M-Gext,0.0002527630991292121
0 days 02:40:23,37.0,I9,2382,I,9,GFP-M-Gext,1,2026-03-09 15:11:39,Cytation5,20260309-round1,11,Sample,19.99999901,0.0,2000.000003,1.529999978,1.799999951,10,4.969,0.0,140.0,50.0,0.0,0.0,2.0,2.0,1.0,1.0,1.0,0.02,2.0,0.3,3.5,0.0,deGFP,1.0,2026-03-09,ext,M,GFP-M-Gext,0.00025065849380757004
0 days 02:45:23,37.0,I9,2382,I,9,GFP-M-Gext,1,2026-03-09 15:16:39,Cytation5,20260309-round1,11,Sample,19.99999901,0.0,2000.000003,1.529999978,1.799999951,10,4.969,0.0,140.0,50.0,0.0,0.0,2.0,2.0,1.0,1.0,1.0,0.02,2.0,0.3,3.5,0.0,deGFP,1.0,2026-03-09,ext,M,GFP-M-Gext,0.00025065849380757004
0 days 02:50:23,37.0,I9,2399,I,9,GFP-M-Gext,1,2026-03-09 15:21:39,Cytation5,20260309-round1,11,Sample,19.99999901,0.0,2000.000003,1.529999978,1.799999951,10,4.969,0.0,140.0,50.0,0.0,0.0,2.0,2.0,1.0,1.0,1.0,0.02,2.0,0.3,3.5,0.0,deGFP,1.0,2026-03-09,ext,M,GFP-M-Gext,0.00025244740833096576
0 days 02:55:23,37.0,I9,2396,I,9,GFP-M-Gext,1,2026-03-09 15:26:39,Cytation5,20260309-round1,11,Sample,19.99999901,0.0,2000.000003,1.529999978,1.799999951,10,4.969,0.0,140.0,50.0,0.0,0.0,2.0,2.0,1.0,1.0,1.0,0.02,2.0,0.3,3.5,0.0,deGFP,1.0,2026-03-09,ext,M,GFP-M-Gext,0.0002521317175327195
0 days 03:00:23,36.9,I9,2376,I,9,GFP-M-Gext,1,2026-03-09 15:31:39,Cytation5,20260309-round1,11,Sample,19.99999901,0.0,2000.000003,1.529999978,1.799999951,10,4.969,0.0,140.0,50.0,0.0,0.0,2.0,2.0,1.0,1.0,1.0,0.02,2.0,0.3,3.5,0.0,deGFP,1.0,2026-03-09,ext,M,GFP-M-Gext,0.0002500271122110774
0 days 03:05:23,37.0,I9,2341,I,9,GFP-M-Gext,1,2026-03-09 15:36:39,Cytation5,20260309-round1,11,Sample,19.99999901,0.0,2000.000003,1.529999978,1.799999951,10,4.969,0.0,140.0,50.0,0.0,0.0,2.0,2.0,1.0,1.0,1.0,0.02,2.0,0.3,3.5,0.0,deGFP,1.0,2026-03-09,ext,M,GFP-M-Gext,0.0002463440528982038
0 days 03:10:23,37.0,I9,2425,I,9,GFP-M-Gext,1,2026-03-09 15:41:39,Cytation5,20260309-round1,11,Sample,19.99999901,0.0,2000.000003,1.529999978,1.799999951,10,4.969,0.0,140.0,50.0,0.0,0.0,2.0,2.0,1.0,1.0,1.0,0.02,2.0,0.3,3.5,0.0,deGFP,1.0,2026-03-09,ext,M,GFP-M-Gext,0.00025518339524910046
0 days 03:15:23,37.0,I9,2399,I,9,GFP-M-Gext,1,2026-03-09 15:46:39,Cytation5,20260309-round1,11,Sample,19.99999901,0.0,2000.000003,1.529999978,1.799999951,10,4.969,0.0,140.0,50.0,0.0,0.0,2.0,2.0,1.0,1.0,1.0,0.02,2.0,0.3,3.5,0.0,deGFP,1.0,2026-03-09,ext,M,GFP-M-Gext,0.00025244740833096576
0 days 03:20:23,37.0,I9,2448,I,9,GFP-M-Gext,1,2026-03-09 15:51:39,Cytation5,20260309-round1,11,Sample,19.99999901,0.0,2000.000003,1.529999978,1.799999951,10,4.969,0.0,140.0,50.0,0.0,0.0,2.0,2.0,1.0,1.0,1.0,0.02,2.0,0.3,3.5,0.0,deGFP,1.0,2026-03-09,ext,M,GFP-M-Gext,0.0002576036913689888
0 days 03:25:23,37.0,I9,2503,I,9,GFP-M-Gext,1,2026-03-09 15:56:39,Cytation5,20260309-round1,11,Sample,19.99999901,0.0,2000.000003,1.529999978,1.799999951,10,4.969,0.0,140.0,50.0,0.0,0.0,2.0,2.0,1.0,1.0,1.0,0.02,2.0,0.3,3.5,0.0,deGFP,1.0,2026-03-09,ext,M,GFP-M-Gext,0.00026339135600350453
0 days 03:30:23,37.0,I9,2379,I,9,GFP-M-Gext,1,2026-03-09 16:01:39,Cytation5,20260309-round1,11,Sample,19.99999901,0.0,2000.000003,1.529999978,1.799999951,10,4.969,0.0,140.0,50.0,0.0,0.0,2.0,2.0,1.0,1.0,1.0,0.02,2.0,0.3,3.5,0.0,deGFP,1.0,2026-03-09,ext,M,GFP-M-Gext,0.0002503428030093237
0 days 03:35:23,37.0,I9,2466,I,9,GFP-M-Gext,1,2026-03-09 16:06:39,Cytation5,20260309-round1,11,Sample,19.99999901,0.0,2000.000003,1.529999978,1.799999951,10,4.969,0.0,140.0,50.0,0.0,0.0,2.0,2.0,1.0,1.0,1.0,0.02,2.0,0.3,3.5,0.0,deGFP,1.0,2026-03-09,ext,M,GFP-M-Gext,0.0002594978361584667
0 days 03:40:23,37.1,I9,2430,I,9,GFP-M-Gext,1,2026-03-09 16:11:39,Cytation5,20260309-round1,11,Sample,19.99999901,0.0,2000.000003,1.529999978,1.799999951,10,4.969,0.0,140.0,50.0,0.0,0.0,2.0,2.0,1.0,1.0,1.0,0.02,2.0,0.3,3.5,0.0,deGFP,1.0,2026-03-09,ext,M,GFP-M-Gext,0.000255709546579511
0 days 03:45:23,37.0,I9,2463,I,9,GFP-M-Gext,1,2026-03-09 16:16:39,Cytation5,20260309-round1,11,Sample,19.99999901,0.0,2000.000003,1.529999978,1.799999951,10,4.969,0.0,140.0,50.0,0.0,0.0,2.0,2.0,1.0,1.0,1.0,0.02,2.0,0.3,3.5,0.0,deGFP,1.0,2026-03-09,ext,M,GFP-M-Gext,0.0002591821453602204
0 days 03:50:23,37.0,I9,2450,I,9,GFP-M-Gext,1,2026-03-09 16:21:39,Cytation5,20260309-round1,11,Sample,19.99999901,0.0,2000.000003,1.529999978,1.799999951,10,4.969,0.0,140.0,50.0,0.0,0.0,2.0,2.0,1.0,1.0,1.0,0.02,2.0,0.3,3.5,0.0,deGFP,1.0,2026-03-09,ext,M,GFP-M-Gext,0.00025781415190115304
0 days 03:55:23,37.0,I9,2466,I,9,GFP-M-Gext,1,2026-03-09 16:26:39,Cytation5,20260309-round1,11,Sample,19.99999901,0.0,2000.000003,1.529999978,1.799999951,10,4.969,0.0,140.0,50.0,0.0,0.0,2.0,2.0,1.0,1.0,1.0,0.02,2.0,0.3,3.5,0.0,deGFP,1.0,2026-03-09,ext,M,GFP-M-Gext,0.0002594978361584667
0 days 04:00:23,37.0,I9,2618,I,9,GFP-M-Gext,1,2026-03-09 16:31:39,Cytation5,20260309-round1,11,Sample,19.99999901,0.0,2000.000003,1.529999978,1.799999951,10,4.969,0.0,140.0,50.0,0.0,0.0,2.0,2.0,1.0,1.0,1.0,0.02,2.0,0.3,3.5,0.0,deGFP,1.0,2026-03-09,ext,M,GFP-M-Gext,0.0002754928366029464
0 days 04:05:23,37.1,I9,2477,I,9,GFP-M-Gext,1,2026-03-09 16:36:39,Cytation5,20260309-round1,11,Sample,19.99999901,0.0,2000.000003,1.529999978,1.799999951,10,4.969,0.0,140.0,50.0,0.0,0.0,2.0,2.0,1.0,1.0,1.0,0.02,2.0,0.3,3.5,0.0,deGFP,1.0,2026-03-09,ext,M,GFP-M-Gext,0.00026065536908536984
0 days 04:10:23,37.1,I9,2531,I,9,GFP-M-Gext,1,2026-03-09 16:41:39,Cytation5,20260309-round1,11,Sample,19.99999901,0.0,2000.000003,1.529999978,1.799999951,10,4.969,0.0,140.0,50.0,0.0,0.0,2.0,2.0,1.0,1.0,1.0,0.02,2.0,0.3,3.5,0.0,deGFP,1.0,2026-03-09,ext,M,GFP-M-Gext,0.00026633780345380344
0 days 04:15:23,37.0,I9,2524,I,9,GFP-M-Gext,1,2026-03-09 16:46:39,Cytation5,20260309-round1,11,Sample,19.99999901,0.0,2000.000003,1.529999978,1.799999951,10,4.969,0.0,140.0,50.0,0.0,0.0,2.0,2.0,1.0,1.0,1.0,0.02,2.0,0.3,3.5,0.0,deGFP,1.0,2026-03-09,ext,M,GFP-M-Gext,0.0002656011915912287
0 days 04:20:23,37.0,I9,2472,I,9,GFP-M-Gext,1,2026-03-09 16:51:39,Cytation5,20260309-round1,11,Sample,19.99999901,0.0,2000.000003,1.529999978,1.799999951,10,4.969,0.0,140.0,50.0,0.0,0.0,2.0,2.0,1.0,1.0,1.0,0.02,2.0,0.3,3.5,0.0,deGFP,1.0,2026-03-09,ext,M,GFP-M-Gext,0.0002601292177549593
0 days 04:25:23,37.0,I9,2515,I,9,GFP-M-Gext,1,2026-03-09 16:56:39,Cytation5,20260309-round1,11,Sample,19.99999901,0.0,2000.000003,1.529999978,1.799999951,10,4.969,0.0,140.0,50.0,0.0,0.0,2.0,2.0,1.0,1.0,1.0,0.02,2.0,0.3,3.5,0.0,deGFP,1.0,2026-03-09,ext,M,GFP-M-Gext,0.0002646541191964898
0 days 04:30:23,37.1,I9,2509,I,9,GFP-M-Gext,1,2026-03-09 17:01:39,Cytation5,20260309-round1,11,Sample,19.99999901,0.0,2000.000003,1.529999978,1.799999951,10,4.969,0.0,140.0,50.0,0.0,0.0,2.0,2.0,1.0,1.0,1.0,0.02,2.0,0.3,3.5,0.0,deGFP,1.0,2026-03-09,ext,M,GFP-M-Gext,0.0002640227375999971
0 days 04:35:23,37.0,I9,2592,I,9,GFP-M-Gext,1,2026-03-09 17:06:39,Cytation5,20260309-round1,11,Sample,19.99999901,0.0,2000.000003,1.529999978,1.799999951,10,4.969,0.0,140.0,50.0,0.0,0.0,2.0,2.0,1.0,1.0,1.0,0.02,2.0,0.3,3.5,0.0,deGFP,1.0,2026-03-09,ext,M,GFP-M-Gext,0.00027275684968481174
0 days 04:40:23,37.0,I9,2535,I,9,GFP-M-Gext,1,2026-03-09 17:11:39,Cytation5,20260309-round1,11,Sample,19.99999901,0.0,2000.000003,1.529999978,1.799999951,10,4.969,0.0,140.0,50.0,0.0,0.0,2.0,2.0,1.0,1.0,1.0,0.02,2.0,0.3,3.5,0.0,deGFP,1.0,2026-03-09,ext,M,GFP-M-Gext,0.0002667587245181318
0 days 04:45:23,37.0,I9,2566,I,9,GFP-M-Gext,1,2026-03-09 17:16:39,Cytation5,20260309-round1,11,Sample,19.99999901,0.0,2000.000003,1.529999978,1.799999951,10,4.969,0.0,140.0,50.0,0.0,0.0,2.0,2.0,1.0,1.0,1.0,0.02,2.0,0.3,3.5,0.0,deGFP,1.0,2026-03-09,ext,M,GFP-M-Gext,0.00027002086276667705
0 days 04:50:23,37.1,I9,2618,I,9,GFP-M-Gext,1,2026-03-09 17:21:39,Cytation5,20260309-round1,11,Sample,19.99999901,0.0,2000.000003,1.529999978,1.799999951,10,4.969,0.0,140.0,50.0,0.0,0.0,2.0,2.0,1.0,1.0,1.0,0.02,2.0,0.3,3.5,0.0,deGFP,1.0,2026-03-09,ext,M,GFP-M-Gext,0.0002754928366029464
0 days 04:55:23,37.1,I9,2566,I,9,GFP-M-Gext,1,2026-03-09 17:26:39,Cytation5,20260309-round1,11,Sample,19.99999901,0.0,2000.000003,1.529999978,1.799999951,10,4.969,0.0,140.0,50.0,0.0,0.0,2.0,2.0,1.0,1.0,1.0,0.02,2.0,0.3,3.5,0.0,deGFP,1.0,2026-03-09,ext,M,GFP-M-Gext,0.00027002086276667705
0 days 05:00:23,37.1,I9,2616,I,9,GFP-M-Gext,1,2026-03-09 17:31:39,Cytation5,20260309-round1,11,Sample,19.99999901,0.0,2000.000003,1.529999978,1.799999951,10,4.969,0.0,140.0,50.0,0.0,0.0,2.0,2.0,1.0,1.0,1.0,0.02,2.0,0.3,3.5,0.0,deGFP,1.0,2026-03-09,ext,M,GFP-M-Gext,0.0002752823760707822
0 days 05:05:23,37.0,I9,2542,I,9,GFP-M-Gext,1,2026-03-09 17:36:39,Cytation5,20260309-round1,11,Sample,19.99999901,0.0,2000.000003,1.529999978,1.799999951,10,4.969,0.0,140.0,50.0,0.0,0.0,2.0,2.0,1.0,1.0,1.0,0.02,2.0,0.3,3.5,0.0,deGFP,1.0,2026-03-09,ext,M,GFP-M-Gext,0.0002674953363807066
0 days 05:10:23,37.0,I9,2546,I,9,GFP-M-Gext,1,2026-03-09 17:41:39,Cytation5,20260309-round1,11,Sample,19.99999901,0.0,2000.000003,1.529999978,1.799999951,10,4.969,0.0,140.0,50.0,0.0,0.0,2.0,2.0,1.0,1.0,1.0,0.02,2.0,0.3,3.5,0.0,deGFP,1.0,2026-03-09,ext,M,GFP-M-Gext,0.00026791625744503495
0 days 05:15:23,37.0,I9,2629,I,9,GFP-M-Gext,1,2026-03-09 17:46:39,Cytation5,20260309-round1,11,Sample,19.99999901,0.0,2000.000003,1.529999978,1.799999951,10,4.969,0.0,140.0,50.0,0.0,0.0,2.0,2.0,1.0,1.0,1.0,0.02,2.0,0.3,3.5,0.0,deGFP,1.0,2026-03-09,ext,M,GFP-M-Gext,0.00027665036952984957
0 days 05:20:23,37.0,I9,2555,I,9,GFP-M-Gext,1,2026-03-09 17:51:39,Cytation5,20260309-round1,11,Sample,19.99999901,0.0,2000.000003,1.529999978,1.799999951,10,4.969,0.0,140.0,50.0,0.0,0.0,2.0,2.0,1.0,1.0,1.0,0.02,2.0,0.3,3.5,0.0,deGFP,1.0,2026-03-09,ext,M,GFP-M-Gext,0.0002688633298397739
0 days 05:25:23,37.1,I9,2638,I,9,GFP-M-Gext,1,2026-03-09 17:56:39,Cytation5,20260309-round1,11,Sample,19.99999901,0.0,2000.000003,1.529999978,1.799999951,10,4.969,0.0,140.0,50.0,0.0,0.0,2.0,2.0,1.0,1.0,1.0,0.02,2.0,0.3,3.5,0.0,deGFP,1.0,2026-03-09,ext,M,GFP-M-Gext,0.0002775974419245885
0 days 05:30:23,37.1,I9,2612,I,9,GFP-M-Gext,1,2026-03-09 18:01:39,Cytation5,20260309-round1,11,Sample,19.99999901,0.0,2000.000003,1.529999978,1.799999951,10,4.969,0.0,140.0,50.0,0.0,0.0,2.0,2.0,1.0,1.0,1.0,0.02,2.0,0.3,3.5,0.0,deGFP,1.0,2026-03-09,ext,M,GFP-M-Gext,0.0002748614550064538
0 days 05:35:23,37.1,I9,2720,I,9,GFP-M-Gext,1,2026-03-09 18:06:39,Cytation5,20260309-round1,11,Sample,19.99999901,0.0,2000.000003,1.529999978,1.799999951,10,4.969,0.0,140.0,50.0,0.0,0.0,2.0,2.0,1.0,1.0,1.0,0.02,2.0,0.3,3.5,0.0,deGFP,1.0,2026-03-09,ext,M,GFP-M-Gext,0.00028622632374332094
0 days 05:40:23,37.0,I9,2699,I,9,GFP-M-Gext,1,2026-03-09 18:11:39,Cytation5,20260309-round1,11,Sample,19.99999901,0.0,2000.000003,1.529999978,1.799999951,10,4.969,0.0,140.0,50.0,0.0,0.0,2.0,2.0,1.0,1.0,1.0,0.02,2.0,0.3,3.5,0.0,deGFP,1.0,2026-03-09,ext,M,GFP-M-Gext,0.0002840164881555968
0 days 05:45:23,37.0,I9,2751,I,9,GFP-M-Gext,1,2026-03-09 18:16:39,Cytation5,20260309-round1,11,Sample,19.99999901,0.0,2000.000003,1.529999978,1.799999951,10,4.969,0.0,140.0,50.0,0.0,0.0,2.0,2.0,1.0,1.0,1.0,0.02,2.0,0.3,3.5,0.0,deGFP,1.0,2026-03-09,ext,M,GFP-M-Gext,0.00028948846199186617
0 days 05:50:23,37.0,I9,2716,I,9,GFP-M-Gext,1,2026-03-09 18:21:39,Cytation5,20260309-round1,11,Sample,19.99999901,0.0,2000.000003,1.529999978,1.799999951,10,4.969,0.0,140.0,50.0,0.0,0.0,2.0,2.0,1.0,1.0,1.0,0.02,2.0,0.3,3.5,0.0,deGFP,1.0,2026-03-09,ext,M,GFP-M-Gext,0.0002858054026789925
0 days 05:55:23,37.0,I9,2650,I,9,GFP-M-Gext,1,2026-03-09 18:26:39,Cytation5,20260309-round1,11,Sample,19.99999901,0.0,2000.000003,1.529999978,1.799999951,10,4.969,0.0,140.0,50.0,0.0,0.0,2.0,2.0,1.0,1.0,1.0,0.02,2.0,0.3,3.5,0.0,deGFP,1.0,2026-03-09,ext,M,GFP-M-Gext,0.0002788602051175737
0 days 06:00:23,37.1,I9,2657,I,9,GFP-M-Gext,1,2026-03-09 18:31:39,Cytation5,20260309-round1,11,Sample,19.99999901,0.0,2000.000003,1.529999978,1.799999951,10,4.969,0.0,140.0,50.0,0.0,0.0,2.0,2.0,1.0,1.0,1.0,0.02,2.0,0.3,3.5,0.0,deGFP,1.0,2026-03-09,ext,M,GFP-M-Gext,0.0002795968169801484
0 days 00:00:23,28.9,I10,350,I,10,GFP-M-Gext,1,2026-03-09 12:31:39,Cytation5,20260309-round1,4,Sample,5.000000045,0.0,2000.000003,1.799999952,1.799999951,10,19.969,20.0,100.0,50.0,0.0,0.0,2.0,2.0,1.0,1.0,1.0,0.02,2.0,0.3,3.5,0.0,deGFP,1.0,2026-03-09,ext,M,GFP-M-Gext,3.6830593128736154e-05
0 days 00:05:23,34.5,I10,334,I,10,GFP-M-Gext,1,2026-03-09 12:36:39,Cytation5,20260309-round1,4,Sample,5.000000045,0.0,2000.000003,1.799999952,1.799999951,10,19.969,20.0,100.0,50.0,0.0,0.0,2.0,2.0,1.0,1.0,1.0,0.02,2.0,0.3,3.5,0.0,deGFP,1.0,2026-03-09,ext,M,GFP-M-Gext,3.51469088714225e-05
0 days 00:10:23,37.0,I10,398,I,10,GFP-M-Gext,1,2026-03-09 12:41:39,Cytation5,20260309-round1,4,Sample,5.000000045,0.0,2000.000003,1.799999952,1.799999951,10,19.969,20.0,100.0,50.0,0.0,0.0,2.0,2.0,1.0,1.0,1.0,0.02,2.0,0.3,3.5,0.0,deGFP,1.0,2026-03-09,ext,M,GFP-M-Gext,4.188164590067711e-05
0 days 00:15:23,37.0,I10,1132,I,10,GFP-M-Gext,1,2026-03-09 12:46:39,Cytation5,20260309-round1,4,Sample,5.000000045,0.0,2000.000003,1.799999952,1.799999951,10,19.969,20.0,100.0,50.0,0.0,0.0,2.0,2.0,1.0,1.0,1.0,0.02,2.0,0.3,3.5,0.0,deGFP,1.0,2026-03-09,ext,M,GFP-M-Gext,0.00011912066120494092
0 days 00:20:23,37.0,I10,3738,I,10,GFP-M-Gext,1,2026-03-09 12:51:39,Cytation5,20260309-round1,4,Sample,5.000000045,0.0,2000.000003,1.799999952,1.799999951,10,19.969,20.0,100.0,50.0,0.0,0.0,2.0,2.0,1.0,1.0,1.0,0.02,2.0,0.3,3.5,0.0,deGFP,1.0,2026-03-09,ext,M,GFP-M-Gext,0.0003933507346149021
0 days 00:25:23,37.0,I10,9352,I,10,GFP-M-Gext,1,2026-03-09 12:56:39,Cytation5,20260309-round1,4,Sample,5.000000045,0.0,2000.000003,1.799999952,1.799999951,10,19.969,20.0,100.0,50.0,0.0,0.0,2.0,2.0,1.0,1.0,1.0,0.02,2.0,0.3,3.5,0.0,deGFP,1.0,2026-03-09,ext,M,GFP-M-Gext,0.0009841134483998299
0 days 00:30:23,37.0,I10,17825,I,10,GFP-M-Gext,1,2026-03-09 13:01:39,Cytation5,20260309-round1,4,Sample,5.000000045,0.0,2000.000003,1.799999952,1.799999951,10,19.969,20.0,100.0,50.0,0.0,0.0,2.0,2.0,1.0,1.0,1.0,0.02,2.0,0.3,3.5,0.0,deGFP,1.0,2026-03-09,ext,M,GFP-M-Gext,0.001875729492913491
0 days 00:35:23,37.0,I10,28781,I,10,GFP-M-Gext,1,2026-03-09 13:06:39,Cytation5,20260309-round1,4,Sample,5.000000045,0.0,2000.000003,1.799999952,1.799999951,10,19.969,20.0,100.0,50.0,0.0,0.0,2.0,2.0,1.0,1.0,1.0,0.02,2.0,0.3,3.5,0.0,deGFP,1.0,2026-03-09,ext,M,GFP-M-Gext,0.003028632288109015
0 days 00:40:23,37.0,I10,42300,I,10,GFP-M-Gext,1,2026-03-09 13:11:39,Cytation5,20260309-round1,4,Sample,5.000000045,0.0,2000.000003,1.799999952,1.799999951,10,19.969,20.0,100.0,50.0,0.0,0.0,2.0,2.0,1.0,1.0,1.0,0.02,2.0,0.3,3.5,0.0,deGFP,1.0,2026-03-09,ext,M,GFP-M-Gext,0.004451240255272969
0 days 00:45:23,37.1,I10,58243,I,10,GFP-M-Gext,1,2026-03-09 13:16:39,Cytation5,20260309-round1,4,Sample,5.000000045,0.0,2000.000003,1.799999952,1.799999951,10,19.969,20.0,100.0,50.0,0.0,0.0,2.0,2.0,1.0,1.0,1.0,0.02,2.0,0.3,3.5,0.0,deGFP,1.0,2026-03-09,ext,M,GFP-M-Gext,0.006128926387419941
0 days 00:50:23,37.0,I10,77553,I,10,GFP-M-Gext,1,2026-03-09 13:21:39,Cytation5,20260309-round1,4,Sample,5.000000045,0.0,2000.000003,1.799999952,1.799999951,10,19.969,20.0,100.0,50.0,0.0,0.0,2.0,2.0,1.0,1.0,1.0,0.02,2.0,0.3,3.5,0.0,deGFP,1.0,2026-03-09,ext,M,GFP-M-Gext,0.008160922825465357
0 days 00:55:23,37.0,I10,98621,I,10,GFP-M-Gext,1,2026-03-09 13:26:39,Cytation5,20260309-round1,4,Sample,5.000000045,0.0,2000.000003,1.799999952,1.799999951,10,19.969,20.0,100.0,50.0,0.0,0.0,2.0,2.0,1.0,1.0,1.0,0.02,2.0,0.3,3.5,0.0,deGFP,1.0,2026-03-09,ext,M,GFP-M-Gext,0.010377914071283108
0 days 01:00:23,37.0,I10,121530,I,10,GFP-M-Gext,1,2026-03-09 13:31:39,Cytation5,20260309-round1,4,Sample,5.000000045,0.0,2000.000003,1.799999952,1.799999951,10,19.969,20.0,100.0,50.0,0.0,0.0,2.0,2.0,1.0,1.0,1.0,0.02,2.0,0.3,3.5,0.0,deGFP,1.0,2026-03-09,ext,M,GFP-M-Gext,0.012788634236958012
0 days 01:05:23,37.0,I10,145155,I,10,GFP-M-Gext,1,2026-03-09 13:36:39,Cytation5,20260309-round1,4,Sample,5.000000045,0.0,2000.000003,1.799999952,1.799999951,10,19.969,20.0,100.0,50.0,0.0,0.0,2.0,2.0,1.0,1.0,1.0,0.02,2.0,0.3,3.5,0.0,deGFP,1.0,2026-03-09,ext,M,GFP-M-Gext,0.015274699273147703
0 days 01:10:23,37.0,I10,170215,I,10,GFP-M-Gext,1,2026-03-09 13:41:39,Cytation5,20260309-round1,4,Sample,5.000000045,0.0,2000.000003,1.799999952,1.799999951,10,19.969,20.0,100.0,50.0,0.0,0.0,2.0,2.0,1.0,1.0,1.0,0.02,2.0,0.3,3.5,0.0,deGFP,1.0,2026-03-09,ext,M,GFP-M-Gext,0.01791176974116521
0 days 01:15:23,37.1,I10,195631,I,10,GFP-M-Gext,1,2026-03-09 13:46:39,Cytation5,20260309-round1,4,Sample,5.000000045,0.0,2000.000003,1.799999952,1.799999951,10,19.969,20.0,100.0,50.0,0.0,0.0,2.0,2.0,1.0,1.0,1.0,0.02,2.0,0.3,3.5,0.0,deGFP,1.0,2026-03-09,ext,M,GFP-M-Gext,0.02058630218390795
0 days 01:20:23,37.0,I10,220536,I,10,GFP-M-Gext,1,2026-03-09 13:51:39,Cytation5,20260309-round1,4,Sample,5.000000045,0.0,2000.000003,1.799999952,1.799999951,10,19.969,20.0,100.0,50.0,0.0,0.0,2.0,2.0,1.0,1.0,1.0,0.02,2.0,0.3,3.5,0.0,deGFP,1.0,2026-03-09,ext,M,GFP-M-Gext,0.02320706196068273
0 days 01:25:23,37.0,I10,245085,I,10,GFP-M-Gext,1,2026-03-09 13:56:39,Cytation5,20260309-round1,4,Sample,5.000000045,0.0,2000.000003,1.799999952,1.799999951,10,19.969,20.0,100.0,50.0,0.0,0.0,2.0,2.0,1.0,1.0,1.0,0.02,2.0,0.3,3.5,0.0,deGFP,1.0,2026-03-09,ext,M,GFP-M-Gext,0.025790359762732282
0 days 01:30:23,37.0,I10,268821,I,10,GFP-M-Gext,1,2026-03-09 14:01:39,Cytation5,20260309-round1,4,Sample,5.000000045,0.0,2000.000003,1.799999952,1.799999951,10,19.969,20.0,100.0,50.0,0.0,0.0,2.0,2.0,1.0,1.0,1.0,0.02,2.0,0.3,3.5,0.0,deGFP,1.0,2026-03-09,ext,M,GFP-M-Gext,0.028288105358457088
0 days 01:35:23,37.0,I10,290732,I,10,GFP-M-Gext,1,2026-03-09 14:06:39,Cytation5,20260309-round1,4,Sample,5.000000045,0.0,2000.000003,1.799999952,1.799999951,10,19.969,20.0,100.0,50.0,0.0,0.0,2.0,2.0,1.0,1.0,1.0,0.02,2.0,0.3,3.5,0.0,deGFP,1.0,2026-03-09,ext,M,GFP-M-Gext,0.030593805718582053
0 days 01:40:23,37.0,I10,312109,I,10,GFP-M-Gext,1,2026-03-09 14:11:39,Cytation5,20260309-round1,4,Sample,5.000000045,0.0,2000.000003,1.799999952,1.799999951,10,19.969,20.0,100.0,50.0,0.0,0.0,2.0,2.0,1.0,1.0,1.0,0.02,2.0,0.3,3.5,0.0,deGFP,1.0,2026-03-09,ext,M,GFP-M-Gext,0.03284331311661917
0 days 01:45:23,37.0,I10,331868,I,10,GFP-M-Gext,1,2026-03-09 14:16:39,Cytation5,20260309-round1,4,Sample,5.000000045,0.0,2000.000003,1.799999952,1.799999951,10,19.969,20.0,100.0,50.0,0.0,0.0,2.0,2.0,1.0,1.0,1.0,0.02,2.0,0.3,3.5,0.0,deGFP,1.0,2026-03-09,ext,M,GFP-M-Gext,0.03492255794413545
0 days 01:50:23,37.0,I10,348377,I,10,GFP-M-Gext,1,2026-03-09 14:21:39,Cytation5,20260309-round1,4,Sample,5.000000045,0.0,2000.000003,1.799999952,1.799999951,10,19.969,20.0,100.0,50.0,0.0,0.0,2.0,2.0,1.0,1.0,1.0,0.02,2.0,0.3,3.5,0.0,deGFP,1.0,2026-03-09,ext,M,GFP-M-Gext,0.0366598044068849
0 days 01:55:23,37.1,I10,394157,I,10,GFP-M-Gext,1,2026-03-09 14:26:39,Cytation5,20260309-round1,4,Sample,5.000000045,0.0,2000.000003,1.799999952,1.799999951,10,19.969,20.0,100.0,50.0,0.0,0.0,2.0,2.0,1.0,1.0,1.0,0.02,2.0,0.3,3.5,0.0,deGFP,1.0,2026-03-09,ext,M,GFP-M-Gext,0.041477245988123586
0 days 02:00:23,37.0,I10,407596,I,10,GFP-M-Gext,1,2026-03-09 14:31:39,Cytation5,20260309-round1,4,Sample,5.000000045,0.0,2000.000003,1.799999952,1.799999951,10,19.969,20.0,100.0,50.0,0.0,0.0,2.0,2.0,1.0,1.0,1.0,0.02,2.0,0.3,3.5,0.0,deGFP,1.0,2026-03-09,ext,M,GFP-M-Gext,0.042891435534000974
0 days 02:05:23,37.0,I10,420752,I,10,GFP-M-Gext,1,2026-03-09 14:36:39,Cytation5,20260309-round1,4,Sample,5.000000045,0.0,2000.000003,1.799999952,1.799999951,10,19.969,20.0,100.0,50.0,0.0,0.0,2.0,2.0,1.0,1.0,1.0,0.02,2.0,0.3,3.5,0.0,deGFP,1.0,2026-03-09,ext,M,GFP-M-Gext,0.044275844914577124
0 days 02:10:23,37.1,I10,432050,I,10,GFP-M-Gext,1,2026-03-09 14:41:39,Cytation5,20260309-round1,4,Sample,5.000000045,0.0,2000.000003,1.799999952,1.799999951,10,19.969,20.0,100.0,50.0,0.0,0.0,2.0,2.0,1.0,1.0,1.0,0.02,2.0,0.3,3.5,0.0,deGFP,1.0,2026-03-09,ext,M,GFP-M-Gext,0.045464736460772724
0 days 02:15:23,37.1,I10,442943,I,10,GFP-M-Gext,1,2026-03-09 14:46:39,Cytation5,20260309-round1,4,Sample,5.000000045,0.0,2000.000003,1.799999952,1.799999951,10,19.969,20.0,100.0,50.0,0.0,0.0,2.0,2.0,1.0,1.0,1.0,0.02,2.0,0.3,3.5,0.0,deGFP,1.0,2026-03-09,ext,M,GFP-M-Gext,0.046611009749205075
0 days 02:20:23,37.0,I10,448626,I,10,GFP-M-Gext,1,2026-03-09 14:51:39,Cytation5,20260309-round1,4,Sample,5.000000045,0.0,2000.000003,1.799999952,1.799999951,10,19.969,20.0,100.0,50.0,0.0,0.0,2.0,2.0,1.0,1.0,1.0,0.02,2.0,0.3,3.5,0.0,deGFP,1.0,2026-03-09,ext,M,GFP-M-Gext,0.04720903335134967
0 days 02:25:23,37.0,I10,451372,I,10,GFP-M-Gext,1,2026-03-09 14:56:39,Cytation5,20260309-round1,4,Sample,5.000000045,0.0,2000.000003,1.799999952,1.799999951,10,19.969,20.0,100.0,50.0,0.0,0.0,2.0,2.0,1.0,1.0,1.0,0.02,2.0,0.3,3.5,0.0,deGFP,1.0,2026-03-09,ext,M,GFP-M-Gext,0.04749799566201113
0 days 02:30:23,37.0,I10,459542,I,10,GFP-M-Gext,1,2026-03-09 15:01:39,Cytation5,20260309-round1,4,Sample,5.000000045,0.0,2000.000003,1.799999952,1.799999951,10,19.969,20.0,100.0,50.0,0.0,0.0,2.0,2.0,1.0,1.0,1.0,0.02,2.0,0.3,3.5,0.0,deGFP,1.0,2026-03-09,ext,M,GFP-M-Gext,0.04835772693590191
0 days 02:35:23,37.0,I10,460166,I,10,GFP-M-Gext,1,2026-03-09 15:06:39,Cytation5,20260309-round1,4,Sample,5.000000045,0.0,2000.000003,1.799999952,1.799999951,10,19.969,20.0,100.0,50.0,0.0,0.0,2.0,2.0,1.0,1.0,1.0,0.02,2.0,0.3,3.5,0.0,deGFP,1.0,2026-03-09,ext,M,GFP-M-Gext,0.048423390621937144
0 days 02:40:23,37.0,I10,466551,I,10,GFP-M-Gext,1,2026-03-09 15:11:39,Cytation5,20260309-round1,4,Sample,5.000000045,0.0,2000.000003,1.799999952,1.799999951,10,19.969,20.0,100.0,50.0,0.0,0.0,2.0,2.0,1.0,1.0,1.0,0.02,2.0,0.3,3.5,0.0,deGFP,1.0,2026-03-09,ext,M,GFP-M-Gext,0.04909528587087137
0 days 02:45:23,37.0,I10,469302,I,10,GFP-M-Gext,1,2026-03-09 15:16:39,Cytation5,20260309-round1,4,Sample,5.000000045,0.0,2000.000003,1.799999952,1.799999951,10,19.969,20.0,100.0,50.0,0.0,0.0,2.0,2.0,1.0,1.0,1.0,0.02,2.0,0.3,3.5,0.0,deGFP,1.0,2026-03-09,ext,M,GFP-M-Gext,0.049384774332863236
0 days 02:50:23,37.0,I10,469291,I,10,GFP-M-Gext,1,2026-03-09 15:21:39,Cytation5,20260309-round1,4,Sample,5.000000045,0.0,2000.000003,1.799999952,1.799999951,10,19.969,20.0,100.0,50.0,0.0,0.0,2.0,2.0,1.0,1.0,1.0,0.02,2.0,0.3,3.5,0.0,deGFP,1.0,2026-03-09,ext,M,GFP-M-Gext,0.04938361679993633
0 days 02:55:23,37.0,I10,471022,I,10,GFP-M-Gext,1,2026-03-09 15:26:39,Cytation5,20260309-round1,4,Sample,5.000000045,0.0,2000.000003,1.799999952,1.799999951,10,19.969,20.0,100.0,50.0,0.0,0.0,2.0,2.0,1.0,1.0,1.0,0.02,2.0,0.3,3.5,0.0,deGFP,1.0,2026-03-09,ext,M,GFP-M-Gext,0.049565770390524455
0 days 03:00:23,36.9,I10,473521,I,10,GFP-M-Gext,1,2026-03-09 15:31:39,Cytation5,20260309-round1,4,Sample,5.000000045,0.0,2000.000003,1.799999952,1.799999951,10,19.969,20.0,100.0,50.0,0.0,0.0,2.0,2.0,1.0,1.0,1.0,0.02,2.0,0.3,3.5,0.0,deGFP,1.0,2026-03-09,ext,M,GFP-M-Gext,0.04982874082546363
0 days 03:05:23,37.0,I10,473430,I,10,GFP-M-Gext,1,2026-03-09 15:36:39,Cytation5,20260309-round1,4,Sample,5.000000045,0.0,2000.000003,1.799999952,1.799999951,10,19.969,20.0,100.0,50.0,0.0,0.0,2.0,2.0,1.0,1.0,1.0,0.02,2.0,0.3,3.5,0.0,deGFP,1.0,2026-03-09,ext,M,GFP-M-Gext,0.04981916487125016
0 days 03:10:23,37.0,I10,470211,I,10,GFP-M-Gext,1,2026-03-09 15:41:39,Cytation5,20260309-round1,4,Sample,5.000000045,0.0,2000.000003,1.799999952,1.799999951,10,19.969,20.0,100.0,50.0,0.0,0.0,2.0,2.0,1.0,1.0,1.0,0.02,2.0,0.3,3.5,0.0,deGFP,1.0,2026-03-09,ext,M,GFP-M-Gext,0.04948042864473187
0 days 03:15:23,37.0,I10,473194,I,10,GFP-M-Gext,1,2026-03-09 15:46:39,Cytation5,20260309-round1,4,Sample,5.000000045,0.0,2000.000003,1.799999952,1.799999951,10,19.969,20.0,100.0,50.0,0.0,0.0,2.0,2.0,1.0,1.0,1.0,0.02,2.0,0.3,3.5,0.0,deGFP,1.0,2026-03-09,ext,M,GFP-M-Gext,0.049794330528454785
0 days 03:20:23,37.0,I10,476131,I,10,GFP-M-Gext,1,2026-03-09 15:51:39,Cytation5,20260309-round1,4,Sample,5.000000045,0.0,2000.000003,1.799999952,1.799999951,10,19.969,20.0,100.0,50.0,0.0,0.0,2.0,2.0,1.0,1.0,1.0,0.02,2.0,0.3,3.5,0.0,deGFP,1.0,2026-03-09,ext,M,GFP-M-Gext,0.05010339181993792
0 days 03:25:23,37.0,I10,473005,I,10,GFP-M-Gext,1,2026-03-09 15:56:39,Cytation5,20260309-round1,4,Sample,5.000000045,0.0,2000.000003,1.799999952,1.799999951,10,19.969,20.0,100.0,50.0,0.0,0.0,2.0,2.0,1.0,1.0,1.0,0.02,2.0,0.3,3.5,0.0,deGFP,1.0,2026-03-09,ext,M,GFP-M-Gext,0.04977444200816526
0 days 03:30:23,37.0,I10,471668,I,10,GFP-M-Gext,1,2026-03-09 16:01:39,Cytation5,20260309-round1,4,Sample,5.000000045,0.0,2000.000003,1.799999952,1.799999951,10,19.969,20.0,100.0,50.0,0.0,0.0,2.0,2.0,1.0,1.0,1.0,0.02,2.0,0.3,3.5,0.0,deGFP,1.0,2026-03-09,ext,M,GFP-M-Gext,0.049633749142413496
0 days 03:35:23,37.0,I10,469708,I,10,GFP-M-Gext,1,2026-03-09 16:06:39,Cytation5,20260309-round1,4,Sample,5.000000045,0.0,2000.000003,1.799999952,1.799999951,10,19.969,20.0,100.0,50.0,0.0,0.0,2.0,2.0,1.0,1.0,1.0,0.02,2.0,0.3,3.5,0.0,deGFP,1.0,2026-03-09,ext,M,GFP-M-Gext,0.04942749782089257
0 days 03:40:23,37.1,I10,472989,I,10,GFP-M-Gext,1,2026-03-09 16:11:39,Cytation5,20260309-round1,4,Sample,5.000000045,0.0,2000.000003,1.799999952,1.799999951,10,19.969,20.0,100.0,50.0,0.0,0.0,2.0,2.0,1.0,1.0,1.0,0.02,2.0,0.3,3.5,0.0,deGFP,1.0,2026-03-09,ext,M,GFP-M-Gext,0.04977275832390795
0 days 03:45:23,37.0,I10,474316,I,10,GFP-M-Gext,1,2026-03-09 16:16:39,Cytation5,20260309-round1,4,Sample,5.000000045,0.0,2000.000003,1.799999952,1.799999951,10,19.969,20.0,100.0,50.0,0.0,0.0,2.0,2.0,1.0,1.0,1.0,0.02,2.0,0.3,3.5,0.0,deGFP,1.0,2026-03-09,ext,M,GFP-M-Gext,0.0499123988869989
0 days 03:50:23,37.0,I10,472932,I,10,GFP-M-Gext,1,2026-03-09 16:21:39,Cytation5,20260309-round1,4,Sample,5.000000045,0.0,2000.000003,1.799999952,1.799999951,10,19.969,20.0,100.0,50.0,0.0,0.0,2.0,2.0,1.0,1.0,1.0,0.02,2.0,0.3,3.5,0.0,deGFP,1.0,2026-03-09,ext,M,GFP-M-Gext,0.049766760198741274
0 days 03:55:23,37.0,I10,470773,I,10,GFP-M-Gext,1,2026-03-09 16:26:39,Cytation5,20260309-round1,4,Sample,5.000000045,0.0,2000.000003,1.799999952,1.799999951,10,19.969,20.0,100.0,50.0,0.0,0.0,2.0,2.0,1.0,1.0,1.0,0.02,2.0,0.3,3.5,0.0,deGFP,1.0,2026-03-09,ext,M,GFP-M-Gext,0.04953956805427001
0 days 04:00:23,37.0,I10,471121,I,10,GFP-M-Gext,1,2026-03-09 16:31:39,Cytation5,20260309-round1,4,Sample,5.000000045,0.0,2000.000003,1.799999952,1.799999951,10,19.969,20.0,100.0,50.0,0.0,0.0,2.0,2.0,1.0,1.0,1.0,0.02,2.0,0.3,3.5,0.0,deGFP,1.0,2026-03-09,ext,M,GFP-M-Gext,0.049576188186866585
0 days 04:05:23,37.1,I10,473012,I,10,GFP-M-Gext,1,2026-03-09 16:36:39,Cytation5,20260309-round1,4,Sample,5.000000045,0.0,2000.000003,1.799999952,1.799999951,10,19.969,20.0,100.0,50.0,0.0,0.0,2.0,2.0,1.0,1.0,1.0,0.02,2.0,0.3,3.5,0.0,deGFP,1.0,2026-03-09,ext,M,GFP-M-Gext,0.04977517862002784
0 days 04:10:23,37.1,I10,471261,I,10,GFP-M-Gext,1,2026-03-09 16:41:39,Cytation5,20260309-round1,4,Sample,5.000000045,0.0,2000.000003,1.799999952,1.799999951,10,19.969,20.0,100.0,50.0,0.0,0.0,2.0,2.0,1.0,1.0,1.0,0.02,2.0,0.3,3.5,0.0,deGFP,1.0,2026-03-09,ext,M,GFP-M-Gext,0.04959092042411808
0 days 04:15:23,37.0,I10,473107,I,10,GFP-M-Gext,1,2026-03-09 16:46:39,Cytation5,20260309-round1,4,Sample,5.000000045,0.0,2000.000003,1.799999952,1.799999951,10,19.969,20.0,100.0,50.0,0.0,0.0,2.0,2.0,1.0,1.0,1.0,0.02,2.0,0.3,3.5,0.0,deGFP,1.0,2026-03-09,ext,M,GFP-M-Gext,0.04978517549530564
0 days 04:20:23,37.0,I10,471164,I,10,GFP-M-Gext,1,2026-03-09 16:51:39,Cytation5,20260309-round1,4,Sample,5.000000045,0.0,2000.000003,1.799999952,1.799999951,10,19.969,20.0,100.0,50.0,0.0,0.0,2.0,2.0,1.0,1.0,1.0,0.02,2.0,0.3,3.5,0.0,deGFP,1.0,2026-03-09,ext,M,GFP-M-Gext,0.049580713088308116
0 days 04:25:23,37.0,I10,470768,I,10,GFP-M-Gext,1,2026-03-09 16:56:39,Cytation5,20260309-round1,4,Sample,5.000000045,0.0,2000.000003,1.799999952,1.799999951,10,19.969,20.0,100.0,50.0,0.0,0.0,2.0,2.0,1.0,1.0,1.0,0.02,2.0,0.3,3.5,0.0,deGFP,1.0,2026-03-09,ext,M,GFP-M-Gext,0.0495390419029396
0 days 04:30:23,37.1,I10,472090,I,10,GFP-M-Gext,1,2026-03-09 17:01:39,Cytation5,20260309-round1,4,Sample,5.000000045,0.0,2000.000003,1.799999952,1.799999951,10,19.969,20.0,100.0,50.0,0.0,0.0,2.0,2.0,1.0,1.0,1.0,0.02,2.0,0.3,3.5,0.0,deGFP,1.0,2026-03-09,ext,M,GFP-M-Gext,0.04967815631470014
0 days 04:35:23,37.0,I10,469833,I,10,GFP-M-Gext,1,2026-03-09 17:06:39,Cytation5,20260309-round1,4,Sample,5.000000045,0.0,2000.000003,1.799999952,1.799999951,10,19.969,20.0,100.0,50.0,0.0,0.0,2.0,2.0,1.0,1.0,1.0,0.02,2.0,0.3,3.5,0.0,deGFP,1.0,2026-03-09,ext,M,GFP-M-Gext,0.049440651604152834
0 days 04:40:23,37.0,I10,466892,I,10,GFP-M-Gext,1,2026-03-09 17:11:39,Cytation5,20260309-round1,4,Sample,5.000000045,0.0,2000.000003,1.799999952,1.799999951,10,19.969,20.0,100.0,50.0,0.0,0.0,2.0,2.0,1.0,1.0,1.0,0.02,2.0,0.3,3.5,0.0,deGFP,1.0,2026-03-09,ext,M,GFP-M-Gext,0.04913116939160537
0 days 04:45:23,37.0,I10,471581,I,10,GFP-M-Gext,1,2026-03-09 17:16:39,Cytation5,20260309-round1,4,Sample,5.000000045,0.0,2000.000003,1.799999952,1.799999951,10,19.969,20.0,100.0,50.0,0.0,0.0,2.0,2.0,1.0,1.0,1.0,0.02,2.0,0.3,3.5,0.0,deGFP,1.0,2026-03-09,ext,M,GFP-M-Gext,0.04962459410926435
0 days 04:50:23,37.1,I10,470026,I,10,GFP-M-Gext,1,2026-03-09 17:21:39,Cytation5,20260309-round1,4,Sample,5.000000045,0.0,2000.000003,1.799999952,1.799999951,10,19.969,20.0,100.0,50.0,0.0,0.0,2.0,2.0,1.0,1.0,1.0,0.02,2.0,0.3,3.5,0.0,deGFP,1.0,2026-03-09,ext,M,GFP-M-Gext,0.04946096104550668
0 days 04:55:23,37.1,I10,469160,I,10,GFP-M-Gext,1,2026-03-09 17:26:39,Cytation5,20260309-round1,4,Sample,5.000000045,0.0,2000.000003,1.799999952,1.799999951,10,19.969,20.0,100.0,50.0,0.0,0.0,2.0,2.0,1.0,1.0,1.0,0.02,2.0,0.3,3.5,0.0,deGFP,1.0,2026-03-09,ext,M,GFP-M-Gext,0.049369831635079575
0 days 05:00:23,37.1,I10,467879,I,10,GFP-M-Gext,1,2026-03-09 17:31:39,Cytation5,20260309-round1,4,Sample,5.000000045,0.0,2000.000003,1.799999952,1.799999951,10,19.969,20.0,100.0,50.0,0.0,0.0,2.0,2.0,1.0,1.0,1.0,0.02,2.0,0.3,3.5,0.0,deGFP,1.0,2026-03-09,ext,M,GFP-M-Gext,0.04923503166422841
0 days 05:05:23,37.0,I10,468657,I,10,GFP-M-Gext,1,2026-03-09 17:36:39,Cytation5,20260309-round1,4,Sample,5.000000045,0.0,2000.000003,1.799999952,1.799999951,10,19.969,20.0,100.0,50.0,0.0,0.0,2.0,2.0,1.0,1.0,1.0,0.02,2.0,0.3,3.5,0.0,deGFP,1.0,2026-03-09,ext,M,GFP-M-Gext,0.04931690081124028
0 days 05:10:23,37.0,I10,468017,I,10,GFP-M-Gext,1,2026-03-09 17:41:39,Cytation5,20260309-round1,4,Sample,5.000000045,0.0,2000.000003,1.799999952,1.799999951,10,19.969,20.0,100.0,50.0,0.0,0.0,2.0,2.0,1.0,1.0,1.0,0.02,2.0,0.3,3.5,0.0,deGFP,1.0,2026-03-09,ext,M,GFP-M-Gext,0.04924955344094773
0 days 05:15:23,37.0,I10,468335,I,10,GFP-M-Gext,1,2026-03-09 17:46:39,Cytation5,20260309-round1,4,Sample,5.000000045,0.0,2000.000003,1.799999952,1.799999951,10,19.969,20.0,100.0,50.0,0.0,0.0,2.0,2.0,1.0,1.0,1.0,0.02,2.0,0.3,3.5,0.0,deGFP,1.0,2026-03-09,ext,M,GFP-M-Gext,0.04928301666556184
0 days 05:20:23,37.0,I10,468717,I,10,GFP-M-Gext,1,2026-03-09 17:51:39,Cytation5,20260309-round1,4,Sample,5.000000045,0.0,2000.000003,1.799999952,1.799999951,10,19.969,20.0,100.0,50.0,0.0,0.0,2.0,2.0,1.0,1.0,1.0,0.02,2.0,0.3,3.5,0.0,deGFP,1.0,2026-03-09,ext,M,GFP-M-Gext,0.04932321462720521
0 days 05:25:23,37.1,I10,467811,I,10,GFP-M-Gext,1,2026-03-09 17:56:39,Cytation5,20260309-round1,4,Sample,5.000000045,0.0,2000.000003,1.799999952,1.799999951,10,19.969,20.0,100.0,50.0,0.0,0.0,2.0,2.0,1.0,1.0,1.0,0.02,2.0,0.3,3.5,0.0,deGFP,1.0,2026-03-09,ext,M,GFP-M-Gext,0.04922787600613482
0 days 05:30:23,37.1,I10,466748,I,10,GFP-M-Gext,1,2026-03-09 18:01:39,Cytation5,20260309-round1,4,Sample,5.000000045,0.0,2000.000003,1.799999952,1.799999951,10,19.969,20.0,100.0,50.0,0.0,0.0,2.0,2.0,1.0,1.0,1.0,0.02,2.0,0.3,3.5,0.0,deGFP,1.0,2026-03-09,ext,M,GFP-M-Gext,0.049116016233289546
0 days 05:35:23,37.1,I10,465120,I,10,GFP-M-Gext,1,2026-03-09 18:06:39,Cytation5,20260309-round1,4,Sample,5.000000045,0.0,2000.000003,1.799999952,1.799999951,10,19.969,20.0,100.0,50.0,0.0,0.0,2.0,2.0,1.0,1.0,1.0,0.02,2.0,0.3,3.5,0.0,deGFP,1.0,2026-03-09,ext,M,GFP-M-Gext,0.04894470136010788
0 days 05:40:23,37.0,I10,468349,I,10,GFP-M-Gext,1,2026-03-09 18:11:39,Cytation5,20260309-round1,4,Sample,5.000000045,0.0,2000.000003,1.799999952,1.799999951,10,19.969,20.0,100.0,50.0,0.0,0.0,2.0,2.0,1.0,1.0,1.0,0.02,2.0,0.3,3.5,0.0,deGFP,1.0,2026-03-09,ext,M,GFP-M-Gext,0.04928448988928699
0 days 05:45:23,37.0,I10,466496,I,10,GFP-M-Gext,1,2026-03-09 18:16:39,Cytation5,20260309-round1,4,Sample,5.000000045,0.0,2000.000003,1.799999952,1.799999951,10,19.969,20.0,100.0,50.0,0.0,0.0,2.0,2.0,1.0,1.0,1.0,0.02,2.0,0.3,3.5,0.0,deGFP,1.0,2026-03-09,ext,M,GFP-M-Gext,0.049089498206236856
0 days 05:50:23,37.0,I10,466237,I,10,GFP-M-Gext,1,2026-03-09 18:21:39,Cytation5,20260309-round1,4,Sample,5.000000045,0.0,2000.000003,1.799999952,1.799999951,10,19.969,20.0,100.0,50.0,0.0,0.0,2.0,2.0,1.0,1.0,1.0,0.02,2.0,0.3,3.5,0.0,deGFP,1.0,2026-03-09,ext,M,GFP-M-Gext,0.04906224356732159
0 days 05:55:23,37.0,I10,464932,I,10,GFP-M-Gext,1,2026-03-09 18:26:39,Cytation5,20260309-round1,4,Sample,5.000000045,0.0,2000.000003,1.799999952,1.799999951,10,19.969,20.0,100.0,50.0,0.0,0.0,2.0,2.0,1.0,1.0,1.0,0.02,2.0,0.3,3.5,0.0,deGFP,1.0,2026-03-09,ext,M,GFP-M-Gext,0.04892491807008444
0 days 06:00:23,37.1,I10,468979,I,10,GFP-M-Gext,1,2026-03-09 18:31:39,Cytation5,20260309-round1,4,Sample,5.000000045,0.0,2000.000003,1.799999952,1.799999951,10,19.969,20.0,100.0,50.0,0.0,0.0,2.0,2.0,1.0,1.0,1.0,0.02,2.0,0.3,3.5,0.0,deGFP,1.0,2026-03-09,ext,M,GFP-M-Gext,0.04935078495691872
0 days 00:00:23,28.9,I11,292,I,11,GFP-M-Gext,1,2026-03-09 12:31:39,Cytation5,20260309-round1,4,Sample,5.000000045,0.0,2000.000003,1.799999952,1.799999951,10,19.969,20.0,100.0,50.0,0.0,0.0,2.0,2.0,1.0,1.0,1.0,0.02,2.0,0.3,3.5,0.0,deGFP,1.0,2026-03-09,ext,M,GFP-M-Gext,3.072723769597416e-05
0 days 00:05:23,34.5,I11,294,I,11,GFP-M-Gext,1,2026-03-09 12:36:39,Cytation5,20260309-round1,4,Sample,5.000000045,0.0,2000.000003,1.799999952,1.799999951,10,19.969,20.0,100.0,50.0,0.0,0.0,2.0,2.0,1.0,1.0,1.0,0.02,2.0,0.3,3.5,0.0,deGFP,1.0,2026-03-09,ext,M,GFP-M-Gext,3.0937698228138365e-05
0 days 00:10:23,37.0,I11,319,I,11,GFP-M-Gext,1,2026-03-09 12:41:39,Cytation5,20260309-round1,4,Sample,5.000000045,0.0,2000.000003,1.799999952,1.799999951,10,19.969,20.0,100.0,50.0,0.0,0.0,2.0,2.0,1.0,1.0,1.0,0.02,2.0,0.3,3.5,0.0,deGFP,1.0,2026-03-09,ext,M,GFP-M-Gext,3.356845488019095e-05
0 days 00:15:23,37.0,I11,907,I,11,GFP-M-Gext,1,2026-03-09 12:46:39,Cytation5,20260309-round1,4,Sample,5.000000045,0.0,2000.000003,1.799999952,1.799999951,10,19.969,20.0,100.0,50.0,0.0,0.0,2.0,2.0,1.0,1.0,1.0,0.02,2.0,0.3,3.5,0.0,deGFP,1.0,2026-03-09,ext,M,GFP-M-Gext,9.544385133646769e-05
0 days 00:20:23,37.0,I11,3129,I,11,GFP-M-Gext,1,2026-03-09 12:51:39,Cytation5,20260309-round1,4,Sample,5.000000045,0.0,2000.000003,1.799999952,1.799999951,10,19.969,20.0,100.0,50.0,0.0,0.0,2.0,2.0,1.0,1.0,1.0,0.02,2.0,0.3,3.5,0.0,deGFP,1.0,2026-03-09,ext,M,GFP-M-Gext,0.0003292655025709012
0 days 00:25:23,37.0,I11,7582,I,11,GFP-M-Gext,1,2026-03-09 12:56:39,Cytation5,20260309-round1,4,Sample,5.000000045,0.0,2000.000003,1.799999952,1.799999951,10,19.969,20.0,100.0,50.0,0.0,0.0,2.0,2.0,1.0,1.0,1.0,0.02,2.0,0.3,3.5,0.0,deGFP,1.0,2026-03-09,ext,M,GFP-M-Gext,0.0007978558774345071
0 days 00:30:23,37.0,I11,14337,I,11,GFP-M-Gext,1,2026-03-09 13:01:39,Cytation5,20260309-round1,4,Sample,5.000000045,0.0,2000.000003,1.799999952,1.799999951,10,19.969,20.0,100.0,50.0,0.0,0.0,2.0,2.0,1.0,1.0,1.0,0.02,2.0,0.3,3.5,0.0,deGFP,1.0,2026-03-09,ext,M,GFP-M-Gext,0.0015086863248191147
0 days 00:35:23,37.0,I11,22993,I,11,GFP-M-Gext,1,2026-03-09 13:06:39,Cytation5,20260309-round1,4,Sample,5.000000045,0.0,2000.000003,1.799999952,1.799999951,10,19.969,20.0,100.0,50.0,0.0,0.0,2.0,2.0,1.0,1.0,1.0,0.02,2.0,0.3,3.5,0.0,deGFP,1.0,2026-03-09,ext,M,GFP-M-Gext,0.002419559508025801
0 days 00:40:23,37.0,I11,33133,I,11,GFP-M-Gext,1,2026-03-09 13:11:39,Cytation5,20260309-round1,4,Sample,5.000000045,0.0,2000.000003,1.799999952,1.799999951,10,19.969,20.0,100.0,50.0,0.0,0.0,2.0,2.0,1.0,1.0,1.0,0.02,2.0,0.3,3.5,0.0,deGFP,1.0,2026-03-09,ext,M,GFP-M-Gext,0.003486594406098328
0 days 00:45:23,37.1,I11,45412,I,11,GFP-M-Gext,1,2026-03-09 13:16:39,Cytation5,20260309-round1,4,Sample,5.000000045,0.0,2000.000003,1.799999952,1.799999951,10,19.969,20.0,100.0,50.0,0.0,0.0,2.0,2.0,1.0,1.0,1.0,0.02,2.0,0.3,3.5,0.0,deGFP,1.0,2026-03-09,ext,M,GFP-M-Gext,0.004778716843320475
0 days 00:50:23,37.0,I11,58468,I,11,GFP-M-Gext,1,2026-03-09 13:21:39,Cytation5,20260309-round1,4,Sample,5.000000045,0.0,2000.000003,1.799999952,1.799999951,10,19.969,20.0,100.0,50.0,0.0,0.0,2.0,2.0,1.0,1.0,1.0,0.02,2.0,0.3,3.5,0.0,deGFP,1.0,2026-03-09,ext,M,GFP-M-Gext,0.006152603197288415
0 days 00:55:23,37.0,I11,72771,I,11,GFP-M-Gext,1,2026-03-09 13:26:39,Cytation5,20260309-round1,4,Sample,5.000000045,0.0,2000.000003,1.799999952,1.799999951,10,19.969,20.0,100.0,50.0,0.0,0.0,2.0,2.0,1.0,1.0,1.0,0.02,2.0,0.3,3.5,0.0,deGFP,1.0,2026-03-09,ext,M,GFP-M-Gext,0.007657711693060738
0 days 01:00:23,37.0,I11,88109,I,11,GFP-M-Gext,1,2026-03-09 13:31:39,Cytation5,20260309-round1,4,Sample,5.000000045,0.0,2000.000003,1.799999952,1.799999951,10,19.969,20.0,100.0,50.0,0.0,0.0,2.0,2.0,1.0,1.0,1.0,0.02,2.0,0.3,3.5,0.0,deGFP,1.0,2026-03-09,ext,M,GFP-M-Gext,0.009271733514228038
0 days 01:05:23,37.0,I11,103594,I,11,GFP-M-Gext,1,2026-03-09 13:36:39,Cytation5,20260309-round1,4,Sample,5.000000045,0.0,2000.000003,1.799999952,1.799999951,10,19.969,20.0,100.0,50.0,0.0,0.0,2.0,2.0,1.0,1.0,1.0,0.02,2.0,0.3,3.5,0.0,deGFP,1.0,2026-03-09,ext,M,GFP-M-Gext,0.010901224184509407
0 days 01:10:23,37.0,I11,120433,I,11,GFP-M-Gext,1,2026-03-09 13:41:39,Cytation5,20260309-round1,4,Sample,5.000000045,0.0,2000.000003,1.799999952,1.799999951,10,19.969,20.0,100.0,50.0,0.0,0.0,2.0,2.0,1.0,1.0,1.0,0.02,2.0,0.3,3.5,0.0,deGFP,1.0,2026-03-09,ext,M,GFP-M-Gext,0.012673196635065945
0 days 01:15:23,37.1,I11,137312,I,11,GFP-M-Gext,1,2026-03-09 13:46:39,Cytation5,20260309-round1,4,Sample,5.000000045,0.0,2000.000003,1.799999952,1.799999951,10,19.969,20.0,100.0,50.0,0.0,0.0,2.0,2.0,1.0,1.0,1.0,0.02,2.0,0.3,3.5,0.0,deGFP,1.0,2026-03-09,ext,M,GFP-M-Gext,0.014449378296265766
0 days 01:20:23,37.0,I11,154331,I,11,GFP-M-Gext,1,2026-03-09 13:51:39,Cytation5,20260309-round1,4,Sample,5.000000045,0.0,2000.000003,1.799999952,1.799999951,10,19.969,20.0,100.0,50.0,0.0,0.0,2.0,2.0,1.0,1.0,1.0,0.02,2.0,0.3,3.5,0.0,deGFP,1.0,2026-03-09,ext,M,GFP-M-Gext,0.016240292194717083
0 days 01:25:23,37.0,I11,173479,I,11,GFP-M-Gext,1,2026-03-09 13:56:39,Cytation5,20260309-round1,4,Sample,5.000000045,0.0,2000.000003,1.799999952,1.799999951,10,19.969,20.0,100.0,50.0,0.0,0.0,2.0,2.0,1.0,1.0,1.0,0.02,2.0,0.3,3.5,0.0,deGFP,1.0,2026-03-09,ext,M,GFP-M-Gext,0.018255241329657196
0 days 01:30:23,37.0,I11,189887,I,11,GFP-M-Gext,1,2026-03-09 14:01:39,Cytation5,20260309-round1,4,Sample,5.000000045,0.0,2000.000003,1.799999952,1.799999951,10,19.969,20.0,100.0,50.0,0.0,0.0,2.0,2.0,1.0,1.0,1.0,0.02,2.0,0.3,3.5,0.0,deGFP,1.0,2026-03-09,ext,M,GFP-M-Gext,0.019981859535532345
0 days 01:35:23,37.0,I11,207589,I,11,GFP-M-Gext,1,2026-03-09 14:06:39,Cytation5,20260309-round1,4,Sample,5.000000045,0.0,2000.000003,1.799999952,1.799999951,10,19.969,20.0,100.0,50.0,0.0,0.0,2.0,2.0,1.0,1.0,1.0,0.02,2.0,0.3,3.5,0.0,deGFP,1.0,2026-03-09,ext,M,GFP-M-Gext,0.02184464570571774
0 days 01:40:23,37.0,I11,225127,I,11,GFP-M-Gext,1,2026-03-09 14:11:39,Cytation5,20260309-round1,4,Sample,5.000000045,0.0,2000.000003,1.799999952,1.799999951,10,19.969,20.0,100.0,50.0,0.0,0.0,2.0,2.0,1.0,1.0,1.0,0.02,2.0,0.3,3.5,0.0,deGFP,1.0,2026-03-09,ext,M,GFP-M-Gext,0.023690174112265667
0 days 01:45:23,37.0,I11,242032,I,11,GFP-M-Gext,1,2026-03-09 14:16:39,Cytation5,20260309-round1,4,Sample,5.000000045,0.0,2000.000003,1.799999952,1.799999951,10,19.969,20.0,100.0,50.0,0.0,0.0,2.0,2.0,1.0,1.0,1.0,0.02,2.0,0.3,3.5,0.0,deGFP,1.0,2026-03-09,ext,M,GFP-M-Gext,0.025469091760383623
0 days 01:50:23,37.0,I11,258404,I,11,GFP-M-Gext,1,2026-03-09 14:21:39,Cytation5,20260309-round1,4,Sample,5.000000045,0.0,2000.000003,1.799999952,1.799999951,10,19.969,20.0,100.0,50.0,0.0,0.0,2.0,2.0,1.0,1.0,1.0,0.02,2.0,0.3,3.5,0.0,deGFP,1.0,2026-03-09,ext,M,GFP-M-Gext,0.027191921676679817
0 days 01:55:23,37.1,I11,273993,I,11,GFP-M-Gext,1,2026-03-09 14:26:39,Cytation5,20260309-round1,4,Sample,5.000000045,0.0,2000.000003,1.799999952,1.799999951,10,19.969,20.0,100.0,50.0,0.0,0.0,2.0,2.0,1.0,1.0,1.0,0.02,2.0,0.3,3.5,0.0,deGFP,1.0,2026-03-09,ext,M,GFP-M-Gext,0.028832356294633727
0 days 02:00:23,37.0,I11,290117,I,11,GFP-M-Gext,1,2026-03-09 14:31:39,Cytation5,20260309-round1,4,Sample,5.000000045,0.0,2000.000003,1.799999952,1.799999951,10,19.969,20.0,100.0,50.0,0.0,0.0,2.0,2.0,1.0,1.0,1.0,0.02,2.0,0.3,3.5,0.0,deGFP,1.0,2026-03-09,ext,M,GFP-M-Gext,0.030529089104941558
0 days 02:05:23,37.0,I11,302957,I,11,GFP-M-Gext,1,2026-03-09 14:36:39,Cytation5,20260309-round1,4,Sample,5.000000045,0.0,2000.000003,1.799999952,1.799999951,10,19.969,20.0,100.0,50.0,0.0,0.0,2.0,2.0,1.0,1.0,1.0,0.02,2.0,0.3,3.5,0.0,deGFP,1.0,2026-03-09,ext,M,GFP-M-Gext,0.03188024572143577
0 days 02:10:23,37.1,I11,315697,I,11,GFP-M-Gext,1,2026-03-09 14:41:39,Cytation5,20260309-round1,4,Sample,5.000000045,0.0,2000.000003,1.799999952,1.799999951,10,19.969,20.0,100.0,50.0,0.0,0.0,2.0,2.0,1.0,1.0,1.0,0.02,2.0,0.3,3.5,0.0,deGFP,1.0,2026-03-09,ext,M,GFP-M-Gext,0.03322087931132176
0 days 02:15:23,37.1,I11,328543,I,11,GFP-M-Gext,1,2026-03-09 14:46:39,Cytation5,20260309-round1,4,Sample,5.000000045,0.0,2000.000003,1.799999952,1.799999951,10,19.969,20.0,100.0,50.0,0.0,0.0,2.0,2.0,1.0,1.0,1.0,0.02,2.0,0.3,3.5,0.0,deGFP,1.0,2026-03-09,ext,M,GFP-M-Gext,0.03457266730941246
0 days 02:20:23,37.0,I11,340658,I,11,GFP-M-Gext,1,2026-03-09 14:51:39,Cytation5,20260309-round1,4,Sample,5.000000045,0.0,2000.000003,1.799999952,1.799999951,10,19.969,20.0,100.0,50.0,0.0,0.0,2.0,2.0,1.0,1.0,1.0,0.02,2.0,0.3,3.5,0.0,deGFP,1.0,2026-03-09,ext,M,GFP-M-Gext,0.035847531982997144
0 days 02:25:23,37.0,I11,348157,I,11,GFP-M-Gext,1,2026-03-09 14:56:39,Cytation5,20260309-round1,4,Sample,5.000000045,0.0,2000.000003,1.799999952,1.799999951,10,19.969,20.0,100.0,50.0,0.0,0.0,2.0,2.0,1.0,1.0,1.0,0.02,2.0,0.3,3.5,0.0,deGFP,1.0,2026-03-09,ext,M,GFP-M-Gext,0.036636653748346834
0 days 02:30:23,37.0,I11,358384,I,11,GFP-M-Gext,1,2026-03-09 15:01:39,Cytation5,20260309-round1,4,Sample,5.000000045,0.0,2000.000003,1.799999952,1.799999951,10,19.969,20.0,100.0,50.0,0.0,0.0,2.0,2.0,1.0,1.0,1.0,0.02,2.0,0.3,3.5,0.0,deGFP,1.0,2026-03-09,ext,M,GFP-M-Gext,0.0377128436795685
0 days 02:35:23,37.0,I11,394579,I,11,GFP-M-Gext,1,2026-03-09 15:06:39,Cytation5,20260309-round1,4,Sample,5.000000045,0.0,2000.000003,1.799999952,1.799999951,10,19.969,20.0,100.0,50.0,0.0,0.0,2.0,2.0,1.0,1.0,1.0,0.02,2.0,0.3,3.5,0.0,deGFP,1.0,2026-03-09,ext,M,GFP-M-Gext,0.04152165316041023
0 days 02:40:23,37.0,I11,400474,I,11,GFP-M-Gext,1,2026-03-09 15:11:39,Cytation5,20260309-round1,4,Sample,5.000000045,0.0,2000.000003,1.799999952,1.799999951,10,19.969,20.0,100.0,50.0,0.0,0.0,2.0,2.0,1.0,1.0,1.0,0.02,2.0,0.3,3.5,0.0,deGFP,1.0,2026-03-09,ext,M,GFP-M-Gext,0.04214198557896423
0 days 02:45:23,37.0,I11,406695,I,11,GFP-M-Gext,1,2026-03-09 15:16:39,Cytation5,20260309-round1,4,Sample,5.000000045,0.0,2000.000003,1.799999952,1.799999951,10,19.969,20.0,100.0,50.0,0.0,0.0,2.0,2.0,1.0,1.0,1.0,0.02,2.0,0.3,3.5,0.0,deGFP,1.0,2026-03-09,ext,M,GFP-M-Gext,0.042796623064261
0 days 02:50:23,37.0,I11,409741,I,11,GFP-M-Gext,1,2026-03-09 15:21:39,Cytation5,20260309-round1,4,Sample,5.000000045,0.0,2000.000003,1.799999952,1.799999951,10,19.969,20.0,100.0,50.0,0.0,0.0,2.0,2.0,1.0,1.0,1.0,0.02,2.0,0.3,3.5,0.0,deGFP,1.0,2026-03-09,ext,M,GFP-M-Gext,0.043117154454747085
0 days 02:55:23,37.0,I11,411587,I,11,GFP-M-Gext,1,2026-03-09 15:26:39,Cytation5,20260309-round1,4,Sample,5.000000045,0.0,2000.000003,1.799999952,1.799999951,10,19.969,20.0,100.0,50.0,0.0,0.0,2.0,2.0,1.0,1.0,1.0,0.02,2.0,0.3,3.5,0.0,deGFP,1.0,2026-03-09,ext,M,GFP-M-Gext,0.043311409525934645
0 days 03:00:23,36.9,I11,414341,I,11,GFP-M-Gext,1,2026-03-09 15:31:39,Cytation5,20260309-round1,4,Sample,5.000000045,0.0,2000.000003,1.799999952,1.799999951,10,19.969,20.0,100.0,50.0,0.0,0.0,2.0,2.0,1.0,1.0,1.0,0.02,2.0,0.3,3.5,0.0,deGFP,1.0,2026-03-09,ext,M,GFP-M-Gext,0.04360121367872476
0 days 03:05:23,37.0,I11,416391,I,11,GFP-M-Gext,1,2026-03-09 15:36:39,Cytation5,20260309-round1,4,Sample,5.000000045,0.0,2000.000003,1.799999952,1.799999951,10,19.969,20.0,100.0,50.0,0.0,0.0,2.0,2.0,1.0,1.0,1.0,0.02,2.0,0.3,3.5,0.0,deGFP,1.0,2026-03-09,ext,M,GFP-M-Gext,0.04381693572419307
0 days 03:10:23,37.0,I11,418159,I,11,GFP-M-Gext,1,2026-03-09 15:41:39,Cytation5,20260309-round1,4,Sample,5.000000045,0.0,2000.000003,1.799999952,1.799999951,10,19.969,20.0,100.0,50.0,0.0,0.0,2.0,2.0,1.0,1.0,1.0,0.02,2.0,0.3,3.5,0.0,deGFP,1.0,2026-03-09,ext,M,GFP-M-Gext,0.044002982834626225
0 days 03:15:23,37.0,I11,418045,I,11,GFP-M-Gext,1,2026-03-09 15:46:39,Cytation5,20260309-round1,4,Sample,5.000000045,0.0,2000.000003,1.799999952,1.799999951,10,19.969,20.0,100.0,50.0,0.0,0.0,2.0,2.0,1.0,1.0,1.0,0.02,2.0,0.3,3.5,0.0,deGFP,1.0,2026-03-09,ext,M,GFP-M-Gext,0.04399098658429287
0 days 03:20:23,37.0,I11,421799,I,11,GFP-M-Gext,1,2026-03-09 15:51:39,Cytation5,20260309-round1,4,Sample,5.000000045,0.0,2000.000003,1.799999952,1.799999951,10,19.969,20.0,100.0,50.0,0.0,0.0,2.0,2.0,1.0,1.0,1.0,0.02,2.0,0.3,3.5,0.0,deGFP,1.0,2026-03-09,ext,M,GFP-M-Gext,0.044386021003165084
0 days 03:25:23,37.0,I11,420709,I,11,GFP-M-Gext,1,2026-03-09 15:56:39,Cytation5,20260309-round1,4,Sample,5.000000045,0.0,2000.000003,1.799999952,1.799999951,10,19.969,20.0,100.0,50.0,0.0,0.0,2.0,2.0,1.0,1.0,1.0,0.02,2.0,0.3,3.5,0.0,deGFP,1.0,2026-03-09,ext,M,GFP-M-Gext,0.04427132001313559
0 days 03:30:23,37.0,I11,418845,I,11,GFP-M-Gext,1,2026-03-09 16:01:39,Cytation5,20260309-round1,4,Sample,5.000000045,0.0,2000.000003,1.799999952,1.799999951,10,19.969,20.0,100.0,50.0,0.0,0.0,2.0,2.0,1.0,1.0,1.0,0.02,2.0,0.3,3.5,0.0,deGFP,1.0,2026-03-09,ext,M,GFP-M-Gext,0.04407517079715855
0 days 03:35:23,37.0,I11,421737,I,11,GFP-M-Gext,1,2026-03-09 16:06:39,Cytation5,20260309-round1,4,Sample,5.000000045,0.0,2000.000003,1.799999952,1.799999951,10,19.969,20.0,100.0,50.0,0.0,0.0,2.0,2.0,1.0,1.0,1.0,0.02,2.0,0.3,3.5,0.0,deGFP,1.0,2026-03-09,ext,M,GFP-M-Gext,0.044379496726667994
0 days 03:40:23,37.1,I11,421123,I,11,GFP-M-Gext,1,2026-03-09 16:11:39,Cytation5,20260309-round1,4,Sample,5.000000045,0.0,2000.000003,1.799999952,1.799999951,10,19.969,20.0,100.0,50.0,0.0,0.0,2.0,2.0,1.0,1.0,1.0,0.02,2.0,0.3,3.5,0.0,deGFP,1.0,2026-03-09,ext,M,GFP-M-Gext,0.04431488534329358
0 days 03:45:23,37.0,I11,420470,I,11,GFP-M-Gext,1,2026-03-09 16:16:39,Cytation5,20260309-round1,4,Sample,5.000000045,0.0,2000.000003,1.799999952,1.799999951,10,19.969,20.0,100.0,50.0,0.0,0.0,2.0,2.0,1.0,1.0,1.0,0.02,2.0,0.3,3.5,0.0,deGFP,1.0,2026-03-09,ext,M,GFP-M-Gext,0.04424616997954197
0 days 03:50:23,37.0,I11,420134,I,11,GFP-M-Gext,1,2026-03-09 16:21:39,Cytation5,20260309-round1,4,Sample,5.000000045,0.0,2000.000003,1.799999952,1.799999951,10,19.969,20.0,100.0,50.0,0.0,0.0,2.0,2.0,1.0,1.0,1.0,0.02,2.0,0.3,3.5,0.0,deGFP,1.0,2026-03-09,ext,M,GFP-M-Gext,0.04421081261013838
0 days 03:55:23,37.0,I11,420521,I,11,GFP-M-Gext,1,2026-03-09 16:26:39,Cytation5,20260309-round1,4,Sample,5.000000045,0.0,2000.000003,1.799999952,1.799999951,10,19.969,20.0,100.0,50.0,0.0,0.0,2.0,2.0,1.0,1.0,1.0,0.02,2.0,0.3,3.5,0.0,deGFP,1.0,2026-03-09,ext,M,GFP-M-Gext,0.044251536723112155
0 days 04:00:23,37.0,I11,420041,I,11,GFP-M-Gext,1,2026-03-09 16:31:39,Cytation5,20260309-round1,4,Sample,5.000000045,0.0,2000.000003,1.799999952,1.799999951,10,19.969,20.0,100.0,50.0,0.0,0.0,2.0,2.0,1.0,1.0,1.0,0.02,2.0,0.3,3.5,0.0,deGFP,1.0,2026-03-09,ext,M,GFP-M-Gext,0.04420102619539275
0 days 04:05:23,37.1,I11,419614,I,11,GFP-M-Gext,1,2026-03-09 16:36:39,Cytation5,20260309-round1,4,Sample,5.000000045,0.0,2000.000003,1.799999952,1.799999951,10,19.969,20.0,100.0,50.0,0.0,0.0,2.0,2.0,1.0,1.0,1.0,0.02,2.0,0.3,3.5,0.0,deGFP,1.0,2026-03-09,ext,M,GFP-M-Gext,0.04415609287177569
0 days 04:10:23,37.1,I11,422039,I,11,GFP-M-Gext,1,2026-03-09 16:41:39,Cytation5,20260309-round1,4,Sample,5.000000045,0.0,2000.000003,1.799999952,1.799999951,10,19.969,20.0,100.0,50.0,0.0,0.0,2.0,2.0,1.0,1.0,1.0,0.02,2.0,0.3,3.5,0.0,deGFP,1.0,2026-03-09,ext,M,GFP-M-Gext,0.04441127626702479
0 days 04:15:23,37.0,I11,422494,I,11,GFP-M-Gext,1,2026-03-09 16:46:39,Cytation5,20260309-round1,4,Sample,5.000000045,0.0,2000.000003,1.799999952,1.799999951,10,19.969,20.0,100.0,50.0,0.0,0.0,2.0,2.0,1.0,1.0,1.0,0.02,2.0,0.3,3.5,0.0,deGFP,1.0,2026-03-09,ext,M,GFP-M-Gext,0.04445915603809215
0 days 04:20:23,37.0,I11,420920,I,11,GFP-M-Gext,1,2026-03-09 16:51:39,Cytation5,20260309-round1,4,Sample,5.000000045,0.0,2000.000003,1.799999952,1.799999951,10,19.969,20.0,100.0,50.0,0.0,0.0,2.0,2.0,1.0,1.0,1.0,0.02,2.0,0.3,3.5,0.0,deGFP,1.0,2026-03-09,ext,M,GFP-M-Gext,0.04429352359927891
0 days 04:25:23,37.0,I11,420527,I,11,GFP-M-Gext,1,2026-03-09 16:56:39,Cytation5,20260309-round1,4,Sample,5.000000045,0.0,2000.000003,1.799999952,1.799999951,10,19.969,20.0,100.0,50.0,0.0,0.0,2.0,2.0,1.0,1.0,1.0,0.02,2.0,0.3,3.5,0.0,deGFP,1.0,2026-03-09,ext,M,GFP-M-Gext,0.044252168104708646
0 days 04:30:23,37.1,I11,421286,I,11,GFP-M-Gext,1,2026-03-09 17:01:39,Cytation5,20260309-round1,4,Sample,5.000000045,0.0,2000.000003,1.799999952,1.799999951,10,19.969,20.0,100.0,50.0,0.0,0.0,2.0,2.0,1.0,1.0,1.0,0.02,2.0,0.3,3.5,0.0,deGFP,1.0,2026-03-09,ext,M,GFP-M-Gext,0.04433203787666497
0 days 04:35:23,37.0,I11,419436,I,11,GFP-M-Gext,1,2026-03-09 17:06:39,Cytation5,20260309-round1,4,Sample,5.000000045,0.0,2000.000003,1.799999952,1.799999951,10,19.969,20.0,100.0,50.0,0.0,0.0,2.0,2.0,1.0,1.0,1.0,0.02,2.0,0.3,3.5,0.0,deGFP,1.0,2026-03-09,ext,M,GFP-M-Gext,0.04413736188441308
0 days 04:40:23,37.0,I11,421179,I,11,GFP-M-Gext,1,2026-03-09 17:11:39,Cytation5,20260309-round1,4,Sample,5.000000045,0.0,2000.000003,1.799999952,1.799999951,10,19.969,20.0,100.0,50.0,0.0,0.0,2.0,2.0,1.0,1.0,1.0,0.02,2.0,0.3,3.5,0.0,deGFP,1.0,2026-03-09,ext,M,GFP-M-Gext,0.04432077823819418
0 days 04:45:23,37.0,I11,420733,I,11,GFP-M-Gext,1,2026-03-09 17:16:39,Cytation5,20260309-round1,4,Sample,5.000000045,0.0,2000.000003,1.799999952,1.799999951,10,19.969,20.0,100.0,50.0,0.0,0.0,2.0,2.0,1.0,1.0,1.0,0.02,2.0,0.3,3.5,0.0,deGFP,1.0,2026-03-09,ext,M,GFP-M-Gext,0.044273845539521565
0 days 04:50:23,37.1,I11,422487,I,11,GFP-M-Gext,1,2026-03-09 17:21:39,Cytation5,20260309-round1,4,Sample,5.000000045,0.0,2000.000003,1.799999952,1.799999951,10,19.969,20.0,100.0,50.0,0.0,0.0,2.0,2.0,1.0,1.0,1.0,0.02,2.0,0.3,3.5,0.0,deGFP,1.0,2026-03-09,ext,M,GFP-M-Gext,0.04445841942622957
0 days 04:55:23,37.1,I11,416616,I,11,GFP-M-Gext,1,2026-03-09 17:26:39,Cytation5,20260309-round1,4,Sample,5.000000045,0.0,2000.000003,1.799999952,1.799999951,10,19.969,20.0,100.0,50.0,0.0,0.0,2.0,2.0,1.0,1.0,1.0,0.02,2.0,0.3,3.5,0.0,deGFP,1.0,2026-03-09,ext,M,GFP-M-Gext,0.043840612534061546
0 days 05:00:23,37.1,I11,422065,I,11,GFP-M-Gext,1,2026-03-09 17:31:39,Cytation5,20260309-round1,4,Sample,5.000000045,0.0,2000.000003,1.799999952,1.799999951,10,19.969,20.0,100.0,50.0,0.0,0.0,2.0,2.0,1.0,1.0,1.0,0.02,2.0,0.3,3.5,0.0,deGFP,1.0,2026-03-09,ext,M,GFP-M-Gext,0.044414012253942925
0 days 05:05:23,37.0,I11,417818,I,11,GFP-M-Gext,1,2026-03-09 17:36:39,Cytation5,20260309-round1,4,Sample,5.000000045,0.0,2000.000003,1.799999952,1.799999951,10,19.969,20.0,100.0,50.0,0.0,0.0,2.0,2.0,1.0,1.0,1.0,0.02,2.0,0.3,3.5,0.0,deGFP,1.0,2026-03-09,ext,M,GFP-M-Gext,0.043967099313892234
0 days 05:10:23,37.0,I11,420305,I,11,GFP-M-Gext,1,2026-03-09 17:41:39,Cytation5,20260309-round1,4,Sample,5.000000045,0.0,2000.000003,1.799999952,1.799999951,10,19.969,20.0,100.0,50.0,0.0,0.0,2.0,2.0,1.0,1.0,1.0,0.02,2.0,0.3,3.5,0.0,deGFP,1.0,2026-03-09,ext,M,GFP-M-Gext,0.04422880698563842
0 days 05:15:23,37.0,I11,419363,I,11,GFP-M-Gext,1,2026-03-09 17:46:39,Cytation5,20260309-round1,4,Sample,5.000000045,0.0,2000.000003,1.799999952,1.799999951,10,19.969,20.0,100.0,50.0,0.0,0.0,2.0,2.0,1.0,1.0,1.0,0.02,2.0,0.3,3.5,0.0,deGFP,1.0,2026-03-09,ext,M,GFP-M-Gext,0.04412968007498908
0 days 05:20:23,37.0,I11,417735,I,11,GFP-M-Gext,1,2026-03-09 17:51:39,Cytation5,20260309-round1,4,Sample,5.000000045,0.0,2000.000003,1.799999952,1.799999951,10,19.969,20.0,100.0,50.0,0.0,0.0,2.0,2.0,1.0,1.0,1.0,0.02,2.0,0.3,3.5,0.0,deGFP,1.0,2026-03-09,ext,M,GFP-M-Gext,0.04395836520180742
0 days 05:25:23,37.1,I11,418432,I,11,GFP-M-Gext,1,2026-03-09 17:56:39,Cytation5,20260309-round1,4,Sample,5.000000045,0.0,2000.000003,1.799999952,1.799999951,10,19.969,20.0,100.0,50.0,0.0,0.0,2.0,2.0,1.0,1.0,1.0,0.02,2.0,0.3,3.5,0.0,deGFP,1.0,2026-03-09,ext,M,GFP-M-Gext,0.04403171069726664
0 days 05:30:23,37.1,I11,418495,I,11,GFP-M-Gext,1,2026-03-09 18:01:39,Cytation5,20260309-round1,4,Sample,5.000000045,0.0,2000.000003,1.799999952,1.799999951,10,19.969,20.0,100.0,50.0,0.0,0.0,2.0,2.0,1.0,1.0,1.0,0.02,2.0,0.3,3.5,0.0,deGFP,1.0,2026-03-09,ext,M,GFP-M-Gext,0.044038340204029816
0 days 05:35:23,37.1,I11,418598,I,11,GFP-M-Gext,1,2026-03-09 18:06:39,Cytation5,20260309-round1,4,Sample,5.000000045,0.0,2000.000003,1.799999952,1.799999951,10,19.969,20.0,100.0,50.0,0.0,0.0,2.0,2.0,1.0,1.0,1.0,0.02,2.0,0.3,3.5,0.0,deGFP,1.0,2026-03-09,ext,M,GFP-M-Gext,0.04404917892143627
0 days 05:40:23,37.0,I11,415910,I,11,GFP-M-Gext,1,2026-03-09 18:11:39,Cytation5,20260309-round1,4,Sample,5.000000045,0.0,2000.000003,1.799999952,1.799999951,10,19.969,20.0,100.0,50.0,0.0,0.0,2.0,2.0,1.0,1.0,1.0,0.02,2.0,0.3,3.5,0.0,deGFP,1.0,2026-03-09,ext,M,GFP-M-Gext,0.04376631996620758
0 days 05:45:23,37.0,I11,417580,I,11,GFP-M-Gext,1,2026-03-09 18:16:39,Cytation5,20260309-round1,4,Sample,5.000000045,0.0,2000.000003,1.799999952,1.799999951,10,19.969,20.0,100.0,50.0,0.0,0.0,2.0,2.0,1.0,1.0,1.0,0.02,2.0,0.3,3.5,0.0,deGFP,1.0,2026-03-09,ext,M,GFP-M-Gext,0.04394205451056469
0 days 05:50:23,37.0,I11,418072,I,11,GFP-M-Gext,1,2026-03-09 18:21:39,Cytation5,20260309-round1,4,Sample,5.000000045,0.0,2000.000003,1.799999952,1.799999951,10,19.969,20.0,100.0,50.0,0.0,0.0,2.0,2.0,1.0,1.0,1.0,0.02,2.0,0.3,3.5,0.0,deGFP,1.0,2026-03-09,ext,M,GFP-M-Gext,0.043993827801477085
0 days 05:55:23,37.0,I11,416986,I,11,GFP-M-Gext,1,2026-03-09 18:26:39,Cytation5,20260309-round1,4,Sample,5.000000045,0.0,2000.000003,1.799999952,1.799999951,10,19.969,20.0,100.0,50.0,0.0,0.0,2.0,2.0,1.0,1.0,1.0,0.02,2.0,0.3,3.5,0.0,deGFP,1.0,2026-03-09,ext,M,GFP-M-Gext,0.043879547732511924
0 days 06:00:23,37.1,I11,417613,I,11,GFP-M-Gext,1,2026-03-09 18:31:39,Cytation5,20260309-round1,4,Sample,5.000000045,0.0,2000.000003,1.799999952,1.799999951,10,19.969,20.0,100.0,50.0,0.0,0.0,2.0,2.0,1.0,1.0,1.0,0.02,2.0,0.3,3.5,0.0,deGFP,1.0,2026-03-09,ext,M,GFP-M-Gext,0.0439455271093454
0 days 00:00:23,28.9,I12,377,I,12,GFP-M-Gext,1,2026-03-09 12:31:39,Cytation5,20260309-round1,4,Sample,5.000000045,0.0,2000.000003,1.799999952,1.799999951,10,17.469,100.0,175.0,50.0,0.0,0.0,2.0,2.0,1.0,1.0,1.0,0.02,2.0,0.3,3.5,0.0,deGFP,1.0,2026-03-09,ext,M,GFP-M-Gext,3.967181031295294e-05
0 days 00:05:23,34.5,I12,334,I,12,GFP-M-Gext,1,2026-03-09 12:36:39,Cytation5,20260309-round1,4,Sample,5.000000045,0.0,2000.000003,1.799999952,1.799999951,10,17.469,100.0,175.0,50.0,0.0,0.0,2.0,2.0,1.0,1.0,1.0,0.02,2.0,0.3,3.5,0.0,deGFP,1.0,2026-03-09,ext,M,GFP-M-Gext,3.51469088714225e-05
0 days 00:10:23,37.0,I12,331,I,12,GFP-M-Gext,1,2026-03-09 12:41:39,Cytation5,20260309-round1,4,Sample,5.000000045,0.0,2000.000003,1.799999952,1.799999951,10,17.469,100.0,175.0,50.0,0.0,0.0,2.0,2.0,1.0,1.0,1.0,0.02,2.0,0.3,3.5,0.0,deGFP,1.0,2026-03-09,ext,M,GFP-M-Gext,3.483121807317619e-05
0 days 00:15:23,37.0,I12,521,I,12,GFP-M-Gext,1,2026-03-09 12:46:39,Cytation5,20260309-round1,4,Sample,5.000000045,0.0,2000.000003,1.799999952,1.799999951,10,17.469,100.0,175.0,50.0,0.0,0.0,2.0,2.0,1.0,1.0,1.0,0.02,2.0,0.3,3.5,0.0,deGFP,1.0,2026-03-09,ext,M,GFP-M-Gext,5.482496862877581e-05
0 days 00:20:23,37.0,I12,1106,I,12,GFP-M-Gext,1,2026-03-09 12:51:39,Cytation5,20260309-round1,4,Sample,5.000000045,0.0,2000.000003,1.799999952,1.799999951,10,17.469,100.0,175.0,50.0,0.0,0.0,2.0,2.0,1.0,1.0,1.0,0.02,2.0,0.3,3.5,0.0,deGFP,1.0,2026-03-09,ext,M,GFP-M-Gext,0.00011638467428680623
0 days 00:25:23,37.0,I12,2222,I,12,GFP-M-Gext,1,2026-03-09 12:56:39,Cytation5,20260309-round1,4,Sample,5.000000045,0.0,2000.000003,1.799999952,1.799999951,10,17.469,100.0,175.0,50.0,0.0,0.0,2.0,2.0,1.0,1.0,1.0,0.02,2.0,0.3,3.5,0.0,deGFP,1.0,2026-03-09,ext,M,GFP-M-Gext,0.0002338216512344335
0 days 00:30:23,37.0,I12,3853,I,12,GFP-M-Gext,1,2026-03-09 13:01:39,Cytation5,20260309-round1,4,Sample,5.000000045,0.0,2000.000003,1.799999952,1.799999951,10,17.469,100.0,175.0,50.0,0.0,0.0,2.0,2.0,1.0,1.0,1.0,0.02,2.0,0.3,3.5,0.0,deGFP,1.0,2026-03-09,ext,M,GFP-M-Gext,0.00040545221521434395
0 days 00:35:23,37.0,I12,5771,I,12,GFP-M-Gext,1,2026-03-09 13:06:39,Cytation5,20260309-round1,4,Sample,5.000000045,0.0,2000.000003,1.799999952,1.799999951,10,17.469,100.0,175.0,50.0,0.0,0.0,2.0,2.0,1.0,1.0,1.0,0.02,2.0,0.3,3.5,0.0,deGFP,1.0,2026-03-09,ext,M,GFP-M-Gext,0.0006072838655598181
0 days 00:40:23,37.0,I12,7773,I,12,GFP-M-Gext,1,2026-03-09 13:11:39,Cytation5,20260309-round1,4,Sample,5.000000045,0.0,2000.000003,1.799999952,1.799999951,10,17.469,100.0,175.0,50.0,0.0,0.0,2.0,2.0,1.0,1.0,1.0,0.02,2.0,0.3,3.5,0.0,deGFP,1.0,2026-03-09,ext,M,GFP-M-Gext,0.0008179548582561889
0 days 00:45:23,37.1,I12,9792,I,12,GFP-M-Gext,1,2026-03-09 13:16:39,Cytation5,20260309-round1,4,Sample,5.000000045,0.0,2000.000003,1.799999952,1.799999951,10,17.469,100.0,175.0,50.0,0.0,0.0,2.0,2.0,1.0,1.0,1.0,0.02,2.0,0.3,3.5,0.0,deGFP,1.0,2026-03-09,ext,M,GFP-M-Gext,0.0010304147654759553
0 days 00:50:23,37.0,I12,11534,I,12,GFP-M-Gext,1,2026-03-09 13:21:39,Cytation5,20260309-round1,4,Sample,5.000000045,0.0,2000.000003,1.799999952,1.799999951,10,17.469,100.0,175.0,50.0,0.0,0.0,2.0,2.0,1.0,1.0,1.0,0.02,2.0,0.3,3.5,0.0,deGFP,1.0,2026-03-09,ext,M,GFP-M-Gext,0.0012137258889909793
0 days 00:55:23,37.0,I12,13107,I,12,GFP-M-Gext,1,2026-03-09 13:26:39,Cytation5,20260309-round1,4,Sample,5.000000045,0.0,2000.000003,1.799999952,1.799999951,10,17.469,100.0,175.0,50.0,0.0,0.0,2.0,2.0,1.0,1.0,1.0,0.02,2.0,0.3,3.5,0.0,deGFP,1.0,2026-03-09,ext,M,GFP-M-Gext,0.0013792530975381277
0 days 01:00:23,37.0,I12,13918,I,12,GFP-M-Gext,1,2026-03-09 13:31:39,Cytation5,20260309-round1,4,Sample,5.000000045,0.0,2000.000003,1.799999952,1.799999951,10,17.469,100.0,175.0,50.0,0.0,0.0,2.0,2.0,1.0,1.0,1.0,0.02,2.0,0.3,3.5,0.0,deGFP,1.0,2026-03-09,ext,M,GFP-M-Gext,0.0014645948433307135
0 days 01:05:23,37.0,I12,15095,I,12,GFP-M-Gext,1,2026-03-09 13:36:39,Cytation5,20260309-round1,4,Sample,5.000000045,0.0,2000.000003,1.799999952,1.799999951,10,17.469,100.0,175.0,50.0,0.0,0.0,2.0,2.0,1.0,1.0,1.0,0.02,2.0,0.3,3.5,0.0,deGFP,1.0,2026-03-09,ext,M,GFP-M-Gext,0.001588450866509349
0 days 01:10:23,37.0,I12,15807,I,12,GFP-M-Gext,1,2026-03-09 13:41:39,Cytation5,20260309-round1,4,Sample,5.000000045,0.0,2000.000003,1.799999952,1.799999951,10,17.469,100.0,175.0,50.0,0.0,0.0,2.0,2.0,1.0,1.0,1.0,0.02,2.0,0.3,3.5,0.0,deGFP,1.0,2026-03-09,ext,M,GFP-M-Gext,0.0016633748159598067
0 days 01:15:23,37.1,I12,16470,I,12,GFP-M-Gext,1,2026-03-09 13:46:39,Cytation5,20260309-round1,4,Sample,5.000000045,0.0,2000.000003,1.799999952,1.799999951,10,17.469,100.0,175.0,50.0,0.0,0.0,2.0,2.0,1.0,1.0,1.0,0.02,2.0,0.3,3.5,0.0,deGFP,1.0,2026-03-09,ext,M,GFP-M-Gext,0.0017331424823722411
0 days 01:20:23,37.0,I12,17200,I,12,GFP-M-Gext,1,2026-03-09 13:51:39,Cytation5,20260309-round1,4,Sample,5.000000045,0.0,2000.000003,1.799999952,1.799999951,10,17.469,100.0,175.0,50.0,0.0,0.0,2.0,2.0,1.0,1.0,1.0,0.02,2.0,0.3,3.5,0.0,deGFP,1.0,2026-03-09,ext,M,GFP-M-Gext,0.0018099605766121766
0 days 01:25:23,37.0,I12,17635,I,12,GFP-M-Gext,1,2026-03-09 13:56:39,Cytation5,20260309-round1,4,Sample,5.000000045,0.0,2000.000003,1.799999952,1.799999951,10,17.469,100.0,175.0,50.0,0.0,0.0,2.0,2.0,1.0,1.0,1.0,0.02,2.0,0.3,3.5,0.0,deGFP,1.0,2026-03-09,ext,M,GFP-M-Gext,0.0018557357423578914
0 days 01:30:23,37.0,I12,18106,I,12,GFP-M-Gext,1,2026-03-09 14:01:39,Cytation5,20260309-round1,4,Sample,5.000000045,0.0,2000.000003,1.799999952,1.799999951,10,17.469,100.0,175.0,50.0,0.0,0.0,2.0,2.0,1.0,1.0,1.0,0.02,2.0,0.3,3.5,0.0,deGFP,1.0,2026-03-09,ext,M,GFP-M-Gext,0.0019052991976825622
0 days 01:35:23,37.0,I12,18668,I,12,GFP-M-Gext,1,2026-03-09 14:06:39,Cytation5,20260309-round1,4,Sample,5.000000045,0.0,2000.000003,1.799999952,1.799999951,10,17.469,100.0,175.0,50.0,0.0,0.0,2.0,2.0,1.0,1.0,1.0,0.02,2.0,0.3,3.5,0.0,deGFP,1.0,2026-03-09,ext,M,GFP-M-Gext,0.001964438607220704
0 days 01:40:23,37.0,I12,18700,I,12,GFP-M-Gext,1,2026-03-09 14:11:39,Cytation5,20260309-round1,4,Sample,5.000000045,0.0,2000.000003,1.799999952,1.799999951,10,17.469,100.0,175.0,50.0,0.0,0.0,2.0,2.0,1.0,1.0,1.0,0.02,2.0,0.3,3.5,0.0,deGFP,1.0,2026-03-09,ext,M,GFP-M-Gext,0.0019678059757353315
0 days 01:45:23,37.0,I12,19110,I,12,GFP-M-Gext,1,2026-03-09 14:16:39,Cytation5,20260309-round1,4,Sample,5.000000045,0.0,2000.000003,1.799999952,1.799999951,10,17.469,100.0,175.0,50.0,0.0,0.0,2.0,2.0,1.0,1.0,1.0,0.02,2.0,0.3,3.5,0.0,deGFP,1.0,2026-03-09,ext,M,GFP-M-Gext,0.002010950384828994
0 days 01:50:23,37.0,I12,19353,I,12,GFP-M-Gext,1,2026-03-09 14:21:39,Cytation5,20260309-round1,4,Sample,5.000000045,0.0,2000.000003,1.799999952,1.799999951,10,17.469,100.0,175.0,50.0,0.0,0.0,2.0,2.0,1.0,1.0,1.0,0.02,2.0,0.3,3.5,0.0,deGFP,1.0,2026-03-09,ext,M,GFP-M-Gext,0.002036521339486945
0 days 01:55:23,37.1,I12,19786,I,12,GFP-M-Gext,1,2026-03-09 14:26:39,Cytation5,20260309-round1,4,Sample,5.000000045,0.0,2000.000003,1.799999952,1.799999951,10,17.469,100.0,175.0,50.0,0.0,0.0,2.0,2.0,1.0,1.0,1.0,0.02,2.0,0.3,3.5,0.0,deGFP,1.0,2026-03-09,ext,M,GFP-M-Gext,0.002082086044700496
0 days 02:00:23,37.0,I12,19984,I,12,GFP-M-Gext,1,2026-03-09 14:31:39,Cytation5,20260309-round1,4,Sample,5.000000045,0.0,2000.000003,1.799999952,1.799999951,10,17.469,100.0,175.0,50.0,0.0,0.0,2.0,2.0,1.0,1.0,1.0,0.02,2.0,0.3,3.5,0.0,deGFP,1.0,2026-03-09,ext,M,GFP-M-Gext,0.002102921637384752
0 days 02:05:23,37.0,I12,20412,I,12,GFP-M-Gext,1,2026-03-09 14:36:39,Cytation5,20260309-round1,4,Sample,5.000000045,0.0,2000.000003,1.799999952,1.799999951,10,17.469,100.0,175.0,50.0,0.0,0.0,2.0,2.0,1.0,1.0,1.0,0.02,2.0,0.3,3.5,0.0,deGFP,1.0,2026-03-09,ext,M,GFP-M-Gext,0.002147960191267892
0 days 02:10:23,37.1,I12,20274,I,12,GFP-M-Gext,1,2026-03-09 14:41:39,Cytation5,20260309-round1,4,Sample,5.000000045,0.0,2000.000003,1.799999952,1.799999951,10,17.469,100.0,175.0,50.0,0.0,0.0,2.0,2.0,1.0,1.0,1.0,0.02,2.0,0.3,3.5,0.0,deGFP,1.0,2026-03-09,ext,M,GFP-M-Gext,0.0021334384145485622
0 days 02:15:23,37.1,I12,21037,I,12,GFP-M-Gext,1,2026-03-09 14:46:39,Cytation5,20260309-round1,4,Sample,5.000000045,0.0,2000.000003,1.799999952,1.799999951,10,17.469,100.0,175.0,50.0,0.0,0.0,2.0,2.0,1.0,1.0,1.0,0.02,2.0,0.3,3.5,0.0,deGFP,1.0,2026-03-09,ext,M,GFP-M-Gext,0.002213729107569207
0 days 02:20:23,37.0,I12,21175,I,12,GFP-M-Gext,1,2026-03-09 14:51:39,Cytation5,20260309-round1,4,Sample,5.000000045,0.0,2000.000003,1.799999952,1.799999951,10,17.469,100.0,175.0,50.0,0.0,0.0,2.0,2.0,1.0,1.0,1.0,0.02,2.0,0.3,3.5,0.0,deGFP,1.0,2026-03-09,ext,M,GFP-M-Gext,0.002228250884288537
0 days 02:25:23,37.0,I12,21107,I,12,GFP-M-Gext,1,2026-03-09 14:56:39,Cytation5,20260309-round1,4,Sample,5.000000045,0.0,2000.000003,1.799999952,1.799999951,10,17.469,100.0,175.0,50.0,0.0,0.0,2.0,2.0,1.0,1.0,1.0,0.02,2.0,0.3,3.5,0.0,deGFP,1.0,2026-03-09,ext,M,GFP-M-Gext,0.002221095226194954
0 days 02:30:23,37.0,I12,21002,I,12,GFP-M-Gext,1,2026-03-09 15:01:39,Cytation5,20260309-round1,4,Sample,5.000000045,0.0,2000.000003,1.799999952,1.799999951,10,17.469,100.0,175.0,50.0,0.0,0.0,2.0,2.0,1.0,1.0,1.0,0.02,2.0,0.3,3.5,0.0,deGFP,1.0,2026-03-09,ext,M,GFP-M-Gext,0.002210046048256333
0 days 02:35:23,37.0,I12,21510,I,12,GFP-M-Gext,1,2026-03-09 15:06:39,Cytation5,20260309-round1,4,Sample,5.000000045,0.0,2000.000003,1.799999952,1.799999951,10,17.469,100.0,175.0,50.0,0.0,0.0,2.0,2.0,1.0,1.0,1.0,0.02,2.0,0.3,3.5,0.0,deGFP,1.0,2026-03-09,ext,M,GFP-M-Gext,0.0022635030234260415
0 days 02:40:23,37.0,I12,21562,I,12,GFP-M-Gext,1,2026-03-09 15:11:39,Cytation5,20260309-round1,4,Sample,5.000000045,0.0,2000.000003,1.799999952,1.799999951,10,17.469,100.0,175.0,50.0,0.0,0.0,2.0,2.0,1.0,1.0,1.0,0.02,2.0,0.3,3.5,0.0,deGFP,1.0,2026-03-09,ext,M,GFP-M-Gext,0.002268974997262311
0 days 02:45:23,37.0,I12,21703,I,12,GFP-M-Gext,1,2026-03-09 15:16:39,Cytation5,20260309-round1,4,Sample,5.000000045,0.0,2000.000003,1.799999952,1.799999951,10,17.469,100.0,175.0,50.0,0.0,0.0,2.0,2.0,1.0,1.0,1.0,0.02,2.0,0.3,3.5,0.0,deGFP,1.0,2026-03-09,ext,M,GFP-M-Gext,0.002283812464779888
0 days 02:50:23,37.0,I12,21742,I,12,GFP-M-Gext,1,2026-03-09 15:21:39,Cytation5,20260309-round1,4,Sample,5.000000045,0.0,2000.000003,1.799999952,1.799999951,10,17.469,100.0,175.0,50.0,0.0,0.0,2.0,2.0,1.0,1.0,1.0,0.02,2.0,0.3,3.5,0.0,deGFP,1.0,2026-03-09,ext,M,GFP-M-Gext,0.0022879164451570897
0 days 02:55:23,37.0,I12,21937,I,12,GFP-M-Gext,1,2026-03-09 15:26:39,Cytation5,20260309-round1,4,Sample,5.000000045,0.0,2000.000003,1.799999952,1.799999951,10,17.469,100.0,175.0,50.0,0.0,0.0,2.0,2.0,1.0,1.0,1.0,0.02,2.0,0.3,3.5,0.0,deGFP,1.0,2026-03-09,ext,M,GFP-M-Gext,0.0023084363470430996
0 days 03:00:23,36.9,I12,22001,I,12,GFP-M-Gext,1,2026-03-09 15:31:39,Cytation5,20260309-round1,4,Sample,5.000000045,0.0,2000.000003,1.799999952,1.799999951,10,17.469,100.0,175.0,50.0,0.0,0.0,2.0,2.0,1.0,1.0,1.0,0.02,2.0,0.3,3.5,0.0,deGFP,1.0,2026-03-09,ext,M,GFP-M-Gext,0.0023151710840723545
0 days 03:05:23,37.0,I12,21668,I,12,GFP-M-Gext,1,2026-03-09 15:36:39,Cytation5,20260309-round1,4,Sample,5.000000045,0.0,2000.000003,1.799999952,1.799999951,10,17.469,100.0,175.0,50.0,0.0,0.0,2.0,2.0,1.0,1.0,1.0,0.02,2.0,0.3,3.5,0.0,deGFP,1.0,2026-03-09,ext,M,GFP-M-Gext,0.0022801294054670142
0 days 03:10:23,37.0,I12,22033,I,12,GFP-M-Gext,1,2026-03-09 15:41:39,Cytation5,20260309-round1,4,Sample,5.000000045,0.0,2000.000003,1.799999952,1.799999951,10,17.469,100.0,175.0,50.0,0.0,0.0,2.0,2.0,1.0,1.0,1.0,0.02,2.0,0.3,3.5,0.0,deGFP,1.0,2026-03-09,ext,M,GFP-M-Gext,0.0023185384525869815
0 days 03:15:23,37.0,I12,22106,I,12,GFP-M-Gext,1,2026-03-09 15:46:39,Cytation5,20260309-round1,4,Sample,5.000000045,0.0,2000.000003,1.799999952,1.799999951,10,17.469,100.0,175.0,50.0,0.0,0.0,2.0,2.0,1.0,1.0,1.0,0.02,2.0,0.3,3.5,0.0,deGFP,1.0,2026-03-09,ext,M,GFP-M-Gext,0.0023262202620109754
0 days 03:20:23,37.0,I12,22233,I,12,GFP-M-Gext,1,2026-03-09 15:51:39,Cytation5,20260309-round1,4,Sample,5.000000045,0.0,2000.000003,1.799999952,1.799999951,10,17.469,100.0,175.0,50.0,0.0,0.0,2.0,2.0,1.0,1.0,1.0,0.02,2.0,0.3,3.5,0.0,deGFP,1.0,2026-03-09,ext,M,GFP-M-Gext,0.0023395845058034022
0 days 03:25:23,37.0,I12,21724,I,12,GFP-M-Gext,1,2026-03-09 15:56:39,Cytation5,20260309-round1,4,Sample,5.000000045,0.0,2000.000003,1.799999952,1.799999951,10,17.469,100.0,175.0,50.0,0.0,0.0,2.0,2.0,1.0,1.0,1.0,0.02,2.0,0.3,3.5,0.0,deGFP,1.0,2026-03-09,ext,M,GFP-M-Gext,0.002286022300367612
0 days 03:30:23,37.0,I12,22207,I,12,GFP-M-Gext,1,2026-03-09 16:01:39,Cytation5,20260309-round1,4,Sample,5.000000045,0.0,2000.000003,1.799999952,1.799999951,10,17.469,100.0,175.0,50.0,0.0,0.0,2.0,2.0,1.0,1.0,1.0,0.02,2.0,0.3,3.5,0.0,deGFP,1.0,2026-03-09,ext,M,GFP-M-Gext,0.0023368485188852675
0 days 03:35:23,37.0,I12,22130,I,12,GFP-M-Gext,1,2026-03-09 16:06:39,Cytation5,20260309-round1,4,Sample,5.000000045,0.0,2000.000003,1.799999952,1.799999951,10,17.469,100.0,175.0,50.0,0.0,0.0,2.0,2.0,1.0,1.0,1.0,0.02,2.0,0.3,3.5,0.0,deGFP,1.0,2026-03-09,ext,M,GFP-M-Gext,0.002328745788396946
0 days 03:40:23,37.1,I12,22011,I,12,GFP-M-Gext,1,2026-03-09 16:11:39,Cytation5,20260309-round1,4,Sample,5.000000045,0.0,2000.000003,1.799999952,1.799999951,10,17.469,100.0,175.0,50.0,0.0,0.0,2.0,2.0,1.0,1.0,1.0,0.02,2.0,0.3,3.5,0.0,deGFP,1.0,2026-03-09,ext,M,GFP-M-Gext,0.0023162233867331755
0 days 03:45:23,37.0,I12,22254,I,12,GFP-M-Gext,1,2026-03-09 16:16:39,Cytation5,20260309-round1,4,Sample,5.000000045,0.0,2000.000003,1.799999952,1.799999951,10,17.469,100.0,175.0,50.0,0.0,0.0,2.0,2.0,1.0,1.0,1.0,0.02,2.0,0.3,3.5,0.0,deGFP,1.0,2026-03-09,ext,M,GFP-M-Gext,0.0023417943413911266
0 days 03:50:23,37.0,I12,21917,I,12,GFP-M-Gext,1,2026-03-09 16:21:39,Cytation5,20260309-round1,4,Sample,5.000000045,0.0,2000.000003,1.799999952,1.799999951,10,17.469,100.0,175.0,50.0,0.0,0.0,2.0,2.0,1.0,1.0,1.0,0.02,2.0,0.3,3.5,0.0,deGFP,1.0,2026-03-09,ext,M,GFP-M-Gext,0.0023063317417214577
0 days 03:55:23,37.0,I12,22308,I,12,GFP-M-Gext,1,2026-03-09 16:26:39,Cytation5,20260309-round1,4,Sample,5.000000045,0.0,2000.000003,1.799999952,1.799999951,10,17.469,100.0,175.0,50.0,0.0,0.0,2.0,2.0,1.0,1.0,1.0,0.02,2.0,0.3,3.5,0.0,deGFP,1.0,2026-03-09,ext,M,GFP-M-Gext,0.00234747677575956
0 days 04:00:23,37.0,I12,22243,I,12,GFP-M-Gext,1,2026-03-09 16:31:39,Cytation5,20260309-round1,4,Sample,5.000000045,0.0,2000.000003,1.799999952,1.799999951,10,17.469,100.0,175.0,50.0,0.0,0.0,2.0,2.0,1.0,1.0,1.0,0.02,2.0,0.3,3.5,0.0,deGFP,1.0,2026-03-09,ext,M,GFP-M-Gext,0.0023406368084642236
0 days 04:05:23,37.1,I12,22497,I,12,GFP-M-Gext,1,2026-03-09 16:36:39,Cytation5,20260309-round1,4,Sample,5.000000045,0.0,2000.000003,1.799999952,1.799999951,10,17.469,100.0,175.0,50.0,0.0,0.0,2.0,2.0,1.0,1.0,1.0,0.02,2.0,0.3,3.5,0.0,deGFP,1.0,2026-03-09,ext,M,GFP-M-Gext,0.002367365296049078
0 days 04:10:23,37.1,I12,22137,I,12,GFP-M-Gext,1,2026-03-09 16:41:39,Cytation5,20260309-round1,4,Sample,5.000000045,0.0,2000.000003,1.799999952,1.799999951,10,17.469,100.0,175.0,50.0,0.0,0.0,2.0,2.0,1.0,1.0,1.0,0.02,2.0,0.3,3.5,0.0,deGFP,1.0,2026-03-09,ext,M,GFP-M-Gext,0.0023294824002595203
0 days 04:15:23,37.0,I12,22222,I,12,GFP-M-Gext,1,2026-03-09 16:46:39,Cytation5,20260309-round1,4,Sample,5.000000045,0.0,2000.000003,1.799999952,1.799999951,10,17.469,100.0,175.0,50.0,0.0,0.0,2.0,2.0,1.0,1.0,1.0,0.02,2.0,0.3,3.5,0.0,deGFP,1.0,2026-03-09,ext,M,GFP-M-Gext,0.002338426972876499
0 days 04:20:23,37.0,I12,22431,I,12,GFP-M-Gext,1,2026-03-09 16:51:39,Cytation5,20260309-round1,4,Sample,5.000000045,0.0,2000.000003,1.799999952,1.799999951,10,17.469,100.0,175.0,50.0,0.0,0.0,2.0,2.0,1.0,1.0,1.0,0.02,2.0,0.3,3.5,0.0,deGFP,1.0,2026-03-09,ext,M,GFP-M-Gext,0.002360420098487659
0 days 04:25:23,37.0,I12,22397,I,12,GFP-M-Gext,1,2026-03-09 16:56:39,Cytation5,20260309-round1,4,Sample,5.000000045,0.0,2000.000003,1.799999952,1.799999951,10,17.469,100.0,175.0,50.0,0.0,0.0,2.0,2.0,1.0,1.0,1.0,0.02,2.0,0.3,3.5,0.0,deGFP,1.0,2026-03-09,ext,M,GFP-M-Gext,0.0023568422694408672
0 days 04:30:23,37.1,I12,22314,I,12,GFP-M-Gext,1,2026-03-09 17:01:39,Cytation5,20260309-round1,4,Sample,5.000000045,0.0,2000.000003,1.799999952,1.799999951,10,17.469,100.0,175.0,50.0,0.0,0.0,2.0,2.0,1.0,1.0,1.0,0.02,2.0,0.3,3.5,0.0,deGFP,1.0,2026-03-09,ext,M,GFP-M-Gext,0.002348108157356053
0 days 04:35:23,37.0,I12,22314,I,12,GFP-M-Gext,1,2026-03-09 17:06:39,Cytation5,20260309-round1,4,Sample,5.000000045,0.0,2000.000003,1.799999952,1.799999951,10,17.469,100.0,175.0,50.0,0.0,0.0,2.0,2.0,1.0,1.0,1.0,0.02,2.0,0.3,3.5,0.0,deGFP,1.0,2026-03-09,ext,M,GFP-M-Gext,0.002348108157356053
0 days 04:40:23,37.0,I12,22542,I,12,GFP-M-Gext,1,2026-03-09 17:11:39,Cytation5,20260309-round1,4,Sample,5.000000045,0.0,2000.000003,1.799999952,1.799999951,10,17.469,100.0,175.0,50.0,0.0,0.0,2.0,2.0,1.0,1.0,1.0,0.02,2.0,0.3,3.5,0.0,deGFP,1.0,2026-03-09,ext,M,GFP-M-Gext,0.0023721006580227724
0 days 04:45:23,37.0,I12,22430,I,12,GFP-M-Gext,1,2026-03-09 17:16:39,Cytation5,20260309-round1,4,Sample,5.000000045,0.0,2000.000003,1.799999952,1.799999951,10,17.469,100.0,175.0,50.0,0.0,0.0,2.0,2.0,1.0,1.0,1.0,0.02,2.0,0.3,3.5,0.0,deGFP,1.0,2026-03-09,ext,M,GFP-M-Gext,0.0023603148682215767
0 days 04:50:23,37.1,I12,22533,I,12,GFP-M-Gext,1,2026-03-09 17:21:39,Cytation5,20260309-round1,4,Sample,5.000000045,0.0,2000.000003,1.799999952,1.799999951,10,17.469,100.0,175.0,50.0,0.0,0.0,2.0,2.0,1.0,1.0,1.0,0.02,2.0,0.3,3.5,0.0,deGFP,1.0,2026-03-09,ext,M,GFP-M-Gext,0.0023711535856280335
0 days 04:55:23,37.1,I12,22555,I,12,GFP-M-Gext,1,2026-03-09 17:26:39,Cytation5,20260309-round1,4,Sample,5.000000045,0.0,2000.000003,1.799999952,1.799999951,10,17.469,100.0,175.0,50.0,0.0,0.0,2.0,2.0,1.0,1.0,1.0,0.02,2.0,0.3,3.5,0.0,deGFP,1.0,2026-03-09,ext,M,GFP-M-Gext,0.0023734686514818395
0 days 05:00:23,37.1,I12,22594,I,12,GFP-M-Gext,1,2026-03-09 17:31:39,Cytation5,20260309-round1,4,Sample,5.000000045,0.0,2000.000003,1.799999952,1.799999951,10,17.469,100.0,175.0,50.0,0.0,0.0,2.0,2.0,1.0,1.0,1.0,0.02,2.0,0.3,3.5,0.0,deGFP,1.0,2026-03-09,ext,M,GFP-M-Gext,0.0023775726318590418
0 days 05:05:23,37.0,I12,22457,I,12,GFP-M-Gext,1,2026-03-09 17:36:39,Cytation5,20260309-round1,4,Sample,5.000000045,0.0,2000.000003,1.799999952,1.799999951,10,17.469,100.0,175.0,50.0,0.0,0.0,2.0,2.0,1.0,1.0,1.0,0.02,2.0,0.3,3.5,0.0,deGFP,1.0,2026-03-09,ext,M,GFP-M-Gext,0.0023631560854057935
0 days 05:10:23,37.0,I12,22602,I,12,GFP-M-Gext,1,2026-03-09 17:41:39,Cytation5,20260309-round1,4,Sample,5.000000045,0.0,2000.000003,1.799999952,1.799999951,10,17.469,100.0,175.0,50.0,0.0,0.0,2.0,2.0,1.0,1.0,1.0,0.02,2.0,0.3,3.5,0.0,deGFP,1.0,2026-03-09,ext,M,GFP-M-Gext,0.0023784144739876986
0 days 05:15:23,37.0,I12,22634,I,12,GFP-M-Gext,1,2026-03-09 17:46:39,Cytation5,20260309-round1,4,Sample,5.000000045,0.0,2000.000003,1.799999952,1.799999951,10,17.469,100.0,175.0,50.0,0.0,0.0,2.0,2.0,1.0,1.0,1.0,0.02,2.0,0.3,3.5,0.0,deGFP,1.0,2026-03-09,ext,M,GFP-M-Gext,0.0023817818425023256
0 days 05:20:23,37.0,I12,22731,I,12,GFP-M-Gext,1,2026-03-09 17:51:39,Cytation5,20260309-round1,4,Sample,5.000000045,0.0,2000.000003,1.799999952,1.799999951,10,17.469,100.0,175.0,50.0,0.0,0.0,2.0,2.0,1.0,1.0,1.0,0.02,2.0,0.3,3.5,0.0,deGFP,1.0,2026-03-09,ext,M,GFP-M-Gext,0.00239198917831229
0 days 05:25:23,37.1,I12,22721,I,12,GFP-M-Gext,1,2026-03-09 17:56:39,Cytation5,20260309-round1,4,Sample,5.000000045,0.0,2000.000003,1.799999952,1.799999951,10,17.469,100.0,175.0,50.0,0.0,0.0,2.0,2.0,1.0,1.0,1.0,0.02,2.0,0.3,3.5,0.0,deGFP,1.0,2026-03-09,ext,M,GFP-M-Gext,0.0023909368756514686
0 days 05:30:23,37.1,I12,22711,I,12,GFP-M-Gext,1,2026-03-09 18:01:39,Cytation5,20260309-round1,4,Sample,5.000000045,0.0,2000.000003,1.799999952,1.799999951,10,17.469,100.0,175.0,50.0,0.0,0.0,2.0,2.0,1.0,1.0,1.0,0.02,2.0,0.3,3.5,0.0,deGFP,1.0,2026-03-09,ext,M,GFP-M-Gext,0.0023898845729906477
0 days 05:35:23,37.1,I12,22561,I,12,GFP-M-Gext,1,2026-03-09 18:06:39,Cytation5,20260309-round1,4,Sample,5.000000045,0.0,2000.000003,1.799999952,1.799999951,10,17.469,100.0,175.0,50.0,0.0,0.0,2.0,2.0,1.0,1.0,1.0,0.02,2.0,0.3,3.5,0.0,deGFP,1.0,2026-03-09,ext,M,GFP-M-Gext,0.0023741000330783323
0 days 05:40:23,37.0,I12,22944,I,12,GFP-M-Gext,1,2026-03-09 18:11:39,Cytation5,20260309-round1,4,Sample,5.000000045,0.0,2000.000003,1.799999952,1.799999951,10,17.469,100.0,175.0,50.0,0.0,0.0,2.0,2.0,1.0,1.0,1.0,0.02,2.0,0.3,3.5,0.0,deGFP,1.0,2026-03-09,ext,M,GFP-M-Gext,0.002414403224987778
0 days 05:45:23,37.0,I12,22850,I,12,GFP-M-Gext,1,2026-03-09 18:16:39,Cytation5,20260309-round1,4,Sample,5.000000045,0.0,2000.000003,1.799999952,1.799999951,10,17.469,100.0,175.0,50.0,0.0,0.0,2.0,2.0,1.0,1.0,1.0,0.02,2.0,0.3,3.5,0.0,deGFP,1.0,2026-03-09,ext,M,GFP-M-Gext,0.00240451157997606
0 days 05:50:23,37.0,I12,22928,I,12,GFP-M-Gext,1,2026-03-09 18:21:39,Cytation5,20260309-round1,4,Sample,5.000000045,0.0,2000.000003,1.799999952,1.799999951,10,17.469,100.0,175.0,50.0,0.0,0.0,2.0,2.0,1.0,1.0,1.0,0.02,2.0,0.3,3.5,0.0,deGFP,1.0,2026-03-09,ext,M,GFP-M-Gext,0.002412719540730464
0 days 05:55:23,37.0,I12,22958,I,12,GFP-M-Gext,1,2026-03-09 18:26:39,Cytation5,20260309-round1,4,Sample,5.000000045,0.0,2000.000003,1.799999952,1.799999951,10,17.469,100.0,175.0,50.0,0.0,0.0,2.0,2.0,1.0,1.0,1.0,0.02,2.0,0.3,3.5,0.0,deGFP,1.0,2026-03-09,ext,M,GFP-M-Gext,0.0024158764487129275
0 days 06:00:23,37.1,I12,23274,I,12,GFP-M-Gext,1,2026-03-09 18:31:39,Cytation5,20260309-round1,4,Sample,5.000000045,0.0,2000.000003,1.799999952,1.799999951,10,17.469,100.0,175.0,50.0,0.0,0.0,2.0,2.0,1.0,1.0,1.0,0.02,2.0,0.3,3.5,0.0,deGFP,1.0,2026-03-09,ext,M,GFP-M-Gext,0.002449129212794872
0 days 00:00:23,28.9,I13,361,I,13,GFP-M-Gext,1,2026-03-09 12:31:39,Cytation5,20260309-round1,10,Sample,1.049452172,0.0,2000.000003,1.975896497,1.799999951,10,19.969,20.0,100.0,50.0,0.0,0.0,2.0,2.0,1.0,1.0,1.0,0.02,2.0,0.3,3.5,0.0,deGFP,1.0,2026-03-09,ext,M,GFP-M-Gext,3.7988126055639284e-05
0 days 00:05:23,34.5,I13,319,I,13,GFP-M-Gext,1,2026-03-09 12:36:39,Cytation5,20260309-round1,10,Sample,1.049452172,0.0,2000.000003,1.975896497,1.799999951,10,19.969,20.0,100.0,50.0,0.0,0.0,2.0,2.0,1.0,1.0,1.0,0.02,2.0,0.3,3.5,0.0,deGFP,1.0,2026-03-09,ext,M,GFP-M-Gext,3.356845488019095e-05
0 days 00:10:23,37.0,I13,371,I,13,GFP-M-Gext,1,2026-03-09 12:41:39,Cytation5,20260309-round1,10,Sample,1.049452172,0.0,2000.000003,1.975896497,1.799999951,10,19.969,20.0,100.0,50.0,0.0,0.0,2.0,2.0,1.0,1.0,1.0,0.02,2.0,0.3,3.5,0.0,deGFP,1.0,2026-03-09,ext,M,GFP-M-Gext,3.904042871646032e-05
0 days 00:15:23,37.0,I13,881,I,13,GFP-M-Gext,1,2026-03-09 12:46:39,Cytation5,20260309-round1,10,Sample,1.049452172,0.0,2000.000003,1.975896497,1.799999951,10,19.969,20.0,100.0,50.0,0.0,0.0,2.0,2.0,1.0,1.0,1.0,0.02,2.0,0.3,3.5,0.0,deGFP,1.0,2026-03-09,ext,M,GFP-M-Gext,9.270786441833299e-05
0 days 00:20:23,37.0,I13,2810,I,13,GFP-M-Gext,1,2026-03-09 12:51:39,Cytation5,20260309-round1,10,Sample,1.049452172,0.0,2000.000003,1.975896497,1.799999951,10,19.969,20.0,100.0,50.0,0.0,0.0,2.0,2.0,1.0,1.0,1.0,0.02,2.0,0.3,3.5,0.0,deGFP,1.0,2026-03-09,ext,M,GFP-M-Gext,0.00029569704769071025
0 days 00:25:23,37.0,I13,6272,I,13,GFP-M-Gext,1,2026-03-09 12:56:39,Cytation5,20260309-round1,10,Sample,1.049452172,0.0,2000.000003,1.975896497,1.799999951,10,19.969,20.0,100.0,50.0,0.0,0.0,2.0,2.0,1.0,1.0,1.0,0.02,2.0,0.3,3.5,0.0,deGFP,1.0,2026-03-09,ext,M,GFP-M-Gext,0.0006600042288669518
0 days 00:30:23,37.0,I13,11572,I,13,GFP-M-Gext,1,2026-03-09 13:01:39,Cytation5,20260309-round1,10,Sample,1.049452172,0.0,2000.000003,1.975896497,1.799999951,10,19.969,20.0,100.0,50.0,0.0,0.0,2.0,2.0,1.0,1.0,1.0,0.02,2.0,0.3,3.5,0.0,deGFP,1.0,2026-03-09,ext,M,GFP-M-Gext,0.0012177246391020993
0 days 00:35:23,37.0,I13,17659,I,13,GFP-M-Gext,1,2026-03-09 13:06:39,Cytation5,20260309-round1,10,Sample,1.049452172,0.0,2000.000003,1.975896497,1.799999951,10,19.969,20.0,100.0,50.0,0.0,0.0,2.0,2.0,1.0,1.0,1.0,0.02,2.0,0.3,3.5,0.0,deGFP,1.0,2026-03-09,ext,M,GFP-M-Gext,0.001858261268743862
0 days 00:40:23,37.0,I13,24345,I,13,GFP-M-Gext,1,2026-03-09 13:11:39,Cytation5,20260309-round1,10,Sample,1.049452172,0.0,2000.000003,1.975896497,1.799999951,10,19.969,20.0,100.0,50.0,0.0,0.0,2.0,2.0,1.0,1.0,1.0,0.02,2.0,0.3,3.5,0.0,deGFP,1.0,2026-03-09,ext,M,GFP-M-Gext,0.0025618308277688046
0 days 00:45:23,37.1,I13,31073,I,13,GFP-M-Gext,1,2026-03-09 13:16:39,Cytation5,20260309-round1,10,Sample,1.049452172,0.0,2000.000003,1.975896497,1.799999951,10,19.969,20.0,100.0,50.0,0.0,0.0,2.0,2.0,1.0,1.0,1.0,0.02,2.0,0.3,3.5,0.0,deGFP,1.0,2026-03-09,ext,M,GFP-M-Gext,0.0032698200579691955
0 days 00:50:23,37.0,I13,38684,I,13,GFP-M-Gext,1,2026-03-09 13:21:39,Cytation5,20260309-round1,10,Sample,1.049452172,0.0,2000.000003,1.975896497,1.799999951,10,19.969,20.0,100.0,50.0,0.0,0.0,2.0,2.0,1.0,1.0,1.0,0.02,2.0,0.3,3.5,0.0,deGFP,1.0,2026-03-09,ext,M,GFP-M-Gext,0.004070727613120084
0 days 00:55:23,37.0,I13,45798,I,13,GFP-M-Gext,1,2026-03-09 13:26:39,Cytation5,20260309-round1,10,Sample,1.049452172,0.0,2000.000003,1.975896497,1.799999951,10,19.969,20.0,100.0,50.0,0.0,0.0,2.0,2.0,1.0,1.0,1.0,0.02,2.0,0.3,3.5,0.0,deGFP,1.0,2026-03-09,ext,M,GFP-M-Gext,0.0048193357260281665
0 days 01:00:23,37.0,I13,54185,I,13,GFP-M-Gext,1,2026-03-09 13:31:39,Cytation5,20260309-round1,10,Sample,1.049452172,0.0,2000.000003,1.975896497,1.799999951,10,19.969,20.0,100.0,50.0,0.0,0.0,2.0,2.0,1.0,1.0,1.0,0.02,2.0,0.3,3.5,0.0,deGFP,1.0,2026-03-09,ext,M,GFP-M-Gext,0.005701901967658767
0 days 01:05:23,37.0,I13,62250,I,13,GFP-M-Gext,1,2026-03-09 13:36:39,Cytation5,20260309-round1,10,Sample,1.049452172,0.0,2000.000003,1.975896497,1.799999951,10,19.969,20.0,100.0,50.0,0.0,0.0,2.0,2.0,1.0,1.0,1.0,0.02,2.0,0.3,3.5,0.0,deGFP,1.0,2026-03-09,ext,M,GFP-M-Gext,0.00655058406361093
0 days 01:10:23,37.0,I13,70055,I,13,GFP-M-Gext,1,2026-03-09 13:41:39,Cytation5,20260309-round1,10,Sample,1.049452172,0.0,2000.000003,1.975896497,1.799999951,10,19.969,20.0,100.0,50.0,0.0,0.0,2.0,2.0,1.0,1.0,1.0,0.02,2.0,0.3,3.5,0.0,deGFP,1.0,2026-03-09,ext,M,GFP-M-Gext,0.007371906290381746
0 days 01:15:23,37.1,I13,78740,I,13,GFP-M-Gext,1,2026-03-09 13:46:39,Cytation5,20260309-round1,10,Sample,1.049452172,0.0,2000.000003,1.975896497,1.799999951,10,19.969,20.0,100.0,50.0,0.0,0.0,2.0,2.0,1.0,1.0,1.0,0.02,2.0,0.3,3.5,0.0,deGFP,1.0,2026-03-09,ext,M,GFP-M-Gext,0.008285831151304813
0 days 01:20:23,37.0,I13,87257,I,13,GFP-M-Gext,1,2026-03-09 13:51:39,Cytation5,20260309-round1,10,Sample,1.049452172,0.0,2000.000003,1.975896497,1.799999951,10,19.969,20.0,100.0,50.0,0.0,0.0,2.0,2.0,1.0,1.0,1.0,0.02,2.0,0.3,3.5,0.0,deGFP,1.0,2026-03-09,ext,M,GFP-M-Gext,0.009182077327526086
0 days 01:25:23,37.0,I13,95564,I,13,GFP-M-Gext,1,2026-03-09 13:56:39,Cytation5,20260309-round1,10,Sample,1.049452172,0.0,2000.000003,1.975896497,1.799999951,10,19.969,20.0,100.0,50.0,0.0,0.0,2.0,2.0,1.0,1.0,1.0,0.02,2.0,0.3,3.5,0.0,deGFP,1.0,2026-03-09,ext,M,GFP-M-Gext,0.01005622514787012
0 days 01:30:23,37.0,I13,103579,I,13,GFP-M-Gext,1,2026-03-09 14:01:39,Cytation5,20260309-round1,10,Sample,1.049452172,0.0,2000.000003,1.975896497,1.799999951,10,19.969,20.0,100.0,50.0,0.0,0.0,2.0,2.0,1.0,1.0,1.0,0.02,2.0,0.3,3.5,0.0,deGFP,1.0,2026-03-09,ext,M,GFP-M-Gext,0.010899645730518177
0 days 01:35:23,37.0,I13,112497,I,13,GFP-M-Gext,1,2026-03-09 14:06:39,Cytation5,20260309-round1,10,Sample,1.049452172,0.0,2000.000003,1.975896497,1.799999951,10,19.969,20.0,100.0,50.0,0.0,0.0,2.0,2.0,1.0,1.0,1.0,0.02,2.0,0.3,3.5,0.0,deGFP,1.0,2026-03-09,ext,M,GFP-M-Gext,0.011838089243438373
0 days 01:40:23,37.0,I13,120342,I,13,GFP-M-Gext,1,2026-03-09 14:11:39,Cytation5,20260309-round1,10,Sample,1.049452172,0.0,2000.000003,1.975896497,1.799999951,10,19.969,20.0,100.0,50.0,0.0,0.0,2.0,2.0,1.0,1.0,1.0,0.02,2.0,0.3,3.5,0.0,deGFP,1.0,2026-03-09,ext,M,GFP-M-Gext,0.012663620680852474
0 days 01:45:23,37.0,I13,129076,I,13,GFP-M-Gext,1,2026-03-09 14:16:39,Cytation5,20260309-round1,10,Sample,1.049452172,0.0,2000.000003,1.975896497,1.799999951,10,19.969,20.0,100.0,50.0,0.0,0.0,2.0,2.0,1.0,1.0,1.0,0.02,2.0,0.3,3.5,0.0,deGFP,1.0,2026-03-09,ext,M,GFP-M-Gext,0.013582701824813564
0 days 01:50:23,37.0,I13,136393,I,13,GFP-M-Gext,1,2026-03-09 14:21:39,Cytation5,20260309-round1,10,Sample,1.049452172,0.0,2000.000003,1.975896497,1.799999951,10,19.969,20.0,100.0,50.0,0.0,0.0,2.0,2.0,1.0,1.0,1.0,0.02,2.0,0.3,3.5,0.0,deGFP,1.0,2026-03-09,ext,M,GFP-M-Gext,0.014352671681736314
0 days 01:55:23,37.1,I13,144054,I,13,GFP-M-Gext,1,2026-03-09 14:26:39,Cytation5,20260309-round1,10,Sample,1.049452172,0.0,2000.000003,1.975896497,1.799999951,10,19.969,20.0,100.0,50.0,0.0,0.0,2.0,2.0,1.0,1.0,1.0,0.02,2.0,0.3,3.5,0.0,deGFP,1.0,2026-03-09,ext,M,GFP-M-Gext,0.015158840750191306
0 days 02:00:23,37.0,I13,152051,I,13,GFP-M-Gext,1,2026-03-09 14:31:39,Cytation5,20260309-round1,10,Sample,1.049452172,0.0,2000.000003,1.975896497,1.799999951,10,19.969,20.0,100.0,50.0,0.0,0.0,2.0,2.0,1.0,1.0,1.0,0.02,2.0,0.3,3.5,0.0,deGFP,1.0,2026-03-09,ext,M,GFP-M-Gext,0.016000367188049886
0 days 02:05:23,37.0,I13,160170,I,13,GFP-M-Gext,1,2026-03-09 14:36:39,Cytation5,20260309-round1,10,Sample,1.049452172,0.0,2000.000003,1.975896497,1.799999951,10,19.969,20.0,100.0,50.0,0.0,0.0,2.0,2.0,1.0,1.0,1.0,0.02,2.0,0.3,3.5,0.0,deGFP,1.0,2026-03-09,ext,M,GFP-M-Gext,0.016854731718370482
0 days 02:10:23,37.1,I13,167456,I,13,GFP-M-Gext,1,2026-03-09 14:41:39,Cytation5,20260309-round1,10,Sample,1.049452172,0.0,2000.000003,1.975896497,1.799999951,10,19.969,20.0,100.0,50.0,0.0,0.0,2.0,2.0,1.0,1.0,1.0,0.02,2.0,0.3,3.5,0.0,deGFP,1.0,2026-03-09,ext,M,GFP-M-Gext,0.017621439437044688
0 days 02:15:23,37.1,I13,174565,I,13,GFP-M-Gext,1,2026-03-09 14:46:39,Cytation5,20260309-round1,10,Sample,1.049452172,0.0,2000.000003,1.975896497,1.799999951,10,19.969,20.0,100.0,50.0,0.0,0.0,2.0,2.0,1.0,1.0,1.0,0.02,2.0,0.3,3.5,0.0,deGFP,1.0,2026-03-09,ext,M,GFP-M-Gext,0.01836952139862236
0 days 02:20:23,37.0,I13,181692,I,13,GFP-M-Gext,1,2026-03-09 14:51:39,Cytation5,20260309-round1,10,Sample,1.049452172,0.0,2000.000003,1.975896497,1.799999951,10,19.969,20.0,100.0,50.0,0.0,0.0,2.0,2.0,1.0,1.0,1.0,0.02,2.0,0.3,3.5,0.0,deGFP,1.0,2026-03-09,ext,M,GFP-M-Gext,0.01911949750498951
0 days 02:25:23,37.0,I13,188121,I,13,GFP-M-Gext,1,2026-03-09 14:56:39,Cytation5,20260309-round1,10,Sample,1.049452172,0.0,2000.000003,1.975896497,1.799999951,10,19.969,20.0,100.0,50.0,0.0,0.0,2.0,2.0,1.0,1.0,1.0,0.02,2.0,0.3,3.5,0.0,deGFP,1.0,2026-03-09,ext,M,GFP-M-Gext,0.019796022885631353
0 days 02:30:23,37.0,I13,194768,I,13,GFP-M-Gext,1,2026-03-09 15:01:39,Cytation5,20260309-round1,10,Sample,1.049452172,0.0,2000.000003,1.975896497,1.799999951,10,19.969,20.0,100.0,50.0,0.0,0.0,2.0,2.0,1.0,1.0,1.0,0.02,2.0,0.3,3.5,0.0,deGFP,1.0,2026-03-09,ext,M,GFP-M-Gext,0.020495488464279094
0 days 02:35:23,37.0,I13,199864,I,13,GFP-M-Gext,1,2026-03-09 15:06:39,Cytation5,20260309-round1,10,Sample,1.049452172,0.0,2000.000003,1.975896497,1.799999951,10,19.969,20.0,100.0,50.0,0.0,0.0,2.0,2.0,1.0,1.0,1.0,0.02,2.0,0.3,3.5,0.0,deGFP,1.0,2026-03-09,ext,M,GFP-M-Gext,0.02103174190023349
0 days 02:40:23,37.0,I13,204427,I,13,GFP-M-Gext,1,2026-03-09 15:11:39,Cytation5,20260309-round1,10,Sample,1.049452172,0.0,2000.000003,1.975896497,1.799999951,10,19.969,20.0,100.0,50.0,0.0,0.0,2.0,2.0,1.0,1.0,1.0,0.02,2.0,0.3,3.5,0.0,deGFP,1.0,2026-03-09,ext,M,GFP-M-Gext,0.02151190760436613
0 days 02:45:23,37.0,I13,210041,I,13,GFP-M-Gext,1,2026-03-09 15:16:39,Cytation5,20260309-round1,10,Sample,1.049452172,0.0,2000.000003,1.975896497,1.799999951,10,19.969,20.0,100.0,50.0,0.0,0.0,2.0,2.0,1.0,1.0,1.0,0.02,2.0,0.3,3.5,0.0,deGFP,1.0,2026-03-09,ext,M,GFP-M-Gext,0.022102670318151055
0 days 02:50:23,37.0,I13,214315,I,13,GFP-M-Gext,1,2026-03-09 15:21:39,Cytation5,20260309-round1,10,Sample,1.049452172,0.0,2000.000003,1.975896497,1.799999951,10,19.969,20.0,100.0,50.0,0.0,0.0,2.0,2.0,1.0,1.0,1.0,0.02,2.0,0.3,3.5,0.0,deGFP,1.0,2026-03-09,ext,M,GFP-M-Gext,0.022552424475385965
0 days 02:55:23,37.0,I13,217639,I,13,GFP-M-Gext,1,2026-03-09 15:26:39,Cytation5,20260309-round1,10,Sample,1.049452172,0.0,2000.000003,1.975896497,1.799999951,10,19.969,20.0,100.0,50.0,0.0,0.0,2.0,2.0,1.0,1.0,1.0,0.02,2.0,0.3,3.5,0.0,deGFP,1.0,2026-03-09,ext,M,GFP-M-Gext,0.02290220987984288
0 days 03:00:23,36.9,I13,218914,I,13,GFP-M-Gext,1,2026-03-09 15:31:39,Cytation5,20260309-round1,10,Sample,1.049452172,0.0,2000.000003,1.975896497,1.799999951,10,19.969,20.0,100.0,50.0,0.0,0.0,2.0,2.0,1.0,1.0,1.0,0.02,2.0,0.3,3.5,0.0,deGFP,1.0,2026-03-09,ext,M,GFP-M-Gext,0.02303637846909756
0 days 03:05:23,37.0,I13,221301,I,13,GFP-M-Gext,1,2026-03-09 15:36:39,Cytation5,20260309-round1,10,Sample,1.049452172,0.0,2000.000003,1.975896497,1.799999951,10,19.969,20.0,100.0,50.0,0.0,0.0,2.0,2.0,1.0,1.0,1.0,0.02,2.0,0.3,3.5,0.0,deGFP,1.0,2026-03-09,ext,M,GFP-M-Gext,0.02328756311423554
0 days 03:10:23,37.0,I13,223096,I,13,GFP-M-Gext,1,2026-03-09 15:41:39,Cytation5,20260309-round1,10,Sample,1.049452172,0.0,2000.000003,1.975896497,1.799999951,10,19.969,20.0,100.0,50.0,0.0,0.0,2.0,2.0,1.0,1.0,1.0,0.02,2.0,0.3,3.5,0.0,deGFP,1.0,2026-03-09,ext,M,GFP-M-Gext,0.023476451441852914
0 days 03:15:23,37.0,I13,223998,I,13,GFP-M-Gext,1,2026-03-09 15:46:39,Cytation5,20260309-round1,10,Sample,1.049452172,0.0,2000.000003,1.975896497,1.799999951,10,19.969,20.0,100.0,50.0,0.0,0.0,2.0,2.0,1.0,1.0,1.0,0.02,2.0,0.3,3.5,0.0,deGFP,1.0,2026-03-09,ext,M,GFP-M-Gext,0.02357136914185897
0 days 03:20:23,37.0,I13,225910,I,13,GFP-M-Gext,1,2026-03-09 15:51:39,Cytation5,20260309-round1,10,Sample,1.049452172,0.0,2000.000003,1.975896497,1.799999951,10,19.969,20.0,100.0,50.0,0.0,0.0,2.0,2.0,1.0,1.0,1.0,0.02,2.0,0.3,3.5,0.0,deGFP,1.0,2026-03-09,ext,M,GFP-M-Gext,0.023772569410607954
0 days 03:25:23,37.0,I13,227747,I,13,GFP-M-Gext,1,2026-03-09 15:56:39,Cytation5,20260309-round1,10,Sample,1.049452172,0.0,2000.000003,1.975896497,1.799999951,10,19.969,20.0,100.0,50.0,0.0,0.0,2.0,2.0,1.0,1.0,1.0,0.02,2.0,0.3,3.5,0.0,deGFP,1.0,2026-03-09,ext,M,GFP-M-Gext,0.023965877409400777
0 days 03:30:23,37.0,I13,227732,I,13,GFP-M-Gext,1,2026-03-09 16:01:39,Cytation5,20260309-round1,10,Sample,1.049452172,0.0,2000.000003,1.975896497,1.799999951,10,19.969,20.0,100.0,50.0,0.0,0.0,2.0,2.0,1.0,1.0,1.0,0.02,2.0,0.3,3.5,0.0,deGFP,1.0,2026-03-09,ext,M,GFP-M-Gext,0.023964298955409545
0 days 03:35:23,37.0,I13,227161,I,13,GFP-M-Gext,1,2026-03-09 16:06:39,Cytation5,20260309-round1,10,Sample,1.049452172,0.0,2000.000003,1.975896497,1.799999951,10,19.969,20.0,100.0,50.0,0.0,0.0,2.0,2.0,1.0,1.0,1.0,0.02,2.0,0.3,3.5,0.0,deGFP,1.0,2026-03-09,ext,M,GFP-M-Gext,0.023904212473476665
0 days 03:40:23,37.1,I13,227099,I,13,GFP-M-Gext,1,2026-03-09 16:11:39,Cytation5,20260309-round1,10,Sample,1.049452172,0.0,2000.000003,1.975896497,1.799999951,10,19.969,20.0,100.0,50.0,0.0,0.0,2.0,2.0,1.0,1.0,1.0,0.02,2.0,0.3,3.5,0.0,deGFP,1.0,2026-03-09,ext,M,GFP-M-Gext,0.023897688196979575
0 days 03:45:23,37.0,I13,227884,I,13,GFP-M-Gext,1,2026-03-09 16:16:39,Cytation5,20260309-round1,10,Sample,1.049452172,0.0,2000.000003,1.975896497,1.799999951,10,19.969,20.0,100.0,50.0,0.0,0.0,2.0,2.0,1.0,1.0,1.0,0.02,2.0,0.3,3.5,0.0,deGFP,1.0,2026-03-09,ext,M,GFP-M-Gext,0.023980293955854024
0 days 03:50:23,37.0,I13,227278,I,13,GFP-M-Gext,1,2026-03-09 16:21:39,Cytation5,20260309-round1,10,Sample,1.049452172,0.0,2000.000003,1.975896497,1.799999951,10,19.969,20.0,100.0,50.0,0.0,0.0,2.0,2.0,1.0,1.0,1.0,0.02,2.0,0.3,3.5,0.0,deGFP,1.0,2026-03-09,ext,M,GFP-M-Gext,0.02391652441460827
0 days 03:55:23,37.0,I13,227351,I,13,GFP-M-Gext,1,2026-03-09 16:26:39,Cytation5,20260309-round1,10,Sample,1.049452172,0.0,2000.000003,1.975896497,1.799999951,10,19.969,20.0,100.0,50.0,0.0,0.0,2.0,2.0,1.0,1.0,1.0,0.02,2.0,0.3,3.5,0.0,deGFP,1.0,2026-03-09,ext,M,GFP-M-Gext,0.023924206224032265
0 days 04:00:23,37.0,I13,227703,I,13,GFP-M-Gext,1,2026-03-09 16:31:39,Cytation5,20260309-round1,10,Sample,1.049452172,0.0,2000.000003,1.975896497,1.799999951,10,19.969,20.0,100.0,50.0,0.0,0.0,2.0,2.0,1.0,1.0,1.0,0.02,2.0,0.3,3.5,0.0,deGFP,1.0,2026-03-09,ext,M,GFP-M-Gext,0.023961247277693165
0 days 04:05:23,37.1,I13,227994,I,13,GFP-M-Gext,1,2026-03-09 16:36:39,Cytation5,20260309-round1,10,Sample,1.049452172,0.0,2000.000003,1.975896497,1.799999951,10,19.969,20.0,100.0,50.0,0.0,0.0,2.0,2.0,1.0,1.0,1.0,0.02,2.0,0.3,3.5,0.0,deGFP,1.0,2026-03-09,ext,M,GFP-M-Gext,0.023991869285123056
0 days 04:10:23,37.1,I13,227778,I,13,GFP-M-Gext,1,2026-03-09 16:41:39,Cytation5,20260309-round1,10,Sample,1.049452172,0.0,2000.000003,1.975896497,1.799999951,10,19.969,20.0,100.0,50.0,0.0,0.0,2.0,2.0,1.0,1.0,1.0,0.02,2.0,0.3,3.5,0.0,deGFP,1.0,2026-03-09,ext,M,GFP-M-Gext,0.023969139547649322
0 days 04:15:23,37.0,I13,228382,I,13,GFP-M-Gext,1,2026-03-09 16:46:39,Cytation5,20260309-round1,10,Sample,1.049452172,0.0,2000.000003,1.975896497,1.799999951,10,19.969,20.0,100.0,50.0,0.0,0.0,2.0,2.0,1.0,1.0,1.0,0.02,2.0,0.3,3.5,0.0,deGFP,1.0,2026-03-09,ext,M,GFP-M-Gext,0.024032698628362912
0 days 04:20:23,37.0,I13,227913,I,13,GFP-M-Gext,1,2026-03-09 16:51:39,Cytation5,20260309-round1,10,Sample,1.049452172,0.0,2000.000003,1.975896497,1.799999951,10,19.969,20.0,100.0,50.0,0.0,0.0,2.0,2.0,1.0,1.0,1.0,0.02,2.0,0.3,3.5,0.0,deGFP,1.0,2026-03-09,ext,M,GFP-M-Gext,0.023983345633570408
0 days 04:25:23,37.0,I13,228201,I,13,GFP-M-Gext,1,2026-03-09 16:56:39,Cytation5,20260309-round1,10,Sample,1.049452172,0.0,2000.000003,1.975896497,1.799999951,10,19.969,20.0,100.0,50.0,0.0,0.0,2.0,2.0,1.0,1.0,1.0,0.02,2.0,0.3,3.5,0.0,deGFP,1.0,2026-03-09,ext,M,GFP-M-Gext,0.024013651950202053
0 days 04:30:23,37.1,I13,228280,I,13,GFP-M-Gext,1,2026-03-09 17:01:39,Cytation5,20260309-round1,10,Sample,1.049452172,0.0,2000.000003,1.975896497,1.799999951,10,19.969,20.0,100.0,50.0,0.0,0.0,2.0,2.0,1.0,1.0,1.0,0.02,2.0,0.3,3.5,0.0,deGFP,1.0,2026-03-09,ext,M,GFP-M-Gext,0.02402196514122254
0 days 04:35:23,37.0,I13,227427,I,13,GFP-M-Gext,1,2026-03-09 17:06:39,Cytation5,20260309-round1,10,Sample,1.049452172,0.0,2000.000003,1.975896497,1.799999951,10,19.969,20.0,100.0,50.0,0.0,0.0,2.0,2.0,1.0,1.0,1.0,0.02,2.0,0.3,3.5,0.0,deGFP,1.0,2026-03-09,ext,M,GFP-M-Gext,0.023932203724254503
0 days 04:40:23,37.0,I13,227517,I,13,GFP-M-Gext,1,2026-03-09 17:11:39,Cytation5,20260309-round1,10,Sample,1.049452172,0.0,2000.000003,1.975896497,1.799999951,10,19.969,20.0,100.0,50.0,0.0,0.0,2.0,2.0,1.0,1.0,1.0,0.02,2.0,0.3,3.5,0.0,deGFP,1.0,2026-03-09,ext,M,GFP-M-Gext,0.023941674448201892
0 days 04:45:23,37.0,I13,228114,I,13,GFP-M-Gext,1,2026-03-09 17:16:39,Cytation5,20260309-round1,10,Sample,1.049452172,0.0,2000.000003,1.975896497,1.799999951,10,19.969,20.0,100.0,50.0,0.0,0.0,2.0,2.0,1.0,1.0,1.0,0.02,2.0,0.3,3.5,0.0,deGFP,1.0,2026-03-09,ext,M,GFP-M-Gext,0.02400449691705291
0 days 04:50:23,37.1,I13,227943,I,13,GFP-M-Gext,1,2026-03-09 17:21:39,Cytation5,20260309-round1,10,Sample,1.049452172,0.0,2000.000003,1.975896497,1.799999951,10,19.969,20.0,100.0,50.0,0.0,0.0,2.0,2.0,1.0,1.0,1.0,0.02,2.0,0.3,3.5,0.0,deGFP,1.0,2026-03-09,ext,M,GFP-M-Gext,0.02398650254155287
0 days 04:55:23,37.1,I13,227523,I,13,GFP-M-Gext,1,2026-03-09 17:26:39,Cytation5,20260309-round1,10,Sample,1.049452172,0.0,2000.000003,1.975896497,1.799999951,10,19.969,20.0,100.0,50.0,0.0,0.0,2.0,2.0,1.0,1.0,1.0,0.02,2.0,0.3,3.5,0.0,deGFP,1.0,2026-03-09,ext,M,GFP-M-Gext,0.023942305829798387
0 days 05:00:23,37.1,I13,226113,I,13,GFP-M-Gext,1,2026-03-09 17:31:39,Cytation5,20260309-round1,10,Sample,1.049452172,0.0,2000.000003,1.975896497,1.799999951,10,19.969,20.0,100.0,50.0,0.0,0.0,2.0,2.0,1.0,1.0,1.0,0.02,2.0,0.3,3.5,0.0,deGFP,1.0,2026-03-09,ext,M,GFP-M-Gext,0.02379393115462262
0 days 05:05:23,37.0,I13,227094,I,13,GFP-M-Gext,1,2026-03-09 17:36:39,Cytation5,20260309-round1,10,Sample,1.049452172,0.0,2000.000003,1.975896497,1.799999951,10,19.969,20.0,100.0,50.0,0.0,0.0,2.0,2.0,1.0,1.0,1.0,0.02,2.0,0.3,3.5,0.0,deGFP,1.0,2026-03-09,ext,M,GFP-M-Gext,0.023897162045649165
0 days 05:10:23,37.0,I13,226834,I,13,GFP-M-Gext,1,2026-03-09 17:41:39,Cytation5,20260309-round1,10,Sample,1.049452172,0.0,2000.000003,1.975896497,1.799999951,10,19.969,20.0,100.0,50.0,0.0,0.0,2.0,2.0,1.0,1.0,1.0,0.02,2.0,0.3,3.5,0.0,deGFP,1.0,2026-03-09,ext,M,GFP-M-Gext,0.02386980217646782
0 days 05:15:23,37.0,I13,227286,I,13,GFP-M-Gext,1,2026-03-09 17:46:39,Cytation5,20260309-round1,10,Sample,1.049452172,0.0,2000.000003,1.975896497,1.799999951,10,19.969,20.0,100.0,50.0,0.0,0.0,2.0,2.0,1.0,1.0,1.0,0.02,2.0,0.3,3.5,0.0,deGFP,1.0,2026-03-09,ext,M,GFP-M-Gext,0.02391736625673693
0 days 05:20:23,37.0,I13,226903,I,13,GFP-M-Gext,1,2026-03-09 17:51:39,Cytation5,20260309-round1,10,Sample,1.049452172,0.0,2000.000003,1.975896497,1.799999951,10,19.969,20.0,100.0,50.0,0.0,0.0,2.0,2.0,1.0,1.0,1.0,0.02,2.0,0.3,3.5,0.0,deGFP,1.0,2026-03-09,ext,M,GFP-M-Gext,0.02387706306482748
0 days 05:25:23,37.1,I13,226806,I,13,GFP-M-Gext,1,2026-03-09 17:56:39,Cytation5,20260309-round1,10,Sample,1.049452172,0.0,2000.000003,1.975896497,1.799999951,10,19.969,20.0,100.0,50.0,0.0,0.0,2.0,2.0,1.0,1.0,1.0,0.02,2.0,0.3,3.5,0.0,deGFP,1.0,2026-03-09,ext,M,GFP-M-Gext,0.02386685572901752
0 days 05:30:23,37.1,I13,227031,I,13,GFP-M-Gext,1,2026-03-09 18:01:39,Cytation5,20260309-round1,10,Sample,1.049452172,0.0,2000.000003,1.975896497,1.799999951,10,19.969,20.0,100.0,50.0,0.0,0.0,2.0,2.0,1.0,1.0,1.0,0.02,2.0,0.3,3.5,0.0,deGFP,1.0,2026-03-09,ext,M,GFP-M-Gext,0.02389053253888599
0 days 05:35:23,37.1,I13,227340,I,13,GFP-M-Gext,1,2026-03-09 18:06:39,Cytation5,20260309-round1,10,Sample,1.049452172,0.0,2000.000003,1.975896497,1.799999951,10,19.969,20.0,100.0,50.0,0.0,0.0,2.0,2.0,1.0,1.0,1.0,0.02,2.0,0.3,3.5,0.0,deGFP,1.0,2026-03-09,ext,M,GFP-M-Gext,0.023923048691105363
0 days 05:40:23,37.0,I13,226517,I,13,GFP-M-Gext,1,2026-03-09 18:11:39,Cytation5,20260309-round1,10,Sample,1.049452172,0.0,2000.000003,1.975896497,1.799999951,10,19.969,20.0,100.0,50.0,0.0,0.0,2.0,2.0,1.0,1.0,1.0,0.02,2.0,0.3,3.5,0.0,deGFP,1.0,2026-03-09,ext,M,GFP-M-Gext,0.02383644418211979
0 days 05:45:23,37.0,I13,227301,I,13,GFP-M-Gext,1,2026-03-09 18:16:39,Cytation5,20260309-round1,10,Sample,1.049452172,0.0,2000.000003,1.975896497,1.799999951,10,19.969,20.0,100.0,50.0,0.0,0.0,2.0,2.0,1.0,1.0,1.0,0.02,2.0,0.3,3.5,0.0,deGFP,1.0,2026-03-09,ext,M,GFP-M-Gext,0.023918944710728158
0 days 05:50:23,37.0,I13,225931,I,13,GFP-M-Gext,1,2026-03-09 18:21:39,Cytation5,20260309-round1,10,Sample,1.049452172,0.0,2000.000003,1.975896497,1.799999951,10,19.969,20.0,100.0,50.0,0.0,0.0,2.0,2.0,1.0,1.0,1.0,0.02,2.0,0.3,3.5,0.0,deGFP,1.0,2026-03-09,ext,M,GFP-M-Gext,0.023774779246195678
0 days 05:55:23,37.0,I13,226476,I,13,GFP-M-Gext,1,2026-03-09 18:26:39,Cytation5,20260309-round1,10,Sample,1.049452172,0.0,2000.000003,1.975896497,1.799999951,10,19.969,20.0,100.0,50.0,0.0,0.0,2.0,2.0,1.0,1.0,1.0,0.02,2.0,0.3,3.5,0.0,deGFP,1.0,2026-03-09,ext,M,GFP-M-Gext,0.023832129741210423
0 days 06:00:23,37.1,I13,225942,I,13,GFP-M-Gext,1,2026-03-09 18:31:39,Cytation5,20260309-round1,10,Sample,1.049452172,0.0,2000.000003,1.975896497,1.799999951,10,19.969,20.0,100.0,50.0,0.0,0.0,2.0,2.0,1.0,1.0,1.0,0.02,2.0,0.3,3.5,0.0,deGFP,1.0,2026-03-09,ext,M,GFP-M-Gext,0.02377593677912258
0 days 00:00:23,28.9,I14,349,I,14,GFP-M-Gext,1,2026-03-09 12:31:39,Cytation5,20260309-round1,2,Sample,2.996187423,0.0,2000.000003,1.950000051,1.799999951,10,4.969,0.0,140.0,50.0,0.0,0.0,2.0,2.0,1.0,1.0,1.0,0.02,2.0,0.3,3.5,0.0,deGFP,1.0,2026-03-09,ext,M,GFP-M-Gext,3.6725362862654046e-05
0 days 00:05:23,34.5,I14,320,I,14,GFP-M-Gext,1,2026-03-09 12:36:39,Cytation5,20260309-round1,2,Sample,2.996187423,0.0,2000.000003,1.950000051,1.799999951,10,4.969,0.0,140.0,50.0,0.0,0.0,2.0,2.0,1.0,1.0,1.0,0.02,2.0,0.3,3.5,0.0,deGFP,1.0,2026-03-09,ext,M,GFP-M-Gext,3.367368514627305e-05
0 days 00:10:23,37.0,I14,371,I,14,GFP-M-Gext,1,2026-03-09 12:41:39,Cytation5,20260309-round1,2,Sample,2.996187423,0.0,2000.000003,1.950000051,1.799999951,10,4.969,0.0,140.0,50.0,0.0,0.0,2.0,2.0,1.0,1.0,1.0,0.02,2.0,0.3,3.5,0.0,deGFP,1.0,2026-03-09,ext,M,GFP-M-Gext,3.904042871646032e-05
0 days 00:15:23,37.0,I14,694,I,14,GFP-M-Gext,1,2026-03-09 12:46:39,Cytation5,20260309-round1,2,Sample,2.996187423,0.0,2000.000003,1.950000051,1.799999951,10,4.969,0.0,140.0,50.0,0.0,0.0,2.0,2.0,1.0,1.0,1.0,0.02,2.0,0.3,3.5,0.0,deGFP,1.0,2026-03-09,ext,M,GFP-M-Gext,7.302980466097967e-05
0 days 00:20:23,37.0,I14,1336,I,14,GFP-M-Gext,1,2026-03-09 12:51:39,Cytation5,20260309-round1,2,Sample,2.996187423,0.0,2000.000003,1.950000051,1.799999951,10,4.969,0.0,140.0,50.0,0.0,0.0,2.0,2.0,1.0,1.0,1.0,0.02,2.0,0.3,3.5,0.0,deGFP,1.0,2026-03-09,ext,M,GFP-M-Gext,0.00014058763548569
0 days 00:25:23,37.0,I14,2243,I,14,GFP-M-Gext,1,2026-03-09 12:56:39,Cytation5,20260309-round1,2,Sample,2.996187423,0.0,2000.000003,1.950000051,1.799999951,10,4.969,0.0,140.0,50.0,0.0,0.0,2.0,2.0,1.0,1.0,1.0,0.02,2.0,0.3,3.5,0.0,deGFP,1.0,2026-03-09,ext,M,GFP-M-Gext,0.00023603148682215766
0 days 00:30:23,37.0,I14,3155,I,14,GFP-M-Gext,1,2026-03-09 13:01:39,Cytation5,20260309-round1,2,Sample,2.996187423,0.0,2000.000003,1.950000051,1.799999951,10,4.969,0.0,140.0,50.0,0.0,0.0,2.0,2.0,1.0,1.0,1.0,0.02,2.0,0.3,3.5,0.0,deGFP,1.0,2026-03-09,ext,M,GFP-M-Gext,0.00033200148948903585
0 days 00:35:23,37.0,I14,3996,I,14,GFP-M-Gext,1,2026-03-09 13:06:39,Cytation5,20260309-round1,2,Sample,2.996187423,0.0,2000.000003,1.950000051,1.799999951,10,4.969,0.0,140.0,50.0,0.0,0.0,2.0,2.0,1.0,1.0,1.0,0.02,2.0,0.3,3.5,0.0,deGFP,1.0,2026-03-09,ext,M,GFP-M-Gext,0.0004205001432640847
0 days 00:40:23,37.0,I14,4816,I,14,GFP-M-Gext,1,2026-03-09 13:11:39,Cytation5,20260309-round1,2,Sample,2.996187423,0.0,2000.000003,1.950000051,1.799999951,10,4.969,0.0,140.0,50.0,0.0,0.0,2.0,2.0,1.0,1.0,1.0,0.02,2.0,0.3,3.5,0.0,deGFP,1.0,2026-03-09,ext,M,GFP-M-Gext,0.0005067889614514095
0 days 00:45:23,37.1,I14,5616,I,14,GFP-M-Gext,1,2026-03-09 13:16:39,Cytation5,20260309-round1,2,Sample,2.996187423,0.0,2000.000003,1.950000051,1.799999951,10,4.969,0.0,140.0,50.0,0.0,0.0,2.0,2.0,1.0,1.0,1.0,0.02,2.0,0.3,3.5,0.0,deGFP,1.0,2026-03-09,ext,M,GFP-M-Gext,0.0005909731743170921
0 days 00:50:23,37.0,I14,6504,I,14,GFP-M-Gext,1,2026-03-09 13:21:39,Cytation5,20260309-round1,2,Sample,2.996187423,0.0,2000.000003,1.950000051,1.799999951,10,4.969,0.0,140.0,50.0,0.0,0.0,2.0,2.0,1.0,1.0,1.0,0.02,2.0,0.3,3.5,0.0,deGFP,1.0,2026-03-09,ext,M,GFP-M-Gext,0.0006844176505979997
0 days 00:55:23,37.0,I14,7412,I,14,GFP-M-Gext,1,2026-03-09 13:26:39,Cytation5,20260309-round1,2,Sample,2.996187423,0.0,2000.000003,1.950000051,1.799999951,10,4.969,0.0,140.0,50.0,0.0,0.0,2.0,2.0,1.0,1.0,1.0,0.02,2.0,0.3,3.5,0.0,deGFP,1.0,2026-03-09,ext,M,GFP-M-Gext,0.0007799667322005495
0 days 01:00:23,37.0,I14,7989,I,14,GFP-M-Gext,1,2026-03-09 13:31:39,Cytation5,20260309-round1,2,Sample,2.996187423,0.0,2000.000003,1.950000051,1.799999951,10,4.969,0.0,140.0,50.0,0.0,0.0,2.0,2.0,1.0,1.0,1.0,0.02,2.0,0.3,3.5,0.0,deGFP,1.0,2026-03-09,ext,M,GFP-M-Gext,0.0008406845957299231
0 days 01:05:23,37.0,I14,8521,I,14,GFP-M-Gext,1,2026-03-09 13:36:39,Cytation5,20260309-round1,2,Sample,2.996187423,0.0,2000.000003,1.950000051,1.799999951,10,4.969,0.0,140.0,50.0,0.0,0.0,2.0,2.0,1.0,1.0,1.0,0.02,2.0,0.3,3.5,0.0,deGFP,1.0,2026-03-09,ext,M,GFP-M-Gext,0.0008966670972856021
0 days 01:10:23,37.0,I14,8910,I,14,GFP-M-Gext,1,2026-03-09 13:41:39,Cytation5,20260309-round1,2,Sample,2.996187423,0.0,2000.000003,1.950000051,1.799999951,10,4.969,0.0,140.0,50.0,0.0,0.0,2.0,2.0,1.0,1.0,1.0,0.02,2.0,0.3,3.5,0.0,deGFP,1.0,2026-03-09,ext,M,GFP-M-Gext,0.0009376016707915403
0 days 01:15:23,37.1,I14,9223,I,14,GFP-M-Gext,1,2026-03-09 13:46:39,Cytation5,20260309-round1,2,Sample,2.996187423,0.0,2000.000003,1.950000051,1.799999951,10,4.969,0.0,140.0,50.0,0.0,0.0,2.0,2.0,1.0,1.0,1.0,0.02,2.0,0.3,3.5,0.0,deGFP,1.0,2026-03-09,ext,M,GFP-M-Gext,0.0009705387440752387
0 days 01:20:23,37.0,I14,9493,I,14,GFP-M-Gext,1,2026-03-09 13:51:39,Cytation5,20260309-round1,2,Sample,2.996187423,0.0,2000.000003,1.950000051,1.799999951,10,4.969,0.0,140.0,50.0,0.0,0.0,2.0,2.0,1.0,1.0,1.0,0.02,2.0,0.3,3.5,0.0,deGFP,1.0,2026-03-09,ext,M,GFP-M-Gext,0.0009989509159174066
0 days 01:25:23,37.0,I14,9736,I,14,GFP-M-Gext,1,2026-03-09 13:56:39,Cytation5,20260309-round1,2,Sample,2.996187423,0.0,2000.000003,1.950000051,1.799999951,10,4.969,0.0,140.0,50.0,0.0,0.0,2.0,2.0,1.0,1.0,1.0,0.02,2.0,0.3,3.5,0.0,deGFP,1.0,2026-03-09,ext,M,GFP-M-Gext,0.0010245218705753577
0 days 01:30:23,37.0,I14,9870,I,14,GFP-M-Gext,1,2026-03-09 14:01:39,Cytation5,20260309-round1,2,Sample,2.996187423,0.0,2000.000003,1.950000051,1.799999951,10,4.969,0.0,140.0,50.0,0.0,0.0,2.0,2.0,1.0,1.0,1.0,0.02,2.0,0.3,3.5,0.0,deGFP,1.0,2026-03-09,ext,M,GFP-M-Gext,0.0010386227262303594
0 days 01:35:23,37.0,I14,9878,I,14,GFP-M-Gext,1,2026-03-09 14:06:39,Cytation5,20260309-round1,2,Sample,2.996187423,0.0,2000.000003,1.950000051,1.799999951,10,4.969,0.0,140.0,50.0,0.0,0.0,2.0,2.0,1.0,1.0,1.0,0.02,2.0,0.3,3.5,0.0,deGFP,1.0,2026-03-09,ext,M,GFP-M-Gext,0.0010394645683590162
0 days 01:40:23,37.0,I14,9845,I,14,GFP-M-Gext,1,2026-03-09 14:11:39,Cytation5,20260309-round1,2,Sample,2.996187423,0.0,2000.000003,1.950000051,1.799999951,10,4.969,0.0,140.0,50.0,0.0,0.0,2.0,2.0,1.0,1.0,1.0,0.02,2.0,0.3,3.5,0.0,deGFP,1.0,2026-03-09,ext,M,GFP-M-Gext,0.001035991969578307
0 days 01:45:23,37.0,I14,10003,I,14,GFP-M-Gext,1,2026-03-09 14:16:39,Cytation5,20260309-round1,2,Sample,2.996187423,0.0,2000.000003,1.950000051,1.799999951,10,4.969,0.0,140.0,50.0,0.0,0.0,2.0,2.0,1.0,1.0,1.0,0.02,2.0,0.3,3.5,0.0,deGFP,1.0,2026-03-09,ext,M,GFP-M-Gext,0.0010526183516192792
0 days 01:50:23,37.0,I14,10000,I,14,GFP-M-Gext,1,2026-03-09 14:21:39,Cytation5,20260309-round1,2,Sample,2.996187423,0.0,2000.000003,1.950000051,1.799999951,10,4.969,0.0,140.0,50.0,0.0,0.0,2.0,2.0,1.0,1.0,1.0,0.02,2.0,0.3,3.5,0.0,deGFP,1.0,2026-03-09,ext,M,GFP-M-Gext,0.0010523026608210328
0 days 01:55:23,37.1,I14,9971,I,14,GFP-M-Gext,1,2026-03-09 14:26:39,Cytation5,20260309-round1,2,Sample,2.996187423,0.0,2000.000003,1.950000051,1.799999951,10,4.969,0.0,140.0,50.0,0.0,0.0,2.0,2.0,1.0,1.0,1.0,0.02,2.0,0.3,3.5,0.0,deGFP,1.0,2026-03-09,ext,M,GFP-M-Gext,0.0010492509831046518
0 days 02:00:23,37.0,I14,10072,I,14,GFP-M-Gext,1,2026-03-09 14:31:39,Cytation5,20260309-round1,2,Sample,2.996187423,0.0,2000.000003,1.950000051,1.799999951,10,4.969,0.0,140.0,50.0,0.0,0.0,2.0,2.0,1.0,1.0,1.0,0.02,2.0,0.3,3.5,0.0,deGFP,1.0,2026-03-09,ext,M,GFP-M-Gext,0.0010598792399789444
0 days 02:05:23,37.0,I14,10006,I,14,GFP-M-Gext,1,2026-03-09 14:36:39,Cytation5,20260309-round1,2,Sample,2.996187423,0.0,2000.000003,1.950000051,1.799999951,10,4.969,0.0,140.0,50.0,0.0,0.0,2.0,2.0,1.0,1.0,1.0,0.02,2.0,0.3,3.5,0.0,deGFP,1.0,2026-03-09,ext,M,GFP-M-Gext,0.0010529340424175254
0 days 02:10:23,37.1,I14,10145,I,14,GFP-M-Gext,1,2026-03-09 14:41:39,Cytation5,20260309-round1,2,Sample,2.996187423,0.0,2000.000003,1.950000051,1.799999951,10,4.969,0.0,140.0,50.0,0.0,0.0,2.0,2.0,1.0,1.0,1.0,0.02,2.0,0.3,3.5,0.0,deGFP,1.0,2026-03-09,ext,M,GFP-M-Gext,0.0010675610494029378
0 days 02:15:23,37.1,I14,10226,I,14,GFP-M-Gext,1,2026-03-09 14:46:39,Cytation5,20260309-round1,2,Sample,2.996187423,0.0,2000.000003,1.950000051,1.799999951,10,4.969,0.0,140.0,50.0,0.0,0.0,2.0,2.0,1.0,1.0,1.0,0.02,2.0,0.3,3.5,0.0,deGFP,1.0,2026-03-09,ext,M,GFP-M-Gext,0.0010760847009555882
0 days 02:20:23,37.0,I14,9950,I,14,GFP-M-Gext,1,2026-03-09 14:51:39,Cytation5,20260309-round1,2,Sample,2.996187423,0.0,2000.000003,1.950000051,1.799999951,10,4.969,0.0,140.0,50.0,0.0,0.0,2.0,2.0,1.0,1.0,1.0,0.02,2.0,0.3,3.5,0.0,deGFP,1.0,2026-03-09,ext,M,GFP-M-Gext,0.0010470411475169278
0 days 02:25:23,37.0,I14,9998,I,14,GFP-M-Gext,1,2026-03-09 14:56:39,Cytation5,20260309-round1,2,Sample,2.996187423,0.0,2000.000003,1.950000051,1.799999951,10,4.969,0.0,140.0,50.0,0.0,0.0,2.0,2.0,1.0,1.0,1.0,0.02,2.0,0.3,3.5,0.0,deGFP,1.0,2026-03-09,ext,M,GFP-M-Gext,0.0010520922002888687
0 days 02:30:23,37.0,I14,10191,I,14,GFP-M-Gext,1,2026-03-09 15:01:39,Cytation5,20260309-round1,2,Sample,2.996187423,0.0,2000.000003,1.950000051,1.799999951,10,4.969,0.0,140.0,50.0,0.0,0.0,2.0,2.0,1.0,1.0,1.0,0.02,2.0,0.3,3.5,0.0,deGFP,1.0,2026-03-09,ext,M,GFP-M-Gext,0.0010724016416427146
0 days 02:35:23,37.0,I14,9934,I,14,GFP-M-Gext,1,2026-03-09 15:06:39,Cytation5,20260309-round1,2,Sample,2.996187423,0.0,2000.000003,1.950000051,1.799999951,10,4.969,0.0,140.0,50.0,0.0,0.0,2.0,2.0,1.0,1.0,1.0,0.02,2.0,0.3,3.5,0.0,deGFP,1.0,2026-03-09,ext,M,GFP-M-Gext,0.001045357463259614
0 days 02:40:23,37.0,I14,10051,I,14,GFP-M-Gext,1,2026-03-09 15:11:39,Cytation5,20260309-round1,2,Sample,2.996187423,0.0,2000.000003,1.950000051,1.799999951,10,4.969,0.0,140.0,50.0,0.0,0.0,2.0,2.0,1.0,1.0,1.0,0.02,2.0,0.3,3.5,0.0,deGFP,1.0,2026-03-09,ext,M,GFP-M-Gext,0.0010576694043912202
0 days 02:45:23,37.0,I14,9981,I,14,GFP-M-Gext,1,2026-03-09 15:16:39,Cytation5,20260309-round1,2,Sample,2.996187423,0.0,2000.000003,1.950000051,1.799999951,10,4.969,0.0,140.0,50.0,0.0,0.0,2.0,2.0,1.0,1.0,1.0,0.02,2.0,0.3,3.5,0.0,deGFP,1.0,2026-03-09,ext,M,GFP-M-Gext,0.001050303285765473
0 days 02:50:23,37.0,I14,10101,I,14,GFP-M-Gext,1,2026-03-09 15:21:39,Cytation5,20260309-round1,2,Sample,2.996187423,0.0,2000.000003,1.950000051,1.799999951,10,4.969,0.0,140.0,50.0,0.0,0.0,2.0,2.0,1.0,1.0,1.0,0.02,2.0,0.3,3.5,0.0,deGFP,1.0,2026-03-09,ext,M,GFP-M-Gext,0.0010629309176953252
0 days 02:55:23,37.0,I14,9905,I,14,GFP-M-Gext,1,2026-03-09 15:26:39,Cytation5,20260309-round1,2,Sample,2.996187423,0.0,2000.000003,1.950000051,1.799999951,10,4.969,0.0,140.0,50.0,0.0,0.0,2.0,2.0,1.0,1.0,1.0,0.02,2.0,0.3,3.5,0.0,deGFP,1.0,2026-03-09,ext,M,GFP-M-Gext,0.001042305785543233
0 days 03:00:23,36.9,I14,9897,I,14,GFP-M-Gext,1,2026-03-09 15:31:39,Cytation5,20260309-round1,2,Sample,2.996187423,0.0,2000.000003,1.950000051,1.799999951,10,4.969,0.0,140.0,50.0,0.0,0.0,2.0,2.0,1.0,1.0,1.0,0.02,2.0,0.3,3.5,0.0,deGFP,1.0,2026-03-09,ext,M,GFP-M-Gext,0.0010414639434145761
0 days 03:05:23,37.0,I14,9856,I,14,GFP-M-Gext,1,2026-03-09 15:36:39,Cytation5,20260309-round1,2,Sample,2.996187423,0.0,2000.000003,1.950000051,1.799999951,10,4.969,0.0,140.0,50.0,0.0,0.0,2.0,2.0,1.0,1.0,1.0,0.02,2.0,0.3,3.5,0.0,deGFP,1.0,2026-03-09,ext,M,GFP-M-Gext,0.00103714950250521
0 days 03:10:23,37.0,I14,9916,I,14,GFP-M-Gext,1,2026-03-09 15:41:39,Cytation5,20260309-round1,2,Sample,2.996187423,0.0,2000.000003,1.950000051,1.799999951,10,4.969,0.0,140.0,50.0,0.0,0.0,2.0,2.0,1.0,1.0,1.0,0.02,2.0,0.3,3.5,0.0,deGFP,1.0,2026-03-09,ext,M,GFP-M-Gext,0.0010434633184701362
0 days 03:15:23,37.0,I14,9954,I,14,GFP-M-Gext,1,2026-03-09 15:46:39,Cytation5,20260309-round1,2,Sample,2.996187423,0.0,2000.000003,1.950000051,1.799999951,10,4.969,0.0,140.0,50.0,0.0,0.0,2.0,2.0,1.0,1.0,1.0,0.02,2.0,0.3,3.5,0.0,deGFP,1.0,2026-03-09,ext,M,GFP-M-Gext,0.0010474620685812562
0 days 03:20:23,37.0,I14,10069,I,14,GFP-M-Gext,1,2026-03-09 15:51:39,Cytation5,20260309-round1,2,Sample,2.996187423,0.0,2000.000003,1.950000051,1.799999951,10,4.969,0.0,140.0,50.0,0.0,0.0,2.0,2.0,1.0,1.0,1.0,0.02,2.0,0.3,3.5,0.0,deGFP,1.0,2026-03-09,ext,M,GFP-M-Gext,0.001059563549180698
0 days 03:25:23,37.0,I14,9978,I,14,GFP-M-Gext,1,2026-03-09 15:56:39,Cytation5,20260309-round1,2,Sample,2.996187423,0.0,2000.000003,1.950000051,1.799999951,10,4.969,0.0,140.0,50.0,0.0,0.0,2.0,2.0,1.0,1.0,1.0,0.02,2.0,0.3,3.5,0.0,deGFP,1.0,2026-03-09,ext,M,GFP-M-Gext,0.0010499875949672266
0 days 03:30:23,37.0,I14,9979,I,14,GFP-M-Gext,1,2026-03-09 16:01:39,Cytation5,20260309-round1,2,Sample,2.996187423,0.0,2000.000003,1.950000051,1.799999951,10,4.969,0.0,140.0,50.0,0.0,0.0,2.0,2.0,1.0,1.0,1.0,0.02,2.0,0.3,3.5,0.0,deGFP,1.0,2026-03-09,ext,M,GFP-M-Gext,0.0010500928252333086
0 days 03:35:23,37.0,I14,9995,I,14,GFP-M-Gext,1,2026-03-09 16:06:39,Cytation5,20260309-round1,2,Sample,2.996187423,0.0,2000.000003,1.950000051,1.799999951,10,4.969,0.0,140.0,50.0,0.0,0.0,2.0,2.0,1.0,1.0,1.0,0.02,2.0,0.3,3.5,0.0,deGFP,1.0,2026-03-09,ext,M,GFP-M-Gext,0.0010517765094906224
0 days 03:40:23,37.1,I14,9972,I,14,GFP-M-Gext,1,2026-03-09 16:11:39,Cytation5,20260309-round1,2,Sample,2.996187423,0.0,2000.000003,1.950000051,1.799999951,10,4.969,0.0,140.0,50.0,0.0,0.0,2.0,2.0,1.0,1.0,1.0,0.02,2.0,0.3,3.5,0.0,deGFP,1.0,2026-03-09,ext,M,GFP-M-Gext,0.001049356213370734
0 days 03:45:23,37.0,I14,9979,I,14,GFP-M-Gext,1,2026-03-09 16:16:39,Cytation5,20260309-round1,2,Sample,2.996187423,0.0,2000.000003,1.950000051,1.799999951,10,4.969,0.0,140.0,50.0,0.0,0.0,2.0,2.0,1.0,1.0,1.0,0.02,2.0,0.3,3.5,0.0,deGFP,1.0,2026-03-09,ext,M,GFP-M-Gext,0.0010500928252333086
0 days 03:50:23,37.0,I14,10013,I,14,GFP-M-Gext,1,2026-03-09 16:21:39,Cytation5,20260309-round1,2,Sample,2.996187423,0.0,2000.000003,1.950000051,1.799999951,10,4.969,0.0,140.0,50.0,0.0,0.0,2.0,2.0,1.0,1.0,1.0,0.02,2.0,0.3,3.5,0.0,deGFP,1.0,2026-03-09,ext,M,GFP-M-Gext,0.0010536706542801002
0 days 03:55:23,37.0,I14,9940,I,14,GFP-M-Gext,1,2026-03-09 16:26:39,Cytation5,20260309-round1,2,Sample,2.996187423,0.0,2000.000003,1.950000051,1.799999951,10,4.969,0.0,140.0,50.0,0.0,0.0,2.0,2.0,1.0,1.0,1.0,0.02,2.0,0.3,3.5,0.0,deGFP,1.0,2026-03-09,ext,M,GFP-M-Gext,0.0010459888448561066
0 days 04:00:23,37.0,I14,9883,I,14,GFP-M-Gext,1,2026-03-09 16:31:39,Cytation5,20260309-round1,2,Sample,2.996187423,0.0,2000.000003,1.950000051,1.799999951,10,4.969,0.0,140.0,50.0,0.0,0.0,2.0,2.0,1.0,1.0,1.0,0.02,2.0,0.3,3.5,0.0,deGFP,1.0,2026-03-09,ext,M,GFP-M-Gext,0.0010399907196894267
0 days 04:05:23,37.1,I14,9996,I,14,GFP-M-Gext,1,2026-03-09 16:36:39,Cytation5,20260309-round1,2,Sample,2.996187423,0.0,2000.000003,1.950000051,1.799999951,10,4.969,0.0,140.0,50.0,0.0,0.0,2.0,2.0,1.0,1.0,1.0,0.02,2.0,0.3,3.5,0.0,deGFP,1.0,2026-03-09,ext,M,GFP-M-Gext,0.0010518817397567044
0 days 04:10:23,37.1,I14,9923,I,14,GFP-M-Gext,1,2026-03-09 16:41:39,Cytation5,20260309-round1,2,Sample,2.996187423,0.0,2000.000003,1.950000051,1.799999951,10,4.969,0.0,140.0,50.0,0.0,0.0,2.0,2.0,1.0,1.0,1.0,0.02,2.0,0.3,3.5,0.0,deGFP,1.0,2026-03-09,ext,M,GFP-M-Gext,0.0010441999303327108
0 days 04:15:23,37.0,I14,10003,I,14,GFP-M-Gext,1,2026-03-09 16:46:39,Cytation5,20260309-round1,2,Sample,2.996187423,0.0,2000.000003,1.950000051,1.799999951,10,4.969,0.0,140.0,50.0,0.0,0.0,2.0,2.0,1.0,1.0,1.0,0.02,2.0,0.3,3.5,0.0,deGFP,1.0,2026-03-09,ext,M,GFP-M-Gext,0.0010526183516192792
0 days 04:20:23,37.0,I14,9951,I,14,GFP-M-Gext,1,2026-03-09 16:51:39,Cytation5,20260309-round1,2,Sample,2.996187423,0.0,2000.000003,1.950000051,1.799999951,10,4.969,0.0,140.0,50.0,0.0,0.0,2.0,2.0,1.0,1.0,1.0,0.02,2.0,0.3,3.5,0.0,deGFP,1.0,2026-03-09,ext,M,GFP-M-Gext,0.0010471463777830098
0 days 04:25:23,37.0,I14,9993,I,14,GFP-M-Gext,1,2026-03-09 16:56:39,Cytation5,20260309-round1,2,Sample,2.996187423,0.0,2000.000003,1.950000051,1.799999951,10,4.969,0.0,140.0,50.0,0.0,0.0,2.0,2.0,1.0,1.0,1.0,0.02,2.0,0.3,3.5,0.0,deGFP,1.0,2026-03-09,ext,M,GFP-M-Gext,0.001051566048958458
0 days 04:30:23,37.1,I14,9964,I,14,GFP-M-Gext,1,2026-03-09 17:01:39,Cytation5,20260309-round1,2,Sample,2.996187423,0.0,2000.000003,1.950000051,1.799999951,10,4.969,0.0,140.0,50.0,0.0,0.0,2.0,2.0,1.0,1.0,1.0,0.02,2.0,0.3,3.5,0.0,deGFP,1.0,2026-03-09,ext,M,GFP-M-Gext,0.0010485143712420772
0 days 04:35:23,37.0,I14,10012,I,14,GFP-M-Gext,1,2026-03-09 17:06:39,Cytation5,20260309-round1,2,Sample,2.996187423,0.0,2000.000003,1.950000051,1.799999951,10,4.969,0.0,140.0,50.0,0.0,0.0,2.0,2.0,1.0,1.0,1.0,0.02,2.0,0.3,3.5,0.0,deGFP,1.0,2026-03-09,ext,M,GFP-M-Gext,0.0010535654240140181
0 days 04:40:23,37.0,I14,10043,I,14,GFP-M-Gext,1,2026-03-09 17:11:39,Cytation5,20260309-round1,2,Sample,2.996187423,0.0,2000.000003,1.950000051,1.799999951,10,4.969,0.0,140.0,50.0,0.0,0.0,2.0,2.0,1.0,1.0,1.0,0.02,2.0,0.3,3.5,0.0,deGFP,1.0,2026-03-09,ext,M,GFP-M-Gext,0.0010568275622625633
0 days 04:45:23,37.0,I14,10046,I,14,GFP-M-Gext,1,2026-03-09 17:16:39,Cytation5,20260309-round1,2,Sample,2.996187423,0.0,2000.000003,1.950000051,1.799999951,10,4.969,0.0,140.0,50.0,0.0,0.0,2.0,2.0,1.0,1.0,1.0,0.02,2.0,0.3,3.5,0.0,deGFP,1.0,2026-03-09,ext,M,GFP-M-Gext,0.0010571432530608097
0 days 04:50:23,37.1,I14,10106,I,14,GFP-M-Gext,1,2026-03-09 17:21:39,Cytation5,20260309-round1,2,Sample,2.996187423,0.0,2000.000003,1.950000051,1.799999951,10,4.969,0.0,140.0,50.0,0.0,0.0,2.0,2.0,1.0,1.0,1.0,0.02,2.0,0.3,3.5,0.0,deGFP,1.0,2026-03-09,ext,M,GFP-M-Gext,0.0010634570690257357
0 days 04:55:23,37.1,I14,10231,I,14,GFP-M-Gext,1,2026-03-09 17:26:39,Cytation5,20260309-round1,2,Sample,2.996187423,0.0,2000.000003,1.950000051,1.799999951,10,4.969,0.0,140.0,50.0,0.0,0.0,2.0,2.0,1.0,1.0,1.0,0.02,2.0,0.3,3.5,0.0,deGFP,1.0,2026-03-09,ext,M,GFP-M-Gext,0.0010766108522859987
0 days 05:00:23,37.1,I14,10170,I,14,GFP-M-Gext,1,2026-03-09 17:31:39,Cytation5,20260309-round1,2,Sample,2.996187423,0.0,2000.000003,1.950000051,1.799999951,10,4.969,0.0,140.0,50.0,0.0,0.0,2.0,2.0,1.0,1.0,1.0,0.02,2.0,0.3,3.5,0.0,deGFP,1.0,2026-03-09,ext,M,GFP-M-Gext,0.0010701918060549904
0 days 05:05:23,37.0,I14,9989,I,14,GFP-M-Gext,1,2026-03-09 17:36:39,Cytation5,20260309-round1,2,Sample,2.996187423,0.0,2000.000003,1.950000051,1.799999951,10,4.969,0.0,140.0,50.0,0.0,0.0,2.0,2.0,1.0,1.0,1.0,0.02,2.0,0.3,3.5,0.0,deGFP,1.0,2026-03-09,ext,M,GFP-M-Gext,0.0010511451278941298
0 days 05:10:23,37.0,I14,10111,I,14,GFP-M-Gext,1,2026-03-09 17:41:39,Cytation5,20260309-round1,2,Sample,2.996187423,0.0,2000.000003,1.950000051,1.799999951,10,4.969,0.0,140.0,50.0,0.0,0.0,2.0,2.0,1.0,1.0,1.0,0.02,2.0,0.3,3.5,0.0,deGFP,1.0,2026-03-09,ext,M,GFP-M-Gext,0.0010639832203561464
0 days 05:15:23,37.0,I14,10091,I,14,GFP-M-Gext,1,2026-03-09 17:46:39,Cytation5,20260309-round1,2,Sample,2.996187423,0.0,2000.000003,1.950000051,1.799999951,10,4.969,0.0,140.0,50.0,0.0,0.0,2.0,2.0,1.0,1.0,1.0,0.02,2.0,0.3,3.5,0.0,deGFP,1.0,2026-03-09,ext,M,GFP-M-Gext,0.0010618786150345043
0 days 05:20:23,37.0,I14,10052,I,14,GFP-M-Gext,1,2026-03-09 17:51:39,Cytation5,20260309-round1,2,Sample,2.996187423,0.0,2000.000003,1.950000051,1.799999951,10,4.969,0.0,140.0,50.0,0.0,0.0,2.0,2.0,1.0,1.0,1.0,0.02,2.0,0.3,3.5,0.0,deGFP,1.0,2026-03-09,ext,M,GFP-M-Gext,0.0010577746346573022
0 days 05:25:23,37.1,I14,10162,I,14,GFP-M-Gext,1,2026-03-09 17:56:39,Cytation5,20260309-round1,2,Sample,2.996187423,0.0,2000.000003,1.950000051,1.799999951,10,4.969,0.0,140.0,50.0,0.0,0.0,2.0,2.0,1.0,1.0,1.0,0.02,2.0,0.3,3.5,0.0,deGFP,1.0,2026-03-09,ext,M,GFP-M-Gext,0.0010693499639263335
0 days 05:30:23,37.1,I14,10099,I,14,GFP-M-Gext,1,2026-03-09 18:01:39,Cytation5,20260309-round1,2,Sample,2.996187423,0.0,2000.000003,1.950000051,1.799999951,10,4.969,0.0,140.0,50.0,0.0,0.0,2.0,2.0,1.0,1.0,1.0,0.02,2.0,0.3,3.5,0.0,deGFP,1.0,2026-03-09,ext,M,GFP-M-Gext,0.0010627204571631611
0 days 05:35:23,37.1,I14,10130,I,14,GFP-M-Gext,1,2026-03-09 18:06:39,Cytation5,20260309-round1,2,Sample,2.996187423,0.0,2000.000003,1.950000051,1.799999951,10,4.969,0.0,140.0,50.0,0.0,0.0,2.0,2.0,1.0,1.0,1.0,0.02,2.0,0.3,3.5,0.0,deGFP,1.0,2026-03-09,ext,M,GFP-M-Gext,0.0010659825954117063
0 days 05:40:23,37.0,I14,10192,I,14,GFP-M-Gext,1,2026-03-09 18:11:39,Cytation5,20260309-round1,2,Sample,2.996187423,0.0,2000.000003,1.950000051,1.799999951,10,4.969,0.0,140.0,50.0,0.0,0.0,2.0,2.0,1.0,1.0,1.0,0.02,2.0,0.3,3.5,0.0,deGFP,1.0,2026-03-09,ext,M,GFP-M-Gext,0.0010725068719087967
0 days 05:45:23,37.0,I14,10300,I,14,GFP-M-Gext,1,2026-03-09 18:16:39,Cytation5,20260309-round1,2,Sample,2.996187423,0.0,2000.000003,1.950000051,1.799999951,10,4.969,0.0,140.0,50.0,0.0,0.0,2.0,2.0,1.0,1.0,1.0,0.02,2.0,0.3,3.5,0.0,deGFP,1.0,2026-03-09,ext,M,GFP-M-Gext,0.0010838717406456639
0 days 05:50:23,37.0,I14,10129,I,14,GFP-M-Gext,1,2026-03-09 18:21:39,Cytation5,20260309-round1,2,Sample,2.996187423,0.0,2000.000003,1.950000051,1.799999951,10,4.969,0.0,140.0,50.0,0.0,0.0,2.0,2.0,1.0,1.0,1.0,0.02,2.0,0.3,3.5,0.0,deGFP,1.0,2026-03-09,ext,M,GFP-M-Gext,0.0010658773651456243
0 days 05:55:23,37.0,I14,10153,I,14,GFP-M-Gext,1,2026-03-09 18:26:39,Cytation5,20260309-round1,2,Sample,2.996187423,0.0,2000.000003,1.950000051,1.799999951,10,4.969,0.0,140.0,50.0,0.0,0.0,2.0,2.0,1.0,1.0,1.0,0.02,2.0,0.3,3.5,0.0,deGFP,1.0,2026-03-09,ext,M,GFP-M-Gext,0.0010684028915315946
0 days 06:00:23,37.1,I14,10182,I,14,GFP-M-Gext,1,2026-03-09 18:31:39,Cytation5,20260309-round1,2,Sample,2.996187423,0.0,2000.000003,1.950000051,1.799999951,10,4.969,0.0,140.0,50.0,0.0,0.0,2.0,2.0,1.0,1.0,1.0,0.02,2.0,0.3,3.5,0.0,deGFP,1.0,2026-03-09,ext,M,GFP-M-Gext,0.0010714545692479757
0 days 00:00:23,28.9,I15,378,I,15,GFP-M-Gext,1,2026-03-09 12:31:39,Cytation5,20260309-round1,3,Sample,2.996187423,0.0,2000.000003,1.950000051,1.799999951,10,2.469,67.0,200.0,50.0,0.0,0.0,2.0,2.0,1.0,1.0,1.0,0.02,2.0,0.3,3.5,0.0,deGFP,1.0,2026-03-09,ext,M,GFP-M-Gext,3.977704057903504e-05
0 days 00:05:23,34.5,I15,351,I,15,GFP-M-Gext,1,2026-03-09 12:36:39,Cytation5,20260309-round1,3,Sample,2.996187423,0.0,2000.000003,1.950000051,1.799999951,10,2.469,67.0,200.0,50.0,0.0,0.0,2.0,2.0,1.0,1.0,1.0,0.02,2.0,0.3,3.5,0.0,deGFP,1.0,2026-03-09,ext,M,GFP-M-Gext,3.6935823394818255e-05
0 days 00:10:23,37.0,I15,307,I,15,GFP-M-Gext,1,2026-03-09 12:41:39,Cytation5,20260309-round1,3,Sample,2.996187423,0.0,2000.000003,1.950000051,1.799999951,10,2.469,67.0,200.0,50.0,0.0,0.0,2.0,2.0,1.0,1.0,1.0,0.02,2.0,0.3,3.5,0.0,deGFP,1.0,2026-03-09,ext,M,GFP-M-Gext,3.230569168720571e-05
0 days 00:15:23,37.0,I15,320,I,15,GFP-M-Gext,1,2026-03-09 12:46:39,Cytation5,20260309-round1,3,Sample,2.996187423,0.0,2000.000003,1.950000051,1.799999951,10,2.469,67.0,200.0,50.0,0.0,0.0,2.0,2.0,1.0,1.0,1.0,0.02,2.0,0.3,3.5,0.0,deGFP,1.0,2026-03-09,ext,M,GFP-M-Gext,3.367368514627305e-05
0 days 00:20:23,37.0,I15,365,I,15,GFP-M-Gext,1,2026-03-09 12:51:39,Cytation5,20260309-round1,3,Sample,2.996187423,0.0,2000.000003,1.950000051,1.799999951,10,2.469,67.0,200.0,50.0,0.0,0.0,2.0,2.0,1.0,1.0,1.0,0.02,2.0,0.3,3.5,0.0,deGFP,1.0,2026-03-09,ext,M,GFP-M-Gext,3.84090471199677e-05
0 days 00:25:23,37.0,I15,338,I,15,GFP-M-Gext,1,2026-03-09 12:56:39,Cytation5,20260309-round1,3,Sample,2.996187423,0.0,2000.000003,1.950000051,1.799999951,10,2.469,67.0,200.0,50.0,0.0,0.0,2.0,2.0,1.0,1.0,1.0,0.02,2.0,0.3,3.5,0.0,deGFP,1.0,2026-03-09,ext,M,GFP-M-Gext,3.556782993575091e-05
0 days 00:30:23,37.0,I15,349,I,15,GFP-M-Gext,1,2026-03-09 13:01:39,Cytation5,20260309-round1,3,Sample,2.996187423,0.0,2000.000003,1.950000051,1.799999951,10,2.469,67.0,200.0,50.0,0.0,0.0,2.0,2.0,1.0,1.0,1.0,0.02,2.0,0.3,3.5,0.0,deGFP,1.0,2026-03-09,ext,M,GFP-M-Gext,3.6725362862654046e-05
0 days 00:35:23,37.0,I15,345,I,15,GFP-M-Gext,1,2026-03-09 13:06:39,Cytation5,20260309-round1,3,Sample,2.996187423,0.0,2000.000003,1.950000051,1.799999951,10,2.469,67.0,200.0,50.0,0.0,0.0,2.0,2.0,1.0,1.0,1.0,0.02,2.0,0.3,3.5,0.0,deGFP,1.0,2026-03-09,ext,M,GFP-M-Gext,3.6304441798325635e-05
0 days 00:40:23,37.0,I15,376,I,15,GFP-M-Gext,1,2026-03-09 13:11:39,Cytation5,20260309-round1,3,Sample,2.996187423,0.0,2000.000003,1.950000051,1.799999951,10,2.469,67.0,200.0,50.0,0.0,0.0,2.0,2.0,1.0,1.0,1.0,0.02,2.0,0.3,3.5,0.0,deGFP,1.0,2026-03-09,ext,M,GFP-M-Gext,3.956658004687083e-05
0 days 00:45:23,37.1,I15,419,I,15,GFP-M-Gext,1,2026-03-09 13:16:39,Cytation5,20260309-round1,3,Sample,2.996187423,0.0,2000.000003,1.950000051,1.799999951,10,2.469,67.0,200.0,50.0,0.0,0.0,2.0,2.0,1.0,1.0,1.0,0.02,2.0,0.3,3.5,0.0,deGFP,1.0,2026-03-09,ext,M,GFP-M-Gext,4.4091481488401275e-05
0 days 00:50:23,37.0,I15,387,I,15,GFP-M-Gext,1,2026-03-09 13:21:39,Cytation5,20260309-round1,3,Sample,2.996187423,0.0,2000.000003,1.950000051,1.799999951,10,2.469,67.0,200.0,50.0,0.0,0.0,2.0,2.0,1.0,1.0,1.0,0.02,2.0,0.3,3.5,0.0,deGFP,1.0,2026-03-09,ext,M,GFP-M-Gext,4.072411297377397e-05
0 days 00:55:23,37.0,I15,397,I,15,GFP-M-Gext,1,2026-03-09 13:26:39,Cytation5,20260309-round1,3,Sample,2.996187423,0.0,2000.000003,1.950000051,1.799999951,10,2.469,67.0,200.0,50.0,0.0,0.0,2.0,2.0,1.0,1.0,1.0,0.02,2.0,0.3,3.5,0.0,deGFP,1.0,2026-03-09,ext,M,GFP-M-Gext,4.177641563459501e-05
0 days 01:00:23,37.0,I15,426,I,15,GFP-M-Gext,1,2026-03-09 13:31:39,Cytation5,20260309-round1,3,Sample,2.996187423,0.0,2000.000003,1.950000051,1.799999951,10,2.469,67.0,200.0,50.0,0.0,0.0,2.0,2.0,1.0,1.0,1.0,0.02,2.0,0.3,3.5,0.0,deGFP,1.0,2026-03-09,ext,M,GFP-M-Gext,4.4828093350976e-05
0 days 01:05:23,37.0,I15,432,I,15,GFP-M-Gext,1,2026-03-09 13:36:39,Cytation5,20260309-round1,3,Sample,2.996187423,0.0,2000.000003,1.950000051,1.799999951,10,2.469,67.0,200.0,50.0,0.0,0.0,2.0,2.0,1.0,1.0,1.0,0.02,2.0,0.3,3.5,0.0,deGFP,1.0,2026-03-09,ext,M,GFP-M-Gext,4.545947494746862e-05
0 days 01:10:23,37.0,I15,421,I,15,GFP-M-Gext,1,2026-03-09 13:41:39,Cytation5,20260309-round1,3,Sample,2.996187423,0.0,2000.000003,1.950000051,1.799999951,10,2.469,67.0,200.0,50.0,0.0,0.0,2.0,2.0,1.0,1.0,1.0,0.02,2.0,0.3,3.5,0.0,deGFP,1.0,2026-03-09,ext,M,GFP-M-Gext,4.4301942020565484e-05
0 days 01:15:23,37.1,I15,445,I,15,GFP-M-Gext,1,2026-03-09 13:46:39,Cytation5,20260309-round1,3,Sample,2.996187423,0.0,2000.000003,1.950000051,1.799999951,10,2.469,67.0,200.0,50.0,0.0,0.0,2.0,2.0,1.0,1.0,1.0,0.02,2.0,0.3,3.5,0.0,deGFP,1.0,2026-03-09,ext,M,GFP-M-Gext,4.682746840653596e-05
0 days 01:20:23,37.0,I15,436,I,15,GFP-M-Gext,1,2026-03-09 13:51:39,Cytation5,20260309-round1,3,Sample,2.996187423,0.0,2000.000003,1.950000051,1.799999951,10,2.469,67.0,200.0,50.0,0.0,0.0,2.0,2.0,1.0,1.0,1.0,0.02,2.0,0.3,3.5,0.0,deGFP,1.0,2026-03-09,ext,M,GFP-M-Gext,4.588039601179703e-05
0 days 01:25:23,37.0,I15,456,I,15,GFP-M-Gext,1,2026-03-09 13:56:39,Cytation5,20260309-round1,3,Sample,2.996187423,0.0,2000.000003,1.950000051,1.799999951,10,2.469,67.0,200.0,50.0,0.0,0.0,2.0,2.0,1.0,1.0,1.0,0.02,2.0,0.3,3.5,0.0,deGFP,1.0,2026-03-09,ext,M,GFP-M-Gext,4.79850013334391e-05
0 days 01:30:23,37.0,I15,486,I,15,GFP-M-Gext,1,2026-03-09 14:01:39,Cytation5,20260309-round1,3,Sample,2.996187423,0.0,2000.000003,1.950000051,1.799999951,10,2.469,67.0,200.0,50.0,0.0,0.0,2.0,2.0,1.0,1.0,1.0,0.02,2.0,0.3,3.5,0.0,deGFP,1.0,2026-03-09,ext,M,GFP-M-Gext,5.1141909315902195e-05
0 days 01:35:23,37.0,I15,483,I,15,GFP-M-Gext,1,2026-03-09 14:06:39,Cytation5,20260309-round1,3,Sample,2.996187423,0.0,2000.000003,1.950000051,1.799999951,10,2.469,67.0,200.0,50.0,0.0,0.0,2.0,2.0,1.0,1.0,1.0,0.02,2.0,0.3,3.5,0.0,deGFP,1.0,2026-03-09,ext,M,GFP-M-Gext,5.0826218517655885e-05
0 days 01:40:23,37.0,I15,521,I,15,GFP-M-Gext,1,2026-03-09 14:11:39,Cytation5,20260309-round1,3,Sample,2.996187423,0.0,2000.000003,1.950000051,1.799999951,10,2.469,67.0,200.0,50.0,0.0,0.0,2.0,2.0,1.0,1.0,1.0,0.02,2.0,0.3,3.5,0.0,deGFP,1.0,2026-03-09,ext,M,GFP-M-Gext,5.482496862877581e-05
0 days 01:45:23,37.0,I15,536,I,15,GFP-M-Gext,1,2026-03-09 14:16:39,Cytation5,20260309-round1,3,Sample,2.996187423,0.0,2000.000003,1.950000051,1.799999951,10,2.469,67.0,200.0,50.0,0.0,0.0,2.0,2.0,1.0,1.0,1.0,0.02,2.0,0.3,3.5,0.0,deGFP,1.0,2026-03-09,ext,M,GFP-M-Gext,5.6403422620007365e-05
0 days 01:50:23,37.0,I15,530,I,15,GFP-M-Gext,1,2026-03-09 14:21:39,Cytation5,20260309-round1,3,Sample,2.996187423,0.0,2000.000003,1.950000051,1.799999951,10,2.469,67.0,200.0,50.0,0.0,0.0,2.0,2.0,1.0,1.0,1.0,0.02,2.0,0.3,3.5,0.0,deGFP,1.0,2026-03-09,ext,M,GFP-M-Gext,5.5772041023514745e-05
0 days 01:55:23,37.1,I15,599,I,15,GFP-M-Gext,1,2026-03-09 14:26:39,Cytation5,20260309-round1,3,Sample,2.996187423,0.0,2000.000003,1.950000051,1.799999951,10,2.469,67.0,200.0,50.0,0.0,0.0,2.0,2.0,1.0,1.0,1.0,0.02,2.0,0.3,3.5,0.0,deGFP,1.0,2026-03-09,ext,M,GFP-M-Gext,6.303292938317987e-05
0 days 02:00:23,37.0,I15,578,I,15,GFP-M-Gext,1,2026-03-09 14:31:39,Cytation5,20260309-round1,3,Sample,2.996187423,0.0,2000.000003,1.950000051,1.799999951,10,2.469,67.0,200.0,50.0,0.0,0.0,2.0,2.0,1.0,1.0,1.0,0.02,2.0,0.3,3.5,0.0,deGFP,1.0,2026-03-09,ext,M,GFP-M-Gext,6.08230937954557e-05
0 days 02:05:23,37.0,I15,588,I,15,GFP-M-Gext,1,2026-03-09 14:36:39,Cytation5,20260309-round1,3,Sample,2.996187423,0.0,2000.000003,1.950000051,1.799999951,10,2.469,67.0,200.0,50.0,0.0,0.0,2.0,2.0,1.0,1.0,1.0,0.02,2.0,0.3,3.5,0.0,deGFP,1.0,2026-03-09,ext,M,GFP-M-Gext,6.187539645627673e-05
0 days 02:10:23,37.1,I15,624,I,15,GFP-M-Gext,1,2026-03-09 14:41:39,Cytation5,20260309-round1,3,Sample,2.996187423,0.0,2000.000003,1.950000051,1.799999951,10,2.469,67.0,200.0,50.0,0.0,0.0,2.0,2.0,1.0,1.0,1.0,0.02,2.0,0.3,3.5,0.0,deGFP,1.0,2026-03-09,ext,M,GFP-M-Gext,6.566368603523245e-05
0 days 02:15:23,37.1,I15,651,I,15,GFP-M-Gext,1,2026-03-09 14:46:39,Cytation5,20260309-round1,3,Sample,2.996187423,0.0,2000.000003,1.950000051,1.799999951,10,2.469,67.0,200.0,50.0,0.0,0.0,2.0,2.0,1.0,1.0,1.0,0.02,2.0,0.3,3.5,0.0,deGFP,1.0,2026-03-09,ext,M,GFP-M-Gext,6.850490321944925e-05
0 days 02:20:23,37.0,I15,670,I,15,GFP-M-Gext,1,2026-03-09 14:51:39,Cytation5,20260309-round1,3,Sample,2.996187423,0.0,2000.000003,1.950000051,1.799999951,10,2.469,67.0,200.0,50.0,0.0,0.0,2.0,2.0,1.0,1.0,1.0,0.02,2.0,0.3,3.5,0.0,deGFP,1.0,2026-03-09,ext,M,GFP-M-Gext,7.05042782750092e-05
0 days 02:25:23,37.0,I15,679,I,15,GFP-M-Gext,1,2026-03-09 14:56:39,Cytation5,20260309-round1,3,Sample,2.996187423,0.0,2000.000003,1.950000051,1.799999951,10,2.469,67.0,200.0,50.0,0.0,0.0,2.0,2.0,1.0,1.0,1.0,0.02,2.0,0.3,3.5,0.0,deGFP,1.0,2026-03-09,ext,M,GFP-M-Gext,7.145135066974813e-05
0 days 02:30:23,37.0,I15,694,I,15,GFP-M-Gext,1,2026-03-09 15:01:39,Cytation5,20260309-round1,3,Sample,2.996187423,0.0,2000.000003,1.950000051,1.799999951,10,2.469,67.0,200.0,50.0,0.0,0.0,2.0,2.0,1.0,1.0,1.0,0.02,2.0,0.3,3.5,0.0,deGFP,1.0,2026-03-09,ext,M,GFP-M-Gext,7.302980466097967e-05
0 days 02:35:23,37.0,I15,748,I,15,GFP-M-Gext,1,2026-03-09 15:06:39,Cytation5,20260309-round1,3,Sample,2.996187423,0.0,2000.000003,1.950000051,1.799999951,10,2.469,67.0,200.0,50.0,0.0,0.0,2.0,2.0,1.0,1.0,1.0,0.02,2.0,0.3,3.5,0.0,deGFP,1.0,2026-03-09,ext,M,GFP-M-Gext,7.871223902941326e-05
0 days 02:40:23,37.0,I15,786,I,15,GFP-M-Gext,1,2026-03-09 15:11:39,Cytation5,20260309-round1,3,Sample,2.996187423,0.0,2000.000003,1.950000051,1.799999951,10,2.469,67.0,200.0,50.0,0.0,0.0,2.0,2.0,1.0,1.0,1.0,0.02,2.0,0.3,3.5,0.0,deGFP,1.0,2026-03-09,ext,M,GFP-M-Gext,8.271098914053318e-05
0 days 02:45:23,37.0,I15,809,I,15,GFP-M-Gext,1,2026-03-09 15:16:39,Cytation5,20260309-round1,3,Sample,2.996187423,0.0,2000.000003,1.950000051,1.799999951,10,2.469,67.0,200.0,50.0,0.0,0.0,2.0,2.0,1.0,1.0,1.0,0.02,2.0,0.3,3.5,0.0,deGFP,1.0,2026-03-09,ext,M,GFP-M-Gext,8.513128526042156e-05
0 days 02:50:23,37.0,I15,830,I,15,GFP-M-Gext,1,2026-03-09 15:21:39,Cytation5,20260309-round1,3,Sample,2.996187423,0.0,2000.000003,1.950000051,1.799999951,10,2.469,67.0,200.0,50.0,0.0,0.0,2.0,2.0,1.0,1.0,1.0,0.02,2.0,0.3,3.5,0.0,deGFP,1.0,2026-03-09,ext,M,GFP-M-Gext,8.734112084814573e-05
0 days 02:55:23,37.0,I15,841,I,15,GFP-M-Gext,1,2026-03-09 15:26:39,Cytation5,20260309-round1,3,Sample,2.996187423,0.0,2000.000003,1.950000051,1.799999951,10,2.469,67.0,200.0,50.0,0.0,0.0,2.0,2.0,1.0,1.0,1.0,0.02,2.0,0.3,3.5,0.0,deGFP,1.0,2026-03-09,ext,M,GFP-M-Gext,8.849865377504886e-05
0 days 03:00:23,36.9,I15,877,I,15,GFP-M-Gext,1,2026-03-09 15:31:39,Cytation5,20260309-round1,3,Sample,2.996187423,0.0,2000.000003,1.950000051,1.799999951,10,2.469,67.0,200.0,50.0,0.0,0.0,2.0,2.0,1.0,1.0,1.0,0.02,2.0,0.3,3.5,0.0,deGFP,1.0,2026-03-09,ext,M,GFP-M-Gext,9.228694335400458e-05
0 days 03:05:23,37.0,I15,905,I,15,GFP-M-Gext,1,2026-03-09 15:36:39,Cytation5,20260309-round1,3,Sample,2.996187423,0.0,2000.000003,1.950000051,1.799999951,10,2.469,67.0,200.0,50.0,0.0,0.0,2.0,2.0,1.0,1.0,1.0,0.02,2.0,0.3,3.5,0.0,deGFP,1.0,2026-03-09,ext,M,GFP-M-Gext,9.523339080430347e-05
0 days 03:10:23,37.0,I15,949,I,15,GFP-M-Gext,1,2026-03-09 15:41:39,Cytation5,20260309-round1,3,Sample,2.996187423,0.0,2000.000003,1.950000051,1.799999951,10,2.469,67.0,200.0,50.0,0.0,0.0,2.0,2.0,1.0,1.0,1.0,0.02,2.0,0.3,3.5,0.0,deGFP,1.0,2026-03-09,ext,M,GFP-M-Gext,9.986352251191602e-05
0 days 03:15:23,37.0,I15,978,I,15,GFP-M-Gext,1,2026-03-09 15:46:39,Cytation5,20260309-round1,3,Sample,2.996187423,0.0,2000.000003,1.950000051,1.799999951,10,2.469,67.0,200.0,50.0,0.0,0.0,2.0,2.0,1.0,1.0,1.0,0.02,2.0,0.3,3.5,0.0,deGFP,1.0,2026-03-09,ext,M,GFP-M-Gext,0.00010291520022829701
0 days 03:20:23,37.0,I15,995,I,15,GFP-M-Gext,1,2026-03-09 15:51:39,Cytation5,20260309-round1,3,Sample,2.996187423,0.0,2000.000003,1.950000051,1.799999951,10,2.469,67.0,200.0,50.0,0.0,0.0,2.0,2.0,1.0,1.0,1.0,0.02,2.0,0.3,3.5,0.0,deGFP,1.0,2026-03-09,ext,M,GFP-M-Gext,0.00010470411475169277
0 days 03:25:23,37.0,I15,1042,I,15,GFP-M-Gext,1,2026-03-09 15:56:39,Cytation5,20260309-round1,3,Sample,2.996187423,0.0,2000.000003,1.950000051,1.799999951,10,2.469,67.0,200.0,50.0,0.0,0.0,2.0,2.0,1.0,1.0,1.0,0.02,2.0,0.3,3.5,0.0,deGFP,1.0,2026-03-09,ext,M,GFP-M-Gext,0.00010964993725755162
0 days 03:30:23,37.0,I15,1078,I,15,GFP-M-Gext,1,2026-03-09 16:01:39,Cytation5,20260309-round1,3,Sample,2.996187423,0.0,2000.000003,1.950000051,1.799999951,10,2.469,67.0,200.0,50.0,0.0,0.0,2.0,2.0,1.0,1.0,1.0,0.02,2.0,0.3,3.5,0.0,deGFP,1.0,2026-03-09,ext,M,GFP-M-Gext,0.00011343822683650735
0 days 03:35:23,37.0,I15,1102,I,15,GFP-M-Gext,1,2026-03-09 16:06:39,Cytation5,20260309-round1,3,Sample,2.996187423,0.0,2000.000003,1.950000051,1.799999951,10,2.469,67.0,200.0,50.0,0.0,0.0,2.0,2.0,1.0,1.0,1.0,0.02,2.0,0.3,3.5,0.0,deGFP,1.0,2026-03-09,ext,M,GFP-M-Gext,0.00011596375322247783
0 days 03:40:23,37.1,I15,1121,I,15,GFP-M-Gext,1,2026-03-09 16:11:39,Cytation5,20260309-round1,3,Sample,2.996187423,0.0,2000.000003,1.950000051,1.799999951,10,2.469,67.0,200.0,50.0,0.0,0.0,2.0,2.0,1.0,1.0,1.0,0.02,2.0,0.3,3.5,0.0,deGFP,1.0,2026-03-09,ext,M,GFP-M-Gext,0.00011796312827803779
0 days 03:45:23,37.0,I15,1176,I,15,GFP-M-Gext,1,2026-03-09 16:16:39,Cytation5,20260309-round1,3,Sample,2.996187423,0.0,2000.000003,1.950000051,1.799999951,10,2.469,67.0,200.0,50.0,0.0,0.0,2.0,2.0,1.0,1.0,1.0,0.02,2.0,0.3,3.5,0.0,deGFP,1.0,2026-03-09,ext,M,GFP-M-Gext,0.00012375079291255346
0 days 03:50:23,37.0,I15,1212,I,15,GFP-M-Gext,1,2026-03-09 16:21:39,Cytation5,20260309-round1,3,Sample,2.996187423,0.0,2000.000003,1.950000051,1.799999951,10,2.469,67.0,200.0,50.0,0.0,0.0,2.0,2.0,1.0,1.0,1.0,0.02,2.0,0.3,3.5,0.0,deGFP,1.0,2026-03-09,ext,M,GFP-M-Gext,0.00012753908249150917
0 days 03:55:23,37.0,I15,1251,I,15,GFP-M-Gext,1,2026-03-09 16:26:39,Cytation5,20260309-round1,3,Sample,2.996187423,0.0,2000.000003,1.950000051,1.799999951,10,2.469,67.0,200.0,50.0,0.0,0.0,2.0,2.0,1.0,1.0,1.0,0.02,2.0,0.3,3.5,0.0,deGFP,1.0,2026-03-09,ext,M,GFP-M-Gext,0.0001316430628687112
0 days 04:00:23,37.0,I15,1302,I,15,GFP-M-Gext,1,2026-03-09 16:31:39,Cytation5,20260309-round1,3,Sample,2.996187423,0.0,2000.000003,1.950000051,1.799999951,10,2.469,67.0,200.0,50.0,0.0,0.0,2.0,2.0,1.0,1.0,1.0,0.02,2.0,0.3,3.5,0.0,deGFP,1.0,2026-03-09,ext,M,GFP-M-Gext,0.0001370098064388985
0 days 04:05:23,37.1,I15,1300,I,15,GFP-M-Gext,1,2026-03-09 16:36:39,Cytation5,20260309-round1,3,Sample,2.996187423,0.0,2000.000003,1.950000051,1.799999951,10,2.469,67.0,200.0,50.0,0.0,0.0,2.0,2.0,1.0,1.0,1.0,0.02,2.0,0.3,3.5,0.0,deGFP,1.0,2026-03-09,ext,M,GFP-M-Gext,0.00013679934590673428
0 days 04:10:23,37.1,I15,1328,I,15,GFP-M-Gext,1,2026-03-09 16:41:39,Cytation5,20260309-round1,3,Sample,2.996187423,0.0,2000.000003,1.950000051,1.799999951,10,2.469,67.0,200.0,50.0,0.0,0.0,2.0,2.0,1.0,1.0,1.0,0.02,2.0,0.3,3.5,0.0,deGFP,1.0,2026-03-09,ext,M,GFP-M-Gext,0.00013974579335703316
0 days 04:15:23,37.0,I15,1415,I,15,GFP-M-Gext,1,2026-03-09 16:46:39,Cytation5,20260309-round1,3,Sample,2.996187423,0.0,2000.000003,1.950000051,1.799999951,10,2.469,67.0,200.0,50.0,0.0,0.0,2.0,2.0,1.0,1.0,1.0,0.02,2.0,0.3,3.5,0.0,deGFP,1.0,2026-03-09,ext,M,GFP-M-Gext,0.00014890082650617615
0 days 04:20:23,37.0,I15,1478,I,15,GFP-M-Gext,1,2026-03-09 16:51:39,Cytation5,20260309-round1,3,Sample,2.996187423,0.0,2000.000003,1.950000051,1.799999951,10,2.469,67.0,200.0,50.0,0.0,0.0,2.0,2.0,1.0,1.0,1.0,0.02,2.0,0.3,3.5,0.0,deGFP,1.0,2026-03-09,ext,M,GFP-M-Gext,0.00015553033326934867
0 days 04:25:23,37.0,I15,1458,I,15,GFP-M-Gext,1,2026-03-09 16:56:39,Cytation5,20260309-round1,3,Sample,2.996187423,0.0,2000.000003,1.950000051,1.799999951,10,2.469,67.0,200.0,50.0,0.0,0.0,2.0,2.0,1.0,1.0,1.0,0.02,2.0,0.3,3.5,0.0,deGFP,1.0,2026-03-09,ext,M,GFP-M-Gext,0.0001534257279477066
0 days 04:30:23,37.1,I15,1536,I,15,GFP-M-Gext,1,2026-03-09 17:01:39,Cytation5,20260309-round1,3,Sample,2.996187423,0.0,2000.000003,1.950000051,1.799999951,10,2.469,67.0,200.0,50.0,0.0,0.0,2.0,2.0,1.0,1.0,1.0,0.02,2.0,0.3,3.5,0.0,deGFP,1.0,2026-03-09,ext,M,GFP-M-Gext,0.00016163368870211064
0 days 04:35:23,37.0,I15,1593,I,15,GFP-M-Gext,1,2026-03-09 17:06:39,Cytation5,20260309-round1,3,Sample,2.996187423,0.0,2000.000003,1.950000051,1.799999951,10,2.469,67.0,200.0,50.0,0.0,0.0,2.0,2.0,1.0,1.0,1.0,0.02,2.0,0.3,3.5,0.0,deGFP,1.0,2026-03-09,ext,M,GFP-M-Gext,0.00016763181386879054
0 days 04:40:23,37.0,I15,1596,I,15,GFP-M-Gext,1,2026-03-09 17:11:39,Cytation5,20260309-round1,3,Sample,2.996187423,0.0,2000.000003,1.950000051,1.799999951,10,2.469,67.0,200.0,50.0,0.0,0.0,2.0,2.0,1.0,1.0,1.0,0.02,2.0,0.3,3.5,0.0,deGFP,1.0,2026-03-09,ext,M,GFP-M-Gext,0.00016794750466703684
0 days 04:45:23,37.0,I15,1663,I,15,GFP-M-Gext,1,2026-03-09 17:16:39,Cytation5,20260309-round1,3,Sample,2.996187423,0.0,2000.000003,1.950000051,1.799999951,10,2.469,67.0,200.0,50.0,0.0,0.0,2.0,2.0,1.0,1.0,1.0,0.02,2.0,0.3,3.5,0.0,deGFP,1.0,2026-03-09,ext,M,GFP-M-Gext,0.00017499793249453775
0 days 04:50:23,37.1,I15,1684,I,15,GFP-M-Gext,1,2026-03-09 17:21:39,Cytation5,20260309-round1,3,Sample,2.996187423,0.0,2000.000003,1.950000051,1.799999951,10,2.469,67.0,200.0,50.0,0.0,0.0,2.0,2.0,1.0,1.0,1.0,0.02,2.0,0.3,3.5,0.0,deGFP,1.0,2026-03-09,ext,M,GFP-M-Gext,0.00017720776808226194
0 days 04:55:23,37.1,I15,1758,I,15,GFP-M-Gext,1,2026-03-09 17:26:39,Cytation5,20260309-round1,3,Sample,2.996187423,0.0,2000.000003,1.950000051,1.799999951,10,2.469,67.0,200.0,50.0,0.0,0.0,2.0,2.0,1.0,1.0,1.0,0.02,2.0,0.3,3.5,0.0,deGFP,1.0,2026-03-09,ext,M,GFP-M-Gext,0.00018499480777233758
0 days 05:00:23,37.1,I15,1839,I,15,GFP-M-Gext,1,2026-03-09 17:31:39,Cytation5,20260309-round1,3,Sample,2.996187423,0.0,2000.000003,1.950000051,1.799999951,10,2.469,67.0,200.0,50.0,0.0,0.0,2.0,2.0,1.0,1.0,1.0,0.02,2.0,0.3,3.5,0.0,deGFP,1.0,2026-03-09,ext,M,GFP-M-Gext,0.00019351845932498796
0 days 05:05:23,37.0,I15,1792,I,15,GFP-M-Gext,1,2026-03-09 17:36:39,Cytation5,20260309-round1,3,Sample,2.996187423,0.0,2000.000003,1.950000051,1.799999951,10,2.469,67.0,200.0,50.0,0.0,0.0,2.0,2.0,1.0,1.0,1.0,0.02,2.0,0.3,3.5,0.0,deGFP,1.0,2026-03-09,ext,M,GFP-M-Gext,0.00018857263681912908
0 days 05:10:23,37.0,I15,1872,I,15,GFP-M-Gext,1,2026-03-09 17:41:39,Cytation5,20260309-round1,3,Sample,2.996187423,0.0,2000.000003,1.950000051,1.799999951,10,2.469,67.0,200.0,50.0,0.0,0.0,2.0,2.0,1.0,1.0,1.0,0.02,2.0,0.3,3.5,0.0,deGFP,1.0,2026-03-09,ext,M,GFP-M-Gext,0.00019699105810569735
0 days 05:15:23,37.0,I15,1932,I,15,GFP-M-Gext,1,2026-03-09 17:46:39,Cytation5,20260309-round1,3,Sample,2.996187423,0.0,2000.000003,1.950000051,1.799999951,10,2.469,67.0,200.0,50.0,0.0,0.0,2.0,2.0,1.0,1.0,1.0,0.02,2.0,0.3,3.5,0.0,deGFP,1.0,2026-03-09,ext,M,GFP-M-Gext,0.00020330487407062354
0 days 05:20:23,37.0,I15,1986,I,15,GFP-M-Gext,1,2026-03-09 17:51:39,Cytation5,20260309-round1,3,Sample,2.996187423,0.0,2000.000003,1.950000051,1.799999951,10,2.469,67.0,200.0,50.0,0.0,0.0,2.0,2.0,1.0,1.0,1.0,0.02,2.0,0.3,3.5,0.0,deGFP,1.0,2026-03-09,ext,M,GFP-M-Gext,0.00020898730843905711
0 days 05:25:23,37.1,I15,2068,I,15,GFP-M-Gext,1,2026-03-09 17:56:39,Cytation5,20260309-round1,3,Sample,2.996187423,0.0,2000.000003,1.950000051,1.799999951,10,2.469,67.0,200.0,50.0,0.0,0.0,2.0,2.0,1.0,1.0,1.0,0.02,2.0,0.3,3.5,0.0,deGFP,1.0,2026-03-09,ext,M,GFP-M-Gext,0.0002176161902577896
0 days 05:30:23,37.1,I15,2047,I,15,GFP-M-Gext,1,2026-03-09 18:01:39,Cytation5,20260309-round1,3,Sample,2.996187423,0.0,2000.000003,1.950000051,1.799999951,10,2.469,67.0,200.0,50.0,0.0,0.0,2.0,2.0,1.0,1.0,1.0,0.02,2.0,0.3,3.5,0.0,deGFP,1.0,2026-03-09,ext,M,GFP-M-Gext,0.00021540635467006542
0 days 05:35:23,37.1,I15,2095,I,15,GFP-M-Gext,1,2026-03-09 18:06:39,Cytation5,20260309-round1,3,Sample,2.996187423,0.0,2000.000003,1.950000051,1.799999951,10,2.469,67.0,200.0,50.0,0.0,0.0,2.0,2.0,1.0,1.0,1.0,0.02,2.0,0.3,3.5,0.0,deGFP,1.0,2026-03-09,ext,M,GFP-M-Gext,0.0002204574074420064
0 days 05:40:23,37.0,I15,2194,I,15,GFP-M-Gext,1,2026-03-09 18:11:39,Cytation5,20260309-round1,3,Sample,2.996187423,0.0,2000.000003,1.950000051,1.799999951,10,2.469,67.0,200.0,50.0,0.0,0.0,2.0,2.0,1.0,1.0,1.0,0.02,2.0,0.3,3.5,0.0,deGFP,1.0,2026-03-09,ext,M,GFP-M-Gext,0.0002308752037841346
0 days 05:45:23,37.0,I15,2191,I,15,GFP-M-Gext,1,2026-03-09 18:16:39,Cytation5,20260309-round1,3,Sample,2.996187423,0.0,2000.000003,1.950000051,1.799999951,10,2.469,67.0,200.0,50.0,0.0,0.0,2.0,2.0,1.0,1.0,1.0,0.02,2.0,0.3,3.5,0.0,deGFP,1.0,2026-03-09,ext,M,GFP-M-Gext,0.0002305595129858883
0 days 05:50:23,37.0,I15,2263,I,15,GFP-M-Gext,1,2026-03-09 18:21:39,Cytation5,20260309-round1,3,Sample,2.996187423,0.0,2000.000003,1.950000051,1.799999951,10,2.469,67.0,200.0,50.0,0.0,0.0,2.0,2.0,1.0,1.0,1.0,0.02,2.0,0.3,3.5,0.0,deGFP,1.0,2026-03-09,ext,M,GFP-M-Gext,0.00023813609214379974
0 days 05:55:23,37.0,I15,2236,I,15,GFP-M-Gext,1,2026-03-09 18:26:39,Cytation5,20260309-round1,3,Sample,2.996187423,0.0,2000.000003,1.950000051,1.799999951,10,2.469,67.0,200.0,50.0,0.0,0.0,2.0,2.0,1.0,1.0,1.0,0.02,2.0,0.3,3.5,0.0,deGFP,1.0,2026-03-09,ext,M,GFP-M-Gext,0.00023529487495958294
0 days 06:00:23,37.1,I15,2371,I,15,GFP-M-Gext,1,2026-03-09 18:31:39,Cytation5,20260309-round1,3,Sample,2.996187423,0.0,2000.000003,1.950000051,1.799999951,10,2.469,67.0,200.0,50.0,0.0,0.0,2.0,2.0,1.0,1.0,1.0,0.02,2.0,0.3,3.5,0.0,deGFP,1.0,2026-03-09,ext,M,GFP-M-Gext,0.0002495009608806669
0 days 00:00:23,28.9,I16,300,I,16,GFP-M-Gext,1,2026-03-09 12:31:39,Cytation5,20260309-round1,12,Sample,1.00000002,0.0,2000.000003,1.839244265,1.799999951,10,4.969,0.0,62.5,50.0,0.0,0.0,2.0,2.0,1.0,1.0,1.0,0.02,2.0,0.3,3.5,0.0,deGFP,1.0,2026-03-09,ext,M,GFP-M-Gext,3.1569079824630984e-05
0 days 00:05:23,34.5,I16,290,I,16,GFP-M-Gext,1,2026-03-09 12:36:39,Cytation5,20260309-round1,12,Sample,1.00000002,0.0,2000.000003,1.839244265,1.799999951,10,4.969,0.0,62.5,50.0,0.0,0.0,2.0,2.0,1.0,1.0,1.0,0.02,2.0,0.3,3.5,0.0,deGFP,1.0,2026-03-09,ext,M,GFP-M-Gext,3.0516777163809954e-05
0 days 00:10:23,37.0,I16,300,I,16,GFP-M-Gext,1,2026-03-09 12:41:39,Cytation5,20260309-round1,12,Sample,1.00000002,0.0,2000.000003,1.839244265,1.799999951,10,4.969,0.0,62.5,50.0,0.0,0.0,2.0,2.0,1.0,1.0,1.0,0.02,2.0,0.3,3.5,0.0,deGFP,1.0,2026-03-09,ext,M,GFP-M-Gext,3.1569079824630984e-05
0 days 00:15:23,37.0,I16,343,I,16,GFP-M-Gext,1,2026-03-09 12:46:39,Cytation5,20260309-round1,12,Sample,1.00000002,0.0,2000.000003,1.839244265,1.799999951,10,4.969,0.0,62.5,50.0,0.0,0.0,2.0,2.0,1.0,1.0,1.0,0.02,2.0,0.3,3.5,0.0,deGFP,1.0,2026-03-09,ext,M,GFP-M-Gext,3.609398126616143e-05
0 days 00:20:23,37.0,I16,628,I,16,GFP-M-Gext,1,2026-03-09 12:51:39,Cytation5,20260309-round1,12,Sample,1.00000002,0.0,2000.000003,1.839244265,1.799999951,10,4.969,0.0,62.5,50.0,0.0,0.0,2.0,2.0,1.0,1.0,1.0,0.02,2.0,0.3,3.5,0.0,deGFP,1.0,2026-03-09,ext,M,GFP-M-Gext,6.608460709956086e-05
0 days 00:25:23,37.0,I16,1008,I,16,GFP-M-Gext,1,2026-03-09 12:56:39,Cytation5,20260309-round1,12,Sample,1.00000002,0.0,2000.000003,1.839244265,1.799999951,10,4.969,0.0,62.5,50.0,0.0,0.0,2.0,2.0,1.0,1.0,1.0,0.02,2.0,0.3,3.5,0.0,deGFP,1.0,2026-03-09,ext,M,GFP-M-Gext,0.00010607210821076012
0 days 00:30:23,37.0,I16,1294,I,16,GFP-M-Gext,1,2026-03-09 13:01:39,Cytation5,20260309-round1,12,Sample,1.00000002,0.0,2000.000003,1.839244265,1.799999951,10,4.969,0.0,62.5,50.0,0.0,0.0,2.0,2.0,1.0,1.0,1.0,0.02,2.0,0.3,3.5,0.0,deGFP,1.0,2026-03-09,ext,M,GFP-M-Gext,0.00013616796431024166
0 days 00:35:23,37.0,I16,1770,I,16,GFP-M-Gext,1,2026-03-09 13:06:39,Cytation5,20260309-round1,12,Sample,1.00000002,0.0,2000.000003,1.839244265,1.799999951,10,4.969,0.0,62.5,50.0,0.0,0.0,2.0,2.0,1.0,1.0,1.0,0.02,2.0,0.3,3.5,0.0,deGFP,1.0,2026-03-09,ext,M,GFP-M-Gext,0.00018625757096532282
0 days 00:40:23,37.0,I16,2247,I,16,GFP-M-Gext,1,2026-03-09 13:11:39,Cytation5,20260309-round1,12,Sample,1.00000002,0.0,2000.000003,1.839244265,1.799999951,10,4.969,0.0,62.5,50.0,0.0,0.0,2.0,2.0,1.0,1.0,1.0,0.02,2.0,0.3,3.5,0.0,deGFP,1.0,2026-03-09,ext,M,GFP-M-Gext,0.0002364524078864861
0 days 00:45:23,37.1,I16,2730,I,16,GFP-M-Gext,1,2026-03-09 13:16:39,Cytation5,20260309-round1,12,Sample,1.00000002,0.0,2000.000003,1.839244265,1.799999951,10,4.969,0.0,62.5,50.0,0.0,0.0,2.0,2.0,1.0,1.0,1.0,0.02,2.0,0.3,3.5,0.0,deGFP,1.0,2026-03-09,ext,M,GFP-M-Gext,0.00028727862640414196
0 days 00:50:23,37.0,I16,3284,I,16,GFP-M-Gext,1,2026-03-09 13:21:39,Cytation5,20260309-round1,12,Sample,1.00000002,0.0,2000.000003,1.839244265,1.799999951,10,4.969,0.0,62.5,50.0,0.0,0.0,2.0,2.0,1.0,1.0,1.0,0.02,2.0,0.3,3.5,0.0,deGFP,1.0,2026-03-09,ext,M,GFP-M-Gext,0.0003455761938136272
0 days 00:55:23,37.0,I16,3872,I,16,GFP-M-Gext,1,2026-03-09 13:26:39,Cytation5,20260309-round1,12,Sample,1.00000002,0.0,2000.000003,1.839244265,1.799999951,10,4.969,0.0,62.5,50.0,0.0,0.0,2.0,2.0,1.0,1.0,1.0,0.02,2.0,0.3,3.5,0.0,deGFP,1.0,2026-03-09,ext,M,GFP-M-Gext,0.00040745159026990394
0 days 01:00:23,37.0,I16,4401,I,16,GFP-M-Gext,1,2026-03-09 13:31:39,Cytation5,20260309-round1,12,Sample,1.00000002,0.0,2000.000003,1.839244265,1.799999951,10,4.969,0.0,62.5,50.0,0.0,0.0,2.0,2.0,1.0,1.0,1.0,0.02,2.0,0.3,3.5,0.0,deGFP,1.0,2026-03-09,ext,M,GFP-M-Gext,0.00046311840102733655
0 days 01:05:23,37.0,I16,4880,I,16,GFP-M-Gext,1,2026-03-09 13:36:39,Cytation5,20260309-round1,12,Sample,1.00000002,0.0,2000.000003,1.839244265,1.799999951,10,4.969,0.0,62.5,50.0,0.0,0.0,2.0,2.0,1.0,1.0,1.0,0.02,2.0,0.3,3.5,0.0,deGFP,1.0,2026-03-09,ext,M,GFP-M-Gext,0.000513523698480664
0 days 01:10:23,37.0,I16,5451,I,16,GFP-M-Gext,1,2026-03-09 13:41:39,Cytation5,20260309-round1,12,Sample,1.00000002,0.0,2000.000003,1.839244265,1.799999951,10,4.969,0.0,62.5,50.0,0.0,0.0,2.0,2.0,1.0,1.0,1.0,0.02,2.0,0.3,3.5,0.0,deGFP,1.0,2026-03-09,ext,M,GFP-M-Gext,0.000573610180413545
0 days 01:15:23,37.1,I16,5871,I,16,GFP-M-Gext,1,2026-03-09 13:46:39,Cytation5,20260309-round1,12,Sample,1.00000002,0.0,2000.000003,1.839244265,1.799999951,10,4.969,0.0,62.5,50.0,0.0,0.0,2.0,2.0,1.0,1.0,1.0,0.02,2.0,0.3,3.5,0.0,deGFP,1.0,2026-03-09,ext,M,GFP-M-Gext,0.0006178068921680284
0 days 01:20:23,37.0,I16,6184,I,16,GFP-M-Gext,1,2026-03-09 13:51:39,Cytation5,20260309-round1,12,Sample,1.00000002,0.0,2000.000003,1.839244265,1.799999951,10,4.969,0.0,62.5,50.0,0.0,0.0,2.0,2.0,1.0,1.0,1.0,0.02,2.0,0.3,3.5,0.0,deGFP,1.0,2026-03-09,ext,M,GFP-M-Gext,0.0006507439654517268
0 days 01:25:23,37.0,I16,6582,I,16,GFP-M-Gext,1,2026-03-09 13:56:39,Cytation5,20260309-round1,12,Sample,1.00000002,0.0,2000.000003,1.839244265,1.799999951,10,4.969,0.0,62.5,50.0,0.0,0.0,2.0,2.0,1.0,1.0,1.0,0.02,2.0,0.3,3.5,0.0,deGFP,1.0,2026-03-09,ext,M,GFP-M-Gext,0.0006926256113524038
0 days 01:30:23,37.0,I16,6894,I,16,GFP-M-Gext,1,2026-03-09 14:01:39,Cytation5,20260309-round1,12,Sample,1.00000002,0.0,2000.000003,1.839244265,1.799999951,10,4.969,0.0,62.5,50.0,0.0,0.0,2.0,2.0,1.0,1.0,1.0,0.02,2.0,0.3,3.5,0.0,deGFP,1.0,2026-03-09,ext,M,GFP-M-Gext,0.00072545745437002
0 days 01:35:23,37.0,I16,7089,I,16,GFP-M-Gext,1,2026-03-09 14:06:39,Cytation5,20260309-round1,12,Sample,1.00000002,0.0,2000.000003,1.839244265,1.799999951,10,4.969,0.0,62.5,50.0,0.0,0.0,2.0,2.0,1.0,1.0,1.0,0.02,2.0,0.3,3.5,0.0,deGFP,1.0,2026-03-09,ext,M,GFP-M-Gext,0.0007459773562560302
0 days 01:40:23,37.0,I16,7172,I,16,GFP-M-Gext,1,2026-03-09 14:11:39,Cytation5,20260309-round1,12,Sample,1.00000002,0.0,2000.000003,1.839244265,1.799999951,10,4.969,0.0,62.5,50.0,0.0,0.0,2.0,2.0,1.0,1.0,1.0,0.02,2.0,0.3,3.5,0.0,deGFP,1.0,2026-03-09,ext,M,GFP-M-Gext,0.0007547114683408448
0 days 01:45:23,37.0,I16,7258,I,16,GFP-M-Gext,1,2026-03-09 14:16:39,Cytation5,20260309-round1,12,Sample,1.00000002,0.0,2000.000003,1.839244265,1.799999951,10,4.969,0.0,62.5,50.0,0.0,0.0,2.0,2.0,1.0,1.0,1.0,0.02,2.0,0.3,3.5,0.0,deGFP,1.0,2026-03-09,ext,M,GFP-M-Gext,0.0007637612712239057
0 days 01:50:23,37.0,I16,7341,I,16,GFP-M-Gext,1,2026-03-09 14:21:39,Cytation5,20260309-round1,12,Sample,1.00000002,0.0,2000.000003,1.839244265,1.799999951,10,4.969,0.0,62.5,50.0,0.0,0.0,2.0,2.0,1.0,1.0,1.0,0.02,2.0,0.3,3.5,0.0,deGFP,1.0,2026-03-09,ext,M,GFP-M-Gext,0.0007724953833087203
0 days 01:55:23,37.1,I16,7548,I,16,GFP-M-Gext,1,2026-03-09 14:26:39,Cytation5,20260309-round1,12,Sample,1.00000002,0.0,2000.000003,1.839244265,1.799999951,10,4.969,0.0,62.5,50.0,0.0,0.0,2.0,2.0,1.0,1.0,1.0,0.02,2.0,0.3,3.5,0.0,deGFP,1.0,2026-03-09,ext,M,GFP-M-Gext,0.0007942780483877156
0 days 02:00:23,37.0,I16,7493,I,16,GFP-M-Gext,1,2026-03-09 14:31:39,Cytation5,20260309-round1,12,Sample,1.00000002,0.0,2000.000003,1.839244265,1.799999951,10,4.969,0.0,62.5,50.0,0.0,0.0,2.0,2.0,1.0,1.0,1.0,0.02,2.0,0.3,3.5,0.0,deGFP,1.0,2026-03-09,ext,M,GFP-M-Gext,0.0007884903837531999
0 days 02:05:23,37.0,I16,7476,I,16,GFP-M-Gext,1,2026-03-09 14:36:39,Cytation5,20260309-round1,12,Sample,1.00000002,0.0,2000.000003,1.839244265,1.799999951,10,4.969,0.0,62.5,50.0,0.0,0.0,2.0,2.0,1.0,1.0,1.0,0.02,2.0,0.3,3.5,0.0,deGFP,1.0,2026-03-09,ext,M,GFP-M-Gext,0.0007867014692298042
0 days 02:10:23,37.1,I16,7542,I,16,GFP-M-Gext,1,2026-03-09 14:41:39,Cytation5,20260309-round1,12,Sample,1.00000002,0.0,2000.000003,1.839244265,1.799999951,10,4.969,0.0,62.5,50.0,0.0,0.0,2.0,2.0,1.0,1.0,1.0,0.02,2.0,0.3,3.5,0.0,deGFP,1.0,2026-03-09,ext,M,GFP-M-Gext,0.000793646666791223
0 days 02:15:23,37.1,I16,7607,I,16,GFP-M-Gext,1,2026-03-09 14:46:39,Cytation5,20260309-round1,12,Sample,1.00000002,0.0,2000.000003,1.839244265,1.799999951,10,4.969,0.0,62.5,50.0,0.0,0.0,2.0,2.0,1.0,1.0,1.0,0.02,2.0,0.3,3.5,0.0,deGFP,1.0,2026-03-09,ext,M,GFP-M-Gext,0.0008004866340865597
0 days 02:20:23,37.0,I16,7556,I,16,GFP-M-Gext,1,2026-03-09 14:51:39,Cytation5,20260309-round1,12,Sample,1.00000002,0.0,2000.000003,1.839244265,1.799999951,10,4.969,0.0,62.5,50.0,0.0,0.0,2.0,2.0,1.0,1.0,1.0,0.02,2.0,0.3,3.5,0.0,deGFP,1.0,2026-03-09,ext,M,GFP-M-Gext,0.0007951198905163724
0 days 02:25:23,37.0,I16,7494,I,16,GFP-M-Gext,1,2026-03-09 14:56:39,Cytation5,20260309-round1,12,Sample,1.00000002,0.0,2000.000003,1.839244265,1.799999951,10,4.969,0.0,62.5,50.0,0.0,0.0,2.0,2.0,1.0,1.0,1.0,0.02,2.0,0.3,3.5,0.0,deGFP,1.0,2026-03-09,ext,M,GFP-M-Gext,0.000788595614019282
0 days 02:30:23,37.0,I16,7617,I,16,GFP-M-Gext,1,2026-03-09 15:01:39,Cytation5,20260309-round1,12,Sample,1.00000002,0.0,2000.000003,1.839244265,1.799999951,10,4.969,0.0,62.5,50.0,0.0,0.0,2.0,2.0,1.0,1.0,1.0,0.02,2.0,0.3,3.5,0.0,deGFP,1.0,2026-03-09,ext,M,GFP-M-Gext,0.0008015389367473807
0 days 02:35:23,37.0,I16,7479,I,16,GFP-M-Gext,1,2026-03-09 15:06:39,Cytation5,20260309-round1,12,Sample,1.00000002,0.0,2000.000003,1.839244265,1.799999951,10,4.969,0.0,62.5,50.0,0.0,0.0,2.0,2.0,1.0,1.0,1.0,0.02,2.0,0.3,3.5,0.0,deGFP,1.0,2026-03-09,ext,M,GFP-M-Gext,0.0007870171600280505
0 days 02:40:23,37.0,I16,7637,I,16,GFP-M-Gext,1,2026-03-09 15:11:39,Cytation5,20260309-round1,12,Sample,1.00000002,0.0,2000.000003,1.839244265,1.799999951,10,4.969,0.0,62.5,50.0,0.0,0.0,2.0,2.0,1.0,1.0,1.0,0.02,2.0,0.3,3.5,0.0,deGFP,1.0,2026-03-09,ext,M,GFP-M-Gext,0.0008036435420690229
0 days 02:45:23,37.0,I16,7649,I,16,GFP-M-Gext,1,2026-03-09 15:16:39,Cytation5,20260309-round1,12,Sample,1.00000002,0.0,2000.000003,1.839244265,1.799999951,10,4.969,0.0,62.5,50.0,0.0,0.0,2.0,2.0,1.0,1.0,1.0,0.02,2.0,0.3,3.5,0.0,deGFP,1.0,2026-03-09,ext,M,GFP-M-Gext,0.000804906305262008
0 days 02:50:23,37.0,I16,7566,I,16,GFP-M-Gext,1,2026-03-09 15:21:39,Cytation5,20260309-round1,12,Sample,1.00000002,0.0,2000.000003,1.839244265,1.799999951,10,4.969,0.0,62.5,50.0,0.0,0.0,2.0,2.0,1.0,1.0,1.0,0.02,2.0,0.3,3.5,0.0,deGFP,1.0,2026-03-09,ext,M,GFP-M-Gext,0.0007961721931771935
0 days 02:55:23,37.0,I16,7646,I,16,GFP-M-Gext,1,2026-03-09 15:26:39,Cytation5,20260309-round1,12,Sample,1.00000002,0.0,2000.000003,1.839244265,1.799999951,10,4.969,0.0,62.5,50.0,0.0,0.0,2.0,2.0,1.0,1.0,1.0,0.02,2.0,0.3,3.5,0.0,deGFP,1.0,2026-03-09,ext,M,GFP-M-Gext,0.0008045906144637618
0 days 03:00:23,36.9,I16,7617,I,16,GFP-M-Gext,1,2026-03-09 15:31:39,Cytation5,20260309-round1,12,Sample,1.00000002,0.0,2000.000003,1.839244265,1.799999951,10,4.969,0.0,62.5,50.0,0.0,0.0,2.0,2.0,1.0,1.0,1.0,0.02,2.0,0.3,3.5,0.0,deGFP,1.0,2026-03-09,ext,M,GFP-M-Gext,0.0008015389367473807
0 days 03:05:23,37.0,I16,7536,I,16,GFP-M-Gext,1,2026-03-09 15:36:39,Cytation5,20260309-round1,12,Sample,1.00000002,0.0,2000.000003,1.839244265,1.799999951,10,4.969,0.0,62.5,50.0,0.0,0.0,2.0,2.0,1.0,1.0,1.0,0.02,2.0,0.3,3.5,0.0,deGFP,1.0,2026-03-09,ext,M,GFP-M-Gext,0.0007930152851947303
0 days 03:10:23,37.0,I16,7627,I,16,GFP-M-Gext,1,2026-03-09 15:41:39,Cytation5,20260309-round1,12,Sample,1.00000002,0.0,2000.000003,1.839244265,1.799999951,10,4.969,0.0,62.5,50.0,0.0,0.0,2.0,2.0,1.0,1.0,1.0,0.02,2.0,0.3,3.5,0.0,deGFP,1.0,2026-03-09,ext,M,GFP-M-Gext,0.0008025912394082018
0 days 03:15:23,37.0,I16,7613,I,16,GFP-M-Gext,1,2026-03-09 15:46:39,Cytation5,20260309-round1,12,Sample,1.00000002,0.0,2000.000003,1.839244265,1.799999951,10,4.969,0.0,62.5,50.0,0.0,0.0,2.0,2.0,1.0,1.0,1.0,0.02,2.0,0.3,3.5,0.0,deGFP,1.0,2026-03-09,ext,M,GFP-M-Gext,0.0008011180156830524
0 days 03:20:23,37.0,I16,7605,I,16,GFP-M-Gext,1,2026-03-09 15:51:39,Cytation5,20260309-round1,12,Sample,1.00000002,0.0,2000.000003,1.839244265,1.799999951,10,4.969,0.0,62.5,50.0,0.0,0.0,2.0,2.0,1.0,1.0,1.0,0.02,2.0,0.3,3.5,0.0,deGFP,1.0,2026-03-09,ext,M,GFP-M-Gext,0.0008002761735543955
0 days 03:25:23,37.0,I16,7511,I,16,GFP-M-Gext,1,2026-03-09 15:56:39,Cytation5,20260309-round1,12,Sample,1.00000002,0.0,2000.000003,1.839244265,1.799999951,10,4.969,0.0,62.5,50.0,0.0,0.0,2.0,2.0,1.0,1.0,1.0,0.02,2.0,0.3,3.5,0.0,deGFP,1.0,2026-03-09,ext,M,GFP-M-Gext,0.0007903845285426778
0 days 03:30:23,37.0,I16,7604,I,16,GFP-M-Gext,1,2026-03-09 16:01:39,Cytation5,20260309-round1,12,Sample,1.00000002,0.0,2000.000003,1.839244265,1.799999951,10,4.969,0.0,62.5,50.0,0.0,0.0,2.0,2.0,1.0,1.0,1.0,0.02,2.0,0.3,3.5,0.0,deGFP,1.0,2026-03-09,ext,M,GFP-M-Gext,0.0008001709432883133
0 days 03:35:23,37.0,I16,7552,I,16,GFP-M-Gext,1,2026-03-09 16:06:39,Cytation5,20260309-round1,12,Sample,1.00000002,0.0,2000.000003,1.839244265,1.799999951,10,4.969,0.0,62.5,50.0,0.0,0.0,2.0,2.0,1.0,1.0,1.0,0.02,2.0,0.3,3.5,0.0,deGFP,1.0,2026-03-09,ext,M,GFP-M-Gext,0.0007946989694520441
0 days 03:40:23,37.1,I16,7425,I,16,GFP-M-Gext,1,2026-03-09 16:11:39,Cytation5,20260309-round1,12,Sample,1.00000002,0.0,2000.000003,1.839244265,1.799999951,10,4.969,0.0,62.5,50.0,0.0,0.0,2.0,2.0,1.0,1.0,1.0,0.02,2.0,0.3,3.5,0.0,deGFP,1.0,2026-03-09,ext,M,GFP-M-Gext,0.0007813347256596169
0 days 03:45:23,37.0,I16,7631,I,16,GFP-M-Gext,1,2026-03-09 16:16:39,Cytation5,20260309-round1,12,Sample,1.00000002,0.0,2000.000003,1.839244265,1.799999951,10,4.969,0.0,62.5,50.0,0.0,0.0,2.0,2.0,1.0,1.0,1.0,0.02,2.0,0.3,3.5,0.0,deGFP,1.0,2026-03-09,ext,M,GFP-M-Gext,0.0008030121604725302
0 days 03:50:23,37.0,I16,7517,I,16,GFP-M-Gext,1,2026-03-09 16:21:39,Cytation5,20260309-round1,12,Sample,1.00000002,0.0,2000.000003,1.839244265,1.799999951,10,4.969,0.0,62.5,50.0,0.0,0.0,2.0,2.0,1.0,1.0,1.0,0.02,2.0,0.3,3.5,0.0,deGFP,1.0,2026-03-09,ext,M,GFP-M-Gext,0.0007910159101391704
0 days 03:55:23,37.0,I16,7564,I,16,GFP-M-Gext,1,2026-03-09 16:26:39,Cytation5,20260309-round1,12,Sample,1.00000002,0.0,2000.000003,1.839244265,1.799999951,10,4.969,0.0,62.5,50.0,0.0,0.0,2.0,2.0,1.0,1.0,1.0,0.02,2.0,0.3,3.5,0.0,deGFP,1.0,2026-03-09,ext,M,GFP-M-Gext,0.0007959617326450293
0 days 04:00:23,37.0,I16,7558,I,16,GFP-M-Gext,1,2026-03-09 16:31:39,Cytation5,20260309-round1,12,Sample,1.00000002,0.0,2000.000003,1.839244265,1.799999951,10,4.969,0.0,62.5,50.0,0.0,0.0,2.0,2.0,1.0,1.0,1.0,0.02,2.0,0.3,3.5,0.0,deGFP,1.0,2026-03-09,ext,M,GFP-M-Gext,0.0007953303510485366
0 days 04:05:23,37.1,I16,7598,I,16,GFP-M-Gext,1,2026-03-09 16:36:39,Cytation5,20260309-round1,12,Sample,1.00000002,0.0,2000.000003,1.839244265,1.799999951,10,4.969,0.0,62.5,50.0,0.0,0.0,2.0,2.0,1.0,1.0,1.0,0.02,2.0,0.3,3.5,0.0,deGFP,1.0,2026-03-09,ext,M,GFP-M-Gext,0.0007995395616918208
0 days 04:10:23,37.1,I16,7559,I,16,GFP-M-Gext,1,2026-03-09 16:41:39,Cytation5,20260309-round1,12,Sample,1.00000002,0.0,2000.000003,1.839244265,1.799999951,10,4.969,0.0,62.5,50.0,0.0,0.0,2.0,2.0,1.0,1.0,1.0,0.02,2.0,0.3,3.5,0.0,deGFP,1.0,2026-03-09,ext,M,GFP-M-Gext,0.0007954355813146188
0 days 04:15:23,37.0,I16,7579,I,16,GFP-M-Gext,1,2026-03-09 16:46:39,Cytation5,20260309-round1,12,Sample,1.00000002,0.0,2000.000003,1.839244265,1.799999951,10,4.969,0.0,62.5,50.0,0.0,0.0,2.0,2.0,1.0,1.0,1.0,0.02,2.0,0.3,3.5,0.0,deGFP,1.0,2026-03-09,ext,M,GFP-M-Gext,0.0007975401866362608
0 days 04:20:23,37.0,I16,7629,I,16,GFP-M-Gext,1,2026-03-09 16:51:39,Cytation5,20260309-round1,12,Sample,1.00000002,0.0,2000.000003,1.839244265,1.799999951,10,4.969,0.0,62.5,50.0,0.0,0.0,2.0,2.0,1.0,1.0,1.0,0.02,2.0,0.3,3.5,0.0,deGFP,1.0,2026-03-09,ext,M,GFP-M-Gext,0.000802801699940366
0 days 04:25:23,37.0,I16,7582,I,16,GFP-M-Gext,1,2026-03-09 16:56:39,Cytation5,20260309-round1,12,Sample,1.00000002,0.0,2000.000003,1.839244265,1.799999951,10,4.969,0.0,62.5,50.0,0.0,0.0,2.0,2.0,1.0,1.0,1.0,0.02,2.0,0.3,3.5,0.0,deGFP,1.0,2026-03-09,ext,M,GFP-M-Gext,0.0007978558774345071
0 days 04:30:23,37.1,I16,7573,I,16,GFP-M-Gext,1,2026-03-09 17:01:39,Cytation5,20260309-round1,12,Sample,1.00000002,0.0,2000.000003,1.839244265,1.799999951,10,4.969,0.0,62.5,50.0,0.0,0.0,2.0,2.0,1.0,1.0,1.0,0.02,2.0,0.3,3.5,0.0,deGFP,1.0,2026-03-09,ext,M,GFP-M-Gext,0.0007969088050397682
0 days 04:35:23,37.0,I16,7681,I,16,GFP-M-Gext,1,2026-03-09 17:06:39,Cytation5,20260309-round1,12,Sample,1.00000002,0.0,2000.000003,1.839244265,1.799999951,10,4.969,0.0,62.5,50.0,0.0,0.0,2.0,2.0,1.0,1.0,1.0,0.02,2.0,0.3,3.5,0.0,deGFP,1.0,2026-03-09,ext,M,GFP-M-Gext,0.0008082736737766354
0 days 04:40:23,37.0,I16,7556,I,16,GFP-M-Gext,1,2026-03-09 17:11:39,Cytation5,20260309-round1,12,Sample,1.00000002,0.0,2000.000003,1.839244265,1.799999951,10,4.969,0.0,62.5,50.0,0.0,0.0,2.0,2.0,1.0,1.0,1.0,0.02,2.0,0.3,3.5,0.0,deGFP,1.0,2026-03-09,ext,M,GFP-M-Gext,0.0007951198905163724
0 days 04:45:23,37.0,I16,7651,I,16,GFP-M-Gext,1,2026-03-09 17:16:39,Cytation5,20260309-round1,12,Sample,1.00000002,0.0,2000.000003,1.839244265,1.799999951,10,4.969,0.0,62.5,50.0,0.0,0.0,2.0,2.0,1.0,1.0,1.0,0.02,2.0,0.3,3.5,0.0,deGFP,1.0,2026-03-09,ext,M,GFP-M-Gext,0.0008051167657941723
0 days 04:50:23,37.1,I16,7669,I,16,GFP-M-Gext,1,2026-03-09 17:21:39,Cytation5,20260309-round1,12,Sample,1.00000002,0.0,2000.000003,1.839244265,1.799999951,10,4.969,0.0,62.5,50.0,0.0,0.0,2.0,2.0,1.0,1.0,1.0,0.02,2.0,0.3,3.5,0.0,deGFP,1.0,2026-03-09,ext,M,GFP-M-Gext,0.0008070109105836501
0 days 04:55:23,37.1,I16,7523,I,16,GFP-M-Gext,1,2026-03-09 17:26:39,Cytation5,20260309-round1,12,Sample,1.00000002,0.0,2000.000003,1.839244265,1.799999951,10,4.969,0.0,62.5,50.0,0.0,0.0,2.0,2.0,1.0,1.0,1.0,0.02,2.0,0.3,3.5,0.0,deGFP,1.0,2026-03-09,ext,M,GFP-M-Gext,0.000791647291735663
0 days 05:00:23,37.1,I16,7625,I,16,GFP-M-Gext,1,2026-03-09 17:31:39,Cytation5,20260309-round1,12,Sample,1.00000002,0.0,2000.000003,1.839244265,1.799999951,10,4.969,0.0,62.5,50.0,0.0,0.0,2.0,2.0,1.0,1.0,1.0,0.02,2.0,0.3,3.5,0.0,deGFP,1.0,2026-03-09,ext,M,GFP-M-Gext,0.0008023807788760376
0 days 05:05:23,37.0,I16,7621,I,16,GFP-M-Gext,1,2026-03-09 17:36:39,Cytation5,20260309-round1,12,Sample,1.00000002,0.0,2000.000003,1.839244265,1.799999951,10,4.969,0.0,62.5,50.0,0.0,0.0,2.0,2.0,1.0,1.0,1.0,0.02,2.0,0.3,3.5,0.0,deGFP,1.0,2026-03-09,ext,M,GFP-M-Gext,0.0008019598578117091
0 days 05:10:23,37.0,I16,7658,I,16,GFP-M-Gext,1,2026-03-09 17:41:39,Cytation5,20260309-round1,12,Sample,1.00000002,0.0,2000.000003,1.839244265,1.799999951,10,4.969,0.0,62.5,50.0,0.0,0.0,2.0,2.0,1.0,1.0,1.0,0.02,2.0,0.3,3.5,0.0,deGFP,1.0,2026-03-09,ext,M,GFP-M-Gext,0.000805853377656747
0 days 05:15:23,37.0,I16,7632,I,16,GFP-M-Gext,1,2026-03-09 17:46:39,Cytation5,20260309-round1,12,Sample,1.00000002,0.0,2000.000003,1.839244265,1.799999951,10,4.969,0.0,62.5,50.0,0.0,0.0,2.0,2.0,1.0,1.0,1.0,0.02,2.0,0.3,3.5,0.0,deGFP,1.0,2026-03-09,ext,M,GFP-M-Gext,0.0008031173907386123
0 days 05:20:23,37.0,I16,7487,I,16,GFP-M-Gext,1,2026-03-09 17:51:39,Cytation5,20260309-round1,12,Sample,1.00000002,0.0,2000.000003,1.839244265,1.799999951,10,4.969,0.0,62.5,50.0,0.0,0.0,2.0,2.0,1.0,1.0,1.0,0.02,2.0,0.3,3.5,0.0,deGFP,1.0,2026-03-09,ext,M,GFP-M-Gext,0.0007878590021567073
0 days 05:25:23,37.1,I16,7589,I,16,GFP-M-Gext,1,2026-03-09 17:56:39,Cytation5,20260309-round1,12,Sample,1.00000002,0.0,2000.000003,1.839244265,1.799999951,10,4.969,0.0,62.5,50.0,0.0,0.0,2.0,2.0,1.0,1.0,1.0,0.02,2.0,0.3,3.5,0.0,deGFP,1.0,2026-03-09,ext,M,GFP-M-Gext,0.0007985924892970819
0 days 05:30:23,37.1,I16,7719,I,16,GFP-M-Gext,1,2026-03-09 18:01:39,Cytation5,20260309-round1,12,Sample,1.00000002,0.0,2000.000003,1.839244265,1.799999951,10,4.969,0.0,62.5,50.0,0.0,0.0,2.0,2.0,1.0,1.0,1.0,0.02,2.0,0.3,3.5,0.0,deGFP,1.0,2026-03-09,ext,M,GFP-M-Gext,0.0008122724238877553
0 days 05:35:23,37.1,I16,7604,I,16,GFP-M-Gext,1,2026-03-09 18:06:39,Cytation5,20260309-round1,12,Sample,1.00000002,0.0,2000.000003,1.839244265,1.799999951,10,4.969,0.0,62.5,50.0,0.0,0.0,2.0,2.0,1.0,1.0,1.0,0.02,2.0,0.3,3.5,0.0,deGFP,1.0,2026-03-09,ext,M,GFP-M-Gext,0.0008001709432883133
0 days 05:40:23,37.0,I16,7711,I,16,GFP-M-Gext,1,2026-03-09 18:11:39,Cytation5,20260309-round1,12,Sample,1.00000002,0.0,2000.000003,1.839244265,1.799999951,10,4.969,0.0,62.5,50.0,0.0,0.0,2.0,2.0,1.0,1.0,1.0,0.02,2.0,0.3,3.5,0.0,deGFP,1.0,2026-03-09,ext,M,GFP-M-Gext,0.0008114305817590985
0 days 05:45:23,37.0,I16,7642,I,16,GFP-M-Gext,1,2026-03-09 18:16:39,Cytation5,20260309-round1,12,Sample,1.00000002,0.0,2000.000003,1.839244265,1.799999951,10,4.969,0.0,62.5,50.0,0.0,0.0,2.0,2.0,1.0,1.0,1.0,0.02,2.0,0.3,3.5,0.0,deGFP,1.0,2026-03-09,ext,M,GFP-M-Gext,0.0008041696933994333
0 days 05:50:23,37.0,I16,7714,I,16,GFP-M-Gext,1,2026-03-09 18:21:39,Cytation5,20260309-round1,12,Sample,1.00000002,0.0,2000.000003,1.839244265,1.799999951,10,4.969,0.0,62.5,50.0,0.0,0.0,2.0,2.0,1.0,1.0,1.0,0.02,2.0,0.3,3.5,0.0,deGFP,1.0,2026-03-09,ext,M,GFP-M-Gext,0.0008117462725573448
0 days 05:55:23,37.0,I16,7701,I,16,GFP-M-Gext,1,2026-03-09 18:26:39,Cytation5,20260309-round1,12,Sample,1.00000002,0.0,2000.000003,1.839244265,1.799999951,10,4.969,0.0,62.5,50.0,0.0,0.0,2.0,2.0,1.0,1.0,1.0,0.02,2.0,0.3,3.5,0.0,deGFP,1.0,2026-03-09,ext,M,GFP-M-Gext,0.0008103782790982774
0 days 06:00:23,37.1,I16,7653,I,16,GFP-M-Gext,1,2026-03-09 18:31:39,Cytation5,20260309-round1,12,Sample,1.00000002,0.0,2000.000003,1.839244265,1.799999951,10,4.969,0.0,62.5,50.0,0.0,0.0,2.0,2.0,1.0,1.0,1.0,0.02,2.0,0.3,3.5,0.0,deGFP,1.0,2026-03-09,ext,M,GFP-M-Gext,0.0008053272263263365
0 days 00:00:23,28.9,J8,317,J,8,GFP-M-Gext,1,2026-03-09 12:31:39,Cytation5,20260309-round1,12,Sample,1.00000002,0.0,2000.000003,1.839244265,1.799999951,10,19.969,20.0,100.0,50.0,0.0,0.0,2.0,2.0,1.0,1.0,1.0,0.02,2.0,0.3,3.5,0.0,deGFP,1.0,2026-03-09,ext,M,GFP-M-Gext,3.335799434802674e-05
0 days 00:05:23,34.5,J8,301,J,8,GFP-M-Gext,1,2026-03-09 12:36:39,Cytation5,20260309-round1,12,Sample,1.00000002,0.0,2000.000003,1.839244265,1.799999951,10,19.969,20.0,100.0,50.0,0.0,0.0,2.0,2.0,1.0,1.0,1.0,0.02,2.0,0.3,3.5,0.0,deGFP,1.0,2026-03-09,ext,M,GFP-M-Gext,3.167431009071309e-05
0 days 00:10:23,37.0,J8,300,J,8,GFP-M-Gext,1,2026-03-09 12:41:39,Cytation5,20260309-round1,12,Sample,1.00000002,0.0,2000.000003,1.839244265,1.799999951,10,19.969,20.0,100.0,50.0,0.0,0.0,2.0,2.0,1.0,1.0,1.0,0.02,2.0,0.3,3.5,0.0,deGFP,1.0,2026-03-09,ext,M,GFP-M-Gext,3.1569079824630984e-05
0 days 00:15:23,37.0,J8,330,J,8,GFP-M-Gext,1,2026-03-09 12:46:39,Cytation5,20260309-round1,12,Sample,1.00000002,0.0,2000.000003,1.839244265,1.799999951,10,19.969,20.0,100.0,50.0,0.0,0.0,2.0,2.0,1.0,1.0,1.0,0.02,2.0,0.3,3.5,0.0,deGFP,1.0,2026-03-09,ext,M,GFP-M-Gext,3.472598780709409e-05
0 days 00:20:23,37.0,J8,638,J,8,GFP-M-Gext,1,2026-03-09 12:51:39,Cytation5,20260309-round1,12,Sample,1.00000002,0.0,2000.000003,1.839244265,1.799999951,10,19.969,20.0,100.0,50.0,0.0,0.0,2.0,2.0,1.0,1.0,1.0,0.02,2.0,0.3,3.5,0.0,deGFP,1.0,2026-03-09,ext,M,GFP-M-Gext,6.71369097603819e-05
0 days 00:25:23,37.0,J8,1382,J,8,GFP-M-Gext,1,2026-03-09 12:56:39,Cytation5,20260309-round1,12,Sample,1.00000002,0.0,2000.000003,1.839244265,1.799999951,10,19.969,20.0,100.0,50.0,0.0,0.0,2.0,2.0,1.0,1.0,1.0,0.02,2.0,0.3,3.5,0.0,deGFP,1.0,2026-03-09,ext,M,GFP-M-Gext,0.00014542822772546673
0 days 00:30:23,37.0,J8,2519,J,8,GFP-M-Gext,1,2026-03-09 13:01:39,Cytation5,20260309-round1,12,Sample,1.00000002,0.0,2000.000003,1.839244265,1.799999951,10,19.969,20.0,100.0,50.0,0.0,0.0,2.0,2.0,1.0,1.0,1.0,0.02,2.0,0.3,3.5,0.0,deGFP,1.0,2026-03-09,ext,M,GFP-M-Gext,0.0002650750402608182
0 days 00:35:23,37.0,J8,3701,J,8,GFP-M-Gext,1,2026-03-09 13:06:39,Cytation5,20260309-round1,12,Sample,1.00000002,0.0,2000.000003,1.839244265,1.799999951,10,19.969,20.0,100.0,50.0,0.0,0.0,2.0,2.0,1.0,1.0,1.0,0.02,2.0,0.3,3.5,0.0,deGFP,1.0,2026-03-09,ext,M,GFP-M-Gext,0.0003894572147698643
0 days 00:40:23,37.0,J8,5066,J,8,GFP-M-Gext,1,2026-03-09 13:11:39,Cytation5,20260309-round1,12,Sample,1.00000002,0.0,2000.000003,1.839244265,1.799999951,10,19.969,20.0,100.0,50.0,0.0,0.0,2.0,2.0,1.0,1.0,1.0,0.02,2.0,0.3,3.5,0.0,deGFP,1.0,2026-03-09,ext,M,GFP-M-Gext,0.0005330965279719352
0 days 00:45:23,37.1,J8,6385,J,8,GFP-M-Gext,1,2026-03-09 13:16:39,Cytation5,20260309-round1,12,Sample,1.00000002,0.0,2000.000003,1.839244265,1.799999951,10,19.969,20.0,100.0,50.0,0.0,0.0,2.0,2.0,1.0,1.0,1.0,0.02,2.0,0.3,3.5,0.0,deGFP,1.0,2026-03-09,ext,M,GFP-M-Gext,0.0006718952489342295
0 days 00:50:23,37.0,J8,7698,J,8,GFP-M-Gext,1,2026-03-09 13:21:39,Cytation5,20260309-round1,12,Sample,1.00000002,0.0,2000.000003,1.839244265,1.799999951,10,19.969,20.0,100.0,50.0,0.0,0.0,2.0,2.0,1.0,1.0,1.0,0.02,2.0,0.3,3.5,0.0,deGFP,1.0,2026-03-09,ext,M,GFP-M-Gext,0.0008100625883000312
0 days 00:55:23,37.0,J8,8727,J,8,GFP-M-Gext,1,2026-03-09 13:26:39,Cytation5,20260309-round1,12,Sample,1.00000002,0.0,2000.000003,1.839244265,1.799999951,10,19.969,20.0,100.0,50.0,0.0,0.0,2.0,2.0,1.0,1.0,1.0,0.02,2.0,0.3,3.5,0.0,deGFP,1.0,2026-03-09,ext,M,GFP-M-Gext,0.0009183445320985154
0 days 01:00:23,37.0,J8,9758,J,8,GFP-M-Gext,1,2026-03-09 13:31:39,Cytation5,20260309-round1,12,Sample,1.00000002,0.0,2000.000003,1.839244265,1.799999951,10,19.969,20.0,100.0,50.0,0.0,0.0,2.0,2.0,1.0,1.0,1.0,0.02,2.0,0.3,3.5,0.0,deGFP,1.0,2026-03-09,ext,M,GFP-M-Gext,0.001026836936429164
0 days 01:05:23,37.0,J8,10552,J,8,GFP-M-Gext,1,2026-03-09 13:36:39,Cytation5,20260309-round1,12,Sample,1.00000002,0.0,2000.000003,1.839244265,1.799999951,10,19.969,20.0,100.0,50.0,0.0,0.0,2.0,2.0,1.0,1.0,1.0,0.02,2.0,0.3,3.5,0.0,deGFP,1.0,2026-03-09,ext,M,GFP-M-Gext,0.001110389767698354
0 days 01:10:23,37.0,J8,11456,J,8,GFP-M-Gext,1,2026-03-09 13:41:39,Cytation5,20260309-round1,12,Sample,1.00000002,0.0,2000.000003,1.839244265,1.799999951,10,19.969,20.0,100.0,50.0,0.0,0.0,2.0,2.0,1.0,1.0,1.0,0.02,2.0,0.3,3.5,0.0,deGFP,1.0,2026-03-09,ext,M,GFP-M-Gext,0.0012055179282365752
0 days 01:15:23,37.1,J8,11994,J,8,GFP-M-Gext,1,2026-03-09 13:46:39,Cytation5,20260309-round1,12,Sample,1.00000002,0.0,2000.000003,1.839244265,1.799999951,10,19.969,20.0,100.0,50.0,0.0,0.0,2.0,2.0,1.0,1.0,1.0,0.02,2.0,0.3,3.5,0.0,deGFP,1.0,2026-03-09,ext,M,GFP-M-Gext,0.0012621318113887469
0 days 01:20:23,37.0,J8,12515,J,8,GFP-M-Gext,1,2026-03-09 13:51:39,Cytation5,20260309-round1,12,Sample,1.00000002,0.0,2000.000003,1.839244265,1.799999951,10,19.969,20.0,100.0,50.0,0.0,0.0,2.0,2.0,1.0,1.0,1.0,0.02,2.0,0.3,3.5,0.0,deGFP,1.0,2026-03-09,ext,M,GFP-M-Gext,0.0013169567800175226
0 days 01:25:23,37.0,J8,13148,J,8,GFP-M-Gext,1,2026-03-09 13:56:39,Cytation5,20260309-round1,12,Sample,1.00000002,0.0,2000.000003,1.839244265,1.799999951,10,19.969,20.0,100.0,50.0,0.0,0.0,2.0,2.0,1.0,1.0,1.0,0.02,2.0,0.3,3.5,0.0,deGFP,1.0,2026-03-09,ext,M,GFP-M-Gext,0.001383567538447494
0 days 01:30:23,37.0,J8,13377,J,8,GFP-M-Gext,1,2026-03-09 14:01:39,Cytation5,20260309-round1,12,Sample,1.00000002,0.0,2000.000003,1.839244265,1.799999951,10,19.969,20.0,100.0,50.0,0.0,0.0,2.0,2.0,1.0,1.0,1.0,0.02,2.0,0.3,3.5,0.0,deGFP,1.0,2026-03-09,ext,M,GFP-M-Gext,0.0014076652693802956
0 days 01:35:23,37.0,J8,13746,J,8,GFP-M-Gext,1,2026-03-09 14:06:39,Cytation5,20260309-round1,12,Sample,1.00000002,0.0,2000.000003,1.839244265,1.799999951,10,19.969,20.0,100.0,50.0,0.0,0.0,2.0,2.0,1.0,1.0,1.0,0.02,2.0,0.3,3.5,0.0,deGFP,1.0,2026-03-09,ext,M,GFP-M-Gext,0.0014464952375645918
0 days 01:40:23,37.0,J8,13814,J,8,GFP-M-Gext,1,2026-03-09 14:11:39,Cytation5,20260309-round1,12,Sample,1.00000002,0.0,2000.000003,1.839244265,1.799999951,10,19.969,20.0,100.0,50.0,0.0,0.0,2.0,2.0,1.0,1.0,1.0,0.02,2.0,0.3,3.5,0.0,deGFP,1.0,2026-03-09,ext,M,GFP-M-Gext,0.0014536508956581747
0 days 01:45:23,37.0,J8,13971,J,8,GFP-M-Gext,1,2026-03-09 14:16:39,Cytation5,20260309-round1,12,Sample,1.00000002,0.0,2000.000003,1.839244265,1.799999951,10,19.969,20.0,100.0,50.0,0.0,0.0,2.0,2.0,1.0,1.0,1.0,0.02,2.0,0.3,3.5,0.0,deGFP,1.0,2026-03-09,ext,M,GFP-M-Gext,0.001470172047433065
0 days 01:50:23,37.0,J8,14061,J,8,GFP-M-Gext,1,2026-03-09 14:21:39,Cytation5,20260309-round1,12,Sample,1.00000002,0.0,2000.000003,1.839244265,1.799999951,10,19.969,20.0,100.0,50.0,0.0,0.0,2.0,2.0,1.0,1.0,1.0,0.02,2.0,0.3,3.5,0.0,deGFP,1.0,2026-03-09,ext,M,GFP-M-Gext,0.0014796427713804543
0 days 01:55:23,37.1,J8,14326,J,8,GFP-M-Gext,1,2026-03-09 14:26:39,Cytation5,20260309-round1,12,Sample,1.00000002,0.0,2000.000003,1.839244265,1.799999951,10,19.969,20.0,100.0,50.0,0.0,0.0,2.0,2.0,1.0,1.0,1.0,0.02,2.0,0.3,3.5,0.0,deGFP,1.0,2026-03-09,ext,M,GFP-M-Gext,0.0015075287918922117
0 days 02:00:23,37.0,J8,14311,J,8,GFP-M-Gext,1,2026-03-09 14:31:39,Cytation5,20260309-round1,12,Sample,1.00000002,0.0,2000.000003,1.839244265,1.799999951,10,19.969,20.0,100.0,50.0,0.0,0.0,2.0,2.0,1.0,1.0,1.0,0.02,2.0,0.3,3.5,0.0,deGFP,1.0,2026-03-09,ext,M,GFP-M-Gext,0.0015059503379009802
0 days 02:05:23,37.0,J8,14457,J,8,GFP-M-Gext,1,2026-03-09 14:36:39,Cytation5,20260309-round1,12,Sample,1.00000002,0.0,2000.000003,1.839244265,1.799999951,10,19.969,20.0,100.0,50.0,0.0,0.0,2.0,2.0,1.0,1.0,1.0,0.02,2.0,0.3,3.5,0.0,deGFP,1.0,2026-03-09,ext,M,GFP-M-Gext,0.0015213139567489672
0 days 02:10:23,37.1,J8,14470,J,8,GFP-M-Gext,1,2026-03-09 14:41:39,Cytation5,20260309-round1,12,Sample,1.00000002,0.0,2000.000003,1.839244265,1.799999951,10,19.969,20.0,100.0,50.0,0.0,0.0,2.0,2.0,1.0,1.0,1.0,0.02,2.0,0.3,3.5,0.0,deGFP,1.0,2026-03-09,ext,M,GFP-M-Gext,0.0015226819502080346
0 days 02:15:23,37.1,J8,14393,J,8,GFP-M-Gext,1,2026-03-09 14:46:39,Cytation5,20260309-round1,12,Sample,1.00000002,0.0,2000.000003,1.839244265,1.799999951,10,19.969,20.0,100.0,50.0,0.0,0.0,2.0,2.0,1.0,1.0,1.0,0.02,2.0,0.3,3.5,0.0,deGFP,1.0,2026-03-09,ext,M,GFP-M-Gext,0.0015145792197197125
0 days 02:20:23,37.0,J8,14461,J,8,GFP-M-Gext,1,2026-03-09 14:51:39,Cytation5,20260309-round1,12,Sample,1.00000002,0.0,2000.000003,1.839244265,1.799999951,10,19.969,20.0,100.0,50.0,0.0,0.0,2.0,2.0,1.0,1.0,1.0,0.02,2.0,0.3,3.5,0.0,deGFP,1.0,2026-03-09,ext,M,GFP-M-Gext,0.0015217348778132956
0 days 02:25:23,37.0,J8,14669,J,8,GFP-M-Gext,1,2026-03-09 14:56:39,Cytation5,20260309-round1,12,Sample,1.00000002,0.0,2000.000003,1.839244265,1.799999951,10,19.969,20.0,100.0,50.0,0.0,0.0,2.0,2.0,1.0,1.0,1.0,0.02,2.0,0.3,3.5,0.0,deGFP,1.0,2026-03-09,ext,M,GFP-M-Gext,0.0015436227731583732
0 days 02:30:23,37.0,J8,14533,J,8,GFP-M-Gext,1,2026-03-09 15:01:39,Cytation5,20260309-round1,12,Sample,1.00000002,0.0,2000.000003,1.839244265,1.799999951,10,19.969,20.0,100.0,50.0,0.0,0.0,2.0,2.0,1.0,1.0,1.0,0.02,2.0,0.3,3.5,0.0,deGFP,1.0,2026-03-09,ext,M,GFP-M-Gext,0.001529311456971207
0 days 02:35:23,37.0,J8,14631,J,8,GFP-M-Gext,1,2026-03-09 15:06:39,Cytation5,20260309-round1,12,Sample,1.00000002,0.0,2000.000003,1.839244265,1.799999951,10,19.969,20.0,100.0,50.0,0.0,0.0,2.0,2.0,1.0,1.0,1.0,0.02,2.0,0.3,3.5,0.0,deGFP,1.0,2026-03-09,ext,M,GFP-M-Gext,0.0015396240230472532
0 days 02:40:23,37.0,J8,14668,J,8,GFP-M-Gext,1,2026-03-09 15:11:39,Cytation5,20260309-round1,12,Sample,1.00000002,0.0,2000.000003,1.839244265,1.799999951,10,19.969,20.0,100.0,50.0,0.0,0.0,2.0,2.0,1.0,1.0,1.0,0.02,2.0,0.3,3.5,0.0,deGFP,1.0,2026-03-09,ext,M,GFP-M-Gext,0.001543517542892291
0 days 02:45:23,37.0,J8,14561,J,8,GFP-M-Gext,1,2026-03-09 15:16:39,Cytation5,20260309-round1,12,Sample,1.00000002,0.0,2000.000003,1.839244265,1.799999951,10,19.969,20.0,100.0,50.0,0.0,0.0,2.0,2.0,1.0,1.0,1.0,0.02,2.0,0.3,3.5,0.0,deGFP,1.0,2026-03-09,ext,M,GFP-M-Gext,0.001532257904421506
0 days 02:50:23,37.0,J8,14584,J,8,GFP-M-Gext,1,2026-03-09 15:21:39,Cytation5,20260309-round1,12,Sample,1.00000002,0.0,2000.000003,1.839244265,1.799999951,10,19.969,20.0,100.0,50.0,0.0,0.0,2.0,2.0,1.0,1.0,1.0,0.02,2.0,0.3,3.5,0.0,deGFP,1.0,2026-03-09,ext,M,GFP-M-Gext,0.0015346782005413943
0 days 02:55:23,37.0,J8,14516,J,8,GFP-M-Gext,1,2026-03-09 15:26:39,Cytation5,20260309-round1,12,Sample,1.00000002,0.0,2000.000003,1.839244265,1.799999951,10,19.969,20.0,100.0,50.0,0.0,0.0,2.0,2.0,1.0,1.0,1.0,0.02,2.0,0.3,3.5,0.0,deGFP,1.0,2026-03-09,ext,M,GFP-M-Gext,0.0015275225424478114
0 days 03:00:23,36.9,J8,14549,J,8,GFP-M-Gext,1,2026-03-09 15:31:39,Cytation5,20260309-round1,12,Sample,1.00000002,0.0,2000.000003,1.839244265,1.799999951,10,19.969,20.0,100.0,50.0,0.0,0.0,2.0,2.0,1.0,1.0,1.0,0.02,2.0,0.3,3.5,0.0,deGFP,1.0,2026-03-09,ext,M,GFP-M-Gext,0.0015309951412285207
0 days 03:05:23,37.0,J8,14535,J,8,GFP-M-Gext,1,2026-03-09 15:36:39,Cytation5,20260309-round1,12,Sample,1.00000002,0.0,2000.000003,1.839244265,1.799999951,10,19.969,20.0,100.0,50.0,0.0,0.0,2.0,2.0,1.0,1.0,1.0,0.02,2.0,0.3,3.5,0.0,deGFP,1.0,2026-03-09,ext,M,GFP-M-Gext,0.0015295219175033713
0 days 03:10:23,37.0,J8,14478,J,8,GFP-M-Gext,1,2026-03-09 15:41:39,Cytation5,20260309-round1,12,Sample,1.00000002,0.0,2000.000003,1.839244265,1.799999951,10,19.969,20.0,100.0,50.0,0.0,0.0,2.0,2.0,1.0,1.0,1.0,0.02,2.0,0.3,3.5,0.0,deGFP,1.0,2026-03-09,ext,M,GFP-M-Gext,0.0015235237923366914
0 days 03:15:23,37.0,J8,14568,J,8,GFP-M-Gext,1,2026-03-09 15:46:39,Cytation5,20260309-round1,12,Sample,1.00000002,0.0,2000.000003,1.839244265,1.799999951,10,19.969,20.0,100.0,50.0,0.0,0.0,2.0,2.0,1.0,1.0,1.0,0.02,2.0,0.3,3.5,0.0,deGFP,1.0,2026-03-09,ext,M,GFP-M-Gext,0.0015329945162840808
0 days 03:20:23,37.0,J8,14462,J,8,GFP-M-Gext,1,2026-03-09 15:51:39,Cytation5,20260309-round1,12,Sample,1.00000002,0.0,2000.000003,1.839244265,1.799999951,10,19.969,20.0,100.0,50.0,0.0,0.0,2.0,2.0,1.0,1.0,1.0,0.02,2.0,0.3,3.5,0.0,deGFP,1.0,2026-03-09,ext,M,GFP-M-Gext,0.0015218401080793777
0 days 03:25:23,37.0,J8,14544,J,8,GFP-M-Gext,1,2026-03-09 15:56:39,Cytation5,20260309-round1,12,Sample,1.00000002,0.0,2000.000003,1.839244265,1.799999951,10,19.969,20.0,100.0,50.0,0.0,0.0,2.0,2.0,1.0,1.0,1.0,0.02,2.0,0.3,3.5,0.0,deGFP,1.0,2026-03-09,ext,M,GFP-M-Gext,0.0015304689898981102
0 days 03:30:23,37.0,J8,14523,J,8,GFP-M-Gext,1,2026-03-09 16:01:39,Cytation5,20260309-round1,12,Sample,1.00000002,0.0,2000.000003,1.839244265,1.799999951,10,19.969,20.0,100.0,50.0,0.0,0.0,2.0,2.0,1.0,1.0,1.0,0.02,2.0,0.3,3.5,0.0,deGFP,1.0,2026-03-09,ext,M,GFP-M-Gext,0.001528259154310386
0 days 03:35:23,37.0,J8,14426,J,8,GFP-M-Gext,1,2026-03-09 16:06:39,Cytation5,20260309-round1,12,Sample,1.00000002,0.0,2000.000003,1.839244265,1.799999951,10,19.969,20.0,100.0,50.0,0.0,0.0,2.0,2.0,1.0,1.0,1.0,0.02,2.0,0.3,3.5,0.0,deGFP,1.0,2026-03-09,ext,M,GFP-M-Gext,0.001518051818500422
0 days 03:40:23,37.1,J8,14624,J,8,GFP-M-Gext,1,2026-03-09 16:11:39,Cytation5,20260309-round1,12,Sample,1.00000002,0.0,2000.000003,1.839244265,1.799999951,10,19.969,20.0,100.0,50.0,0.0,0.0,2.0,2.0,1.0,1.0,1.0,0.02,2.0,0.3,3.5,0.0,deGFP,1.0,2026-03-09,ext,M,GFP-M-Gext,0.0015388874111846784
0 days 03:45:23,37.0,J8,14560,J,8,GFP-M-Gext,1,2026-03-09 16:16:39,Cytation5,20260309-round1,12,Sample,1.00000002,0.0,2000.000003,1.839244265,1.799999951,10,19.969,20.0,100.0,50.0,0.0,0.0,2.0,2.0,1.0,1.0,1.0,0.02,2.0,0.3,3.5,0.0,deGFP,1.0,2026-03-09,ext,M,GFP-M-Gext,0.001532152674155424
0 days 03:50:23,37.0,J8,14667,J,8,GFP-M-Gext,1,2026-03-09 16:21:39,Cytation5,20260309-round1,12,Sample,1.00000002,0.0,2000.000003,1.839244265,1.799999951,10,19.969,20.0,100.0,50.0,0.0,0.0,2.0,2.0,1.0,1.0,1.0,0.02,2.0,0.3,3.5,0.0,deGFP,1.0,2026-03-09,ext,M,GFP-M-Gext,0.0015434123126262089
0 days 03:55:23,37.0,J8,14384,J,8,GFP-M-Gext,1,2026-03-09 16:26:39,Cytation5,20260309-round1,12,Sample,1.00000002,0.0,2000.000003,1.839244265,1.799999951,10,19.969,20.0,100.0,50.0,0.0,0.0,2.0,2.0,1.0,1.0,1.0,0.02,2.0,0.3,3.5,0.0,deGFP,1.0,2026-03-09,ext,M,GFP-M-Gext,0.0015136321473249736
0 days 04:00:23,37.0,J8,14600,J,8,GFP-M-Gext,1,2026-03-09 16:31:39,Cytation5,20260309-round1,12,Sample,1.00000002,0.0,2000.000003,1.839244265,1.799999951,10,19.969,20.0,100.0,50.0,0.0,0.0,2.0,2.0,1.0,1.0,1.0,0.02,2.0,0.3,3.5,0.0,deGFP,1.0,2026-03-09,ext,M,GFP-M-Gext,0.001536361884798708
0 days 04:05:23,37.1,J8,14407,J,8,GFP-M-Gext,1,2026-03-09 16:36:39,Cytation5,20260309-round1,12,Sample,1.00000002,0.0,2000.000003,1.839244265,1.799999951,10,19.969,20.0,100.0,50.0,0.0,0.0,2.0,2.0,1.0,1.0,1.0,0.02,2.0,0.3,3.5,0.0,deGFP,1.0,2026-03-09,ext,M,GFP-M-Gext,0.0015160524434448621
0 days 04:10:23,37.1,J8,14513,J,8,GFP-M-Gext,1,2026-03-09 16:41:39,Cytation5,20260309-round1,12,Sample,1.00000002,0.0,2000.000003,1.839244265,1.799999951,10,19.969,20.0,100.0,50.0,0.0,0.0,2.0,2.0,1.0,1.0,1.0,0.02,2.0,0.3,3.5,0.0,deGFP,1.0,2026-03-09,ext,M,GFP-M-Gext,0.001527206851649565
0 days 04:15:23,37.0,J8,14516,J,8,GFP-M-Gext,1,2026-03-09 16:46:39,Cytation5,20260309-round1,12,Sample,1.00000002,0.0,2000.000003,1.839244265,1.799999951,10,19.969,20.0,100.0,50.0,0.0,0.0,2.0,2.0,1.0,1.0,1.0,0.02,2.0,0.3,3.5,0.0,deGFP,1.0,2026-03-09,ext,M,GFP-M-Gext,0.0015275225424478114
0 days 04:20:23,37.0,J8,14467,J,8,GFP-M-Gext,1,2026-03-09 16:51:39,Cytation5,20260309-round1,12,Sample,1.00000002,0.0,2000.000003,1.839244265,1.799999951,10,19.969,20.0,100.0,50.0,0.0,0.0,2.0,2.0,1.0,1.0,1.0,0.02,2.0,0.3,3.5,0.0,deGFP,1.0,2026-03-09,ext,M,GFP-M-Gext,0.0015223662594097882
0 days 04:25:23,37.0,J8,14588,J,8,GFP-M-Gext,1,2026-03-09 16:56:39,Cytation5,20260309-round1,12,Sample,1.00000002,0.0,2000.000003,1.839244265,1.799999951,10,19.969,20.0,100.0,50.0,0.0,0.0,2.0,2.0,1.0,1.0,1.0,0.02,2.0,0.3,3.5,0.0,deGFP,1.0,2026-03-09,ext,M,GFP-M-Gext,0.0015350991216057227
0 days 04:30:23,37.1,J8,14425,J,8,GFP-M-Gext,1,2026-03-09 17:01:39,Cytation5,20260309-round1,12,Sample,1.00000002,0.0,2000.000003,1.839244265,1.799999951,10,19.969,20.0,100.0,50.0,0.0,0.0,2.0,2.0,1.0,1.0,1.0,0.02,2.0,0.3,3.5,0.0,deGFP,1.0,2026-03-09,ext,M,GFP-M-Gext,0.00151794658823434
0 days 04:35:23,37.0,J8,14548,J,8,GFP-M-Gext,1,2026-03-09 17:06:39,Cytation5,20260309-round1,12,Sample,1.00000002,0.0,2000.000003,1.839244265,1.799999951,10,19.969,20.0,100.0,50.0,0.0,0.0,2.0,2.0,1.0,1.0,1.0,0.02,2.0,0.3,3.5,0.0,deGFP,1.0,2026-03-09,ext,M,GFP-M-Gext,0.0015308899109624386
0 days 04:40:23,37.0,J8,14627,J,8,GFP-M-Gext,1,2026-03-09 17:11:39,Cytation5,20260309-round1,12,Sample,1.00000002,0.0,2000.000003,1.839244265,1.799999951,10,19.969,20.0,100.0,50.0,0.0,0.0,2.0,2.0,1.0,1.0,1.0,0.02,2.0,0.3,3.5,0.0,deGFP,1.0,2026-03-09,ext,M,GFP-M-Gext,0.0015392031019829248
0 days 04:45:23,37.0,J8,14610,J,8,GFP-M-Gext,1,2026-03-09 17:16:39,Cytation5,20260309-round1,12,Sample,1.00000002,0.0,2000.000003,1.839244265,1.799999951,10,19.969,20.0,100.0,50.0,0.0,0.0,2.0,2.0,1.0,1.0,1.0,0.02,2.0,0.3,3.5,0.0,deGFP,1.0,2026-03-09,ext,M,GFP-M-Gext,0.001537414187459529
0 days 04:50:23,37.1,J8,14439,J,8,GFP-M-Gext,1,2026-03-09 17:21:39,Cytation5,20260309-round1,12,Sample,1.00000002,0.0,2000.000003,1.839244265,1.799999951,10,19.969,20.0,100.0,50.0,0.0,0.0,2.0,2.0,1.0,1.0,1.0,0.02,2.0,0.3,3.5,0.0,deGFP,1.0,2026-03-09,ext,M,GFP-M-Gext,0.0015194198119594894
0 days 04:55:23,37.1,J8,14658,J,8,GFP-M-Gext,1,2026-03-09 17:26:39,Cytation5,20260309-round1,12,Sample,1.00000002,0.0,2000.000003,1.839244265,1.799999951,10,19.969,20.0,100.0,50.0,0.0,0.0,2.0,2.0,1.0,1.0,1.0,0.02,2.0,0.3,3.5,0.0,deGFP,1.0,2026-03-09,ext,M,GFP-M-Gext,0.00154246524023147
0 days 05:00:23,37.1,J8,14488,J,8,GFP-M-Gext,1,2026-03-09 17:31:39,Cytation5,20260309-round1,12,Sample,1.00000002,0.0,2000.000003,1.839244265,1.799999951,10,19.969,20.0,100.0,50.0,0.0,0.0,2.0,2.0,1.0,1.0,1.0,0.02,2.0,0.3,3.5,0.0,deGFP,1.0,2026-03-09,ext,M,GFP-M-Gext,0.0015245760949975124
0 days 05:05:23,37.0,J8,14459,J,8,GFP-M-Gext,1,2026-03-09 17:36:39,Cytation5,20260309-round1,12,Sample,1.00000002,0.0,2000.000003,1.839244265,1.799999951,10,19.969,20.0,100.0,50.0,0.0,0.0,2.0,2.0,1.0,1.0,1.0,0.02,2.0,0.3,3.5,0.0,deGFP,1.0,2026-03-09,ext,M,GFP-M-Gext,0.0015215244172811313
0 days 05:10:23,37.0,J8,14397,J,8,GFP-M-Gext,1,2026-03-09 17:41:39,Cytation5,20260309-round1,12,Sample,1.00000002,0.0,2000.000003,1.839244265,1.799999951,10,19.969,20.0,100.0,50.0,0.0,0.0,2.0,2.0,1.0,1.0,1.0,0.02,2.0,0.3,3.5,0.0,deGFP,1.0,2026-03-09,ext,M,GFP-M-Gext,0.001515000140784041
0 days 05:15:23,37.0,J8,14556,J,8,GFP-M-Gext,1,2026-03-09 17:46:39,Cytation5,20260309-round1,12,Sample,1.00000002,0.0,2000.000003,1.839244265,1.799999951,10,19.969,20.0,100.0,50.0,0.0,0.0,2.0,2.0,1.0,1.0,1.0,0.02,2.0,0.3,3.5,0.0,deGFP,1.0,2026-03-09,ext,M,GFP-M-Gext,0.0015317317530910955
0 days 05:20:23,37.0,J8,14563,J,8,GFP-M-Gext,1,2026-03-09 17:51:39,Cytation5,20260309-round1,12,Sample,1.00000002,0.0,2000.000003,1.839244265,1.799999951,10,19.969,20.0,100.0,50.0,0.0,0.0,2.0,2.0,1.0,1.0,1.0,0.02,2.0,0.3,3.5,0.0,deGFP,1.0,2026-03-09,ext,M,GFP-M-Gext,0.00153246836495367
0 days 05:25:23,37.1,J8,14452,J,8,GFP-M-Gext,1,2026-03-09 17:56:39,Cytation5,20260309-round1,12,Sample,1.00000002,0.0,2000.000003,1.839244265,1.799999951,10,19.969,20.0,100.0,50.0,0.0,0.0,2.0,2.0,1.0,1.0,1.0,0.02,2.0,0.3,3.5,0.0,deGFP,1.0,2026-03-09,ext,M,GFP-M-Gext,0.0015207878054185567
0 days 05:30:23,37.1,J8,14662,J,8,GFP-M-Gext,1,2026-03-09 18:01:39,Cytation5,20260309-round1,12,Sample,1.00000002,0.0,2000.000003,1.839244265,1.799999951,10,19.969,20.0,100.0,50.0,0.0,0.0,2.0,2.0,1.0,1.0,1.0,0.02,2.0,0.3,3.5,0.0,deGFP,1.0,2026-03-09,ext,M,GFP-M-Gext,0.0015428861612957984
0 days 05:35:23,37.1,J8,14451,J,8,GFP-M-Gext,1,2026-03-09 18:06:39,Cytation5,20260309-round1,12,Sample,1.00000002,0.0,2000.000003,1.839244265,1.799999951,10,19.969,20.0,100.0,50.0,0.0,0.0,2.0,2.0,1.0,1.0,1.0,0.02,2.0,0.3,3.5,0.0,deGFP,1.0,2026-03-09,ext,M,GFP-M-Gext,0.0015206825751524747
0 days 05:40:23,37.0,J8,14514,J,8,GFP-M-Gext,1,2026-03-09 18:11:39,Cytation5,20260309-round1,12,Sample,1.00000002,0.0,2000.000003,1.839244265,1.799999951,10,19.969,20.0,100.0,50.0,0.0,0.0,2.0,2.0,1.0,1.0,1.0,0.02,2.0,0.3,3.5,0.0,deGFP,1.0,2026-03-09,ext,M,GFP-M-Gext,0.001527312081915647
0 days 05:45:23,37.0,J8,14474,J,8,GFP-M-Gext,1,2026-03-09 18:16:39,Cytation5,20260309-round1,12,Sample,1.00000002,0.0,2000.000003,1.839244265,1.799999951,10,19.969,20.0,100.0,50.0,0.0,0.0,2.0,2.0,1.0,1.0,1.0,0.02,2.0,0.3,3.5,0.0,deGFP,1.0,2026-03-09,ext,M,GFP-M-Gext,0.001523102871272363
0 days 05:50:23,37.0,J8,14411,J,8,GFP-M-Gext,1,2026-03-09 18:21:39,Cytation5,20260309-round1,12,Sample,1.00000002,0.0,2000.000003,1.839244265,1.799999951,10,19.969,20.0,100.0,50.0,0.0,0.0,2.0,2.0,1.0,1.0,1.0,0.02,2.0,0.3,3.5,0.0,deGFP,1.0,2026-03-09,ext,M,GFP-M-Gext,0.0015164733645091904
0 days 05:55:23,37.0,J8,14665,J,8,GFP-M-Gext,1,2026-03-09 18:26:39,Cytation5,20260309-round1,12,Sample,1.00000002,0.0,2000.000003,1.839244265,1.799999951,10,19.969,20.0,100.0,50.0,0.0,0.0,2.0,2.0,1.0,1.0,1.0,0.02,2.0,0.3,3.5,0.0,deGFP,1.0,2026-03-09,ext,M,GFP-M-Gext,0.0015432018520940448
0 days 06:00:23,37.1,J8,14597,J,8,GFP-M-Gext,1,2026-03-09 18:31:39,Cytation5,20260309-round1,12,Sample,1.00000002,0.0,2000.000003,1.839244265,1.799999951,10,19.969,20.0,100.0,50.0,0.0,0.0,2.0,2.0,1.0,1.0,1.0,0.02,2.0,0.3,3.5,0.0,deGFP,1.0,2026-03-09,ext,M,GFP-M-Gext,0.0015360461940004616
0 days 00:00:23,28.9,J9,357,J,9,GFP-M-Gext,1,2026-03-09 12:31:39,Cytation5,20260309-round1,5,Sample,2.996187423,0.0,2000.000003,1.833326026,1.799999951,10,24.969,71.0,122.5,50.0,0.0,0.0,2.0,2.0,1.0,1.0,1.0,0.02,2.0,0.3,3.5,0.0,deGFP,1.0,2026-03-09,ext,M,GFP-M-Gext,3.7567204991310874e-05
0 days 00:05:23,34.5,J9,308,J,9,GFP-M-Gext,1,2026-03-09 12:36:39,Cytation5,20260309-round1,5,Sample,2.996187423,0.0,2000.000003,1.833326026,1.799999951,10,24.969,71.0,122.5,50.0,0.0,0.0,2.0,2.0,1.0,1.0,1.0,0.02,2.0,0.3,3.5,0.0,deGFP,1.0,2026-03-09,ext,M,GFP-M-Gext,3.241092195328781e-05
0 days 00:10:23,37.0,J9,279,J,9,GFP-M-Gext,1,2026-03-09 12:41:39,Cytation5,20260309-round1,5,Sample,2.996187423,0.0,2000.000003,1.833326026,1.799999951,10,24.969,71.0,122.5,50.0,0.0,0.0,2.0,2.0,1.0,1.0,1.0,0.02,2.0,0.3,3.5,0.0,deGFP,1.0,2026-03-09,ext,M,GFP-M-Gext,2.9359244236906817e-05
0 days 00:15:23,37.0,J9,361,J,9,GFP-M-Gext,1,2026-03-09 12:46:39,Cytation5,20260309-round1,5,Sample,2.996187423,0.0,2000.000003,1.833326026,1.799999951,10,24.969,71.0,122.5,50.0,0.0,0.0,2.0,2.0,1.0,1.0,1.0,0.02,2.0,0.3,3.5,0.0,deGFP,1.0,2026-03-09,ext,M,GFP-M-Gext,3.7988126055639284e-05
0 days 00:20:23,37.0,J9,866,J,9,GFP-M-Gext,1,2026-03-09 12:51:39,Cytation5,20260309-round1,5,Sample,2.996187423,0.0,2000.000003,1.833326026,1.799999951,10,24.969,71.0,122.5,50.0,0.0,0.0,2.0,2.0,1.0,1.0,1.0,0.02,2.0,0.3,3.5,0.0,deGFP,1.0,2026-03-09,ext,M,GFP-M-Gext,9.112941042710145e-05
0 days 00:25:23,37.0,J9,2092,J,9,GFP-M-Gext,1,2026-03-09 12:56:39,Cytation5,20260309-round1,5,Sample,2.996187423,0.0,2000.000003,1.833326026,1.799999951,10,24.969,71.0,122.5,50.0,0.0,0.0,2.0,2.0,1.0,1.0,1.0,0.02,2.0,0.3,3.5,0.0,deGFP,1.0,2026-03-09,ext,M,GFP-M-Gext,0.00022014171664376007
0 days 00:30:23,37.0,J9,3968,J,9,GFP-M-Gext,1,2026-03-09 13:01:39,Cytation5,20260309-round1,5,Sample,2.996187423,0.0,2000.000003,1.833326026,1.799999951,10,24.969,71.0,122.5,50.0,0.0,0.0,2.0,2.0,1.0,1.0,1.0,0.02,2.0,0.3,3.5,0.0,deGFP,1.0,2026-03-09,ext,M,GFP-M-Gext,0.00041755369581378585
0 days 00:35:23,37.0,J9,6192,J,9,GFP-M-Gext,1,2026-03-09 13:06:39,Cytation5,20260309-round1,5,Sample,2.996187423,0.0,2000.000003,1.833326026,1.799999951,10,24.969,71.0,122.5,50.0,0.0,0.0,2.0,2.0,1.0,1.0,1.0,0.02,2.0,0.3,3.5,0.0,deGFP,1.0,2026-03-09,ext,M,GFP-M-Gext,0.0006515858075803835
0 days 00:40:23,37.0,J9,8559,J,9,GFP-M-Gext,1,2026-03-09 13:11:39,Cytation5,20260309-round1,5,Sample,2.996187423,0.0,2000.000003,1.833326026,1.799999951,10,24.969,71.0,122.5,50.0,0.0,0.0,2.0,2.0,1.0,1.0,1.0,0.02,2.0,0.3,3.5,0.0,deGFP,1.0,2026-03-09,ext,M,GFP-M-Gext,0.0009006658473967221
0 days 00:45:23,37.1,J9,10820,J,9,GFP-M-Gext,1,2026-03-09 13:16:39,Cytation5,20260309-round1,5,Sample,2.996187423,0.0,2000.000003,1.833326026,1.799999951,10,24.969,71.0,122.5,50.0,0.0,0.0,2.0,2.0,1.0,1.0,1.0,0.02,2.0,0.3,3.5,0.0,deGFP,1.0,2026-03-09,ext,M,GFP-M-Gext,0.0011385914790083575
0 days 00:50:23,37.0,J9,12999,J,9,GFP-M-Gext,1,2026-03-09 13:21:39,Cytation5,20260309-round1,5,Sample,2.996187423,0.0,2000.000003,1.833326026,1.799999951,10,24.969,71.0,122.5,50.0,0.0,0.0,2.0,2.0,1.0,1.0,1.0,0.02,2.0,0.3,3.5,0.0,deGFP,1.0,2026-03-09,ext,M,GFP-M-Gext,0.0013678882288012605
0 days 00:55:23,37.0,J9,14895,J,9,GFP-M-Gext,1,2026-03-09 13:26:39,Cytation5,20260309-round1,5,Sample,2.996187423,0.0,2000.000003,1.833326026,1.799999951,10,24.969,71.0,122.5,50.0,0.0,0.0,2.0,2.0,1.0,1.0,1.0,0.02,2.0,0.3,3.5,0.0,deGFP,1.0,2026-03-09,ext,M,GFP-M-Gext,0.0015674048132929286
0 days 01:00:23,37.0,J9,16947,J,9,GFP-M-Gext,1,2026-03-09 13:31:39,Cytation5,20260309-round1,5,Sample,2.996187423,0.0,2000.000003,1.833326026,1.799999951,10,24.969,71.0,122.5,50.0,0.0,0.0,2.0,2.0,1.0,1.0,1.0,0.02,2.0,0.3,3.5,0.0,deGFP,1.0,2026-03-09,ext,M,GFP-M-Gext,0.0017833373192934045
0 days 01:05:23,37.0,J9,18364,J,9,GFP-M-Gext,1,2026-03-09 13:36:39,Cytation5,20260309-round1,5,Sample,2.996187423,0.0,2000.000003,1.833326026,1.799999951,10,24.969,71.0,122.5,50.0,0.0,0.0,2.0,2.0,1.0,1.0,1.0,0.02,2.0,0.3,3.5,0.0,deGFP,1.0,2026-03-09,ext,M,GFP-M-Gext,0.0019324486063317448
0 days 01:10:23,37.0,J9,20004,J,9,GFP-M-Gext,1,2026-03-09 13:41:39,Cytation5,20260309-round1,5,Sample,2.996187423,0.0,2000.000003,1.833326026,1.799999951,10,24.969,71.0,122.5,50.0,0.0,0.0,2.0,2.0,1.0,1.0,1.0,0.02,2.0,0.3,3.5,0.0,deGFP,1.0,2026-03-09,ext,M,GFP-M-Gext,0.0021050262427063943
0 days 01:15:23,37.1,J9,20713,J,9,GFP-M-Gext,1,2026-03-09 13:46:39,Cytation5,20260309-round1,5,Sample,2.996187423,0.0,2000.000003,1.833326026,1.799999951,10,24.969,71.0,122.5,50.0,0.0,0.0,2.0,2.0,1.0,1.0,1.0,0.02,2.0,0.3,3.5,0.0,deGFP,1.0,2026-03-09,ext,M,GFP-M-Gext,0.0021796345013586054
0 days 01:20:23,37.0,J9,22091,J,9,GFP-M-Gext,1,2026-03-09 13:51:39,Cytation5,20260309-round1,5,Sample,2.996187423,0.0,2000.000003,1.833326026,1.799999951,10,24.969,71.0,122.5,50.0,0.0,0.0,2.0,2.0,1.0,1.0,1.0,0.02,2.0,0.3,3.5,0.0,deGFP,1.0,2026-03-09,ext,M,GFP-M-Gext,0.0023246418080197437
0 days 01:25:23,37.0,J9,22809,J,9,GFP-M-Gext,1,2026-03-09 13:56:39,Cytation5,20260309-round1,5,Sample,2.996187423,0.0,2000.000003,1.833326026,1.799999951,10,24.969,71.0,122.5,50.0,0.0,0.0,2.0,2.0,1.0,1.0,1.0,0.02,2.0,0.3,3.5,0.0,deGFP,1.0,2026-03-09,ext,M,GFP-M-Gext,0.0024001971390666937
0 days 01:30:23,37.0,J9,23132,J,9,GFP-M-Gext,1,2026-03-09 14:01:39,Cytation5,20260309-round1,5,Sample,2.996187423,0.0,2000.000003,1.833326026,1.799999951,10,24.969,71.0,122.5,50.0,0.0,0.0,2.0,2.0,1.0,1.0,1.0,0.02,2.0,0.3,3.5,0.0,deGFP,1.0,2026-03-09,ext,M,GFP-M-Gext,0.0024341865150112134
0 days 01:35:23,37.0,J9,23747,J,9,GFP-M-Gext,1,2026-03-09 14:06:39,Cytation5,20260309-round1,5,Sample,2.996187423,0.0,2000.000003,1.833326026,1.799999951,10,24.969,71.0,122.5,50.0,0.0,0.0,2.0,2.0,1.0,1.0,1.0,0.02,2.0,0.3,3.5,0.0,deGFP,1.0,2026-03-09,ext,M,GFP-M-Gext,0.0024989031286517067
0 days 01:40:23,37.0,J9,24291,J,9,GFP-M-Gext,1,2026-03-09 14:11:39,Cytation5,20260309-round1,5,Sample,2.996187423,0.0,2000.000003,1.833326026,1.799999951,10,24.969,71.0,122.5,50.0,0.0,0.0,2.0,2.0,1.0,1.0,1.0,0.02,2.0,0.3,3.5,0.0,deGFP,1.0,2026-03-09,ext,M,GFP-M-Gext,0.002556148393400371
0 days 01:45:23,37.0,J9,24631,J,9,GFP-M-Gext,1,2026-03-09 14:16:39,Cytation5,20260309-round1,5,Sample,2.996187423,0.0,2000.000003,1.833326026,1.799999951,10,24.969,71.0,122.5,50.0,0.0,0.0,2.0,2.0,1.0,1.0,1.0,0.02,2.0,0.3,3.5,0.0,deGFP,1.0,2026-03-09,ext,M,GFP-M-Gext,0.0025919266838682863
0 days 01:50:23,37.0,J9,24823,J,9,GFP-M-Gext,1,2026-03-09 14:21:39,Cytation5,20260309-round1,5,Sample,2.996187423,0.0,2000.000003,1.833326026,1.799999951,10,24.969,71.0,122.5,50.0,0.0,0.0,2.0,2.0,1.0,1.0,1.0,0.02,2.0,0.3,3.5,0.0,deGFP,1.0,2026-03-09,ext,M,GFP-M-Gext,0.00261213089495605
0 days 01:55:23,37.1,J9,25212,J,9,GFP-M-Gext,1,2026-03-09 14:26:39,Cytation5,20260309-round1,5,Sample,2.996187423,0.0,2000.000003,1.833326026,1.799999951,10,24.969,71.0,122.5,50.0,0.0,0.0,2.0,2.0,1.0,1.0,1.0,0.02,2.0,0.3,3.5,0.0,deGFP,1.0,2026-03-09,ext,M,GFP-M-Gext,0.002653065468461988
0 days 02:00:23,37.0,J9,25113,J,9,GFP-M-Gext,1,2026-03-09 14:31:39,Cytation5,20260309-round1,5,Sample,2.996187423,0.0,2000.000003,1.833326026,1.799999951,10,24.969,71.0,122.5,50.0,0.0,0.0,2.0,2.0,1.0,1.0,1.0,0.02,2.0,0.3,3.5,0.0,deGFP,1.0,2026-03-09,ext,M,GFP-M-Gext,0.00264264767211986
0 days 02:05:23,37.0,J9,25707,J,9,GFP-M-Gext,1,2026-03-09 14:36:39,Cytation5,20260309-round1,5,Sample,2.996187423,0.0,2000.000003,1.833326026,1.799999951,10,24.969,71.0,122.5,50.0,0.0,0.0,2.0,2.0,1.0,1.0,1.0,0.02,2.0,0.3,3.5,0.0,deGFP,1.0,2026-03-09,ext,M,GFP-M-Gext,0.002705154450172629
0 days 02:10:23,37.1,J9,25525,J,9,GFP-M-Gext,1,2026-03-09 14:41:39,Cytation5,20260309-round1,5,Sample,2.996187423,0.0,2000.000003,1.833326026,1.799999951,10,24.969,71.0,122.5,50.0,0.0,0.0,2.0,2.0,1.0,1.0,1.0,0.02,2.0,0.3,3.5,0.0,deGFP,1.0,2026-03-09,ext,M,GFP-M-Gext,0.0026860025417456863
0 days 02:15:23,37.1,J9,25722,J,9,GFP-M-Gext,1,2026-03-09 14:46:39,Cytation5,20260309-round1,5,Sample,2.996187423,0.0,2000.000003,1.833326026,1.799999951,10,24.969,71.0,122.5,50.0,0.0,0.0,2.0,2.0,1.0,1.0,1.0,0.02,2.0,0.3,3.5,0.0,deGFP,1.0,2026-03-09,ext,M,GFP-M-Gext,0.002706732904163861
0 days 02:20:23,37.0,J9,25701,J,9,GFP-M-Gext,1,2026-03-09 14:51:39,Cytation5,20260309-round1,5,Sample,2.996187423,0.0,2000.000003,1.833326026,1.799999951,10,24.969,71.0,122.5,50.0,0.0,0.0,2.0,2.0,1.0,1.0,1.0,0.02,2.0,0.3,3.5,0.0,deGFP,1.0,2026-03-09,ext,M,GFP-M-Gext,0.0027045230685761364
0 days 02:25:23,37.0,J9,25639,J,9,GFP-M-Gext,1,2026-03-09 14:56:39,Cytation5,20260309-round1,5,Sample,2.996187423,0.0,2000.000003,1.833326026,1.799999951,10,24.969,71.0,122.5,50.0,0.0,0.0,2.0,2.0,1.0,1.0,1.0,0.02,2.0,0.3,3.5,0.0,deGFP,1.0,2026-03-09,ext,M,GFP-M-Gext,0.002697998792079046
0 days 02:30:23,37.0,J9,25705,J,9,GFP-M-Gext,1,2026-03-09 15:01:39,Cytation5,20260309-round1,5,Sample,2.996187423,0.0,2000.000003,1.833326026,1.799999951,10,24.969,71.0,122.5,50.0,0.0,0.0,2.0,2.0,1.0,1.0,1.0,0.02,2.0,0.3,3.5,0.0,deGFP,1.0,2026-03-09,ext,M,GFP-M-Gext,0.002704943989640465
0 days 02:35:23,37.0,J9,25981,J,9,GFP-M-Gext,1,2026-03-09 15:06:39,Cytation5,20260309-round1,5,Sample,2.996187423,0.0,2000.000003,1.833326026,1.799999951,10,24.969,71.0,122.5,50.0,0.0,0.0,2.0,2.0,1.0,1.0,1.0,0.02,2.0,0.3,3.5,0.0,deGFP,1.0,2026-03-09,ext,M,GFP-M-Gext,0.0027339875430791253
0 days 02:40:23,37.0,J9,25877,J,9,GFP-M-Gext,1,2026-03-09 15:11:39,Cytation5,20260309-round1,5,Sample,2.996187423,0.0,2000.000003,1.833326026,1.799999951,10,24.969,71.0,122.5,50.0,0.0,0.0,2.0,2.0,1.0,1.0,1.0,0.02,2.0,0.3,3.5,0.0,deGFP,1.0,2026-03-09,ext,M,GFP-M-Gext,0.002723043595406587
0 days 02:45:23,37.0,J9,25948,J,9,GFP-M-Gext,1,2026-03-09 15:16:39,Cytation5,20260309-round1,5,Sample,2.996187423,0.0,2000.000003,1.833326026,1.799999951,10,24.969,71.0,122.5,50.0,0.0,0.0,2.0,2.0,1.0,1.0,1.0,0.02,2.0,0.3,3.5,0.0,deGFP,1.0,2026-03-09,ext,M,GFP-M-Gext,0.0027305149442984162
0 days 02:50:23,37.0,J9,25988,J,9,GFP-M-Gext,1,2026-03-09 15:21:39,Cytation5,20260309-round1,5,Sample,2.996187423,0.0,2000.000003,1.833326026,1.799999951,10,24.969,71.0,122.5,50.0,0.0,0.0,2.0,2.0,1.0,1.0,1.0,0.02,2.0,0.3,3.5,0.0,deGFP,1.0,2026-03-09,ext,M,GFP-M-Gext,0.0027347241549417
0 days 02:55:23,37.0,J9,25651,J,9,GFP-M-Gext,1,2026-03-09 15:26:39,Cytation5,20260309-round1,5,Sample,2.996187423,0.0,2000.000003,1.833326026,1.799999951,10,24.969,71.0,122.5,50.0,0.0,0.0,2.0,2.0,1.0,1.0,1.0,0.02,2.0,0.3,3.5,0.0,deGFP,1.0,2026-03-09,ext,M,GFP-M-Gext,0.0026992615552720316
0 days 03:00:23,36.9,J9,25726,J,9,GFP-M-Gext,1,2026-03-09 15:31:39,Cytation5,20260309-round1,5,Sample,2.996187423,0.0,2000.000003,1.833326026,1.799999951,10,24.969,71.0,122.5,50.0,0.0,0.0,2.0,2.0,1.0,1.0,1.0,0.02,2.0,0.3,3.5,0.0,deGFP,1.0,2026-03-09,ext,M,GFP-M-Gext,0.002707153825228189
0 days 03:05:23,37.0,J9,25998,J,9,GFP-M-Gext,1,2026-03-09 15:36:39,Cytation5,20260309-round1,5,Sample,2.996187423,0.0,2000.000003,1.833326026,1.799999951,10,24.969,71.0,122.5,50.0,0.0,0.0,2.0,2.0,1.0,1.0,1.0,0.02,2.0,0.3,3.5,0.0,deGFP,1.0,2026-03-09,ext,M,GFP-M-Gext,0.002735776457602521
0 days 03:10:23,37.0,J9,25684,J,9,GFP-M-Gext,1,2026-03-09 15:41:39,Cytation5,20260309-round1,5,Sample,2.996187423,0.0,2000.000003,1.833326026,1.799999951,10,24.969,71.0,122.5,50.0,0.0,0.0,2.0,2.0,1.0,1.0,1.0,0.02,2.0,0.3,3.5,0.0,deGFP,1.0,2026-03-09,ext,M,GFP-M-Gext,0.0027027341540527407
0 days 03:15:23,37.0,J9,25774,J,9,GFP-M-Gext,1,2026-03-09 15:46:39,Cytation5,20260309-round1,5,Sample,2.996187423,0.0,2000.000003,1.833326026,1.799999951,10,24.969,71.0,122.5,50.0,0.0,0.0,2.0,2.0,1.0,1.0,1.0,0.02,2.0,0.3,3.5,0.0,deGFP,1.0,2026-03-09,ext,M,GFP-M-Gext,0.0027122048780001302
0 days 03:20:23,37.0,J9,25875,J,9,GFP-M-Gext,1,2026-03-09 15:51:39,Cytation5,20260309-round1,5,Sample,2.996187423,0.0,2000.000003,1.833326026,1.799999951,10,24.969,71.0,122.5,50.0,0.0,0.0,2.0,2.0,1.0,1.0,1.0,0.02,2.0,0.3,3.5,0.0,deGFP,1.0,2026-03-09,ext,M,GFP-M-Gext,0.0027228331348744224
0 days 03:25:23,37.0,J9,25981,J,9,GFP-M-Gext,1,2026-03-09 15:56:39,Cytation5,20260309-round1,5,Sample,2.996187423,0.0,2000.000003,1.833326026,1.799999951,10,24.969,71.0,122.5,50.0,0.0,0.0,2.0,2.0,1.0,1.0,1.0,0.02,2.0,0.3,3.5,0.0,deGFP,1.0,2026-03-09,ext,M,GFP-M-Gext,0.0027339875430791253
0 days 03:30:23,37.0,J9,26120,J,9,GFP-M-Gext,1,2026-03-09 16:01:39,Cytation5,20260309-round1,5,Sample,2.996187423,0.0,2000.000003,1.833326026,1.799999951,10,24.969,71.0,122.5,50.0,0.0,0.0,2.0,2.0,1.0,1.0,1.0,0.02,2.0,0.3,3.5,0.0,deGFP,1.0,2026-03-09,ext,M,GFP-M-Gext,0.0027486145500645377
0 days 03:35:23,37.0,J9,25772,J,9,GFP-M-Gext,1,2026-03-09 16:06:39,Cytation5,20260309-round1,5,Sample,2.996187423,0.0,2000.000003,1.833326026,1.799999951,10,24.969,71.0,122.5,50.0,0.0,0.0,2.0,2.0,1.0,1.0,1.0,0.02,2.0,0.3,3.5,0.0,deGFP,1.0,2026-03-09,ext,M,GFP-M-Gext,0.0027119944174679657
0 days 03:40:23,37.1,J9,25892,J,9,GFP-M-Gext,1,2026-03-09 16:11:39,Cytation5,20260309-round1,5,Sample,2.996187423,0.0,2000.000003,1.833326026,1.799999951,10,24.969,71.0,122.5,50.0,0.0,0.0,2.0,2.0,1.0,1.0,1.0,0.02,2.0,0.3,3.5,0.0,deGFP,1.0,2026-03-09,ext,M,GFP-M-Gext,0.002724622049397818
0 days 03:45:23,37.0,J9,25986,J,9,GFP-M-Gext,1,2026-03-09 16:16:39,Cytation5,20260309-round1,5,Sample,2.996187423,0.0,2000.000003,1.833326026,1.799999951,10,24.969,71.0,122.5,50.0,0.0,0.0,2.0,2.0,1.0,1.0,1.0,0.02,2.0,0.3,3.5,0.0,deGFP,1.0,2026-03-09,ext,M,GFP-M-Gext,0.002734513694409536
0 days 03:50:23,37.0,J9,25650,J,9,GFP-M-Gext,1,2026-03-09 16:21:39,Cytation5,20260309-round1,5,Sample,2.996187423,0.0,2000.000003,1.833326026,1.799999951,10,24.969,71.0,122.5,50.0,0.0,0.0,2.0,2.0,1.0,1.0,1.0,0.02,2.0,0.3,3.5,0.0,deGFP,1.0,2026-03-09,ext,M,GFP-M-Gext,0.002699156325005949
0 days 03:55:23,37.0,J9,25782,J,9,GFP-M-Gext,1,2026-03-09 16:26:39,Cytation5,20260309-round1,5,Sample,2.996187423,0.0,2000.000003,1.833326026,1.799999951,10,24.969,71.0,122.5,50.0,0.0,0.0,2.0,2.0,1.0,1.0,1.0,0.02,2.0,0.3,3.5,0.0,deGFP,1.0,2026-03-09,ext,M,GFP-M-Gext,0.002713046720128787
0 days 04:00:23,37.0,J9,25951,J,9,GFP-M-Gext,1,2026-03-09 16:31:39,Cytation5,20260309-round1,5,Sample,2.996187423,0.0,2000.000003,1.833326026,1.799999951,10,24.969,71.0,122.5,50.0,0.0,0.0,2.0,2.0,1.0,1.0,1.0,0.02,2.0,0.3,3.5,0.0,deGFP,1.0,2026-03-09,ext,M,GFP-M-Gext,0.0027308306350966624
0 days 04:05:23,37.1,J9,25855,J,9,GFP-M-Gext,1,2026-03-09 16:36:39,Cytation5,20260309-round1,5,Sample,2.996187423,0.0,2000.000003,1.833326026,1.799999951,10,24.969,71.0,122.5,50.0,0.0,0.0,2.0,2.0,1.0,1.0,1.0,0.02,2.0,0.3,3.5,0.0,deGFP,1.0,2026-03-09,ext,M,GFP-M-Gext,0.0027207285295527805
0 days 04:10:23,37.1,J9,25745,J,9,GFP-M-Gext,1,2026-03-09 16:41:39,Cytation5,20260309-round1,5,Sample,2.996187423,0.0,2000.000003,1.833326026,1.799999951,10,24.969,71.0,122.5,50.0,0.0,0.0,2.0,2.0,1.0,1.0,1.0,0.02,2.0,0.3,3.5,0.0,deGFP,1.0,2026-03-09,ext,M,GFP-M-Gext,0.002709153200283749
0 days 04:15:23,37.0,J9,26077,J,9,GFP-M-Gext,1,2026-03-09 16:46:39,Cytation5,20260309-round1,5,Sample,2.996187423,0.0,2000.000003,1.833326026,1.799999951,10,24.969,71.0,122.5,50.0,0.0,0.0,2.0,2.0,1.0,1.0,1.0,0.02,2.0,0.3,3.5,0.0,deGFP,1.0,2026-03-09,ext,M,GFP-M-Gext,0.002744089648623007
0 days 04:20:23,37.0,J9,25865,J,9,GFP-M-Gext,1,2026-03-09 16:51:39,Cytation5,20260309-round1,5,Sample,2.996187423,0.0,2000.000003,1.833326026,1.799999951,10,24.969,71.0,122.5,50.0,0.0,0.0,2.0,2.0,1.0,1.0,1.0,0.02,2.0,0.3,3.5,0.0,deGFP,1.0,2026-03-09,ext,M,GFP-M-Gext,0.0027217808322136014
0 days 04:25:23,37.0,J9,25727,J,9,GFP-M-Gext,1,2026-03-09 16:56:39,Cytation5,20260309-round1,5,Sample,2.996187423,0.0,2000.000003,1.833326026,1.799999951,10,24.969,71.0,122.5,50.0,0.0,0.0,2.0,2.0,1.0,1.0,1.0,0.02,2.0,0.3,3.5,0.0,deGFP,1.0,2026-03-09,ext,M,GFP-M-Gext,0.002707259055494271
0 days 04:30:23,37.1,J9,25776,J,9,GFP-M-Gext,1,2026-03-09 17:01:39,Cytation5,20260309-round1,5,Sample,2.996187423,0.0,2000.000003,1.833326026,1.799999951,10,24.969,71.0,122.5,50.0,0.0,0.0,2.0,2.0,1.0,1.0,1.0,0.02,2.0,0.3,3.5,0.0,deGFP,1.0,2026-03-09,ext,M,GFP-M-Gext,0.0027124153385322943
0 days 04:35:23,37.0,J9,25942,J,9,GFP-M-Gext,1,2026-03-09 17:06:39,Cytation5,20260309-round1,5,Sample,2.996187423,0.0,2000.000003,1.833326026,1.799999951,10,24.969,71.0,122.5,50.0,0.0,0.0,2.0,2.0,1.0,1.0,1.0,0.02,2.0,0.3,3.5,0.0,deGFP,1.0,2026-03-09,ext,M,GFP-M-Gext,0.0027298835627019235
0 days 04:40:23,37.0,J9,25911,J,9,GFP-M-Gext,1,2026-03-09 17:11:39,Cytation5,20260309-round1,5,Sample,2.996187423,0.0,2000.000003,1.833326026,1.799999951,10,24.969,71.0,122.5,50.0,0.0,0.0,2.0,2.0,1.0,1.0,1.0,0.02,2.0,0.3,3.5,0.0,deGFP,1.0,2026-03-09,ext,M,GFP-M-Gext,0.002726621424453378
0 days 04:45:23,37.0,J9,25919,J,9,GFP-M-Gext,1,2026-03-09 17:16:39,Cytation5,20260309-round1,5,Sample,2.996187423,0.0,2000.000003,1.833326026,1.799999951,10,24.969,71.0,122.5,50.0,0.0,0.0,2.0,2.0,1.0,1.0,1.0,0.02,2.0,0.3,3.5,0.0,deGFP,1.0,2026-03-09,ext,M,GFP-M-Gext,0.002727463266582035
0 days 04:50:23,37.1,J9,25708,J,9,GFP-M-Gext,1,2026-03-09 17:21:39,Cytation5,20260309-round1,5,Sample,2.996187423,0.0,2000.000003,1.833326026,1.799999951,10,24.969,71.0,122.5,50.0,0.0,0.0,2.0,2.0,1.0,1.0,1.0,0.02,2.0,0.3,3.5,0.0,deGFP,1.0,2026-03-09,ext,M,GFP-M-Gext,0.0027052596804387112
0 days 04:55:23,37.1,J9,25622,J,9,GFP-M-Gext,1,2026-03-09 17:26:39,Cytation5,20260309-round1,5,Sample,2.996187423,0.0,2000.000003,1.833326026,1.799999951,10,24.969,71.0,122.5,50.0,0.0,0.0,2.0,2.0,1.0,1.0,1.0,0.02,2.0,0.3,3.5,0.0,deGFP,1.0,2026-03-09,ext,M,GFP-M-Gext,0.0026962098775556503
0 days 05:00:23,37.1,J9,25650,J,9,GFP-M-Gext,1,2026-03-09 17:31:39,Cytation5,20260309-round1,5,Sample,2.996187423,0.0,2000.000003,1.833326026,1.799999951,10,24.969,71.0,122.5,50.0,0.0,0.0,2.0,2.0,1.0,1.0,1.0,0.02,2.0,0.3,3.5,0.0,deGFP,1.0,2026-03-09,ext,M,GFP-M-Gext,0.002699156325005949
0 days 05:05:23,37.0,J9,25751,J,9,GFP-M-Gext,1,2026-03-09 17:36:39,Cytation5,20260309-round1,5,Sample,2.996187423,0.0,2000.000003,1.833326026,1.799999951,10,24.969,71.0,122.5,50.0,0.0,0.0,2.0,2.0,1.0,1.0,1.0,0.02,2.0,0.3,3.5,0.0,deGFP,1.0,2026-03-09,ext,M,GFP-M-Gext,0.0027097845818802417
0 days 05:10:23,37.0,J9,25676,J,9,GFP-M-Gext,1,2026-03-09 17:41:39,Cytation5,20260309-round1,5,Sample,2.996187423,0.0,2000.000003,1.833326026,1.799999951,10,24.969,71.0,122.5,50.0,0.0,0.0,2.0,2.0,1.0,1.0,1.0,0.02,2.0,0.3,3.5,0.0,deGFP,1.0,2026-03-09,ext,M,GFP-M-Gext,0.002701892311924084
0 days 05:15:23,37.0,J9,25996,J,9,GFP-M-Gext,1,2026-03-09 17:46:39,Cytation5,20260309-round1,5,Sample,2.996187423,0.0,2000.000003,1.833326026,1.799999951,10,24.969,71.0,122.5,50.0,0.0,0.0,2.0,2.0,1.0,1.0,1.0,0.02,2.0,0.3,3.5,0.0,deGFP,1.0,2026-03-09,ext,M,GFP-M-Gext,0.002735565997070357
0 days 05:20:23,37.0,J9,25820,J,9,GFP-M-Gext,1,2026-03-09 17:51:39,Cytation5,20260309-round1,5,Sample,2.996187423,0.0,2000.000003,1.833326026,1.799999951,10,24.969,71.0,122.5,50.0,0.0,0.0,2.0,2.0,1.0,1.0,1.0,0.02,2.0,0.3,3.5,0.0,deGFP,1.0,2026-03-09,ext,M,GFP-M-Gext,0.002717045470239907
0 days 05:25:23,37.1,J9,25963,J,9,GFP-M-Gext,1,2026-03-09 17:56:39,Cytation5,20260309-round1,5,Sample,2.996187423,0.0,2000.000003,1.833326026,1.799999951,10,24.969,71.0,122.5,50.0,0.0,0.0,2.0,2.0,1.0,1.0,1.0,0.02,2.0,0.3,3.5,0.0,deGFP,1.0,2026-03-09,ext,M,GFP-M-Gext,0.0027320933982896475
0 days 05:30:23,37.1,J9,25559,J,9,GFP-M-Gext,1,2026-03-09 18:01:39,Cytation5,20260309-round1,5,Sample,2.996187423,0.0,2000.000003,1.833326026,1.799999951,10,24.969,71.0,122.5,50.0,0.0,0.0,2.0,2.0,1.0,1.0,1.0,0.02,2.0,0.3,3.5,0.0,deGFP,1.0,2026-03-09,ext,M,GFP-M-Gext,0.002689580370792478
0 days 05:35:23,37.1,J9,25718,J,9,GFP-M-Gext,1,2026-03-09 18:06:39,Cytation5,20260309-round1,5,Sample,2.996187423,0.0,2000.000003,1.833326026,1.799999951,10,24.969,71.0,122.5,50.0,0.0,0.0,2.0,2.0,1.0,1.0,1.0,0.02,2.0,0.3,3.5,0.0,deGFP,1.0,2026-03-09,ext,M,GFP-M-Gext,0.002706311983099532
0 days 05:40:23,37.0,J9,25872,J,9,GFP-M-Gext,1,2026-03-09 18:11:39,Cytation5,20260309-round1,5,Sample,2.996187423,0.0,2000.000003,1.833326026,1.799999951,10,24.969,71.0,122.5,50.0,0.0,0.0,2.0,2.0,1.0,1.0,1.0,0.02,2.0,0.3,3.5,0.0,deGFP,1.0,2026-03-09,ext,M,GFP-M-Gext,0.0027225174440761763
0 days 05:45:23,37.0,J9,25572,J,9,GFP-M-Gext,1,2026-03-09 18:16:39,Cytation5,20260309-round1,5,Sample,2.996187423,0.0,2000.000003,1.833326026,1.799999951,10,24.969,71.0,122.5,50.0,0.0,0.0,2.0,2.0,1.0,1.0,1.0,0.02,2.0,0.3,3.5,0.0,deGFP,1.0,2026-03-09,ext,M,GFP-M-Gext,0.0026909483642515455
0 days 05:50:23,37.0,J9,25994,J,9,GFP-M-Gext,1,2026-03-09 18:21:39,Cytation5,20260309-round1,5,Sample,2.996187423,0.0,2000.000003,1.833326026,1.799999951,10,24.969,71.0,122.5,50.0,0.0,0.0,2.0,2.0,1.0,1.0,1.0,0.02,2.0,0.3,3.5,0.0,deGFP,1.0,2026-03-09,ext,M,GFP-M-Gext,0.002735355536538193
0 days 05:55:23,37.0,J9,25818,J,9,GFP-M-Gext,1,2026-03-09 18:26:39,Cytation5,20260309-round1,5,Sample,2.996187423,0.0,2000.000003,1.833326026,1.799999951,10,24.969,71.0,122.5,50.0,0.0,0.0,2.0,2.0,1.0,1.0,1.0,0.02,2.0,0.3,3.5,0.0,deGFP,1.0,2026-03-09,ext,M,GFP-M-Gext,0.0027168350097077428
0 days 06:00:23,37.1,J9,26050,J,9,GFP-M-Gext,1,2026-03-09 18:31:39,Cytation5,20260309-round1,5,Sample,2.996187423,0.0,2000.000003,1.833326026,1.799999951,10,24.969,71.0,122.5,50.0,0.0,0.0,2.0,2.0,1.0,1.0,1.0,0.02,2.0,0.3,3.5,0.0,deGFP,1.0,2026-03-09,ext,M,GFP-M-Gext,0.0027412484314387905
0 days 00:00:23,28.9,J10,322,J,10,GFP-M-Gext,1,2026-03-09 12:31:39,Cytation5,20260309-round1,1,Sample,2.996187423,0.0,2000.000003,1.799999952,1.799999951,10,2.469,67.0,200.0,50.0,0.0,0.0,2.0,2.0,1.0,1.0,1.0,0.02,2.0,0.3,3.5,0.0,deGFP,1.0,2026-03-09,ext,M,GFP-M-Gext,3.388414567843726e-05
0 days 00:05:23,34.5,J10,324,J,10,GFP-M-Gext,1,2026-03-09 12:36:39,Cytation5,20260309-round1,1,Sample,2.996187423,0.0,2000.000003,1.799999952,1.799999951,10,2.469,67.0,200.0,50.0,0.0,0.0,2.0,2.0,1.0,1.0,1.0,0.02,2.0,0.3,3.5,0.0,deGFP,1.0,2026-03-09,ext,M,GFP-M-Gext,3.409460621060147e-05
0 days 00:10:23,37.0,J10,317,J,10,GFP-M-Gext,1,2026-03-09 12:41:39,Cytation5,20260309-round1,1,Sample,2.996187423,0.0,2000.000003,1.799999952,1.799999951,10,2.469,67.0,200.0,50.0,0.0,0.0,2.0,2.0,1.0,1.0,1.0,0.02,2.0,0.3,3.5,0.0,deGFP,1.0,2026-03-09,ext,M,GFP-M-Gext,3.335799434802674e-05
0 days 00:15:23,37.0,J10,392,J,10,GFP-M-Gext,1,2026-03-09 12:46:39,Cytation5,20260309-round1,1,Sample,2.996187423,0.0,2000.000003,1.799999952,1.799999951,10,2.469,67.0,200.0,50.0,0.0,0.0,2.0,2.0,1.0,1.0,1.0,0.02,2.0,0.3,3.5,0.0,deGFP,1.0,2026-03-09,ext,M,GFP-M-Gext,4.125026430418449e-05
0 days 00:20:23,37.0,J10,478,J,10,GFP-M-Gext,1,2026-03-09 12:51:39,Cytation5,20260309-round1,1,Sample,2.996187423,0.0,2000.000003,1.799999952,1.799999951,10,2.469,67.0,200.0,50.0,0.0,0.0,2.0,2.0,1.0,1.0,1.0,0.02,2.0,0.3,3.5,0.0,deGFP,1.0,2026-03-09,ext,M,GFP-M-Gext,5.0300067187245374e-05
0 days 00:25:23,37.0,J10,607,J,10,GFP-M-Gext,1,2026-03-09 12:56:39,Cytation5,20260309-round1,1,Sample,2.996187423,0.0,2000.000003,1.799999952,1.799999951,10,2.469,67.0,200.0,50.0,0.0,0.0,2.0,2.0,1.0,1.0,1.0,0.02,2.0,0.3,3.5,0.0,deGFP,1.0,2026-03-09,ext,M,GFP-M-Gext,6.38747715118367e-05
0 days 00:30:23,37.0,J10,690,J,10,GFP-M-Gext,1,2026-03-09 13:01:39,Cytation5,20260309-round1,1,Sample,2.996187423,0.0,2000.000003,1.799999952,1.799999951,10,2.469,67.0,200.0,50.0,0.0,0.0,2.0,2.0,1.0,1.0,1.0,0.02,2.0,0.3,3.5,0.0,deGFP,1.0,2026-03-09,ext,M,GFP-M-Gext,7.260888359665127e-05
0 days 00:35:23,37.0,J10,748,J,10,GFP-M-Gext,1,2026-03-09 13:06:39,Cytation5,20260309-round1,1,Sample,2.996187423,0.0,2000.000003,1.799999952,1.799999951,10,2.469,67.0,200.0,50.0,0.0,0.0,2.0,2.0,1.0,1.0,1.0,0.02,2.0,0.3,3.5,0.0,deGFP,1.0,2026-03-09,ext,M,GFP-M-Gext,7.871223902941326e-05
0 days 00:40:23,37.0,J10,815,J,10,GFP-M-Gext,1,2026-03-09 13:11:39,Cytation5,20260309-round1,1,Sample,2.996187423,0.0,2000.000003,1.799999952,1.799999951,10,2.469,67.0,200.0,50.0,0.0,0.0,2.0,2.0,1.0,1.0,1.0,0.02,2.0,0.3,3.5,0.0,deGFP,1.0,2026-03-09,ext,M,GFP-M-Gext,8.576266685691418e-05
0 days 00:45:23,37.1,J10,769,J,10,GFP-M-Gext,1,2026-03-09 13:16:39,Cytation5,20260309-round1,1,Sample,2.996187423,0.0,2000.000003,1.799999952,1.799999951,10,2.469,67.0,200.0,50.0,0.0,0.0,2.0,2.0,1.0,1.0,1.0,0.02,2.0,0.3,3.5,0.0,deGFP,1.0,2026-03-09,ext,M,GFP-M-Gext,8.092207461713743e-05
0 days 00:50:23,37.0,J10,829,J,10,GFP-M-Gext,1,2026-03-09 13:21:39,Cytation5,20260309-round1,1,Sample,2.996187423,0.0,2000.000003,1.799999952,1.799999951,10,2.469,67.0,200.0,50.0,0.0,0.0,2.0,2.0,1.0,1.0,1.0,0.02,2.0,0.3,3.5,0.0,deGFP,1.0,2026-03-09,ext,M,GFP-M-Gext,8.723589058206362e-05
0 days 00:55:23,37.0,J10,903,J,10,GFP-M-Gext,1,2026-03-09 13:26:39,Cytation5,20260309-round1,1,Sample,2.996187423,0.0,2000.000003,1.799999952,1.799999951,10,2.469,67.0,200.0,50.0,0.0,0.0,2.0,2.0,1.0,1.0,1.0,0.02,2.0,0.3,3.5,0.0,deGFP,1.0,2026-03-09,ext,M,GFP-M-Gext,9.502293027213927e-05
0 days 01:00:23,37.0,J10,892,J,10,GFP-M-Gext,1,2026-03-09 13:31:39,Cytation5,20260309-round1,1,Sample,2.996187423,0.0,2000.000003,1.799999952,1.799999951,10,2.469,67.0,200.0,50.0,0.0,0.0,2.0,2.0,1.0,1.0,1.0,0.02,2.0,0.3,3.5,0.0,deGFP,1.0,2026-03-09,ext,M,GFP-M-Gext,9.386539734523614e-05
0 days 01:05:23,37.0,J10,980,J,10,GFP-M-Gext,1,2026-03-09 13:36:39,Cytation5,20260309-round1,1,Sample,2.996187423,0.0,2000.000003,1.799999952,1.799999951,10,2.469,67.0,200.0,50.0,0.0,0.0,2.0,2.0,1.0,1.0,1.0,0.02,2.0,0.3,3.5,0.0,deGFP,1.0,2026-03-09,ext,M,GFP-M-Gext,0.00010312566076046122
0 days 01:10:23,37.0,J10,1007,J,10,GFP-M-Gext,1,2026-03-09 13:41:39,Cytation5,20260309-round1,1,Sample,2.996187423,0.0,2000.000003,1.799999952,1.799999951,10,2.469,67.0,200.0,50.0,0.0,0.0,2.0,2.0,1.0,1.0,1.0,0.02,2.0,0.3,3.5,0.0,deGFP,1.0,2026-03-09,ext,M,GFP-M-Gext,0.00010596687794467801
0 days 01:15:23,37.1,J10,964,J,10,GFP-M-Gext,1,2026-03-09 13:46:39,Cytation5,20260309-round1,1,Sample,2.996187423,0.0,2000.000003,1.799999952,1.799999951,10,2.469,67.0,200.0,50.0,0.0,0.0,2.0,2.0,1.0,1.0,1.0,0.02,2.0,0.3,3.5,0.0,deGFP,1.0,2026-03-09,ext,M,GFP-M-Gext,0.00010144197650314757
0 days 01:20:23,37.0,J10,1012,J,10,GFP-M-Gext,1,2026-03-09 13:51:39,Cytation5,20260309-round1,1,Sample,2.996187423,0.0,2000.000003,1.799999952,1.799999951,10,2.469,67.0,200.0,50.0,0.0,0.0,2.0,2.0,1.0,1.0,1.0,0.02,2.0,0.3,3.5,0.0,deGFP,1.0,2026-03-09,ext,M,GFP-M-Gext,0.00010649302927508852
0 days 01:25:23,37.0,J10,1038,J,10,GFP-M-Gext,1,2026-03-09 13:56:39,Cytation5,20260309-round1,1,Sample,2.996187423,0.0,2000.000003,1.799999952,1.799999951,10,2.469,67.0,200.0,50.0,0.0,0.0,2.0,2.0,1.0,1.0,1.0,0.02,2.0,0.3,3.5,0.0,deGFP,1.0,2026-03-09,ext,M,GFP-M-Gext,0.00010922901619322322
0 days 01:30:23,37.0,J10,1032,J,10,GFP-M-Gext,1,2026-03-09 14:01:39,Cytation5,20260309-round1,1,Sample,2.996187423,0.0,2000.000003,1.799999952,1.799999951,10,2.469,67.0,200.0,50.0,0.0,0.0,2.0,2.0,1.0,1.0,1.0,0.02,2.0,0.3,3.5,0.0,deGFP,1.0,2026-03-09,ext,M,GFP-M-Gext,0.0001085976345967306
0 days 01:35:23,37.0,J10,1015,J,10,GFP-M-Gext,1,2026-03-09 14:06:39,Cytation5,20260309-round1,1,Sample,2.996187423,0.0,2000.000003,1.799999952,1.799999951,10,2.469,67.0,200.0,50.0,0.0,0.0,2.0,2.0,1.0,1.0,1.0,0.02,2.0,0.3,3.5,0.0,deGFP,1.0,2026-03-09,ext,M,GFP-M-Gext,0.00010680872007333483
0 days 01:40:23,37.0,J10,1067,J,10,GFP-M-Gext,1,2026-03-09 14:11:39,Cytation5,20260309-round1,1,Sample,2.996187423,0.0,2000.000003,1.799999952,1.799999951,10,2.469,67.0,200.0,50.0,0.0,0.0,2.0,2.0,1.0,1.0,1.0,0.02,2.0,0.3,3.5,0.0,deGFP,1.0,2026-03-09,ext,M,GFP-M-Gext,0.0001122806939096042
0 days 01:45:23,37.0,J10,1042,J,10,GFP-M-Gext,1,2026-03-09 14:16:39,Cytation5,20260309-round1,1,Sample,2.996187423,0.0,2000.000003,1.799999952,1.799999951,10,2.469,67.0,200.0,50.0,0.0,0.0,2.0,2.0,1.0,1.0,1.0,0.02,2.0,0.3,3.5,0.0,deGFP,1.0,2026-03-09,ext,M,GFP-M-Gext,0.00010964993725755162
0 days 01:50:23,37.0,J10,1086,J,10,GFP-M-Gext,1,2026-03-09 14:21:39,Cytation5,20260309-round1,1,Sample,2.996187423,0.0,2000.000003,1.799999952,1.799999951,10,2.469,67.0,200.0,50.0,0.0,0.0,2.0,2.0,1.0,1.0,1.0,0.02,2.0,0.3,3.5,0.0,deGFP,1.0,2026-03-09,ext,M,GFP-M-Gext,0.00011428006896516417
0 days 01:55:23,37.1,J10,1096,J,10,GFP-M-Gext,1,2026-03-09 14:26:39,Cytation5,20260309-round1,1,Sample,2.996187423,0.0,2000.000003,1.799999952,1.799999951,10,2.469,67.0,200.0,50.0,0.0,0.0,2.0,2.0,1.0,1.0,1.0,0.02,2.0,0.3,3.5,0.0,deGFP,1.0,2026-03-09,ext,M,GFP-M-Gext,0.0001153323716259852
0 days 02:00:23,37.0,J10,1124,J,10,GFP-M-Gext,1,2026-03-09 14:31:39,Cytation5,20260309-round1,1,Sample,2.996187423,0.0,2000.000003,1.799999952,1.799999951,10,2.469,67.0,200.0,50.0,0.0,0.0,2.0,2.0,1.0,1.0,1.0,0.02,2.0,0.3,3.5,0.0,deGFP,1.0,2026-03-09,ext,M,GFP-M-Gext,0.0001182788190762841
0 days 02:05:23,37.0,J10,1082,J,10,GFP-M-Gext,1,2026-03-09 14:36:39,Cytation5,20260309-round1,1,Sample,2.996187423,0.0,2000.000003,1.799999952,1.799999951,10,2.469,67.0,200.0,50.0,0.0,0.0,2.0,2.0,1.0,1.0,1.0,0.02,2.0,0.3,3.5,0.0,deGFP,1.0,2026-03-09,ext,M,GFP-M-Gext,0.00011385914790083575
0 days 02:10:23,37.1,J10,1117,J,10,GFP-M-Gext,1,2026-03-09 14:41:39,Cytation5,20260309-round1,1,Sample,2.996187423,0.0,2000.000003,1.799999952,1.799999951,10,2.469,67.0,200.0,50.0,0.0,0.0,2.0,2.0,1.0,1.0,1.0,0.02,2.0,0.3,3.5,0.0,deGFP,1.0,2026-03-09,ext,M,GFP-M-Gext,0.00011754220721370937
0 days 02:15:23,37.1,J10,1099,J,10,GFP-M-Gext,1,2026-03-09 14:46:39,Cytation5,20260309-round1,1,Sample,2.996187423,0.0,2000.000003,1.799999952,1.799999951,10,2.469,67.0,200.0,50.0,0.0,0.0,2.0,2.0,1.0,1.0,1.0,0.02,2.0,0.3,3.5,0.0,deGFP,1.0,2026-03-09,ext,M,GFP-M-Gext,0.00011564806242423152
0 days 02:20:23,37.0,J10,1202,J,10,GFP-M-Gext,1,2026-03-09 14:51:39,Cytation5,20260309-round1,1,Sample,2.996187423,0.0,2000.000003,1.799999952,1.799999951,10,2.469,67.0,200.0,50.0,0.0,0.0,2.0,2.0,1.0,1.0,1.0,0.02,2.0,0.3,3.5,0.0,deGFP,1.0,2026-03-09,ext,M,GFP-M-Gext,0.00012648677983068815
0 days 02:25:23,37.0,J10,1105,J,10,GFP-M-Gext,1,2026-03-09 14:56:39,Cytation5,20260309-round1,1,Sample,2.996187423,0.0,2000.000003,1.799999952,1.799999951,10,2.469,67.0,200.0,50.0,0.0,0.0,2.0,2.0,1.0,1.0,1.0,0.02,2.0,0.3,3.5,0.0,deGFP,1.0,2026-03-09,ext,M,GFP-M-Gext,0.00011627944402072414
0 days 02:30:23,37.0,J10,1171,J,10,GFP-M-Gext,1,2026-03-09 15:01:39,Cytation5,20260309-round1,1,Sample,2.996187423,0.0,2000.000003,1.799999952,1.799999951,10,2.469,67.0,200.0,50.0,0.0,0.0,2.0,2.0,1.0,1.0,1.0,0.02,2.0,0.3,3.5,0.0,deGFP,1.0,2026-03-09,ext,M,GFP-M-Gext,0.00012322464158214295
0 days 02:35:23,37.0,J10,1175,J,10,GFP-M-Gext,1,2026-03-09 15:06:39,Cytation5,20260309-round1,1,Sample,2.996187423,0.0,2000.000003,1.799999952,1.799999951,10,2.469,67.0,200.0,50.0,0.0,0.0,2.0,2.0,1.0,1.0,1.0,0.02,2.0,0.3,3.5,0.0,deGFP,1.0,2026-03-09,ext,M,GFP-M-Gext,0.00012364556264647135
0 days 02:40:23,37.0,J10,1225,J,10,GFP-M-Gext,1,2026-03-09 15:11:39,Cytation5,20260309-round1,1,Sample,2.996187423,0.0,2000.000003,1.799999952,1.799999951,10,2.469,67.0,200.0,50.0,0.0,0.0,2.0,2.0,1.0,1.0,1.0,0.02,2.0,0.3,3.5,0.0,deGFP,1.0,2026-03-09,ext,M,GFP-M-Gext,0.00012890707595057652
0 days 02:45:23,37.0,J10,1216,J,10,GFP-M-Gext,1,2026-03-09 15:16:39,Cytation5,20260309-round1,1,Sample,2.996187423,0.0,2000.000003,1.799999952,1.799999951,10,2.469,67.0,200.0,50.0,0.0,0.0,2.0,2.0,1.0,1.0,1.0,0.02,2.0,0.3,3.5,0.0,deGFP,1.0,2026-03-09,ext,M,GFP-M-Gext,0.0001279600035558376
0 days 02:50:23,37.0,J10,1261,J,10,GFP-M-Gext,1,2026-03-09 15:21:39,Cytation5,20260309-round1,1,Sample,2.996187423,0.0,2000.000003,1.799999952,1.799999951,10,2.469,67.0,200.0,50.0,0.0,0.0,2.0,2.0,1.0,1.0,1.0,0.02,2.0,0.3,3.5,0.0,deGFP,1.0,2026-03-09,ext,M,GFP-M-Gext,0.00013269536552953224
0 days 02:55:23,37.0,J10,1255,J,10,GFP-M-Gext,1,2026-03-09 15:26:39,Cytation5,20260309-round1,1,Sample,2.996187423,0.0,2000.000003,1.799999952,1.799999951,10,2.469,67.0,200.0,50.0,0.0,0.0,2.0,2.0,1.0,1.0,1.0,0.02,2.0,0.3,3.5,0.0,deGFP,1.0,2026-03-09,ext,M,GFP-M-Gext,0.00013206398393303962
0 days 03:00:23,36.9,J10,1232,J,10,GFP-M-Gext,1,2026-03-09 15:31:39,Cytation5,20260309-round1,1,Sample,2.996187423,0.0,2000.000003,1.799999952,1.799999951,10,2.469,67.0,200.0,50.0,0.0,0.0,2.0,2.0,1.0,1.0,1.0,0.02,2.0,0.3,3.5,0.0,deGFP,1.0,2026-03-09,ext,M,GFP-M-Gext,0.00012964368781315125
0 days 03:05:23,37.0,J10,1317,J,10,GFP-M-Gext,1,2026-03-09 15:36:39,Cytation5,20260309-round1,1,Sample,2.996187423,0.0,2000.000003,1.799999952,1.799999951,10,2.469,67.0,200.0,50.0,0.0,0.0,2.0,2.0,1.0,1.0,1.0,0.02,2.0,0.3,3.5,0.0,deGFP,1.0,2026-03-09,ext,M,GFP-M-Gext,0.00013858826043013003
0 days 03:10:23,37.0,J10,1283,J,10,GFP-M-Gext,1,2026-03-09 15:41:39,Cytation5,20260309-round1,1,Sample,2.996187423,0.0,2000.000003,1.799999952,1.799999951,10,2.469,67.0,200.0,50.0,0.0,0.0,2.0,2.0,1.0,1.0,1.0,0.02,2.0,0.3,3.5,0.0,deGFP,1.0,2026-03-09,ext,M,GFP-M-Gext,0.00013501043138333853
0 days 03:15:23,37.0,J10,1304,J,10,GFP-M-Gext,1,2026-03-09 15:46:39,Cytation5,20260309-round1,1,Sample,2.996187423,0.0,2000.000003,1.799999952,1.799999951,10,2.469,67.0,200.0,50.0,0.0,0.0,2.0,2.0,1.0,1.0,1.0,0.02,2.0,0.3,3.5,0.0,deGFP,1.0,2026-03-09,ext,M,GFP-M-Gext,0.00013722026697106268
0 days 03:20:23,37.0,J10,1333,J,10,GFP-M-Gext,1,2026-03-09 15:51:39,Cytation5,20260309-round1,1,Sample,2.996187423,0.0,2000.000003,1.799999952,1.799999951,10,2.469,67.0,200.0,50.0,0.0,0.0,2.0,2.0,1.0,1.0,1.0,0.02,2.0,0.3,3.5,0.0,deGFP,1.0,2026-03-09,ext,M,GFP-M-Gext,0.0001402719446874437
0 days 03:25:23,37.0,J10,1346,J,10,GFP-M-Gext,1,2026-03-09 15:56:39,Cytation5,20260309-round1,1,Sample,2.996187423,0.0,2000.000003,1.799999952,1.799999951,10,2.469,67.0,200.0,50.0,0.0,0.0,2.0,2.0,1.0,1.0,1.0,0.02,2.0,0.3,3.5,0.0,deGFP,1.0,2026-03-09,ext,M,GFP-M-Gext,0.00014163993814651101
0 days 03:30:23,37.0,J10,1357,J,10,GFP-M-Gext,1,2026-03-09 16:01:39,Cytation5,20260309-round1,1,Sample,2.996187423,0.0,2000.000003,1.799999952,1.799999951,10,2.469,67.0,200.0,50.0,0.0,0.0,2.0,2.0,1.0,1.0,1.0,0.02,2.0,0.3,3.5,0.0,deGFP,1.0,2026-03-09,ext,M,GFP-M-Gext,0.00014279747107341417
0 days 03:35:23,37.0,J10,1354,J,10,GFP-M-Gext,1,2026-03-09 16:06:39,Cytation5,20260309-round1,1,Sample,2.996187423,0.0,2000.000003,1.799999952,1.799999951,10,2.469,67.0,200.0,50.0,0.0,0.0,2.0,2.0,1.0,1.0,1.0,0.02,2.0,0.3,3.5,0.0,deGFP,1.0,2026-03-09,ext,M,GFP-M-Gext,0.00014248178027516785
0 days 03:40:23,37.1,J10,1404,J,10,GFP-M-Gext,1,2026-03-09 16:11:39,Cytation5,20260309-round1,1,Sample,2.996187423,0.0,2000.000003,1.799999952,1.799999951,10,2.469,67.0,200.0,50.0,0.0,0.0,2.0,2.0,1.0,1.0,1.0,0.02,2.0,0.3,3.5,0.0,deGFP,1.0,2026-03-09,ext,M,GFP-M-Gext,0.00014774329357927302
0 days 03:45:23,37.0,J10,1404,J,10,GFP-M-Gext,1,2026-03-09 16:16:39,Cytation5,20260309-round1,1,Sample,2.996187423,0.0,2000.000003,1.799999952,1.799999951,10,2.469,67.0,200.0,50.0,0.0,0.0,2.0,2.0,1.0,1.0,1.0,0.02,2.0,0.3,3.5,0.0,deGFP,1.0,2026-03-09,ext,M,GFP-M-Gext,0.00014774329357927302
0 days 03:50:23,37.0,J10,1423,J,10,GFP-M-Gext,1,2026-03-09 16:21:39,Cytation5,20260309-round1,1,Sample,2.996187423,0.0,2000.000003,1.799999952,1.799999951,10,2.469,67.0,200.0,50.0,0.0,0.0,2.0,2.0,1.0,1.0,1.0,0.02,2.0,0.3,3.5,0.0,deGFP,1.0,2026-03-09,ext,M,GFP-M-Gext,0.00014974266863483298
0 days 03:55:23,37.0,J10,1410,J,10,GFP-M-Gext,1,2026-03-09 16:26:39,Cytation5,20260309-round1,1,Sample,2.996187423,0.0,2000.000003,1.799999952,1.799999951,10,2.469,67.0,200.0,50.0,0.0,0.0,2.0,2.0,1.0,1.0,1.0,0.02,2.0,0.3,3.5,0.0,deGFP,1.0,2026-03-09,ext,M,GFP-M-Gext,0.00014837467517576564
0 days 04:00:23,37.0,J10,1446,J,10,GFP-M-Gext,1,2026-03-09 16:31:39,Cytation5,20260309-round1,1,Sample,2.996187423,0.0,2000.000003,1.799999952,1.799999951,10,2.469,67.0,200.0,50.0,0.0,0.0,2.0,2.0,1.0,1.0,1.0,0.02,2.0,0.3,3.5,0.0,deGFP,1.0,2026-03-09,ext,M,GFP-M-Gext,0.00015216296475472135
0 days 04:05:23,37.1,J10,1496,J,10,GFP-M-Gext,1,2026-03-09 16:36:39,Cytation5,20260309-round1,1,Sample,2.996187423,0.0,2000.000003,1.799999952,1.799999951,10,2.469,67.0,200.0,50.0,0.0,0.0,2.0,2.0,1.0,1.0,1.0,0.02,2.0,0.3,3.5,0.0,deGFP,1.0,2026-03-09,ext,M,GFP-M-Gext,0.00015742447805882652
0 days 04:10:23,37.1,J10,1485,J,10,GFP-M-Gext,1,2026-03-09 16:41:39,Cytation5,20260309-round1,1,Sample,2.996187423,0.0,2000.000003,1.799999952,1.799999951,10,2.469,67.0,200.0,50.0,0.0,0.0,2.0,2.0,1.0,1.0,1.0,0.02,2.0,0.3,3.5,0.0,deGFP,1.0,2026-03-09,ext,M,GFP-M-Gext,0.0001562669451319234
0 days 04:15:23,37.0,J10,1494,J,10,GFP-M-Gext,1,2026-03-09 16:46:39,Cytation5,20260309-round1,1,Sample,2.996187423,0.0,2000.000003,1.799999952,1.799999951,10,2.469,67.0,200.0,50.0,0.0,0.0,2.0,2.0,1.0,1.0,1.0,0.02,2.0,0.3,3.5,0.0,deGFP,1.0,2026-03-09,ext,M,GFP-M-Gext,0.0001572140175266623
0 days 04:20:23,37.0,J10,1531,J,10,GFP-M-Gext,1,2026-03-09 16:51:39,Cytation5,20260309-round1,1,Sample,2.996187423,0.0,2000.000003,1.799999952,1.799999951,10,2.469,67.0,200.0,50.0,0.0,0.0,2.0,2.0,1.0,1.0,1.0,0.02,2.0,0.3,3.5,0.0,deGFP,1.0,2026-03-09,ext,M,GFP-M-Gext,0.00016110753737170013
0 days 04:25:23,37.0,J10,1560,J,10,GFP-M-Gext,1,2026-03-09 16:56:39,Cytation5,20260309-round1,1,Sample,2.996187423,0.0,2000.000003,1.799999952,1.799999951,10,2.469,67.0,200.0,50.0,0.0,0.0,2.0,2.0,1.0,1.0,1.0,0.02,2.0,0.3,3.5,0.0,deGFP,1.0,2026-03-09,ext,M,GFP-M-Gext,0.00016415921508808112
0 days 04:30:23,37.1,J10,1535,J,10,GFP-M-Gext,1,2026-03-09 17:01:39,Cytation5,20260309-round1,1,Sample,2.996187423,0.0,2000.000003,1.799999952,1.799999951,10,2.469,67.0,200.0,50.0,0.0,0.0,2.0,2.0,1.0,1.0,1.0,0.02,2.0,0.3,3.5,0.0,deGFP,1.0,2026-03-09,ext,M,GFP-M-Gext,0.00016152845843602853
0 days 04:35:23,37.0,J10,1582,J,10,GFP-M-Gext,1,2026-03-09 17:06:39,Cytation5,20260309-round1,1,Sample,2.996187423,0.0,2000.000003,1.799999952,1.799999951,10,2.469,67.0,200.0,50.0,0.0,0.0,2.0,2.0,1.0,1.0,1.0,0.02,2.0,0.3,3.5,0.0,deGFP,1.0,2026-03-09,ext,M,GFP-M-Gext,0.0001664742809418874
0 days 04:40:23,37.0,J10,1566,J,10,GFP-M-Gext,1,2026-03-09 17:11:39,Cytation5,20260309-round1,1,Sample,2.996187423,0.0,2000.000003,1.799999952,1.799999951,10,2.469,67.0,200.0,50.0,0.0,0.0,2.0,2.0,1.0,1.0,1.0,0.02,2.0,0.3,3.5,0.0,deGFP,1.0,2026-03-09,ext,M,GFP-M-Gext,0.00016479059668457374
0 days 04:45:23,37.0,J10,1638,J,10,GFP-M-Gext,1,2026-03-09 17:16:39,Cytation5,20260309-round1,1,Sample,2.996187423,0.0,2000.000003,1.799999952,1.799999951,10,2.469,67.0,200.0,50.0,0.0,0.0,2.0,2.0,1.0,1.0,1.0,0.02,2.0,0.3,3.5,0.0,deGFP,1.0,2026-03-09,ext,M,GFP-M-Gext,0.0001723671758424852
0 days 04:50:23,37.1,J10,1609,J,10,GFP-M-Gext,1,2026-03-09 17:21:39,Cytation5,20260309-round1,1,Sample,2.996187423,0.0,2000.000003,1.799999952,1.799999951,10,2.469,67.0,200.0,50.0,0.0,0.0,2.0,2.0,1.0,1.0,1.0,0.02,2.0,0.3,3.5,0.0,deGFP,1.0,2026-03-09,ext,M,GFP-M-Gext,0.00016931549812610418
0 days 04:55:23,37.1,J10,1626,J,10,GFP-M-Gext,1,2026-03-09 17:26:39,Cytation5,20260309-round1,1,Sample,2.996187423,0.0,2000.000003,1.799999952,1.799999951,10,2.469,67.0,200.0,50.0,0.0,0.0,2.0,2.0,1.0,1.0,1.0,0.02,2.0,0.3,3.5,0.0,deGFP,1.0,2026-03-09,ext,M,GFP-M-Gext,0.00017110441264949993
0 days 05:00:23,37.1,J10,1655,J,10,GFP-M-Gext,1,2026-03-09 17:31:39,Cytation5,20260309-round1,1,Sample,2.996187423,0.0,2000.000003,1.799999952,1.799999951,10,2.469,67.0,200.0,50.0,0.0,0.0,2.0,2.0,1.0,1.0,1.0,0.02,2.0,0.3,3.5,0.0,deGFP,1.0,2026-03-09,ext,M,GFP-M-Gext,0.00017415609036588095
0 days 05:05:23,37.0,J10,1683,J,10,GFP-M-Gext,1,2026-03-09 17:36:39,Cytation5,20260309-round1,1,Sample,2.996187423,0.0,2000.000003,1.799999952,1.799999951,10,2.469,67.0,200.0,50.0,0.0,0.0,2.0,2.0,1.0,1.0,1.0,0.02,2.0,0.3,3.5,0.0,deGFP,1.0,2026-03-09,ext,M,GFP-M-Gext,0.00017710253781617983
0 days 05:10:23,37.0,J10,1652,J,10,GFP-M-Gext,1,2026-03-09 17:41:39,Cytation5,20260309-round1,1,Sample,2.996187423,0.0,2000.000003,1.799999952,1.799999951,10,2.469,67.0,200.0,50.0,0.0,0.0,2.0,2.0,1.0,1.0,1.0,0.02,2.0,0.3,3.5,0.0,deGFP,1.0,2026-03-09,ext,M,GFP-M-Gext,0.00017384039956763462
0 days 05:15:23,37.0,J10,1744,J,10,GFP-M-Gext,1,2026-03-09 17:46:39,Cytation5,20260309-round1,1,Sample,2.996187423,0.0,2000.000003,1.799999952,1.799999951,10,2.469,67.0,200.0,50.0,0.0,0.0,2.0,2.0,1.0,1.0,1.0,0.02,2.0,0.3,3.5,0.0,deGFP,1.0,2026-03-09,ext,M,GFP-M-Gext,0.00018352158404718813
0 days 05:20:23,37.0,J10,1704,J,10,GFP-M-Gext,1,2026-03-09 17:51:39,Cytation5,20260309-round1,1,Sample,2.996187423,0.0,2000.000003,1.799999952,1.799999951,10,2.469,67.0,200.0,50.0,0.0,0.0,2.0,2.0,1.0,1.0,1.0,0.02,2.0,0.3,3.5,0.0,deGFP,1.0,2026-03-09,ext,M,GFP-M-Gext,0.000179312373403904
0 days 05:25:23,37.1,J10,1734,J,10,GFP-M-Gext,1,2026-03-09 17:56:39,Cytation5,20260309-round1,1,Sample,2.996187423,0.0,2000.000003,1.799999952,1.799999951,10,2.469,67.0,200.0,50.0,0.0,0.0,2.0,2.0,1.0,1.0,1.0,0.02,2.0,0.3,3.5,0.0,deGFP,1.0,2026-03-09,ext,M,GFP-M-Gext,0.0001824692813863671
0 days 05:30:23,37.1,J10,1753,J,10,GFP-M-Gext,1,2026-03-09 18:01:39,Cytation5,20260309-round1,1,Sample,2.996187423,0.0,2000.000003,1.799999952,1.799999951,10,2.469,67.0,200.0,50.0,0.0,0.0,2.0,2.0,1.0,1.0,1.0,0.02,2.0,0.3,3.5,0.0,deGFP,1.0,2026-03-09,ext,M,GFP-M-Gext,0.00018446865644192707
0 days 05:35:23,37.1,J10,1740,J,10,GFP-M-Gext,1,2026-03-09 18:06:39,Cytation5,20260309-round1,1,Sample,2.996187423,0.0,2000.000003,1.799999952,1.799999951,10,2.469,67.0,200.0,50.0,0.0,0.0,2.0,2.0,1.0,1.0,1.0,0.02,2.0,0.3,3.5,0.0,deGFP,1.0,2026-03-09,ext,M,GFP-M-Gext,0.00018310066298285972
0 days 05:40:23,37.0,J10,1766,J,10,GFP-M-Gext,1,2026-03-09 18:11:39,Cytation5,20260309-round1,1,Sample,2.996187423,0.0,2000.000003,1.799999952,1.799999951,10,2.469,67.0,200.0,50.0,0.0,0.0,2.0,2.0,1.0,1.0,1.0,0.02,2.0,0.3,3.5,0.0,deGFP,1.0,2026-03-09,ext,M,GFP-M-Gext,0.00018583664990099442
0 days 05:45:23,37.0,J10,1784,J,10,GFP-M-Gext,1,2026-03-09 18:16:39,Cytation5,20260309-round1,1,Sample,2.996187423,0.0,2000.000003,1.799999952,1.799999951,10,2.469,67.0,200.0,50.0,0.0,0.0,2.0,2.0,1.0,1.0,1.0,0.02,2.0,0.3,3.5,0.0,deGFP,1.0,2026-03-09,ext,M,GFP-M-Gext,0.00018773079469047228
0 days 05:50:23,37.0,J10,1775,J,10,GFP-M-Gext,1,2026-03-09 18:21:39,Cytation5,20260309-round1,1,Sample,2.996187423,0.0,2000.000003,1.799999952,1.799999951,10,2.469,67.0,200.0,50.0,0.0,0.0,2.0,2.0,1.0,1.0,1.0,0.02,2.0,0.3,3.5,0.0,deGFP,1.0,2026-03-09,ext,M,GFP-M-Gext,0.00018678372229573333
0 days 05:55:23,37.0,J10,1794,J,10,GFP-M-Gext,1,2026-03-09 18:26:39,Cytation5,20260309-round1,1,Sample,2.996187423,0.0,2000.000003,1.799999952,1.799999951,10,2.469,67.0,200.0,50.0,0.0,0.0,2.0,2.0,1.0,1.0,1.0,0.02,2.0,0.3,3.5,0.0,deGFP,1.0,2026-03-09,ext,M,GFP-M-Gext,0.0001887830973512933
0 days 06:00:23,37.1,J10,1857,J,10,GFP-M-Gext,1,2026-03-09 18:31:39,Cytation5,20260309-round1,1,Sample,2.996187423,0.0,2000.000003,1.799999952,1.799999951,10,2.469,67.0,200.0,50.0,0.0,0.0,2.0,2.0,1.0,1.0,1.0,0.02,2.0,0.3,3.5,0.0,deGFP,1.0,2026-03-09,ext,M,GFP-M-Gext,0.00019541260411446581
0 days 00:00:23,28.9,J11,307,J,11,GFP-M-Gext,1,2026-03-09 12:31:39,Cytation5,20260309-round1,8,Sample,1.00000002,0.0,2000.000003,1.555191326,1.799999951,10,24.969,100.0,60.0,50.0,0.0,0.0,2.0,2.0,1.0,1.0,1.0,0.02,2.0,0.3,3.5,0.0,deGFP,1.0,2026-03-09,ext,M,GFP-M-Gext,3.230569168720571e-05
0 days 00:05:23,34.5,J11,279,J,11,GFP-M-Gext,1,2026-03-09 12:36:39,Cytation5,20260309-round1,8,Sample,1.00000002,0.0,2000.000003,1.555191326,1.799999951,10,24.969,100.0,60.0,50.0,0.0,0.0,2.0,2.0,1.0,1.0,1.0,0.02,2.0,0.3,3.5,0.0,deGFP,1.0,2026-03-09,ext,M,GFP-M-Gext,2.9359244236906817e-05
0 days 00:10:23,37.0,J11,283,J,11,GFP-M-Gext,1,2026-03-09 12:41:39,Cytation5,20260309-round1,8,Sample,1.00000002,0.0,2000.000003,1.555191326,1.799999951,10,24.969,100.0,60.0,50.0,0.0,0.0,2.0,2.0,1.0,1.0,1.0,0.02,2.0,0.3,3.5,0.0,deGFP,1.0,2026-03-09,ext,M,GFP-M-Gext,2.978016530123523e-05
0 days 00:15:23,37.0,J11,272,J,11,GFP-M-Gext,1,2026-03-09 12:46:39,Cytation5,20260309-round1,8,Sample,1.00000002,0.0,2000.000003,1.555191326,1.799999951,10,24.969,100.0,60.0,50.0,0.0,0.0,2.0,2.0,1.0,1.0,1.0,0.02,2.0,0.3,3.5,0.0,deGFP,1.0,2026-03-09,ext,M,GFP-M-Gext,2.8622632374332093e-05
0 days 00:20:23,37.0,J11,309,J,11,GFP-M-Gext,1,2026-03-09 12:51:39,Cytation5,20260309-round1,8,Sample,1.00000002,0.0,2000.000003,1.555191326,1.799999951,10,24.969,100.0,60.0,50.0,0.0,0.0,2.0,2.0,1.0,1.0,1.0,0.02,2.0,0.3,3.5,0.0,deGFP,1.0,2026-03-09,ext,M,GFP-M-Gext,3.251615221936991e-05
0 days 00:25:23,37.0,J11,615,J,11,GFP-M-Gext,1,2026-03-09 12:56:39,Cytation5,20260309-round1,8,Sample,1.00000002,0.0,2000.000003,1.555191326,1.799999951,10,24.969,100.0,60.0,50.0,0.0,0.0,2.0,2.0,1.0,1.0,1.0,0.02,2.0,0.3,3.5,0.0,deGFP,1.0,2026-03-09,ext,M,GFP-M-Gext,6.471661364049352e-05
0 days 00:30:23,37.0,J11,1190,J,11,GFP-M-Gext,1,2026-03-09 13:01:39,Cytation5,20260309-round1,8,Sample,1.00000002,0.0,2000.000003,1.555191326,1.799999951,10,24.969,100.0,60.0,50.0,0.0,0.0,2.0,2.0,1.0,1.0,1.0,0.02,2.0,0.3,3.5,0.0,deGFP,1.0,2026-03-09,ext,M,GFP-M-Gext,0.0001252240166377029
0 days 00:35:23,37.0,J11,1878,J,11,GFP-M-Gext,1,2026-03-09 13:06:39,Cytation5,20260309-round1,8,Sample,1.00000002,0.0,2000.000003,1.555191326,1.799999951,10,24.969,100.0,60.0,50.0,0.0,0.0,2.0,2.0,1.0,1.0,1.0,0.02,2.0,0.3,3.5,0.0,deGFP,1.0,2026-03-09,ext,M,GFP-M-Gext,0.00019762243970218997
0 days 00:40:23,37.0,J11,2995,J,11,GFP-M-Gext,1,2026-03-09 13:11:39,Cytation5,20260309-round1,8,Sample,1.00000002,0.0,2000.000003,1.555191326,1.799999951,10,24.969,100.0,60.0,50.0,0.0,0.0,2.0,2.0,1.0,1.0,1.0,0.02,2.0,0.3,3.5,0.0,deGFP,1.0,2026-03-09,ext,M,GFP-M-Gext,0.00031516464691589937
0 days 00:45:23,37.1,J11,4086,J,11,GFP-M-Gext,1,2026-03-09 13:16:39,Cytation5,20260309-round1,8,Sample,1.00000002,0.0,2000.000003,1.555191326,1.799999951,10,24.969,100.0,60.0,50.0,0.0,0.0,2.0,2.0,1.0,1.0,1.0,0.02,2.0,0.3,3.5,0.0,deGFP,1.0,2026-03-09,ext,M,GFP-M-Gext,0.000429970867211474
0 days 00:50:23,37.0,J11,5594,J,11,GFP-M-Gext,1,2026-03-09 13:21:39,Cytation5,20260309-round1,8,Sample,1.00000002,0.0,2000.000003,1.555191326,1.799999951,10,24.969,100.0,60.0,50.0,0.0,0.0,2.0,2.0,1.0,1.0,1.0,0.02,2.0,0.3,3.5,0.0,deGFP,1.0,2026-03-09,ext,M,GFP-M-Gext,0.0005886581084632858
0 days 00:55:23,37.0,J11,7130,J,11,GFP-M-Gext,1,2026-03-09 13:26:39,Cytation5,20260309-round1,8,Sample,1.00000002,0.0,2000.000003,1.555191326,1.799999951,10,24.969,100.0,60.0,50.0,0.0,0.0,2.0,2.0,1.0,1.0,1.0,0.02,2.0,0.3,3.5,0.0,deGFP,1.0,2026-03-09,ext,M,GFP-M-Gext,0.0007502917971653965
0 days 01:00:23,37.0,J11,8710,J,11,GFP-M-Gext,1,2026-03-09 13:31:39,Cytation5,20260309-round1,8,Sample,1.00000002,0.0,2000.000003,1.555191326,1.799999951,10,24.969,100.0,60.0,50.0,0.0,0.0,2.0,2.0,1.0,1.0,1.0,0.02,2.0,0.3,3.5,0.0,deGFP,1.0,2026-03-09,ext,M,GFP-M-Gext,0.0009165556175751196
0 days 01:05:23,37.0,J11,10323,J,11,GFP-M-Gext,1,2026-03-09 13:36:39,Cytation5,20260309-round1,8,Sample,1.00000002,0.0,2000.000003,1.555191326,1.799999951,10,24.969,100.0,60.0,50.0,0.0,0.0,2.0,2.0,1.0,1.0,1.0,0.02,2.0,0.3,3.5,0.0,deGFP,1.0,2026-03-09,ext,M,GFP-M-Gext,0.0010862920367655522
0 days 01:10:23,37.0,J11,11881,J,11,GFP-M-Gext,1,2026-03-09 13:41:39,Cytation5,20260309-round1,8,Sample,1.00000002,0.0,2000.000003,1.555191326,1.799999951,10,24.969,100.0,60.0,50.0,0.0,0.0,2.0,2.0,1.0,1.0,1.0,0.02,2.0,0.3,3.5,0.0,deGFP,1.0,2026-03-09,ext,M,GFP-M-Gext,0.0012502407913214692
0 days 01:15:23,37.1,J11,13150,J,11,GFP-M-Gext,1,2026-03-09 13:46:39,Cytation5,20260309-round1,8,Sample,1.00000002,0.0,2000.000003,1.555191326,1.799999951,10,24.969,100.0,60.0,50.0,0.0,0.0,2.0,2.0,1.0,1.0,1.0,0.02,2.0,0.3,3.5,0.0,deGFP,1.0,2026-03-09,ext,M,GFP-M-Gext,0.0013837779989796582
0 days 01:20:23,37.0,J11,14507,J,11,GFP-M-Gext,1,2026-03-09 13:51:39,Cytation5,20260309-round1,8,Sample,1.00000002,0.0,2000.000003,1.555191326,1.799999951,10,24.969,100.0,60.0,50.0,0.0,0.0,2.0,2.0,1.0,1.0,1.0,0.02,2.0,0.3,3.5,0.0,deGFP,1.0,2026-03-09,ext,M,GFP-M-Gext,0.0015265754700530725
0 days 01:25:23,37.0,J11,15541,J,11,GFP-M-Gext,1,2026-03-09 13:56:39,Cytation5,20260309-round1,8,Sample,1.00000002,0.0,2000.000003,1.555191326,1.799999951,10,24.969,100.0,60.0,50.0,0.0,0.0,2.0,2.0,1.0,1.0,1.0,0.02,2.0,0.3,3.5,0.0,deGFP,1.0,2026-03-09,ext,M,GFP-M-Gext,0.0016353835651819672
0 days 01:30:23,37.0,J11,16389,J,11,GFP-M-Gext,1,2026-03-09 14:01:39,Cytation5,20260309-round1,8,Sample,1.00000002,0.0,2000.000003,1.555191326,1.799999951,10,24.969,100.0,60.0,50.0,0.0,0.0,2.0,2.0,1.0,1.0,1.0,0.02,2.0,0.3,3.5,0.0,deGFP,1.0,2026-03-09,ext,M,GFP-M-Gext,0.0017246188308195907
0 days 01:35:23,37.0,J11,17196,J,11,GFP-M-Gext,1,2026-03-09 14:06:39,Cytation5,20260309-round1,8,Sample,1.00000002,0.0,2000.000003,1.555191326,1.799999951,10,24.969,100.0,60.0,50.0,0.0,0.0,2.0,2.0,1.0,1.0,1.0,0.02,2.0,0.3,3.5,0.0,deGFP,1.0,2026-03-09,ext,M,GFP-M-Gext,0.0018095396555478482
0 days 01:40:23,37.0,J11,18004,J,11,GFP-M-Gext,1,2026-03-09 14:11:39,Cytation5,20260309-round1,8,Sample,1.00000002,0.0,2000.000003,1.555191326,1.799999951,10,24.969,100.0,60.0,50.0,0.0,0.0,2.0,2.0,1.0,1.0,1.0,0.02,2.0,0.3,3.5,0.0,deGFP,1.0,2026-03-09,ext,M,GFP-M-Gext,0.0018945657105421876
0 days 01:45:23,37.0,J11,18674,J,11,GFP-M-Gext,1,2026-03-09 14:16:39,Cytation5,20260309-round1,8,Sample,1.00000002,0.0,2000.000003,1.555191326,1.799999951,10,24.969,100.0,60.0,50.0,0.0,0.0,2.0,2.0,1.0,1.0,1.0,0.02,2.0,0.3,3.5,0.0,deGFP,1.0,2026-03-09,ext,M,GFP-M-Gext,0.001965069988817197
0 days 01:50:23,37.0,J11,19125,J,11,GFP-M-Gext,1,2026-03-09 14:21:39,Cytation5,20260309-round1,8,Sample,1.00000002,0.0,2000.000003,1.555191326,1.799999951,10,24.969,100.0,60.0,50.0,0.0,0.0,2.0,2.0,1.0,1.0,1.0,0.02,2.0,0.3,3.5,0.0,deGFP,1.0,2026-03-09,ext,M,GFP-M-Gext,0.0020125288388202255
0 days 01:55:23,37.1,J11,19812,J,11,GFP-M-Gext,1,2026-03-09 14:26:39,Cytation5,20260309-round1,8,Sample,1.00000002,0.0,2000.000003,1.555191326,1.799999951,10,24.969,100.0,60.0,50.0,0.0,0.0,2.0,2.0,1.0,1.0,1.0,0.02,2.0,0.3,3.5,0.0,deGFP,1.0,2026-03-09,ext,M,GFP-M-Gext,0.0020848220316186305
0 days 02:00:23,37.0,J11,19929,J,11,GFP-M-Gext,1,2026-03-09 14:31:39,Cytation5,20260309-round1,8,Sample,1.00000002,0.0,2000.000003,1.555191326,1.799999951,10,24.969,100.0,60.0,50.0,0.0,0.0,2.0,2.0,1.0,1.0,1.0,0.02,2.0,0.3,3.5,0.0,deGFP,1.0,2026-03-09,ext,M,GFP-M-Gext,0.0020971339727502364
0 days 02:05:23,37.0,J11,20644,J,11,GFP-M-Gext,1,2026-03-09 14:36:39,Cytation5,20260309-round1,8,Sample,1.00000002,0.0,2000.000003,1.555191326,1.799999951,10,24.969,100.0,60.0,50.0,0.0,0.0,2.0,2.0,1.0,1.0,1.0,0.02,2.0,0.3,3.5,0.0,deGFP,1.0,2026-03-09,ext,M,GFP-M-Gext,0.0021723736129989402
0 days 02:10:23,37.1,J11,20833,J,11,GFP-M-Gext,1,2026-03-09 14:41:39,Cytation5,20260309-round1,8,Sample,1.00000002,0.0,2000.000003,1.555191326,1.799999951,10,24.969,100.0,60.0,50.0,0.0,0.0,2.0,2.0,1.0,1.0,1.0,0.02,2.0,0.3,3.5,0.0,deGFP,1.0,2026-03-09,ext,M,GFP-M-Gext,0.002192262133288458
0 days 02:15:23,37.1,J11,21322,J,11,GFP-M-Gext,1,2026-03-09 14:46:39,Cytation5,20260309-round1,8,Sample,1.00000002,0.0,2000.000003,1.555191326,1.799999951,10,24.969,100.0,60.0,50.0,0.0,0.0,2.0,2.0,1.0,1.0,1.0,0.02,2.0,0.3,3.5,0.0,deGFP,1.0,2026-03-09,ext,M,GFP-M-Gext,0.0022437197334026064
0 days 02:20:23,37.0,J11,21375,J,11,GFP-M-Gext,1,2026-03-09 14:51:39,Cytation5,20260309-round1,8,Sample,1.00000002,0.0,2000.000003,1.555191326,1.799999951,10,24.969,100.0,60.0,50.0,0.0,0.0,2.0,2.0,1.0,1.0,1.0,0.02,2.0,0.3,3.5,0.0,deGFP,1.0,2026-03-09,ext,M,GFP-M-Gext,0.002249296937504958
0 days 02:25:23,37.0,J11,21620,J,11,GFP-M-Gext,1,2026-03-09 14:56:39,Cytation5,20260309-round1,8,Sample,1.00000002,0.0,2000.000003,1.555191326,1.799999951,10,24.969,100.0,60.0,50.0,0.0,0.0,2.0,2.0,1.0,1.0,1.0,0.02,2.0,0.3,3.5,0.0,deGFP,1.0,2026-03-09,ext,M,GFP-M-Gext,0.002275078352695073
0 days 02:30:23,37.0,J11,21610,J,11,GFP-M-Gext,1,2026-03-09 15:01:39,Cytation5,20260309-round1,8,Sample,1.00000002,0.0,2000.000003,1.555191326,1.799999951,10,24.969,100.0,60.0,50.0,0.0,0.0,2.0,2.0,1.0,1.0,1.0,0.02,2.0,0.3,3.5,0.0,deGFP,1.0,2026-03-09,ext,M,GFP-M-Gext,0.002274026050034252
0 days 02:35:23,37.0,J11,21874,J,11,GFP-M-Gext,1,2026-03-09 15:06:39,Cytation5,20260309-round1,8,Sample,1.00000002,0.0,2000.000003,1.555191326,1.799999951,10,24.969,100.0,60.0,50.0,0.0,0.0,2.0,2.0,1.0,1.0,1.0,0.02,2.0,0.3,3.5,0.0,deGFP,1.0,2026-03-09,ext,M,GFP-M-Gext,0.0023018068402799272
0 days 02:40:23,37.0,J11,22012,J,11,GFP-M-Gext,1,2026-03-09 15:11:39,Cytation5,20260309-round1,8,Sample,1.00000002,0.0,2000.000003,1.555191326,1.799999951,10,24.969,100.0,60.0,50.0,0.0,0.0,2.0,2.0,1.0,1.0,1.0,0.02,2.0,0.3,3.5,0.0,deGFP,1.0,2026-03-09,ext,M,GFP-M-Gext,0.0023163286169992576
0 days 02:45:23,37.0,J11,21935,J,11,GFP-M-Gext,1,2026-03-09 15:16:39,Cytation5,20260309-round1,8,Sample,1.00000002,0.0,2000.000003,1.555191326,1.799999951,10,24.969,100.0,60.0,50.0,0.0,0.0,2.0,2.0,1.0,1.0,1.0,0.02,2.0,0.3,3.5,0.0,deGFP,1.0,2026-03-09,ext,M,GFP-M-Gext,0.0023082258865109355
0 days 02:50:23,37.0,J11,22025,J,11,GFP-M-Gext,1,2026-03-09 15:21:39,Cytation5,20260309-round1,8,Sample,1.00000002,0.0,2000.000003,1.555191326,1.799999951,10,24.969,100.0,60.0,50.0,0.0,0.0,2.0,2.0,1.0,1.0,1.0,0.02,2.0,0.3,3.5,0.0,deGFP,1.0,2026-03-09,ext,M,GFP-M-Gext,0.0023176966104583247
0 days 02:55:23,37.0,J11,21859,J,11,GFP-M-Gext,1,2026-03-09 15:26:39,Cytation5,20260309-round1,8,Sample,1.00000002,0.0,2000.000003,1.555191326,1.799999951,10,24.969,100.0,60.0,50.0,0.0,0.0,2.0,2.0,1.0,1.0,1.0,0.02,2.0,0.3,3.5,0.0,deGFP,1.0,2026-03-09,ext,M,GFP-M-Gext,0.0023002283862886956
0 days 03:00:23,36.9,J11,21806,J,11,GFP-M-Gext,1,2026-03-09 15:31:39,Cytation5,20260309-round1,8,Sample,1.00000002,0.0,2000.000003,1.555191326,1.799999951,10,24.969,100.0,60.0,50.0,0.0,0.0,2.0,2.0,1.0,1.0,1.0,0.02,2.0,0.3,3.5,0.0,deGFP,1.0,2026-03-09,ext,M,GFP-M-Gext,0.002294651182186344
0 days 03:05:23,37.0,J11,22046,J,11,GFP-M-Gext,1,2026-03-09 15:36:39,Cytation5,20260309-round1,8,Sample,1.00000002,0.0,2000.000003,1.555191326,1.799999951,10,24.969,100.0,60.0,50.0,0.0,0.0,2.0,2.0,1.0,1.0,1.0,0.02,2.0,0.3,3.5,0.0,deGFP,1.0,2026-03-09,ext,M,GFP-M-Gext,0.002319906446046049
0 days 03:10:23,37.0,J11,22185,J,11,GFP-M-Gext,1,2026-03-09 15:41:39,Cytation5,20260309-round1,8,Sample,1.00000002,0.0,2000.000003,1.555191326,1.799999951,10,24.969,100.0,60.0,50.0,0.0,0.0,2.0,2.0,1.0,1.0,1.0,0.02,2.0,0.3,3.5,0.0,deGFP,1.0,2026-03-09,ext,M,GFP-M-Gext,0.0023345334530314615
0 days 03:15:23,37.0,J11,22046,J,11,GFP-M-Gext,1,2026-03-09 15:46:39,Cytation5,20260309-round1,8,Sample,1.00000002,0.0,2000.000003,1.555191326,1.799999951,10,24.969,100.0,60.0,50.0,0.0,0.0,2.0,2.0,1.0,1.0,1.0,0.02,2.0,0.3,3.5,0.0,deGFP,1.0,2026-03-09,ext,M,GFP-M-Gext,0.002319906446046049
0 days 03:20:23,37.0,J11,22058,J,11,GFP-M-Gext,1,2026-03-09 15:51:39,Cytation5,20260309-round1,8,Sample,1.00000002,0.0,2000.000003,1.555191326,1.799999951,10,24.969,100.0,60.0,50.0,0.0,0.0,2.0,2.0,1.0,1.0,1.0,0.02,2.0,0.3,3.5,0.0,deGFP,1.0,2026-03-09,ext,M,GFP-M-Gext,0.002321169209239034
0 days 03:25:23,37.0,J11,22131,J,11,GFP-M-Gext,1,2026-03-09 15:56:39,Cytation5,20260309-round1,8,Sample,1.00000002,0.0,2000.000003,1.555191326,1.799999951,10,24.969,100.0,60.0,50.0,0.0,0.0,2.0,2.0,1.0,1.0,1.0,0.02,2.0,0.3,3.5,0.0,deGFP,1.0,2026-03-09,ext,M,GFP-M-Gext,0.002328851018663028
0 days 03:30:23,37.0,J11,22263,J,11,GFP-M-Gext,1,2026-03-09 16:01:39,Cytation5,20260309-round1,8,Sample,1.00000002,0.0,2000.000003,1.555191326,1.799999951,10,24.969,100.0,60.0,50.0,0.0,0.0,2.0,2.0,1.0,1.0,1.0,0.02,2.0,0.3,3.5,0.0,deGFP,1.0,2026-03-09,ext,M,GFP-M-Gext,0.0023427414137858656
0 days 03:35:23,37.0,J11,21907,J,11,GFP-M-Gext,1,2026-03-09 16:06:39,Cytation5,20260309-round1,8,Sample,1.00000002,0.0,2000.000003,1.555191326,1.799999951,10,24.969,100.0,60.0,50.0,0.0,0.0,2.0,2.0,1.0,1.0,1.0,0.02,2.0,0.3,3.5,0.0,deGFP,1.0,2026-03-09,ext,M,GFP-M-Gext,0.0023052794390606367
0 days 03:40:23,37.1,J11,22111,J,11,GFP-M-Gext,1,2026-03-09 16:11:39,Cytation5,20260309-round1,8,Sample,1.00000002,0.0,2000.000003,1.555191326,1.799999951,10,24.969,100.0,60.0,50.0,0.0,0.0,2.0,2.0,1.0,1.0,1.0,0.02,2.0,0.3,3.5,0.0,deGFP,1.0,2026-03-09,ext,M,GFP-M-Gext,0.0023267464133413856
0 days 03:45:23,37.0,J11,22126,J,11,GFP-M-Gext,1,2026-03-09 16:16:39,Cytation5,20260309-round1,8,Sample,1.00000002,0.0,2000.000003,1.555191326,1.799999951,10,24.969,100.0,60.0,50.0,0.0,0.0,2.0,2.0,1.0,1.0,1.0,0.02,2.0,0.3,3.5,0.0,deGFP,1.0,2026-03-09,ext,M,GFP-M-Gext,0.0023283248673326173
0 days 03:50:23,37.0,J11,22028,J,11,GFP-M-Gext,1,2026-03-09 16:21:39,Cytation5,20260309-round1,8,Sample,1.00000002,0.0,2000.000003,1.555191326,1.799999951,10,24.969,100.0,60.0,50.0,0.0,0.0,2.0,2.0,1.0,1.0,1.0,0.02,2.0,0.3,3.5,0.0,deGFP,1.0,2026-03-09,ext,M,GFP-M-Gext,0.0023180123012565713
0 days 03:55:23,37.0,J11,22099,J,11,GFP-M-Gext,1,2026-03-09 16:26:39,Cytation5,20260309-round1,8,Sample,1.00000002,0.0,2000.000003,1.555191326,1.799999951,10,24.969,100.0,60.0,50.0,0.0,0.0,2.0,2.0,1.0,1.0,1.0,0.02,2.0,0.3,3.5,0.0,deGFP,1.0,2026-03-09,ext,M,GFP-M-Gext,0.0023254836501484005
0 days 04:00:23,37.0,J11,22274,J,11,GFP-M-Gext,1,2026-03-09 16:31:39,Cytation5,20260309-round1,8,Sample,1.00000002,0.0,2000.000003,1.555191326,1.799999951,10,24.969,100.0,60.0,50.0,0.0,0.0,2.0,2.0,1.0,1.0,1.0,0.02,2.0,0.3,3.5,0.0,deGFP,1.0,2026-03-09,ext,M,GFP-M-Gext,0.0023438989467127686
0 days 04:05:23,37.1,J11,22115,J,11,GFP-M-Gext,1,2026-03-09 16:36:39,Cytation5,20260309-round1,8,Sample,1.00000002,0.0,2000.000003,1.555191326,1.799999951,10,24.969,100.0,60.0,50.0,0.0,0.0,2.0,2.0,1.0,1.0,1.0,0.02,2.0,0.3,3.5,0.0,deGFP,1.0,2026-03-09,ext,M,GFP-M-Gext,0.0023271673344057143
0 days 04:10:23,37.1,J11,22295,J,11,GFP-M-Gext,1,2026-03-09 16:41:39,Cytation5,20260309-round1,8,Sample,1.00000002,0.0,2000.000003,1.555191326,1.799999951,10,24.969,100.0,60.0,50.0,0.0,0.0,2.0,2.0,1.0,1.0,1.0,0.02,2.0,0.3,3.5,0.0,deGFP,1.0,2026-03-09,ext,M,GFP-M-Gext,0.0023461087823004926
0 days 04:15:23,37.0,J11,22288,J,11,GFP-M-Gext,1,2026-03-09 16:46:39,Cytation5,20260309-round1,8,Sample,1.00000002,0.0,2000.000003,1.555191326,1.799999951,10,24.969,100.0,60.0,50.0,0.0,0.0,2.0,2.0,1.0,1.0,1.0,0.02,2.0,0.3,3.5,0.0,deGFP,1.0,2026-03-09,ext,M,GFP-M-Gext,0.002345372170437918
0 days 04:20:23,37.0,J11,22320,J,11,GFP-M-Gext,1,2026-03-09 16:51:39,Cytation5,20260309-round1,8,Sample,1.00000002,0.0,2000.000003,1.555191326,1.799999951,10,24.969,100.0,60.0,50.0,0.0,0.0,2.0,2.0,1.0,1.0,1.0,0.02,2.0,0.3,3.5,0.0,deGFP,1.0,2026-03-09,ext,M,GFP-M-Gext,0.002348739538952545
0 days 04:25:23,37.0,J11,22355,J,11,GFP-M-Gext,1,2026-03-09 16:56:39,Cytation5,20260309-round1,8,Sample,1.00000002,0.0,2000.000003,1.555191326,1.799999951,10,24.969,100.0,60.0,50.0,0.0,0.0,2.0,2.0,1.0,1.0,1.0,0.02,2.0,0.3,3.5,0.0,deGFP,1.0,2026-03-09,ext,M,GFP-M-Gext,0.002352422598265419
0 days 04:30:23,37.1,J11,22193,J,11,GFP-M-Gext,1,2026-03-09 17:01:39,Cytation5,20260309-round1,8,Sample,1.00000002,0.0,2000.000003,1.555191326,1.799999951,10,24.969,100.0,60.0,50.0,0.0,0.0,2.0,2.0,1.0,1.0,1.0,0.02,2.0,0.3,3.5,0.0,deGFP,1.0,2026-03-09,ext,M,GFP-M-Gext,0.0023353752951601183
0 days 04:35:23,37.0,J11,22257,J,11,GFP-M-Gext,1,2026-03-09 17:06:39,Cytation5,20260309-round1,8,Sample,1.00000002,0.0,2000.000003,1.555191326,1.799999951,10,24.969,100.0,60.0,50.0,0.0,0.0,2.0,2.0,1.0,1.0,1.0,0.02,2.0,0.3,3.5,0.0,deGFP,1.0,2026-03-09,ext,M,GFP-M-Gext,0.002342110032189373
0 days 04:40:23,37.0,J11,21958,J,11,GFP-M-Gext,1,2026-03-09 17:11:39,Cytation5,20260309-round1,8,Sample,1.00000002,0.0,2000.000003,1.555191326,1.799999951,10,24.969,100.0,60.0,50.0,0.0,0.0,2.0,2.0,1.0,1.0,1.0,0.02,2.0,0.3,3.5,0.0,deGFP,1.0,2026-03-09,ext,M,GFP-M-Gext,0.002310646182630824
0 days 04:45:23,37.0,J11,22244,J,11,GFP-M-Gext,1,2026-03-09 17:16:39,Cytation5,20260309-round1,8,Sample,1.00000002,0.0,2000.000003,1.555191326,1.799999951,10,24.969,100.0,60.0,50.0,0.0,0.0,2.0,2.0,1.0,1.0,1.0,0.02,2.0,0.3,3.5,0.0,deGFP,1.0,2026-03-09,ext,M,GFP-M-Gext,0.0023407420387303057
0 days 04:50:23,37.1,J11,22338,J,11,GFP-M-Gext,1,2026-03-09 17:21:39,Cytation5,20260309-round1,8,Sample,1.00000002,0.0,2000.000003,1.555191326,1.799999951,10,24.969,100.0,60.0,50.0,0.0,0.0,2.0,2.0,1.0,1.0,1.0,0.02,2.0,0.3,3.5,0.0,deGFP,1.0,2026-03-09,ext,M,GFP-M-Gext,0.002350633683742023
0 days 04:55:23,37.1,J11,22263,J,11,GFP-M-Gext,1,2026-03-09 17:26:39,Cytation5,20260309-round1,8,Sample,1.00000002,0.0,2000.000003,1.555191326,1.799999951,10,24.969,100.0,60.0,50.0,0.0,0.0,2.0,2.0,1.0,1.0,1.0,0.02,2.0,0.3,3.5,0.0,deGFP,1.0,2026-03-09,ext,M,GFP-M-Gext,0.0023427414137858656
0 days 05:00:23,37.1,J11,22193,J,11,GFP-M-Gext,1,2026-03-09 17:31:39,Cytation5,20260309-round1,8,Sample,1.00000002,0.0,2000.000003,1.555191326,1.799999951,10,24.969,100.0,60.0,50.0,0.0,0.0,2.0,2.0,1.0,1.0,1.0,0.02,2.0,0.3,3.5,0.0,deGFP,1.0,2026-03-09,ext,M,GFP-M-Gext,0.0023353752951601183
0 days 05:05:23,37.0,J11,22331,J,11,GFP-M-Gext,1,2026-03-09 17:36:39,Cytation5,20260309-round1,8,Sample,1.00000002,0.0,2000.000003,1.555191326,1.799999951,10,24.969,100.0,60.0,50.0,0.0,0.0,2.0,2.0,1.0,1.0,1.0,0.02,2.0,0.3,3.5,0.0,deGFP,1.0,2026-03-09,ext,M,GFP-M-Gext,0.0023498970718794487
0 days 05:10:23,37.0,J11,22316,J,11,GFP-M-Gext,1,2026-03-09 17:41:39,Cytation5,20260309-round1,8,Sample,1.00000002,0.0,2000.000003,1.555191326,1.799999951,10,24.969,100.0,60.0,50.0,0.0,0.0,2.0,2.0,1.0,1.0,1.0,0.02,2.0,0.3,3.5,0.0,deGFP,1.0,2026-03-09,ext,M,GFP-M-Gext,0.002348318617888217
0 days 05:15:23,37.0,J11,22141,J,11,GFP-M-Gext,1,2026-03-09 17:46:39,Cytation5,20260309-round1,8,Sample,1.00000002,0.0,2000.000003,1.555191326,1.799999951,10,24.969,100.0,60.0,50.0,0.0,0.0,2.0,2.0,1.0,1.0,1.0,0.02,2.0,0.3,3.5,0.0,deGFP,1.0,2026-03-09,ext,M,GFP-M-Gext,0.002329903321323849
0 days 05:20:23,37.0,J11,22246,J,11,GFP-M-Gext,1,2026-03-09 17:51:39,Cytation5,20260309-round1,8,Sample,1.00000002,0.0,2000.000003,1.555191326,1.799999951,10,24.969,100.0,60.0,50.0,0.0,0.0,2.0,2.0,1.0,1.0,1.0,0.02,2.0,0.3,3.5,0.0,deGFP,1.0,2026-03-09,ext,M,GFP-M-Gext,0.00234095249926247
0 days 05:25:23,37.1,J11,22235,J,11,GFP-M-Gext,1,2026-03-09 17:56:39,Cytation5,20260309-round1,8,Sample,1.00000002,0.0,2000.000003,1.555191326,1.799999951,10,24.969,100.0,60.0,50.0,0.0,0.0,2.0,2.0,1.0,1.0,1.0,0.02,2.0,0.3,3.5,0.0,deGFP,1.0,2026-03-09,ext,M,GFP-M-Gext,0.0023397949663355668
0 days 05:30:23,37.1,J11,22067,J,11,GFP-M-Gext,1,2026-03-09 18:01:39,Cytation5,20260309-round1,8,Sample,1.00000002,0.0,2000.000003,1.555191326,1.799999951,10,24.969,100.0,60.0,50.0,0.0,0.0,2.0,2.0,1.0,1.0,1.0,0.02,2.0,0.3,3.5,0.0,deGFP,1.0,2026-03-09,ext,M,GFP-M-Gext,0.002322116281633773
0 days 05:35:23,37.1,J11,22291,J,11,GFP-M-Gext,1,2026-03-09 18:06:39,Cytation5,20260309-round1,8,Sample,1.00000002,0.0,2000.000003,1.555191326,1.799999951,10,24.969,100.0,60.0,50.0,0.0,0.0,2.0,2.0,1.0,1.0,1.0,0.02,2.0,0.3,3.5,0.0,deGFP,1.0,2026-03-09,ext,M,GFP-M-Gext,0.0023456878612361644
0 days 05:40:23,37.0,J11,22220,J,11,GFP-M-Gext,1,2026-03-09 18:11:39,Cytation5,20260309-round1,8,Sample,1.00000002,0.0,2000.000003,1.555191326,1.799999951,10,24.969,100.0,60.0,50.0,0.0,0.0,2.0,2.0,1.0,1.0,1.0,0.02,2.0,0.3,3.5,0.0,deGFP,1.0,2026-03-09,ext,M,GFP-M-Gext,0.002338216512344335
0 days 05:45:23,37.0,J11,22495,J,11,GFP-M-Gext,1,2026-03-09 18:16:39,Cytation5,20260309-round1,8,Sample,1.00000002,0.0,2000.000003,1.555191326,1.799999951,10,24.969,100.0,60.0,50.0,0.0,0.0,2.0,2.0,1.0,1.0,1.0,0.02,2.0,0.3,3.5,0.0,deGFP,1.0,2026-03-09,ext,M,GFP-M-Gext,0.0023671548355169133
0 days 05:50:23,37.0,J11,22253,J,11,GFP-M-Gext,1,2026-03-09 18:21:39,Cytation5,20260309-round1,8,Sample,1.00000002,0.0,2000.000003,1.555191326,1.799999951,10,24.969,100.0,60.0,50.0,0.0,0.0,2.0,2.0,1.0,1.0,1.0,0.02,2.0,0.3,3.5,0.0,deGFP,1.0,2026-03-09,ext,M,GFP-M-Gext,0.0023416891111250446
0 days 05:55:23,37.0,J11,22558,J,11,GFP-M-Gext,1,2026-03-09 18:26:39,Cytation5,20260309-round1,8,Sample,1.00000002,0.0,2000.000003,1.555191326,1.799999951,10,24.969,100.0,60.0,50.0,0.0,0.0,2.0,2.0,1.0,1.0,1.0,0.02,2.0,0.3,3.5,0.0,deGFP,1.0,2026-03-09,ext,M,GFP-M-Gext,0.002373784342280086
0 days 06:00:23,37.1,J11,22175,J,11,GFP-M-Gext,1,2026-03-09 18:31:39,Cytation5,20260309-round1,8,Sample,1.00000002,0.0,2000.000003,1.555191326,1.799999951,10,24.969,100.0,60.0,50.0,0.0,0.0,2.0,2.0,1.0,1.0,1.0,0.02,2.0,0.3,3.5,0.0,deGFP,1.0,2026-03-09,ext,M,GFP-M-Gext,0.0023334811503706405
0 days 00:00:23,28.9,J12,403,J,12,GFP-M-Gext,1,2026-03-09 12:31:39,Cytation5,20260309-round1,9,Sample,1.00000002,0.0,2000.000003,2.030823266,1.799999951,10,17.469,100.0,175.0,50.0,0.0,0.0,2.0,2.0,1.0,1.0,1.0,0.02,2.0,0.3,3.5,0.0,deGFP,1.0,2026-03-09,ext,M,GFP-M-Gext,4.2407797231087626e-05
0 days 00:05:23,34.5,J12,337,J,12,GFP-M-Gext,1,2026-03-09 12:36:39,Cytation5,20260309-round1,9,Sample,1.00000002,0.0,2000.000003,2.030823266,1.799999951,10,17.469,100.0,175.0,50.0,0.0,0.0,2.0,2.0,1.0,1.0,1.0,0.02,2.0,0.3,3.5,0.0,deGFP,1.0,2026-03-09,ext,M,GFP-M-Gext,3.546259966966881e-05
0 days 00:10:23,37.0,J12,492,J,12,GFP-M-Gext,1,2026-03-09 12:41:39,Cytation5,20260309-round1,9,Sample,1.00000002,0.0,2000.000003,2.030823266,1.799999951,10,17.469,100.0,175.0,50.0,0.0,0.0,2.0,2.0,1.0,1.0,1.0,0.02,2.0,0.3,3.5,0.0,deGFP,1.0,2026-03-09,ext,M,GFP-M-Gext,5.1773290912394814e-05
0 days 00:15:23,37.0,J12,1569,J,12,GFP-M-Gext,1,2026-03-09 12:46:39,Cytation5,20260309-round1,9,Sample,1.00000002,0.0,2000.000003,2.030823266,1.799999951,10,17.469,100.0,175.0,50.0,0.0,0.0,2.0,2.0,1.0,1.0,1.0,0.02,2.0,0.3,3.5,0.0,deGFP,1.0,2026-03-09,ext,M,GFP-M-Gext,0.00016510628748282006
0 days 00:20:23,37.0,J12,4352,J,12,GFP-M-Gext,1,2026-03-09 12:51:39,Cytation5,20260309-round1,9,Sample,1.00000002,0.0,2000.000003,2.030823266,1.799999951,10,17.469,100.0,175.0,50.0,0.0,0.0,2.0,2.0,1.0,1.0,1.0,0.02,2.0,0.3,3.5,0.0,deGFP,1.0,2026-03-09,ext,M,GFP-M-Gext,0.0004579621179893135
0 days 00:25:23,37.0,J12,8899,J,12,GFP-M-Gext,1,2026-03-09 12:56:39,Cytation5,20260309-round1,9,Sample,1.00000002,0.0,2000.000003,2.030823266,1.799999951,10,17.469,100.0,175.0,50.0,0.0,0.0,2.0,2.0,1.0,1.0,1.0,0.02,2.0,0.3,3.5,0.0,deGFP,1.0,2026-03-09,ext,M,GFP-M-Gext,0.0009364441378646372
0 days 00:30:23,37.0,J12,14243,J,12,GFP-M-Gext,1,2026-03-09 13:01:39,Cytation5,20260309-round1,9,Sample,1.00000002,0.0,2000.000003,2.030823266,1.799999951,10,17.469,100.0,175.0,50.0,0.0,0.0,2.0,2.0,1.0,1.0,1.0,0.02,2.0,0.3,3.5,0.0,deGFP,1.0,2026-03-09,ext,M,GFP-M-Gext,0.0014987946798073971
0 days 00:35:23,37.0,J12,20318,J,12,GFP-M-Gext,1,2026-03-09 13:06:39,Cytation5,20260309-round1,9,Sample,1.00000002,0.0,2000.000003,2.030823266,1.799999951,10,17.469,100.0,175.0,50.0,0.0,0.0,2.0,2.0,1.0,1.0,1.0,0.02,2.0,0.3,3.5,0.0,deGFP,1.0,2026-03-09,ext,M,GFP-M-Gext,0.0021380685462561748
0 days 00:40:23,37.0,J12,26107,J,12,GFP-M-Gext,1,2026-03-09 13:11:39,Cytation5,20260309-round1,9,Sample,1.00000002,0.0,2000.000003,2.030823266,1.799999951,10,17.469,100.0,175.0,50.0,0.0,0.0,2.0,2.0,1.0,1.0,1.0,0.02,2.0,0.3,3.5,0.0,deGFP,1.0,2026-03-09,ext,M,GFP-M-Gext,0.0027472465566054705
0 days 00:45:23,37.1,J12,32736,J,12,GFP-M-Gext,1,2026-03-09 13:16:39,Cytation5,20260309-round1,9,Sample,1.00000002,0.0,2000.000003,2.030823266,1.799999951,10,17.469,100.0,175.0,50.0,0.0,0.0,2.0,2.0,1.0,1.0,1.0,0.02,2.0,0.3,3.5,0.0,deGFP,1.0,2026-03-09,ext,M,GFP-M-Gext,0.0034448179904637334
0 days 00:50:23,37.0,J12,39206,J,12,GFP-M-Gext,1,2026-03-09 13:21:39,Cytation5,20260309-round1,9,Sample,1.00000002,0.0,2000.000003,2.030823266,1.799999951,10,17.469,100.0,175.0,50.0,0.0,0.0,2.0,2.0,1.0,1.0,1.0,0.02,2.0,0.3,3.5,0.0,deGFP,1.0,2026-03-09,ext,M,GFP-M-Gext,0.004125657812014942
0 days 00:55:23,37.0,J12,45683,J,12,GFP-M-Gext,1,2026-03-09 13:26:39,Cytation5,20260309-round1,9,Sample,1.00000002,0.0,2000.000003,2.030823266,1.799999951,10,17.469,100.0,175.0,50.0,0.0,0.0,2.0,2.0,1.0,1.0,1.0,0.02,2.0,0.3,3.5,0.0,deGFP,1.0,2026-03-09,ext,M,GFP-M-Gext,0.004807234245428725
0 days 01:00:23,37.0,J12,51816,J,12,GFP-M-Gext,1,2026-03-09 13:31:39,Cytation5,20260309-round1,9,Sample,1.00000002,0.0,2000.000003,2.030823266,1.799999951,10,17.469,100.0,175.0,50.0,0.0,0.0,2.0,2.0,1.0,1.0,1.0,0.02,2.0,0.3,3.5,0.0,deGFP,1.0,2026-03-09,ext,M,GFP-M-Gext,0.005452611467310264
0 days 01:05:23,37.0,J12,58226,J,12,GFP-M-Gext,1,2026-03-09 13:36:39,Cytation5,20260309-round1,9,Sample,1.00000002,0.0,2000.000003,2.030823266,1.799999951,10,17.469,100.0,175.0,50.0,0.0,0.0,2.0,2.0,1.0,1.0,1.0,0.02,2.0,0.3,3.5,0.0,deGFP,1.0,2026-03-09,ext,M,GFP-M-Gext,0.006127137472896546
0 days 01:10:23,37.0,J12,64562,J,12,GFP-M-Gext,1,2026-03-09 13:41:39,Cytation5,20260309-round1,9,Sample,1.00000002,0.0,2000.000003,2.030823266,1.799999951,10,17.469,100.0,175.0,50.0,0.0,0.0,2.0,2.0,1.0,1.0,1.0,0.02,2.0,0.3,3.5,0.0,deGFP,1.0,2026-03-09,ext,M,GFP-M-Gext,0.006793876438792752
0 days 01:15:23,37.1,J12,69738,J,12,GFP-M-Gext,1,2026-03-09 13:46:39,Cytation5,20260309-round1,9,Sample,1.00000002,0.0,2000.000003,2.030823266,1.799999951,10,17.469,100.0,175.0,50.0,0.0,0.0,2.0,2.0,1.0,1.0,1.0,0.02,2.0,0.3,3.5,0.0,deGFP,1.0,2026-03-09,ext,M,GFP-M-Gext,0.007338548296033719
0 days 01:20:23,37.0,J12,74667,J,12,GFP-M-Gext,1,2026-03-09 13:51:39,Cytation5,20260309-round1,9,Sample,1.00000002,0.0,2000.000003,2.030823266,1.799999951,10,17.469,100.0,175.0,50.0,0.0,0.0,2.0,2.0,1.0,1.0,1.0,0.02,2.0,0.3,3.5,0.0,deGFP,1.0,2026-03-09,ext,M,GFP-M-Gext,0.007857228277552405
0 days 01:25:23,37.0,J12,80063,J,12,GFP-M-Gext,1,2026-03-09 13:56:39,Cytation5,20260309-round1,9,Sample,1.00000002,0.0,2000.000003,2.030823266,1.799999951,10,17.469,100.0,175.0,50.0,0.0,0.0,2.0,2.0,1.0,1.0,1.0,0.02,2.0,0.3,3.5,0.0,deGFP,1.0,2026-03-09,ext,M,GFP-M-Gext,0.008425050793331435
0 days 01:30:23,37.0,J12,84225,J,12,GFP-M-Gext,1,2026-03-09 14:01:39,Cytation5,20260309-round1,9,Sample,1.00000002,0.0,2000.000003,2.030823266,1.799999951,10,17.469,100.0,175.0,50.0,0.0,0.0,2.0,2.0,1.0,1.0,1.0,0.02,2.0,0.3,3.5,0.0,deGFP,1.0,2026-03-09,ext,M,GFP-M-Gext,0.00886301916076515
0 days 01:35:23,37.0,J12,87890,J,12,GFP-M-Gext,1,2026-03-09 14:06:39,Cytation5,20260309-round1,9,Sample,1.00000002,0.0,2000.000003,2.030823266,1.799999951,10,17.469,100.0,175.0,50.0,0.0,0.0,2.0,2.0,1.0,1.0,1.0,0.02,2.0,0.3,3.5,0.0,deGFP,1.0,2026-03-09,ext,M,GFP-M-Gext,0.009248688085956058
0 days 01:40:23,37.0,J12,91159,J,12,GFP-M-Gext,1,2026-03-09 14:11:39,Cytation5,20260309-round1,9,Sample,1.00000002,0.0,2000.000003,2.030823266,1.799999951,10,17.469,100.0,175.0,50.0,0.0,0.0,2.0,2.0,1.0,1.0,1.0,0.02,2.0,0.3,3.5,0.0,deGFP,1.0,2026-03-09,ext,M,GFP-M-Gext,0.009592685825778453
0 days 01:45:23,37.0,J12,93372,J,12,GFP-M-Gext,1,2026-03-09 14:16:39,Cytation5,20260309-round1,9,Sample,1.00000002,0.0,2000.000003,2.030823266,1.799999951,10,17.469,100.0,175.0,50.0,0.0,0.0,2.0,2.0,1.0,1.0,1.0,0.02,2.0,0.3,3.5,0.0,deGFP,1.0,2026-03-09,ext,M,GFP-M-Gext,0.009825560404618149
0 days 01:50:23,37.0,J12,96033,J,12,GFP-M-Gext,1,2026-03-09 14:21:39,Cytation5,20260309-round1,9,Sample,1.00000002,0.0,2000.000003,2.030823266,1.799999951,10,17.469,100.0,175.0,50.0,0.0,0.0,2.0,2.0,1.0,1.0,1.0,0.02,2.0,0.3,3.5,0.0,deGFP,1.0,2026-03-09,ext,M,GFP-M-Gext,0.010105578142662625
0 days 01:55:23,37.1,J12,97406,J,12,GFP-M-Gext,1,2026-03-09 14:26:39,Cytation5,20260309-round1,9,Sample,1.00000002,0.0,2000.000003,2.030823266,1.799999951,10,17.469,100.0,175.0,50.0,0.0,0.0,2.0,2.0,1.0,1.0,1.0,0.02,2.0,0.3,3.5,0.0,deGFP,1.0,2026-03-09,ext,M,GFP-M-Gext,0.010250059297993353
0 days 02:00:23,37.0,J12,98975,J,12,GFP-M-Gext,1,2026-03-09 14:31:39,Cytation5,20260309-round1,9,Sample,1.00000002,0.0,2000.000003,2.030823266,1.799999951,10,17.469,100.0,175.0,50.0,0.0,0.0,2.0,2.0,1.0,1.0,1.0,0.02,2.0,0.3,3.5,0.0,deGFP,1.0,2026-03-09,ext,M,GFP-M-Gext,0.010415165585476173
0 days 02:05:23,37.0,J12,100016,J,12,GFP-M-Gext,1,2026-03-09 14:36:39,Cytation5,20260309-round1,9,Sample,1.00000002,0.0,2000.000003,2.030823266,1.799999951,10,17.469,100.0,175.0,50.0,0.0,0.0,2.0,2.0,1.0,1.0,1.0,0.02,2.0,0.3,3.5,0.0,deGFP,1.0,2026-03-09,ext,M,GFP-M-Gext,0.010524710292467642
0 days 02:10:23,37.1,J12,100894,J,12,GFP-M-Gext,1,2026-03-09 14:41:39,Cytation5,20260309-round1,9,Sample,1.00000002,0.0,2000.000003,2.030823266,1.799999951,10,17.469,100.0,175.0,50.0,0.0,0.0,2.0,2.0,1.0,1.0,1.0,0.02,2.0,0.3,3.5,0.0,deGFP,1.0,2026-03-09,ext,M,GFP-M-Gext,0.010617102466087729
0 days 02:15:23,37.1,J12,101655,J,12,GFP-M-Gext,1,2026-03-09 14:46:39,Cytation5,20260309-round1,9,Sample,1.00000002,0.0,2000.000003,2.030823266,1.799999951,10,17.469,100.0,175.0,50.0,0.0,0.0,2.0,2.0,1.0,1.0,1.0,0.02,2.0,0.3,3.5,0.0,deGFP,1.0,2026-03-09,ext,M,GFP-M-Gext,0.01069718269857621
0 days 02:20:23,37.0,J12,102034,J,12,GFP-M-Gext,1,2026-03-09 14:51:39,Cytation5,20260309-round1,9,Sample,1.00000002,0.0,2000.000003,2.030823266,1.799999951,10,17.469,100.0,175.0,50.0,0.0,0.0,2.0,2.0,1.0,1.0,1.0,0.02,2.0,0.3,3.5,0.0,deGFP,1.0,2026-03-09,ext,M,GFP-M-Gext,0.010737064969421327
0 days 02:25:23,37.0,J12,102630,J,12,GFP-M-Gext,1,2026-03-09 14:56:39,Cytation5,20260309-round1,9,Sample,1.00000002,0.0,2000.000003,2.030823266,1.799999951,10,17.469,100.0,175.0,50.0,0.0,0.0,2.0,2.0,1.0,1.0,1.0,0.02,2.0,0.3,3.5,0.0,deGFP,1.0,2026-03-09,ext,M,GFP-M-Gext,0.01079978220800626
0 days 02:30:23,37.0,J12,102496,J,12,GFP-M-Gext,1,2026-03-09 15:01:39,Cytation5,20260309-round1,9,Sample,1.00000002,0.0,2000.000003,2.030823266,1.799999951,10,17.469,100.0,175.0,50.0,0.0,0.0,2.0,2.0,1.0,1.0,1.0,0.02,2.0,0.3,3.5,0.0,deGFP,1.0,2026-03-09,ext,M,GFP-M-Gext,0.010785681352351258
0 days 02:35:23,37.0,J12,103018,J,12,GFP-M-Gext,1,2026-03-09 15:06:39,Cytation5,20260309-round1,9,Sample,1.00000002,0.0,2000.000003,2.030823266,1.799999951,10,17.469,100.0,175.0,50.0,0.0,0.0,2.0,2.0,1.0,1.0,1.0,0.02,2.0,0.3,3.5,0.0,deGFP,1.0,2026-03-09,ext,M,GFP-M-Gext,0.010840611551246116
0 days 02:40:23,37.0,J12,102509,J,12,GFP-M-Gext,1,2026-03-09 15:11:39,Cytation5,20260309-round1,9,Sample,1.00000002,0.0,2000.000003,2.030823266,1.799999951,10,17.469,100.0,175.0,50.0,0.0,0.0,2.0,2.0,1.0,1.0,1.0,0.02,2.0,0.3,3.5,0.0,deGFP,1.0,2026-03-09,ext,M,GFP-M-Gext,0.010787049345810326
0 days 02:45:23,37.0,J12,102240,J,12,GFP-M-Gext,1,2026-03-09 15:16:39,Cytation5,20260309-round1,9,Sample,1.00000002,0.0,2000.000003,2.030823266,1.799999951,10,17.469,100.0,175.0,50.0,0.0,0.0,2.0,2.0,1.0,1.0,1.0,0.02,2.0,0.3,3.5,0.0,deGFP,1.0,2026-03-09,ext,M,GFP-M-Gext,0.01075874240423424
0 days 02:50:23,37.0,J12,103194,J,12,GFP-M-Gext,1,2026-03-09 15:21:39,Cytation5,20260309-round1,9,Sample,1.00000002,0.0,2000.000003,2.030823266,1.799999951,10,17.469,100.0,175.0,50.0,0.0,0.0,2.0,2.0,1.0,1.0,1.0,0.02,2.0,0.3,3.5,0.0,deGFP,1.0,2026-03-09,ext,M,GFP-M-Gext,0.010859132078076567
0 days 02:55:23,37.0,J12,102980,J,12,GFP-M-Gext,1,2026-03-09 15:26:39,Cytation5,20260309-round1,9,Sample,1.00000002,0.0,2000.000003,2.030823266,1.799999951,10,17.469,100.0,175.0,50.0,0.0,0.0,2.0,2.0,1.0,1.0,1.0,0.02,2.0,0.3,3.5,0.0,deGFP,1.0,2026-03-09,ext,M,GFP-M-Gext,0.010836612801134996
0 days 03:00:23,36.9,J12,102518,J,12,GFP-M-Gext,1,2026-03-09 15:31:39,Cytation5,20260309-round1,9,Sample,1.00000002,0.0,2000.000003,2.030823266,1.799999951,10,17.469,100.0,175.0,50.0,0.0,0.0,2.0,2.0,1.0,1.0,1.0,0.02,2.0,0.3,3.5,0.0,deGFP,1.0,2026-03-09,ext,M,GFP-M-Gext,0.010787996418205065
0 days 03:05:23,37.0,J12,102491,J,12,GFP-M-Gext,1,2026-03-09 15:36:39,Cytation5,20260309-round1,9,Sample,1.00000002,0.0,2000.000003,2.030823266,1.799999951,10,17.469,100.0,175.0,50.0,0.0,0.0,2.0,2.0,1.0,1.0,1.0,0.02,2.0,0.3,3.5,0.0,deGFP,1.0,2026-03-09,ext,M,GFP-M-Gext,0.010785155201020849
0 days 03:10:23,37.0,J12,101601,J,12,GFP-M-Gext,1,2026-03-09 15:41:39,Cytation5,20260309-round1,9,Sample,1.00000002,0.0,2000.000003,2.030823266,1.799999951,10,17.469,100.0,175.0,50.0,0.0,0.0,2.0,2.0,1.0,1.0,1.0,0.02,2.0,0.3,3.5,0.0,deGFP,1.0,2026-03-09,ext,M,GFP-M-Gext,0.010691500264207777
0 days 03:15:23,37.0,J12,102305,J,12,GFP-M-Gext,1,2026-03-09 15:46:39,Cytation5,20260309-round1,9,Sample,1.00000002,0.0,2000.000003,2.030823266,1.799999951,10,17.469,100.0,175.0,50.0,0.0,0.0,2.0,2.0,1.0,1.0,1.0,0.02,2.0,0.3,3.5,0.0,deGFP,1.0,2026-03-09,ext,M,GFP-M-Gext,0.010765582371529577
0 days 03:20:23,37.0,J12,102788,J,12,GFP-M-Gext,1,2026-03-09 15:51:39,Cytation5,20260309-round1,9,Sample,1.00000002,0.0,2000.000003,2.030823266,1.799999951,10,17.469,100.0,175.0,50.0,0.0,0.0,2.0,2.0,1.0,1.0,1.0,0.02,2.0,0.3,3.5,0.0,deGFP,1.0,2026-03-09,ext,M,GFP-M-Gext,0.010816408590047233
0 days 03:25:23,37.0,J12,102567,J,12,GFP-M-Gext,1,2026-03-09 15:56:39,Cytation5,20260309-round1,9,Sample,1.00000002,0.0,2000.000003,2.030823266,1.799999951,10,17.469,100.0,175.0,50.0,0.0,0.0,2.0,2.0,1.0,1.0,1.0,0.02,2.0,0.3,3.5,0.0,deGFP,1.0,2026-03-09,ext,M,GFP-M-Gext,0.010793152701243088
0 days 03:30:23,37.0,J12,101969,J,12,GFP-M-Gext,1,2026-03-09 16:01:39,Cytation5,20260309-round1,9,Sample,1.00000002,0.0,2000.000003,2.030823266,1.799999951,10,17.469,100.0,175.0,50.0,0.0,0.0,2.0,2.0,1.0,1.0,1.0,0.02,2.0,0.3,3.5,0.0,deGFP,1.0,2026-03-09,ext,M,GFP-M-Gext,0.01073022500212599
0 days 03:35:23,37.0,J12,101683,J,12,GFP-M-Gext,1,2026-03-09 16:06:39,Cytation5,20260309-round1,9,Sample,1.00000002,0.0,2000.000003,2.030823266,1.799999951,10,17.469,100.0,175.0,50.0,0.0,0.0,2.0,2.0,1.0,1.0,1.0,0.02,2.0,0.3,3.5,0.0,deGFP,1.0,2026-03-09,ext,M,GFP-M-Gext,0.010700129146026508
0 days 03:40:23,37.1,J12,102015,J,12,GFP-M-Gext,1,2026-03-09 16:11:39,Cytation5,20260309-round1,9,Sample,1.00000002,0.0,2000.000003,2.030823266,1.799999951,10,17.469,100.0,175.0,50.0,0.0,0.0,2.0,2.0,1.0,1.0,1.0,0.02,2.0,0.3,3.5,0.0,deGFP,1.0,2026-03-09,ext,M,GFP-M-Gext,0.010735065594365767
0 days 03:45:23,37.0,J12,102434,J,12,GFP-M-Gext,1,2026-03-09 16:16:39,Cytation5,20260309-round1,9,Sample,1.00000002,0.0,2000.000003,2.030823266,1.799999951,10,17.469,100.0,175.0,50.0,0.0,0.0,2.0,2.0,1.0,1.0,1.0,0.02,2.0,0.3,3.5,0.0,deGFP,1.0,2026-03-09,ext,M,GFP-M-Gext,0.010779157075854168
0 days 03:50:23,37.0,J12,101774,J,12,GFP-M-Gext,1,2026-03-09 16:21:39,Cytation5,20260309-round1,9,Sample,1.00000002,0.0,2000.000003,2.030823266,1.799999951,10,17.469,100.0,175.0,50.0,0.0,0.0,2.0,2.0,1.0,1.0,1.0,0.02,2.0,0.3,3.5,0.0,deGFP,1.0,2026-03-09,ext,M,GFP-M-Gext,0.01070970510023998
0 days 03:55:23,37.0,J12,101875,J,12,GFP-M-Gext,1,2026-03-09 16:26:39,Cytation5,20260309-round1,9,Sample,1.00000002,0.0,2000.000003,2.030823266,1.799999951,10,17.469,100.0,175.0,50.0,0.0,0.0,2.0,2.0,1.0,1.0,1.0,0.02,2.0,0.3,3.5,0.0,deGFP,1.0,2026-03-09,ext,M,GFP-M-Gext,0.010720333357114272
0 days 04:00:23,37.0,J12,101555,J,12,GFP-M-Gext,1,2026-03-09 16:31:39,Cytation5,20260309-round1,9,Sample,1.00000002,0.0,2000.000003,2.030823266,1.799999951,10,17.469,100.0,175.0,50.0,0.0,0.0,2.0,2.0,1.0,1.0,1.0,0.02,2.0,0.3,3.5,0.0,deGFP,1.0,2026-03-09,ext,M,GFP-M-Gext,0.010686659671968
0 days 04:05:23,37.1,J12,101488,J,12,GFP-M-Gext,1,2026-03-09 16:36:39,Cytation5,20260309-round1,9,Sample,1.00000002,0.0,2000.000003,2.030823266,1.799999951,10,17.469,100.0,175.0,50.0,0.0,0.0,2.0,2.0,1.0,1.0,1.0,0.02,2.0,0.3,3.5,0.0,deGFP,1.0,2026-03-09,ext,M,GFP-M-Gext,0.010679609244140499
0 days 04:10:23,37.1,J12,101187,J,12,GFP-M-Gext,1,2026-03-09 16:41:39,Cytation5,20260309-round1,9,Sample,1.00000002,0.0,2000.000003,2.030823266,1.799999951,10,17.469,100.0,175.0,50.0,0.0,0.0,2.0,2.0,1.0,1.0,1.0,0.02,2.0,0.3,3.5,0.0,deGFP,1.0,2026-03-09,ext,M,GFP-M-Gext,0.010647934934049785
0 days 04:15:23,37.0,J12,102016,J,12,GFP-M-Gext,1,2026-03-09 16:46:39,Cytation5,20260309-round1,9,Sample,1.00000002,0.0,2000.000003,2.030823266,1.799999951,10,17.469,100.0,175.0,50.0,0.0,0.0,2.0,2.0,1.0,1.0,1.0,0.02,2.0,0.3,3.5,0.0,deGFP,1.0,2026-03-09,ext,M,GFP-M-Gext,0.01073517082463185
0 days 04:20:23,37.0,J12,100921,J,12,GFP-M-Gext,1,2026-03-09 16:51:39,Cytation5,20260309-round1,9,Sample,1.00000002,0.0,2000.000003,2.030823266,1.799999951,10,17.469,100.0,175.0,50.0,0.0,0.0,2.0,2.0,1.0,1.0,1.0,0.02,2.0,0.3,3.5,0.0,deGFP,1.0,2026-03-09,ext,M,GFP-M-Gext,0.010619943683271946
0 days 04:25:23,37.0,J12,101588,J,12,GFP-M-Gext,1,2026-03-09 16:56:39,Cytation5,20260309-round1,9,Sample,1.00000002,0.0,2000.000003,2.030823266,1.799999951,10,17.469,100.0,175.0,50.0,0.0,0.0,2.0,2.0,1.0,1.0,1.0,0.02,2.0,0.3,3.5,0.0,deGFP,1.0,2026-03-09,ext,M,GFP-M-Gext,0.010690132270748708
0 days 04:30:23,37.1,J12,100925,J,12,GFP-M-Gext,1,2026-03-09 17:01:39,Cytation5,20260309-round1,9,Sample,1.00000002,0.0,2000.000003,2.030823266,1.799999951,10,17.469,100.0,175.0,50.0,0.0,0.0,2.0,2.0,1.0,1.0,1.0,0.02,2.0,0.3,3.5,0.0,deGFP,1.0,2026-03-09,ext,M,GFP-M-Gext,0.010620364604336274
0 days 04:35:23,37.0,J12,101349,J,12,GFP-M-Gext,1,2026-03-09 17:06:39,Cytation5,20260309-round1,9,Sample,1.00000002,0.0,2000.000003,2.030823266,1.799999951,10,17.469,100.0,175.0,50.0,0.0,0.0,2.0,2.0,1.0,1.0,1.0,0.02,2.0,0.3,3.5,0.0,deGFP,1.0,2026-03-09,ext,M,GFP-M-Gext,0.010664982237155085
0 days 04:40:23,37.0,J12,101558,J,12,GFP-M-Gext,1,2026-03-09 17:11:39,Cytation5,20260309-round1,9,Sample,1.00000002,0.0,2000.000003,2.030823266,1.799999951,10,17.469,100.0,175.0,50.0,0.0,0.0,2.0,2.0,1.0,1.0,1.0,0.02,2.0,0.3,3.5,0.0,deGFP,1.0,2026-03-09,ext,M,GFP-M-Gext,0.010686975362766245
0 days 04:45:23,37.0,J12,101536,J,12,GFP-M-Gext,1,2026-03-09 17:16:39,Cytation5,20260309-round1,9,Sample,1.00000002,0.0,2000.000003,2.030823266,1.799999951,10,17.469,100.0,175.0,50.0,0.0,0.0,2.0,2.0,1.0,1.0,1.0,0.02,2.0,0.3,3.5,0.0,deGFP,1.0,2026-03-09,ext,M,GFP-M-Gext,0.01068466029691244
0 days 04:50:23,37.1,J12,101221,J,12,GFP-M-Gext,1,2026-03-09 17:21:39,Cytation5,20260309-round1,9,Sample,1.00000002,0.0,2000.000003,2.030823266,1.799999951,10,17.469,100.0,175.0,50.0,0.0,0.0,2.0,2.0,1.0,1.0,1.0,0.02,2.0,0.3,3.5,0.0,deGFP,1.0,2026-03-09,ext,M,GFP-M-Gext,0.010651512763096577
0 days 04:55:23,37.1,J12,101112,J,12,GFP-M-Gext,1,2026-03-09 17:26:39,Cytation5,20260309-round1,9,Sample,1.00000002,0.0,2000.000003,2.030823266,1.799999951,10,17.469,100.0,175.0,50.0,0.0,0.0,2.0,2.0,1.0,1.0,1.0,0.02,2.0,0.3,3.5,0.0,deGFP,1.0,2026-03-09,ext,M,GFP-M-Gext,0.010640042664093628
0 days 05:00:23,37.1,J12,101084,J,12,GFP-M-Gext,1,2026-03-09 17:31:39,Cytation5,20260309-round1,9,Sample,1.00000002,0.0,2000.000003,2.030823266,1.799999951,10,17.469,100.0,175.0,50.0,0.0,0.0,2.0,2.0,1.0,1.0,1.0,0.02,2.0,0.3,3.5,0.0,deGFP,1.0,2026-03-09,ext,M,GFP-M-Gext,0.010637096216643329
0 days 05:05:23,37.0,J12,101066,J,12,GFP-M-Gext,1,2026-03-09 17:36:39,Cytation5,20260309-round1,9,Sample,1.00000002,0.0,2000.000003,2.030823266,1.799999951,10,17.469,100.0,175.0,50.0,0.0,0.0,2.0,2.0,1.0,1.0,1.0,0.02,2.0,0.3,3.5,0.0,deGFP,1.0,2026-03-09,ext,M,GFP-M-Gext,0.01063520207185385
0 days 05:10:23,37.0,J12,101111,J,12,GFP-M-Gext,1,2026-03-09 17:41:39,Cytation5,20260309-round1,9,Sample,1.00000002,0.0,2000.000003,2.030823266,1.799999951,10,17.469,100.0,175.0,50.0,0.0,0.0,2.0,2.0,1.0,1.0,1.0,0.02,2.0,0.3,3.5,0.0,deGFP,1.0,2026-03-09,ext,M,GFP-M-Gext,0.010639937433827545
0 days 05:15:23,37.0,J12,101167,J,12,GFP-M-Gext,1,2026-03-09 17:46:39,Cytation5,20260309-round1,9,Sample,1.00000002,0.0,2000.000003,2.030823266,1.799999951,10,17.469,100.0,175.0,50.0,0.0,0.0,2.0,2.0,1.0,1.0,1.0,0.02,2.0,0.3,3.5,0.0,deGFP,1.0,2026-03-09,ext,M,GFP-M-Gext,0.010645830328728144
0 days 05:20:23,37.0,J12,99820,J,12,GFP-M-Gext,1,2026-03-09 17:51:39,Cytation5,20260309-round1,9,Sample,1.00000002,0.0,2000.000003,2.030823266,1.799999951,10,17.469,100.0,175.0,50.0,0.0,0.0,2.0,2.0,1.0,1.0,1.0,0.02,2.0,0.3,3.5,0.0,deGFP,1.0,2026-03-09,ext,M,GFP-M-Gext,0.01050408516031555
0 days 05:25:23,37.1,J12,100047,J,12,GFP-M-Gext,1,2026-03-09 17:56:39,Cytation5,20260309-round1,9,Sample,1.00000002,0.0,2000.000003,2.030823266,1.799999951,10,17.469,100.0,175.0,50.0,0.0,0.0,2.0,2.0,1.0,1.0,1.0,0.02,2.0,0.3,3.5,0.0,deGFP,1.0,2026-03-09,ext,M,GFP-M-Gext,0.010527972430716187
0 days 05:30:23,37.1,J12,100929,J,12,GFP-M-Gext,1,2026-03-09 18:01:39,Cytation5,20260309-round1,9,Sample,1.00000002,0.0,2000.000003,2.030823266,1.799999951,10,17.469,100.0,175.0,50.0,0.0,0.0,2.0,2.0,1.0,1.0,1.0,0.02,2.0,0.3,3.5,0.0,deGFP,1.0,2026-03-09,ext,M,GFP-M-Gext,0.010620785525400602
0 days 05:35:23,37.1,J12,100622,J,12,GFP-M-Gext,1,2026-03-09 18:06:39,Cytation5,20260309-round1,9,Sample,1.00000002,0.0,2000.000003,2.030823266,1.799999951,10,17.469,100.0,175.0,50.0,0.0,0.0,2.0,2.0,1.0,1.0,1.0,0.02,2.0,0.3,3.5,0.0,deGFP,1.0,2026-03-09,ext,M,GFP-M-Gext,0.010588479833713397
0 days 05:40:23,37.0,J12,100340,J,12,GFP-M-Gext,1,2026-03-09 18:11:39,Cytation5,20260309-round1,9,Sample,1.00000002,0.0,2000.000003,2.030823266,1.799999951,10,17.469,100.0,175.0,50.0,0.0,0.0,2.0,2.0,1.0,1.0,1.0,0.02,2.0,0.3,3.5,0.0,deGFP,1.0,2026-03-09,ext,M,GFP-M-Gext,0.010558804898678244
0 days 05:45:23,37.0,J12,99939,J,12,GFP-M-Gext,1,2026-03-09 18:16:39,Cytation5,20260309-round1,9,Sample,1.00000002,0.0,2000.000003,2.030823266,1.799999951,10,17.469,100.0,175.0,50.0,0.0,0.0,2.0,2.0,1.0,1.0,1.0,0.02,2.0,0.3,3.5,0.0,deGFP,1.0,2026-03-09,ext,M,GFP-M-Gext,0.01051660756197932
0 days 05:50:23,37.0,J12,100737,J,12,GFP-M-Gext,1,2026-03-09 18:21:39,Cytation5,20260309-round1,9,Sample,1.00000002,0.0,2000.000003,2.030823266,1.799999951,10,17.469,100.0,175.0,50.0,0.0,0.0,2.0,2.0,1.0,1.0,1.0,0.02,2.0,0.3,3.5,0.0,deGFP,1.0,2026-03-09,ext,M,GFP-M-Gext,0.01060058131431284
0 days 05:55:23,37.0,J12,100352,J,12,GFP-M-Gext,1,2026-03-09 18:26:39,Cytation5,20260309-round1,9,Sample,1.00000002,0.0,2000.000003,2.030823266,1.799999951,10,17.469,100.0,175.0,50.0,0.0,0.0,2.0,2.0,1.0,1.0,1.0,0.02,2.0,0.3,3.5,0.0,deGFP,1.0,2026-03-09,ext,M,GFP-M-Gext,0.010560067661871229
0 days 06:00:23,37.1,J12,100532,J,12,GFP-M-Gext,1,2026-03-09 18:31:39,Cytation5,20260309-round1,9,Sample,1.00000002,0.0,2000.000003,2.030823266,1.799999951,10,17.469,100.0,175.0,50.0,0.0,0.0,2.0,2.0,1.0,1.0,1.0,0.02,2.0,0.3,3.5,0.0,deGFP,1.0,2026-03-09,ext,M,GFP-M-Gext,0.010579009109766007
0 days 00:00:23,28.9,J13,292,J,13,GFP-M-Gext,1,2026-03-09 12:31:39,Cytation5,20260309-round1,6,Sample,5.000000045,0.0,2000.000003,1.828292141,1.799999951,10,12.469,0.0,100.0,50.0,0.0,0.0,2.0,2.0,1.0,1.0,1.0,0.02,2.0,0.3,3.5,0.0,deGFP,1.0,2026-03-09,ext,M,GFP-M-Gext,3.072723769597416e-05
0 days 00:05:23,34.5,J13,243,J,13,GFP-M-Gext,1,2026-03-09 12:36:39,Cytation5,20260309-round1,6,Sample,5.000000045,0.0,2000.000003,1.828292141,1.799999951,10,12.469,0.0,100.0,50.0,0.0,0.0,2.0,2.0,1.0,1.0,1.0,0.02,2.0,0.3,3.5,0.0,deGFP,1.0,2026-03-09,ext,M,GFP-M-Gext,2.5570954657951098e-05
0 days 00:10:23,37.0,J13,295,J,13,GFP-M-Gext,1,2026-03-09 12:41:39,Cytation5,20260309-round1,6,Sample,5.000000045,0.0,2000.000003,1.828292141,1.799999951,10,12.469,0.0,100.0,50.0,0.0,0.0,2.0,2.0,1.0,1.0,1.0,0.02,2.0,0.3,3.5,0.0,deGFP,1.0,2026-03-09,ext,M,GFP-M-Gext,3.104292849422047e-05
0 days 00:15:23,37.0,J13,1082,J,13,GFP-M-Gext,1,2026-03-09 12:46:39,Cytation5,20260309-round1,6,Sample,5.000000045,0.0,2000.000003,1.828292141,1.799999951,10,12.469,0.0,100.0,50.0,0.0,0.0,2.0,2.0,1.0,1.0,1.0,0.02,2.0,0.3,3.5,0.0,deGFP,1.0,2026-03-09,ext,M,GFP-M-Gext,0.00011385914790083575
0 days 00:20:23,37.0,J13,3291,J,13,GFP-M-Gext,1,2026-03-09 12:51:39,Cytation5,20260309-round1,6,Sample,5.000000045,0.0,2000.000003,1.828292141,1.799999951,10,12.469,0.0,100.0,50.0,0.0,0.0,2.0,2.0,1.0,1.0,1.0,0.02,2.0,0.3,3.5,0.0,deGFP,1.0,2026-03-09,ext,M,GFP-M-Gext,0.0003463128056762019
0 days 00:25:23,37.0,J13,6762,J,13,GFP-M-Gext,1,2026-03-09 12:56:39,Cytation5,20260309-round1,6,Sample,5.000000045,0.0,2000.000003,1.828292141,1.799999951,10,12.469,0.0,100.0,50.0,0.0,0.0,2.0,2.0,1.0,1.0,1.0,0.02,2.0,0.3,3.5,0.0,deGFP,1.0,2026-03-09,ext,M,GFP-M-Gext,0.0007115670592471824
0 days 00:30:23,37.0,J13,11295,J,13,GFP-M-Gext,1,2026-03-09 13:01:39,Cytation5,20260309-round1,6,Sample,5.000000045,0.0,2000.000003,1.828292141,1.799999951,10,12.469,0.0,100.0,50.0,0.0,0.0,2.0,2.0,1.0,1.0,1.0,0.02,2.0,0.3,3.5,0.0,deGFP,1.0,2026-03-09,ext,M,GFP-M-Gext,0.0011885758553973566
0 days 00:35:23,37.0,J13,16520,J,13,GFP-M-Gext,1,2026-03-09 13:06:39,Cytation5,20260309-round1,6,Sample,5.000000045,0.0,2000.000003,1.828292141,1.799999951,10,12.469,0.0,100.0,50.0,0.0,0.0,2.0,2.0,1.0,1.0,1.0,0.02,2.0,0.3,3.5,0.0,deGFP,1.0,2026-03-09,ext,M,GFP-M-Gext,0.0017384039956763464
0 days 00:40:23,37.0,J13,21859,J,13,GFP-M-Gext,1,2026-03-09 13:11:39,Cytation5,20260309-round1,6,Sample,5.000000045,0.0,2000.000003,1.828292141,1.799999951,10,12.469,0.0,100.0,50.0,0.0,0.0,2.0,2.0,1.0,1.0,1.0,0.02,2.0,0.3,3.5,0.0,deGFP,1.0,2026-03-09,ext,M,GFP-M-Gext,0.0023002283862886956
0 days 00:45:23,37.1,J13,27584,J,13,GFP-M-Gext,1,2026-03-09 13:16:39,Cytation5,20260309-round1,6,Sample,5.000000045,0.0,2000.000003,1.828292141,1.799999951,10,12.469,0.0,100.0,50.0,0.0,0.0,2.0,2.0,1.0,1.0,1.0,0.02,2.0,0.3,3.5,0.0,deGFP,1.0,2026-03-09,ext,M,GFP-M-Gext,0.002902671659608737
0 days 00:50:23,37.0,J13,32576,J,13,GFP-M-Gext,1,2026-03-09 13:21:39,Cytation5,20260309-round1,6,Sample,5.000000045,0.0,2000.000003,1.828292141,1.799999951,10,12.469,0.0,100.0,50.0,0.0,0.0,2.0,2.0,1.0,1.0,1.0,0.02,2.0,0.3,3.5,0.0,deGFP,1.0,2026-03-09,ext,M,GFP-M-Gext,0.0034279811478905966
0 days 00:55:23,37.0,J13,37343,J,13,GFP-M-Gext,1,2026-03-09 13:26:39,Cytation5,20260309-round1,6,Sample,5.000000045,0.0,2000.000003,1.828292141,1.799999951,10,12.469,0.0,100.0,50.0,0.0,0.0,2.0,2.0,1.0,1.0,1.0,0.02,2.0,0.3,3.5,0.0,deGFP,1.0,2026-03-09,ext,M,GFP-M-Gext,0.003929613826303983
0 days 01:00:23,37.0,J13,41699,J,13,GFP-M-Gext,1,2026-03-09 13:31:39,Cytation5,20260309-round1,6,Sample,5.000000045,0.0,2000.000003,1.828292141,1.799999951,10,12.469,0.0,100.0,50.0,0.0,0.0,2.0,2.0,1.0,1.0,1.0,0.02,2.0,0.3,3.5,0.0,deGFP,1.0,2026-03-09,ext,M,GFP-M-Gext,0.004387996865357625
0 days 01:05:23,37.0,J13,45876,J,13,GFP-M-Gext,1,2026-03-09 13:36:39,Cytation5,20260309-round1,6,Sample,5.000000045,0.0,2000.000003,1.828292141,1.799999951,10,12.469,0.0,100.0,50.0,0.0,0.0,2.0,2.0,1.0,1.0,1.0,0.02,2.0,0.3,3.5,0.0,deGFP,1.0,2026-03-09,ext,M,GFP-M-Gext,0.00482754368678257
0 days 01:10:23,37.0,J13,48836,J,13,GFP-M-Gext,1,2026-03-09 13:41:39,Cytation5,20260309-round1,6,Sample,5.000000045,0.0,2000.000003,1.828292141,1.799999951,10,12.469,0.0,100.0,50.0,0.0,0.0,2.0,2.0,1.0,1.0,1.0,0.02,2.0,0.3,3.5,0.0,deGFP,1.0,2026-03-09,ext,M,GFP-M-Gext,0.005139025274385596
0 days 01:15:23,37.1,J13,50824,J,13,GFP-M-Gext,1,2026-03-09 13:46:39,Cytation5,20260309-round1,6,Sample,5.000000045,0.0,2000.000003,1.828292141,1.799999951,10,12.469,0.0,100.0,50.0,0.0,0.0,2.0,2.0,1.0,1.0,1.0,0.02,2.0,0.3,3.5,0.0,deGFP,1.0,2026-03-09,ext,M,GFP-M-Gext,0.005348223043356817
0 days 01:20:23,37.0,J13,52983,J,13,GFP-M-Gext,1,2026-03-09 13:51:39,Cytation5,20260309-round1,6,Sample,5.000000045,0.0,2000.000003,1.828292141,1.799999951,10,12.469,0.0,100.0,50.0,0.0,0.0,2.0,2.0,1.0,1.0,1.0,0.02,2.0,0.3,3.5,0.0,deGFP,1.0,2026-03-09,ext,M,GFP-M-Gext,0.005575415187828079
0 days 01:25:23,37.0,J13,54774,J,13,GFP-M-Gext,1,2026-03-09 13:56:39,Cytation5,20260309-round1,6,Sample,5.000000045,0.0,2000.000003,1.828292141,1.799999951,10,12.469,0.0,100.0,50.0,0.0,0.0,2.0,2.0,1.0,1.0,1.0,0.02,2.0,0.3,3.5,0.0,deGFP,1.0,2026-03-09,ext,M,GFP-M-Gext,0.005763882594381126
0 days 01:30:23,37.0,J13,55633,J,13,GFP-M-Gext,1,2026-03-09 14:01:39,Cytation5,20260309-round1,6,Sample,5.000000045,0.0,2000.000003,1.828292141,1.799999951,10,12.469,0.0,100.0,50.0,0.0,0.0,2.0,2.0,1.0,1.0,1.0,0.02,2.0,0.3,3.5,0.0,deGFP,1.0,2026-03-09,ext,M,GFP-M-Gext,0.0058542753929456525
0 days 01:35:23,37.0,J13,55886,J,13,GFP-M-Gext,1,2026-03-09 14:06:39,Cytation5,20260309-round1,6,Sample,5.000000045,0.0,2000.000003,1.828292141,1.799999951,10,12.469,0.0,100.0,50.0,0.0,0.0,2.0,2.0,1.0,1.0,1.0,0.02,2.0,0.3,3.5,0.0,deGFP,1.0,2026-03-09,ext,M,GFP-M-Gext,0.005880898650264425
0 days 01:40:23,37.0,J13,56248,J,13,GFP-M-Gext,1,2026-03-09 14:11:39,Cytation5,20260309-round1,6,Sample,5.000000045,0.0,2000.000003,1.828292141,1.799999951,10,12.469,0.0,100.0,50.0,0.0,0.0,2.0,2.0,1.0,1.0,1.0,0.02,2.0,0.3,3.5,0.0,deGFP,1.0,2026-03-09,ext,M,GFP-M-Gext,0.005918992006586145
0 days 01:45:23,37.0,J13,56533,J,13,GFP-M-Gext,1,2026-03-09 14:16:39,Cytation5,20260309-round1,6,Sample,5.000000045,0.0,2000.000003,1.828292141,1.799999951,10,12.469,0.0,100.0,50.0,0.0,0.0,2.0,2.0,1.0,1.0,1.0,0.02,2.0,0.3,3.5,0.0,deGFP,1.0,2026-03-09,ext,M,GFP-M-Gext,0.005948982632419545
0 days 01:50:23,37.0,J13,56745,J,13,GFP-M-Gext,1,2026-03-09 14:21:39,Cytation5,20260309-round1,6,Sample,5.000000045,0.0,2000.000003,1.828292141,1.799999951,10,12.469,0.0,100.0,50.0,0.0,0.0,2.0,2.0,1.0,1.0,1.0,0.02,2.0,0.3,3.5,0.0,deGFP,1.0,2026-03-09,ext,M,GFP-M-Gext,0.005971291448828951
0 days 01:55:23,37.1,J13,56394,J,13,GFP-M-Gext,1,2026-03-09 14:26:39,Cytation5,20260309-round1,6,Sample,5.000000045,0.0,2000.000003,1.828292141,1.799999951,10,12.469,0.0,100.0,50.0,0.0,0.0,2.0,2.0,1.0,1.0,1.0,0.02,2.0,0.3,3.5,0.0,deGFP,1.0,2026-03-09,ext,M,GFP-M-Gext,0.005934355625434133
0 days 02:00:23,37.0,J13,57346,J,13,GFP-M-Gext,1,2026-03-09 14:31:39,Cytation5,20260309-round1,6,Sample,5.000000045,0.0,2000.000003,1.828292141,1.799999951,10,12.469,0.0,100.0,50.0,0.0,0.0,2.0,2.0,1.0,1.0,1.0,0.02,2.0,0.3,3.5,0.0,deGFP,1.0,2026-03-09,ext,M,GFP-M-Gext,0.006034534838744295
0 days 02:05:23,37.0,J13,57136,J,13,GFP-M-Gext,1,2026-03-09 14:36:39,Cytation5,20260309-round1,6,Sample,5.000000045,0.0,2000.000003,1.828292141,1.799999951,10,12.469,0.0,100.0,50.0,0.0,0.0,2.0,2.0,1.0,1.0,1.0,0.02,2.0,0.3,3.5,0.0,deGFP,1.0,2026-03-09,ext,M,GFP-M-Gext,0.006012436482867053
0 days 02:10:23,37.1,J13,56956,J,13,GFP-M-Gext,1,2026-03-09 14:41:39,Cytation5,20260309-round1,6,Sample,5.000000045,0.0,2000.000003,1.828292141,1.799999951,10,12.469,0.0,100.0,50.0,0.0,0.0,2.0,2.0,1.0,1.0,1.0,0.02,2.0,0.3,3.5,0.0,deGFP,1.0,2026-03-09,ext,M,GFP-M-Gext,0.005993495034972275
0 days 02:15:23,37.1,J13,57277,J,13,GFP-M-Gext,1,2026-03-09 14:46:39,Cytation5,20260309-round1,6,Sample,5.000000045,0.0,2000.000003,1.828292141,1.799999951,10,12.469,0.0,100.0,50.0,0.0,0.0,2.0,2.0,1.0,1.0,1.0,0.02,2.0,0.3,3.5,0.0,deGFP,1.0,2026-03-09,ext,M,GFP-M-Gext,0.00602727395038463
0 days 02:20:23,37.0,J13,57203,J,13,GFP-M-Gext,1,2026-03-09 14:51:39,Cytation5,20260309-round1,6,Sample,5.000000045,0.0,2000.000003,1.828292141,1.799999951,10,12.469,0.0,100.0,50.0,0.0,0.0,2.0,2.0,1.0,1.0,1.0,0.02,2.0,0.3,3.5,0.0,deGFP,1.0,2026-03-09,ext,M,GFP-M-Gext,0.006019486910694555
0 days 02:25:23,37.0,J13,56969,J,13,GFP-M-Gext,1,2026-03-09 14:56:39,Cytation5,20260309-round1,6,Sample,5.000000045,0.0,2000.000003,1.828292141,1.799999951,10,12.469,0.0,100.0,50.0,0.0,0.0,2.0,2.0,1.0,1.0,1.0,0.02,2.0,0.3,3.5,0.0,deGFP,1.0,2026-03-09,ext,M,GFP-M-Gext,0.005994863028431342
0 days 02:30:23,37.0,J13,58089,J,13,GFP-M-Gext,1,2026-03-09 15:01:39,Cytation5,20260309-round1,6,Sample,5.000000045,0.0,2000.000003,1.828292141,1.799999951,10,12.469,0.0,100.0,50.0,0.0,0.0,2.0,2.0,1.0,1.0,1.0,0.02,2.0,0.3,3.5,0.0,deGFP,1.0,2026-03-09,ext,M,GFP-M-Gext,0.006112720926443298
0 days 02:35:23,37.0,J13,57149,J,13,GFP-M-Gext,1,2026-03-09 15:06:39,Cytation5,20260309-round1,6,Sample,5.000000045,0.0,2000.000003,1.828292141,1.799999951,10,12.469,0.0,100.0,50.0,0.0,0.0,2.0,2.0,1.0,1.0,1.0,0.02,2.0,0.3,3.5,0.0,deGFP,1.0,2026-03-09,ext,M,GFP-M-Gext,0.006013804476326121
0 days 02:40:23,37.0,J13,57174,J,13,GFP-M-Gext,1,2026-03-09 15:11:39,Cytation5,20260309-round1,6,Sample,5.000000045,0.0,2000.000003,1.828292141,1.799999951,10,12.469,0.0,100.0,50.0,0.0,0.0,2.0,2.0,1.0,1.0,1.0,0.02,2.0,0.3,3.5,0.0,deGFP,1.0,2026-03-09,ext,M,GFP-M-Gext,0.006016435232978174
0 days 02:45:23,37.0,J13,57087,J,13,GFP-M-Gext,1,2026-03-09 15:16:39,Cytation5,20260309-round1,6,Sample,5.000000045,0.0,2000.000003,1.828292141,1.799999951,10,12.469,0.0,100.0,50.0,0.0,0.0,2.0,2.0,1.0,1.0,1.0,0.02,2.0,0.3,3.5,0.0,deGFP,1.0,2026-03-09,ext,M,GFP-M-Gext,0.00600728019982903
0 days 02:50:23,37.0,J13,57462,J,13,GFP-M-Gext,1,2026-03-09 15:21:39,Cytation5,20260309-round1,6,Sample,5.000000045,0.0,2000.000003,1.828292141,1.799999951,10,12.469,0.0,100.0,50.0,0.0,0.0,2.0,2.0,1.0,1.0,1.0,0.02,2.0,0.3,3.5,0.0,deGFP,1.0,2026-03-09,ext,M,GFP-M-Gext,0.006046741549609819
0 days 02:55:23,37.0,J13,56865,J,13,GFP-M-Gext,1,2026-03-09 15:26:39,Cytation5,20260309-round1,6,Sample,5.000000045,0.0,2000.000003,1.828292141,1.799999951,10,12.469,0.0,100.0,50.0,0.0,0.0,2.0,2.0,1.0,1.0,1.0,0.02,2.0,0.3,3.5,0.0,deGFP,1.0,2026-03-09,ext,M,GFP-M-Gext,0.005983919080758803
0 days 03:00:23,36.9,J13,57030,J,13,GFP-M-Gext,1,2026-03-09 15:31:39,Cytation5,20260309-round1,6,Sample,5.000000045,0.0,2000.000003,1.828292141,1.799999951,10,12.469,0.0,100.0,50.0,0.0,0.0,2.0,2.0,1.0,1.0,1.0,0.02,2.0,0.3,3.5,0.0,deGFP,1.0,2026-03-09,ext,M,GFP-M-Gext,0.00600128207466235
0 days 03:05:23,37.0,J13,56990,J,13,GFP-M-Gext,1,2026-03-09 15:36:39,Cytation5,20260309-round1,6,Sample,5.000000045,0.0,2000.000003,1.828292141,1.799999951,10,12.469,0.0,100.0,50.0,0.0,0.0,2.0,2.0,1.0,1.0,1.0,0.02,2.0,0.3,3.5,0.0,deGFP,1.0,2026-03-09,ext,M,GFP-M-Gext,0.005997072864019066
0 days 03:10:23,37.0,J13,56909,J,13,GFP-M-Gext,1,2026-03-09 15:41:39,Cytation5,20260309-round1,6,Sample,5.000000045,0.0,2000.000003,1.828292141,1.799999951,10,12.469,0.0,100.0,50.0,0.0,0.0,2.0,2.0,1.0,1.0,1.0,0.02,2.0,0.3,3.5,0.0,deGFP,1.0,2026-03-09,ext,M,GFP-M-Gext,0.005988549212466416
0 days 03:15:23,37.0,J13,56940,J,13,GFP-M-Gext,1,2026-03-09 15:46:39,Cytation5,20260309-round1,6,Sample,5.000000045,0.0,2000.000003,1.828292141,1.799999951,10,12.469,0.0,100.0,50.0,0.0,0.0,2.0,2.0,1.0,1.0,1.0,0.02,2.0,0.3,3.5,0.0,deGFP,1.0,2026-03-09,ext,M,GFP-M-Gext,0.005991811350714961
0 days 03:20:23,37.0,J13,56969,J,13,GFP-M-Gext,1,2026-03-09 15:51:39,Cytation5,20260309-round1,6,Sample,5.000000045,0.0,2000.000003,1.828292141,1.799999951,10,12.469,0.0,100.0,50.0,0.0,0.0,2.0,2.0,1.0,1.0,1.0,0.02,2.0,0.3,3.5,0.0,deGFP,1.0,2026-03-09,ext,M,GFP-M-Gext,0.005994863028431342
0 days 03:25:23,37.0,J13,56758,J,13,GFP-M-Gext,1,2026-03-09 15:56:39,Cytation5,20260309-round1,6,Sample,5.000000045,0.0,2000.000003,1.828292141,1.799999951,10,12.469,0.0,100.0,50.0,0.0,0.0,2.0,2.0,1.0,1.0,1.0,0.02,2.0,0.3,3.5,0.0,deGFP,1.0,2026-03-09,ext,M,GFP-M-Gext,0.005972659442288019
0 days 03:30:23,37.0,J13,57086,J,13,GFP-M-Gext,1,2026-03-09 16:01:39,Cytation5,20260309-round1,6,Sample,5.000000045,0.0,2000.000003,1.828292141,1.799999951,10,12.469,0.0,100.0,50.0,0.0,0.0,2.0,2.0,1.0,1.0,1.0,0.02,2.0,0.3,3.5,0.0,deGFP,1.0,2026-03-09,ext,M,GFP-M-Gext,0.006007174969562948
0 days 03:35:23,37.0,J13,56753,J,13,GFP-M-Gext,1,2026-03-09 16:06:39,Cytation5,20260309-round1,6,Sample,5.000000045,0.0,2000.000003,1.828292141,1.799999951,10,12.469,0.0,100.0,50.0,0.0,0.0,2.0,2.0,1.0,1.0,1.0,0.02,2.0,0.3,3.5,0.0,deGFP,1.0,2026-03-09,ext,M,GFP-M-Gext,0.005972133290957608
0 days 03:40:23,37.1,J13,56792,J,13,GFP-M-Gext,1,2026-03-09 16:11:39,Cytation5,20260309-round1,6,Sample,5.000000045,0.0,2000.000003,1.828292141,1.799999951,10,12.469,0.0,100.0,50.0,0.0,0.0,2.0,2.0,1.0,1.0,1.0,0.02,2.0,0.3,3.5,0.0,deGFP,1.0,2026-03-09,ext,M,GFP-M-Gext,0.00597623727133481
0 days 03:45:23,37.0,J13,57179,J,13,GFP-M-Gext,1,2026-03-09 16:16:39,Cytation5,20260309-round1,6,Sample,5.000000045,0.0,2000.000003,1.828292141,1.799999951,10,12.469,0.0,100.0,50.0,0.0,0.0,2.0,2.0,1.0,1.0,1.0,0.02,2.0,0.3,3.5,0.0,deGFP,1.0,2026-03-09,ext,M,GFP-M-Gext,0.006016961384308584
0 days 03:50:23,37.0,J13,56446,J,13,GFP-M-Gext,1,2026-03-09 16:21:39,Cytation5,20260309-round1,6,Sample,5.000000045,0.0,2000.000003,1.828292141,1.799999951,10,12.469,0.0,100.0,50.0,0.0,0.0,2.0,2.0,1.0,1.0,1.0,0.02,2.0,0.3,3.5,0.0,deGFP,1.0,2026-03-09,ext,M,GFP-M-Gext,0.005939827599270402
0 days 03:55:23,37.0,J13,56893,J,13,GFP-M-Gext,1,2026-03-09 16:26:39,Cytation5,20260309-round1,6,Sample,5.000000045,0.0,2000.000003,1.828292141,1.799999951,10,12.469,0.0,100.0,50.0,0.0,0.0,2.0,2.0,1.0,1.0,1.0,0.02,2.0,0.3,3.5,0.0,deGFP,1.0,2026-03-09,ext,M,GFP-M-Gext,0.005986865528209102
0 days 04:00:23,37.0,J13,56769,J,13,GFP-M-Gext,1,2026-03-09 16:31:39,Cytation5,20260309-round1,6,Sample,5.000000045,0.0,2000.000003,1.828292141,1.799999951,10,12.469,0.0,100.0,50.0,0.0,0.0,2.0,2.0,1.0,1.0,1.0,0.02,2.0,0.3,3.5,0.0,deGFP,1.0,2026-03-09,ext,M,GFP-M-Gext,0.005973816975214922
0 days 04:05:23,37.1,J13,56905,J,13,GFP-M-Gext,1,2026-03-09 16:36:39,Cytation5,20260309-round1,6,Sample,5.000000045,0.0,2000.000003,1.828292141,1.799999951,10,12.469,0.0,100.0,50.0,0.0,0.0,2.0,2.0,1.0,1.0,1.0,0.02,2.0,0.3,3.5,0.0,deGFP,1.0,2026-03-09,ext,M,GFP-M-Gext,0.005988128291402088
0 days 04:10:23,37.1,J13,56695,J,13,GFP-M-Gext,1,2026-03-09 16:41:39,Cytation5,20260309-round1,6,Sample,5.000000045,0.0,2000.000003,1.828292141,1.799999951,10,12.469,0.0,100.0,50.0,0.0,0.0,2.0,2.0,1.0,1.0,1.0,0.02,2.0,0.3,3.5,0.0,deGFP,1.0,2026-03-09,ext,M,GFP-M-Gext,0.005966029935524846
0 days 04:15:23,37.0,J13,57043,J,13,GFP-M-Gext,1,2026-03-09 16:46:39,Cytation5,20260309-round1,6,Sample,5.000000045,0.0,2000.000003,1.828292141,1.799999951,10,12.469,0.0,100.0,50.0,0.0,0.0,2.0,2.0,1.0,1.0,1.0,0.02,2.0,0.3,3.5,0.0,deGFP,1.0,2026-03-09,ext,M,GFP-M-Gext,0.006002650068121417
0 days 04:20:23,37.0,J13,57042,J,13,GFP-M-Gext,1,2026-03-09 16:51:39,Cytation5,20260309-round1,6,Sample,5.000000045,0.0,2000.000003,1.828292141,1.799999951,10,12.469,0.0,100.0,50.0,0.0,0.0,2.0,2.0,1.0,1.0,1.0,0.02,2.0,0.3,3.5,0.0,deGFP,1.0,2026-03-09,ext,M,GFP-M-Gext,0.006002544837855336
0 days 04:25:23,37.0,J13,57216,J,13,GFP-M-Gext,1,2026-03-09 16:56:39,Cytation5,20260309-round1,6,Sample,5.000000045,0.0,2000.000003,1.828292141,1.799999951,10,12.469,0.0,100.0,50.0,0.0,0.0,2.0,2.0,1.0,1.0,1.0,0.02,2.0,0.3,3.5,0.0,deGFP,1.0,2026-03-09,ext,M,GFP-M-Gext,0.006020854904153622
0 days 04:30:23,37.1,J13,56868,J,13,GFP-M-Gext,1,2026-03-09 17:01:39,Cytation5,20260309-round1,6,Sample,5.000000045,0.0,2000.000003,1.828292141,1.799999951,10,12.469,0.0,100.0,50.0,0.0,0.0,2.0,2.0,1.0,1.0,1.0,0.02,2.0,0.3,3.5,0.0,deGFP,1.0,2026-03-09,ext,M,GFP-M-Gext,0.00598423477155705
0 days 04:35:23,37.0,J13,57462,J,13,GFP-M-Gext,1,2026-03-09 17:06:39,Cytation5,20260309-round1,6,Sample,5.000000045,0.0,2000.000003,1.828292141,1.799999951,10,12.469,0.0,100.0,50.0,0.0,0.0,2.0,2.0,1.0,1.0,1.0,0.02,2.0,0.3,3.5,0.0,deGFP,1.0,2026-03-09,ext,M,GFP-M-Gext,0.006046741549609819
0 days 04:40:23,37.0,J13,56827,J,13,GFP-M-Gext,1,2026-03-09 17:11:39,Cytation5,20260309-round1,6,Sample,5.000000045,0.0,2000.000003,1.828292141,1.799999951,10,12.469,0.0,100.0,50.0,0.0,0.0,2.0,2.0,1.0,1.0,1.0,0.02,2.0,0.3,3.5,0.0,deGFP,1.0,2026-03-09,ext,M,GFP-M-Gext,0.005979920330647683
0 days 04:45:23,37.0,J13,56895,J,13,GFP-M-Gext,1,2026-03-09 17:16:39,Cytation5,20260309-round1,6,Sample,5.000000045,0.0,2000.000003,1.828292141,1.799999951,10,12.469,0.0,100.0,50.0,0.0,0.0,2.0,2.0,1.0,1.0,1.0,0.02,2.0,0.3,3.5,0.0,deGFP,1.0,2026-03-09,ext,M,GFP-M-Gext,0.0059870759887412665
0 days 04:50:23,37.1,J13,56820,J,13,GFP-M-Gext,1,2026-03-09 17:21:39,Cytation5,20260309-round1,6,Sample,5.000000045,0.0,2000.000003,1.828292141,1.799999951,10,12.469,0.0,100.0,50.0,0.0,0.0,2.0,2.0,1.0,1.0,1.0,0.02,2.0,0.3,3.5,0.0,deGFP,1.0,2026-03-09,ext,M,GFP-M-Gext,0.005979183718785109
0 days 04:55:23,37.1,J13,56643,J,13,GFP-M-Gext,1,2026-03-09 17:26:39,Cytation5,20260309-round1,6,Sample,5.000000045,0.0,2000.000003,1.828292141,1.799999951,10,12.469,0.0,100.0,50.0,0.0,0.0,2.0,2.0,1.0,1.0,1.0,0.02,2.0,0.3,3.5,0.0,deGFP,1.0,2026-03-09,ext,M,GFP-M-Gext,0.005960557961688577
0 days 05:00:23,37.1,J13,56756,J,13,GFP-M-Gext,1,2026-03-09 17:31:39,Cytation5,20260309-round1,6,Sample,5.000000045,0.0,2000.000003,1.828292141,1.799999951,10,12.469,0.0,100.0,50.0,0.0,0.0,2.0,2.0,1.0,1.0,1.0,0.02,2.0,0.3,3.5,0.0,deGFP,1.0,2026-03-09,ext,M,GFP-M-Gext,0.0059724489817558546
0 days 05:05:23,37.0,J13,56741,J,13,GFP-M-Gext,1,2026-03-09 17:36:39,Cytation5,20260309-round1,6,Sample,5.000000045,0.0,2000.000003,1.828292141,1.799999951,10,12.469,0.0,100.0,50.0,0.0,0.0,2.0,2.0,1.0,1.0,1.0,0.02,2.0,0.3,3.5,0.0,deGFP,1.0,2026-03-09,ext,M,GFP-M-Gext,0.0059708705277646225
0 days 05:10:23,37.0,J13,56577,J,13,GFP-M-Gext,1,2026-03-09 17:41:39,Cytation5,20260309-round1,6,Sample,5.000000045,0.0,2000.000003,1.828292141,1.799999951,10,12.469,0.0,100.0,50.0,0.0,0.0,2.0,2.0,1.0,1.0,1.0,0.02,2.0,0.3,3.5,0.0,deGFP,1.0,2026-03-09,ext,M,GFP-M-Gext,0.005953612764127158
0 days 05:15:23,37.0,J13,56929,J,13,GFP-M-Gext,1,2026-03-09 17:46:39,Cytation5,20260309-round1,6,Sample,5.000000045,0.0,2000.000003,1.828292141,1.799999951,10,12.469,0.0,100.0,50.0,0.0,0.0,2.0,2.0,1.0,1.0,1.0,0.02,2.0,0.3,3.5,0.0,deGFP,1.0,2026-03-09,ext,M,GFP-M-Gext,0.005990653817788058
0 days 05:20:23,37.0,J13,56601,J,13,GFP-M-Gext,1,2026-03-09 17:51:39,Cytation5,20260309-round1,6,Sample,5.000000045,0.0,2000.000003,1.828292141,1.799999951,10,12.469,0.0,100.0,50.0,0.0,0.0,2.0,2.0,1.0,1.0,1.0,0.02,2.0,0.3,3.5,0.0,deGFP,1.0,2026-03-09,ext,M,GFP-M-Gext,0.005956138290513128
0 days 05:25:23,37.1,J13,56778,J,13,GFP-M-Gext,1,2026-03-09 17:56:39,Cytation5,20260309-round1,6,Sample,5.000000045,0.0,2000.000003,1.828292141,1.799999951,10,12.469,0.0,100.0,50.0,0.0,0.0,2.0,2.0,1.0,1.0,1.0,0.02,2.0,0.3,3.5,0.0,deGFP,1.0,2026-03-09,ext,M,GFP-M-Gext,0.005974764047609661
0 days 05:30:23,37.1,J13,57163,J,13,GFP-M-Gext,1,2026-03-09 18:01:39,Cytation5,20260309-round1,6,Sample,5.000000045,0.0,2000.000003,1.828292141,1.799999951,10,12.469,0.0,100.0,50.0,0.0,0.0,2.0,2.0,1.0,1.0,1.0,0.02,2.0,0.3,3.5,0.0,deGFP,1.0,2026-03-09,ext,M,GFP-M-Gext,0.00601527770005127
0 days 05:35:23,37.1,J13,56606,J,13,GFP-M-Gext,1,2026-03-09 18:06:39,Cytation5,20260309-round1,6,Sample,5.000000045,0.0,2000.000003,1.828292141,1.799999951,10,12.469,0.0,100.0,50.0,0.0,0.0,2.0,2.0,1.0,1.0,1.0,0.02,2.0,0.3,3.5,0.0,deGFP,1.0,2026-03-09,ext,M,GFP-M-Gext,0.005956664441843539
0 days 05:40:23,37.0,J13,56420,J,13,GFP-M-Gext,1,2026-03-09 18:11:39,Cytation5,20260309-round1,6,Sample,5.000000045,0.0,2000.000003,1.828292141,1.799999951,10,12.469,0.0,100.0,50.0,0.0,0.0,2.0,2.0,1.0,1.0,1.0,0.02,2.0,0.3,3.5,0.0,deGFP,1.0,2026-03-09,ext,M,GFP-M-Gext,0.005937091612352267
0 days 05:45:23,37.0,J13,56685,J,13,GFP-M-Gext,1,2026-03-09 18:16:39,Cytation5,20260309-round1,6,Sample,5.000000045,0.0,2000.000003,1.828292141,1.799999951,10,12.469,0.0,100.0,50.0,0.0,0.0,2.0,2.0,1.0,1.0,1.0,0.02,2.0,0.3,3.5,0.0,deGFP,1.0,2026-03-09,ext,M,GFP-M-Gext,0.005964977632864025
0 days 05:50:23,37.0,J13,56936,J,13,GFP-M-Gext,1,2026-03-09 18:21:39,Cytation5,20260309-round1,6,Sample,5.000000045,0.0,2000.000003,1.828292141,1.799999951,10,12.469,0.0,100.0,50.0,0.0,0.0,2.0,2.0,1.0,1.0,1.0,0.02,2.0,0.3,3.5,0.0,deGFP,1.0,2026-03-09,ext,M,GFP-M-Gext,0.005991390429650633
0 days 05:55:23,37.0,J13,56694,J,13,GFP-M-Gext,1,2026-03-09 18:26:39,Cytation5,20260309-round1,6,Sample,5.000000045,0.0,2000.000003,1.828292141,1.799999951,10,12.469,0.0,100.0,50.0,0.0,0.0,2.0,2.0,1.0,1.0,1.0,0.02,2.0,0.3,3.5,0.0,deGFP,1.0,2026-03-09,ext,M,GFP-M-Gext,0.005965924705258764
0 days 06:00:23,37.1,J13,56559,J,13,GFP-M-Gext,1,2026-03-09 18:31:39,Cytation5,20260309-round1,6,Sample,5.000000045,0.0,2000.000003,1.828292141,1.799999951,10,12.469,0.0,100.0,50.0,0.0,0.0,2.0,2.0,1.0,1.0,1.0,0.02,2.0,0.3,3.5,0.0,deGFP,1.0,2026-03-09,ext,M,GFP-M-Gext,0.00595171861933768
0 days 00:00:23,28.9,J14,335,J,14,GFP-M-Gext,1,2026-03-09 12:31:39,Cytation5,20260309-round1,11,Sample,19.99999901,0.0,2000.000003,1.529999978,1.799999951,10,2.469,67.0,200.0,50.0,0.0,0.0,2.0,2.0,1.0,1.0,1.0,0.02,2.0,0.3,3.5,0.0,deGFP,1.0,2026-03-09,ext,M,GFP-M-Gext,3.52521391375046e-05
0 days 00:05:23,34.5,J14,327,J,14,GFP-M-Gext,1,2026-03-09 12:36:39,Cytation5,20260309-round1,11,Sample,19.99999901,0.0,2000.000003,1.529999978,1.799999951,10,2.469,67.0,200.0,50.0,0.0,0.0,2.0,2.0,1.0,1.0,1.0,0.02,2.0,0.3,3.5,0.0,deGFP,1.0,2026-03-09,ext,M,GFP-M-Gext,3.441029700884778e-05
0 days 00:10:23,37.0,J14,284,J,14,GFP-M-Gext,1,2026-03-09 12:41:39,Cytation5,20260309-round1,11,Sample,19.99999901,0.0,2000.000003,1.529999978,1.799999951,10,2.469,67.0,200.0,50.0,0.0,0.0,2.0,2.0,1.0,1.0,1.0,0.02,2.0,0.3,3.5,0.0,deGFP,1.0,2026-03-09,ext,M,GFP-M-Gext,2.9885395567317335e-05
0 days 00:15:23,37.0,J14,292,J,14,GFP-M-Gext,1,2026-03-09 12:46:39,Cytation5,20260309-round1,11,Sample,19.99999901,0.0,2000.000003,1.529999978,1.799999951,10,2.469,67.0,200.0,50.0,0.0,0.0,2.0,2.0,1.0,1.0,1.0,0.02,2.0,0.3,3.5,0.0,deGFP,1.0,2026-03-09,ext,M,GFP-M-Gext,3.072723769597416e-05
0 days 00:20:23,37.0,J14,298,J,14,GFP-M-Gext,1,2026-03-09 12:51:39,Cytation5,20260309-round1,11,Sample,19.99999901,0.0,2000.000003,1.529999978,1.799999951,10,2.469,67.0,200.0,50.0,0.0,0.0,2.0,2.0,1.0,1.0,1.0,0.02,2.0,0.3,3.5,0.0,deGFP,1.0,2026-03-09,ext,M,GFP-M-Gext,3.135861929246678e-05
0 days 00:25:23,37.0,J14,296,J,14,GFP-M-Gext,1,2026-03-09 12:56:39,Cytation5,20260309-round1,11,Sample,19.99999901,0.0,2000.000003,1.529999978,1.799999951,10,2.469,67.0,200.0,50.0,0.0,0.0,2.0,2.0,1.0,1.0,1.0,0.02,2.0,0.3,3.5,0.0,deGFP,1.0,2026-03-09,ext,M,GFP-M-Gext,3.1148158760302573e-05
0 days 00:30:23,37.0,J14,320,J,14,GFP-M-Gext,1,2026-03-09 13:01:39,Cytation5,20260309-round1,11,Sample,19.99999901,0.0,2000.000003,1.529999978,1.799999951,10,2.469,67.0,200.0,50.0,0.0,0.0,2.0,2.0,1.0,1.0,1.0,0.02,2.0,0.3,3.5,0.0,deGFP,1.0,2026-03-09,ext,M,GFP-M-Gext,3.367368514627305e-05
0 days 00:35:23,37.0,J14,301,J,14,GFP-M-Gext,1,2026-03-09 13:06:39,Cytation5,20260309-round1,11,Sample,19.99999901,0.0,2000.000003,1.529999978,1.799999951,10,2.469,67.0,200.0,50.0,0.0,0.0,2.0,2.0,1.0,1.0,1.0,0.02,2.0,0.3,3.5,0.0,deGFP,1.0,2026-03-09,ext,M,GFP-M-Gext,3.167431009071309e-05
0 days 00:40:23,37.0,J14,318,J,14,GFP-M-Gext,1,2026-03-09 13:11:39,Cytation5,20260309-round1,11,Sample,19.99999901,0.0,2000.000003,1.529999978,1.799999951,10,2.469,67.0,200.0,50.0,0.0,0.0,2.0,2.0,1.0,1.0,1.0,0.02,2.0,0.3,3.5,0.0,deGFP,1.0,2026-03-09,ext,M,GFP-M-Gext,3.346322461410885e-05
0 days 00:45:23,37.1,J14,321,J,14,GFP-M-Gext,1,2026-03-09 13:16:39,Cytation5,20260309-round1,11,Sample,19.99999901,0.0,2000.000003,1.529999978,1.799999951,10,2.469,67.0,200.0,50.0,0.0,0.0,2.0,2.0,1.0,1.0,1.0,0.02,2.0,0.3,3.5,0.0,deGFP,1.0,2026-03-09,ext,M,GFP-M-Gext,3.377891541235516e-05
0 days 00:50:23,37.0,J14,348,J,14,GFP-M-Gext,1,2026-03-09 13:21:39,Cytation5,20260309-round1,11,Sample,19.99999901,0.0,2000.000003,1.529999978,1.799999951,10,2.469,67.0,200.0,50.0,0.0,0.0,2.0,2.0,1.0,1.0,1.0,0.02,2.0,0.3,3.5,0.0,deGFP,1.0,2026-03-09,ext,M,GFP-M-Gext,3.6620132596571945e-05
0 days 00:55:23,37.0,J14,367,J,14,GFP-M-Gext,1,2026-03-09 13:26:39,Cytation5,20260309-round1,11,Sample,19.99999901,0.0,2000.000003,1.529999978,1.799999951,10,2.469,67.0,200.0,50.0,0.0,0.0,2.0,2.0,1.0,1.0,1.0,0.02,2.0,0.3,3.5,0.0,deGFP,1.0,2026-03-09,ext,M,GFP-M-Gext,3.8619507652131904e-05
0 days 01:00:23,37.0,J14,343,J,14,GFP-M-Gext,1,2026-03-09 13:31:39,Cytation5,20260309-round1,11,Sample,19.99999901,0.0,2000.000003,1.529999978,1.799999951,10,2.469,67.0,200.0,50.0,0.0,0.0,2.0,2.0,1.0,1.0,1.0,0.02,2.0,0.3,3.5,0.0,deGFP,1.0,2026-03-09,ext,M,GFP-M-Gext,3.609398126616143e-05
0 days 01:05:23,37.0,J14,370,J,14,GFP-M-Gext,1,2026-03-09 13:36:39,Cytation5,20260309-round1,11,Sample,19.99999901,0.0,2000.000003,1.529999978,1.799999951,10,2.469,67.0,200.0,50.0,0.0,0.0,2.0,2.0,1.0,1.0,1.0,0.02,2.0,0.3,3.5,0.0,deGFP,1.0,2026-03-09,ext,M,GFP-M-Gext,3.893519845037821e-05
0 days 01:10:23,37.0,J14,356,J,14,GFP-M-Gext,1,2026-03-09 13:41:39,Cytation5,20260309-round1,11,Sample,19.99999901,0.0,2000.000003,1.529999978,1.799999951,10,2.469,67.0,200.0,50.0,0.0,0.0,2.0,2.0,1.0,1.0,1.0,0.02,2.0,0.3,3.5,0.0,deGFP,1.0,2026-03-09,ext,M,GFP-M-Gext,3.746197472522877e-05
0 days 01:15:23,37.1,J14,368,J,14,GFP-M-Gext,1,2026-03-09 13:46:39,Cytation5,20260309-round1,11,Sample,19.99999901,0.0,2000.000003,1.529999978,1.799999951,10,2.469,67.0,200.0,50.0,0.0,0.0,2.0,2.0,1.0,1.0,1.0,0.02,2.0,0.3,3.5,0.0,deGFP,1.0,2026-03-09,ext,M,GFP-M-Gext,3.872473791821401e-05
0 days 01:20:23,37.0,J14,373,J,14,GFP-M-Gext,1,2026-03-09 13:51:39,Cytation5,20260309-round1,11,Sample,19.99999901,0.0,2000.000003,1.529999978,1.799999951,10,2.469,67.0,200.0,50.0,0.0,0.0,2.0,2.0,1.0,1.0,1.0,0.02,2.0,0.3,3.5,0.0,deGFP,1.0,2026-03-09,ext,M,GFP-M-Gext,3.925088924862452e-05
0 days 01:25:23,37.0,J14,405,J,14,GFP-M-Gext,1,2026-03-09 13:56:39,Cytation5,20260309-round1,11,Sample,19.99999901,0.0,2000.000003,1.529999978,1.799999951,10,2.469,67.0,200.0,50.0,0.0,0.0,2.0,2.0,1.0,1.0,1.0,0.02,2.0,0.3,3.5,0.0,deGFP,1.0,2026-03-09,ext,M,GFP-M-Gext,4.261825776325183e-05
0 days 01:30:23,37.0,J14,419,J,14,GFP-M-Gext,1,2026-03-09 14:01:39,Cytation5,20260309-round1,11,Sample,19.99999901,0.0,2000.000003,1.529999978,1.799999951,10,2.469,67.0,200.0,50.0,0.0,0.0,2.0,2.0,1.0,1.0,1.0,0.02,2.0,0.3,3.5,0.0,deGFP,1.0,2026-03-09,ext,M,GFP-M-Gext,4.4091481488401275e-05
0 days 01:35:23,37.0,J14,403,J,14,GFP-M-Gext,1,2026-03-09 14:06:39,Cytation5,20260309-round1,11,Sample,19.99999901,0.0,2000.000003,1.529999978,1.799999951,10,2.469,67.0,200.0,50.0,0.0,0.0,2.0,2.0,1.0,1.0,1.0,0.02,2.0,0.3,3.5,0.0,deGFP,1.0,2026-03-09,ext,M,GFP-M-Gext,4.2407797231087626e-05
0 days 01:40:23,37.0,J14,435,J,14,GFP-M-Gext,1,2026-03-09 14:11:39,Cytation5,20260309-round1,11,Sample,19.99999901,0.0,2000.000003,1.529999978,1.799999951,10,2.469,67.0,200.0,50.0,0.0,0.0,2.0,2.0,1.0,1.0,1.0,0.02,2.0,0.3,3.5,0.0,deGFP,1.0,2026-03-09,ext,M,GFP-M-Gext,4.577516574571493e-05
0 days 01:45:23,37.0,J14,450,J,14,GFP-M-Gext,1,2026-03-09 14:16:39,Cytation5,20260309-round1,11,Sample,19.99999901,0.0,2000.000003,1.529999978,1.799999951,10,2.469,67.0,200.0,50.0,0.0,0.0,2.0,2.0,1.0,1.0,1.0,0.02,2.0,0.3,3.5,0.0,deGFP,1.0,2026-03-09,ext,M,GFP-M-Gext,4.735361973694648e-05
0 days 01:50:23,37.0,J14,465,J,14,GFP-M-Gext,1,2026-03-09 14:21:39,Cytation5,20260309-round1,11,Sample,19.99999901,0.0,2000.000003,1.529999978,1.799999951,10,2.469,67.0,200.0,50.0,0.0,0.0,2.0,2.0,1.0,1.0,1.0,0.02,2.0,0.3,3.5,0.0,deGFP,1.0,2026-03-09,ext,M,GFP-M-Gext,4.893207372817803e-05
0 days 01:55:23,37.1,J14,447,J,14,GFP-M-Gext,1,2026-03-09 14:26:39,Cytation5,20260309-round1,11,Sample,19.99999901,0.0,2000.000003,1.529999978,1.799999951,10,2.469,67.0,200.0,50.0,0.0,0.0,2.0,2.0,1.0,1.0,1.0,0.02,2.0,0.3,3.5,0.0,deGFP,1.0,2026-03-09,ext,M,GFP-M-Gext,4.703792893870017e-05
0 days 02:00:23,37.0,J14,472,J,14,GFP-M-Gext,1,2026-03-09 14:31:39,Cytation5,20260309-round1,11,Sample,19.99999901,0.0,2000.000003,1.529999978,1.799999951,10,2.469,67.0,200.0,50.0,0.0,0.0,2.0,2.0,1.0,1.0,1.0,0.02,2.0,0.3,3.5,0.0,deGFP,1.0,2026-03-09,ext,M,GFP-M-Gext,4.9668685590752755e-05
0 days 02:05:23,37.0,J14,489,J,14,GFP-M-Gext,1,2026-03-09 14:36:39,Cytation5,20260309-round1,11,Sample,19.99999901,0.0,2000.000003,1.529999978,1.799999951,10,2.469,67.0,200.0,50.0,0.0,0.0,2.0,2.0,1.0,1.0,1.0,0.02,2.0,0.3,3.5,0.0,deGFP,1.0,2026-03-09,ext,M,GFP-M-Gext,5.1457600114148505e-05
0 days 02:10:23,37.1,J14,515,J,14,GFP-M-Gext,1,2026-03-09 14:41:39,Cytation5,20260309-round1,11,Sample,19.99999901,0.0,2000.000003,1.529999978,1.799999951,10,2.469,67.0,200.0,50.0,0.0,0.0,2.0,2.0,1.0,1.0,1.0,0.02,2.0,0.3,3.5,0.0,deGFP,1.0,2026-03-09,ext,M,GFP-M-Gext,5.419358703228319e-05
0 days 02:15:23,37.1,J14,495,J,14,GFP-M-Gext,1,2026-03-09 14:46:39,Cytation5,20260309-round1,11,Sample,19.99999901,0.0,2000.000003,1.529999978,1.799999951,10,2.469,67.0,200.0,50.0,0.0,0.0,2.0,2.0,1.0,1.0,1.0,0.02,2.0,0.3,3.5,0.0,deGFP,1.0,2026-03-09,ext,M,GFP-M-Gext,5.2088981710641124e-05
0 days 02:20:23,37.0,J14,527,J,14,GFP-M-Gext,1,2026-03-09 14:51:39,Cytation5,20260309-round1,11,Sample,19.99999901,0.0,2000.000003,1.529999978,1.799999951,10,2.469,67.0,200.0,50.0,0.0,0.0,2.0,2.0,1.0,1.0,1.0,0.02,2.0,0.3,3.5,0.0,deGFP,1.0,2026-03-09,ext,M,GFP-M-Gext,5.545635022526843e-05
0 days 02:25:23,37.0,J14,550,J,14,GFP-M-Gext,1,2026-03-09 14:56:39,Cytation5,20260309-round1,11,Sample,19.99999901,0.0,2000.000003,1.529999978,1.799999951,10,2.469,67.0,200.0,50.0,0.0,0.0,2.0,2.0,1.0,1.0,1.0,0.02,2.0,0.3,3.5,0.0,deGFP,1.0,2026-03-09,ext,M,GFP-M-Gext,5.7876646345156805e-05
0 days 02:30:23,37.0,J14,548,J,14,GFP-M-Gext,1,2026-03-09 15:01:39,Cytation5,20260309-round1,11,Sample,19.99999901,0.0,2000.000003,1.529999978,1.799999951,10,2.469,67.0,200.0,50.0,0.0,0.0,2.0,2.0,1.0,1.0,1.0,0.02,2.0,0.3,3.5,0.0,deGFP,1.0,2026-03-09,ext,M,GFP-M-Gext,5.76661858129926e-05
0 days 02:35:23,37.0,J14,619,J,14,GFP-M-Gext,1,2026-03-09 15:06:39,Cytation5,20260309-round1,11,Sample,19.99999901,0.0,2000.000003,1.529999978,1.799999951,10,2.469,67.0,200.0,50.0,0.0,0.0,2.0,2.0,1.0,1.0,1.0,0.02,2.0,0.3,3.5,0.0,deGFP,1.0,2026-03-09,ext,M,GFP-M-Gext,6.513753470482193e-05
0 days 02:40:23,37.0,J14,586,J,14,GFP-M-Gext,1,2026-03-09 15:11:39,Cytation5,20260309-round1,11,Sample,19.99999901,0.0,2000.000003,1.529999978,1.799999951,10,2.469,67.0,200.0,50.0,0.0,0.0,2.0,2.0,1.0,1.0,1.0,0.02,2.0,0.3,3.5,0.0,deGFP,1.0,2026-03-09,ext,M,GFP-M-Gext,6.166493592411253e-05
0 days 02:45:23,37.0,J14,639,J,14,GFP-M-Gext,1,2026-03-09 15:16:39,Cytation5,20260309-round1,11,Sample,19.99999901,0.0,2000.000003,1.529999978,1.799999951,10,2.469,67.0,200.0,50.0,0.0,0.0,2.0,2.0,1.0,1.0,1.0,0.02,2.0,0.3,3.5,0.0,deGFP,1.0,2026-03-09,ext,M,GFP-M-Gext,6.724214002646401e-05
0 days 02:50:23,37.0,J14,642,J,14,GFP-M-Gext,1,2026-03-09 15:21:39,Cytation5,20260309-round1,11,Sample,19.99999901,0.0,2000.000003,1.529999978,1.799999951,10,2.469,67.0,200.0,50.0,0.0,0.0,2.0,2.0,1.0,1.0,1.0,0.02,2.0,0.3,3.5,0.0,deGFP,1.0,2026-03-09,ext,M,GFP-M-Gext,6.755783082471032e-05
0 days 02:55:23,37.0,J14,660,J,14,GFP-M-Gext,1,2026-03-09 15:26:39,Cytation5,20260309-round1,11,Sample,19.99999901,0.0,2000.000003,1.529999978,1.799999951,10,2.469,67.0,200.0,50.0,0.0,0.0,2.0,2.0,1.0,1.0,1.0,0.02,2.0,0.3,3.5,0.0,deGFP,1.0,2026-03-09,ext,M,GFP-M-Gext,6.945197561418817e-05
0 days 03:00:23,36.9,J14,709,J,14,GFP-M-Gext,1,2026-03-09 15:31:39,Cytation5,20260309-round1,11,Sample,19.99999901,0.0,2000.000003,1.529999978,1.799999951,10,2.469,67.0,200.0,50.0,0.0,0.0,2.0,2.0,1.0,1.0,1.0,0.02,2.0,0.3,3.5,0.0,deGFP,1.0,2026-03-09,ext,M,GFP-M-Gext,7.460825865221124e-05
0 days 03:05:23,37.0,J14,708,J,14,GFP-M-Gext,1,2026-03-09 15:36:39,Cytation5,20260309-round1,11,Sample,19.99999901,0.0,2000.000003,1.529999978,1.799999951,10,2.469,67.0,200.0,50.0,0.0,0.0,2.0,2.0,1.0,1.0,1.0,0.02,2.0,0.3,3.5,0.0,deGFP,1.0,2026-03-09,ext,M,GFP-M-Gext,7.450302838612913e-05
0 days 03:10:23,37.0,J14,739,J,14,GFP-M-Gext,1,2026-03-09 15:41:39,Cytation5,20260309-round1,11,Sample,19.99999901,0.0,2000.000003,1.529999978,1.799999951,10,2.469,67.0,200.0,50.0,0.0,0.0,2.0,2.0,1.0,1.0,1.0,0.02,2.0,0.3,3.5,0.0,deGFP,1.0,2026-03-09,ext,M,GFP-M-Gext,7.776516663467433e-05
0 days 03:15:23,37.0,J14,720,J,14,GFP-M-Gext,1,2026-03-09 15:46:39,Cytation5,20260309-round1,11,Sample,19.99999901,0.0,2000.000003,1.529999978,1.799999951,10,2.469,67.0,200.0,50.0,0.0,0.0,2.0,2.0,1.0,1.0,1.0,0.02,2.0,0.3,3.5,0.0,deGFP,1.0,2026-03-09,ext,M,GFP-M-Gext,7.576579157911437e-05
0 days 03:20:23,37.0,J14,801,J,14,GFP-M-Gext,1,2026-03-09 15:51:39,Cytation5,20260309-round1,11,Sample,19.99999901,0.0,2000.000003,1.529999978,1.799999951,10,2.469,67.0,200.0,50.0,0.0,0.0,2.0,2.0,1.0,1.0,1.0,0.02,2.0,0.3,3.5,0.0,deGFP,1.0,2026-03-09,ext,M,GFP-M-Gext,8.428944313176473e-05
0 days 03:25:23,37.0,J14,792,J,14,GFP-M-Gext,1,2026-03-09 15:56:39,Cytation5,20260309-round1,11,Sample,19.99999901,0.0,2000.000003,1.529999978,1.799999951,10,2.469,67.0,200.0,50.0,0.0,0.0,2.0,2.0,1.0,1.0,1.0,0.02,2.0,0.3,3.5,0.0,deGFP,1.0,2026-03-09,ext,M,GFP-M-Gext,8.33423707370258e-05
0 days 03:30:23,37.0,J14,857,J,14,GFP-M-Gext,1,2026-03-09 16:01:39,Cytation5,20260309-round1,11,Sample,19.99999901,0.0,2000.000003,1.529999978,1.799999951,10,2.469,67.0,200.0,50.0,0.0,0.0,2.0,2.0,1.0,1.0,1.0,0.02,2.0,0.3,3.5,0.0,deGFP,1.0,2026-03-09,ext,M,GFP-M-Gext,9.018233803236252e-05
0 days 03:35:23,37.0,J14,841,J,14,GFP-M-Gext,1,2026-03-09 16:06:39,Cytation5,20260309-round1,11,Sample,19.99999901,0.0,2000.000003,1.529999978,1.799999951,10,2.469,67.0,200.0,50.0,0.0,0.0,2.0,2.0,1.0,1.0,1.0,0.02,2.0,0.3,3.5,0.0,deGFP,1.0,2026-03-09,ext,M,GFP-M-Gext,8.849865377504886e-05
0 days 03:40:23,37.1,J14,855,J,14,GFP-M-Gext,1,2026-03-09 16:11:39,Cytation5,20260309-round1,11,Sample,19.99999901,0.0,2000.000003,1.529999978,1.799999951,10,2.469,67.0,200.0,50.0,0.0,0.0,2.0,2.0,1.0,1.0,1.0,0.02,2.0,0.3,3.5,0.0,deGFP,1.0,2026-03-09,ext,M,GFP-M-Gext,8.997187750019831e-05
0 days 03:45:23,37.0,J14,913,J,14,GFP-M-Gext,1,2026-03-09 16:16:39,Cytation5,20260309-round1,11,Sample,19.99999901,0.0,2000.000003,1.529999978,1.799999951,10,2.469,67.0,200.0,50.0,0.0,0.0,2.0,2.0,1.0,1.0,1.0,0.02,2.0,0.3,3.5,0.0,deGFP,1.0,2026-03-09,ext,M,GFP-M-Gext,9.60752329329603e-05
0 days 03:50:23,37.0,J14,936,J,14,GFP-M-Gext,1,2026-03-09 16:21:39,Cytation5,20260309-round1,11,Sample,19.99999901,0.0,2000.000003,1.529999978,1.799999951,10,2.469,67.0,200.0,50.0,0.0,0.0,2.0,2.0,1.0,1.0,1.0,0.02,2.0,0.3,3.5,0.0,deGFP,1.0,2026-03-09,ext,M,GFP-M-Gext,9.849552905284867e-05
0 days 03:55:23,37.0,J14,949,J,14,GFP-M-Gext,1,2026-03-09 16:26:39,Cytation5,20260309-round1,11,Sample,19.99999901,0.0,2000.000003,1.529999978,1.799999951,10,2.469,67.0,200.0,50.0,0.0,0.0,2.0,2.0,1.0,1.0,1.0,0.02,2.0,0.3,3.5,0.0,deGFP,1.0,2026-03-09,ext,M,GFP-M-Gext,9.986352251191602e-05
0 days 04:00:23,37.0,J14,970,J,14,GFP-M-Gext,1,2026-03-09 16:31:39,Cytation5,20260309-round1,11,Sample,19.99999901,0.0,2000.000003,1.529999978,1.799999951,10,2.469,67.0,200.0,50.0,0.0,0.0,2.0,2.0,1.0,1.0,1.0,0.02,2.0,0.3,3.5,0.0,deGFP,1.0,2026-03-09,ext,M,GFP-M-Gext,0.00010207335809964019
0 days 04:05:23,37.1,J14,992,J,14,GFP-M-Gext,1,2026-03-09 16:36:39,Cytation5,20260309-round1,11,Sample,19.99999901,0.0,2000.000003,1.529999978,1.799999951,10,2.469,67.0,200.0,50.0,0.0,0.0,2.0,2.0,1.0,1.0,1.0,0.02,2.0,0.3,3.5,0.0,deGFP,1.0,2026-03-09,ext,M,GFP-M-Gext,0.00010438842395344646
0 days 04:10:23,37.1,J14,1065,J,14,GFP-M-Gext,1,2026-03-09 16:41:39,Cytation5,20260309-round1,11,Sample,19.99999901,0.0,2000.000003,1.529999978,1.799999951,10,2.469,67.0,200.0,50.0,0.0,0.0,2.0,2.0,1.0,1.0,1.0,0.02,2.0,0.3,3.5,0.0,deGFP,1.0,2026-03-09,ext,M,GFP-M-Gext,0.00011207023337744
0 days 04:15:23,37.0,J14,1069,J,14,GFP-M-Gext,1,2026-03-09 16:46:39,Cytation5,20260309-round1,11,Sample,19.99999901,0.0,2000.000003,1.529999978,1.799999951,10,2.469,67.0,200.0,50.0,0.0,0.0,2.0,2.0,1.0,1.0,1.0,0.02,2.0,0.3,3.5,0.0,deGFP,1.0,2026-03-09,ext,M,GFP-M-Gext,0.00011249115444176842
0 days 04:20:23,37.0,J14,1097,J,14,GFP-M-Gext,1,2026-03-09 16:51:39,Cytation5,20260309-round1,11,Sample,19.99999901,0.0,2000.000003,1.529999978,1.799999951,10,2.469,67.0,200.0,50.0,0.0,0.0,2.0,2.0,1.0,1.0,1.0,0.02,2.0,0.3,3.5,0.0,deGFP,1.0,2026-03-09,ext,M,GFP-M-Gext,0.0001154376018920673
0 days 04:25:23,37.0,J14,1141,J,14,GFP-M-Gext,1,2026-03-09 16:56:39,Cytation5,20260309-round1,11,Sample,19.99999901,0.0,2000.000003,1.529999978,1.799999951,10,2.469,67.0,200.0,50.0,0.0,0.0,2.0,2.0,1.0,1.0,1.0,0.02,2.0,0.3,3.5,0.0,deGFP,1.0,2026-03-09,ext,M,GFP-M-Gext,0.00012006773359967985
0 days 04:30:23,37.1,J14,1150,J,14,GFP-M-Gext,1,2026-03-09 17:01:39,Cytation5,20260309-round1,11,Sample,19.99999901,0.0,2000.000003,1.529999978,1.799999951,10,2.469,67.0,200.0,50.0,0.0,0.0,2.0,2.0,1.0,1.0,1.0,0.02,2.0,0.3,3.5,0.0,deGFP,1.0,2026-03-09,ext,M,GFP-M-Gext,0.00012101480599441878
0 days 04:35:23,37.0,J14,1198,J,14,GFP-M-Gext,1,2026-03-09 17:06:39,Cytation5,20260309-round1,11,Sample,19.99999901,0.0,2000.000003,1.529999978,1.799999951,10,2.469,67.0,200.0,50.0,0.0,0.0,2.0,2.0,1.0,1.0,1.0,0.02,2.0,0.3,3.5,0.0,deGFP,1.0,2026-03-09,ext,M,GFP-M-Gext,0.00012606585876635975
0 days 04:40:23,37.0,J14,1168,J,14,GFP-M-Gext,1,2026-03-09 17:11:39,Cytation5,20260309-round1,11,Sample,19.99999901,0.0,2000.000003,1.529999978,1.799999951,10,2.469,67.0,200.0,50.0,0.0,0.0,2.0,2.0,1.0,1.0,1.0,0.02,2.0,0.3,3.5,0.0,deGFP,1.0,2026-03-09,ext,M,GFP-M-Gext,0.00012290895078389665
0 days 04:45:23,37.0,J14,1290,J,14,GFP-M-Gext,1,2026-03-09 17:16:39,Cytation5,20260309-round1,11,Sample,19.99999901,0.0,2000.000003,1.529999978,1.799999951,10,2.469,67.0,200.0,50.0,0.0,0.0,2.0,2.0,1.0,1.0,1.0,0.02,2.0,0.3,3.5,0.0,deGFP,1.0,2026-03-09,ext,M,GFP-M-Gext,0.00013574704324591325
0 days 04:50:23,37.1,J14,1288,J,14,GFP-M-Gext,1,2026-03-09 17:21:39,Cytation5,20260309-round1,11,Sample,19.99999901,0.0,2000.000003,1.529999978,1.799999951,10,2.469,67.0,200.0,50.0,0.0,0.0,2.0,2.0,1.0,1.0,1.0,0.02,2.0,0.3,3.5,0.0,deGFP,1.0,2026-03-09,ext,M,GFP-M-Gext,0.00013553658271374904
0 days 04:55:23,37.1,J14,1360,J,14,GFP-M-Gext,1,2026-03-09 17:26:39,Cytation5,20260309-round1,11,Sample,19.99999901,0.0,2000.000003,1.529999978,1.799999951,10,2.469,67.0,200.0,50.0,0.0,0.0,2.0,2.0,1.0,1.0,1.0,0.02,2.0,0.3,3.5,0.0,deGFP,1.0,2026-03-09,ext,M,GFP-M-Gext,0.00014311316187166047
0 days 05:00:23,37.1,J14,1399,J,14,GFP-M-Gext,1,2026-03-09 17:31:39,Cytation5,20260309-round1,11,Sample,19.99999901,0.0,2000.000003,1.529999978,1.799999951,10,2.469,67.0,200.0,50.0,0.0,0.0,2.0,2.0,1.0,1.0,1.0,0.02,2.0,0.3,3.5,0.0,deGFP,1.0,2026-03-09,ext,M,GFP-M-Gext,0.0001472171422488625
0 days 05:05:23,37.0,J14,1399,J,14,GFP-M-Gext,1,2026-03-09 17:36:39,Cytation5,20260309-round1,11,Sample,19.99999901,0.0,2000.000003,1.529999978,1.799999951,10,2.469,67.0,200.0,50.0,0.0,0.0,2.0,2.0,1.0,1.0,1.0,0.02,2.0,0.3,3.5,0.0,deGFP,1.0,2026-03-09,ext,M,GFP-M-Gext,0.0001472171422488625
0 days 05:10:23,37.0,J14,1447,J,14,GFP-M-Gext,1,2026-03-09 17:41:39,Cytation5,20260309-round1,11,Sample,19.99999901,0.0,2000.000003,1.529999978,1.799999951,10,2.469,67.0,200.0,50.0,0.0,0.0,2.0,2.0,1.0,1.0,1.0,0.02,2.0,0.3,3.5,0.0,deGFP,1.0,2026-03-09,ext,M,GFP-M-Gext,0.00015226819502080346
0 days 05:15:23,37.0,J14,1434,J,14,GFP-M-Gext,1,2026-03-09 17:46:39,Cytation5,20260309-round1,11,Sample,19.99999901,0.0,2000.000003,1.529999978,1.799999951,10,2.469,67.0,200.0,50.0,0.0,0.0,2.0,2.0,1.0,1.0,1.0,0.02,2.0,0.3,3.5,0.0,deGFP,1.0,2026-03-09,ext,M,GFP-M-Gext,0.00015090020156173611
0 days 05:20:23,37.0,J14,1539,J,14,GFP-M-Gext,1,2026-03-09 17:51:39,Cytation5,20260309-round1,11,Sample,19.99999901,0.0,2000.000003,1.529999978,1.799999951,10,2.469,67.0,200.0,50.0,0.0,0.0,2.0,2.0,1.0,1.0,1.0,0.02,2.0,0.3,3.5,0.0,deGFP,1.0,2026-03-09,ext,M,GFP-M-Gext,0.00016194937950035697
0 days 05:25:23,37.1,J14,1530,J,14,GFP-M-Gext,1,2026-03-09 17:56:39,Cytation5,20260309-round1,11,Sample,19.99999901,0.0,2000.000003,1.529999978,1.799999951,10,2.469,67.0,200.0,50.0,0.0,0.0,2.0,2.0,1.0,1.0,1.0,0.02,2.0,0.3,3.5,0.0,deGFP,1.0,2026-03-09,ext,M,GFP-M-Gext,0.00016100230710561802
0 days 05:30:23,37.1,J14,1550,J,14,GFP-M-Gext,1,2026-03-09 18:01:39,Cytation5,20260309-round1,11,Sample,19.99999901,0.0,2000.000003,1.529999978,1.799999951,10,2.469,67.0,200.0,50.0,0.0,0.0,2.0,2.0,1.0,1.0,1.0,0.02,2.0,0.3,3.5,0.0,deGFP,1.0,2026-03-09,ext,M,GFP-M-Gext,0.0001631069124272601
0 days 05:35:23,37.1,J14,1632,J,14,GFP-M-Gext,1,2026-03-09 18:06:39,Cytation5,20260309-round1,11,Sample,19.99999901,0.0,2000.000003,1.529999978,1.799999951,10,2.469,67.0,200.0,50.0,0.0,0.0,2.0,2.0,1.0,1.0,1.0,0.02,2.0,0.3,3.5,0.0,deGFP,1.0,2026-03-09,ext,M,GFP-M-Gext,0.00017173579424599255
0 days 05:40:23,37.0,J14,1645,J,14,GFP-M-Gext,1,2026-03-09 18:11:39,Cytation5,20260309-round1,11,Sample,19.99999901,0.0,2000.000003,1.529999978,1.799999951,10,2.469,67.0,200.0,50.0,0.0,0.0,2.0,2.0,1.0,1.0,1.0,0.02,2.0,0.3,3.5,0.0,deGFP,1.0,2026-03-09,ext,M,GFP-M-Gext,0.0001731037877050599
0 days 05:45:23,37.0,J14,1685,J,14,GFP-M-Gext,1,2026-03-09 18:16:39,Cytation5,20260309-round1,11,Sample,19.99999901,0.0,2000.000003,1.529999978,1.799999951,10,2.469,67.0,200.0,50.0,0.0,0.0,2.0,2.0,1.0,1.0,1.0,0.02,2.0,0.3,3.5,0.0,deGFP,1.0,2026-03-09,ext,M,GFP-M-Gext,0.00017731299834834404
0 days 05:50:23,37.0,J14,1718,J,14,GFP-M-Gext,1,2026-03-09 18:21:39,Cytation5,20260309-round1,11,Sample,19.99999901,0.0,2000.000003,1.529999978,1.799999951,10,2.469,67.0,200.0,50.0,0.0,0.0,2.0,2.0,1.0,1.0,1.0,0.02,2.0,0.3,3.5,0.0,deGFP,1.0,2026-03-09,ext,M,GFP-M-Gext,0.00018078559712905344
0 days 05:55:23,37.0,J14,1784,J,14,GFP-M-Gext,1,2026-03-09 18:26:39,Cytation5,20260309-round1,11,Sample,19.99999901,0.0,2000.000003,1.529999978,1.799999951,10,2.469,67.0,200.0,50.0,0.0,0.0,2.0,2.0,1.0,1.0,1.0,0.02,2.0,0.3,3.5,0.0,deGFP,1.0,2026-03-09,ext,M,GFP-M-Gext,0.00018773079469047228
0 days 06:00:23,37.1,J14,1775,J,14,GFP-M-Gext,1,2026-03-09 18:31:39,Cytation5,20260309-round1,11,Sample,19.99999901,0.0,2000.000003,1.529999978,1.799999951,10,2.469,67.0,200.0,50.0,0.0,0.0,2.0,2.0,1.0,1.0,1.0,0.02,2.0,0.3,3.5,0.0,deGFP,1.0,2026-03-09,ext,M,GFP-M-Gext,0.00018678372229573333
0 days 00:00:23,28.9,J15,275,J,15,GFP-M-Gext,1,2026-03-09 12:31:39,Cytation5,20260309-round1,11,Sample,19.99999901,0.0,2000.000003,1.529999978,1.799999951,10,19.969,20.0,100.0,50.0,0.0,0.0,2.0,2.0,1.0,1.0,1.0,0.02,2.0,0.3,3.5,0.0,deGFP,1.0,2026-03-09,ext,M,GFP-M-Gext,2.8938323172578403e-05
0 days 00:05:23,34.5,J15,297,J,15,GFP-M-Gext,1,2026-03-09 12:36:39,Cytation5,20260309-round1,11,Sample,19.99999901,0.0,2000.000003,1.529999978,1.799999951,10,19.969,20.0,100.0,50.0,0.0,0.0,2.0,2.0,1.0,1.0,1.0,0.02,2.0,0.3,3.5,0.0,deGFP,1.0,2026-03-09,ext,M,GFP-M-Gext,3.1253389026384674e-05
0 days 00:10:23,37.0,J15,341,J,15,GFP-M-Gext,1,2026-03-09 12:41:39,Cytation5,20260309-round1,11,Sample,19.99999901,0.0,2000.000003,1.529999978,1.799999951,10,19.969,20.0,100.0,50.0,0.0,0.0,2.0,2.0,1.0,1.0,1.0,0.02,2.0,0.3,3.5,0.0,deGFP,1.0,2026-03-09,ext,M,GFP-M-Gext,3.588352073399722e-05
0 days 00:15:23,37.0,J15,941,J,15,GFP-M-Gext,1,2026-03-09 12:46:39,Cytation5,20260309-round1,11,Sample,19.99999901,0.0,2000.000003,1.529999978,1.799999951,10,19.969,20.0,100.0,50.0,0.0,0.0,2.0,2.0,1.0,1.0,1.0,0.02,2.0,0.3,3.5,0.0,deGFP,1.0,2026-03-09,ext,M,GFP-M-Gext,9.90216803832592e-05
0 days 00:20:23,37.0,J15,2914,J,15,GFP-M-Gext,1,2026-03-09 12:51:39,Cytation5,20260309-round1,11,Sample,19.99999901,0.0,2000.000003,1.529999978,1.799999951,10,19.969,20.0,100.0,50.0,0.0,0.0,2.0,2.0,1.0,1.0,1.0,0.02,2.0,0.3,3.5,0.0,deGFP,1.0,2026-03-09,ext,M,GFP-M-Gext,0.00030664099536324897
0 days 00:25:23,37.0,J15,6514,J,15,GFP-M-Gext,1,2026-03-09 12:56:39,Cytation5,20260309-round1,11,Sample,19.99999901,0.0,2000.000003,1.529999978,1.799999951,10,19.969,20.0,100.0,50.0,0.0,0.0,2.0,2.0,1.0,1.0,1.0,0.02,2.0,0.3,3.5,0.0,deGFP,1.0,2026-03-09,ext,M,GFP-M-Gext,0.0006854699532588208
0 days 00:30:23,37.0,J15,11988,J,15,GFP-M-Gext,1,2026-03-09 13:01:39,Cytation5,20260309-round1,11,Sample,19.99999901,0.0,2000.000003,1.529999978,1.799999951,10,19.969,20.0,100.0,50.0,0.0,0.0,2.0,2.0,1.0,1.0,1.0,0.02,2.0,0.3,3.5,0.0,deGFP,1.0,2026-03-09,ext,M,GFP-M-Gext,0.0012615004297922541
0 days 00:35:23,37.0,J15,18648,J,15,GFP-M-Gext,1,2026-03-09 13:06:39,Cytation5,20260309-round1,11,Sample,19.99999901,0.0,2000.000003,1.529999978,1.799999951,10,19.969,20.0,100.0,50.0,0.0,0.0,2.0,2.0,1.0,1.0,1.0,0.02,2.0,0.3,3.5,0.0,deGFP,1.0,2026-03-09,ext,M,GFP-M-Gext,0.001962334001899062
0 days 00:40:23,37.0,J15,26342,J,15,GFP-M-Gext,1,2026-03-09 13:11:39,Cytation5,20260309-round1,11,Sample,19.99999901,0.0,2000.000003,1.529999978,1.799999951,10,19.969,20.0,100.0,50.0,0.0,0.0,2.0,2.0,1.0,1.0,1.0,0.02,2.0,0.3,3.5,0.0,deGFP,1.0,2026-03-09,ext,M,GFP-M-Gext,0.002771975669134765
0 days 00:45:23,37.1,J15,34958,J,15,GFP-M-Gext,1,2026-03-09 13:16:39,Cytation5,20260309-round1,11,Sample,19.99999901,0.0,2000.000003,1.529999978,1.799999951,10,19.969,20.0,100.0,50.0,0.0,0.0,2.0,2.0,1.0,1.0,1.0,0.02,2.0,0.3,3.5,0.0,deGFP,1.0,2026-03-09,ext,M,GFP-M-Gext,0.003678639641698167
0 days 00:50:23,37.0,J15,44254,J,15,GFP-M-Gext,1,2026-03-09 13:21:39,Cytation5,20260309-round1,11,Sample,19.99999901,0.0,2000.000003,1.529999978,1.799999951,10,19.969,20.0,100.0,50.0,0.0,0.0,2.0,2.0,1.0,1.0,1.0,0.02,2.0,0.3,3.5,0.0,deGFP,1.0,2026-03-09,ext,M,GFP-M-Gext,0.004656860195197399
0 days 00:55:23,37.0,J15,54099,J,15,GFP-M-Gext,1,2026-03-09 13:26:39,Cytation5,20260309-round1,11,Sample,19.99999901,0.0,2000.000003,1.529999978,1.799999951,10,19.969,20.0,100.0,50.0,0.0,0.0,2.0,2.0,1.0,1.0,1.0,0.02,2.0,0.3,3.5,0.0,deGFP,1.0,2026-03-09,ext,M,GFP-M-Gext,0.005692852164775706
0 days 01:00:23,37.0,J15,64683,J,15,GFP-M-Gext,1,2026-03-09 13:31:39,Cytation5,20260309-round1,11,Sample,19.99999901,0.0,2000.000003,1.529999978,1.799999951,10,19.969,20.0,100.0,50.0,0.0,0.0,2.0,2.0,1.0,1.0,1.0,0.02,2.0,0.3,3.5,0.0,deGFP,1.0,2026-03-09,ext,M,GFP-M-Gext,0.006806609300988687
0 days 01:05:23,37.0,J15,75210,J,15,GFP-M-Gext,1,2026-03-09 13:36:39,Cytation5,20260309-round1,11,Sample,19.99999901,0.0,2000.000003,1.529999978,1.799999951,10,19.969,20.0,100.0,50.0,0.0,0.0,2.0,2.0,1.0,1.0,1.0,0.02,2.0,0.3,3.5,0.0,deGFP,1.0,2026-03-09,ext,M,GFP-M-Gext,0.007914368312034988
0 days 01:10:23,37.0,J15,86739,J,15,GFP-M-Gext,1,2026-03-09 13:41:39,Cytation5,20260309-round1,11,Sample,19.99999901,0.0,2000.000003,1.529999978,1.799999951,10,19.969,20.0,100.0,50.0,0.0,0.0,2.0,2.0,1.0,1.0,1.0,0.02,2.0,0.3,3.5,0.0,deGFP,1.0,2026-03-09,ext,M,GFP-M-Gext,0.009127568049695558
0 days 01:15:23,37.1,J15,97583,J,15,GFP-M-Gext,1,2026-03-09 13:46:39,Cytation5,20260309-round1,11,Sample,19.99999901,0.0,2000.000003,1.529999978,1.799999951,10,19.969,20.0,100.0,50.0,0.0,0.0,2.0,2.0,1.0,1.0,1.0,0.02,2.0,0.3,3.5,0.0,deGFP,1.0,2026-03-09,ext,M,GFP-M-Gext,0.010268685055089885
0 days 01:20:23,37.0,J15,109051,J,15,GFP-M-Gext,1,2026-03-09 13:51:39,Cytation5,20260309-round1,11,Sample,19.99999901,0.0,2000.000003,1.529999978,1.799999951,10,19.969,20.0,100.0,50.0,0.0,0.0,2.0,2.0,1.0,1.0,1.0,0.02,2.0,0.3,3.5,0.0,deGFP,1.0,2026-03-09,ext,M,GFP-M-Gext,0.011475465746519446
0 days 01:25:23,37.0,J15,121707,J,15,GFP-M-Gext,1,2026-03-09 13:56:39,Cytation5,20260309-round1,11,Sample,19.99999901,0.0,2000.000003,1.529999978,1.799999951,10,19.969,20.0,100.0,50.0,0.0,0.0,2.0,2.0,1.0,1.0,1.0,0.02,2.0,0.3,3.5,0.0,deGFP,1.0,2026-03-09,ext,M,GFP-M-Gext,0.012807259994054545
0 days 01:30:23,37.0,J15,133779,J,15,GFP-M-Gext,1,2026-03-09 14:01:39,Cytation5,20260309-round1,11,Sample,19.99999901,0.0,2000.000003,1.529999978,1.799999951,10,19.969,20.0,100.0,50.0,0.0,0.0,2.0,2.0,1.0,1.0,1.0,0.02,2.0,0.3,3.5,0.0,deGFP,1.0,2026-03-09,ext,M,GFP-M-Gext,0.014077599766197695
0 days 01:35:23,37.0,J15,144441,J,15,GFP-M-Gext,1,2026-03-09 14:06:39,Cytation5,20260309-round1,11,Sample,19.99999901,0.0,2000.000003,1.529999978,1.799999951,10,19.969,20.0,100.0,50.0,0.0,0.0,2.0,2.0,1.0,1.0,1.0,0.02,2.0,0.3,3.5,0.0,deGFP,1.0,2026-03-09,ext,M,GFP-M-Gext,0.015199564863165082
0 days 01:40:23,37.0,J15,155786,J,15,GFP-M-Gext,1,2026-03-09 14:11:39,Cytation5,20260309-round1,11,Sample,19.99999901,0.0,2000.000003,1.529999978,1.799999951,10,19.969,20.0,100.0,50.0,0.0,0.0,2.0,2.0,1.0,1.0,1.0,0.02,2.0,0.3,3.5,0.0,deGFP,1.0,2026-03-09,ext,M,GFP-M-Gext,0.01639340223186654
0 days 01:45:23,37.0,J15,168446,J,15,GFP-M-Gext,1,2026-03-09 14:16:39,Cytation5,20260309-round1,11,Sample,19.99999901,0.0,2000.000003,1.529999978,1.799999951,10,19.969,20.0,100.0,50.0,0.0,0.0,2.0,2.0,1.0,1.0,1.0,0.02,2.0,0.3,3.5,0.0,deGFP,1.0,2026-03-09,ext,M,GFP-M-Gext,0.017725617400465972
0 days 01:50:23,37.0,J15,178509,J,15,GFP-M-Gext,1,2026-03-09 14:21:39,Cytation5,20260309-round1,11,Sample,19.99999901,0.0,2000.000003,1.529999978,1.799999951,10,19.969,20.0,100.0,50.0,0.0,0.0,2.0,2.0,1.0,1.0,1.0,0.02,2.0,0.3,3.5,0.0,deGFP,1.0,2026-03-09,ext,M,GFP-M-Gext,0.018784549568050174
0 days 01:55:23,37.1,J15,188867,J,15,GFP-M-Gext,1,2026-03-09 14:26:39,Cytation5,20260309-round1,11,Sample,19.99999901,0.0,2000.000003,1.529999978,1.799999951,10,19.969,20.0,100.0,50.0,0.0,0.0,2.0,2.0,1.0,1.0,1.0,0.02,2.0,0.3,3.5,0.0,deGFP,1.0,2026-03-09,ext,M,GFP-M-Gext,0.0198745246641286
0 days 02:00:23,37.0,J15,199868,J,15,GFP-M-Gext,1,2026-03-09 14:31:39,Cytation5,20260309-round1,11,Sample,19.99999901,0.0,2000.000003,1.529999978,1.799999951,10,19.969,20.0,100.0,50.0,0.0,0.0,2.0,2.0,1.0,1.0,1.0,0.02,2.0,0.3,3.5,0.0,deGFP,1.0,2026-03-09,ext,M,GFP-M-Gext,0.021032162821297818
0 days 02:05:23,37.0,J15,211102,J,15,GFP-M-Gext,1,2026-03-09 14:36:39,Cytation5,20260309-round1,11,Sample,19.99999901,0.0,2000.000003,1.529999978,1.799999951,10,19.969,20.0,100.0,50.0,0.0,0.0,2.0,2.0,1.0,1.0,1.0,0.02,2.0,0.3,3.5,0.0,deGFP,1.0,2026-03-09,ext,M,GFP-M-Gext,0.022214319630464167
0 days 02:10:23,37.1,J15,220716,J,15,GFP-M-Gext,1,2026-03-09 14:41:39,Cytation5,20260309-round1,11,Sample,19.99999901,0.0,2000.000003,1.529999978,1.799999951,10,19.969,20.0,100.0,50.0,0.0,0.0,2.0,2.0,1.0,1.0,1.0,0.02,2.0,0.3,3.5,0.0,deGFP,1.0,2026-03-09,ext,M,GFP-M-Gext,0.02322600340857751
0 days 02:15:23,37.1,J15,229928,J,15,GFP-M-Gext,1,2026-03-09 14:46:39,Cytation5,20260309-round1,11,Sample,19.99999901,0.0,2000.000003,1.529999978,1.799999951,10,19.969,20.0,100.0,50.0,0.0,0.0,2.0,2.0,1.0,1.0,1.0,0.02,2.0,0.3,3.5,0.0,deGFP,1.0,2026-03-09,ext,M,GFP-M-Gext,0.024195384619725844
0 days 02:20:23,37.0,J15,238694,J,15,GFP-M-Gext,1,2026-03-09 14:51:39,Cytation5,20260309-round1,11,Sample,19.99999901,0.0,2000.000003,1.529999978,1.799999951,10,19.969,20.0,100.0,50.0,0.0,0.0,2.0,2.0,1.0,1.0,1.0,0.02,2.0,0.3,3.5,0.0,deGFP,1.0,2026-03-09,ext,M,GFP-M-Gext,0.02511783313220156
0 days 02:25:23,37.0,J15,246048,J,15,GFP-M-Gext,1,2026-03-09 14:56:39,Cytation5,20260309-round1,11,Sample,19.99999901,0.0,2000.000003,1.529999978,1.799999951,10,19.969,20.0,100.0,50.0,0.0,0.0,2.0,2.0,1.0,1.0,1.0,0.02,2.0,0.3,3.5,0.0,deGFP,1.0,2026-03-09,ext,M,GFP-M-Gext,0.025891696508969348
0 days 02:30:23,37.0,J15,252039,J,15,GFP-M-Gext,1,2026-03-09 15:01:39,Cytation5,20260309-round1,11,Sample,19.99999901,0.0,2000.000003,1.529999978,1.799999951,10,19.969,20.0,100.0,50.0,0.0,0.0,2.0,2.0,1.0,1.0,1.0,0.02,2.0,0.3,3.5,0.0,deGFP,1.0,2026-03-09,ext,M,GFP-M-Gext,0.02652213103306723
0 days 02:35:23,37.0,J15,257876,J,15,GFP-M-Gext,1,2026-03-09 15:06:39,Cytation5,20260309-round1,11,Sample,19.99999901,0.0,2000.000003,1.529999978,1.799999951,10,19.969,20.0,100.0,50.0,0.0,0.0,2.0,2.0,1.0,1.0,1.0,0.02,2.0,0.3,3.5,0.0,deGFP,1.0,2026-03-09,ext,M,GFP-M-Gext,0.02713636009618847
0 days 02:40:23,37.0,J15,263651,J,15,GFP-M-Gext,1,2026-03-09 15:11:39,Cytation5,20260309-round1,11,Sample,19.99999901,0.0,2000.000003,1.529999978,1.799999951,10,19.969,20.0,100.0,50.0,0.0,0.0,2.0,2.0,1.0,1.0,1.0,0.02,2.0,0.3,3.5,0.0,deGFP,1.0,2026-03-09,ext,M,GFP-M-Gext,0.027744064882812614
0 days 02:45:23,37.0,J15,268282,J,15,GFP-M-Gext,1,2026-03-09 15:16:39,Cytation5,20260309-round1,11,Sample,19.99999901,0.0,2000.000003,1.529999978,1.799999951,10,19.969,20.0,100.0,50.0,0.0,0.0,2.0,2.0,1.0,1.0,1.0,0.02,2.0,0.3,3.5,0.0,deGFP,1.0,2026-03-09,ext,M,GFP-M-Gext,0.028231386245038834
0 days 02:50:23,37.0,J15,272943,J,15,GFP-M-Gext,1,2026-03-09 15:21:39,Cytation5,20260309-round1,11,Sample,19.99999901,0.0,2000.000003,1.529999978,1.799999951,10,19.969,20.0,100.0,50.0,0.0,0.0,2.0,2.0,1.0,1.0,1.0,0.02,2.0,0.3,3.5,0.0,deGFP,1.0,2026-03-09,ext,M,GFP-M-Gext,0.028721864515247518
0 days 02:55:23,37.0,J15,275266,J,15,GFP-M-Gext,1,2026-03-09 15:26:39,Cytation5,20260309-round1,11,Sample,19.99999901,0.0,2000.000003,1.529999978,1.799999951,10,19.969,20.0,100.0,50.0,0.0,0.0,2.0,2.0,1.0,1.0,1.0,0.02,2.0,0.3,3.5,0.0,deGFP,1.0,2026-03-09,ext,M,GFP-M-Gext,0.028966314423356242
0 days 03:00:23,36.9,J15,279064,J,15,GFP-M-Gext,1,2026-03-09 15:31:39,Cytation5,20260309-round1,11,Sample,19.99999901,0.0,2000.000003,1.529999978,1.799999951,10,19.969,20.0,100.0,50.0,0.0,0.0,2.0,2.0,1.0,1.0,1.0,0.02,2.0,0.3,3.5,0.0,deGFP,1.0,2026-03-09,ext,M,GFP-M-Gext,0.02936597897393607
0 days 03:05:23,37.0,J15,280484,J,15,GFP-M-Gext,1,2026-03-09 15:36:39,Cytation5,20260309-round1,11,Sample,19.99999901,0.0,2000.000003,1.529999978,1.799999951,10,19.969,20.0,100.0,50.0,0.0,0.0,2.0,2.0,1.0,1.0,1.0,0.02,2.0,0.3,3.5,0.0,deGFP,1.0,2026-03-09,ext,M,GFP-M-Gext,0.02951540595177266
0 days 03:10:23,37.0,J15,283604,J,15,GFP-M-Gext,1,2026-03-09 15:41:39,Cytation5,20260309-round1,11,Sample,19.99999901,0.0,2000.000003,1.529999978,1.799999951,10,19.969,20.0,100.0,50.0,0.0,0.0,2.0,2.0,1.0,1.0,1.0,0.02,2.0,0.3,3.5,0.0,deGFP,1.0,2026-03-09,ext,M,GFP-M-Gext,0.029843724381948822
0 days 03:15:23,37.0,J15,284989,J,15,GFP-M-Gext,1,2026-03-09 15:46:39,Cytation5,20260309-round1,11,Sample,19.99999901,0.0,2000.000003,1.529999978,1.799999951,10,19.969,20.0,100.0,50.0,0.0,0.0,2.0,2.0,1.0,1.0,1.0,0.02,2.0,0.3,3.5,0.0,deGFP,1.0,2026-03-09,ext,M,GFP-M-Gext,0.029989468300472534
0 days 03:20:23,37.0,J15,287789,J,15,GFP-M-Gext,1,2026-03-09 15:51:39,Cytation5,20260309-round1,11,Sample,19.99999901,0.0,2000.000003,1.529999978,1.799999951,10,19.969,20.0,100.0,50.0,0.0,0.0,2.0,2.0,1.0,1.0,1.0,0.02,2.0,0.3,3.5,0.0,deGFP,1.0,2026-03-09,ext,M,GFP-M-Gext,0.030284113045502423
0 days 03:25:23,37.0,J15,287823,J,15,GFP-M-Gext,1,2026-03-09 15:56:39,Cytation5,20260309-round1,11,Sample,19.99999901,0.0,2000.000003,1.529999978,1.799999951,10,19.969,20.0,100.0,50.0,0.0,0.0,2.0,2.0,1.0,1.0,1.0,0.02,2.0,0.3,3.5,0.0,deGFP,1.0,2026-03-09,ext,M,GFP-M-Gext,0.030287690874549213
0 days 03:30:23,37.0,J15,288851,J,15,GFP-M-Gext,1,2026-03-09 16:01:39,Cytation5,20260309-round1,11,Sample,19.99999901,0.0,2000.000003,1.529999978,1.799999951,10,19.969,20.0,100.0,50.0,0.0,0.0,2.0,2.0,1.0,1.0,1.0,0.02,2.0,0.3,3.5,0.0,deGFP,1.0,2026-03-09,ext,M,GFP-M-Gext,0.030395867588081618
0 days 03:35:23,37.0,J15,288411,J,15,GFP-M-Gext,1,2026-03-09 16:06:39,Cytation5,20260309-round1,11,Sample,19.99999901,0.0,2000.000003,1.529999978,1.799999951,10,19.969,20.0,100.0,50.0,0.0,0.0,2.0,2.0,1.0,1.0,1.0,0.02,2.0,0.3,3.5,0.0,deGFP,1.0,2026-03-09,ext,M,GFP-M-Gext,0.03034956627100549
0 days 03:40:23,37.1,J15,289080,J,15,GFP-M-Gext,1,2026-03-09 16:11:39,Cytation5,20260309-round1,11,Sample,19.99999901,0.0,2000.000003,1.529999978,1.799999951,10,19.969,20.0,100.0,50.0,0.0,0.0,2.0,2.0,1.0,1.0,1.0,0.02,2.0,0.3,3.5,0.0,deGFP,1.0,2026-03-09,ext,M,GFP-M-Gext,0.03041996531901442
0 days 03:45:23,37.0,J15,290036,J,15,GFP-M-Gext,1,2026-03-09 16:16:39,Cytation5,20260309-round1,11,Sample,19.99999901,0.0,2000.000003,1.529999978,1.799999951,10,19.969,20.0,100.0,50.0,0.0,0.0,2.0,2.0,1.0,1.0,1.0,0.02,2.0,0.3,3.5,0.0,deGFP,1.0,2026-03-09,ext,M,GFP-M-Gext,0.03052056545338891
0 days 03:50:23,37.0,J15,290104,J,15,GFP-M-Gext,1,2026-03-09 16:21:39,Cytation5,20260309-round1,11,Sample,19.99999901,0.0,2000.000003,1.529999978,1.799999951,10,19.969,20.0,100.0,50.0,0.0,0.0,2.0,2.0,1.0,1.0,1.0,0.02,2.0,0.3,3.5,0.0,deGFP,1.0,2026-03-09,ext,M,GFP-M-Gext,0.03052772111148249
0 days 03:55:23,37.0,J15,289611,J,15,GFP-M-Gext,1,2026-03-09 16:26:39,Cytation5,20260309-round1,11,Sample,19.99999901,0.0,2000.000003,1.529999978,1.799999951,10,19.969,20.0,100.0,50.0,0.0,0.0,2.0,2.0,1.0,1.0,1.0,0.02,2.0,0.3,3.5,0.0,deGFP,1.0,2026-03-09,ext,M,GFP-M-Gext,0.030475842590304014
0 days 04:00:23,37.0,J15,289919,J,15,GFP-M-Gext,1,2026-03-09 16:31:39,Cytation5,20260309-round1,11,Sample,19.99999901,0.0,2000.000003,1.529999978,1.799999951,10,19.969,20.0,100.0,50.0,0.0,0.0,2.0,2.0,1.0,1.0,1.0,0.02,2.0,0.3,3.5,0.0,deGFP,1.0,2026-03-09,ext,M,GFP-M-Gext,0.0305082535122573
0 days 04:05:23,37.1,J15,288409,J,15,GFP-M-Gext,1,2026-03-09 16:36:39,Cytation5,20260309-round1,11,Sample,19.99999901,0.0,2000.000003,1.529999978,1.799999951,10,19.969,20.0,100.0,50.0,0.0,0.0,2.0,2.0,1.0,1.0,1.0,0.02,2.0,0.3,3.5,0.0,deGFP,1.0,2026-03-09,ext,M,GFP-M-Gext,0.030349355810473325
0 days 04:10:23,37.1,J15,288137,J,15,GFP-M-Gext,1,2026-03-09 16:41:39,Cytation5,20260309-round1,11,Sample,19.99999901,0.0,2000.000003,1.529999978,1.799999951,10,19.969,20.0,100.0,50.0,0.0,0.0,2.0,2.0,1.0,1.0,1.0,0.02,2.0,0.3,3.5,0.0,deGFP,1.0,2026-03-09,ext,M,GFP-M-Gext,0.030320733178098996
0 days 04:15:23,37.0,J15,289135,J,15,GFP-M-Gext,1,2026-03-09 16:46:39,Cytation5,20260309-round1,11,Sample,19.99999901,0.0,2000.000003,1.529999978,1.799999951,10,19.969,20.0,100.0,50.0,0.0,0.0,2.0,2.0,1.0,1.0,1.0,0.02,2.0,0.3,3.5,0.0,deGFP,1.0,2026-03-09,ext,M,GFP-M-Gext,0.030425752983648933
0 days 04:20:23,37.0,J15,290490,J,15,GFP-M-Gext,1,2026-03-09 16:51:39,Cytation5,20260309-round1,11,Sample,19.99999901,0.0,2000.000003,1.529999978,1.799999951,10,19.969,20.0,100.0,50.0,0.0,0.0,2.0,2.0,1.0,1.0,1.0,0.02,2.0,0.3,3.5,0.0,deGFP,1.0,2026-03-09,ext,M,GFP-M-Gext,0.030568339994190185
0 days 04:25:23,37.0,J15,289021,J,15,GFP-M-Gext,1,2026-03-09 16:56:39,Cytation5,20260309-round1,11,Sample,19.99999901,0.0,2000.000003,1.529999978,1.799999951,10,19.969,20.0,100.0,50.0,0.0,0.0,2.0,2.0,1.0,1.0,1.0,0.02,2.0,0.3,3.5,0.0,deGFP,1.0,2026-03-09,ext,M,GFP-M-Gext,0.030413756733315575
0 days 04:30:23,37.1,J15,289195,J,15,GFP-M-Gext,1,2026-03-09 17:01:39,Cytation5,20260309-round1,11,Sample,19.99999901,0.0,2000.000003,1.529999978,1.799999951,10,19.969,20.0,100.0,50.0,0.0,0.0,2.0,2.0,1.0,1.0,1.0,0.02,2.0,0.3,3.5,0.0,deGFP,1.0,2026-03-09,ext,M,GFP-M-Gext,0.03043206679961386
0 days 04:35:23,37.0,J15,289911,J,15,GFP-M-Gext,1,2026-03-09 17:06:39,Cytation5,20260309-round1,11,Sample,19.99999901,0.0,2000.000003,1.529999978,1.799999951,10,19.969,20.0,100.0,50.0,0.0,0.0,2.0,2.0,1.0,1.0,1.0,0.02,2.0,0.3,3.5,0.0,deGFP,1.0,2026-03-09,ext,M,GFP-M-Gext,0.030507411670128645
0 days 04:40:23,37.0,J15,288641,J,15,GFP-M-Gext,1,2026-03-09 17:11:39,Cytation5,20260309-round1,11,Sample,19.99999901,0.0,2000.000003,1.529999978,1.799999951,10,19.969,20.0,100.0,50.0,0.0,0.0,2.0,2.0,1.0,1.0,1.0,0.02,2.0,0.3,3.5,0.0,deGFP,1.0,2026-03-09,ext,M,GFP-M-Gext,0.030373769232204376
0 days 04:45:23,37.0,J15,289439,J,15,GFP-M-Gext,1,2026-03-09 17:16:39,Cytation5,20260309-round1,11,Sample,19.99999901,0.0,2000.000003,1.529999978,1.799999951,10,19.969,20.0,100.0,50.0,0.0,0.0,2.0,2.0,1.0,1.0,1.0,0.02,2.0,0.3,3.5,0.0,deGFP,1.0,2026-03-09,ext,M,GFP-M-Gext,0.03045774298453789
0 days 04:50:23,37.1,J15,288743,J,15,GFP-M-Gext,1,2026-03-09 17:21:39,Cytation5,20260309-round1,11,Sample,19.99999901,0.0,2000.000003,1.529999978,1.799999951,10,19.969,20.0,100.0,50.0,0.0,0.0,2.0,2.0,1.0,1.0,1.0,0.02,2.0,0.3,3.5,0.0,deGFP,1.0,2026-03-09,ext,M,GFP-M-Gext,0.030384502719344748
0 days 04:55:23,37.1,J15,288447,J,15,GFP-M-Gext,1,2026-03-09 17:26:39,Cytation5,20260309-round1,11,Sample,19.99999901,0.0,2000.000003,1.529999978,1.799999951,10,19.969,20.0,100.0,50.0,0.0,0.0,2.0,2.0,1.0,1.0,1.0,0.02,2.0,0.3,3.5,0.0,deGFP,1.0,2026-03-09,ext,M,GFP-M-Gext,0.030353354560584446
0 days 05:00:23,37.1,J15,287813,J,15,GFP-M-Gext,1,2026-03-09 17:31:39,Cytation5,20260309-round1,11,Sample,19.99999901,0.0,2000.000003,1.529999978,1.799999951,10,19.969,20.0,100.0,50.0,0.0,0.0,2.0,2.0,1.0,1.0,1.0,0.02,2.0,0.3,3.5,0.0,deGFP,1.0,2026-03-09,ext,M,GFP-M-Gext,0.030286638571888392
0 days 05:05:23,37.0,J15,288422,J,15,GFP-M-Gext,1,2026-03-09 17:36:39,Cytation5,20260309-round1,11,Sample,19.99999901,0.0,2000.000003,1.529999978,1.799999951,10,19.969,20.0,100.0,50.0,0.0,0.0,2.0,2.0,1.0,1.0,1.0,0.02,2.0,0.3,3.5,0.0,deGFP,1.0,2026-03-09,ext,M,GFP-M-Gext,0.030350723803932392
0 days 05:10:23,37.0,J15,289156,J,15,GFP-M-Gext,1,2026-03-09 17:41:39,Cytation5,20260309-round1,11,Sample,19.99999901,0.0,2000.000003,1.529999978,1.799999951,10,19.969,20.0,100.0,50.0,0.0,0.0,2.0,2.0,1.0,1.0,1.0,0.02,2.0,0.3,3.5,0.0,deGFP,1.0,2026-03-09,ext,M,GFP-M-Gext,0.030427962819236657
0 days 05:15:23,37.0,J15,288447,J,15,GFP-M-Gext,1,2026-03-09 17:46:39,Cytation5,20260309-round1,11,Sample,19.99999901,0.0,2000.000003,1.529999978,1.799999951,10,19.969,20.0,100.0,50.0,0.0,0.0,2.0,2.0,1.0,1.0,1.0,0.02,2.0,0.3,3.5,0.0,deGFP,1.0,2026-03-09,ext,M,GFP-M-Gext,0.030353354560584446
0 days 05:20:23,37.0,J15,287090,J,15,GFP-M-Gext,1,2026-03-09 17:51:39,Cytation5,20260309-round1,11,Sample,19.99999901,0.0,2000.000003,1.529999978,1.799999951,10,19.969,20.0,100.0,50.0,0.0,0.0,2.0,2.0,1.0,1.0,1.0,0.02,2.0,0.3,3.5,0.0,deGFP,1.0,2026-03-09,ext,M,GFP-M-Gext,0.030210557089511033
0 days 05:25:23,37.1,J15,287595,J,15,GFP-M-Gext,1,2026-03-09 17:56:39,Cytation5,20260309-round1,11,Sample,19.99999901,0.0,2000.000003,1.529999978,1.799999951,10,19.969,20.0,100.0,50.0,0.0,0.0,2.0,2.0,1.0,1.0,1.0,0.02,2.0,0.3,3.5,0.0,deGFP,1.0,2026-03-09,ext,M,GFP-M-Gext,0.030263698373882496
0 days 05:30:23,37.1,J15,287924,J,15,GFP-M-Gext,1,2026-03-09 18:01:39,Cytation5,20260309-round1,11,Sample,19.99999901,0.0,2000.000003,1.529999978,1.799999951,10,19.969,20.0,100.0,50.0,0.0,0.0,2.0,2.0,1.0,1.0,1.0,0.02,2.0,0.3,3.5,0.0,deGFP,1.0,2026-03-09,ext,M,GFP-M-Gext,0.030298319131423508
0 days 05:35:23,37.1,J15,289359,J,15,GFP-M-Gext,1,2026-03-09 18:06:39,Cytation5,20260309-round1,11,Sample,19.99999901,0.0,2000.000003,1.529999978,1.799999951,10,19.969,20.0,100.0,50.0,0.0,0.0,2.0,2.0,1.0,1.0,1.0,0.02,2.0,0.3,3.5,0.0,deGFP,1.0,2026-03-09,ext,M,GFP-M-Gext,0.030449324563251324
0 days 05:40:23,37.0,J15,288212,J,15,GFP-M-Gext,1,2026-03-09 18:11:39,Cytation5,20260309-round1,11,Sample,19.99999901,0.0,2000.000003,1.529999978,1.799999951,10,19.969,20.0,100.0,50.0,0.0,0.0,2.0,2.0,1.0,1.0,1.0,0.02,2.0,0.3,3.5,0.0,deGFP,1.0,2026-03-09,ext,M,GFP-M-Gext,0.030328625448055153
0 days 05:45:23,37.0,J15,287890,J,15,GFP-M-Gext,1,2026-03-09 18:16:39,Cytation5,20260309-round1,11,Sample,19.99999901,0.0,2000.000003,1.529999978,1.799999951,10,19.969,20.0,100.0,50.0,0.0,0.0,2.0,2.0,1.0,1.0,1.0,0.02,2.0,0.3,3.5,0.0,deGFP,1.0,2026-03-09,ext,M,GFP-M-Gext,0.030294741302376714
0 days 05:50:23,37.0,J15,288032,J,15,GFP-M-Gext,1,2026-03-09 18:21:39,Cytation5,20260309-round1,11,Sample,19.99999901,0.0,2000.000003,1.529999978,1.799999951,10,19.969,20.0,100.0,50.0,0.0,0.0,2.0,2.0,1.0,1.0,1.0,0.02,2.0,0.3,3.5,0.0,deGFP,1.0,2026-03-09,ext,M,GFP-M-Gext,0.030309684000160375
0 days 05:55:23,37.0,J15,286710,J,15,GFP-M-Gext,1,2026-03-09 18:26:39,Cytation5,20260309-round1,11,Sample,19.99999901,0.0,2000.000003,1.529999978,1.799999951,10,19.969,20.0,100.0,50.0,0.0,0.0,2.0,2.0,1.0,1.0,1.0,0.02,2.0,0.3,3.5,0.0,deGFP,1.0,2026-03-09,ext,M,GFP-M-Gext,0.030170569588399834
0 days 06:00:23,37.1,J15,287803,J,15,GFP-M-Gext,1,2026-03-09 18:31:39,Cytation5,20260309-round1,11,Sample,19.99999901,0.0,2000.000003,1.529999978,1.799999951,10,19.969,20.0,100.0,50.0,0.0,0.0,2.0,2.0,1.0,1.0,1.0,0.02,2.0,0.3,3.5,0.0,deGFP,1.0,2026-03-09,ext,M,GFP-M-Gext,0.03028558626922757
0 days 00:00:23,28.9,J16,303,J,16,GFP-M-Gext,1,2026-03-09 12:31:39,Cytation5,20260309-round1,1,Sample,2.996187423,0.0,2000.000003,1.799999952,1.799999951,10,24.969,100.0,60.0,50.0,0.0,0.0,2.0,2.0,1.0,1.0,1.0,0.02,2.0,0.3,3.5,0.0,deGFP,1.0,2026-03-09,ext,M,GFP-M-Gext,3.1884770622877294e-05
0 days 00:05:23,34.5,J16,283,J,16,GFP-M-Gext,1,2026-03-09 12:36:39,Cytation5,20260309-round1,1,Sample,2.996187423,0.0,2000.000003,1.799999952,1.799999951,10,24.969,100.0,60.0,50.0,0.0,0.0,2.0,2.0,1.0,1.0,1.0,0.02,2.0,0.3,3.5,0.0,deGFP,1.0,2026-03-09,ext,M,GFP-M-Gext,2.978016530123523e-05
0 days 00:10:23,37.0,J16,283,J,16,GFP-M-Gext,1,2026-03-09 12:41:39,Cytation5,20260309-round1,1,Sample,2.996187423,0.0,2000.000003,1.799999952,1.799999951,10,24.969,100.0,60.0,50.0,0.0,0.0,2.0,2.0,1.0,1.0,1.0,0.02,2.0,0.3,3.5,0.0,deGFP,1.0,2026-03-09,ext,M,GFP-M-Gext,2.978016530123523e-05
0 days 00:15:23,37.0,J16,334,J,16,GFP-M-Gext,1,2026-03-09 12:46:39,Cytation5,20260309-round1,1,Sample,2.996187423,0.0,2000.000003,1.799999952,1.799999951,10,24.969,100.0,60.0,50.0,0.0,0.0,2.0,2.0,1.0,1.0,1.0,0.02,2.0,0.3,3.5,0.0,deGFP,1.0,2026-03-09,ext,M,GFP-M-Gext,3.51469088714225e-05
0 days 00:20:23,37.0,J16,460,J,16,GFP-M-Gext,1,2026-03-09 12:51:39,Cytation5,20260309-round1,1,Sample,2.996187423,0.0,2000.000003,1.799999952,1.799999951,10,24.969,100.0,60.0,50.0,0.0,0.0,2.0,2.0,1.0,1.0,1.0,0.02,2.0,0.3,3.5,0.0,deGFP,1.0,2026-03-09,ext,M,GFP-M-Gext,4.840592239776751e-05
0 days 00:25:23,37.0,J16,764,J,16,GFP-M-Gext,1,2026-03-09 12:56:39,Cytation5,20260309-round1,1,Sample,2.996187423,0.0,2000.000003,1.799999952,1.799999951,10,24.969,100.0,60.0,50.0,0.0,0.0,2.0,2.0,1.0,1.0,1.0,0.02,2.0,0.3,3.5,0.0,deGFP,1.0,2026-03-09,ext,M,GFP-M-Gext,8.039592328672692e-05
0 days 00:30:23,37.0,J16,1159,J,16,GFP-M-Gext,1,2026-03-09 13:01:39,Cytation5,20260309-round1,1,Sample,2.996187423,0.0,2000.000003,1.799999952,1.799999951,10,24.969,100.0,60.0,50.0,0.0,0.0,2.0,2.0,1.0,1.0,1.0,0.02,2.0,0.3,3.5,0.0,deGFP,1.0,2026-03-09,ext,M,GFP-M-Gext,0.00012196187838915771
0 days 00:35:23,37.0,J16,1670,J,16,GFP-M-Gext,1,2026-03-09 13:06:39,Cytation5,20260309-round1,1,Sample,2.996187423,0.0,2000.000003,1.799999952,1.799999951,10,24.969,100.0,60.0,50.0,0.0,0.0,2.0,2.0,1.0,1.0,1.0,0.02,2.0,0.3,3.5,0.0,deGFP,1.0,2026-03-09,ext,M,GFP-M-Gext,0.00017573454435711248
0 days 00:40:23,37.0,J16,2133,J,16,GFP-M-Gext,1,2026-03-09 13:11:39,Cytation5,20260309-round1,1,Sample,2.996187423,0.0,2000.000003,1.799999952,1.799999951,10,24.969,100.0,60.0,50.0,0.0,0.0,2.0,2.0,1.0,1.0,1.0,0.02,2.0,0.3,3.5,0.0,deGFP,1.0,2026-03-09,ext,M,GFP-M-Gext,0.0002244561575531263
0 days 00:45:23,37.1,J16,2629,J,16,GFP-M-Gext,1,2026-03-09 13:16:39,Cytation5,20260309-round1,1,Sample,2.996187423,0.0,2000.000003,1.799999952,1.799999951,10,24.969,100.0,60.0,50.0,0.0,0.0,2.0,2.0,1.0,1.0,1.0,0.02,2.0,0.3,3.5,0.0,deGFP,1.0,2026-03-09,ext,M,GFP-M-Gext,0.00027665036952984957
0 days 00:50:23,37.0,J16,2971,J,16,GFP-M-Gext,1,2026-03-09 13:21:39,Cytation5,20260309-round1,1,Sample,2.996187423,0.0,2000.000003,1.799999952,1.799999951,10,24.969,100.0,60.0,50.0,0.0,0.0,2.0,2.0,1.0,1.0,1.0,0.02,2.0,0.3,3.5,0.0,deGFP,1.0,2026-03-09,ext,M,GFP-M-Gext,0.0003126391205299289
0 days 00:55:23,37.0,J16,3365,J,16,GFP-M-Gext,1,2026-03-09 13:26:39,Cytation5,20260309-round1,1,Sample,2.996187423,0.0,2000.000003,1.799999952,1.799999951,10,24.969,100.0,60.0,50.0,0.0,0.0,2.0,2.0,1.0,1.0,1.0,0.02,2.0,0.3,3.5,0.0,deGFP,1.0,2026-03-09,ext,M,GFP-M-Gext,0.00035409984536627755
0 days 01:00:23,37.0,J16,3789,J,16,GFP-M-Gext,1,2026-03-09 13:31:39,Cytation5,20260309-round1,1,Sample,2.996187423,0.0,2000.000003,1.799999952,1.799999951,10,24.969,100.0,60.0,50.0,0.0,0.0,2.0,2.0,1.0,1.0,1.0,0.02,2.0,0.3,3.5,0.0,deGFP,1.0,2026-03-09,ext,M,GFP-M-Gext,0.00039871747818508933
0 days 01:05:23,37.0,J16,4006,J,16,GFP-M-Gext,1,2026-03-09 13:36:39,Cytation5,20260309-round1,1,Sample,2.996187423,0.0,2000.000003,1.799999952,1.799999951,10,24.969,100.0,60.0,50.0,0.0,0.0,2.0,2.0,1.0,1.0,1.0,0.02,2.0,0.3,3.5,0.0,deGFP,1.0,2026-03-09,ext,M,GFP-M-Gext,0.0004215524459249058
0 days 01:10:23,37.0,J16,4364,J,16,GFP-M-Gext,1,2026-03-09 13:41:39,Cytation5,20260309-round1,1,Sample,2.996187423,0.0,2000.000003,1.799999952,1.799999951,10,24.969,100.0,60.0,50.0,0.0,0.0,2.0,2.0,1.0,1.0,1.0,0.02,2.0,0.3,3.5,0.0,deGFP,1.0,2026-03-09,ext,M,GFP-M-Gext,0.0004592248811822987
0 days 01:15:23,37.1,J16,4594,J,16,GFP-M-Gext,1,2026-03-09 13:46:39,Cytation5,20260309-round1,1,Sample,2.996187423,0.0,2000.000003,1.799999952,1.799999951,10,24.969,100.0,60.0,50.0,0.0,0.0,2.0,2.0,1.0,1.0,1.0,0.02,2.0,0.3,3.5,0.0,deGFP,1.0,2026-03-09,ext,M,GFP-M-Gext,0.0004834278423811825
0 days 01:20:23,37.0,J16,4790,J,16,GFP-M-Gext,1,2026-03-09 13:51:39,Cytation5,20260309-round1,1,Sample,2.996187423,0.0,2000.000003,1.799999952,1.799999951,10,24.969,100.0,60.0,50.0,0.0,0.0,2.0,2.0,1.0,1.0,1.0,0.02,2.0,0.3,3.5,0.0,deGFP,1.0,2026-03-09,ext,M,GFP-M-Gext,0.0005040529745332748
0 days 01:25:23,37.0,J16,5040,J,16,GFP-M-Gext,1,2026-03-09 13:56:39,Cytation5,20260309-round1,1,Sample,2.996187423,0.0,2000.000003,1.799999952,1.799999951,10,24.969,100.0,60.0,50.0,0.0,0.0,2.0,2.0,1.0,1.0,1.0,0.02,2.0,0.3,3.5,0.0,deGFP,1.0,2026-03-09,ext,M,GFP-M-Gext,0.0005303605410538005
0 days 01:30:23,37.0,J16,5058,J,16,GFP-M-Gext,1,2026-03-09 14:01:39,Cytation5,20260309-round1,1,Sample,2.996187423,0.0,2000.000003,1.799999952,1.799999951,10,24.969,100.0,60.0,50.0,0.0,0.0,2.0,2.0,1.0,1.0,1.0,0.02,2.0,0.3,3.5,0.0,deGFP,1.0,2026-03-09,ext,M,GFP-M-Gext,0.0005322546858432785
0 days 01:35:23,37.0,J16,5294,J,16,GFP-M-Gext,1,2026-03-09 14:06:39,Cytation5,20260309-round1,1,Sample,2.996187423,0.0,2000.000003,1.799999952,1.799999951,10,24.969,100.0,60.0,50.0,0.0,0.0,2.0,2.0,1.0,1.0,1.0,0.02,2.0,0.3,3.5,0.0,deGFP,1.0,2026-03-09,ext,M,GFP-M-Gext,0.0005570890286386548
0 days 01:40:23,37.0,J16,5454,J,16,GFP-M-Gext,1,2026-03-09 14:11:39,Cytation5,20260309-round1,1,Sample,2.996187423,0.0,2000.000003,1.799999952,1.799999951,10,24.969,100.0,60.0,50.0,0.0,0.0,2.0,2.0,1.0,1.0,1.0,0.02,2.0,0.3,3.5,0.0,deGFP,1.0,2026-03-09,ext,M,GFP-M-Gext,0.0005739258712117914
0 days 01:45:23,37.0,J16,5384,J,16,GFP-M-Gext,1,2026-03-09 14:16:39,Cytation5,20260309-round1,1,Sample,2.996187423,0.0,2000.000003,1.799999952,1.799999951,10,24.969,100.0,60.0,50.0,0.0,0.0,2.0,2.0,1.0,1.0,1.0,0.02,2.0,0.3,3.5,0.0,deGFP,1.0,2026-03-09,ext,M,GFP-M-Gext,0.0005665597525860441
0 days 01:50:23,37.0,J16,5561,J,16,GFP-M-Gext,1,2026-03-09 14:21:39,Cytation5,20260309-round1,1,Sample,2.996187423,0.0,2000.000003,1.799999952,1.799999951,10,24.969,100.0,60.0,50.0,0.0,0.0,2.0,2.0,1.0,1.0,1.0,0.02,2.0,0.3,3.5,0.0,deGFP,1.0,2026-03-09,ext,M,GFP-M-Gext,0.0005851855096825764
0 days 01:55:23,37.1,J16,5567,J,16,GFP-M-Gext,1,2026-03-09 14:26:39,Cytation5,20260309-round1,1,Sample,2.996187423,0.0,2000.000003,1.799999952,1.799999951,10,24.969,100.0,60.0,50.0,0.0,0.0,2.0,2.0,1.0,1.0,1.0,0.02,2.0,0.3,3.5,0.0,deGFP,1.0,2026-03-09,ext,M,GFP-M-Gext,0.000585816891279069
0 days 02:00:23,37.0,J16,5849,J,16,GFP-M-Gext,1,2026-03-09 14:31:39,Cytation5,20260309-round1,1,Sample,2.996187423,0.0,2000.000003,1.799999952,1.799999951,10,24.969,100.0,60.0,50.0,0.0,0.0,2.0,2.0,1.0,1.0,1.0,0.02,2.0,0.3,3.5,0.0,deGFP,1.0,2026-03-09,ext,M,GFP-M-Gext,0.0006154918263142221
0 days 02:05:23,37.0,J16,5859,J,16,GFP-M-Gext,1,2026-03-09 14:36:39,Cytation5,20260309-round1,1,Sample,2.996187423,0.0,2000.000003,1.799999952,1.799999951,10,24.969,100.0,60.0,50.0,0.0,0.0,2.0,2.0,1.0,1.0,1.0,0.02,2.0,0.3,3.5,0.0,deGFP,1.0,2026-03-09,ext,M,GFP-M-Gext,0.0006165441289750431
0 days 02:10:23,37.1,J16,5866,J,16,GFP-M-Gext,1,2026-03-09 14:41:39,Cytation5,20260309-round1,1,Sample,2.996187423,0.0,2000.000003,1.799999952,1.799999951,10,24.969,100.0,60.0,50.0,0.0,0.0,2.0,2.0,1.0,1.0,1.0,0.02,2.0,0.3,3.5,0.0,deGFP,1.0,2026-03-09,ext,M,GFP-M-Gext,0.0006172807408376179
0 days 02:15:23,37.1,J16,5953,J,16,GFP-M-Gext,1,2026-03-09 14:46:39,Cytation5,20260309-round1,1,Sample,2.996187423,0.0,2000.000003,1.799999952,1.799999951,10,24.969,100.0,60.0,50.0,0.0,0.0,2.0,2.0,1.0,1.0,1.0,0.02,2.0,0.3,3.5,0.0,deGFP,1.0,2026-03-09,ext,M,GFP-M-Gext,0.0006264357739867609
0 days 02:20:23,37.0,J16,5928,J,16,GFP-M-Gext,1,2026-03-09 14:51:39,Cytation5,20260309-round1,1,Sample,2.996187423,0.0,2000.000003,1.799999952,1.799999951,10,24.969,100.0,60.0,50.0,0.0,0.0,2.0,2.0,1.0,1.0,1.0,0.02,2.0,0.3,3.5,0.0,deGFP,1.0,2026-03-09,ext,M,GFP-M-Gext,0.0006238050173347083
0 days 02:25:23,37.0,J16,5998,J,16,GFP-M-Gext,1,2026-03-09 14:56:39,Cytation5,20260309-round1,1,Sample,2.996187423,0.0,2000.000003,1.799999952,1.799999951,10,24.969,100.0,60.0,50.0,0.0,0.0,2.0,2.0,1.0,1.0,1.0,0.02,2.0,0.3,3.5,0.0,deGFP,1.0,2026-03-09,ext,M,GFP-M-Gext,0.0006311711359604555
0 days 02:30:23,37.0,J16,5983,J,16,GFP-M-Gext,1,2026-03-09 15:01:39,Cytation5,20260309-round1,1,Sample,2.996187423,0.0,2000.000003,1.799999952,1.799999951,10,24.969,100.0,60.0,50.0,0.0,0.0,2.0,2.0,1.0,1.0,1.0,0.02,2.0,0.3,3.5,0.0,deGFP,1.0,2026-03-09,ext,M,GFP-M-Gext,0.0006295926819692239
0 days 02:35:23,37.0,J16,5946,J,16,GFP-M-Gext,1,2026-03-09 15:06:39,Cytation5,20260309-round1,1,Sample,2.996187423,0.0,2000.000003,1.799999952,1.799999951,10,24.969,100.0,60.0,50.0,0.0,0.0,2.0,2.0,1.0,1.0,1.0,0.02,2.0,0.3,3.5,0.0,deGFP,1.0,2026-03-09,ext,M,GFP-M-Gext,0.0006256991621241861
0 days 02:40:23,37.0,J16,6057,J,16,GFP-M-Gext,1,2026-03-09 15:11:39,Cytation5,20260309-round1,1,Sample,2.996187423,0.0,2000.000003,1.799999952,1.799999951,10,24.969,100.0,60.0,50.0,0.0,0.0,2.0,2.0,1.0,1.0,1.0,0.02,2.0,0.3,3.5,0.0,deGFP,1.0,2026-03-09,ext,M,GFP-M-Gext,0.0006373797216592996
0 days 02:45:23,37.0,J16,6072,J,16,GFP-M-Gext,1,2026-03-09 15:16:39,Cytation5,20260309-round1,1,Sample,2.996187423,0.0,2000.000003,1.799999952,1.799999951,10,24.969,100.0,60.0,50.0,0.0,0.0,2.0,2.0,1.0,1.0,1.0,0.02,2.0,0.3,3.5,0.0,deGFP,1.0,2026-03-09,ext,M,GFP-M-Gext,0.0006389581756505311
0 days 02:50:23,37.0,J16,6049,J,16,GFP-M-Gext,1,2026-03-09 15:21:39,Cytation5,20260309-round1,1,Sample,2.996187423,0.0,2000.000003,1.799999952,1.799999951,10,24.969,100.0,60.0,50.0,0.0,0.0,2.0,2.0,1.0,1.0,1.0,0.02,2.0,0.3,3.5,0.0,deGFP,1.0,2026-03-09,ext,M,GFP-M-Gext,0.0006365378795306428
0 days 02:55:23,37.0,J16,6072,J,16,GFP-M-Gext,1,2026-03-09 15:26:39,Cytation5,20260309-round1,1,Sample,2.996187423,0.0,2000.000003,1.799999952,1.799999951,10,24.969,100.0,60.0,50.0,0.0,0.0,2.0,2.0,1.0,1.0,1.0,0.02,2.0,0.3,3.5,0.0,deGFP,1.0,2026-03-09,ext,M,GFP-M-Gext,0.0006389581756505311
0 days 03:00:23,36.9,J16,6137,J,16,GFP-M-Gext,1,2026-03-09 15:31:39,Cytation5,20260309-round1,1,Sample,2.996187423,0.0,2000.000003,1.799999952,1.799999951,10,24.969,100.0,60.0,50.0,0.0,0.0,2.0,2.0,1.0,1.0,1.0,0.02,2.0,0.3,3.5,0.0,deGFP,1.0,2026-03-09,ext,M,GFP-M-Gext,0.0006457981429458679
0 days 03:05:23,37.0,J16,6121,J,16,GFP-M-Gext,1,2026-03-09 15:36:39,Cytation5,20260309-round1,1,Sample,2.996187423,0.0,2000.000003,1.799999952,1.799999951,10,24.969,100.0,60.0,50.0,0.0,0.0,2.0,2.0,1.0,1.0,1.0,0.02,2.0,0.3,3.5,0.0,deGFP,1.0,2026-03-09,ext,M,GFP-M-Gext,0.0006441144586885543
0 days 03:10:23,37.0,J16,6174,J,16,GFP-M-Gext,1,2026-03-09 15:41:39,Cytation5,20260309-round1,1,Sample,2.996187423,0.0,2000.000003,1.799999952,1.799999951,10,24.969,100.0,60.0,50.0,0.0,0.0,2.0,2.0,1.0,1.0,1.0,0.02,2.0,0.3,3.5,0.0,deGFP,1.0,2026-03-09,ext,M,GFP-M-Gext,0.0006496916627909057
0 days 03:15:23,37.0,J16,6248,J,16,GFP-M-Gext,1,2026-03-09 15:46:39,Cytation5,20260309-round1,1,Sample,2.996187423,0.0,2000.000003,1.799999952,1.799999951,10,24.969,100.0,60.0,50.0,0.0,0.0,2.0,2.0,1.0,1.0,1.0,0.02,2.0,0.3,3.5,0.0,deGFP,1.0,2026-03-09,ext,M,GFP-M-Gext,0.0006574787024809813
0 days 03:20:23,37.0,J16,6134,J,16,GFP-M-Gext,1,2026-03-09 15:51:39,Cytation5,20260309-round1,1,Sample,2.996187423,0.0,2000.000003,1.799999952,1.799999951,10,24.969,100.0,60.0,50.0,0.0,0.0,2.0,2.0,1.0,1.0,1.0,0.02,2.0,0.3,3.5,0.0,deGFP,1.0,2026-03-09,ext,M,GFP-M-Gext,0.0006454824521476216
0 days 03:25:23,37.0,J16,6236,J,16,GFP-M-Gext,1,2026-03-09 15:56:39,Cytation5,20260309-round1,1,Sample,2.996187423,0.0,2000.000003,1.799999952,1.799999951,10,24.969,100.0,60.0,50.0,0.0,0.0,2.0,2.0,1.0,1.0,1.0,0.02,2.0,0.3,3.5,0.0,deGFP,1.0,2026-03-09,ext,M,GFP-M-Gext,0.000656215939287996
0 days 03:30:23,37.0,J16,6259,J,16,GFP-M-Gext,1,2026-03-09 16:01:39,Cytation5,20260309-round1,1,Sample,2.996187423,0.0,2000.000003,1.799999952,1.799999951,10,24.969,100.0,60.0,50.0,0.0,0.0,2.0,2.0,1.0,1.0,1.0,0.02,2.0,0.3,3.5,0.0,deGFP,1.0,2026-03-09,ext,M,GFP-M-Gext,0.0006586362354078845
0 days 03:35:23,37.0,J16,6245,J,16,GFP-M-Gext,1,2026-03-09 16:06:39,Cytation5,20260309-round1,1,Sample,2.996187423,0.0,2000.000003,1.799999952,1.799999951,10,24.969,100.0,60.0,50.0,0.0,0.0,2.0,2.0,1.0,1.0,1.0,0.02,2.0,0.3,3.5,0.0,deGFP,1.0,2026-03-09,ext,M,GFP-M-Gext,0.0006571630116827351
0 days 03:40:23,37.1,J16,6300,J,16,GFP-M-Gext,1,2026-03-09 16:11:39,Cytation5,20260309-round1,1,Sample,2.996187423,0.0,2000.000003,1.799999952,1.799999951,10,24.969,100.0,60.0,50.0,0.0,0.0,2.0,2.0,1.0,1.0,1.0,0.02,2.0,0.3,3.5,0.0,deGFP,1.0,2026-03-09,ext,M,GFP-M-Gext,0.0006629506763172507
0 days 03:45:23,37.0,J16,6388,J,16,GFP-M-Gext,1,2026-03-09 16:16:39,Cytation5,20260309-round1,1,Sample,2.996187423,0.0,2000.000003,1.799999952,1.799999951,10,24.969,100.0,60.0,50.0,0.0,0.0,2.0,2.0,1.0,1.0,1.0,0.02,2.0,0.3,3.5,0.0,deGFP,1.0,2026-03-09,ext,M,GFP-M-Gext,0.0006722109397324758
0 days 03:50:23,37.0,J16,6383,J,16,GFP-M-Gext,1,2026-03-09 16:21:39,Cytation5,20260309-round1,1,Sample,2.996187423,0.0,2000.000003,1.799999952,1.799999951,10,24.969,100.0,60.0,50.0,0.0,0.0,2.0,2.0,1.0,1.0,1.0,0.02,2.0,0.3,3.5,0.0,deGFP,1.0,2026-03-09,ext,M,GFP-M-Gext,0.0006716847884020653
0 days 03:55:23,37.0,J16,6378,J,16,GFP-M-Gext,1,2026-03-09 16:26:39,Cytation5,20260309-round1,1,Sample,2.996187423,0.0,2000.000003,1.799999952,1.799999951,10,24.969,100.0,60.0,50.0,0.0,0.0,2.0,2.0,1.0,1.0,1.0,0.02,2.0,0.3,3.5,0.0,deGFP,1.0,2026-03-09,ext,M,GFP-M-Gext,0.0006711586370716548
0 days 04:00:23,37.0,J16,6364,J,16,GFP-M-Gext,1,2026-03-09 16:31:39,Cytation5,20260309-round1,1,Sample,2.996187423,0.0,2000.000003,1.799999952,1.799999951,10,24.969,100.0,60.0,50.0,0.0,0.0,2.0,2.0,1.0,1.0,1.0,0.02,2.0,0.3,3.5,0.0,deGFP,1.0,2026-03-09,ext,M,GFP-M-Gext,0.0006696854133465053
0 days 04:05:23,37.1,J16,6389,J,16,GFP-M-Gext,1,2026-03-09 16:36:39,Cytation5,20260309-round1,1,Sample,2.996187423,0.0,2000.000003,1.799999952,1.799999951,10,24.969,100.0,60.0,50.0,0.0,0.0,2.0,2.0,1.0,1.0,1.0,0.02,2.0,0.3,3.5,0.0,deGFP,1.0,2026-03-09,ext,M,GFP-M-Gext,0.0006723161699985579
0 days 04:10:23,37.1,J16,6508,J,16,GFP-M-Gext,1,2026-03-09 16:41:39,Cytation5,20260309-round1,1,Sample,2.996187423,0.0,2000.000003,1.799999952,1.799999951,10,24.969,100.0,60.0,50.0,0.0,0.0,2.0,2.0,1.0,1.0,1.0,0.02,2.0,0.3,3.5,0.0,deGFP,1.0,2026-03-09,ext,M,GFP-M-Gext,0.0006848385716623282
0 days 04:15:23,37.0,J16,6457,J,16,GFP-M-Gext,1,2026-03-09 16:46:39,Cytation5,20260309-round1,1,Sample,2.996187423,0.0,2000.000003,1.799999952,1.799999951,10,24.969,100.0,60.0,50.0,0.0,0.0,2.0,2.0,1.0,1.0,1.0,0.02,2.0,0.3,3.5,0.0,deGFP,1.0,2026-03-09,ext,M,GFP-M-Gext,0.0006794718280921409
0 days 04:20:23,37.0,J16,6609,J,16,GFP-M-Gext,1,2026-03-09 16:51:39,Cytation5,20260309-round1,1,Sample,2.996187423,0.0,2000.000003,1.799999952,1.799999951,10,24.969,100.0,60.0,50.0,0.0,0.0,2.0,2.0,1.0,1.0,1.0,0.02,2.0,0.3,3.5,0.0,deGFP,1.0,2026-03-09,ext,M,GFP-M-Gext,0.0006954668285366207
0 days 04:25:23,37.0,J16,6524,J,16,GFP-M-Gext,1,2026-03-09 16:56:39,Cytation5,20260309-round1,1,Sample,2.996187423,0.0,2000.000003,1.799999952,1.799999951,10,24.969,100.0,60.0,50.0,0.0,0.0,2.0,2.0,1.0,1.0,1.0,0.02,2.0,0.3,3.5,0.0,deGFP,1.0,2026-03-09,ext,M,GFP-M-Gext,0.0006865222559196419
0 days 04:30:23,37.1,J16,6507,J,16,GFP-M-Gext,1,2026-03-09 17:01:39,Cytation5,20260309-round1,1,Sample,2.996187423,0.0,2000.000003,1.799999952,1.799999951,10,24.969,100.0,60.0,50.0,0.0,0.0,2.0,2.0,1.0,1.0,1.0,0.02,2.0,0.3,3.5,0.0,deGFP,1.0,2026-03-09,ext,M,GFP-M-Gext,0.0006847333413962461
0 days 04:35:23,37.0,J16,6593,J,16,GFP-M-Gext,1,2026-03-09 17:06:39,Cytation5,20260309-round1,1,Sample,2.996187423,0.0,2000.000003,1.799999952,1.799999951,10,24.969,100.0,60.0,50.0,0.0,0.0,2.0,2.0,1.0,1.0,1.0,0.02,2.0,0.3,3.5,0.0,deGFP,1.0,2026-03-09,ext,M,GFP-M-Gext,0.0006937831442793069
0 days 04:40:23,37.0,J16,6579,J,16,GFP-M-Gext,1,2026-03-09 17:11:39,Cytation5,20260309-round1,1,Sample,2.996187423,0.0,2000.000003,1.799999952,1.799999951,10,24.969,100.0,60.0,50.0,0.0,0.0,2.0,2.0,1.0,1.0,1.0,0.02,2.0,0.3,3.5,0.0,deGFP,1.0,2026-03-09,ext,M,GFP-M-Gext,0.0006923099205541575
0 days 04:45:23,37.0,J16,6689,J,16,GFP-M-Gext,1,2026-03-09 17:16:39,Cytation5,20260309-round1,1,Sample,2.996187423,0.0,2000.000003,1.799999952,1.799999951,10,24.969,100.0,60.0,50.0,0.0,0.0,2.0,2.0,1.0,1.0,1.0,0.02,2.0,0.3,3.5,0.0,deGFP,1.0,2026-03-09,ext,M,GFP-M-Gext,0.0007038852498231888
0 days 04:50:23,37.1,J16,6602,J,16,GFP-M-Gext,1,2026-03-09 17:21:39,Cytation5,20260309-round1,1,Sample,2.996187423,0.0,2000.000003,1.799999952,1.799999951,10,24.969,100.0,60.0,50.0,0.0,0.0,2.0,2.0,1.0,1.0,1.0,0.02,2.0,0.3,3.5,0.0,deGFP,1.0,2026-03-09,ext,M,GFP-M-Gext,0.0006947302166740458
0 days 04:55:23,37.1,J16,6778,J,16,GFP-M-Gext,1,2026-03-09 17:26:39,Cytation5,20260309-round1,1,Sample,2.996187423,0.0,2000.000003,1.799999952,1.799999951,10,24.969,100.0,60.0,50.0,0.0,0.0,2.0,2.0,1.0,1.0,1.0,0.02,2.0,0.3,3.5,0.0,deGFP,1.0,2026-03-09,ext,M,GFP-M-Gext,0.000713250743504496
0 days 05:00:23,37.1,J16,6726,J,16,GFP-M-Gext,1,2026-03-09 17:31:39,Cytation5,20260309-round1,1,Sample,2.996187423,0.0,2000.000003,1.799999952,1.799999951,10,24.969,100.0,60.0,50.0,0.0,0.0,2.0,2.0,1.0,1.0,1.0,0.02,2.0,0.3,3.5,0.0,deGFP,1.0,2026-03-09,ext,M,GFP-M-Gext,0.0007077787696682267
0 days 05:05:23,37.0,J16,6795,J,16,GFP-M-Gext,1,2026-03-09 17:36:39,Cytation5,20260309-round1,1,Sample,2.996187423,0.0,2000.000003,1.799999952,1.799999951,10,24.969,100.0,60.0,50.0,0.0,0.0,2.0,2.0,1.0,1.0,1.0,0.02,2.0,0.3,3.5,0.0,deGFP,1.0,2026-03-09,ext,M,GFP-M-Gext,0.0007150396580278918
0 days 05:10:23,37.0,J16,6893,J,16,GFP-M-Gext,1,2026-03-09 17:41:39,Cytation5,20260309-round1,1,Sample,2.996187423,0.0,2000.000003,1.799999952,1.799999951,10,24.969,100.0,60.0,50.0,0.0,0.0,2.0,2.0,1.0,1.0,1.0,0.02,2.0,0.3,3.5,0.0,deGFP,1.0,2026-03-09,ext,M,GFP-M-Gext,0.000725352224103938
0 days 05:15:23,37.0,J16,6871,J,16,GFP-M-Gext,1,2026-03-09 17:46:39,Cytation5,20260309-round1,1,Sample,2.996187423,0.0,2000.000003,1.799999952,1.799999951,10,24.969,100.0,60.0,50.0,0.0,0.0,2.0,2.0,1.0,1.0,1.0,0.02,2.0,0.3,3.5,0.0,deGFP,1.0,2026-03-09,ext,M,GFP-M-Gext,0.0007230371582501317
0 days 05:20:23,37.0,J16,6978,J,16,GFP-M-Gext,1,2026-03-09 17:51:39,Cytation5,20260309-round1,1,Sample,2.996187423,0.0,2000.000003,1.799999952,1.799999951,10,24.969,100.0,60.0,50.0,0.0,0.0,2.0,2.0,1.0,1.0,1.0,0.02,2.0,0.3,3.5,0.0,deGFP,1.0,2026-03-09,ext,M,GFP-M-Gext,0.0007342967967209167
0 days 05:25:23,37.1,J16,6763,J,16,GFP-M-Gext,1,2026-03-09 17:56:39,Cytation5,20260309-round1,1,Sample,2.996187423,0.0,2000.000003,1.799999952,1.799999951,10,24.969,100.0,60.0,50.0,0.0,0.0,2.0,2.0,1.0,1.0,1.0,0.02,2.0,0.3,3.5,0.0,deGFP,1.0,2026-03-09,ext,M,GFP-M-Gext,0.0007116722895132645
0 days 05:30:23,37.1,J16,6844,J,16,GFP-M-Gext,1,2026-03-09 18:01:39,Cytation5,20260309-round1,1,Sample,2.996187423,0.0,2000.000003,1.799999952,1.799999951,10,24.969,100.0,60.0,50.0,0.0,0.0,2.0,2.0,1.0,1.0,1.0,0.02,2.0,0.3,3.5,0.0,deGFP,1.0,2026-03-09,ext,M,GFP-M-Gext,0.0007201959410659149
0 days 05:35:23,37.1,J16,6913,J,16,GFP-M-Gext,1,2026-03-09 18:06:39,Cytation5,20260309-round1,1,Sample,2.996187423,0.0,2000.000003,1.799999952,1.799999951,10,24.969,100.0,60.0,50.0,0.0,0.0,2.0,2.0,1.0,1.0,1.0,0.02,2.0,0.3,3.5,0.0,deGFP,1.0,2026-03-09,ext,M,GFP-M-Gext,0.00072745682942558
0 days 05:40:23,37.0,J16,7018,J,16,GFP-M-Gext,1,2026-03-09 18:11:39,Cytation5,20260309-round1,1,Sample,2.996187423,0.0,2000.000003,1.799999952,1.799999951,10,24.969,100.0,60.0,50.0,0.0,0.0,2.0,2.0,1.0,1.0,1.0,0.02,2.0,0.3,3.5,0.0,deGFP,1.0,2026-03-09,ext,M,GFP-M-Gext,0.0007385060073642008
0 days 05:45:23,37.0,J16,6930,J,16,GFP-M-Gext,1,2026-03-09 18:16:39,Cytation5,20260309-round1,1,Sample,2.996187423,0.0,2000.000003,1.799999952,1.799999951,10,24.969,100.0,60.0,50.0,0.0,0.0,2.0,2.0,1.0,1.0,1.0,0.02,2.0,0.3,3.5,0.0,deGFP,1.0,2026-03-09,ext,M,GFP-M-Gext,0.0007292457439489758
0 days 05:50:23,37.0,J16,7074,J,16,GFP-M-Gext,1,2026-03-09 18:21:39,Cytation5,20260309-round1,1,Sample,2.996187423,0.0,2000.000003,1.799999952,1.799999951,10,24.969,100.0,60.0,50.0,0.0,0.0,2.0,2.0,1.0,1.0,1.0,0.02,2.0,0.3,3.5,0.0,deGFP,1.0,2026-03-09,ext,M,GFP-M-Gext,0.0007443989022647986
0 days 05:55:23,37.0,J16,6876,J,16,GFP-M-Gext,1,2026-03-09 18:26:39,Cytation5,20260309-round1,1,Sample,2.996187423,0.0,2000.000003,1.799999952,1.799999951,10,24.969,100.0,60.0,50.0,0.0,0.0,2.0,2.0,1.0,1.0,1.0,0.02,2.0,0.3,3.5,0.0,deGFP,1.0,2026-03-09,ext,M,GFP-M-Gext,0.0007235633095805422
0 days 06:00:23,37.1,J16,6953,J,16,GFP-M-Gext,1,2026-03-09 18:31:39,Cytation5,20260309-round1,1,Sample,2.996187423,0.0,2000.000003,1.799999952,1.799999951,10,24.969,100.0,60.0,50.0,0.0,0.0,2.0,2.0,1.0,1.0,1.0,0.02,2.0,0.3,3.5,0.0,deGFP,1.0,2026-03-09,ext,M,GFP-M-Gext,0.0007316660400688642
