ID,Well,Type,Name,[tRNA] (ug/uL),[Magnesium acetate] (mM),[Creatine phosphate] (mM),[ATP] (mM),[GTP] (mM),[PPK] (uM),[PolyP] (mM),[HEPES] (mM),[Potassium glutamate] (mM),[CTP] (mM),[UTP] (mM),[TCEP] (mM),[Folinic acid] (mM),[Spermidine] (mM),[Amino acid mix] (mM),[RNase Inhib] (U/mL),[Ribosome] (uM),[DNA] (nM),Reader Serial Number,Date,Gain,Read Type,Experiment,HEPES ID,Potassium glutamate ID,Magnesium acetate ID,ATP ID,GTP ID,CTP ID,UTP ID,Creatine phosphate ID,TCEP ID,Folinic acid ID,Spermidine ID,Amino acid mix ID,tRNA ID,RNase Inhib ID,PolyP ID,PPK ID,DNA ID,Ribosome ID,PMix ID,Rxn Volume (uL),success,sigmoid_steady_state,sigmoid_rate (1/h),sigmoid_time_offset (h),drift_rate (1/h),drift_rate_time_offset (h),SMS ID,Reader Type,Product,Condition,[PEG] (%),[AlaRS] (mg/mL),[ArgRS] (mg/mL),[AsnRS] (mg/mL),[AspRS] (mg/mL),[CysRS] (mg/mL),[GlnRS] (mg/mL),[GluRS] (mg/mL),[GlyRS] (mg/mL),[HisRS] (mg/mL),[IleRS] (mg/mL),[LeuRS] (mg/mL),[LysRS] (mg/mL),[PheRS] (mg/mL),[ProRS] (mg/mL),[SerRS] (mg/mL),[ThrRS] (mg/mL),[TrpRS] (mg/mL),[TyrRS] (mg/mL),[ValRS] (mg/mL),[MetRS] (mg/mL),[IF1] (mg/mL),[IF2] (mg/mL),[IF3] (mg/mL),[MTF] (mg/mL),[EF-G] (mg/mL),[EF-Ts] (mg/mL),[EF-Tu] (mg/mL),[RF1] (mg/mL),[RF2] (mg/mL),[RF3] (mg/mL),[RRF] (mg/mL),[CK] (mg/mL),[AK] (mg/mL),[NDK] (mg/mL),[PPiase] (mg/mL),[T7RNAP] (mg/mL)
id,note,note,note,feature,feature,feature,feature,feature,feature,feature,feature,feature,feature,feature,feature,feature,feature,feature,feature,feature,feature,categorical,categorical,feature,categorical,categorical,categorical,categorical,categorical,categorical,categorical,categorical,categorical,categorical,categorical,categorical,categorical,categorical,categorical,categorical,categorical,categorical,categorical,categorical,categorical,feature,classifier,regressor,regressor,regressor,regressor,regressor,categorical,categorical,categorical,categorical,feature,feature,feature,feature,feature,feature,feature,feature,feature,feature,feature,feature,feature,feature,feature,feature,feature,feature,feature,feature,feature,feature,feature,feature,feature,feature,feature,feature,feature,feature,feature,feature,feature,feature,feature,feature,feature
NIST-standards-PURExpress-plamGFP-deGFP-B2,B2,Sample,plamGFP,3.5,8.0,20.0,2.0,2.0,0.0,0.0,50.0,100.0,1.0,1.0,1.0,0.02,2.0,0.3,2000.0,1.8,3.2850261780104715,130723A,2025-11-24 00:00:00,35,F,NIST-standards-PURExpress-plamGFP-deGFP,NEB Sol A,NEB Sol A,NEB Sol A,NEB Sol A,NEB Sol A,NEB Sol A,NEB Sol A,NEB Sol A,NEB Sol A,NEB Sol A,NEB Sol A,NEB Sol A,NEB Sol B,Unknown,NEB Sol A,NEB Sol A,AR-804,NEB Sol B,NEB Sol B,10.0,True,1.2624810083728542,2.912524550447978,1.5329823683944537,0.0381096586827252,1.8364634121646164,NEB Sol A,Cytation3,plamGFP,R&D,0.0,0.13033626966226097,0.0036337988847337838,0.04094158444210975,0.015020093893954199,0.0021805732086311908,0.007025148591958035,0.023499937550969432,0.01792801463511399,0.0014532256761025928,0.07461704050370654,0.007510046946977099,0.011871193364239481,0.03173586264152052,0.018653892778687984,0.0036337988847337838,0.011628744186729949,0.011628744186729949,0.0012107764985930603,0.0033913497072242506,0.0043611464172623815,0.018653892778687984,0.07461704050370654,0.018653892778687984,0.03730778555737597,0.09327093328239451,0.09327093328239451,0.9317365973359978,0.018653892778687984,0.018653892778687984,0.018653892778687984,0.018653892778687984,0.007510046946977099,0.005571922915855442,0.0019381240311216583,0.0019381240311216583,0.018653892778687984
NIST-standards-PURExpress-plamGFP-deGFP-B2,B2,Sample,plamGFP,3.5,8.0,20.0,2.0,2.0,0.0,0.0,50.0,100.0,1.0,1.0,1.0,0.02,2.0,0.3,2000.0,1.8,3.2850261780104715,1705168,2025-11-24 00:00:00,ext,M,NIST-standards-PURExpress-plamGFP-deGFP,NEB Sol A,NEB Sol A,NEB Sol A,NEB Sol A,NEB Sol A,NEB Sol A,NEB Sol A,NEB Sol A,NEB Sol A,NEB Sol A,NEB Sol A,NEB Sol A,NEB Sol B,Unknown,NEB Sol A,NEB Sol A,AR-804,NEB Sol B,NEB Sol B,10.0,True,1.741849148388258,2.3277272832324,1.4343476047765744,0.0351009570516758,4.046733281123322,NEB Sol A,Cytation5,plamGFP,R&D,0.0,0.13033626966226097,0.0036337988847337838,0.04094158444210975,0.015020093893954199,0.0021805732086311908,0.007025148591958035,0.023499937550969432,0.01792801463511399,0.0014532256761025928,0.07461704050370654,0.007510046946977099,0.011871193364239481,0.03173586264152052,0.018653892778687984,0.0036337988847337838,0.011628744186729949,0.011628744186729949,0.0012107764985930603,0.0033913497072242506,0.0043611464172623815,0.018653892778687984,0.07461704050370654,0.018653892778687984,0.03730778555737597,0.09327093328239451,0.09327093328239451,0.9317365973359978,0.018653892778687984,0.018653892778687984,0.018653892778687984,0.018653892778687984,0.007510046946977099,0.005571922915855442,0.0019381240311216583,0.0019381240311216583,0.018653892778687984
NIST-standards-PURExpress-plamGFP-deGFP-B2,B2,Sample,plamGFP,3.5,8.0,20.0,2.0,2.0,0.0,0.0,50.0,100.0,1.0,1.0,1.0,0.02,2.0,0.3,2000.0,1.8,3.2850261780104715,206621,2025-11-24 00:00:00,50,F,NIST-standards-PURExpress-plamGFP-deGFP,NEB Sol A,NEB Sol A,NEB Sol A,NEB Sol A,NEB Sol A,NEB Sol A,NEB Sol A,NEB Sol A,NEB Sol A,NEB Sol A,NEB Sol A,NEB Sol A,NEB Sol B,Unknown,NEB Sol A,NEB Sol A,AR-804,NEB Sol B,NEB Sol B,10.0,True,2.435744078396717,2.4689473507806587,1.5012979922314065,0.0516210725963997,2.967282171838413,NEB Sol A,Synergy 2,plamGFP,R&D,0.0,0.13033626966226097,0.0036337988847337838,0.04094158444210975,0.015020093893954199,0.0021805732086311908,0.007025148591958035,0.023499937550969432,0.01792801463511399,0.0014532256761025928,0.07461704050370654,0.007510046946977099,0.011871193364239481,0.03173586264152052,0.018653892778687984,0.0036337988847337838,0.011628744186729949,0.011628744186729949,0.0012107764985930603,0.0033913497072242506,0.0043611464172623815,0.018653892778687984,0.07461704050370654,0.018653892778687984,0.03730778555737597,0.09327093328239451,0.09327093328239451,0.9317365973359978,0.018653892778687984,0.018653892778687984,0.018653892778687984,0.018653892778687984,0.007510046946977099,0.005571922915855442,0.0019381240311216583,0.0019381240311216583,0.018653892778687984
NIST-standards-PURExpress-plamGFP-deGFP-B4,B4,Sample,deGFP,3.5,8.0,20.0,2.0,2.0,0.0,0.0,50.0,100.0,1.0,1.0,1.0,0.02,2.0,0.3,2000.0,1.8,10.420108695652171,130723A,2025-11-24 00:00:00,35,F,NIST-standards-PURExpress-plamGFP-deGFP,NEB Sol A,NEB Sol A,NEB Sol A,NEB Sol A,NEB Sol A,NEB Sol A,NEB Sol A,NEB Sol A,NEB Sol A,NEB Sol A,NEB Sol A,NEB Sol A,NEB Sol B,Unknown,NEB Sol A,NEB Sol A,AR-889,NEB Sol B,NEB Sol B,10.0,True,1.0330566215954546,2.514084126859523,1.0507169141039714,0.0158580442644025,6.0,NEB Sol A,Cytation3,deGFP,R&D,0.0,0.13033626966226097,0.0036337988847337838,0.04094158444210975,0.015020093893954199,0.0021805732086311908,0.007025148591958035,0.023499937550969432,0.01792801463511399,0.0014532256761025928,0.07461704050370654,0.007510046946977099,0.011871193364239481,0.03173586264152052,0.018653892778687984,0.0036337988847337838,0.011628744186729949,0.011628744186729949,0.0012107764985930603,0.0033913497072242506,0.0043611464172623815,0.018653892778687984,0.07461704050370654,0.018653892778687984,0.03730778555737597,0.09327093328239451,0.09327093328239451,0.9317365973359978,0.018653892778687984,0.018653892778687984,0.018653892778687984,0.018653892778687984,0.007510046946977099,0.005571922915855442,0.0019381240311216583,0.0019381240311216583,0.018653892778687984
NIST-standards-PURExpress-plamGFP-deGFP-B4,B4,Sample,deGFP,3.5,8.0,20.0,2.0,2.0,0.0,0.0,50.0,100.0,1.0,1.0,1.0,0.02,2.0,0.3,2000.0,1.8,10.420108695652171,1705168,2025-11-24 00:00:00,ext,M,NIST-standards-PURExpress-plamGFP-deGFP,NEB Sol A,NEB Sol A,NEB Sol A,NEB Sol A,NEB Sol A,NEB Sol A,NEB Sol A,NEB Sol A,NEB Sol A,NEB Sol A,NEB Sol A,NEB Sol A,NEB Sol B,Unknown,NEB Sol A,NEB Sol A,AR-889,NEB Sol B,NEB Sol B,10.0,True,1.146306512257499,2.527975993378396,0.9469671237034036,0.0142848969058617,6.030555555555556,NEB Sol A,Cytation5,deGFP,R&D,0.0,0.13033626966226097,0.0036337988847337838,0.04094158444210975,0.015020093893954199,0.0021805732086311908,0.007025148591958035,0.023499937550969432,0.01792801463511399,0.0014532256761025928,0.07461704050370654,0.007510046946977099,0.011871193364239481,0.03173586264152052,0.018653892778687984,0.0036337988847337838,0.011628744186729949,0.011628744186729949,0.0012107764985930603,0.0033913497072242506,0.0043611464172623815,0.018653892778687984,0.07461704050370654,0.018653892778687984,0.03730778555737597,0.09327093328239451,0.09327093328239451,0.9317365973359978,0.018653892778687984,0.018653892778687984,0.018653892778687984,0.018653892778687984,0.007510046946977099,0.005571922915855442,0.0019381240311216583,0.0019381240311216583,0.018653892778687984
NIST-standards-PURExpress-plamGFP-deGFP-B4,B4,Sample,deGFP,3.5,8.0,20.0,2.0,2.0,0.0,0.0,50.0,100.0,1.0,1.0,1.0,0.02,2.0,0.3,2000.0,1.8,10.420108695652171,206621,2025-11-24 00:00:00,50,F,NIST-standards-PURExpress-plamGFP-deGFP,NEB Sol A,NEB Sol A,NEB Sol A,NEB Sol A,NEB Sol A,NEB Sol A,NEB Sol A,NEB Sol A,NEB Sol A,NEB Sol A,NEB Sol A,NEB Sol A,NEB Sol B,Unknown,NEB Sol A,NEB Sol A,AR-889,NEB Sol B,NEB Sol B,10.0,True,1.728951387984166,2.5554957548732617,1.0000883923394772,0.0201483896189075,6.0,NEB Sol A,Synergy 2,deGFP,R&D,0.0,0.13033626966226097,0.0036337988847337838,0.04094158444210975,0.015020093893954199,0.0021805732086311908,0.007025148591958035,0.023499937550969432,0.01792801463511399,0.0014532256761025928,0.07461704050370654,0.007510046946977099,0.011871193364239481,0.03173586264152052,0.018653892778687984,0.0036337988847337838,0.011628744186729949,0.011628744186729949,0.0012107764985930603,0.0033913497072242506,0.0043611464172623815,0.018653892778687984,0.07461704050370654,0.018653892778687984,0.03730778555737597,0.09327093328239451,0.09327093328239451,0.9317365973359978,0.018653892778687984,0.018653892778687984,0.018653892778687984,0.018653892778687984,0.007510046946977099,0.005571922915855442,0.0019381240311216583,0.0019381240311216583,0.018653892778687984
NIST-standards-PURExpress-plamGFP-deGFP-B6,B6,Negative Control,Negative Control,3.5,8.0,20.0,2.0,2.0,0.0,0.0,50.0,100.0,1.0,1.0,1.0,0.02,2.0,0.3,0.0,1.8,0.0,130723A,2025-11-24 00:00:00,35,F,NIST-standards-PURExpress-plamGFP-deGFP,NEB Sol A,NEB Sol A,NEB Sol A,NEB Sol A,NEB Sol A,NEB Sol A,NEB Sol A,NEB Sol A,NEB Sol A,NEB Sol A,NEB Sol A,NEB Sol A,NEB Sol B,Unknown,NEB Sol A,NEB Sol A,Unknown,NEB Sol B,NEB Sol B,10.0,True,0.0029475493016142,0.5796415319571651,4.33332563662756,-0.0001651805971849,3.996679308972107,NEB Sol A,Cytation3,Unknown,R&D,0.0,0.13033626966226097,0.0036337988847337838,0.04094158444210975,0.015020093893954199,0.0021805732086311908,0.007025148591958035,0.023499937550969432,0.01792801463511399,0.0014532256761025928,0.07461704050370654,0.007510046946977099,0.011871193364239481,0.03173586264152052,0.018653892778687984,0.0036337988847337838,0.011628744186729949,0.011628744186729949,0.0012107764985930603,0.0033913497072242506,0.0043611464172623815,0.018653892778687984,0.07461704050370654,0.018653892778687984,0.03730778555737597,0.09327093328239451,0.09327093328239451,0.9317365973359978,0.018653892778687984,0.018653892778687984,0.018653892778687984,0.018653892778687984,0.007510046946977099,0.005571922915855442,0.0019381240311216583,0.0019381240311216583,0.018653892778687984
NIST-standards-PURExpress-plamGFP-deGFP-B6,B6,Negative Control,Negative Control,3.5,8.0,20.0,2.0,2.0,0.0,0.0,50.0,100.0,1.0,1.0,1.0,0.02,2.0,0.3,0.0,1.8,0.0,1705168,2025-11-24 00:00:00,ext,M,NIST-standards-PURExpress-plamGFP-deGFP,NEB Sol A,NEB Sol A,NEB Sol A,NEB Sol A,NEB Sol A,NEB Sol A,NEB Sol A,NEB Sol A,NEB Sol A,NEB Sol A,NEB Sol A,NEB Sol A,NEB Sol B,Unknown,NEB Sol A,NEB Sol A,Unknown,NEB Sol B,NEB Sol B,10.0,False,0.0,,,0.0,,NEB Sol A,Cytation5,Unknown,R&D,0.0,0.13033626966226097,0.0036337988847337838,0.04094158444210975,0.015020093893954199,0.0021805732086311908,0.007025148591958035,0.023499937550969432,0.01792801463511399,0.0014532256761025928,0.07461704050370654,0.007510046946977099,0.011871193364239481,0.03173586264152052,0.018653892778687984,0.0036337988847337838,0.011628744186729949,0.011628744186729949,0.0012107764985930603,0.0033913497072242506,0.0043611464172623815,0.018653892778687984,0.07461704050370654,0.018653892778687984,0.03730778555737597,0.09327093328239451,0.09327093328239451,0.9317365973359978,0.018653892778687984,0.018653892778687984,0.018653892778687984,0.018653892778687984,0.007510046946977099,0.005571922915855442,0.0019381240311216583,0.0019381240311216583,0.018653892778687984
NIST-standards-PURExpress-plamGFP-deGFP-B6,B6,Negative Control,Negative Control,3.5,8.0,20.0,2.0,2.0,0.0,0.0,50.0,100.0,1.0,1.0,1.0,0.02,2.0,0.3,0.0,1.8,0.0,206621,2025-11-24 00:00:00,50,F,NIST-standards-PURExpress-plamGFP-deGFP,NEB Sol A,NEB Sol A,NEB Sol A,NEB Sol A,NEB Sol A,NEB Sol A,NEB Sol A,NEB Sol A,NEB Sol A,NEB Sol A,NEB Sol A,NEB Sol A,NEB Sol B,Unknown,NEB Sol A,NEB Sol A,Unknown,NEB Sol B,NEB Sol B,10.0,False,0.0,,,0.0,,NEB Sol A,Synergy 2,Unknown,R&D,0.0,0.13033626966226097,0.0036337988847337838,0.04094158444210975,0.015020093893954199,0.0021805732086311908,0.007025148591958035,0.023499937550969432,0.01792801463511399,0.0014532256761025928,0.07461704050370654,0.007510046946977099,0.011871193364239481,0.03173586264152052,0.018653892778687984,0.0036337988847337838,0.011628744186729949,0.011628744186729949,0.0012107764985930603,0.0033913497072242506,0.0043611464172623815,0.018653892778687984,0.07461704050370654,0.018653892778687984,0.03730778555737597,0.09327093328239451,0.09327093328239451,0.9317365973359978,0.018653892778687984,0.018653892778687984,0.018653892778687984,0.018653892778687984,0.007510046946977099,0.005571922915855442,0.0019381240311216583,0.0019381240311216583,0.018653892778687984
NIST-standards-PURExpress-plamGFP-deGFP-D2,D2,Sample,plamGFP,3.5,8.0,20.0,2.0,2.0,0.0,0.0,50.0,100.0,1.0,1.0,1.0,0.02,2.0,0.3,2000.0,1.8,3.2850261780104715,130723A,2025-11-24 00:00:00,35,F,NIST-standards-PURExpress-plamGFP-deGFP,NEB Sol A,NEB Sol A,NEB Sol A,NEB Sol A,NEB Sol A,NEB Sol A,NEB Sol A,NEB Sol A,NEB Sol A,NEB Sol A,NEB Sol A,NEB Sol A,NEB Sol B,Unknown,NEB Sol A,NEB Sol A,AR-804,NEB Sol B,NEB Sol B,10.0,True,1.2863292042525087,2.885690452249247,1.5369513420205465,0.0386740953147091,1.854586827447113,NEB Sol A,Cytation3,plamGFP,R&D,0.0,0.13033626966226097,0.0036337988847337838,0.04094158444210975,0.015020093893954199,0.0021805732086311908,0.007025148591958035,0.023499937550969432,0.01792801463511399,0.0014532256761025928,0.07461704050370654,0.007510046946977099,0.011871193364239481,0.03173586264152052,0.018653892778687984,0.0036337988847337838,0.011628744186729949,0.011628744186729949,0.0012107764985930603,0.0033913497072242506,0.0043611464172623815,0.018653892778687984,0.07461704050370654,0.018653892778687984,0.03730778555737597,0.09327093328239451,0.09327093328239451,0.9317365973359978,0.018653892778687984,0.018653892778687984,0.018653892778687984,0.018653892778687984,0.007510046946977099,0.005571922915855442,0.0019381240311216583,0.0019381240311216583,0.018653892778687984
NIST-standards-PURExpress-plamGFP-deGFP-D2,D2,Sample,plamGFP,3.5,8.0,20.0,2.0,2.0,0.0,0.0,50.0,100.0,1.0,1.0,1.0,0.02,2.0,0.3,2000.0,1.8,3.2850261780104715,1705168,2025-11-24 00:00:00,ext,M,NIST-standards-PURExpress-plamGFP-deGFP,NEB Sol A,NEB Sol A,NEB Sol A,NEB Sol A,NEB Sol A,NEB Sol A,NEB Sol A,NEB Sol A,NEB Sol A,NEB Sol A,NEB Sol A,NEB Sol A,NEB Sol B,Unknown,NEB Sol A,NEB Sol A,AR-804,NEB Sol B,NEB Sol B,10.0,True,1.7195476092453037,2.315438800526101,1.4396947688431057,0.0347878942984245,4.047519205375149,NEB Sol A,Cytation5,plamGFP,R&D,0.0,0.13033626966226097,0.0036337988847337838,0.04094158444210975,0.015020093893954199,0.0021805732086311908,0.007025148591958035,0.023499937550969432,0.01792801463511399,0.0014532256761025928,0.07461704050370654,0.007510046946977099,0.011871193364239481,0.03173586264152052,0.018653892778687984,0.0036337988847337838,0.011628744186729949,0.011628744186729949,0.0012107764985930603,0.0033913497072242506,0.0043611464172623815,0.018653892778687984,0.07461704050370654,0.018653892778687984,0.03730778555737597,0.09327093328239451,0.09327093328239451,0.9317365973359978,0.018653892778687984,0.018653892778687984,0.018653892778687984,0.018653892778687984,0.007510046946977099,0.005571922915855442,0.0019381240311216583,0.0019381240311216583,0.018653892778687984
NIST-standards-PURExpress-plamGFP-deGFP-D2,D2,Sample,plamGFP,3.5,8.0,20.0,2.0,2.0,0.0,0.0,50.0,100.0,1.0,1.0,1.0,0.02,2.0,0.3,2000.0,1.8,3.2850261780104715,206621,2025-11-24 00:00:00,50,F,NIST-standards-PURExpress-plamGFP-deGFP,NEB Sol A,NEB Sol A,NEB Sol A,NEB Sol A,NEB Sol A,NEB Sol A,NEB Sol A,NEB Sol A,NEB Sol A,NEB Sol A,NEB Sol A,NEB Sol A,NEB Sol B,Unknown,NEB Sol A,NEB Sol A,AR-804,NEB Sol B,NEB Sol B,10.0,True,2.48494334126842,2.466286468162604,1.4965162555335807,0.0510703607789979,3.0584207792158944,NEB Sol A,Synergy 2,plamGFP,R&D,0.0,0.13033626966226097,0.0036337988847337838,0.04094158444210975,0.015020093893954199,0.0021805732086311908,0.007025148591958035,0.023499937550969432,0.01792801463511399,0.0014532256761025928,0.07461704050370654,0.007510046946977099,0.011871193364239481,0.03173586264152052,0.018653892778687984,0.0036337988847337838,0.011628744186729949,0.011628744186729949,0.0012107764985930603,0.0033913497072242506,0.0043611464172623815,0.018653892778687984,0.07461704050370654,0.018653892778687984,0.03730778555737597,0.09327093328239451,0.09327093328239451,0.9317365973359978,0.018653892778687984,0.018653892778687984,0.018653892778687984,0.018653892778687984,0.007510046946977099,0.005571922915855442,0.0019381240311216583,0.0019381240311216583,0.018653892778687984
NIST-standards-PURExpress-plamGFP-deGFP-D4,D4,Sample,deGFP,3.5,8.0,20.0,2.0,2.0,0.0,0.0,50.0,100.0,1.0,1.0,1.0,0.02,2.0,0.3,2000.0,1.8,10.420108695652171,130723A,2025-11-24 00:00:00,35,F,NIST-standards-PURExpress-plamGFP-deGFP,NEB Sol A,NEB Sol A,NEB Sol A,NEB Sol A,NEB Sol A,NEB Sol A,NEB Sol A,NEB Sol A,NEB Sol A,NEB Sol A,NEB Sol A,NEB Sol A,NEB Sol B,Unknown,NEB Sol A,NEB Sol A,AR-889,NEB Sol B,NEB Sol B,10.0,True,1.0247021361537865,2.4951216554907187,1.0571429464264217,0.015666560183438,6.0,NEB Sol A,Cytation3,deGFP,R&D,0.0,0.13033626966226097,0.0036337988847337838,0.04094158444210975,0.015020093893954199,0.0021805732086311908,0.007025148591958035,0.023499937550969432,0.01792801463511399,0.0014532256761025928,0.07461704050370654,0.007510046946977099,0.011871193364239481,0.03173586264152052,0.018653892778687984,0.0036337988847337838,0.011628744186729949,0.011628744186729949,0.0012107764985930603,0.0033913497072242506,0.0043611464172623815,0.018653892778687984,0.07461704050370654,0.018653892778687984,0.03730778555737597,0.09327093328239451,0.09327093328239451,0.9317365973359978,0.018653892778687984,0.018653892778687984,0.018653892778687984,0.018653892778687984,0.007510046946977099,0.005571922915855442,0.0019381240311216583,0.0019381240311216583,0.018653892778687984
NIST-standards-PURExpress-plamGFP-deGFP-D4,D4,Sample,deGFP,3.5,8.0,20.0,2.0,2.0,0.0,0.0,50.0,100.0,1.0,1.0,1.0,0.02,2.0,0.3,2000.0,1.8,10.420108695652171,1705168,2025-11-24 00:00:00,ext,M,NIST-standards-PURExpress-plamGFP-deGFP,NEB Sol A,NEB Sol A,NEB Sol A,NEB Sol A,NEB Sol A,NEB Sol A,NEB Sol A,NEB Sol A,NEB Sol A,NEB Sol A,NEB Sol A,NEB Sol A,NEB Sol B,Unknown,NEB Sol A,NEB Sol A,AR-889,NEB Sol B,NEB Sol B,10.0,True,1.166313427840265,2.4992821729744072,0.947509109452546,0.0150175312668228,6.030555555555556,NEB Sol A,Cytation5,deGFP,R&D,0.0,0.13033626966226097,0.0036337988847337838,0.04094158444210975,0.015020093893954199,0.0021805732086311908,0.007025148591958035,0.023499937550969432,0.01792801463511399,0.0014532256761025928,0.07461704050370654,0.007510046946977099,0.011871193364239481,0.03173586264152052,0.018653892778687984,0.0036337988847337838,0.011628744186729949,0.011628744186729949,0.0012107764985930603,0.0033913497072242506,0.0043611464172623815,0.018653892778687984,0.07461704050370654,0.018653892778687984,0.03730778555737597,0.09327093328239451,0.09327093328239451,0.9317365973359978,0.018653892778687984,0.018653892778687984,0.018653892778687984,0.018653892778687984,0.007510046946977099,0.005571922915855442,0.0019381240311216583,0.0019381240311216583,0.018653892778687984
NIST-standards-PURExpress-plamGFP-deGFP-D4,D4,Sample,deGFP,3.5,8.0,20.0,2.0,2.0,0.0,0.0,50.0,100.0,1.0,1.0,1.0,0.02,2.0,0.3,2000.0,1.8,10.420108695652171,206621,2025-11-24 00:00:00,50,F,NIST-standards-PURExpress-plamGFP-deGFP,NEB Sol A,NEB Sol A,NEB Sol A,NEB Sol A,NEB Sol A,NEB Sol A,NEB Sol A,NEB Sol A,NEB Sol A,NEB Sol A,NEB Sol A,NEB Sol A,NEB Sol B,Unknown,NEB Sol A,NEB Sol A,AR-889,NEB Sol B,NEB Sol B,10.0,True,1.719558525589332,2.566238544356969,0.9998725498705086,0.019447078327685,6.0,NEB Sol A,Synergy 2,deGFP,R&D,0.0,0.13033626966226097,0.0036337988847337838,0.04094158444210975,0.015020093893954199,0.0021805732086311908,0.007025148591958035,0.023499937550969432,0.01792801463511399,0.0014532256761025928,0.07461704050370654,0.007510046946977099,0.011871193364239481,0.03173586264152052,0.018653892778687984,0.0036337988847337838,0.011628744186729949,0.011628744186729949,0.0012107764985930603,0.0033913497072242506,0.0043611464172623815,0.018653892778687984,0.07461704050370654,0.018653892778687984,0.03730778555737597,0.09327093328239451,0.09327093328239451,0.9317365973359978,0.018653892778687984,0.018653892778687984,0.018653892778687984,0.018653892778687984,0.007510046946977099,0.005571922915855442,0.0019381240311216583,0.0019381240311216583,0.018653892778687984
NIST-standards-PURExpress-plamGFP-deGFP-F2,F2,Sample,plamGFP,3.5,8.0,20.0,2.0,2.0,0.0,0.0,50.0,100.0,1.0,1.0,1.0,0.02,2.0,0.3,2000.0,1.8,3.2850261780104715,130723A,2025-11-24 00:00:00,35,F,NIST-standards-PURExpress-plamGFP-deGFP,NEB Sol A,NEB Sol A,NEB Sol A,NEB Sol A,NEB Sol A,NEB Sol A,NEB Sol A,NEB Sol A,NEB Sol A,NEB Sol A,NEB Sol A,NEB Sol A,NEB Sol B,Unknown,NEB Sol A,NEB Sol A,AR-804,NEB Sol B,NEB Sol B,10.0,True,1.306241909635651,2.878583669780605,1.537132487020719,0.0389299706758556,1.876844159035743,NEB Sol A,Cytation3,plamGFP,R&D,0.0,0.13033626966226097,0.0036337988847337838,0.04094158444210975,0.015020093893954199,0.0021805732086311908,0.007025148591958035,0.023499937550969432,0.01792801463511399,0.0014532256761025928,0.07461704050370654,0.007510046946977099,0.011871193364239481,0.03173586264152052,0.018653892778687984,0.0036337988847337838,0.011628744186729949,0.011628744186729949,0.0012107764985930603,0.0033913497072242506,0.0043611464172623815,0.018653892778687984,0.07461704050370654,0.018653892778687984,0.03730778555737597,0.09327093328239451,0.09327093328239451,0.9317365973359978,0.018653892778687984,0.018653892778687984,0.018653892778687984,0.018653892778687984,0.007510046946977099,0.005571922915855442,0.0019381240311216583,0.0019381240311216583,0.018653892778687984
NIST-standards-PURExpress-plamGFP-deGFP-F2,F2,Sample,plamGFP,3.5,8.0,20.0,2.0,2.0,0.0,0.0,50.0,100.0,1.0,1.0,1.0,0.02,2.0,0.3,2000.0,1.8,3.2850261780104715,1705168,2025-11-24 00:00:00,ext,M,NIST-standards-PURExpress-plamGFP-deGFP,NEB Sol A,NEB Sol A,NEB Sol A,NEB Sol A,NEB Sol A,NEB Sol A,NEB Sol A,NEB Sol A,NEB Sol A,NEB Sol A,NEB Sol A,NEB Sol A,NEB Sol B,Unknown,NEB Sol A,NEB Sol A,AR-804,NEB Sol B,NEB Sol B,10.0,True,1.7769011883536865,2.303777758071496,1.4316482297916764,0.0353080760270831,4.1875804462389326,NEB Sol A,Cytation5,plamGFP,R&D,0.0,0.13033626966226097,0.0036337988847337838,0.04094158444210975,0.015020093893954199,0.0021805732086311908,0.007025148591958035,0.023499937550969432,0.01792801463511399,0.0014532256761025928,0.07461704050370654,0.007510046946977099,0.011871193364239481,0.03173586264152052,0.018653892778687984,0.0036337988847337838,0.011628744186729949,0.011628744186729949,0.0012107764985930603,0.0033913497072242506,0.0043611464172623815,0.018653892778687984,0.07461704050370654,0.018653892778687984,0.03730778555737597,0.09327093328239451,0.09327093328239451,0.9317365973359978,0.018653892778687984,0.018653892778687984,0.018653892778687984,0.018653892778687984,0.007510046946977099,0.005571922915855442,0.0019381240311216583,0.0019381240311216583,0.018653892778687984
NIST-standards-PURExpress-plamGFP-deGFP-F2,F2,Sample,plamGFP,3.5,8.0,20.0,2.0,2.0,0.0,0.0,50.0,100.0,1.0,1.0,1.0,0.02,2.0,0.3,2000.0,1.8,3.2850261780104715,206621,2025-11-24 00:00:00,50,F,NIST-standards-PURExpress-plamGFP-deGFP,NEB Sol A,NEB Sol A,NEB Sol A,NEB Sol A,NEB Sol A,NEB Sol A,NEB Sol A,NEB Sol A,NEB Sol A,NEB Sol A,NEB Sol A,NEB Sol A,NEB Sol B,Unknown,NEB Sol A,NEB Sol A,AR-804,NEB Sol B,NEB Sol B,10.0,True,2.401764253621179,2.474051638087644,1.4859522921959605,0.0519916912825032,2.928119418612414,NEB Sol A,Synergy 2,plamGFP,R&D,0.0,0.13033626966226097,0.0036337988847337838,0.04094158444210975,0.015020093893954199,0.0021805732086311908,0.007025148591958035,0.023499937550969432,0.01792801463511399,0.0014532256761025928,0.07461704050370654,0.007510046946977099,0.011871193364239481,0.03173586264152052,0.018653892778687984,0.0036337988847337838,0.011628744186729949,0.011628744186729949,0.0012107764985930603,0.0033913497072242506,0.0043611464172623815,0.018653892778687984,0.07461704050370654,0.018653892778687984,0.03730778555737597,0.09327093328239451,0.09327093328239451,0.9317365973359978,0.018653892778687984,0.018653892778687984,0.018653892778687984,0.018653892778687984,0.007510046946977099,0.005571922915855442,0.0019381240311216583,0.0019381240311216583,0.018653892778687984
NIST-standards-PURExpress-plamGFP-deGFP-F4,F4,Sample,deGFP,3.5,8.0,20.0,2.0,2.0,0.0,0.0,50.0,100.0,1.0,1.0,1.0,0.02,2.0,0.3,2000.0,1.8,10.420108695652171,130723A,2025-11-24 00:00:00,35,F,NIST-standards-PURExpress-plamGFP-deGFP,NEB Sol A,NEB Sol A,NEB Sol A,NEB Sol A,NEB Sol A,NEB Sol A,NEB Sol A,NEB Sol A,NEB Sol A,NEB Sol A,NEB Sol A,NEB Sol A,NEB Sol B,Unknown,NEB Sol A,NEB Sol A,AR-889,NEB Sol B,NEB Sol B,10.0,True,1.0418164308563094,2.4826366112372558,1.062138626931144,0.0158854231975432,6.0,NEB Sol A,Cytation3,deGFP,R&D,0.0,0.13033626966226097,0.0036337988847337838,0.04094158444210975,0.015020093893954199,0.0021805732086311908,0.007025148591958035,0.023499937550969432,0.01792801463511399,0.0014532256761025928,0.07461704050370654,0.007510046946977099,0.011871193364239481,0.03173586264152052,0.018653892778687984,0.0036337988847337838,0.011628744186729949,0.011628744186729949,0.0012107764985930603,0.0033913497072242506,0.0043611464172623815,0.018653892778687984,0.07461704050370654,0.018653892778687984,0.03730778555737597,0.09327093328239451,0.09327093328239451,0.9317365973359978,0.018653892778687984,0.018653892778687984,0.018653892778687984,0.018653892778687984,0.007510046946977099,0.005571922915855442,0.0019381240311216583,0.0019381240311216583,0.018653892778687984
NIST-standards-PURExpress-plamGFP-deGFP-F4,F4,Sample,deGFP,3.5,8.0,20.0,2.0,2.0,0.0,0.0,50.0,100.0,1.0,1.0,1.0,0.02,2.0,0.3,2000.0,1.8,10.420108695652171,1705168,2025-11-24 00:00:00,ext,M,NIST-standards-PURExpress-plamGFP-deGFP,NEB Sol A,NEB Sol A,NEB Sol A,NEB Sol A,NEB Sol A,NEB Sol A,NEB Sol A,NEB Sol A,NEB Sol A,NEB Sol A,NEB Sol A,NEB Sol A,NEB Sol B,Unknown,NEB Sol A,NEB Sol A,AR-889,NEB Sol B,NEB Sol B,10.0,True,1.1496604843213576,2.5021418663142323,0.9379093077316488,0.0150586409089691,6.030555555555556,NEB Sol A,Cytation5,deGFP,R&D,0.0,0.13033626966226097,0.0036337988847337838,0.04094158444210975,0.015020093893954199,0.0021805732086311908,0.007025148591958035,0.023499937550969432,0.01792801463511399,0.0014532256761025928,0.07461704050370654,0.007510046946977099,0.011871193364239481,0.03173586264152052,0.018653892778687984,0.0036337988847337838,0.011628744186729949,0.011628744186729949,0.0012107764985930603,0.0033913497072242506,0.0043611464172623815,0.018653892778687984,0.07461704050370654,0.018653892778687984,0.03730778555737597,0.09327093328239451,0.09327093328239451,0.9317365973359978,0.018653892778687984,0.018653892778687984,0.018653892778687984,0.018653892778687984,0.007510046946977099,0.005571922915855442,0.0019381240311216583,0.0019381240311216583,0.018653892778687984
NIST-standards-PURExpress-plamGFP-deGFP-F4,F4,Sample,deGFP,3.5,8.0,20.0,2.0,2.0,0.0,0.0,50.0,100.0,1.0,1.0,1.0,0.02,2.0,0.3,2000.0,1.8,10.420108695652171,206621,2025-11-24 00:00:00,50,F,NIST-standards-PURExpress-plamGFP-deGFP,NEB Sol A,NEB Sol A,NEB Sol A,NEB Sol A,NEB Sol A,NEB Sol A,NEB Sol A,NEB Sol A,NEB Sol A,NEB Sol A,NEB Sol A,NEB Sol A,NEB Sol B,Unknown,NEB Sol A,NEB Sol A,AR-889,NEB Sol B,NEB Sol B,10.0,True,1.6970582984168257,2.58534453506758,1.023562783403147,0.0148657384018193,5.740694425318049,NEB Sol A,Synergy 2,deGFP,R&D,0.0,0.13033626966226097,0.0036337988847337838,0.04094158444210975,0.015020093893954199,0.0021805732086311908,0.007025148591958035,0.023499937550969432,0.01792801463511399,0.0014532256761025928,0.07461704050370654,0.007510046946977099,0.011871193364239481,0.03173586264152052,0.018653892778687984,0.0036337988847337838,0.011628744186729949,0.011628744186729949,0.0012107764985930603,0.0033913497072242506,0.0043611464172623815,0.018653892778687984,0.07461704050370654,0.018653892778687984,0.03730778555737597,0.09327093328239451,0.09327093328239451,0.9317365973359978,0.018653892778687984,0.018653892778687984,0.018653892778687984,0.018653892778687984,0.007510046946977099,0.005571922915855442,0.0019381240311216583,0.0019381240311216583,0.018653892778687984
Pmix-MFG-116-B2,B2,Sample,AR-925,3.5,8.0,20.0,2.0,2.0,0.0,0.0,50.0,100.0,1.0,1.0,1.0,0.02,2.0,0.3,2000.0,3.24,3.141361256544503,1705168,2025-12-18 00:00:00,ext,M,Pmix-MFG-116,Unknown,Unknown,Unknown,Unknown,Unknown,Unknown,Unknown,Unknown,Unknown,Unknown,Unknown,Unknown,AR-900,Unknown,Unknown,Unknown,Unknown,AR-907,AR-925,10.0,True,0.9004638958490491,4.333311255357732,0.7014920402804686,0.0063940964972891,6.006388888888889,AR-895,Cytation5,plamGFP,MFG,0.0,0.13033626966226097,0.0036337988847337838,0.04094158444210975,0.015020093893954199,0.0021805732086311908,0.007025148591958035,0.023499937550969432,0.01792801463511399,0.0014532256761025928,0.07461704050370654,0.007510046946977099,0.011871193364239481,0.03173586264152052,0.018653892778687984,0.0036337988847337838,0.011628744186729949,0.011628744186729949,0.0012107764985930603,0.0033913497072242506,0.0043611464172623815,0.018653892778687984,0.07461704050370654,0.018653892778687984,0.03730778555737597,0.09327093328239451,0.09327093328239451,0.9317365973359978,0.018653892778687984,0.018653892778687984,0.018653892778687984,0.018653892778687984,0.007510046946977099,0.005571922915855442,0.0019381240311216583,0.0019381240311216583,0.018653892778687984
Pmix-MFG-116-B4,B4,Sample,AR-926,3.5,8.0,20.0,2.0,2.0,0.0,0.0,50.0,100.0,1.0,1.0,1.0,0.02,2.0,0.3,2000.0,3.24,3.141361256544503,1705168,2025-12-18 00:00:00,ext,M,Pmix-MFG-116,Unknown,Unknown,Unknown,Unknown,Unknown,Unknown,Unknown,Unknown,Unknown,Unknown,Unknown,Unknown,AR-900,Unknown,Unknown,Unknown,Unknown,AR-907,AR-926,10.0,True,0.968493427232644,4.402443816132964,0.6840263489809336,0.0068979823986438,6.006388888888889,AR-895,Cytation5,plamGFP,MFG,0.0,0.13033626966226097,0.0036337988847337838,0.04094158444210975,0.015020093893954199,0.0021805732086311908,0.007025148591958035,0.023499937550969432,0.01792801463511399,0.0014532256761025928,0.07461704050370654,0.007510046946977099,0.011871193364239481,0.03173586264152052,0.018653892778687984,0.0036337988847337838,0.011628744186729949,0.011628744186729949,0.0012107764985930603,0.0033913497072242506,0.0043611464172623815,0.018653892778687984,0.07461704050370654,0.018653892778687984,0.03730778555737597,0.09327093328239451,0.09327093328239451,0.9317365973359978,0.018653892778687984,0.018653892778687984,0.018653892778687984,0.018653892778687984,0.007510046946977099,0.005571922915855442,0.0019381240311216583,0.0019381240311216583,0.018653892778687984
Pmix-MFG-116-B6,B6,Positive Control,Positive,3.5,8.0,20.0,2.0,2.0,0.0,0.0,50.0,100.0,1.0,1.0,1.0,0.02,2.0,0.3,2000.0,1.8,3.141361256544503,1705168,2025-12-18 00:00:00,ext,M,Pmix-MFG-116,NEB Sol A,NEB Sol A,NEB Sol A,NEB Sol A,NEB Sol A,NEB Sol A,NEB Sol A,NEB Sol A,NEB Sol A,NEB Sol A,NEB Sol A,NEB Sol A,NEB Sol B,Unknown,NEB Sol A,NEB Sol A,Unknown,NEB Sol B,NEB Sol B,10.0,True,0.8697565018949384,2.2081919685228635,1.214328129041745,0.0102330574737741,6.006388888888889,NEB Sol A,Cytation5,plamGFP,MFG,0.0,0.13033626966226097,0.0036337988847337838,0.04094158444210975,0.015020093893954199,0.0021805732086311908,0.007025148591958035,0.023499937550969432,0.01792801463511399,0.0014532256761025928,0.07461704050370654,0.007510046946977099,0.011871193364239481,0.03173586264152052,0.018653892778687984,0.0036337988847337838,0.011628744186729949,0.011628744186729949,0.0012107764985930603,0.0033913497072242506,0.0043611464172623815,0.018653892778687984,0.07461704050370654,0.018653892778687984,0.03730778555737597,0.09327093328239451,0.09327093328239451,0.9317365973359978,0.018653892778687984,0.018653892778687984,0.018653892778687984,0.018653892778687984,0.007510046946977099,0.005571922915855442,0.0019381240311216583,0.0019381240311216583,0.018653892778687984
Pmix-MFG-116-B8,B8,Negative Control,Negative,3.5,8.0,20.0,2.0,2.0,0.0,0.0,50.0,100.0,1.0,1.0,1.0,0.02,2.0,0.3,0.0,1.8,0.0,1705168,2025-12-18 00:00:00,ext,M,Pmix-MFG-116,NEB Sol A,NEB Sol A,NEB Sol A,NEB Sol A,NEB Sol A,NEB Sol A,NEB Sol A,NEB Sol A,NEB Sol A,NEB Sol A,NEB Sol A,NEB Sol A,NEB Sol B,Unknown,NEB Sol A,NEB Sol A,Unknown,NEB Sol B,NEB Sol B,10.0,False,0.0,,,0.0,,NEB Sol A,Cytation5,Unknown,MFG,0.0,0.13033626966226097,0.0036337988847337838,0.04094158444210975,0.015020093893954199,0.0021805732086311908,0.007025148591958035,0.023499937550969432,0.01792801463511399,0.0014532256761025928,0.07461704050370654,0.007510046946977099,0.011871193364239481,0.03173586264152052,0.018653892778687984,0.0036337988847337838,0.011628744186729949,0.011628744186729949,0.0012107764985930603,0.0033913497072242506,0.0043611464172623815,0.018653892778687984,0.07461704050370654,0.018653892778687984,0.03730778555737597,0.09327093328239451,0.09327093328239451,0.9317365973359978,0.018653892778687984,0.018653892778687984,0.018653892778687984,0.018653892778687984,0.007510046946977099,0.005571922915855442,0.0019381240311216583,0.0019381240311216583,0.018653892778687984
Pmix-MFG-116-D2,D2,Sample,AR-925,3.5,8.0,20.0,2.0,2.0,0.0,0.0,50.0,100.0,1.0,1.0,1.0,0.02,2.0,0.3,2000.0,3.24,3.141361256544503,1705168,2025-12-18 00:00:00,ext,M,Pmix-MFG-116,Unknown,Unknown,Unknown,Unknown,Unknown,Unknown,Unknown,Unknown,Unknown,Unknown,Unknown,Unknown,AR-901,Unknown,Unknown,Unknown,Unknown,AR-907,AR-925,10.0,True,0.9496988408374823,4.360317344928317,0.6923607771191045,0.0066269568836129,6.006388888888889,AR-895,Cytation5,plamGFP,MFG,0.0,0.13033626966226097,0.0036337988847337838,0.04094158444210975,0.015020093893954199,0.0021805732086311908,0.007025148591958035,0.023499937550969432,0.01792801463511399,0.0014532256761025928,0.07461704050370654,0.007510046946977099,0.011871193364239481,0.03173586264152052,0.018653892778687984,0.0036337988847337838,0.011628744186729949,0.011628744186729949,0.0012107764985930603,0.0033913497072242506,0.0043611464172623815,0.018653892778687984,0.07461704050370654,0.018653892778687984,0.03730778555737597,0.09327093328239451,0.09327093328239451,0.9317365973359978,0.018653892778687984,0.018653892778687984,0.018653892778687984,0.018653892778687984,0.007510046946977099,0.005571922915855442,0.0019381240311216583,0.0019381240311216583,0.018653892778687984
Pmix-MFG-116-D4,D4,Sample,AR-926,3.5,8.0,20.0,2.0,2.0,0.0,0.0,50.0,100.0,1.0,1.0,1.0,0.02,2.0,0.3,2000.0,3.24,3.141361256544503,1705168,2025-12-18 00:00:00,ext,M,Pmix-MFG-116,Unknown,Unknown,Unknown,Unknown,Unknown,Unknown,Unknown,Unknown,Unknown,Unknown,Unknown,Unknown,AR-901,Unknown,Unknown,Unknown,Unknown,AR-907,AR-926,10.0,True,0.974581944242712,4.436501458816135,0.6780755052977967,0.0070385955845813,6.006388888888889,AR-895,Cytation5,plamGFP,MFG,0.0,0.13033626966226097,0.0036337988847337838,0.04094158444210975,0.015020093893954199,0.0021805732086311908,0.007025148591958035,0.023499937550969432,0.01792801463511399,0.0014532256761025928,0.07461704050370654,0.007510046946977099,0.011871193364239481,0.03173586264152052,0.018653892778687984,0.0036337988847337838,0.011628744186729949,0.011628744186729949,0.0012107764985930603,0.0033913497072242506,0.0043611464172623815,0.018653892778687984,0.07461704050370654,0.018653892778687984,0.03730778555737597,0.09327093328239451,0.09327093328239451,0.9317365973359978,0.018653892778687984,0.018653892778687984,0.018653892778687984,0.018653892778687984,0.007510046946977099,0.005571922915855442,0.0019381240311216583,0.0019381240311216583,0.018653892778687984
Pmix-MFG-116-D6,D6,Positive Control,Positive,3.5,8.0,20.0,2.0,2.0,0.0,0.0,50.0,100.0,1.0,1.0,1.0,0.02,2.0,0.3,2000.0,1.8,3.141361256544503,1705168,2025-12-18 00:00:00,ext,M,Pmix-MFG-116,NEB Sol A,NEB Sol A,NEB Sol A,NEB Sol A,NEB Sol A,NEB Sol A,NEB Sol A,NEB Sol A,NEB Sol A,NEB Sol A,NEB Sol A,NEB Sol A,NEB Sol B,Unknown,NEB Sol A,NEB Sol A,Unknown,NEB Sol B,NEB Sol B,10.0,True,0.8509767606232906,2.181980844929098,1.1707667664468555,0.0111846014699182,6.006388888888889,NEB Sol A,Cytation5,plamGFP,MFG,0.0,0.13033626966226097,0.0036337988847337838,0.04094158444210975,0.015020093893954199,0.0021805732086311908,0.007025148591958035,0.023499937550969432,0.01792801463511399,0.0014532256761025928,0.07461704050370654,0.007510046946977099,0.011871193364239481,0.03173586264152052,0.018653892778687984,0.0036337988847337838,0.011628744186729949,0.011628744186729949,0.0012107764985930603,0.0033913497072242506,0.0043611464172623815,0.018653892778687984,0.07461704050370654,0.018653892778687984,0.03730778555737597,0.09327093328239451,0.09327093328239451,0.9317365973359978,0.018653892778687984,0.018653892778687984,0.018653892778687984,0.018653892778687984,0.007510046946977099,0.005571922915855442,0.0019381240311216583,0.0019381240311216583,0.018653892778687984
Pmix-MFG-116-F2,F2,Sample,AR-925,3.5,8.0,20.0,2.0,2.0,0.0,0.0,50.0,100.0,1.0,1.0,1.0,0.02,2.0,0.3,2000.0,3.24,3.141361256544503,1705168,2025-12-18 00:00:00,ext,M,Pmix-MFG-116,Unknown,Unknown,Unknown,Unknown,Unknown,Unknown,Unknown,Unknown,Unknown,Unknown,Unknown,Unknown,AR-902,Unknown,Unknown,Unknown,Unknown,AR-907,AR-925,10.0,True,0.933397830121879,4.398576850885741,0.6831174482081533,0.0066131443172976,6.006388888888889,AR-895,Cytation5,plamGFP,MFG,0.0,0.13033626966226097,0.0036337988847337838,0.04094158444210975,0.015020093893954199,0.0021805732086311908,0.007025148591958035,0.023499937550969432,0.01792801463511399,0.0014532256761025928,0.07461704050370654,0.007510046946977099,0.011871193364239481,0.03173586264152052,0.018653892778687984,0.0036337988847337838,0.011628744186729949,0.011628744186729949,0.0012107764985930603,0.0033913497072242506,0.0043611464172623815,0.018653892778687984,0.07461704050370654,0.018653892778687984,0.03730778555737597,0.09327093328239451,0.09327093328239451,0.9317365973359978,0.018653892778687984,0.018653892778687984,0.018653892778687984,0.018653892778687984,0.007510046946977099,0.005571922915855442,0.0019381240311216583,0.0019381240311216583,0.018653892778687984
Pmix-MFG-116-F4,F4,Sample,AR-926,3.5,8.0,20.0,2.0,2.0,0.0,0.0,50.0,100.0,1.0,1.0,1.0,0.02,2.0,0.3,2000.0,3.24,3.141361256544503,1705168,2025-12-18 00:00:00,ext,M,Pmix-MFG-116,Unknown,Unknown,Unknown,Unknown,Unknown,Unknown,Unknown,Unknown,Unknown,Unknown,Unknown,Unknown,AR-902,Unknown,Unknown,Unknown,Unknown,AR-907,AR-926,10.0,True,0.977643205598536,4.463672253101466,0.6682616584206151,0.0072531659600975,6.006388888888889,AR-895,Cytation5,plamGFP,MFG,0.0,0.13033626966226097,0.0036337988847337838,0.04094158444210975,0.015020093893954199,0.0021805732086311908,0.007025148591958035,0.023499937550969432,0.01792801463511399,0.0014532256761025928,0.07461704050370654,0.007510046946977099,0.011871193364239481,0.03173586264152052,0.018653892778687984,0.0036337988847337838,0.011628744186729949,0.011628744186729949,0.0012107764985930603,0.0033913497072242506,0.0043611464172623815,0.018653892778687984,0.07461704050370654,0.018653892778687984,0.03730778555737597,0.09327093328239451,0.09327093328239451,0.9317365973359978,0.018653892778687984,0.018653892778687984,0.018653892778687984,0.018653892778687984,0.007510046946977099,0.005571922915855442,0.0019381240311216583,0.0019381240311216583,0.018653892778687984
Pmix-MFG-116-F6,F6,Positive Control,Positive,3.5,8.0,20.0,2.0,2.0,0.0,0.0,50.0,100.0,1.0,1.0,1.0,0.02,2.0,0.3,2000.0,1.8,3.141361256544503,1705168,2025-12-18 00:00:00,ext,M,Pmix-MFG-116,NEB Sol A,NEB Sol A,NEB Sol A,NEB Sol A,NEB Sol A,NEB Sol A,NEB Sol A,NEB Sol A,NEB Sol A,NEB Sol A,NEB Sol A,NEB Sol A,NEB Sol B,Unknown,NEB Sol A,NEB Sol A,Unknown,NEB Sol B,NEB Sol B,10.0,True,0.861968415229186,2.1733293197673773,1.204308648916643,0.0106224228407482,6.006388888888889,NEB Sol A,Cytation5,plamGFP,MFG,0.0,0.13033626966226097,0.0036337988847337838,0.04094158444210975,0.015020093893954199,0.0021805732086311908,0.007025148591958035,0.023499937550969432,0.01792801463511399,0.0014532256761025928,0.07461704050370654,0.007510046946977099,0.011871193364239481,0.03173586264152052,0.018653892778687984,0.0036337988847337838,0.011628744186729949,0.011628744186729949,0.0012107764985930603,0.0033913497072242506,0.0043611464172623815,0.018653892778687984,0.07461704050370654,0.018653892778687984,0.03730778555737597,0.09327093328239451,0.09327093328239451,0.9317365973359978,0.018653892778687984,0.018653892778687984,0.018653892778687984,0.018653892778687984,0.007510046946977099,0.005571922915855442,0.0019381240311216583,0.0019381240311216583,0.018653892778687984
PMix_(AR-931)_QC_PURE_Timecourse-B10,B10,Positive Control,Positive Control,3.5,8.0,20.0,2.0,2.0,0.0,0.0,50.0,100.0,1.0,1.0,1.0,0.02,2.0,0.3,2000.0,1.8,3.0890052356020945,1705168,2026-01-05 00:00:00,ext,M,PMix_(AR-931)_QC_PURE_Timecourse,NEB Sol A,NEB Sol A,NEB Sol A,NEB Sol A,NEB Sol A,NEB Sol A,NEB Sol A,NEB Sol A,NEB Sol A,NEB Sol A,NEB Sol A,NEB Sol A,NEB Sol B,Unknown,NEB Sol A,NEB Sol A,AR-931,NEB Sol B,NEB Sol B,10.0,True,0.9528877523855926,2.1733628206288484,1.3078073532217498,0.0116697456574123,6.010277777777778,NEB Sol A,Cytation5,plamGFP,MFG,0.0,0.13033626966226097,0.0036337988847337838,0.04094158444210975,0.015020093893954199,0.0021805732086311908,0.007025148591958035,0.023499937550969432,0.01792801463511399,0.0014532256761025928,0.07461704050370654,0.007510046946977099,0.011871193364239481,0.03173586264152052,0.018653892778687984,0.0036337988847337838,0.011628744186729949,0.011628744186729949,0.0012107764985930603,0.0033913497072242506,0.0043611464172623815,0.018653892778687984,0.07461704050370654,0.018653892778687984,0.03730778555737597,0.09327093328239451,0.09327093328239451,0.9317365973359978,0.018653892778687984,0.018653892778687984,0.018653892778687984,0.018653892778687984,0.007510046946977099,0.005571922915855442,0.0019381240311216583,0.0019381240311216583,0.018653892778687984
PMix_(AR-931)_QC_PURE_Timecourse-B2,B2,Sample,AR-931 + AR-906,3.5,8.0,20.0,2.0,2.0,0.0,0.0,50.0,100.0,1.0,1.0,1.0,0.02,2.0,0.3,2000.0,3.24,3.0890052356020945,1705168,2026-01-05 00:00:00,ext,M,PMix_(AR-931)_QC_PURE_Timecourse,Unknown,Unknown,Unknown,Unknown,Unknown,Unknown,Unknown,Unknown,Unknown,Unknown,Unknown,Unknown,AR-901,Unknown,Unknown,Unknown,AR-931,AR-906,AR-931,10.0,True,1.0174611122607176,3.975078124144509,0.8658120818941998,0.0054814470924977,6.010277777777778,AR-895,Cytation5,plamGFP,MFG,0.0,0.13033626966226097,0.0036337988847337838,0.04094158444210975,0.015020093893954199,0.0021805732086311908,0.007025148591958035,0.023499937550969432,0.01792801463511399,0.0014532256761025928,0.07461704050370654,0.007510046946977099,0.011871193364239481,0.03173586264152052,0.018653892778687984,0.0036337988847337838,0.011628744186729949,0.011628744186729949,0.0012107764985930603,0.0033913497072242506,0.0043611464172623815,0.018653892778687984,0.07461704050370654,0.018653892778687984,0.03730778555737597,0.09327093328239451,0.09327093328239451,0.9317365973359978,0.018653892778687984,0.018653892778687984,0.018653892778687984,0.018653892778687984,0.007510046946977099,0.005571922915855442,0.0019381240311216583,0.0019381240311216583,0.018653892778687984
PMix_(AR-931)_QC_PURE_Timecourse-B6,B6,Sample,AR-931 + AR-855,3.5,8.0,20.0,2.0,2.0,0.0,0.0,50.0,100.0,1.0,1.0,1.0,0.02,2.0,0.3,2000.0,1.8,3.0890052356020945,1705168,2026-01-05 00:00:00,ext,M,PMix_(AR-931)_QC_PURE_Timecourse,Unknown,Unknown,Unknown,Unknown,Unknown,Unknown,Unknown,Unknown,Unknown,Unknown,Unknown,Unknown,AR-901,Unknown,Unknown,Unknown,AR-931,AR-855,AR-931,10.0,True,0.964858402128646,3.275692960365168,0.9015641835474232,0.0090977841603068,6.010277777777778,AR-895,Cytation5,plamGFP,MFG,0.0,0.13033626966226097,0.0036337988847337838,0.04094158444210975,0.015020093893954199,0.0021805732086311908,0.007025148591958035,0.023499937550969432,0.01792801463511399,0.0014532256761025928,0.07461704050370654,0.007510046946977099,0.011871193364239481,0.03173586264152052,0.018653892778687984,0.0036337988847337838,0.011628744186729949,0.011628744186729949,0.0012107764985930603,0.0033913497072242506,0.0043611464172623815,0.018653892778687984,0.07461704050370654,0.018653892778687984,0.03730778555737597,0.09327093328239451,0.09327093328239451,0.9317365973359978,0.018653892778687984,0.018653892778687984,0.018653892778687984,0.018653892778687984,0.007510046946977099,0.005571922915855442,0.0019381240311216583,0.0019381240311216583,0.018653892778687984
PMix_(AR-931)_QC_PURE_Timecourse-B8,B8,Sample,AR-931 + AR-904,3.5,8.0,20.0,2.0,2.0,0.0,0.0,50.0,100.0,1.0,1.0,1.0,0.02,2.0,0.3,2000.0,1.8,3.0890052356020945,1705168,2026-01-05 00:00:00,ext,M,PMix_(AR-931)_QC_PURE_Timecourse,Unknown,Unknown,Unknown,Unknown,Unknown,Unknown,Unknown,Unknown,Unknown,Unknown,Unknown,Unknown,AR-901,Unknown,Unknown,Unknown,AR-931,AR-904,AR-931,10.0,True,1.0074873648915064,2.948934092096391,0.9904761253650852,0.0098294511072934,5.459863368353123,AR-895,Cytation5,plamGFP,MFG,0.0,0.13033626966226097,0.0036337988847337838,0.04094158444210975,0.015020093893954199,0.0021805732086311908,0.007025148591958035,0.023499937550969432,0.01792801463511399,0.0014532256761025928,0.07461704050370654,0.007510046946977099,0.011871193364239481,0.03173586264152052,0.018653892778687984,0.0036337988847337838,0.011628744186729949,0.011628744186729949,0.0012107764985930603,0.0033913497072242506,0.0043611464172623815,0.018653892778687984,0.07461704050370654,0.018653892778687984,0.03730778555737597,0.09327093328239451,0.09327093328239451,0.9317365973359978,0.018653892778687984,0.018653892778687984,0.018653892778687984,0.018653892778687984,0.007510046946977099,0.005571922915855442,0.0019381240311216583,0.0019381240311216583,0.018653892778687984
PMix_(AR-931)_QC_PURE_Timecourse-D10,D10,Positive Control,Positive Control,3.5,8.0,20.0,2.0,2.0,0.0,0.0,50.0,100.0,1.0,1.0,1.0,0.02,2.0,0.3,2000.0,1.8,3.0890052356020945,1705168,2026-01-05 00:00:00,ext,M,PMix_(AR-931)_QC_PURE_Timecourse,NEB Sol A,NEB Sol A,NEB Sol A,NEB Sol A,NEB Sol A,NEB Sol A,NEB Sol A,NEB Sol A,NEB Sol A,NEB Sol A,NEB Sol A,NEB Sol A,NEB Sol B,Unknown,NEB Sol A,NEB Sol A,AR-931,NEB Sol B,NEB Sol B,10.0,True,0.9908346098210647,2.186165810833639,1.2885538281049538,0.012358646477439,6.010277777777778,NEB Sol A,Cytation5,plamGFP,MFG,0.0,0.13033626966226097,0.0036337988847337838,0.04094158444210975,0.015020093893954199,0.0021805732086311908,0.007025148591958035,0.023499937550969432,0.01792801463511399,0.0014532256761025928,0.07461704050370654,0.007510046946977099,0.011871193364239481,0.03173586264152052,0.018653892778687984,0.0036337988847337838,0.011628744186729949,0.011628744186729949,0.0012107764985930603,0.0033913497072242506,0.0043611464172623815,0.018653892778687984,0.07461704050370654,0.018653892778687984,0.03730778555737597,0.09327093328239451,0.09327093328239451,0.9317365973359978,0.018653892778687984,0.018653892778687984,0.018653892778687984,0.018653892778687984,0.007510046946977099,0.005571922915855442,0.0019381240311216583,0.0019381240311216583,0.018653892778687984
PMix_(AR-931)_QC_PURE_Timecourse-D2,D2,Sample,AR-931 + AR-906,3.5,8.0,20.0,2.0,2.0,0.0,0.0,50.0,100.0,1.0,1.0,1.0,0.02,2.0,0.3,2000.0,3.24,3.0890052356020945,1705168,2026-01-05 00:00:00,ext,M,PMix_(AR-931)_QC_PURE_Timecourse,Unknown,Unknown,Unknown,Unknown,Unknown,Unknown,Unknown,Unknown,Unknown,Unknown,Unknown,Unknown,AR-901,Unknown,Unknown,Unknown,AR-931,AR-906,AR-931,10.0,True,1.004093649080909,3.979359021538797,0.8570355137742222,0.005801191022943,6.010277777777778,AR-895,Cytation5,plamGFP,MFG,0.0,0.13033626966226097,0.0036337988847337838,0.04094158444210975,0.015020093893954199,0.0021805732086311908,0.007025148591958035,0.023499937550969432,0.01792801463511399,0.0014532256761025928,0.07461704050370654,0.007510046946977099,0.011871193364239481,0.03173586264152052,0.018653892778687984,0.0036337988847337838,0.011628744186729949,0.011628744186729949,0.0012107764985930603,0.0033913497072242506,0.0043611464172623815,0.018653892778687984,0.07461704050370654,0.018653892778687984,0.03730778555737597,0.09327093328239451,0.09327093328239451,0.9317365973359978,0.018653892778687984,0.018653892778687984,0.018653892778687984,0.018653892778687984,0.007510046946977099,0.005571922915855442,0.0019381240311216583,0.0019381240311216583,0.018653892778687984
PMix_(AR-931)_QC_PURE_Timecourse-D6,D6,Sample,AR-931 + AR-855,3.5,8.0,20.0,2.0,2.0,0.0,0.0,50.0,100.0,1.0,1.0,1.0,0.02,2.0,0.3,2000.0,1.8,3.0890052356020945,1705168,2026-01-05 00:00:00,ext,M,PMix_(AR-931)_QC_PURE_Timecourse,Unknown,Unknown,Unknown,Unknown,Unknown,Unknown,Unknown,Unknown,Unknown,Unknown,Unknown,Unknown,AR-901,Unknown,Unknown,Unknown,AR-931,AR-855,AR-931,10.0,True,0.9509432467845474,3.371054177632172,0.8962804985559915,0.0103757245960527,5.424879836250892,AR-895,Cytation5,plamGFP,MFG,0.0,0.13033626966226097,0.0036337988847337838,0.04094158444210975,0.015020093893954199,0.0021805732086311908,0.007025148591958035,0.023499937550969432,0.01792801463511399,0.0014532256761025928,0.07461704050370654,0.007510046946977099,0.011871193364239481,0.03173586264152052,0.018653892778687984,0.0036337988847337838,0.011628744186729949,0.011628744186729949,0.0012107764985930603,0.0033913497072242506,0.0043611464172623815,0.018653892778687984,0.07461704050370654,0.018653892778687984,0.03730778555737597,0.09327093328239451,0.09327093328239451,0.9317365973359978,0.018653892778687984,0.018653892778687984,0.018653892778687984,0.018653892778687984,0.007510046946977099,0.005571922915855442,0.0019381240311216583,0.0019381240311216583,0.018653892778687984
PMix_(AR-931)_QC_PURE_Timecourse-D8,D8,Sample,AR-931 + AR-904,3.5,8.0,20.0,2.0,2.0,0.0,0.0,50.0,100.0,1.0,1.0,1.0,0.02,2.0,0.3,2000.0,1.8,3.0890052356020945,1705168,2026-01-05 00:00:00,ext,M,PMix_(AR-931)_QC_PURE_Timecourse,Unknown,Unknown,Unknown,Unknown,Unknown,Unknown,Unknown,Unknown,Unknown,Unknown,Unknown,Unknown,AR-901,Unknown,Unknown,Unknown,AR-931,AR-904,AR-931,10.0,True,1.057896687528485,2.9224662670923363,0.954064933401112,0.0122370606135973,6.010277777777778,AR-895,Cytation5,plamGFP,MFG,0.0,0.13033626966226097,0.0036337988847337838,0.04094158444210975,0.015020093893954199,0.0021805732086311908,0.007025148591958035,0.023499937550969432,0.01792801463511399,0.0014532256761025928,0.07461704050370654,0.007510046946977099,0.011871193364239481,0.03173586264152052,0.018653892778687984,0.0036337988847337838,0.011628744186729949,0.011628744186729949,0.0012107764985930603,0.0033913497072242506,0.0043611464172623815,0.018653892778687984,0.07461704050370654,0.018653892778687984,0.03730778555737597,0.09327093328239451,0.09327093328239451,0.9317365973359978,0.018653892778687984,0.018653892778687984,0.018653892778687984,0.018653892778687984,0.007510046946977099,0.005571922915855442,0.0019381240311216583,0.0019381240311216583,0.018653892778687984
PMix_(AR-931)_QC_PURE_Timecourse-F10,F10,Positive Control,Positive Control,3.5,8.0,20.0,2.0,2.0,0.0,0.0,50.0,100.0,1.0,1.0,1.0,0.02,2.0,0.3,2000.0,1.8,3.0890052356020945,1705168,2026-01-05 00:00:00,ext,M,PMix_(AR-931)_QC_PURE_Timecourse,NEB Sol A,NEB Sol A,NEB Sol A,NEB Sol A,NEB Sol A,NEB Sol A,NEB Sol A,NEB Sol A,NEB Sol A,NEB Sol A,NEB Sol A,NEB Sol A,NEB Sol B,Unknown,NEB Sol A,NEB Sol A,AR-931,NEB Sol B,NEB Sol B,10.0,True,0.916499602617335,2.1601147254915403,1.2933984155678986,0.0113250367937777,6.010277777777778,NEB Sol A,Cytation5,plamGFP,MFG,0.0,0.13033626966226097,0.0036337988847337838,0.04094158444210975,0.015020093893954199,0.0021805732086311908,0.007025148591958035,0.023499937550969432,0.01792801463511399,0.0014532256761025928,0.07461704050370654,0.007510046946977099,0.011871193364239481,0.03173586264152052,0.018653892778687984,0.0036337988847337838,0.011628744186729949,0.011628744186729949,0.0012107764985930603,0.0033913497072242506,0.0043611464172623815,0.018653892778687984,0.07461704050370654,0.018653892778687984,0.03730778555737597,0.09327093328239451,0.09327093328239451,0.9317365973359978,0.018653892778687984,0.018653892778687984,0.018653892778687984,0.018653892778687984,0.007510046946977099,0.005571922915855442,0.0019381240311216583,0.0019381240311216583,0.018653892778687984
PMix_(AR-931)_QC_PURE_Timecourse-F2,F2,Sample,AR-931 + AR-906,3.5,8.0,20.0,2.0,2.0,0.0,0.0,50.0,100.0,1.0,1.0,1.0,0.02,2.0,0.3,2000.0,3.24,3.0890052356020945,1705168,2026-01-05 00:00:00,ext,M,PMix_(AR-931)_QC_PURE_Timecourse,Unknown,Unknown,Unknown,Unknown,Unknown,Unknown,Unknown,Unknown,Unknown,Unknown,Unknown,Unknown,AR-901,Unknown,Unknown,Unknown,AR-931,AR-906,AR-931,10.0,True,1.0139981697300116,3.7794691633124495,0.8699287896001211,0.0065585995440331,6.010277777777778,AR-895,Cytation5,plamGFP,MFG,0.0,0.13033626966226097,0.0036337988847337838,0.04094158444210975,0.015020093893954199,0.0021805732086311908,0.007025148591958035,0.023499937550969432,0.01792801463511399,0.0014532256761025928,0.07461704050370654,0.007510046946977099,0.011871193364239481,0.03173586264152052,0.018653892778687984,0.0036337988847337838,0.011628744186729949,0.011628744186729949,0.0012107764985930603,0.0033913497072242506,0.0043611464172623815,0.018653892778687984,0.07461704050370654,0.018653892778687984,0.03730778555737597,0.09327093328239451,0.09327093328239451,0.9317365973359978,0.018653892778687984,0.018653892778687984,0.018653892778687984,0.018653892778687984,0.007510046946977099,0.005571922915855442,0.0019381240311216583,0.0019381240311216583,0.018653892778687984
PMix_(AR-931)_QC_PURE_Timecourse-F6,F6,Sample,AR-931 + AR-855,3.5,8.0,20.0,2.0,2.0,0.0,0.0,50.0,100.0,1.0,1.0,1.0,0.02,2.0,0.3,2000.0,1.8,3.0890052356020945,1705168,2026-01-05 00:00:00,ext,M,PMix_(AR-931)_QC_PURE_Timecourse,Unknown,Unknown,Unknown,Unknown,Unknown,Unknown,Unknown,Unknown,Unknown,Unknown,Unknown,Unknown,AR-901,Unknown,Unknown,Unknown,AR-931,AR-855,AR-931,10.0,True,0.9556552669188734,3.199153454909787,0.8948431790326787,0.0096237628254589,6.010277777777778,AR-895,Cytation5,plamGFP,MFG,0.0,0.13033626966226097,0.0036337988847337838,0.04094158444210975,0.015020093893954199,0.0021805732086311908,0.007025148591958035,0.023499937550969432,0.01792801463511399,0.0014532256761025928,0.07461704050370654,0.007510046946977099,0.011871193364239481,0.03173586264152052,0.018653892778687984,0.0036337988847337838,0.011628744186729949,0.011628744186729949,0.0012107764985930603,0.0033913497072242506,0.0043611464172623815,0.018653892778687984,0.07461704050370654,0.018653892778687984,0.03730778555737597,0.09327093328239451,0.09327093328239451,0.9317365973359978,0.018653892778687984,0.018653892778687984,0.018653892778687984,0.018653892778687984,0.007510046946977099,0.005571922915855442,0.0019381240311216583,0.0019381240311216583,0.018653892778687984
PMix_(AR-931)_QC_PURE_Timecourse-F8,F8,Sample,AR-931 + AR-904,3.5,8.0,20.0,2.0,2.0,0.0,0.0,50.0,100.0,1.0,1.0,1.0,0.02,2.0,0.3,2000.0,1.8,3.0890052356020945,1705168,2026-01-05 00:00:00,ext,M,PMix_(AR-931)_QC_PURE_Timecourse,Unknown,Unknown,Unknown,Unknown,Unknown,Unknown,Unknown,Unknown,Unknown,Unknown,Unknown,Unknown,AR-901,Unknown,Unknown,Unknown,AR-931,AR-904,AR-931,10.0,True,1.042433509015691,2.8839472545532985,0.9454457394308968,0.0127571727801375,6.010277777777778,AR-895,Cytation5,plamGFP,MFG,0.0,0.13033626966226097,0.0036337988847337838,0.04094158444210975,0.015020093893954199,0.0021805732086311908,0.007025148591958035,0.023499937550969432,0.01792801463511399,0.0014532256761025928,0.07461704050370654,0.007510046946977099,0.011871193364239481,0.03173586264152052,0.018653892778687984,0.0036337988847337838,0.011628744186729949,0.011628744186729949,0.0012107764985930603,0.0033913497072242506,0.0043611464172623815,0.018653892778687984,0.07461704050370654,0.018653892778687984,0.03730778555737597,0.09327093328239451,0.09327093328239451,0.9317365973359978,0.018653892778687984,0.018653892778687984,0.018653892778687984,0.018653892778687984,0.007510046946977099,0.005571922915855442,0.0019381240311216583,0.0019381240311216583,0.018653892778687984
PMix-MFG-128-PURE-Activity-QC-B2,B2,Sample,PMix AR-949 QC,3.5,8.0,20.0,2.0,2.0,0.0,0.0,50.0,100.0,1.0,1.0,1.0,0.02,2.0,0.3,2000.0,1.8,3.206521739130435,1705168,2026-01-27 00:00:00,ext,M,PMix-MFG-128-PURE-Activity-QC,Unknown,Unknown,Unknown,Unknown,Unknown,Unknown,Unknown,Unknown,Unknown,Unknown,Unknown,Unknown,AR-901,Unknown,Unknown,Unknown,AR-889,AR-904,AR-949,10.0,True,0.6536158757112447,3.5904386958362413,0.8648497374134024,0.0047181876320596,5.794730570292683,AR-895,Cytation5,deGFP,MFG,0.0,0.13033626966226097,0.0036337988847337838,0.04094158444210975,0.015020093893954199,0.0021805732086311908,0.007025148591958035,0.023499937550969432,0.01792801463511399,0.0014532256761025928,0.07461704050370654,0.007510046946977099,0.011871193364239481,0.03173586264152052,0.018653892778687984,0.0036337988847337838,0.011628744186729949,0.011628744186729949,0.0012107764985930603,0.0033913497072242506,0.0043611464172623815,0.018653892778687984,0.07461704050370654,0.018653892778687984,0.03730778555737597,0.09327093328239451,0.09327093328239451,0.9317365973359978,0.018653892778687984,0.018653892778687984,0.018653892778687984,0.018653892778687984,0.007510046946977099,0.005571922915855442,0.0019381240311216583,0.0019381240311216583,0.018653892778687984
PMix-MFG-128-PURE-Activity-QC-B4,B4,Sample,PMix AR-950 QC,3.5,8.0,20.0,2.0,2.0,0.0,0.0,50.0,100.0,1.0,1.0,1.0,0.02,2.0,0.3,2000.0,1.8,3.206521739130435,1705168,2026-01-27 00:00:00,ext,M,PMix-MFG-128-PURE-Activity-QC,Unknown,Unknown,Unknown,Unknown,Unknown,Unknown,Unknown,Unknown,Unknown,Unknown,Unknown,Unknown,AR-901,Unknown,Unknown,Unknown,AR-889,AR-904,AR-950,10.0,True,0.344310790360971,5.246993030123146,0.7327350324324261,0.0009244866125155,4.249037957513162,AR-895,Cytation5,deGFP,MFG,0.0,0.13033626966226097,0.0036337988847337838,0.04094158444210975,0.015020093893954199,0.0021805732086311908,0.007025148591958035,0.023499937550969432,0.01792801463511399,0.0014532256761025928,0.07461704050370654,0.007510046946977099,0.011871193364239481,0.03173586264152052,0.018653892778687984,0.0036337988847337838,0.011628744186729949,0.011628744186729949,0.0012107764985930603,0.0033913497072242506,0.0043611464172623815,0.018653892778687984,0.07461704050370654,0.018653892778687984,0.03730778555737597,0.09327093328239451,0.09327093328239451,0.9317365973359978,0.018653892778687984,0.018653892778687984,0.018653892778687984,0.018653892778687984,0.007510046946977099,0.005571922915855442,0.0019381240311216583,0.0019381240311216583,0.018653892778687984
PMix-MFG-128-PURE-Activity-QC-B8,B8,Positive Control,Positive Control,3.5,8.0,20.0,2.0,2.0,0.0,0.0,50.0,100.0,1.0,1.0,1.0,0.02,2.0,0.3,2000.0,1.8,3.0890052356020945,1705168,2026-01-27 00:00:00,ext,M,PMix-MFG-128-PURE-Activity-QC,NEB Sol A,NEB Sol A,NEB Sol A,NEB Sol A,NEB Sol A,NEB Sol A,NEB Sol A,NEB Sol A,NEB Sol A,NEB Sol A,NEB Sol A,NEB Sol A,NEB Sol B,Unknown,NEB Sol A,NEB Sol A,AR-931,NEB Sol B,NEB Sol B,10.0,True,0.8047758857017403,2.288153005938631,1.1734693468410649,0.0097937122433916,6.009166666666666,NEB Sol A,Cytation5,plamGFP,MFG,0.0,0.13033626966226097,0.0036337988847337838,0.04094158444210975,0.015020093893954199,0.0021805732086311908,0.007025148591958035,0.023499937550969432,0.01792801463511399,0.0014532256761025928,0.07461704050370654,0.007510046946977099,0.011871193364239481,0.03173586264152052,0.018653892778687984,0.0036337988847337838,0.011628744186729949,0.011628744186729949,0.0012107764985930603,0.0033913497072242506,0.0043611464172623815,0.018653892778687984,0.07461704050370654,0.018653892778687984,0.03730778555737597,0.09327093328239451,0.09327093328239451,0.9317365973359978,0.018653892778687984,0.018653892778687984,0.018653892778687984,0.018653892778687984,0.007510046946977099,0.005571922915855442,0.0019381240311216583,0.0019381240311216583,0.018653892778687984
PMix-MFG-128-PURE-Activity-QC-D2,D2,Sample,PMix AR-949 QC,3.5,8.0,20.0,2.0,2.0,0.0,0.0,50.0,100.0,1.0,1.0,1.0,0.02,2.0,0.3,2000.0,1.8,3.206521739130435,1705168,2026-01-27 00:00:00,ext,M,PMix-MFG-128-PURE-Activity-QC,Unknown,Unknown,Unknown,Unknown,Unknown,Unknown,Unknown,Unknown,Unknown,Unknown,Unknown,Unknown,AR-901,Unknown,Unknown,Unknown,AR-889,AR-904,AR-949,10.0,True,0.7704003174753176,3.344864306840124,0.865296067735261,0.0071925133809692,6.009166666666666,AR-895,Cytation5,deGFP,MFG,0.0,0.13033626966226097,0.0036337988847337838,0.04094158444210975,0.015020093893954199,0.0021805732086311908,0.007025148591958035,0.023499937550969432,0.01792801463511399,0.0014532256761025928,0.07461704050370654,0.007510046946977099,0.011871193364239481,0.03173586264152052,0.018653892778687984,0.0036337988847337838,0.011628744186729949,0.011628744186729949,0.0012107764985930603,0.0033913497072242506,0.0043611464172623815,0.018653892778687984,0.07461704050370654,0.018653892778687984,0.03730778555737597,0.09327093328239451,0.09327093328239451,0.9317365973359978,0.018653892778687984,0.018653892778687984,0.018653892778687984,0.018653892778687984,0.007510046946977099,0.005571922915855442,0.0019381240311216583,0.0019381240311216583,0.018653892778687984
PMix-MFG-128-PURE-Activity-QC-D4,D4,Sample,PMix AR-950 QC,3.5,8.0,20.0,2.0,2.0,0.0,0.0,50.0,100.0,1.0,1.0,1.0,0.02,2.0,0.3,2000.0,1.8,3.206521739130435,1705168,2026-01-27 00:00:00,ext,M,PMix-MFG-128-PURE-Activity-QC,Unknown,Unknown,Unknown,Unknown,Unknown,Unknown,Unknown,Unknown,Unknown,Unknown,Unknown,Unknown,AR-901,Unknown,Unknown,Unknown,AR-889,AR-904,AR-950,10.0,True,0.3768701661067756,5.461451755515534,0.7326829218139053,0.0004976490226623,4.256222913430848,AR-895,Cytation5,deGFP,MFG,0.0,0.13033626966226097,0.0036337988847337838,0.04094158444210975,0.015020093893954199,0.0021805732086311908,0.007025148591958035,0.023499937550969432,0.01792801463511399,0.0014532256761025928,0.07461704050370654,0.007510046946977099,0.011871193364239481,0.03173586264152052,0.018653892778687984,0.0036337988847337838,0.011628744186729949,0.011628744186729949,0.0012107764985930603,0.0033913497072242506,0.0043611464172623815,0.018653892778687984,0.07461704050370654,0.018653892778687984,0.03730778555737597,0.09327093328239451,0.09327093328239451,0.9317365973359978,0.018653892778687984,0.018653892778687984,0.018653892778687984,0.018653892778687984,0.007510046946977099,0.005571922915855442,0.0019381240311216583,0.0019381240311216583,0.018653892778687984
PMix-MFG-128-PURE-Activity-QC-D8,D8,Positive Control,Positive Control,3.5,8.0,20.0,2.0,2.0,0.0,0.0,50.0,100.0,1.0,1.0,1.0,0.02,2.0,0.3,2000.0,1.8,3.0890052356020945,1705168,2026-01-27 00:00:00,ext,M,PMix-MFG-128-PURE-Activity-QC,NEB Sol A,NEB Sol A,NEB Sol A,NEB Sol A,NEB Sol A,NEB Sol A,NEB Sol A,NEB Sol A,NEB Sol A,NEB Sol A,NEB Sol A,NEB Sol A,NEB Sol B,Unknown,NEB Sol A,NEB Sol A,AR-931,NEB Sol B,NEB Sol B,10.0,True,0.7971387784472481,2.3107677259609334,1.1580454878254542,0.0098030635485218,6.009166666666666,NEB Sol A,Cytation5,plamGFP,MFG,0.0,0.13033626966226097,0.0036337988847337838,0.04094158444210975,0.015020093893954199,0.0021805732086311908,0.007025148591958035,0.023499937550969432,0.01792801463511399,0.0014532256761025928,0.07461704050370654,0.007510046946977099,0.011871193364239481,0.03173586264152052,0.018653892778687984,0.0036337988847337838,0.011628744186729949,0.011628744186729949,0.0012107764985930603,0.0033913497072242506,0.0043611464172623815,0.018653892778687984,0.07461704050370654,0.018653892778687984,0.03730778555737597,0.09327093328239451,0.09327093328239451,0.9317365973359978,0.018653892778687984,0.018653892778687984,0.018653892778687984,0.018653892778687984,0.007510046946977099,0.005571922915855442,0.0019381240311216583,0.0019381240311216583,0.018653892778687984
PMix-MFG-128-PURE-Activity-QC-F2,F2,Sample,PMix AR-949 QC,3.5,8.0,20.0,2.0,2.0,0.0,0.0,50.0,100.0,1.0,1.0,1.0,0.02,2.0,0.3,2000.0,1.8,3.206521739130435,1705168,2026-01-27 00:00:00,ext,M,PMix-MFG-128-PURE-Activity-QC,Unknown,Unknown,Unknown,Unknown,Unknown,Unknown,Unknown,Unknown,Unknown,Unknown,Unknown,Unknown,AR-901,Unknown,Unknown,Unknown,AR-889,AR-904,AR-949,10.0,True,0.7448496683783405,3.1024535577786363,0.8788094072460964,0.0085705077855385,6.009166666666666,AR-895,Cytation5,deGFP,MFG,0.0,0.13033626966226097,0.0036337988847337838,0.04094158444210975,0.015020093893954199,0.0021805732086311908,0.007025148591958035,0.023499937550969432,0.01792801463511399,0.0014532256761025928,0.07461704050370654,0.007510046946977099,0.011871193364239481,0.03173586264152052,0.018653892778687984,0.0036337988847337838,0.011628744186729949,0.011628744186729949,0.0012107764985930603,0.0033913497072242506,0.0043611464172623815,0.018653892778687984,0.07461704050370654,0.018653892778687984,0.03730778555737597,0.09327093328239451,0.09327093328239451,0.9317365973359978,0.018653892778687984,0.018653892778687984,0.018653892778687984,0.018653892778687984,0.007510046946977099,0.005571922915855442,0.0019381240311216583,0.0019381240311216583,0.018653892778687984
PMix-MFG-128-PURE-Activity-QC-F4,F4,Sample,PMix AR-950 QC,3.5,8.0,20.0,2.0,2.0,0.0,0.0,50.0,100.0,1.0,1.0,1.0,0.02,2.0,0.3,2000.0,1.8,3.206521739130435,1705168,2026-01-27 00:00:00,ext,M,PMix-MFG-128-PURE-Activity-QC,Unknown,Unknown,Unknown,Unknown,Unknown,Unknown,Unknown,Unknown,Unknown,Unknown,Unknown,Unknown,AR-901,Unknown,Unknown,Unknown,AR-889,AR-904,AR-950,10.0,True,0.4144361928057119,5.083091812429022,0.7679099000341687,0.000664829251474,4.288898686948434,AR-895,Cytation5,deGFP,MFG,0.0,0.13033626966226097,0.0036337988847337838,0.04094158444210975,0.015020093893954199,0.0021805732086311908,0.007025148591958035,0.023499937550969432,0.01792801463511399,0.0014532256761025928,0.07461704050370654,0.007510046946977099,0.011871193364239481,0.03173586264152052,0.018653892778687984,0.0036337988847337838,0.011628744186729949,0.011628744186729949,0.0012107764985930603,0.0033913497072242506,0.0043611464172623815,0.018653892778687984,0.07461704050370654,0.018653892778687984,0.03730778555737597,0.09327093328239451,0.09327093328239451,0.9317365973359978,0.018653892778687984,0.018653892778687984,0.018653892778687984,0.018653892778687984,0.007510046946977099,0.005571922915855442,0.0019381240311216583,0.0019381240311216583,0.018653892778687984
PMix-MFG-128-PURE-Activity-QC-F8,F8,Positive Control,Positive Control,3.5,8.0,20.0,2.0,2.0,0.0,0.0,50.0,100.0,1.0,1.0,1.0,0.02,2.0,0.3,2000.0,1.8,3.0890052356020945,1705168,2026-01-27 00:00:00,ext,M,PMix-MFG-128-PURE-Activity-QC,NEB Sol A,NEB Sol A,NEB Sol A,NEB Sol A,NEB Sol A,NEB Sol A,NEB Sol A,NEB Sol A,NEB Sol A,NEB Sol A,NEB Sol A,NEB Sol A,NEB Sol B,Unknown,NEB Sol A,NEB Sol A,AR-931,NEB Sol B,NEB Sol B,10.0,True,0.7707555443058495,2.302234620500036,1.1418568788858536,0.0096352786037028,6.009166666666666,NEB Sol A,Cytation5,plamGFP,MFG,0.0,0.13033626966226097,0.0036337988847337838,0.04094158444210975,0.015020093893954199,0.0021805732086311908,0.007025148591958035,0.023499937550969432,0.01792801463511399,0.0014532256761025928,0.07461704050370654,0.007510046946977099,0.011871193364239481,0.03173586264152052,0.018653892778687984,0.0036337988847337838,0.011628744186729949,0.011628744186729949,0.0012107764985930603,0.0033913497072242506,0.0043611464172623815,0.018653892778687984,0.07461704050370654,0.018653892778687984,0.03730778555737597,0.09327093328239451,0.09327093328239451,0.9317365973359978,0.018653892778687984,0.018653892778687984,0.018653892778687984,0.018653892778687984,0.007510046946977099,0.005571922915855442,0.0019381240311216583,0.0019381240311216583,0.018653892778687984
MFG-129-tRNA-PURE-Activity-QC-B10,B10,Sample,AR-955 tRNA QC,3.5,8.0,20.0,2.0,2.0,0.0,0.0,50.0,100.0,1.0,1.0,1.0,0.02,2.0,0.3,2000.0,1.8,3.206521739130435,1705168,2026-01-30 00:00:00,ext,M,MFG-129-tRNA-PURE-Activity-QC,Unknown,Unknown,Unknown,Unknown,Unknown,Unknown,Unknown,Unknown,Unknown,Unknown,Unknown,Unknown,AR-955,Unknown,Unknown,Unknown,AR-889,AR-904,AR-931,10.0,True,0.6082620055890379,3.3429164931786515,0.7741229548605062,0.0051080424368137,4.155096591821642,AR-895,Cytation5,deGFP,MFG,0.0,0.13033626966226097,0.0036337988847337838,0.04094158444210975,0.015020093893954199,0.0021805732086311908,0.007025148591958035,0.023499937550969432,0.01792801463511399,0.0014532256761025928,0.07461704050370654,0.007510046946977099,0.011871193364239481,0.03173586264152052,0.018653892778687984,0.0036337988847337838,0.011628744186729949,0.011628744186729949,0.0012107764985930603,0.0033913497072242506,0.0043611464172623815,0.018653892778687984,0.07461704050370654,0.018653892778687984,0.03730778555737597,0.09327093328239451,0.09327093328239451,0.9317365973359978,0.018653892778687984,0.018653892778687984,0.018653892778687984,0.018653892778687984,0.007510046946977099,0.005571922915855442,0.0019381240311216583,0.0019381240311216583,0.018653892778687984
MFG-129-tRNA-PURE-Activity-QC-B12,B12,Sample,AR-956 tRNA QC,3.5,8.0,20.0,2.0,2.0,0.0,0.0,50.0,100.0,1.0,1.0,1.0,0.02,2.0,0.3,2000.0,1.8,3.206521739130435,1705168,2026-01-30 00:00:00,ext,M,MFG-129-tRNA-PURE-Activity-QC,Unknown,Unknown,Unknown,Unknown,Unknown,Unknown,Unknown,Unknown,Unknown,Unknown,Unknown,Unknown,AR-956,Unknown,Unknown,Unknown,AR-889,AR-904,AR-931,10.0,True,0.6764136250904871,3.2651523538852434,0.7553607029113719,0.0061642699827486,6.015555555555555,AR-895,Cytation5,deGFP,MFG,0.0,0.13033626966226097,0.0036337988847337838,0.04094158444210975,0.015020093893954199,0.0021805732086311908,0.007025148591958035,0.023499937550969432,0.01792801463511399,0.0014532256761025928,0.07461704050370654,0.007510046946977099,0.011871193364239481,0.03173586264152052,0.018653892778687984,0.0036337988847337838,0.011628744186729949,0.011628744186729949,0.0012107764985930603,0.0033913497072242506,0.0043611464172623815,0.018653892778687984,0.07461704050370654,0.018653892778687984,0.03730778555737597,0.09327093328239451,0.09327093328239451,0.9317365973359978,0.018653892778687984,0.018653892778687984,0.018653892778687984,0.018653892778687984,0.007510046946977099,0.005571922915855442,0.0019381240311216583,0.0019381240311216583,0.018653892778687984
MFG-129-tRNA-PURE-Activity-QC-B14,B14,Sample,AR-957 tRNA QC,3.5,8.0,20.0,2.0,2.0,0.0,0.0,50.0,100.0,1.0,1.0,1.0,0.02,2.0,0.3,2000.0,1.8,3.206521739130435,1705168,2026-01-30 00:00:00,ext,M,MFG-129-tRNA-PURE-Activity-QC,Unknown,Unknown,Unknown,Unknown,Unknown,Unknown,Unknown,Unknown,Unknown,Unknown,Unknown,Unknown,AR-957,Unknown,Unknown,Unknown,AR-889,AR-904,AR-931,10.0,True,0.7303871078752215,3.3129746756937197,0.7661163989761243,0.0066254444928464,6.015555555555555,AR-895,Cytation5,deGFP,MFG,0.0,0.13033626966226097,0.0036337988847337838,0.04094158444210975,0.015020093893954199,0.0021805732086311908,0.007025148591958035,0.023499937550969432,0.01792801463511399,0.0014532256761025928,0.07461704050370654,0.007510046946977099,0.011871193364239481,0.03173586264152052,0.018653892778687984,0.0036337988847337838,0.011628744186729949,0.011628744186729949,0.0012107764985930603,0.0033913497072242506,0.0043611464172623815,0.018653892778687984,0.07461704050370654,0.018653892778687984,0.03730778555737597,0.09327093328239451,0.09327093328239451,0.9317365973359978,0.018653892778687984,0.018653892778687984,0.018653892778687984,0.018653892778687984,0.007510046946977099,0.005571922915855442,0.0019381240311216583,0.0019381240311216583,0.018653892778687984
MFG-129-tRNA-PURE-Activity-QC-B18,B18,Positive Control,Positive Control,3.5,8.0,20.0,2.0,2.0,0.0,0.0,50.0,100.0,1.0,1.0,1.0,0.02,2.0,0.3,2000.0,1.8,3.0890052356020945,1705168,2026-01-30 00:00:00,ext,M,MFG-129-tRNA-PURE-Activity-QC,NEB Sol A,NEB Sol A,NEB Sol A,NEB Sol A,NEB Sol A,NEB Sol A,NEB Sol A,NEB Sol A,NEB Sol A,NEB Sol A,NEB Sol A,NEB Sol A,NEB Sol B,Unknown,NEB Sol A,NEB Sol A,AR-931,NEB Sol B,NEB Sol B,10.0,True,0.7554107207761069,2.2073233317795524,1.0472818127181684,0.0102517735721498,6.015555555555555,NEB Sol A,Cytation5,plamGFP,MFG,0.0,0.13033626966226097,0.0036337988847337838,0.04094158444210975,0.015020093893954199,0.0021805732086311908,0.007025148591958035,0.023499937550969432,0.01792801463511399,0.0014532256761025928,0.07461704050370654,0.007510046946977099,0.011871193364239481,0.03173586264152052,0.018653892778687984,0.0036337988847337838,0.011628744186729949,0.011628744186729949,0.0012107764985930603,0.0033913497072242506,0.0043611464172623815,0.018653892778687984,0.07461704050370654,0.018653892778687984,0.03730778555737597,0.09327093328239451,0.09327093328239451,0.9317365973359978,0.018653892778687984,0.018653892778687984,0.018653892778687984,0.018653892778687984,0.007510046946977099,0.005571922915855442,0.0019381240311216583,0.0019381240311216583,0.018653892778687984
MFG-129-tRNA-PURE-Activity-QC-D10,D10,Sample,AR-955 tRNA QC,3.5,8.0,20.0,2.0,2.0,0.0,0.0,50.0,100.0,1.0,1.0,1.0,0.02,2.0,0.3,2000.0,1.8,3.206521739130435,1705168,2026-01-30 00:00:00,ext,M,MFG-129-tRNA-PURE-Activity-QC,Unknown,Unknown,Unknown,Unknown,Unknown,Unknown,Unknown,Unknown,Unknown,Unknown,Unknown,Unknown,AR-955,Unknown,Unknown,Unknown,AR-889,AR-904,AR-931,10.0,True,0.5814518987569068,3.29380253864892,0.7461286389068428,0.0052544498932635,6.015555555555555,AR-895,Cytation5,deGFP,MFG,0.0,0.13033626966226097,0.0036337988847337838,0.04094158444210975,0.015020093893954199,0.0021805732086311908,0.007025148591958035,0.023499937550969432,0.01792801463511399,0.0014532256761025928,0.07461704050370654,0.007510046946977099,0.011871193364239481,0.03173586264152052,0.018653892778687984,0.0036337988847337838,0.011628744186729949,0.011628744186729949,0.0012107764985930603,0.0033913497072242506,0.0043611464172623815,0.018653892778687984,0.07461704050370654,0.018653892778687984,0.03730778555737597,0.09327093328239451,0.09327093328239451,0.9317365973359978,0.018653892778687984,0.018653892778687984,0.018653892778687984,0.018653892778687984,0.007510046946977099,0.005571922915855442,0.0019381240311216583,0.0019381240311216583,0.018653892778687984
MFG-129-tRNA-PURE-Activity-QC-D12,D12,Sample,AR-956 tRNA QC,3.5,8.0,20.0,2.0,2.0,0.0,0.0,50.0,100.0,1.0,1.0,1.0,0.02,2.0,0.3,2000.0,1.8,3.206521739130435,1705168,2026-01-30 00:00:00,ext,M,MFG-129-tRNA-PURE-Activity-QC,Unknown,Unknown,Unknown,Unknown,Unknown,Unknown,Unknown,Unknown,Unknown,Unknown,Unknown,Unknown,AR-956,Unknown,Unknown,Unknown,AR-889,AR-904,AR-931,10.0,True,0.6156044428219626,3.272889103974361,0.7451980365058568,0.0059845503527167,6.015555555555555,AR-895,Cytation5,deGFP,MFG,0.0,0.13033626966226097,0.0036337988847337838,0.04094158444210975,0.015020093893954199,0.0021805732086311908,0.007025148591958035,0.023499937550969432,0.01792801463511399,0.0014532256761025928,0.07461704050370654,0.007510046946977099,0.011871193364239481,0.03173586264152052,0.018653892778687984,0.0036337988847337838,0.011628744186729949,0.011628744186729949,0.0012107764985930603,0.0033913497072242506,0.0043611464172623815,0.018653892778687984,0.07461704050370654,0.018653892778687984,0.03730778555737597,0.09327093328239451,0.09327093328239451,0.9317365973359978,0.018653892778687984,0.018653892778687984,0.018653892778687984,0.018653892778687984,0.007510046946977099,0.005571922915855442,0.0019381240311216583,0.0019381240311216583,0.018653892778687984
MFG-129-tRNA-PURE-Activity-QC-D14,D14,Sample,AR-957 tRNA QC,3.5,8.0,20.0,2.0,2.0,0.0,0.0,50.0,100.0,1.0,1.0,1.0,0.02,2.0,0.3,2000.0,1.8,3.206521739130435,1705168,2026-01-30 00:00:00,ext,M,MFG-129-tRNA-PURE-Activity-QC,Unknown,Unknown,Unknown,Unknown,Unknown,Unknown,Unknown,Unknown,Unknown,Unknown,Unknown,Unknown,AR-957,Unknown,Unknown,Unknown,AR-889,AR-904,AR-931,10.0,True,0.697119640909986,3.348459278115371,0.7456164196319145,0.0069197205576269,6.015555555555555,AR-895,Cytation5,deGFP,MFG,0.0,0.13033626966226097,0.0036337988847337838,0.04094158444210975,0.015020093893954199,0.0021805732086311908,0.007025148591958035,0.023499937550969432,0.01792801463511399,0.0014532256761025928,0.07461704050370654,0.007510046946977099,0.011871193364239481,0.03173586264152052,0.018653892778687984,0.0036337988847337838,0.011628744186729949,0.011628744186729949,0.0012107764985930603,0.0033913497072242506,0.0043611464172623815,0.018653892778687984,0.07461704050370654,0.018653892778687984,0.03730778555737597,0.09327093328239451,0.09327093328239451,0.9317365973359978,0.018653892778687984,0.018653892778687984,0.018653892778687984,0.018653892778687984,0.007510046946977099,0.005571922915855442,0.0019381240311216583,0.0019381240311216583,0.018653892778687984
MFG-129-tRNA-PURE-Activity-QC-D18,D18,Positive Control,Positive Control,3.5,8.0,20.0,2.0,2.0,0.0,0.0,50.0,100.0,1.0,1.0,1.0,0.02,2.0,0.3,2000.0,1.8,3.0890052356020945,1705168,2026-01-30 00:00:00,ext,M,MFG-129-tRNA-PURE-Activity-QC,NEB Sol A,NEB Sol A,NEB Sol A,NEB Sol A,NEB Sol A,NEB Sol A,NEB Sol A,NEB Sol A,NEB Sol A,NEB Sol A,NEB Sol A,NEB Sol A,NEB Sol B,Unknown,NEB Sol A,NEB Sol A,AR-931,NEB Sol B,NEB Sol B,10.0,True,0.7897440934721611,2.2486267010503678,1.0215133209406726,0.0104427220098848,6.015555555555555,NEB Sol A,Cytation5,plamGFP,MFG,0.0,0.13033626966226097,0.0036337988847337838,0.04094158444210975,0.015020093893954199,0.0021805732086311908,0.007025148591958035,0.023499937550969432,0.01792801463511399,0.0014532256761025928,0.07461704050370654,0.007510046946977099,0.011871193364239481,0.03173586264152052,0.018653892778687984,0.0036337988847337838,0.011628744186729949,0.011628744186729949,0.0012107764985930603,0.0033913497072242506,0.0043611464172623815,0.018653892778687984,0.07461704050370654,0.018653892778687984,0.03730778555737597,0.09327093328239451,0.09327093328239451,0.9317365973359978,0.018653892778687984,0.018653892778687984,0.018653892778687984,0.018653892778687984,0.007510046946977099,0.005571922915855442,0.0019381240311216583,0.0019381240311216583,0.018653892778687984
MFG-129-tRNA-PURE-Activity-QC-F10,F10,Sample,AR-955 tRNA QC,3.5,8.0,20.0,2.0,2.0,0.0,0.0,50.0,100.0,1.0,1.0,1.0,0.02,2.0,0.3,2000.0,1.8,3.206521739130435,1705168,2026-01-30 00:00:00,ext,M,MFG-129-tRNA-PURE-Activity-QC,Unknown,Unknown,Unknown,Unknown,Unknown,Unknown,Unknown,Unknown,Unknown,Unknown,Unknown,Unknown,AR-955,Unknown,Unknown,Unknown,AR-889,AR-904,AR-931,10.0,True,0.5604514382877187,3.4743917406838856,0.7381044795598712,0.0045802696345941,4.179738092235055,AR-895,Cytation5,deGFP,MFG,0.0,0.13033626966226097,0.0036337988847337838,0.04094158444210975,0.015020093893954199,0.0021805732086311908,0.007025148591958035,0.023499937550969432,0.01792801463511399,0.0014532256761025928,0.07461704050370654,0.007510046946977099,0.011871193364239481,0.03173586264152052,0.018653892778687984,0.0036337988847337838,0.011628744186729949,0.011628744186729949,0.0012107764985930603,0.0033913497072242506,0.0043611464172623815,0.018653892778687984,0.07461704050370654,0.018653892778687984,0.03730778555737597,0.09327093328239451,0.09327093328239451,0.9317365973359978,0.018653892778687984,0.018653892778687984,0.018653892778687984,0.018653892778687984,0.007510046946977099,0.005571922915855442,0.0019381240311216583,0.0019381240311216583,0.018653892778687984
MFG-129-tRNA-PURE-Activity-QC-F12,F12,Sample,AR-956 tRNA QC,3.5,8.0,20.0,2.0,2.0,0.0,0.0,50.0,100.0,1.0,1.0,1.0,0.02,2.0,0.3,2000.0,1.8,3.206521739130435,1705168,2026-01-30 00:00:00,ext,M,MFG-129-tRNA-PURE-Activity-QC,Unknown,Unknown,Unknown,Unknown,Unknown,Unknown,Unknown,Unknown,Unknown,Unknown,Unknown,Unknown,AR-956,Unknown,Unknown,Unknown,AR-889,AR-904,AR-931,10.0,True,0.624902551787562,3.3978929293914084,0.7280616329458914,0.0056545813287159,6.015555555555555,AR-895,Cytation5,deGFP,MFG,0.0,0.13033626966226097,0.0036337988847337838,0.04094158444210975,0.015020093893954199,0.0021805732086311908,0.007025148591958035,0.023499937550969432,0.01792801463511399,0.0014532256761025928,0.07461704050370654,0.007510046946977099,0.011871193364239481,0.03173586264152052,0.018653892778687984,0.0036337988847337838,0.011628744186729949,0.011628744186729949,0.0012107764985930603,0.0033913497072242506,0.0043611464172623815,0.018653892778687984,0.07461704050370654,0.018653892778687984,0.03730778555737597,0.09327093328239451,0.09327093328239451,0.9317365973359978,0.018653892778687984,0.018653892778687984,0.018653892778687984,0.018653892778687984,0.007510046946977099,0.005571922915855442,0.0019381240311216583,0.0019381240311216583,0.018653892778687984
MFG-129-tRNA-PURE-Activity-QC-F14,F14,Sample,AR-957 tRNA QC,3.5,8.0,20.0,2.0,2.0,0.0,0.0,50.0,100.0,1.0,1.0,1.0,0.02,2.0,0.3,2000.0,1.8,3.206521739130435,1705168,2026-01-30 00:00:00,ext,M,MFG-129-tRNA-PURE-Activity-QC,Unknown,Unknown,Unknown,Unknown,Unknown,Unknown,Unknown,Unknown,Unknown,Unknown,Unknown,Unknown,AR-957,Unknown,Unknown,Unknown,AR-889,AR-904,AR-931,10.0,True,0.6567677734294662,3.4682163200279965,0.7190144358553969,0.0063612029709157,6.015555555555555,AR-895,Cytation5,deGFP,MFG,0.0,0.13033626966226097,0.0036337988847337838,0.04094158444210975,0.015020093893954199,0.0021805732086311908,0.007025148591958035,0.023499937550969432,0.01792801463511399,0.0014532256761025928,0.07461704050370654,0.007510046946977099,0.011871193364239481,0.03173586264152052,0.018653892778687984,0.0036337988847337838,0.011628744186729949,0.011628744186729949,0.0012107764985930603,0.0033913497072242506,0.0043611464172623815,0.018653892778687984,0.07461704050370654,0.018653892778687984,0.03730778555737597,0.09327093328239451,0.09327093328239451,0.9317365973359978,0.018653892778687984,0.018653892778687984,0.018653892778687984,0.018653892778687984,0.007510046946977099,0.005571922915855442,0.0019381240311216583,0.0019381240311216583,0.018653892778687984
MFG-129-tRNA-PURE-Activity-QC-F18,F18,Positive Control,Positive Control,3.5,8.0,20.0,2.0,2.0,0.0,0.0,50.0,100.0,1.0,1.0,1.0,0.02,2.0,0.3,2000.0,1.8,3.0890052356020945,1705168,2026-01-30 00:00:00,ext,M,MFG-129-tRNA-PURE-Activity-QC,NEB Sol A,NEB Sol A,NEB Sol A,NEB Sol A,NEB Sol A,NEB Sol A,NEB Sol A,NEB Sol A,NEB Sol A,NEB Sol A,NEB Sol A,NEB Sol A,NEB Sol B,Unknown,NEB Sol A,NEB Sol A,AR-931,NEB Sol B,NEB Sol B,10.0,True,0.7456581785923381,2.222092466191949,1.012149126084368,0.0095192573060834,5.495331001348169,NEB Sol A,Cytation5,plamGFP,MFG,0.0,0.13033626966226097,0.0036337988847337838,0.04094158444210975,0.015020093893954199,0.0021805732086311908,0.007025148591958035,0.023499937550969432,0.01792801463511399,0.0014532256761025928,0.07461704050370654,0.007510046946977099,0.011871193364239481,0.03173586264152052,0.018653892778687984,0.0036337988847337838,0.011628744186729949,0.011628744186729949,0.0012107764985930603,0.0033913497072242506,0.0043611464172623815,0.018653892778687984,0.07461704050370654,0.018653892778687984,0.03730778555737597,0.09327093328239451,0.09327093328239451,0.9317365973359978,0.018653892778687984,0.018653892778687984,0.018653892778687984,0.018653892778687984,0.007510046946977099,0.005571922915855442,0.0019381240311216583,0.0019381240311216583,0.018653892778687984
MFG-132-Ribosome-PURE-Activity-QC-B18,B18,Positive Control,Positive Control,3.5,8.0,20.0,2.0,2.0,0.0,0.0,50.0,100.0,1.0,1.0,1.0,0.02,2.0,0.3,2000.0,1.8,3.0890052356020945,1705168,2026-01-30 00:00:00,ext,M,MFG-132-Ribosome-PURE-Activity-QC,NEB Sol A,NEB Sol A,NEB Sol A,NEB Sol A,NEB Sol A,NEB Sol A,NEB Sol A,NEB Sol A,NEB Sol A,NEB Sol A,NEB Sol A,NEB Sol A,NEB Sol B,Unknown,NEB Sol A,NEB Sol A,AR-931,NEB Sol B,NEB Sol B,10.0,True,0.7554107207761069,2.2073233317795524,1.0472818127181684,0.0102517735721498,6.015555555555555,NEB Sol A,Cytation5,plamGFP,MFG,0.0,0.13033626966226097,0.0036337988847337838,0.04094158444210975,0.015020093893954199,0.0021805732086311908,0.007025148591958035,0.023499937550969432,0.01792801463511399,0.0014532256761025928,0.07461704050370654,0.007510046946977099,0.011871193364239481,0.03173586264152052,0.018653892778687984,0.0036337988847337838,0.011628744186729949,0.011628744186729949,0.0012107764985930603,0.0033913497072242506,0.0043611464172623815,0.018653892778687984,0.07461704050370654,0.018653892778687984,0.03730778555737597,0.09327093328239451,0.09327093328239451,0.9317365973359978,0.018653892778687984,0.018653892778687984,0.018653892778687984,0.018653892778687984,0.007510046946977099,0.005571922915855442,0.0019381240311216583,0.0019381240311216583,0.018653892778687984
MFG-132-Ribosome-PURE-Activity-QC-B2,B2,Sample,Ribosome-AR-964-QC,3.5,8.0,20.0,2.0,2.0,0.0,0.0,50.0,100.0,1.0,1.0,1.0,0.02,2.0,0.3,2000.0,1.8,3.206521739130435,1705168,2026-01-30 00:00:00,ext,M,MFG-132-Ribosome-PURE-Activity-QC,Unknown,Unknown,Unknown,Unknown,Unknown,Unknown,Unknown,Unknown,Unknown,Unknown,Unknown,Unknown,AR-901,Unknown,Unknown,Unknown,AR-889,AR-964,AR-931,10.0,True,0.6395606475034207,3.438404098311987,0.7556552205043922,0.004535828811507,6.015555555555555,AR-895,Cytation5,deGFP,MFG,0.0,0.13033626966226097,0.0036337988847337838,0.04094158444210975,0.015020093893954199,0.0021805732086311908,0.007025148591958035,0.023499937550969432,0.01792801463511399,0.0014532256761025928,0.07461704050370654,0.007510046946977099,0.011871193364239481,0.03173586264152052,0.018653892778687984,0.0036337988847337838,0.011628744186729949,0.011628744186729949,0.0012107764985930603,0.0033913497072242506,0.0043611464172623815,0.018653892778687984,0.07461704050370654,0.018653892778687984,0.03730778555737597,0.09327093328239451,0.09327093328239451,0.9317365973359978,0.018653892778687984,0.018653892778687984,0.018653892778687984,0.018653892778687984,0.007510046946977099,0.005571922915855442,0.0019381240311216583,0.0019381240311216583,0.018653892778687984
MFG-132-Ribosome-PURE-Activity-QC-B4,B4,Sample,Ribosome-AR-965-QC,3.5,8.0,20.0,2.0,2.0,0.0,0.0,50.0,100.0,1.0,1.0,1.0,0.02,2.0,0.3,2000.0,1.8,3.206521739130435,1705168,2026-01-30 00:00:00,ext,M,MFG-132-Ribosome-PURE-Activity-QC,Unknown,Unknown,Unknown,Unknown,Unknown,Unknown,Unknown,Unknown,Unknown,Unknown,Unknown,Unknown,AR-901,Unknown,Unknown,Unknown,AR-889,AR-965,AR-931,10.0,True,0.7260710593774373,3.3460238976547427,0.7375629622106284,0.0068005667488519,6.015555555555555,AR-895,Cytation5,deGFP,MFG,0.0,0.13033626966226097,0.0036337988847337838,0.04094158444210975,0.015020093893954199,0.0021805732086311908,0.007025148591958035,0.023499937550969432,0.01792801463511399,0.0014532256761025928,0.07461704050370654,0.007510046946977099,0.011871193364239481,0.03173586264152052,0.018653892778687984,0.0036337988847337838,0.011628744186729949,0.011628744186729949,0.0012107764985930603,0.0033913497072242506,0.0043611464172623815,0.018653892778687984,0.07461704050370654,0.018653892778687984,0.03730778555737597,0.09327093328239451,0.09327093328239451,0.9317365973359978,0.018653892778687984,0.018653892778687984,0.018653892778687984,0.018653892778687984,0.007510046946977099,0.005571922915855442,0.0019381240311216583,0.0019381240311216583,0.018653892778687984
MFG-132-Ribosome-PURE-Activity-QC-B6,B6,Sample,Ribosome-AR-966-QC,3.5,8.0,20.0,2.0,2.0,0.0,0.0,50.0,100.0,1.0,1.0,1.0,0.02,2.0,0.3,2000.0,1.8,3.206521739130435,1705168,2026-01-30 00:00:00,ext,M,MFG-132-Ribosome-PURE-Activity-QC,Unknown,Unknown,Unknown,Unknown,Unknown,Unknown,Unknown,Unknown,Unknown,Unknown,Unknown,Unknown,AR-901,Unknown,Unknown,Unknown,AR-889,AR-966,AR-931,10.0,True,0.5111091848005339,4.421617626556806,0.5857827987825825,0.0035963505710899,6.015555555555555,AR-895,Cytation5,deGFP,MFG,0.0,0.13033626966226097,0.0036337988847337838,0.04094158444210975,0.015020093893954199,0.0021805732086311908,0.007025148591958035,0.023499937550969432,0.01792801463511399,0.0014532256761025928,0.07461704050370654,0.007510046946977099,0.011871193364239481,0.03173586264152052,0.018653892778687984,0.0036337988847337838,0.011628744186729949,0.011628744186729949,0.0012107764985930603,0.0033913497072242506,0.0043611464172623815,0.018653892778687984,0.07461704050370654,0.018653892778687984,0.03730778555737597,0.09327093328239451,0.09327093328239451,0.9317365973359978,0.018653892778687984,0.018653892778687984,0.018653892778687984,0.018653892778687984,0.007510046946977099,0.005571922915855442,0.0019381240311216583,0.0019381240311216583,0.018653892778687984
MFG-132-Ribosome-PURE-Activity-QC-D18,D18,Positive Control,Positive Control,3.5,8.0,20.0,2.0,2.0,0.0,0.0,50.0,100.0,1.0,1.0,1.0,0.02,2.0,0.3,2000.0,1.8,3.0890052356020945,1705168,2026-01-30 00:00:00,ext,M,MFG-132-Ribosome-PURE-Activity-QC,NEB Sol A,NEB Sol A,NEB Sol A,NEB Sol A,NEB Sol A,NEB Sol A,NEB Sol A,NEB Sol A,NEB Sol A,NEB Sol A,NEB Sol A,NEB Sol A,NEB Sol B,Unknown,NEB Sol A,NEB Sol A,AR-931,NEB Sol B,NEB Sol B,10.0,True,0.7897440934721611,2.2486267010503678,1.0215133209406726,0.0104427220098848,6.015555555555555,NEB Sol A,Cytation5,plamGFP,MFG,0.0,0.13033626966226097,0.0036337988847337838,0.04094158444210975,0.015020093893954199,0.0021805732086311908,0.007025148591958035,0.023499937550969432,0.01792801463511399,0.0014532256761025928,0.07461704050370654,0.007510046946977099,0.011871193364239481,0.03173586264152052,0.018653892778687984,0.0036337988847337838,0.011628744186729949,0.011628744186729949,0.0012107764985930603,0.0033913497072242506,0.0043611464172623815,0.018653892778687984,0.07461704050370654,0.018653892778687984,0.03730778555737597,0.09327093328239451,0.09327093328239451,0.9317365973359978,0.018653892778687984,0.018653892778687984,0.018653892778687984,0.018653892778687984,0.007510046946977099,0.005571922915855442,0.0019381240311216583,0.0019381240311216583,0.018653892778687984
MFG-132-Ribosome-PURE-Activity-QC-D2,D2,Sample,Ribosome-AR-964-QC,3.5,8.0,20.0,2.0,2.0,0.0,0.0,50.0,100.0,1.0,1.0,1.0,0.02,2.0,0.3,2000.0,1.8,3.206521739130435,1705168,2026-01-30 00:00:00,ext,M,MFG-132-Ribosome-PURE-Activity-QC,Unknown,Unknown,Unknown,Unknown,Unknown,Unknown,Unknown,Unknown,Unknown,Unknown,Unknown,Unknown,AR-901,Unknown,Unknown,Unknown,AR-889,AR-964,AR-931,10.0,True,0.7339399929462916,3.3605049460947245,0.7362799988261419,0.0065292837454381,6.015555555555555,AR-895,Cytation5,deGFP,MFG,0.0,0.13033626966226097,0.0036337988847337838,0.04094158444210975,0.015020093893954199,0.0021805732086311908,0.007025148591958035,0.023499937550969432,0.01792801463511399,0.0014532256761025928,0.07461704050370654,0.007510046946977099,0.011871193364239481,0.03173586264152052,0.018653892778687984,0.0036337988847337838,0.011628744186729949,0.011628744186729949,0.0012107764985930603,0.0033913497072242506,0.0043611464172623815,0.018653892778687984,0.07461704050370654,0.018653892778687984,0.03730778555737597,0.09327093328239451,0.09327093328239451,0.9317365973359978,0.018653892778687984,0.018653892778687984,0.018653892778687984,0.018653892778687984,0.007510046946977099,0.005571922915855442,0.0019381240311216583,0.0019381240311216583,0.018653892778687984
MFG-132-Ribosome-PURE-Activity-QC-D4,D4,Sample,Ribosome-AR-965-QC,3.5,8.0,20.0,2.0,2.0,0.0,0.0,50.0,100.0,1.0,1.0,1.0,0.02,2.0,0.3,2000.0,1.8,3.206521739130435,1705168,2026-01-30 00:00:00,ext,M,MFG-132-Ribosome-PURE-Activity-QC,Unknown,Unknown,Unknown,Unknown,Unknown,Unknown,Unknown,Unknown,Unknown,Unknown,Unknown,Unknown,AR-901,Unknown,Unknown,Unknown,AR-889,AR-965,AR-931,10.0,True,0.7783257028975348,3.341727641234957,0.7264841538836567,0.0068307085772167,6.015555555555555,AR-895,Cytation5,deGFP,MFG,0.0,0.13033626966226097,0.0036337988847337838,0.04094158444210975,0.015020093893954199,0.0021805732086311908,0.007025148591958035,0.023499937550969432,0.01792801463511399,0.0014532256761025928,0.07461704050370654,0.007510046946977099,0.011871193364239481,0.03173586264152052,0.018653892778687984,0.0036337988847337838,0.011628744186729949,0.011628744186729949,0.0012107764985930603,0.0033913497072242506,0.0043611464172623815,0.018653892778687984,0.07461704050370654,0.018653892778687984,0.03730778555737597,0.09327093328239451,0.09327093328239451,0.9317365973359978,0.018653892778687984,0.018653892778687984,0.018653892778687984,0.018653892778687984,0.007510046946977099,0.005571922915855442,0.0019381240311216583,0.0019381240311216583,0.018653892778687984
MFG-132-Ribosome-PURE-Activity-QC-D6,D6,Sample,Ribosome-AR-966-QC,3.5,8.0,20.0,2.0,2.0,0.0,0.0,50.0,100.0,1.0,1.0,1.0,0.02,2.0,0.3,2000.0,1.8,3.206521739130435,1705168,2026-01-30 00:00:00,ext,M,MFG-132-Ribosome-PURE-Activity-QC,Unknown,Unknown,Unknown,Unknown,Unknown,Unknown,Unknown,Unknown,Unknown,Unknown,Unknown,Unknown,AR-901,Unknown,Unknown,Unknown,AR-889,AR-966,AR-931,10.0,True,0.4937523927191991,4.346037857914847,0.5847650090086262,0.0036309600508363,6.015555555555555,AR-895,Cytation5,deGFP,MFG,0.0,0.13033626966226097,0.0036337988847337838,0.04094158444210975,0.015020093893954199,0.0021805732086311908,0.007025148591958035,0.023499937550969432,0.01792801463511399,0.0014532256761025928,0.07461704050370654,0.007510046946977099,0.011871193364239481,0.03173586264152052,0.018653892778687984,0.0036337988847337838,0.011628744186729949,0.011628744186729949,0.0012107764985930603,0.0033913497072242506,0.0043611464172623815,0.018653892778687984,0.07461704050370654,0.018653892778687984,0.03730778555737597,0.09327093328239451,0.09327093328239451,0.9317365973359978,0.018653892778687984,0.018653892778687984,0.018653892778687984,0.018653892778687984,0.007510046946977099,0.005571922915855442,0.0019381240311216583,0.0019381240311216583,0.018653892778687984
MFG-132-Ribosome-PURE-Activity-QC-F18,F18,Positive Control,Positive Control,3.5,8.0,20.0,2.0,2.0,0.0,0.0,50.0,100.0,1.0,1.0,1.0,0.02,2.0,0.3,2000.0,1.8,3.0890052356020945,1705168,2026-01-30 00:00:00,ext,M,MFG-132-Ribosome-PURE-Activity-QC,NEB Sol A,NEB Sol A,NEB Sol A,NEB Sol A,NEB Sol A,NEB Sol A,NEB Sol A,NEB Sol A,NEB Sol A,NEB Sol A,NEB Sol A,NEB Sol A,NEB Sol B,Unknown,NEB Sol A,NEB Sol A,AR-931,NEB Sol B,NEB Sol B,10.0,True,0.7456581785923381,2.222092466191949,1.012149126084368,0.0095192573060834,5.495331001348169,NEB Sol A,Cytation5,plamGFP,MFG,0.0,0.13033626966226097,0.0036337988847337838,0.04094158444210975,0.015020093893954199,0.0021805732086311908,0.007025148591958035,0.023499937550969432,0.01792801463511399,0.0014532256761025928,0.07461704050370654,0.007510046946977099,0.011871193364239481,0.03173586264152052,0.018653892778687984,0.0036337988847337838,0.011628744186729949,0.011628744186729949,0.0012107764985930603,0.0033913497072242506,0.0043611464172623815,0.018653892778687984,0.07461704050370654,0.018653892778687984,0.03730778555737597,0.09327093328239451,0.09327093328239451,0.9317365973359978,0.018653892778687984,0.018653892778687984,0.018653892778687984,0.018653892778687984,0.007510046946977099,0.005571922915855442,0.0019381240311216583,0.0019381240311216583,0.018653892778687984
MFG-132-Ribosome-PURE-Activity-QC-F2,F2,Sample,Ribosome-AR-964-QC,3.5,8.0,20.0,2.0,2.0,0.0,0.0,50.0,100.0,1.0,1.0,1.0,0.02,2.0,0.3,2000.0,1.8,3.206521739130435,1705168,2026-01-30 00:00:00,ext,M,MFG-132-Ribosome-PURE-Activity-QC,Unknown,Unknown,Unknown,Unknown,Unknown,Unknown,Unknown,Unknown,Unknown,Unknown,Unknown,Unknown,AR-901,Unknown,Unknown,Unknown,AR-889,AR-964,AR-931,10.0,True,0.7553461826576062,3.505708033035323,0.735469197159964,0.0050509671711725,5.545309940439288,AR-895,Cytation5,deGFP,MFG,0.0,0.13033626966226097,0.0036337988847337838,0.04094158444210975,0.015020093893954199,0.0021805732086311908,0.007025148591958035,0.023499937550969432,0.01792801463511399,0.0014532256761025928,0.07461704050370654,0.007510046946977099,0.011871193364239481,0.03173586264152052,0.018653892778687984,0.0036337988847337838,0.011628744186729949,0.011628744186729949,0.0012107764985930603,0.0033913497072242506,0.0043611464172623815,0.018653892778687984,0.07461704050370654,0.018653892778687984,0.03730778555737597,0.09327093328239451,0.09327093328239451,0.9317365973359978,0.018653892778687984,0.018653892778687984,0.018653892778687984,0.018653892778687984,0.007510046946977099,0.005571922915855442,0.0019381240311216583,0.0019381240311216583,0.018653892778687984
MFG-132-Ribosome-PURE-Activity-QC-F4,F4,Sample,Ribosome-AR-965-QC,3.5,8.0,20.0,2.0,2.0,0.0,0.0,50.0,100.0,1.0,1.0,1.0,0.02,2.0,0.3,2000.0,1.8,3.206521739130435,1705168,2026-01-30 00:00:00,ext,M,MFG-132-Ribosome-PURE-Activity-QC,Unknown,Unknown,Unknown,Unknown,Unknown,Unknown,Unknown,Unknown,Unknown,Unknown,Unknown,Unknown,AR-901,Unknown,Unknown,Unknown,AR-889,AR-965,AR-931,10.0,True,0.7000367685312163,3.3540099314207388,0.7229958702620701,0.0062031278381474,6.015555555555555,AR-895,Cytation5,deGFP,MFG,0.0,0.13033626966226097,0.0036337988847337838,0.04094158444210975,0.015020093893954199,0.0021805732086311908,0.007025148591958035,0.023499937550969432,0.01792801463511399,0.0014532256761025928,0.07461704050370654,0.007510046946977099,0.011871193364239481,0.03173586264152052,0.018653892778687984,0.0036337988847337838,0.011628744186729949,0.011628744186729949,0.0012107764985930603,0.0033913497072242506,0.0043611464172623815,0.018653892778687984,0.07461704050370654,0.018653892778687984,0.03730778555737597,0.09327093328239451,0.09327093328239451,0.9317365973359978,0.018653892778687984,0.018653892778687984,0.018653892778687984,0.018653892778687984,0.007510046946977099,0.005571922915855442,0.0019381240311216583,0.0019381240311216583,0.018653892778687984
MFG-132-Ribosome-PURE-Activity-QC-F6,F6,Sample,Ribosome-AR-966-QC,3.5,8.0,20.0,2.0,2.0,0.0,0.0,50.0,100.0,1.0,1.0,1.0,0.02,2.0,0.3,2000.0,1.8,3.206521739130435,1705168,2026-01-30 00:00:00,ext,M,MFG-132-Ribosome-PURE-Activity-QC,Unknown,Unknown,Unknown,Unknown,Unknown,Unknown,Unknown,Unknown,Unknown,Unknown,Unknown,Unknown,AR-901,Unknown,Unknown,Unknown,AR-889,AR-966,AR-931,10.0,True,0.4338882137348507,4.200292296669105,0.6253136781807055,0.0021266064351614,4.231175693011677,AR-895,Cytation5,deGFP,MFG,0.0,0.13033626966226097,0.0036337988847337838,0.04094158444210975,0.015020093893954199,0.0021805732086311908,0.007025148591958035,0.023499937550969432,0.01792801463511399,0.0014532256761025928,0.07461704050370654,0.007510046946977099,0.011871193364239481,0.03173586264152052,0.018653892778687984,0.0036337988847337838,0.011628744186729949,0.011628744186729949,0.0012107764985930603,0.0033913497072242506,0.0043611464172623815,0.018653892778687984,0.07461704050370654,0.018653892778687984,0.03730778555737597,0.09327093328239451,0.09327093328239451,0.9317365973359978,0.018653892778687984,0.018653892778687984,0.018653892778687984,0.018653892778687984,0.007510046946977099,0.005571922915855442,0.0019381240311216583,0.0019381240311216583,0.018653892778687984
Ribosome-MFG-147-AR-1011-1012-Activity-Assay-B12,B12,Positive Control,Positive Control,3.5,8.0,20.0,2.0,2.0,0.0,0.0,50.0,100.0,1.0,1.0,1.0,0.02,2.0,0.3,2000.0,1.8,3.016304347826087,1705168,2026-02-25 00:00:00,ext,M,Ribosome-MFG-147-AR-1011-1012-Activity-Assay,NEB Sol A,NEB Sol A,NEB Sol A,NEB Sol A,NEB Sol A,NEB Sol A,NEB Sol A,NEB Sol A,NEB Sol A,NEB Sol A,NEB Sol A,NEB Sol A,NEB Sol B,Unknown,NEB Sol A,NEB Sol A,SH pT7-deGFP,NEB Sol B,NEB Sol B,10.0,True,1.4049551796722646,2.886901847107285,0.9728096461229176,0.0126381078302667,6.011666666666667,NEB Sol A,Cytation5,deGFP,MFG,0.0,0.13033626966226097,0.0036337988847337838,0.04094158444210975,0.015020093893954199,0.0021805732086311908,0.007025148591958035,0.023499937550969432,0.01792801463511399,0.0014532256761025928,0.07461704050370654,0.007510046946977099,0.011871193364239481,0.03173586264152052,0.018653892778687984,0.0036337988847337838,0.011628744186729949,0.011628744186729949,0.0012107764985930603,0.0033913497072242506,0.0043611464172623815,0.018653892778687984,0.07461704050370654,0.018653892778687984,0.03730778555737597,0.09327093328239451,0.09327093328239451,0.9317365973359978,0.018653892778687984,0.018653892778687984,0.018653892778687984,0.018653892778687984,0.007510046946977099,0.005571922915855442,0.0019381240311216583,0.0019381240311216583,0.018653892778687984
Ribosome-MFG-147-AR-1011-1012-Activity-Assay-B6,B6,Sample,Ribosome AR-1011,3.5,8.0,20.0,2.0,2.0,0.0,0.0,50.0,100.0,1.0,1.0,1.0,0.02,2.0,0.3,2000.0,1.8,3.016304347826087,1705168,2026-02-25 00:00:00,ext,M,Ribosome-MFG-147-AR-1011-1012-Activity-Assay,Unknown,Unknown,Unknown,Unknown,Unknown,Unknown,Unknown,Unknown,Unknown,Unknown,Unknown,Unknown,AR-957,Unknown,Unknown,Unknown,SH pT7-deGFP,AR-1011,AR-975,10.0,True,1.1677451848552078,3.7830263776738167,0.7250447272583627,0.0102927940377341,5.751223106999998,AR-976,Cytation5,deGFP,MFG,0.0,0.13033626966226097,0.0036337988847337838,0.04094158444210975,0.015020093893954199,0.0021805732086311908,0.007025148591958035,0.023499937550969432,0.01792801463511399,0.0014532256761025928,0.07461704050370654,0.007510046946977099,0.011871193364239481,0.03173586264152052,0.018653892778687984,0.0036337988847337838,0.011628744186729949,0.011628744186729949,0.0012107764985930603,0.0033913497072242506,0.0043611464172623815,0.018653892778687984,0.07461704050370654,0.018653892778687984,0.03730778555737597,0.09327093328239451,0.09327093328239451,0.9317365973359978,0.018653892778687984,0.018653892778687984,0.018653892778687984,0.018653892778687984,0.007510046946977099,0.005571922915855442,0.0019381240311216583,0.0019381240311216583,0.018653892778687984
Ribosome-MFG-147-AR-1011-1012-Activity-Assay-B8,B8,Sample,Ribosome AR-1012,3.5,8.0,20.0,2.0,2.0,0.0,0.0,50.0,100.0,1.0,1.0,1.0,0.02,2.0,0.3,2000.0,1.8,3.016304347826087,1705168,2026-02-25 00:00:00,ext,M,Ribosome-MFG-147-AR-1011-1012-Activity-Assay,Unknown,Unknown,Unknown,Unknown,Unknown,Unknown,Unknown,Unknown,Unknown,Unknown,Unknown,Unknown,AR-957,Unknown,Unknown,Unknown,SH pT7-deGFP,AR-1011,AR-975,10.0,True,1.1692473307547704,3.733714239870944,0.7337149794375284,0.0110472249444456,6.011666666666667,AR-976,Cytation5,deGFP,MFG,0.0,0.13033626966226097,0.0036337988847337838,0.04094158444210975,0.015020093893954199,0.0021805732086311908,0.007025148591958035,0.023499937550969432,0.01792801463511399,0.0014532256761025928,0.07461704050370654,0.007510046946977099,0.011871193364239481,0.03173586264152052,0.018653892778687984,0.0036337988847337838,0.011628744186729949,0.011628744186729949,0.0012107764985930603,0.0033913497072242506,0.0043611464172623815,0.018653892778687984,0.07461704050370654,0.018653892778687984,0.03730778555737597,0.09327093328239451,0.09327093328239451,0.9317365973359978,0.018653892778687984,0.018653892778687984,0.018653892778687984,0.018653892778687984,0.007510046946977099,0.005571922915855442,0.0019381240311216583,0.0019381240311216583,0.018653892778687984
Ribosome-MFG-147-AR-1011-1012-Activity-Assay-D12,D12,Positive Control,Positive Control,3.5,8.0,20.0,2.0,2.0,0.0,0.0,50.0,100.0,1.0,1.0,1.0,0.02,2.0,0.3,2000.0,1.8,3.016304347826087,1705168,2026-02-25 00:00:00,ext,M,Ribosome-MFG-147-AR-1011-1012-Activity-Assay,NEB Sol A,NEB Sol A,NEB Sol A,NEB Sol A,NEB Sol A,NEB Sol A,NEB Sol A,NEB Sol A,NEB Sol A,NEB Sol A,NEB Sol A,NEB Sol A,NEB Sol B,Unknown,NEB Sol A,NEB Sol A,SH pT7-deGFP,NEB Sol B,NEB Sol B,10.0,True,1.410627930373101,2.7632743811670646,0.9687161273033752,0.0156596245103693,5.782768605328859,NEB Sol A,Cytation5,deGFP,MFG,0.0,0.13033626966226097,0.0036337988847337838,0.04094158444210975,0.015020093893954199,0.0021805732086311908,0.007025148591958035,0.023499937550969432,0.01792801463511399,0.0014532256761025928,0.07461704050370654,0.007510046946977099,0.011871193364239481,0.03173586264152052,0.018653892778687984,0.0036337988847337838,0.011628744186729949,0.011628744186729949,0.0012107764985930603,0.0033913497072242506,0.0043611464172623815,0.018653892778687984,0.07461704050370654,0.018653892778687984,0.03730778555737597,0.09327093328239451,0.09327093328239451,0.9317365973359978,0.018653892778687984,0.018653892778687984,0.018653892778687984,0.018653892778687984,0.007510046946977099,0.005571922915855442,0.0019381240311216583,0.0019381240311216583,0.018653892778687984
Ribosome-MFG-147-AR-1011-1012-Activity-Assay-D6,D6,Sample,Ribosome AR-1011,3.5,8.0,20.0,2.0,2.0,0.0,0.0,50.0,100.0,1.0,1.0,1.0,0.02,2.0,0.3,2000.0,1.8,3.016304347826087,1705168,2026-02-25 00:00:00,ext,M,Ribosome-MFG-147-AR-1011-1012-Activity-Assay,Unknown,Unknown,Unknown,Unknown,Unknown,Unknown,Unknown,Unknown,Unknown,Unknown,Unknown,Unknown,AR-957,Unknown,Unknown,Unknown,SH pT7-deGFP,AR-1011,AR-975,10.0,True,1.1874429974586442,4.050942015004505,0.7135903857564013,0.0092810294614364,6.011666666666667,AR-976,Cytation5,deGFP,MFG,0.0,0.13033626966226097,0.0036337988847337838,0.04094158444210975,0.015020093893954199,0.0021805732086311908,0.007025148591958035,0.023499937550969432,0.01792801463511399,0.0014532256761025928,0.07461704050370654,0.007510046946977099,0.011871193364239481,0.03173586264152052,0.018653892778687984,0.0036337988847337838,0.011628744186729949,0.011628744186729949,0.0012107764985930603,0.0033913497072242506,0.0043611464172623815,0.018653892778687984,0.07461704050370654,0.018653892778687984,0.03730778555737597,0.09327093328239451,0.09327093328239451,0.9317365973359978,0.018653892778687984,0.018653892778687984,0.018653892778687984,0.018653892778687984,0.007510046946977099,0.005571922915855442,0.0019381240311216583,0.0019381240311216583,0.018653892778687984
Ribosome-MFG-147-AR-1011-1012-Activity-Assay-D8,D8,Sample,Ribosome AR-1012,3.5,8.0,20.0,2.0,2.0,0.0,0.0,50.0,100.0,1.0,1.0,1.0,0.02,2.0,0.3,2000.0,1.8,3.016304347826087,1705168,2026-02-25 00:00:00,ext,M,Ribosome-MFG-147-AR-1011-1012-Activity-Assay,Unknown,Unknown,Unknown,Unknown,Unknown,Unknown,Unknown,Unknown,Unknown,Unknown,Unknown,Unknown,AR-957,Unknown,Unknown,Unknown,SH pT7-deGFP,AR-1011,AR-975,10.0,True,1.1294385471323725,3.6551963085956247,0.7398542072625305,0.0112611463130212,6.011666666666667,AR-976,Cytation5,deGFP,MFG,0.0,0.13033626966226097,0.0036337988847337838,0.04094158444210975,0.015020093893954199,0.0021805732086311908,0.007025148591958035,0.023499937550969432,0.01792801463511399,0.0014532256761025928,0.07461704050370654,0.007510046946977099,0.011871193364239481,0.03173586264152052,0.018653892778687984,0.0036337988847337838,0.011628744186729949,0.011628744186729949,0.0012107764985930603,0.0033913497072242506,0.0043611464172623815,0.018653892778687984,0.07461704050370654,0.018653892778687984,0.03730778555737597,0.09327093328239451,0.09327093328239451,0.9317365973359978,0.018653892778687984,0.018653892778687984,0.018653892778687984,0.018653892778687984,0.007510046946977099,0.005571922915855442,0.0019381240311216583,0.0019381240311216583,0.018653892778687984
Ribosome-MFG-147-AR-1011-1012-Activity-Assay-F12,F12,Positive Control,Positive Control,3.5,8.0,20.0,2.0,2.0,0.0,0.0,50.0,100.0,1.0,1.0,1.0,0.02,2.0,0.3,2000.0,1.8,3.016304347826087,1705168,2026-02-25 00:00:00,ext,M,Ribosome-MFG-147-AR-1011-1012-Activity-Assay,NEB Sol A,NEB Sol A,NEB Sol A,NEB Sol A,NEB Sol A,NEB Sol A,NEB Sol A,NEB Sol A,NEB Sol A,NEB Sol A,NEB Sol A,NEB Sol A,NEB Sol B,Unknown,NEB Sol A,NEB Sol A,SH pT7-deGFP,NEB Sol B,NEB Sol B,10.0,True,1.205017129163954,2.516083181120118,1.0095158500240229,0.0150308736926898,6.011666666666667,NEB Sol A,Cytation5,deGFP,MFG,0.0,0.13033626966226097,0.0036337988847337838,0.04094158444210975,0.015020093893954199,0.0021805732086311908,0.007025148591958035,0.023499937550969432,0.01792801463511399,0.0014532256761025928,0.07461704050370654,0.007510046946977099,0.011871193364239481,0.03173586264152052,0.018653892778687984,0.0036337988847337838,0.011628744186729949,0.011628744186729949,0.0012107764985930603,0.0033913497072242506,0.0043611464172623815,0.018653892778687984,0.07461704050370654,0.018653892778687984,0.03730778555737597,0.09327093328239451,0.09327093328239451,0.9317365973359978,0.018653892778687984,0.018653892778687984,0.018653892778687984,0.018653892778687984,0.007510046946977099,0.005571922915855442,0.0019381240311216583,0.0019381240311216583,0.018653892778687984
Ribosome-MFG-147-AR-1011-1012-Activity-Assay-F6,F6,Sample,Ribosome AR-1011,3.5,8.0,20.0,2.0,2.0,0.0,0.0,50.0,100.0,1.0,1.0,1.0,0.02,2.0,0.3,2000.0,1.8,3.016304347826087,1705168,2026-02-25 00:00:00,ext,M,Ribosome-MFG-147-AR-1011-1012-Activity-Assay,Unknown,Unknown,Unknown,Unknown,Unknown,Unknown,Unknown,Unknown,Unknown,Unknown,Unknown,Unknown,AR-957,Unknown,Unknown,Unknown,SH pT7-deGFP,AR-1011,AR-975,10.0,True,1.1542680533169072,3.826140676413257,0.7204042234706357,0.0104673526248697,6.011666666666667,AR-976,Cytation5,deGFP,MFG,0.0,0.13033626966226097,0.0036337988847337838,0.04094158444210975,0.015020093893954199,0.0021805732086311908,0.007025148591958035,0.023499937550969432,0.01792801463511399,0.0014532256761025928,0.07461704050370654,0.007510046946977099,0.011871193364239481,0.03173586264152052,0.018653892778687984,0.0036337988847337838,0.011628744186729949,0.011628744186729949,0.0012107764985930603,0.0033913497072242506,0.0043611464172623815,0.018653892778687984,0.07461704050370654,0.018653892778687984,0.03730778555737597,0.09327093328239451,0.09327093328239451,0.9317365973359978,0.018653892778687984,0.018653892778687984,0.018653892778687984,0.018653892778687984,0.007510046946977099,0.005571922915855442,0.0019381240311216583,0.0019381240311216583,0.018653892778687984
Ribosome-MFG-147-AR-1011-1012-Activity-Assay-F8,F8,Sample,Ribosome AR-1012,3.5,8.0,20.0,2.0,2.0,0.0,0.0,50.0,100.0,1.0,1.0,1.0,0.02,2.0,0.3,2000.0,1.8,3.016304347826087,1705168,2026-02-25 00:00:00,ext,M,Ribosome-MFG-147-AR-1011-1012-Activity-Assay,Unknown,Unknown,Unknown,Unknown,Unknown,Unknown,Unknown,Unknown,Unknown,Unknown,Unknown,Unknown,AR-957,Unknown,Unknown,Unknown,SH pT7-deGFP,AR-1011,AR-975,10.0,True,1.1503035408986146,3.4555354011230763,0.7458576063244374,0.0128234438378585,6.011666666666667,AR-976,Cytation5,deGFP,MFG,0.0,0.13033626966226097,0.0036337988847337838,0.04094158444210975,0.015020093893954199,0.0021805732086311908,0.007025148591958035,0.023499937550969432,0.01792801463511399,0.0014532256761025928,0.07461704050370654,0.007510046946977099,0.011871193364239481,0.03173586264152052,0.018653892778687984,0.0036337988847337838,0.011628744186729949,0.011628744186729949,0.0012107764985930603,0.0033913497072242506,0.0043611464172623815,0.018653892778687984,0.07461704050370654,0.018653892778687984,0.03730778555737597,0.09327093328239451,0.09327093328239451,0.9317365973359978,0.018653892778687984,0.018653892778687984,0.018653892778687984,0.018653892778687984,0.007510046946977099,0.005571922915855442,0.0019381240311216583,0.0019381240311216583,0.018653892778687984
20260309-DiscoveryPlate-R1-G10,G10,Sample,DiscoveryPlate-R1-G10,3.5,24.969,100.0,2.0,2.0,0.0,0.0,50.0,60.0,1.0,1.0,1.0,0.02,2.0,0.3,2000.000003,1.799999951,2.996187423,1705168.0,2026-03-09 00:00:00,ext,M,20260309-DiscoveryPlate-R1,AR-977,AR-954,AR-953,AR-970,AR-971,AR-972,AR-973,AR-702,Unknown,AR-959,AR-967,AR-969,AR-902,Unknown,Unknown,Unknown,AR-854,AR-905,AR-975,10.0,True,0.0152440525813834,3.976068717962921,0.9215366815494423,0.0001027596626636,4.21111347462088,20260309-DiscoveryPlate-R1-SMS,Cytation5,deGFP,Labcraft,0.0,0.14119762916031034,0.003936615561419234,0.044353384305630454,0.016271768810686375,0.0023622877044666975,0.007610577840333747,0.025458266346048447,0.019422016362667237,0.0015743278569525364,0.08083512932649822,0.008135884405343187,0.012860459814276583,0.03438051876083001,0.02020838437210561,0.003936615561419234,0.012597806531771862,0.012597806531771862,0.001311674574447816,0.0036739622789145132,0.004724575408933395,0.02020838437210561,0.08083512932649822,0.02020838437210561,0.04041676874421122,0.10104351369860383,0.10104351369860383,1.0093813401798677,0.02020838437210561,0.02020838437210561,0.02020838437210561,0.02020838437210561,0.008135884405343187,0.006036249983381211,0.002099634421961977,0.002099634421961977,0.02020838437210561
20260309-DiscoveryPlate-R1-G11,G11,Sample,DiscoveryPlate-R1-G11,3.5,12.469,49.0,2.0,2.0,0.0,0.0,50.0,72.5,1.0,1.0,1.0,0.02,2.0,0.3,2000.000003,1.799999951,2.996187423,1705168.0,2026-03-09 00:00:00,ext,M,20260309-DiscoveryPlate-R1,AR-977,AR-954,AR-953,AR-970,AR-971,AR-972,AR-973,AR-702,Unknown,AR-959,AR-967,AR-969,AR-902,Unknown,Unknown,Unknown,AR-854,AR-905,AR-975,10.0,True,0.0216995899368362,3.7155646202150328,0.7676288823068954,0.0005720781182827,4.190224338125812,20260309-DiscoveryPlate-R1-SMS,Cytation5,deGFP,Labcraft,0.0,0.14119762916031034,0.003936615561419234,0.044353384305630454,0.016271768810686375,0.0023622877044666975,0.007610577840333747,0.025458266346048447,0.019422016362667237,0.0015743278569525364,0.08083512932649822,0.008135884405343187,0.012860459814276583,0.03438051876083001,0.02020838437210561,0.003936615561419234,0.012597806531771862,0.012597806531771862,0.001311674574447816,0.0036739622789145132,0.004724575408933395,0.02020838437210561,0.08083512932649822,0.02020838437210561,0.04041676874421122,0.10104351369860383,0.10104351369860383,1.0093813401798677,0.02020838437210561,0.02020838437210561,0.02020838437210561,0.02020838437210561,0.008135884405343187,0.006036249983381211,0.002099634421961977,0.002099634421961977,0.02020838437210561
20260309-DiscoveryPlate-R1-G12,G12,Sample,DiscoveryPlate-R1-G12,3.5,14.969,20.0,2.0,2.0,0.0,0.0,50.0,140.0,1.0,1.0,1.0,0.02,2.0,0.3,2000.000003,1.799999951,2.996187423,1705168.0,2026-03-09 00:00:00,ext,M,20260309-DiscoveryPlate-R1,AR-977,AR-954,AR-953,AR-970,AR-971,AR-972,AR-973,AR-702,Unknown,AR-959,AR-967,AR-969,AR-902,Unknown,Unknown,Unknown,AR-854,AR-905,AR-975,10.0,True,0.6355038476490915,3.203024149359704,1.1060826802559782,0.0036730373136485,6.006388888888889,20260309-DiscoveryPlate-R1-SMS,Cytation5,deGFP,Labcraft,0.0,0.14119762916031034,0.003936615561419234,0.044353384305630454,0.016271768810686375,0.0023622877044666975,0.007610577840333747,0.025458266346048447,0.019422016362667237,0.0015743278569525364,0.08083512932649822,0.008135884405343187,0.012860459814276583,0.03438051876083001,0.02020838437210561,0.003936615561419234,0.012597806531771862,0.012597806531771862,0.001311674574447816,0.0036739622789145132,0.004724575408933395,0.02020838437210561,0.08083512932649822,0.02020838437210561,0.04041676874421122,0.10104351369860383,0.10104351369860383,1.0093813401798677,0.02020838437210561,0.02020838437210561,0.02020838437210561,0.02020838437210561,0.008135884405343187,0.006036249983381211,0.002099634421961977,0.002099634421961977,0.02020838437210561
20260309-DiscoveryPlate-R1-G13,G13,Sample,DiscoveryPlate-R1-G13,3.5,17.469,100.0,2.0,2.0,0.0,0.0,50.0,175.0,1.0,1.0,1.0,0.02,2.0,0.3,2000.000003,1.799999951,1.00000002,1705168.0,2026-03-09 00:00:00,ext,M,20260309-DiscoveryPlate-R1,AR-977,AR-954,AR-953,AR-970,AR-971,AR-972,AR-973,AR-702,Unknown,AR-959,AR-967,AR-969,AR-902,Unknown,Unknown,Unknown,AR-854,AR-905,AR-975,10.0,False,0.0,,,0.0,,20260309-DiscoveryPlate-R1-SMS,Cytation5,deGFP,Labcraft,0.0,0.11260990891219179,0.0031395847255369196,0.035373331665036464,0.012977288744212853,0.0018840047443173422,0.006069694530041249,0.020303832800449634,0.015489718251627963,0.0012555799812195767,0.06446876342397505,0.006488644372106426,0.010256653860741111,0.02741963239067787,0.016116873469749774,0.0031395847255369196,0.010047178939708523,0.010047178939708523,0.001046105060186988,0.00293010980450433,0.0037680094886346845,0.016116873469749774,0.06446876342397505,0.016116873469749774,0.03223374693949955,0.0805856368937248,0.0805856368937248,0.8050159301631659,0.016116873469749774,0.016116873469749774,0.016116873469749774,0.016116873469749774,0.006488644372106426,0.0048141145488216725,0.0016745298232847539,0.0016745298232847539,0.016116873469749774
20260309-DiscoveryPlate-R1-G14,G14,Sample,DiscoveryPlate-R1-G14,3.5,4.969,0.0,2.0,2.0,0.0,0.0,50.0,62.5,1.0,1.0,1.0,0.02,2.0,0.3,2000.000003,1.799999951,1.00000002,1705168.0,2026-03-09 00:00:00,ext,M,20260309-DiscoveryPlate-R1,AR-977,AR-954,AR-953,AR-970,AR-971,AR-972,AR-973,AR-702,Unknown,AR-959,AR-967,AR-969,AR-902,Unknown,Unknown,Unknown,AR-854,AR-905,AR-975,10.0,True,0.0119792917341848,3.434096235814502,0.7551252080228962,9.219768806543386e-05,4.163042152314052,20260309-DiscoveryPlate-R1-SMS,Cytation5,deGFP,Labcraft,0.0,0.12766743824002225,0.0035593913796639837,0.040103243838082316,0.014712534849545182,0.002135922687998929,0.006881298093883342,0.023018740936096273,0.01756091153387799,0.0014234686916650544,0.07308914421783937,0.007356267424772591,0.01162811280077045,0.031086023056200042,0.018271926229209166,0.0035593913796639837,0.011390628135325823,0.011390628135325823,0.0011859840262204296,0.003321906714219358,0.004271845375997858,0.018271926229209166,0.07308914421783937,0.018271926229209166,0.03654385245841833,0.09136107044704851,0.09136107044704851,0.9126578872067013,0.018271926229209166,0.018271926229209166,0.018271926229209166,0.018271926229209166,0.007356267424772591,0.005457829402218287,0.0018984380225543042,0.0018984380225543042,0.018271926229209166
20260309-DiscoveryPlate-R1-G15,G15,Sample,DiscoveryPlate-R1-G15,3.5,14.969,20.0,2.0,2.0,0.0,0.0,50.0,140.0,1.0,1.0,1.0,0.02,2.0,0.3,2000.000003,1.799999951,5.000000045,1705168.0,2026-03-09 00:00:00,ext,M,20260309-DiscoveryPlate-R1,AR-977,AR-954,AR-953,AR-970,AR-971,AR-972,AR-973,AR-702,Unknown,AR-959,AR-967,AR-969,AR-902,Unknown,Unknown,Unknown,AR-854,AR-905,AR-975,10.0,True,0.6608295777112586,3.1827475062943225,1.0571745487214663,0.0039205599324049,6.006388888888889,20260309-DiscoveryPlate-R1-SMS,Cytation5,deGFP,Labcraft,0.0,0.13238487639487134,0.0036909144127407452,0.04158509837533173,0.01525617756855475,0.0022148471445641994,0.007135568866685605,0.023869306188015662,0.018209804589506606,0.0014760672681765456,0.07578986040978074,0.007628088784277375,0.012057783073405774,0.032234682364081925,0.018947091981295495,0.0036909144127407452,0.011811523114609888,0.011811523114609888,0.0012298073093806607,0.00344465445394486,0.004429694289128399,0.018947091981295495,0.07578986040978074,0.018947091981295495,0.03789418396259099,0.09473695239107623,0.09473695239107623,0.9463814991063811,0.018947091981295495,0.018947091981295495,0.018947091981295495,0.018947091981295495,0.007628088784277375,0.00565950159850906,0.0019685871857683147,0.0019685871857683147,0.018947091981295495
20260309-DiscoveryPlate-R1-G16,G16,Sample,DiscoveryPlate-R1-G16,3.5,12.469,0.0,2.0,2.0,0.0,0.0,50.0,100.0,1.0,1.0,1.0,0.02,2.0,0.3,2000.000003,1.799999951,2.996187423,1705168.0,2026-03-09 00:00:00,ext,M,20260309-DiscoveryPlate-R1,AR-977,AR-954,AR-953,AR-970,AR-971,AR-972,AR-973,AR-702,Unknown,AR-959,AR-967,AR-969,AR-902,Unknown,Unknown,Unknown,AR-854,AR-905,AR-975,10.0,True,0.0732961192868963,4.483094020806603,0.7569840031657828,-3.684787272110991e-05,4.2403595743372415,20260309-DiscoveryPlate-R1-SMS,Cytation5,deGFP,Labcraft,0.0,0.14119762916031034,0.003936615561419234,0.044353384305630454,0.016271768810686375,0.0023622877044666975,0.007610577840333747,0.025458266346048447,0.019422016362667237,0.0015743278569525364,0.08083512932649822,0.008135884405343187,0.012860459814276583,0.03438051876083001,0.02020838437210561,0.003936615561419234,0.012597806531771862,0.012597806531771862,0.001311674574447816,0.0036739622789145132,0.004724575408933395,0.02020838437210561,0.08083512932649822,0.02020838437210561,0.04041676874421122,0.10104351369860383,0.10104351369860383,1.0093813401798677,0.02020838437210561,0.02020838437210561,0.02020838437210561,0.02020838437210561,0.008135884405343187,0.006036249983381211,0.002099634421961977,0.002099634421961977,0.02020838437210561
20260309-DiscoveryPlate-R1-G8,G8,Sample,DiscoveryPlate-R1-G8,3.5,12.469,0.0,2.0,2.0,0.0,0.0,50.0,100.0,1.0,1.0,1.0,0.02,2.0,0.3,2000.000003,1.799999951,2.996187423,1705168.0,2026-03-09 00:00:00,ext,M,20260309-DiscoveryPlate-R1,AR-977,AR-954,AR-953,AR-970,AR-971,AR-972,AR-973,AR-702,Unknown,AR-959,AR-967,AR-969,AR-902,Unknown,Unknown,Unknown,AR-854,AR-905,AR-975,10.0,True,0.0458224314858611,4.567463053164597,0.7514160903928098,3.819977299078408e-05,4.242609499108926,20260309-DiscoveryPlate-R1-SMS,Cytation5,deGFP,Labcraft,0.0,0.13274937516865404,0.0037010767047956777,0.04169959572410916,0.015298182804861064,0.002220945341656605,0.0071552154167521765,0.02393502617864831,0.018259942125035206,0.001480131363139072,0.07599853463252297,0.007649091402430532,0.012090982085743744,0.03232343496570038,0.018999259509656745,0.0037010767047956777,0.011844044092904566,0.011844044092904566,0.001233193370299894,0.0034541387119564992,0.00444189068331321,0.018999259509656745,0.07599853463252297,0.018999259509656745,0.03799851901931349,0.0949977941421797,0.0949977941421797,0.9489871962626483,0.018999259509656745,0.018999259509656745,0.018999259509656745,0.018999259509656745,0.007649091402430532,0.005675084053613105,0.0019740073488174275,0.0019740073488174275,0.018999259509656745
20260309-DiscoveryPlate-R1-G9,G9,Sample,DiscoveryPlate-R1-G9,3.5,24.969,71.0,2.0,2.0,0.0,0.0,50.0,122.5,1.0,1.0,1.0,0.02,2.0,0.3,2000.000003,1.799999951,1.00000002,1705168.0,2026-03-09 00:00:00,ext,M,20260309-DiscoveryPlate-R1,AR-977,AR-954,AR-953,AR-970,AR-971,AR-972,AR-973,AR-702,Unknown,AR-959,AR-967,AR-969,AR-902,Unknown,Unknown,Unknown,AR-854,AR-905,AR-975,10.0,True,0.1660791368412198,2.3751643363473054,1.200110608729022,0.0024380741037275,4.039601011475781,20260309-DiscoveryPlate-R1-SMS,Cytation5,deGFP,Labcraft,0.0,0.11260990891219179,0.0031395847255369196,0.035373331665036464,0.012977288744212853,0.0018840047443173422,0.006069694530041249,0.020303832800449634,0.015489718251627963,0.0012555799812195767,0.06446876342397505,0.006488644372106426,0.010256653860741111,0.02741963239067787,0.016116873469749774,0.0031395847255369196,0.010047178939708523,0.010047178939708523,0.001046105060186988,0.00293010980450433,0.0037680094886346845,0.016116873469749774,0.06446876342397505,0.016116873469749774,0.03223374693949955,0.0805856368937248,0.0805856368937248,0.8050159301631659,0.016116873469749774,0.016116873469749774,0.016116873469749774,0.016116873469749774,0.006488644372106426,0.0048141145488216725,0.0016745298232847539,0.0016745298232847539,0.016116873469749774
20260309-DiscoveryPlate-R1-H10,H10,Sample,DiscoveryPlate-R1-H10,3.5,4.969,0.0,2.0,2.0,0.0,0.0,50.0,140.0,1.0,1.0,1.0,0.02,2.0,0.3,2000.000003,1.799999951,1.00000002,1705168.0,2026-03-09 00:00:00,ext,M,20260309-DiscoveryPlate-R1,AR-977,AR-954,AR-953,AR-970,AR-971,AR-972,AR-973,AR-702,Unknown,AR-959,AR-967,AR-969,AR-902,Unknown,Unknown,Unknown,AR-854,AR-905,AR-975,10.0,True,0.0087744259643525,4.14276047941858,0.6734101888630715,3.404674657997673e-05,4.222301994487592,20260309-DiscoveryPlate-R1-SMS,Cytation5,deGFP,Labcraft,0.0,0.1331779091654483,0.00371302431050556,0.04183420799175754,0.015347567530120433,0.0022281148713264257,0.007178313476962022,0.024012291871377038,0.01831888783359415,0.0014849094391791342,0.07624386878761942,0.0076737837650602166,0.012130013507713068,0.032427779643469094,0.019060591840625994,0.00371302431050556,0.01188227836366397,0.01188227836366397,0.001237174295130037,0.003465289166456462,0.0044562297426528515,0.019060591840625994,0.07624386878761942,0.019060591840625994,0.03812118368125199,0.09530446062824541,0.09530446062824541,0.9520506628560268,0.019060591840625994,0.019060591840625994,0.019060591840625994,0.019060591840625994,0.0076737837650602166,0.005693404037782888,0.0019803797272773286,0.0019803797272773286,0.019060591840625994
20260309-DiscoveryPlate-R1-H11,H11,Sample,DiscoveryPlate-R1-H11,3.5,12.469,49.0,2.0,2.0,0.0,0.0,50.0,72.5,1.0,1.0,1.0,0.02,2.0,0.3,2000.000003,1.799999951,1.00000002,1705168.0,2026-03-09 00:00:00,ext,M,20260309-DiscoveryPlate-R1,AR-977,AR-954,AR-953,AR-970,AR-971,AR-972,AR-973,AR-702,Unknown,AR-959,AR-967,AR-969,AR-902,Unknown,Unknown,Unknown,AR-854,AR-905,AR-975,10.0,False,0.0,,,0.0,,20260309-DiscoveryPlate-R1-SMS,Cytation5,deGFP,Labcraft,0.0,0.12766743824002225,0.0035593913796639837,0.040103243838082316,0.014712534849545182,0.002135922687998929,0.006881298093883342,0.023018740936096273,0.01756091153387799,0.0014234686916650544,0.07308914421783937,0.007356267424772591,0.01162811280077045,0.031086023056200042,0.018271926229209166,0.0035593913796639837,0.011390628135325823,0.011390628135325823,0.0011859840262204296,0.003321906714219358,0.004271845375997858,0.018271926229209166,0.07308914421783937,0.018271926229209166,0.03654385245841833,0.09136107044704851,0.09136107044704851,0.9126578872067013,0.018271926229209166,0.018271926229209166,0.018271926229209166,0.018271926229209166,0.007356267424772591,0.005457829402218287,0.0018984380225543042,0.0018984380225543042,0.018271926229209166
20260309-DiscoveryPlate-R1-H12,H12,Sample,DiscoveryPlate-R1-H12,3.5,12.469,49.0,2.0,2.0,0.0,0.0,50.0,72.5,1.0,1.0,1.0,0.02,2.0,0.3,2000.000003,1.799999951,1.00000002,1705168.0,2026-03-09 00:00:00,ext,M,20260309-DiscoveryPlate-R1,AR-977,AR-954,AR-953,AR-970,AR-971,AR-972,AR-973,AR-702,Unknown,AR-959,AR-967,AR-969,AR-902,Unknown,Unknown,Unknown,AR-854,AR-905,AR-975,10.0,False,0.0,,,0.0,,20260309-DiscoveryPlate-R1-SMS,Cytation5,deGFP,Labcraft,0.0,0.1470499604632053,0.004099779621712345,0.04619173457330006,0.016946197854081513,0.0024601993362802746,0.00792601955980862,0.026513455515586544,0.020227016241209997,0.00163958028543207,0.08418556771943977,0.008473098927040757,0.013393497599601307,0.035805515677211165,0.02104597747579386,0.004099779621712345,0.013119957915985237,0.013119957915985237,0.0013660406018160016,0.003826239938096276,0.004920398672560549,0.02104597747579386,0.08418556771943977,0.02104597747579386,0.04209195495158772,0.10523154519523363,0.10523154519523363,1.0512179775853432,0.02104597747579386,0.02104597747579386,0.02104597747579386,0.02104597747579386,0.008473098927040757,0.0062864392743765506,0.0021866596526642066,0.0021866596526642066,0.02104597747579386
20260309-DiscoveryPlate-R1-H13,H13,Sample,DiscoveryPlate-R1-H13,3.5,4.969,0.0,2.0,2.0,0.0,0.0,50.0,140.0,1.0,1.0,1.0,0.02,2.0,0.3,2000.000003,1.799999951,1.049452172,1705168.0,2026-03-09 00:00:00,ext,M,20260309-DiscoveryPlate-R1,AR-977,AR-954,AR-953,AR-970,AR-971,AR-972,AR-973,AR-702,Unknown,AR-959,AR-967,AR-969,AR-902,Unknown,Unknown,Unknown,AR-854,AR-905,AR-975,10.0,True,0.0064901698255604,3.928514027452208,0.6729037415724741,8.286216219215124e-05,4.207187180521228,20260309-DiscoveryPlate-R1-SMS,Cytation5,deGFP,Labcraft,0.0,0.14307276592094934,0.003988894715082216,0.044942407378219085,0.016487861616486216,0.002393659424659122,0.0077116480520857565,0.025796357937044028,0.01967994517538137,0.0015952352904230942,0.0819086383043227,0.008243930808243108,0.013031249657561353,0.034837099901474204,0.020476756331568435,0.003988894715082216,0.012765108279482677,0.012765108279482677,0.0013290939123444183,0.00372275333700354,0.004787318849318244,0.020476756331568435,0.0819086383043227,0.020476756331568435,0.04095351266313687,0.10238539463589112,0.10238539463589112,1.0227861548904986,0.020476756331568435,0.020476756331568435,0.020476756331568435,0.020476756331568435,0.008243930808243108,0.0061164127616626625,0.002127518046580446,0.002127518046580446,0.020476756331568435
20260309-DiscoveryPlate-R1-H14,H14,Sample,DiscoveryPlate-R1-H14,3.5,4.969,0.0,2.0,2.0,0.0,0.0,50.0,62.5,1.0,1.0,1.0,0.02,2.0,0.3,2000.000003,1.799999951,1.049452172,1705168.0,2026-03-09 00:00:00,ext,M,20260309-DiscoveryPlate-R1,AR-977,AR-954,AR-953,AR-970,AR-971,AR-972,AR-973,AR-702,Unknown,AR-959,AR-967,AR-969,AR-902,Unknown,Unknown,Unknown,AR-854,AR-905,AR-975,10.0,True,0.0109526668987931,3.0864708880937384,1.254540837892267,-0.0003233813485991,4.125874179455407,20260309-DiscoveryPlate-R1-SMS,Cytation5,deGFP,Labcraft,0.0,0.14307276592094934,0.003988894715082216,0.044942407378219085,0.016487861616486216,0.002393659424659122,0.0077116480520857565,0.025796357937044028,0.01967994517538137,0.0015952352904230942,0.0819086383043227,0.008243930808243108,0.013031249657561353,0.034837099901474204,0.020476756331568435,0.003988894715082216,0.012765108279482677,0.012765108279482677,0.0013290939123444183,0.00372275333700354,0.004787318849318244,0.020476756331568435,0.0819086383043227,0.020476756331568435,0.04095351266313687,0.10238539463589112,0.10238539463589112,1.0227861548904986,0.020476756331568435,0.020476756331568435,0.020476756331568435,0.020476756331568435,0.008243930808243108,0.0061164127616626625,0.002127518046580446,0.002127518046580446,0.020476756331568435
20260309-DiscoveryPlate-R1-H15,H15,Sample,DiscoveryPlate-R1-H15,3.5,24.969,71.0,2.0,2.0,0.0,0.0,50.0,122.5,1.0,1.0,1.0,0.02,2.0,0.3,2000.000003,1.799999951,1.00000002,1705168.0,2026-03-09 00:00:00,ext,M,20260309-DiscoveryPlate-R1,AR-977,AR-954,AR-953,AR-970,AR-971,AR-972,AR-973,AR-702,Unknown,AR-959,AR-967,AR-969,AR-902,Unknown,Unknown,Unknown,AR-854,AR-905,AR-975,10.0,True,0.166297030861571,2.1899660860686203,1.2320438175878052,0.0029957329945469,4.013985290392049,20260309-DiscoveryPlate-R1-SMS,Cytation5,deGFP,Labcraft,0.0,0.12766743824002225,0.0035593913796639837,0.040103243838082316,0.014712534849545182,0.002135922687998929,0.006881298093883342,0.023018740936096273,0.01756091153387799,0.0014234686916650544,0.07308914421783937,0.007356267424772591,0.01162811280077045,0.031086023056200042,0.018271926229209166,0.0035593913796639837,0.011390628135325823,0.011390628135325823,0.0011859840262204296,0.003321906714219358,0.004271845375997858,0.018271926229209166,0.07308914421783937,0.018271926229209166,0.03654385245841833,0.09136107044704851,0.09136107044704851,0.9126578872067013,0.018271926229209166,0.018271926229209166,0.018271926229209166,0.018271926229209166,0.007356267424772591,0.005457829402218287,0.0018984380225543042,0.0018984380225543042,0.018271926229209166
20260309-DiscoveryPlate-R1-H16,H16,Sample,DiscoveryPlate-R1-H16,3.5,19.969,20.0,2.0,2.0,0.0,0.0,50.0,100.0,1.0,1.0,1.0,0.02,2.0,0.3,2000.000003,1.799999951,1.00000002,1705168.0,2026-03-09 00:00:00,ext,M,20260309-DiscoveryPlate-R1,AR-977,AR-954,AR-953,AR-970,AR-971,AR-972,AR-973,AR-702,Unknown,AR-959,AR-967,AR-969,AR-902,Unknown,Unknown,Unknown,AR-854,AR-905,AR-975,10.0,True,0.3257273021031966,2.070272951142975,1.593146323291051,0.0019970662632462,3.975657034133528,20260309-DiscoveryPlate-R1-SMS,Cytation5,deGFP,Labcraft,0.0,0.1470499604632053,0.004099779621712345,0.04619173457330006,0.016946197854081513,0.0024601993362802746,0.00792601955980862,0.026513455515586544,0.020227016241209997,0.00163958028543207,0.08418556771943977,0.008473098927040757,0.013393497599601307,0.035805515677211165,0.02104597747579386,0.004099779621712345,0.013119957915985237,0.013119957915985237,0.0013660406018160016,0.003826239938096276,0.004920398672560549,0.02104597747579386,0.08418556771943977,0.02104597747579386,0.04209195495158772,0.10523154519523363,0.10523154519523363,1.0512179775853432,0.02104597747579386,0.02104597747579386,0.02104597747579386,0.02104597747579386,0.008473098927040757,0.0062864392743765506,0.0021866596526642066,0.0021866596526642066,0.02104597747579386
20260309-DiscoveryPlate-R1-H8,H8,Sample,DiscoveryPlate-R1-H8,3.5,14.969,20.0,2.0,2.0,0.0,0.0,50.0,140.0,1.0,1.0,1.0,0.02,2.0,0.3,2000.000003,1.799999951,5.000000045,1705168.0,2026-03-09 00:00:00,ext,M,20260309-DiscoveryPlate-R1,AR-977,AR-954,AR-953,AR-970,AR-971,AR-972,AR-973,AR-702,Unknown,AR-959,AR-967,AR-969,AR-902,Unknown,Unknown,Unknown,AR-854,AR-905,AR-975,10.0,True,0.6096269098112536,2.948326034726566,1.139262163039625,0.0036652732737723,5.536605315445565,20260309-DiscoveryPlate-R1-SMS,Cytation5,deGFP,Labcraft,0.0,0.13238487639487134,0.0036909144127407452,0.04158509837533173,0.01525617756855475,0.0022148471445641994,0.007135568866685605,0.023869306188015662,0.018209804589506606,0.0014760672681765456,0.07578986040978074,0.007628088784277375,0.012057783073405774,0.032234682364081925,0.018947091981295495,0.0036909144127407452,0.011811523114609888,0.011811523114609888,0.0012298073093806607,0.00344465445394486,0.004429694289128399,0.018947091981295495,0.07578986040978074,0.018947091981295495,0.03789418396259099,0.09473695239107623,0.09473695239107623,0.9463814991063811,0.018947091981295495,0.018947091981295495,0.018947091981295495,0.018947091981295495,0.007628088784277375,0.00565950159850906,0.0019685871857683147,0.0019685871857683147,0.018947091981295495
20260309-DiscoveryPlate-R1-H9,H9,Sample,DiscoveryPlate-R1-H9,3.5,4.969,0.0,2.0,2.0,0.0,0.0,50.0,140.0,1.0,1.0,1.0,0.02,2.0,0.3,2000.000003,1.799999951,2.996187423,1705168.0,2026-03-09 00:00:00,ext,M,20260309-DiscoveryPlate-R1,AR-977,AR-954,AR-953,AR-970,AR-971,AR-972,AR-973,AR-702,Unknown,AR-959,AR-967,AR-969,AR-902,Unknown,Unknown,Unknown,AR-854,AR-905,AR-975,10.0,True,0.0073331570118496,3.791118675885204,0.589656983476015,0.0001675542716419,4.196332031352838,20260309-DiscoveryPlate-R1-SMS,Cytation5,deGFP,Labcraft,0.0,0.1303362661866271,0.0036337987878324804,0.04094158335033416,0.015020093493418362,0.002180573150482572,0.007025148404620739,0.02349993692430443,0.0179280141570336,0.0014532256373499081,0.07461703851391879,0.007510046746709181,0.011871193047674325,0.03173586179523085,0.018653892281250844,0.0036337987878324804,0.011628743876630104,0.011628743876630104,0.001210776466305687,0.0033913496167882586,0.004361146300965144,0.018653892281250844,0.07461703851391879,0.018653892281250844,0.03730778456250169,0.09327093079516963,0.09327093079516963,0.9317365724896886,0.018653892281250844,0.018653892281250844,0.018653892281250844,0.018653892281250844,0.007510046746709181,0.005571922767270831,0.0019381239794383507,0.0019381239794383507,0.018653892281250844
20260309-DiscoveryPlate-R1-I10,I10,Sample,DiscoveryPlate-R1-I10,3.5,19.969,20.0,2.0,2.0,0.0,0.0,50.0,100.0,1.0,1.0,1.0,0.02,2.0,0.3,2000.000003,1.799999951,5.000000045,1705168.0,2026-03-09 00:00:00,ext,M,20260309-DiscoveryPlate-R1,AR-977,AR-954,AR-953,AR-970,AR-971,AR-972,AR-973,AR-702,Unknown,AR-959,AR-967,AR-969,AR-902,Unknown,Unknown,Unknown,AR-854,AR-905,AR-975,10.0,True,0.6737529301698867,2.9501500894481665,1.3914415628333676,0.0014760930715252,4.106914949120963,20260309-DiscoveryPlate-R1-SMS,Cytation5,deGFP,Labcraft,0.0,0.1303362661866271,0.0036337987878324804,0.04094158335033416,0.015020093493418362,0.002180573150482572,0.007025148404620739,0.02349993692430443,0.0179280141570336,0.0014532256373499081,0.07461703851391879,0.007510046746709181,0.011871193047674325,0.03173586179523085,0.018653892281250844,0.0036337987878324804,0.011628743876630104,0.011628743876630104,0.001210776466305687,0.0033913496167882586,0.004361146300965144,0.018653892281250844,0.07461703851391879,0.018653892281250844,0.03730778456250169,0.09327093079516963,0.09327093079516963,0.9317365724896886,0.018653892281250844,0.018653892281250844,0.018653892281250844,0.018653892281250844,0.007510046746709181,0.005571922767270831,0.0019381239794383507,0.0019381239794383507,0.018653892281250844
20260309-DiscoveryPlate-R1-I11,I11,Sample,DiscoveryPlate-R1-I11,3.5,19.969,20.0,2.0,2.0,0.0,0.0,50.0,100.0,1.0,1.0,1.0,0.02,2.0,0.3,2000.000003,1.799999951,5.000000045,1705168.0,2026-03-09 00:00:00,ext,M,20260309-DiscoveryPlate-R1,AR-977,AR-954,AR-953,AR-970,AR-971,AR-972,AR-973,AR-702,Unknown,AR-959,AR-967,AR-969,AR-902,Unknown,Unknown,Unknown,AR-854,AR-905,AR-975,10.0,True,0.6019192097450331,2.279266091198778,1.594262631891654,0.0029572331770476,4.00246400051255,20260309-DiscoveryPlate-R1-SMS,Cytation5,deGFP,Labcraft,0.0,0.1303362661866271,0.0036337987878324804,0.04094158335033416,0.015020093493418362,0.002180573150482572,0.007025148404620739,0.02349993692430443,0.0179280141570336,0.0014532256373499081,0.07461703851391879,0.007510046746709181,0.011871193047674325,0.03173586179523085,0.018653892281250844,0.0036337987878324804,0.011628743876630104,0.011628743876630104,0.001210776466305687,0.0033913496167882586,0.004361146300965144,0.018653892281250844,0.07461703851391879,0.018653892281250844,0.03730778456250169,0.09327093079516963,0.09327093079516963,0.9317365724896886,0.018653892281250844,0.018653892281250844,0.018653892281250844,0.018653892281250844,0.007510046746709181,0.005571922767270831,0.0019381239794383507,0.0019381239794383507,0.018653892281250844
20260309-DiscoveryPlate-R1-I12,I12,Sample,DiscoveryPlate-R1-I12,3.5,17.469,100.0,2.0,2.0,0.0,0.0,50.0,175.0,1.0,1.0,1.0,0.02,2.0,0.3,2000.000003,1.799999951,5.000000045,1705168.0,2026-03-09 00:00:00,ext,M,20260309-DiscoveryPlate-R1,AR-977,AR-954,AR-953,AR-970,AR-971,AR-972,AR-973,AR-702,Unknown,AR-959,AR-967,AR-969,AR-902,Unknown,Unknown,Unknown,AR-854,AR-905,AR-975,10.0,True,0.0315007354930642,3.95355605701368,0.8384032988035559,0.0005320113229544,4.209155090572061,20260309-DiscoveryPlate-R1-SMS,Cytation5,deGFP,Labcraft,0.0,0.1303362661866271,0.0036337987878324804,0.04094158335033416,0.015020093493418362,0.002180573150482572,0.007025148404620739,0.02349993692430443,0.0179280141570336,0.0014532256373499081,0.07461703851391879,0.007510046746709181,0.011871193047674325,0.03173586179523085,0.018653892281250844,0.0036337987878324804,0.011628743876630104,0.011628743876630104,0.001210776466305687,0.0033913496167882586,0.004361146300965144,0.018653892281250844,0.07461703851391879,0.018653892281250844,0.03730778456250169,0.09327093079516963,0.09327093079516963,0.9317365724896886,0.018653892281250844,0.018653892281250844,0.018653892281250844,0.018653892281250844,0.007510046746709181,0.005571922767270831,0.0019381239794383507,0.0019381239794383507,0.018653892281250844
20260309-DiscoveryPlate-R1-I13,I13,Sample,DiscoveryPlate-R1-I13,3.5,19.969,20.0,2.0,2.0,0.0,0.0,50.0,100.0,1.0,1.0,1.0,0.02,2.0,0.3,2000.000003,1.799999951,1.049452172,1705168.0,2026-03-09 00:00:00,ext,M,20260309-DiscoveryPlate-R1,AR-977,AR-954,AR-953,AR-970,AR-971,AR-972,AR-973,AR-702,Unknown,AR-959,AR-967,AR-969,AR-902,Unknown,Unknown,Unknown,AR-854,AR-905,AR-975,10.0,True,0.3253141072960075,2.049801009115237,1.5754331865005362,0.0024225209609717,3.9738674133806335,20260309-DiscoveryPlate-R1-SMS,Cytation5,deGFP,Labcraft,0.0,0.14307276592094934,0.003988894715082216,0.044942407378219085,0.016487861616486216,0.002393659424659122,0.0077116480520857565,0.025796357937044028,0.01967994517538137,0.0015952352904230942,0.0819086383043227,0.008243930808243108,0.013031249657561353,0.034837099901474204,0.020476756331568435,0.003988894715082216,0.012765108279482677,0.012765108279482677,0.0013290939123444183,0.00372275333700354,0.004787318849318244,0.020476756331568435,0.0819086383043227,0.020476756331568435,0.04095351266313687,0.10238539463589112,0.10238539463589112,1.0227861548904986,0.020476756331568435,0.020476756331568435,0.020476756331568435,0.020476756331568435,0.008243930808243108,0.0061164127616626625,0.002127518046580446,0.002127518046580446,0.020476756331568435
20260309-DiscoveryPlate-R1-I14,I14,Sample,DiscoveryPlate-R1-I14,3.5,4.969,0.0,2.0,2.0,0.0,0.0,50.0,140.0,1.0,1.0,1.0,0.02,2.0,0.3,2000.000003,1.799999951,2.996187423,1705168.0,2026-03-09 00:00:00,ext,M,20260309-DiscoveryPlate-R1,AR-977,AR-954,AR-953,AR-970,AR-971,AR-972,AR-973,AR-702,Unknown,AR-959,AR-967,AR-969,AR-902,Unknown,Unknown,Unknown,AR-854,AR-905,AR-975,10.0,True,0.0144382390196542,3.9839572053676022,0.6719619116040453,9.420680912539472e-05,4.211054048481466,20260309-DiscoveryPlate-R1-SMS,Cytation5,deGFP,Labcraft,0.0,0.14119762916031034,0.003936615561419234,0.044353384305630454,0.016271768810686375,0.0023622877044666975,0.007610577840333747,0.025458266346048447,0.019422016362667237,0.0015743278569525364,0.08083512932649822,0.008135884405343187,0.012860459814276583,0.03438051876083001,0.02020838437210561,0.003936615561419234,0.012597806531771862,0.012597806531771862,0.001311674574447816,0.0036739622789145132,0.004724575408933395,0.02020838437210561,0.08083512932649822,0.02020838437210561,0.04041676874421122,0.10104351369860383,0.10104351369860383,1.0093813401798677,0.02020838437210561,0.02020838437210561,0.02020838437210561,0.02020838437210561,0.008135884405343187,0.006036249983381211,0.002099634421961977,0.002099634421961977,0.02020838437210561
20260309-DiscoveryPlate-R1-I15,I15,Sample,DiscoveryPlate-R1-I15,3.5,2.469,67.0,2.0,2.0,0.0,0.0,50.0,200.0,1.0,1.0,1.0,0.02,2.0,0.3,2000.000003,1.799999951,2.996187423,1705168.0,2026-03-09 00:00:00,ext,M,20260309-DiscoveryPlate-R1,AR-977,AR-954,AR-953,AR-970,AR-971,AR-972,AR-973,AR-702,Unknown,AR-959,AR-967,AR-969,AR-902,Unknown,Unknown,Unknown,AR-854,AR-905,AR-975,10.0,False,0.0,,,0.0,,20260309-DiscoveryPlate-R1-SMS,Cytation5,deGFP,Labcraft,0.0,0.14119762916031034,0.003936615561419234,0.044353384305630454,0.016271768810686375,0.0023622877044666975,0.007610577840333747,0.025458266346048447,0.019422016362667237,0.0015743278569525364,0.08083512932649822,0.008135884405343187,0.012860459814276583,0.03438051876083001,0.02020838437210561,0.003936615561419234,0.012597806531771862,0.012597806531771862,0.001311674574447816,0.0036739622789145132,0.004724575408933395,0.02020838437210561,0.08083512932649822,0.02020838437210561,0.04041676874421122,0.10104351369860383,0.10104351369860383,1.0093813401798677,0.02020838437210561,0.02020838437210561,0.02020838437210561,0.02020838437210561,0.008135884405343187,0.006036249983381211,0.002099634421961977,0.002099634421961977,0.02020838437210561
20260309-DiscoveryPlate-R1-I16,I16,Sample,DiscoveryPlate-R1-I16,3.5,4.969,0.0,2.0,2.0,0.0,0.0,50.0,62.5,1.0,1.0,1.0,0.02,2.0,0.3,2000.000003,1.799999951,1.00000002,1705168.0,2026-03-09 00:00:00,ext,M,20260309-DiscoveryPlate-R1,AR-977,AR-954,AR-953,AR-970,AR-971,AR-972,AR-973,AR-702,Unknown,AR-959,AR-967,AR-969,AR-902,Unknown,Unknown,Unknown,AR-854,AR-905,AR-975,10.0,True,0.0109603381758127,3.3800244741160634,1.0878918452713235,-0.0001801230537083,4.158280738046578,20260309-DiscoveryPlate-R1-SMS,Cytation5,deGFP,Labcraft,0.0,0.1331779091654483,0.00371302431050556,0.04183420799175754,0.015347567530120433,0.0022281148713264257,0.007178313476962022,0.024012291871377038,0.01831888783359415,0.0014849094391791342,0.07624386878761942,0.0076737837650602166,0.012130013507713068,0.032427779643469094,0.019060591840625994,0.00371302431050556,0.01188227836366397,0.01188227836366397,0.001237174295130037,0.003465289166456462,0.0044562297426528515,0.019060591840625994,0.07624386878761942,0.019060591840625994,0.03812118368125199,0.09530446062824541,0.09530446062824541,0.9520506628560268,0.019060591840625994,0.019060591840625994,0.019060591840625994,0.019060591840625994,0.0076737837650602166,0.005693404037782888,0.0019803797272773286,0.0019803797272773286,0.019060591840625994
20260309-DiscoveryPlate-R1-I8,I8,Sample,DiscoveryPlate-R1-I8,3.5,4.969,0.0,2.0,2.0,0.0,0.0,50.0,140.0,1.0,1.0,1.0,0.02,2.0,0.3,2000.000003,1.799999951,2.996187423,1705168.0,2026-03-09 00:00:00,ext,M,20260309-DiscoveryPlate-R1,AR-977,AR-954,AR-953,AR-970,AR-971,AR-972,AR-973,AR-702,Unknown,AR-959,AR-967,AR-969,AR-902,Unknown,Unknown,Unknown,AR-854,AR-905,AR-975,10.0,True,0.0069001335984213,4.250472533346978,0.6732883293047255,0.0001003075809322,4.22830713501902,20260309-DiscoveryPlate-R1-SMS,Cytation5,deGFP,Labcraft,0.0,0.13274937516865404,0.0037010767047956777,0.04169959572410916,0.015298182804861064,0.002220945341656605,0.0071552154167521765,0.02393502617864831,0.018259942125035206,0.001480131363139072,0.07599853463252297,0.007649091402430532,0.012090982085743744,0.03232343496570038,0.018999259509656745,0.0037010767047956777,0.011844044092904566,0.011844044092904566,0.001233193370299894,0.0034541387119564992,0.00444189068331321,0.018999259509656745,0.07599853463252297,0.018999259509656745,0.03799851901931349,0.0949977941421797,0.0949977941421797,0.9489871962626483,0.018999259509656745,0.018999259509656745,0.018999259509656745,0.018999259509656745,0.007649091402430532,0.005675084053613105,0.0019740073488174275,0.0019740073488174275,0.018999259509656745
20260309-DiscoveryPlate-R1-I9,I9,Sample,DiscoveryPlate-R1-I9,3.5,4.969,0.0,2.0,2.0,0.0,0.0,50.0,140.0,1.0,1.0,1.0,0.02,2.0,0.3,2000.000003,1.799999951,19.99999901,1705168.0,2026-03-09 00:00:00,ext,M,20260309-DiscoveryPlate-R1,AR-977,AR-954,AR-953,AR-970,AR-971,AR-972,AR-973,AR-702,Unknown,AR-959,AR-967,AR-969,AR-902,Unknown,Unknown,Unknown,AR-854,AR-905,AR-975,10.0,False,0.0,,,0.0,,20260309-DiscoveryPlate-R1-SMS,Cytation5,deGFP,Labcraft,0.0,0.11078582761992296,0.003088729007610619,0.03480034627539614,0.012767079626282143,0.0018534872006850617,0.005971376217301402,0.019974946631102556,0.015238812220726712,0.0012352418069255567,0.0634244835161645,0.0063835398131410715,0.010090514214511195,0.026975482857409677,0.015855808633892764,0.003088729007610619,0.00988443241659136,0.00988443241659136,0.0010291600090057216,0.0028826472096907833,0.0037069744013701234,0.015855808633892764,0.0634244835161645,0.015855808633892764,0.03171161726778553,0.07928029215005726,0.07928029215005726,0.7919760963477063,0.015855808633892764,0.015855808633892764,0.015855808633892764,0.015855808633892764,0.0063835398131410715,0.004736134410375846,0.0016474054027652268,0.0016474054027652268,0.015855808633892764
20260309-DiscoveryPlate-R1-J10,J10,Sample,DiscoveryPlate-R1-J10,3.5,2.469,67.0,2.0,2.0,0.0,0.0,50.0,200.0,1.0,1.0,1.0,0.02,2.0,0.3,2000.000003,1.799999951,2.996187423,1705168.0,2026-03-09 00:00:00,ext,M,20260309-DiscoveryPlate-R1,AR-977,AR-954,AR-953,AR-970,AR-971,AR-972,AR-973,AR-702,Unknown,AR-959,AR-967,AR-969,AR-902,Unknown,Unknown,Unknown,AR-854,AR-905,AR-975,10.0,False,0.0,,,0.0,,20260309-DiscoveryPlate-R1-SMS,Cytation5,deGFP,Labcraft,0.0,0.1303362661866271,0.0036337987878324804,0.04094158335033416,0.015020093493418362,0.002180573150482572,0.007025148404620739,0.02349993692430443,0.0179280141570336,0.0014532256373499081,0.07461703851391879,0.007510046746709181,0.011871193047674325,0.03173586179523085,0.018653892281250844,0.0036337987878324804,0.011628743876630104,0.011628743876630104,0.001210776466305687,0.0033913496167882586,0.004361146300965144,0.018653892281250844,0.07461703851391879,0.018653892281250844,0.03730778456250169,0.09327093079516963,0.09327093079516963,0.9317365724896886,0.018653892281250844,0.018653892281250844,0.018653892281250844,0.018653892281250844,0.007510046746709181,0.005571922767270831,0.0019381239794383507,0.0019381239794383507,0.018653892281250844
20260309-DiscoveryPlate-R1-J11,J11,Sample,DiscoveryPlate-R1-J11,3.5,24.969,100.0,2.0,2.0,0.0,0.0,50.0,60.0,1.0,1.0,1.0,0.02,2.0,0.3,2000.000003,1.799999951,1.00000002,1705168.0,2026-03-09 00:00:00,ext,M,20260309-DiscoveryPlate-R1,AR-977,AR-954,AR-953,AR-970,AR-971,AR-972,AR-973,AR-702,Unknown,AR-959,AR-967,AR-969,AR-902,Unknown,Unknown,Unknown,AR-854,AR-905,AR-975,10.0,True,0.0316543820048814,3.3344565158302446,1.171036848384092,0.0001439613233123,4.153552289455467,20260309-DiscoveryPlate-R1-SMS,Cytation5,deGFP,Labcraft,0.0,0.11260990891219179,0.0031395847255369196,0.035373331665036464,0.012977288744212853,0.0018840047443173422,0.006069694530041249,0.020303832800449634,0.015489718251627963,0.0012555799812195767,0.06446876342397505,0.006488644372106426,0.010256653860741111,0.02741963239067787,0.016116873469749774,0.0031395847255369196,0.010047178939708523,0.010047178939708523,0.001046105060186988,0.00293010980450433,0.0037680094886346845,0.016116873469749774,0.06446876342397505,0.016116873469749774,0.03223374693949955,0.0805856368937248,0.0805856368937248,0.8050159301631659,0.016116873469749774,0.016116873469749774,0.016116873469749774,0.016116873469749774,0.006488644372106426,0.0048141145488216725,0.0016745298232847539,0.0016745298232847539,0.016116873469749774
20260309-DiscoveryPlate-R1-J12,J12,Sample,DiscoveryPlate-R1-J12,3.5,17.469,100.0,2.0,2.0,0.0,0.0,50.0,175.0,1.0,1.0,1.0,0.02,2.0,0.3,2000.000003,1.799999951,1.00000002,1705168.0,2026-03-09 00:00:00,ext,M,20260309-DiscoveryPlate-R1,AR-977,AR-954,AR-953,AR-970,AR-971,AR-972,AR-973,AR-702,Unknown,AR-959,AR-967,AR-969,AR-902,Unknown,Unknown,Unknown,AR-854,AR-905,AR-975,10.0,True,0.1452944353261793,3.466599268180476,0.9997828127407216,0.0003318877742087,4.133924133591656,20260309-DiscoveryPlate-R1-SMS,Cytation5,deGFP,Labcraft,0.0,0.1470499604632053,0.004099779621712345,0.04619173457330006,0.016946197854081513,0.0024601993362802746,0.00792601955980862,0.026513455515586544,0.020227016241209997,0.00163958028543207,0.08418556771943977,0.008473098927040757,0.013393497599601307,0.035805515677211165,0.02104597747579386,0.004099779621712345,0.013119957915985237,0.013119957915985237,0.0013660406018160016,0.003826239938096276,0.004920398672560549,0.02104597747579386,0.08418556771943977,0.02104597747579386,0.04209195495158772,0.10523154519523363,0.10523154519523363,1.0512179775853432,0.02104597747579386,0.02104597747579386,0.02104597747579386,0.02104597747579386,0.008473098927040757,0.0062864392743765506,0.0021866596526642066,0.0021866596526642066,0.02104597747579386
20260309-DiscoveryPlate-R1-J13,J13,Sample,DiscoveryPlate-R1-J13,3.5,12.469,0.0,2.0,2.0,0.0,0.0,50.0,100.0,1.0,1.0,1.0,0.02,2.0,0.3,2000.000003,1.799999951,5.000000045,1705168.0,2026-03-09 00:00:00,ext,M,20260309-DiscoveryPlate-R1,AR-977,AR-954,AR-953,AR-970,AR-971,AR-972,AR-973,AR-702,Unknown,AR-959,AR-967,AR-969,AR-902,Unknown,Unknown,Unknown,AR-854,AR-905,AR-975,10.0,True,0.0817312261523005,4.393075589831127,0.7792445308802841,0.0002850840389669,4.236392801098535,20260309-DiscoveryPlate-R1-SMS,Cytation5,deGFP,Labcraft,0.0,0.13238487639487134,0.0036909144127407452,0.04158509837533173,0.01525617756855475,0.0022148471445641994,0.007135568866685605,0.023869306188015662,0.018209804589506606,0.0014760672681765456,0.07578986040978074,0.007628088784277375,0.012057783073405774,0.032234682364081925,0.018947091981295495,0.0036909144127407452,0.011811523114609888,0.011811523114609888,0.0012298073093806607,0.00344465445394486,0.004429694289128399,0.018947091981295495,0.07578986040978074,0.018947091981295495,0.03789418396259099,0.09473695239107623,0.09473695239107623,0.9463814991063811,0.018947091981295495,0.018947091981295495,0.018947091981295495,0.018947091981295495,0.007628088784277375,0.00565950159850906,0.0019685871857683147,0.0019685871857683147,0.018947091981295495
20260309-DiscoveryPlate-R1-J14,J14,Sample,DiscoveryPlate-R1-J14,3.5,2.469,67.0,2.0,2.0,0.0,0.0,50.0,200.0,1.0,1.0,1.0,0.02,2.0,0.3,2000.000003,1.799999951,19.99999901,1705168.0,2026-03-09 00:00:00,ext,M,20260309-DiscoveryPlate-R1,AR-977,AR-954,AR-953,AR-970,AR-971,AR-972,AR-973,AR-702,Unknown,AR-959,AR-967,AR-969,AR-902,Unknown,Unknown,Unknown,AR-854,AR-905,AR-975,10.0,False,0.0,,,0.0,,20260309-DiscoveryPlate-R1-SMS,Cytation5,deGFP,Labcraft,0.0,0.11078582761992296,0.003088729007610619,0.03480034627539614,0.012767079626282143,0.0018534872006850617,0.005971376217301402,0.019974946631102556,0.015238812220726712,0.0012352418069255567,0.0634244835161645,0.0063835398131410715,0.010090514214511195,0.026975482857409677,0.015855808633892764,0.003088729007610619,0.00988443241659136,0.00988443241659136,0.0010291600090057216,0.0028826472096907833,0.0037069744013701234,0.015855808633892764,0.0634244835161645,0.015855808633892764,0.03171161726778553,0.07928029215005726,0.07928029215005726,0.7919760963477063,0.015855808633892764,0.015855808633892764,0.015855808633892764,0.015855808633892764,0.0063835398131410715,0.004736134410375846,0.0016474054027652268,0.0016474054027652268,0.015855808633892764
20260309-DiscoveryPlate-R1-J15,J15,Sample,DiscoveryPlate-R1-J15,3.5,19.969,20.0,2.0,2.0,0.0,0.0,50.0,100.0,1.0,1.0,1.0,0.02,2.0,0.3,2000.000003,1.799999951,19.99999901,1705168.0,2026-03-09 00:00:00,ext,M,20260309-DiscoveryPlate-R1,AR-977,AR-954,AR-953,AR-970,AR-971,AR-972,AR-973,AR-702,Unknown,AR-959,AR-967,AR-969,AR-902,Unknown,Unknown,Unknown,AR-854,AR-905,AR-975,10.0,True,0.4182908774362771,2.147879161236637,1.5490127589935865,0.0026982263404274,6.006388888888889,20260309-DiscoveryPlate-R1-SMS,Cytation5,deGFP,Labcraft,0.0,0.11078582761992296,0.003088729007610619,0.03480034627539614,0.012767079626282143,0.0018534872006850617,0.005971376217301402,0.019974946631102556,0.015238812220726712,0.0012352418069255567,0.0634244835161645,0.0063835398131410715,0.010090514214511195,0.026975482857409677,0.015855808633892764,0.003088729007610619,0.00988443241659136,0.00988443241659136,0.0010291600090057216,0.0028826472096907833,0.0037069744013701234,0.015855808633892764,0.0634244835161645,0.015855808633892764,0.03171161726778553,0.07928029215005726,0.07928029215005726,0.7919760963477063,0.015855808633892764,0.015855808633892764,0.015855808633892764,0.015855808633892764,0.0063835398131410715,0.004736134410375846,0.0016474054027652268,0.0016474054027652268,0.015855808633892764
20260309-DiscoveryPlate-R1-J16,J16,Sample,DiscoveryPlate-R1-J16,3.5,24.969,100.0,2.0,2.0,0.0,0.0,50.0,60.0,1.0,1.0,1.0,0.02,2.0,0.3,2000.000003,1.799999951,2.996187423,1705168.0,2026-03-09 00:00:00,ext,M,20260309-DiscoveryPlate-R1,AR-977,AR-954,AR-953,AR-970,AR-971,AR-972,AR-973,AR-702,Unknown,AR-959,AR-967,AR-969,AR-902,Unknown,Unknown,Unknown,AR-854,AR-905,AR-975,10.0,True,0.0092257099459179,3.121287349579945,0.838307661565825,0.0002408958480347,4.129007671882809,20260309-DiscoveryPlate-R1-SMS,Cytation5,deGFP,Labcraft,0.0,0.1303362661866271,0.0036337987878324804,0.04094158335033416,0.015020093493418362,0.002180573150482572,0.007025148404620739,0.02349993692430443,0.0179280141570336,0.0014532256373499081,0.07461703851391879,0.007510046746709181,0.011871193047674325,0.03173586179523085,0.018653892281250844,0.0036337987878324804,0.011628743876630104,0.011628743876630104,0.001210776466305687,0.0033913496167882586,0.004361146300965144,0.018653892281250844,0.07461703851391879,0.018653892281250844,0.03730778456250169,0.09327093079516963,0.09327093079516963,0.9317365724896886,0.018653892281250844,0.018653892281250844,0.018653892281250844,0.018653892281250844,0.007510046746709181,0.005571922767270831,0.0019381239794383507,0.0019381239794383507,0.018653892281250844
20260309-DiscoveryPlate-R1-J8,J8,Sample,DiscoveryPlate-R1-J8,3.5,19.969,20.0,2.0,2.0,0.0,0.0,50.0,100.0,1.0,1.0,1.0,0.02,2.0,0.3,2000.000003,1.799999951,1.00000002,1705168.0,2026-03-09 00:00:00,ext,M,20260309-DiscoveryPlate-R1,AR-977,AR-954,AR-953,AR-970,AR-971,AR-972,AR-973,AR-702,Unknown,AR-959,AR-967,AR-969,AR-902,Unknown,Unknown,Unknown,AR-854,AR-905,AR-975,10.0,True,0.0207819370011769,4.19821371893975,0.8383904182181375,8.315753947740848e-05,4.225509866714431,20260309-DiscoveryPlate-R1-SMS,Cytation5,deGFP,Labcraft,0.0,0.1331779091654483,0.00371302431050556,0.04183420799175754,0.015347567530120433,0.0022281148713264257,0.007178313476962022,0.024012291871377038,0.01831888783359415,0.0014849094391791342,0.07624386878761942,0.0076737837650602166,0.012130013507713068,0.032427779643469094,0.019060591840625994,0.00371302431050556,0.01188227836366397,0.01188227836366397,0.001237174295130037,0.003465289166456462,0.0044562297426528515,0.019060591840625994,0.07624386878761942,0.019060591840625994,0.03812118368125199,0.09530446062824541,0.09530446062824541,0.9520506628560268,0.019060591840625994,0.019060591840625994,0.019060591840625994,0.019060591840625994,0.0076737837650602166,0.005693404037782888,0.0019803797272773286,0.0019803797272773286,0.019060591840625994
20260309-DiscoveryPlate-R1-J9,J9,Sample,DiscoveryPlate-R1-J9,3.5,24.969,71.0,2.0,2.0,0.0,0.0,50.0,122.5,1.0,1.0,1.0,0.02,2.0,0.3,2000.000003,1.799999951,2.996187423,1705168.0,2026-03-09 00:00:00,ext,M,20260309-DiscoveryPlate-R1,AR-977,AR-954,AR-953,AR-970,AR-971,AR-972,AR-973,AR-702,Unknown,AR-959,AR-967,AR-969,AR-902,Unknown,Unknown,Unknown,AR-854,AR-905,AR-975,10.0,True,0.0369231156055092,4.109397528267911,0.838467617603747,0.0002841776320942,4.219940769247329,20260309-DiscoveryPlate-R1-SMS,Cytation5,deGFP,Labcraft,0.0,0.13274937516865404,0.0037010767047956777,0.04169959572410916,0.015298182804861064,0.002220945341656605,0.0071552154167521765,0.02393502617864831,0.018259942125035206,0.001480131363139072,0.07599853463252297,0.007649091402430532,0.012090982085743744,0.03232343496570038,0.018999259509656745,0.0037010767047956777,0.011844044092904566,0.011844044092904566,0.001233193370299894,0.0034541387119564992,0.00444189068331321,0.018999259509656745,0.07599853463252297,0.018999259509656745,0.03799851901931349,0.0949977941421797,0.0949977941421797,0.9489871962626483,0.018999259509656745,0.018999259509656745,0.018999259509656745,0.018999259509656745,0.007649091402430532,0.005675084053613105,0.0019740073488174275,0.0019740073488174275,0.018999259509656745
PMix AR-1060 Activity Assay -B2,B2,Sample,PMix AR-1060,3.5,8.0,20.0,2.0,2.0,0.0,0.0,50.0,100.0,1.0,1.0,1.0,0.02,2.0,0.3,2000.0,1.8,3.016304347826087,206621,2026-03-17 00:00:00,35,F,PMix AR-1060 Activity Assay ,Unknown,Unknown,Unknown,Unknown,Unknown,Unknown,Unknown,Unknown,Unknown,Unknown,Unknown,Unknown,AR-957,Unknown,Unknown,Unknown,AR-1028,AR-965,PMix AR-1060,10.0,True,1.0354374034848188,4.45816472531283,0.5818821817236273,0.0118652041748697,5.755483450119972,AR-976,Synergy 2,deGFP,MFG,0.0,0.13033626966226097,0.0036337988847337838,0.04094158444210975,0.015020093893954199,0.0021805732086311908,0.007025148591958035,0.023499937550969432,0.01792801463511399,0.0014532256761025928,0.07461704050370654,0.007510046946977099,0.011871193364239481,0.03173586264152052,0.018653892778687984,0.0036337988847337838,0.011628744186729949,0.011628744186729949,0.0012107764985930603,0.0033913497072242506,0.0043611464172623815,0.018653892778687984,0.07461704050370654,0.018653892778687984,0.03730778555737597,0.09327093328239451,0.09327093328239451,0.9317365973359978,0.018653892778687984,0.018653892778687984,0.018653892778687984,0.018653892778687984,0.007510046946977099,0.005571922915855442,0.0019381240311216583,0.0019381240311216583,0.018653892778687984
PMix AR-1060 Activity Assay -B4,B4,Sample,PMix AR-975 Rxn Control,3.5,8.0,20.0,2.0,2.0,0.0,0.0,50.0,100.0,1.0,1.0,1.0,0.02,2.0,0.3,2000.0,1.8,3.016304347826087,206621,2026-03-17 00:00:00,35,F,PMix AR-1060 Activity Assay ,Unknown,Unknown,Unknown,Unknown,Unknown,Unknown,Unknown,Unknown,Unknown,Unknown,Unknown,Unknown,AR-957,Unknown,Unknown,Unknown,AR-1028,AR-965,PMix AR-1060,10.0,True,1.0374804134591515,3.56736457094266,0.6087650622451647,0.0174778864319104,6.009444444444444,AR-976,Synergy 2,deGFP,MFG,0.0,0.13033626966226097,0.0036337988847337838,0.04094158444210975,0.015020093893954199,0.0021805732086311908,0.007025148591958035,0.023499937550969432,0.01792801463511399,0.0014532256761025928,0.07461704050370654,0.007510046946977099,0.011871193364239481,0.03173586264152052,0.018653892778687984,0.0036337988847337838,0.011628744186729949,0.011628744186729949,0.0012107764985930603,0.0033913497072242506,0.0043611464172623815,0.018653892778687984,0.07461704050370654,0.018653892778687984,0.03730778555737597,0.09327093328239451,0.09327093328239451,0.9317365973359978,0.018653892778687984,0.018653892778687984,0.018653892778687984,0.018653892778687984,0.007510046946977099,0.005571922915855442,0.0019381240311216583,0.0019381240311216583,0.018653892778687984
PMix AR-1060 Activity Assay -B6,B6,Positive Control,Positive Control,3.5,8.0,20.0,2.0,2.0,0.0,0.0,50.0,100.0,1.0,1.0,1.0,0.02,2.0,0.3,2000.0,1.8,3.016304347826087,206621,2026-03-17 00:00:00,35,F,PMix AR-1060 Activity Assay ,NEB Sol A,NEB Sol A,NEB Sol A,NEB Sol A,NEB Sol A,NEB Sol A,NEB Sol A,NEB Sol A,NEB Sol A,NEB Sol A,NEB Sol A,NEB Sol A,NEB Sol B,Unknown,NEB Sol A,NEB Sol A,AR-1028,NEB Sol B,NEB Sol B,10.0,True,1.126028920880618,2.346916839979616,0.9012252708766942,0.0218664896809628,6.009444444444444,NEB Sol A,Synergy 2,deGFP,MFG,0.0,0.13033626966226097,0.0036337988847337838,0.04094158444210975,0.015020093893954199,0.0021805732086311908,0.007025148591958035,0.023499937550969432,0.01792801463511399,0.0014532256761025928,0.07461704050370654,0.007510046946977099,0.011871193364239481,0.03173586264152052,0.018653892778687984,0.0036337988847337838,0.011628744186729949,0.011628744186729949,0.0012107764985930603,0.0033913497072242506,0.0043611464172623815,0.018653892778687984,0.07461704050370654,0.018653892778687984,0.03730778555737597,0.09327093328239451,0.09327093328239451,0.9317365973359978,0.018653892778687984,0.018653892778687984,0.018653892778687984,0.018653892778687984,0.007510046946977099,0.005571922915855442,0.0019381240311216583,0.0019381240311216583,0.018653892778687984
PMix AR-1060 Activity Assay -D2,D2,Sample,PMix AR-1060,3.5,8.0,20.0,2.0,2.0,0.0,0.0,50.0,100.0,1.0,1.0,1.0,0.02,2.0,0.3,2000.0,1.8,3.016304347826087,206621,2026-03-17 00:00:00,35,F,PMix AR-1060 Activity Assay ,Unknown,Unknown,Unknown,Unknown,Unknown,Unknown,Unknown,Unknown,Unknown,Unknown,Unknown,Unknown,AR-957,Unknown,Unknown,Unknown,AR-1028,AR-965,PMix AR-1060,10.0,True,1.049774968249872,5.102809328435044,0.5300046759707742,0.012391667206839,5.657395964877262,AR-976,Synergy 2,deGFP,MFG,0.0,0.13033626966226097,0.0036337988847337838,0.04094158444210975,0.015020093893954199,0.0021805732086311908,0.007025148591958035,0.023499937550969432,0.01792801463511399,0.0014532256761025928,0.07461704050370654,0.007510046946977099,0.011871193364239481,0.03173586264152052,0.018653892778687984,0.0036337988847337838,0.011628744186729949,0.011628744186729949,0.0012107764985930603,0.0033913497072242506,0.0043611464172623815,0.018653892778687984,0.07461704050370654,0.018653892778687984,0.03730778555737597,0.09327093328239451,0.09327093328239451,0.9317365973359978,0.018653892778687984,0.018653892778687984,0.018653892778687984,0.018653892778687984,0.007510046946977099,0.005571922915855442,0.0019381240311216583,0.0019381240311216583,0.018653892778687984
PMix AR-1060 Activity Assay -D4,D4,Sample,PMix AR-975 Rxn Control,3.5,8.0,20.0,2.0,2.0,0.0,0.0,50.0,100.0,1.0,1.0,1.0,0.02,2.0,0.3,2000.0,1.8,3.016304347826087,206621,2026-03-17 00:00:00,35,F,PMix AR-1060 Activity Assay ,Unknown,Unknown,Unknown,Unknown,Unknown,Unknown,Unknown,Unknown,Unknown,Unknown,Unknown,Unknown,AR-957,Unknown,Unknown,Unknown,AR-1028,AR-965,PMix AR-1060,10.0,True,1.0178984939544378,3.448886951063692,0.6192295517042266,0.017935791720082,6.009444444444444,AR-976,Synergy 2,deGFP,MFG,0.0,0.13033626966226097,0.0036337988847337838,0.04094158444210975,0.015020093893954199,0.0021805732086311908,0.007025148591958035,0.023499937550969432,0.01792801463511399,0.0014532256761025928,0.07461704050370654,0.007510046946977099,0.011871193364239481,0.03173586264152052,0.018653892778687984,0.0036337988847337838,0.011628744186729949,0.011628744186729949,0.0012107764985930603,0.0033913497072242506,0.0043611464172623815,0.018653892778687984,0.07461704050370654,0.018653892778687984,0.03730778555737597,0.09327093328239451,0.09327093328239451,0.9317365973359978,0.018653892778687984,0.018653892778687984,0.018653892778687984,0.018653892778687984,0.007510046946977099,0.005571922915855442,0.0019381240311216583,0.0019381240311216583,0.018653892778687984
PMix AR-1060 Activity Assay -D6,D6,Positive Control,Positive Control,3.5,8.0,20.0,2.0,2.0,0.0,0.0,50.0,100.0,1.0,1.0,1.0,0.02,2.0,0.3,2000.0,1.8,3.016304347826087,206621,2026-03-17 00:00:00,35,F,PMix AR-1060 Activity Assay ,NEB Sol A,NEB Sol A,NEB Sol A,NEB Sol A,NEB Sol A,NEB Sol A,NEB Sol A,NEB Sol A,NEB Sol A,NEB Sol A,NEB Sol A,NEB Sol A,NEB Sol B,Unknown,NEB Sol A,NEB Sol A,AR-1028,NEB Sol B,NEB Sol B,10.0,True,1.0862344948814562,2.436081811870874,0.9213329030844252,0.021405669574373,5.13125715750882,NEB Sol A,Synergy 2,deGFP,MFG,0.0,0.13033626966226097,0.0036337988847337838,0.04094158444210975,0.015020093893954199,0.0021805732086311908,0.007025148591958035,0.023499937550969432,0.01792801463511399,0.0014532256761025928,0.07461704050370654,0.007510046946977099,0.011871193364239481,0.03173586264152052,0.018653892778687984,0.0036337988847337838,0.011628744186729949,0.011628744186729949,0.0012107764985930603,0.0033913497072242506,0.0043611464172623815,0.018653892778687984,0.07461704050370654,0.018653892778687984,0.03730778555737597,0.09327093328239451,0.09327093328239451,0.9317365973359978,0.018653892778687984,0.018653892778687984,0.018653892778687984,0.018653892778687984,0.007510046946977099,0.005571922915855442,0.0019381240311216583,0.0019381240311216583,0.018653892778687984
PMix AR-1060 Activity Assay -F2,F2,Sample,PMix AR-1060,3.5,8.0,20.0,2.0,2.0,0.0,0.0,50.0,100.0,1.0,1.0,1.0,0.02,2.0,0.3,2000.0,1.8,3.016304347826087,206621,2026-03-17 00:00:00,35,F,PMix AR-1060 Activity Assay ,Unknown,Unknown,Unknown,Unknown,Unknown,Unknown,Unknown,Unknown,Unknown,Unknown,Unknown,Unknown,AR-957,Unknown,Unknown,Unknown,AR-1028,AR-965,PMix AR-1060,10.0,True,1.0418970849130238,4.194490927840087,0.5782069524611774,0.0147182819241513,6.009444444444444,AR-976,Synergy 2,deGFP,MFG,0.0,0.13033626966226097,0.0036337988847337838,0.04094158444210975,0.015020093893954199,0.0021805732086311908,0.007025148591958035,0.023499937550969432,0.01792801463511399,0.0014532256761025928,0.07461704050370654,0.007510046946977099,0.011871193364239481,0.03173586264152052,0.018653892778687984,0.0036337988847337838,0.011628744186729949,0.011628744186729949,0.0012107764985930603,0.0033913497072242506,0.0043611464172623815,0.018653892778687984,0.07461704050370654,0.018653892778687984,0.03730778555737597,0.09327093328239451,0.09327093328239451,0.9317365973359978,0.018653892778687984,0.018653892778687984,0.018653892778687984,0.018653892778687984,0.007510046946977099,0.005571922915855442,0.0019381240311216583,0.0019381240311216583,0.018653892778687984
PMix AR-1060 Activity Assay -F4,F4,Sample,PMix AR-975 Rxn Control,3.5,8.0,20.0,2.0,2.0,0.0,0.0,50.0,100.0,1.0,1.0,1.0,0.02,2.0,0.3,2000.0,1.8,3.016304347826087,206621,2026-03-17 00:00:00,35,F,PMix AR-1060 Activity Assay ,Unknown,Unknown,Unknown,Unknown,Unknown,Unknown,Unknown,Unknown,Unknown,Unknown,Unknown,Unknown,AR-957,Unknown,Unknown,Unknown,AR-1028,AR-965,PMix AR-1060,10.0,True,1.024227089387734,3.3306469331464665,0.6317765806747766,0.018122985157573,6.009444444444444,AR-976,Synergy 2,deGFP,MFG,0.0,0.13033626966226097,0.0036337988847337838,0.04094158444210975,0.015020093893954199,0.0021805732086311908,0.007025148591958035,0.023499937550969432,0.01792801463511399,0.0014532256761025928,0.07461704050370654,0.007510046946977099,0.011871193364239481,0.03173586264152052,0.018653892778687984,0.0036337988847337838,0.011628744186729949,0.011628744186729949,0.0012107764985930603,0.0033913497072242506,0.0043611464172623815,0.018653892778687984,0.07461704050370654,0.018653892778687984,0.03730778555737597,0.09327093328239451,0.09327093328239451,0.9317365973359978,0.018653892778687984,0.018653892778687984,0.018653892778687984,0.018653892778687984,0.007510046946977099,0.005571922915855442,0.0019381240311216583,0.0019381240311216583,0.018653892778687984
PMix AR-1060 Activity Assay -F6,F6,Positive Control,Positive Control,3.5,8.0,20.0,2.0,2.0,0.0,0.0,50.0,100.0,1.0,1.0,1.0,0.02,2.0,0.3,2000.0,1.8,3.016304347826087,206621,2026-03-17 00:00:00,35,F,PMix AR-1060 Activity Assay ,NEB Sol A,NEB Sol A,NEB Sol A,NEB Sol A,NEB Sol A,NEB Sol A,NEB Sol A,NEB Sol A,NEB Sol A,NEB Sol A,NEB Sol A,NEB Sol A,NEB Sol B,Unknown,NEB Sol A,NEB Sol A,AR-1028,NEB Sol B,NEB Sol B,10.0,True,1.079770753885917,2.273691572221521,0.91318846467338,0.0218548809151448,6.009444444444444,NEB Sol A,Synergy 2,deGFP,MFG,0.0,0.13033626966226097,0.0036337988847337838,0.04094158444210975,0.015020093893954199,0.0021805732086311908,0.007025148591958035,0.023499937550969432,0.01792801463511399,0.0014532256761025928,0.07461704050370654,0.007510046946977099,0.011871193364239481,0.03173586264152052,0.018653892778687984,0.0036337988847337838,0.011628744186729949,0.011628744186729949,0.0012107764985930603,0.0033913497072242506,0.0043611464172623815,0.018653892778687984,0.07461704050370654,0.018653892778687984,0.03730778555737597,0.09327093328239451,0.09327093328239451,0.9317365973359978,0.018653892778687984,0.018653892778687984,0.018653892778687984,0.018653892778687984,0.007510046946977099,0.005571922915855442,0.0019381240311216583,0.0019381240311216583,0.018653892778687984
20260319-DiscoveryPlate-R2-F10,F10,Sample,DiscoveryPlate-R2-GES30,2.905,21.0,34.0,2.9,1.9,0.0,0.0,50.0,97.5,1.0,1.0,1.0,0.02,2.0,0.3115,2000.0,1.8,5.0,1705168.0,2026-03-19 00:00:00,ext,M,20260319-DiscoveryPlate-R2,AR-977,AR-954,new-Jon,AR-970,AR-971,AR-972,AR-973,AR-702,Unknown,AR-959,AR-967,AR-969,AR-902,Unknown,Unknown,Unknown,AR-1028,AR-905,AR-975,10.0,True,0.1941928324340429,2.240527445763933,1.047448270573497,0.0062789106892143,4.025053828279142,20260319-DiscoveryPlate-R2-SMS,Cytation5,deGFP,Labcraft,0.0,0.13033626966226097,0.0036337988847337838,0.04094158444210975,0.015020093893954199,0.0021805732086311908,0.007025148591958035,0.023499937550969432,0.01792801463511399,0.0014532256761025928,0.07461704050370654,0.007510046946977099,0.011871193364239481,0.03173586264152052,0.018653892778687984,0.0036337988847337838,0.011628744186729949,0.011628744186729949,0.0012107764985930603,0.0033913497072242506,0.0043611464172623815,0.018653892778687984,0.07461704050370654,0.018653892778687984,0.03730778555737597,0.09327093328239451,0.09327093328239451,0.9317365973359978,0.018653892778687984,0.018653892778687984,0.018653892778687984,0.018653892778687984,0.007510046946977099,0.005571922915855442,0.0019381240311216583,0.0019381240311216583,0.018653892778687984
20260319-DiscoveryPlate-R2-F11,F11,Sample,DiscoveryPlate-R2-GES27,3.99,10.0,60.0,2.6,2.6,0.0,0.0,50.0,40.0,1.0,1.0,1.0,0.02,2.0,0.322,2000.0,1.8,5.0,1705168.0,2026-03-19 00:00:00,ext,M,20260319-DiscoveryPlate-R2,AR-977,AR-954,new-Jon,AR-970,AR-971,AR-972,AR-973,AR-702,Unknown,AR-959,AR-967,AR-969,AR-902,Unknown,Unknown,Unknown,AR-1028,AR-905,AR-975,10.0,True,0.0539139610677482,3.846829449439907,0.6620448150334782,0.001850932745114,4.201063679468418,20260319-DiscoveryPlate-R2-SMS,Cytation5,deGFP,Labcraft,0.0,0.13033626966226097,0.0036337988847337838,0.04094158444210975,0.015020093893954199,0.0021805732086311908,0.007025148591958035,0.023499937550969432,0.01792801463511399,0.0014532256761025928,0.07461704050370654,0.007510046946977099,0.011871193364239481,0.03173586264152052,0.018653892778687984,0.0036337988847337838,0.011628744186729949,0.011628744186729949,0.0012107764985930603,0.0033913497072242506,0.0043611464172623815,0.018653892778687984,0.07461704050370654,0.018653892778687984,0.03730778555737597,0.09327093328239451,0.09327093328239451,0.9317365973359978,0.018653892778687984,0.018653892778687984,0.018653892778687984,0.018653892778687984,0.007510046946977099,0.005571922915855442,0.0019381240311216583,0.0019381240311216583,0.018653892778687984
20260319-DiscoveryPlate-R2-F12,F12,Sample,DiscoveryPlate-R2-GES12,3.5,25.0,60.0,2.3,2.1,0.0,0.0,50.0,97.5,1.0,1.0,1.0,0.02,2.0,0.3605,2000.0,1.8,5.0,1705168.0,2026-03-19 00:00:00,ext,M,20260319-DiscoveryPlate-R2,AR-977,AR-954,new-Jon,AR-970,AR-971,AR-972,AR-973,AR-702,Unknown,AR-959,AR-967,AR-969,AR-902,Unknown,Unknown,Unknown,AR-1028,AR-905,AR-975,10.0,True,0.3084311306291505,1.9629714985199544,1.1241526585855963,0.0107254719885873,4.002327988414413,20260319-DiscoveryPlate-R2-SMS,Cytation5,deGFP,Labcraft,0.0,0.13033626966226097,0.0036337988847337838,0.04094158444210975,0.015020093893954199,0.0021805732086311908,0.007025148591958035,0.023499937550969432,0.01792801463511399,0.0014532256761025928,0.07461704050370654,0.007510046946977099,0.011871193364239481,0.03173586264152052,0.018653892778687984,0.0036337988847337838,0.011628744186729949,0.011628744186729949,0.0012107764985930603,0.0033913497072242506,0.0043611464172623815,0.018653892778687984,0.07461704050370654,0.018653892778687984,0.03730778555737597,0.09327093328239451,0.09327093328239451,0.9317365973359978,0.018653892778687984,0.018653892778687984,0.018653892778687984,0.018653892778687984,0.007510046946977099,0.005571922915855442,0.0019381240311216583,0.0019381240311216583,0.018653892778687984
20260319-DiscoveryPlate-R2-F13,F13,Sample,DiscoveryPlate-R2-GES34,3.255,8.0,0.0,2.6,2.5,0.0,0.0,50.0,107.5,1.0,1.0,1.0,0.02,2.0,0.399,2000.0,1.8,5.0,1705168.0,2026-03-19 00:00:00,ext,M,20260319-DiscoveryPlate-R2,AR-977,AR-954,new-Jon,AR-970,AR-971,AR-972,AR-973,AR-702,Unknown,AR-959,AR-967,AR-969,AR-902,Unknown,Unknown,Unknown,AR-1028,AR-905,AR-975,10.0,True,0.103301550120425,3.223981099449829,1.000203232429125,0.001064138131471,4.137513351886336,20260319-DiscoveryPlate-R2-SMS,Cytation5,deGFP,Labcraft,0.0,0.13033626966226097,0.0036337988847337838,0.04094158444210975,0.015020093893954199,0.0021805732086311908,0.007025148591958035,0.023499937550969432,0.01792801463511399,0.0014532256761025928,0.07461704050370654,0.007510046946977099,0.011871193364239481,0.03173586264152052,0.018653892778687984,0.0036337988847337838,0.011628744186729949,0.011628744186729949,0.0012107764985930603,0.0033913497072242506,0.0043611464172623815,0.018653892778687984,0.07461704050370654,0.018653892778687984,0.03730778555737597,0.09327093328239451,0.09327093328239451,0.9317365973359978,0.018653892778687984,0.018653892778687984,0.018653892778687984,0.018653892778687984,0.007510046946977099,0.005571922915855442,0.0019381240311216583,0.0019381240311216583,0.018653892778687984
20260319-DiscoveryPlate-R2-F14,F14,Sample,DiscoveryPlate-R2-GES18,3.955,4.0,24.0,1.9,2.3,0.0,0.0,50.0,82.5,1.0,1.0,1.0,0.02,2.0,0.3045,2000.0,1.8,5.0,1705168.0,2026-03-19 00:00:00,ext,M,20260319-DiscoveryPlate-R2,AR-977,AR-954,new-Jon,AR-970,AR-971,AR-972,AR-973,AR-702,Unknown,AR-959,AR-967,AR-969,AR-902,Unknown,Unknown,Unknown,AR-1028,AR-905,AR-975,10.0,True,0.0688388938020644,4.657767350508698,0.6139008678527387,0.0006109090936196,4.246632716925534,20260319-DiscoveryPlate-R2-SMS,Cytation5,deGFP,Labcraft,0.0,0.13033626966226097,0.0036337988847337838,0.04094158444210975,0.015020093893954199,0.0021805732086311908,0.007025148591958035,0.023499937550969432,0.01792801463511399,0.0014532256761025928,0.07461704050370654,0.007510046946977099,0.011871193364239481,0.03173586264152052,0.018653892778687984,0.0036337988847337838,0.011628744186729949,0.011628744186729949,0.0012107764985930603,0.0033913497072242506,0.0043611464172623815,0.018653892778687984,0.07461704050370654,0.018653892778687984,0.03730778555737597,0.09327093328239451,0.09327093328239451,0.9317365973359978,0.018653892778687984,0.018653892778687984,0.018653892778687984,0.018653892778687984,0.007510046946977099,0.005571922915855442,0.0019381240311216583,0.0019381240311216583,0.018653892778687984
20260319-DiscoveryPlate-R2-F15,F15,Sample,DiscoveryPlate-R2-GES29,2.135,4.0,0.0,2.6,1.8,0.0,0.0,50.0,57.5,1.0,1.0,1.0,0.02,2.0,0.399,2000.0,1.8,5.0,1705168.0,2026-03-19 00:00:00,ext,M,20260319-DiscoveryPlate-R2,AR-977,AR-954,new-Jon,AR-970,AR-971,AR-972,AR-973,AR-702,Unknown,AR-959,AR-967,AR-969,AR-902,Unknown,Unknown,Unknown,AR-1028,AR-905,AR-975,10.0,True,0.0532852892976885,2.6749600263657425,1.0343189689079135,0.0006721490491272,4.074689286076164,20260319-DiscoveryPlate-R2-SMS,Cytation5,deGFP,Labcraft,0.0,0.13033626966226097,0.0036337988847337838,0.04094158444210975,0.015020093893954199,0.0021805732086311908,0.007025148591958035,0.023499937550969432,0.01792801463511399,0.0014532256761025928,0.07461704050370654,0.007510046946977099,0.011871193364239481,0.03173586264152052,0.018653892778687984,0.0036337988847337838,0.011628744186729949,0.011628744186729949,0.0012107764985930603,0.0033913497072242506,0.0043611464172623815,0.018653892778687984,0.07461704050370654,0.018653892778687984,0.03730778555737597,0.09327093328239451,0.09327093328239451,0.9317365973359978,0.018653892778687984,0.018653892778687984,0.018653892778687984,0.018653892778687984,0.007510046946977099,0.005571922915855442,0.0019381240311216583,0.0019381240311216583,0.018653892778687984
20260319-DiscoveryPlate-R2-F9,F9,Sample,DiscoveryPlate-R2-GES11,3.535,8.0,22.0,1.7,2.9,0.0,0.0,50.0,97.5,1.0,1.0,1.0,0.02,2.0,0.3885,2000.0,1.8,5.0,1705168.0,2026-03-19 00:00:00,ext,M,20260319-DiscoveryPlate-R2,AR-977,AR-954,new-Jon,AR-970,AR-971,AR-972,AR-973,AR-702,Unknown,AR-959,AR-967,AR-969,AR-902,Unknown,Unknown,Unknown,AR-1028,AR-905,AR-975,10.0,True,0.4120007150466168,1.9748037789067143,0.9227821440400864,0.0120189968637364,6.006111111111111,20260319-DiscoveryPlate-R2-SMS,Cytation5,deGFP,Labcraft,0.0,0.13033626966226097,0.0036337988847337838,0.04094158444210975,0.015020093893954199,0.0021805732086311908,0.007025148591958035,0.023499937550969432,0.01792801463511399,0.0014532256761025928,0.07461704050370654,0.007510046946977099,0.011871193364239481,0.03173586264152052,0.018653892778687984,0.0036337988847337838,0.011628744186729949,0.011628744186729949,0.0012107764985930603,0.0033913497072242506,0.0043611464172623815,0.018653892778687984,0.07461704050370654,0.018653892778687984,0.03730778555737597,0.09327093328239451,0.09327093328239451,0.9317365973359978,0.018653892778687984,0.018653892778687984,0.018653892778687984,0.018653892778687984,0.007510046946977099,0.005571922915855442,0.0019381240311216583,0.0019381240311216583,0.018653892778687984
20260319-DiscoveryPlate-R2-G10,G10,Sample,DiscoveryPlate-R2-GES15,2.87,22.0,0.0,2.5,2.6,0.0,0.0,50.0,180.0,1.0,1.0,1.0,0.02,2.0,0.1925,2000.0,1.8,5.0,1705168.0,2026-03-19 00:00:00,ext,M,20260319-DiscoveryPlate-R2,AR-977,AR-954,new-Jon,AR-970,AR-971,AR-972,AR-973,AR-702,Unknown,AR-959,AR-967,AR-969,AR-902,Unknown,Unknown,Unknown,AR-1028,AR-905,AR-975,10.0,True,0.0059157869068332,2.847161879148972,0.7550705202434312,0.0001840420150409,4.095970629173378,20260319-DiscoveryPlate-R2-SMS,Cytation5,deGFP,Labcraft,0.0,0.13033626966226097,0.0036337988847337838,0.04094158444210975,0.015020093893954199,0.0021805732086311908,0.007025148591958035,0.023499937550969432,0.01792801463511399,0.0014532256761025928,0.07461704050370654,0.007510046946977099,0.011871193364239481,0.03173586264152052,0.018653892778687984,0.0036337988847337838,0.011628744186729949,0.011628744186729949,0.0012107764985930603,0.0033913497072242506,0.0043611464172623815,0.018653892778687984,0.07461704050370654,0.018653892778687984,0.03730778555737597,0.09327093328239451,0.09327093328239451,0.9317365973359978,0.018653892778687984,0.018653892778687984,0.018653892778687984,0.018653892778687984,0.007510046946977099,0.005571922915855442,0.0019381240311216583,0.0019381240311216583,0.018653892778687984
20260319-DiscoveryPlate-R2-G11,G11,Sample,DiscoveryPlate-R2-GES35,3.22,12.0,60.0,2.0,3.1,0.0,0.0,50.0,40.0,1.0,1.0,1.0,0.02,2.0,0.399,2000.0,1.8,5.0,1705168.0,2026-03-19 00:00:00,ext,M,20260319-DiscoveryPlate-R2,AR-977,AR-954,new-Jon,AR-970,AR-971,AR-972,AR-973,AR-702,Unknown,AR-959,AR-967,AR-969,AR-902,Unknown,Unknown,Unknown,AR-1028,AR-905,AR-975,10.0,True,0.1884245097032687,2.295629164062414,0.9544432497200748,0.0064754324505853,4.014233547058341,20260319-DiscoveryPlate-R2-SMS,Cytation5,deGFP,Labcraft,0.0,0.13033626966226097,0.0036337988847337838,0.04094158444210975,0.015020093893954199,0.0021805732086311908,0.007025148591958035,0.023499937550969432,0.01792801463511399,0.0014532256761025928,0.07461704050370654,0.007510046946977099,0.011871193364239481,0.03173586264152052,0.018653892778687984,0.0036337988847337838,0.011628744186729949,0.011628744186729949,0.0012107764985930603,0.0033913497072242506,0.0043611464172623815,0.018653892778687984,0.07461704050370654,0.018653892778687984,0.03730778555737597,0.09327093328239451,0.09327093328239451,0.9317365973359978,0.018653892778687984,0.018653892778687984,0.018653892778687984,0.018653892778687984,0.007510046946977099,0.005571922915855442,0.0019381240311216583,0.0019381240311216583,0.018653892778687984
20260319-DiscoveryPlate-R2-G12,G12,Sample,DiscoveryPlate-R2-GES8,3.99,6.0,60.0,2.6,3.0,0.0,0.0,50.0,55.0,1.0,1.0,1.0,0.02,2.0,0.259,2000.0,1.8,5.0,1705168.0,2026-03-19 00:00:00,ext,M,20260319-DiscoveryPlate-R2,AR-977,AR-954,new-Jon,AR-970,AR-971,AR-972,AR-973,AR-702,Unknown,AR-959,AR-967,AR-969,AR-902,Unknown,Unknown,Unknown,AR-1028,AR-905,AR-975,10.0,True,0.0110869099932855,4.113704907998259,0.4914342796087717,0.0003617266976898,4.221818142077989,20260319-DiscoveryPlate-R2-SMS,Cytation5,deGFP,Labcraft,0.0,0.13033626966226097,0.0036337988847337838,0.04094158444210975,0.015020093893954199,0.0021805732086311908,0.007025148591958035,0.023499937550969432,0.01792801463511399,0.0014532256761025928,0.07461704050370654,0.007510046946977099,0.011871193364239481,0.03173586264152052,0.018653892778687984,0.0036337988847337838,0.011628744186729949,0.011628744186729949,0.0012107764985930603,0.0033913497072242506,0.0043611464172623815,0.018653892778687984,0.07461704050370654,0.018653892778687984,0.03730778555737597,0.09327093328239451,0.09327093328239451,0.9317365973359978,0.018653892778687984,0.018653892778687984,0.018653892778687984,0.018653892778687984,0.007510046946977099,0.005571922915855442,0.0019381240311216583,0.0019381240311216583,0.018653892778687984
20260319-DiscoveryPlate-R2-G13,G13,Sample,DiscoveryPlate-R2-GES28,2.135,6.0,30.0,1.9,1.9,0.0,0.0,50.0,65.0,1.0,1.0,1.0,0.02,2.0,0.399,2000.0,1.8,5.0,1705168.0,2026-03-19 00:00:00,ext,M,20260319-DiscoveryPlate-R2,AR-977,AR-954,new-Jon,AR-970,AR-971,AR-972,AR-973,AR-702,Unknown,AR-959,AR-967,AR-969,AR-902,Unknown,Unknown,Unknown,AR-1028,AR-905,AR-975,10.0,True,0.1377800885928394,1.885832430469963,0.9003643868351352,0.0055215834401232,3.933669708339298,20260319-DiscoveryPlate-R2-SMS,Cytation5,deGFP,Labcraft,0.0,0.13033626966226097,0.0036337988847337838,0.04094158444210975,0.015020093893954199,0.0021805732086311908,0.007025148591958035,0.023499937550969432,0.01792801463511399,0.0014532256761025928,0.07461704050370654,0.007510046946977099,0.011871193364239481,0.03173586264152052,0.018653892778687984,0.0036337988847337838,0.011628744186729949,0.011628744186729949,0.0012107764985930603,0.0033913497072242506,0.0043611464172623815,0.018653892778687984,0.07461704050370654,0.018653892778687984,0.03730778555737597,0.09327093328239451,0.09327093328239451,0.9317365973359978,0.018653892778687984,0.018653892778687984,0.018653892778687984,0.018653892778687984,0.007510046946977099,0.005571922915855442,0.0019381240311216583,0.0019381240311216583,0.018653892778687984
20260319-DiscoveryPlate-R2-G14,G14,Sample,DiscoveryPlate-R2-GES32,1.925,9.0,0.0,2.4,2.2,0.0,0.0,50.0,160.0,1.0,1.0,1.0,0.02,2.0,0.3115,2000.0,1.8,5.0,1705168.0,2026-03-19 00:00:00,ext,M,20260319-DiscoveryPlate-R2,AR-977,AR-954,new-Jon,AR-970,AR-971,AR-972,AR-973,AR-702,Unknown,AR-959,AR-967,AR-969,AR-902,Unknown,Unknown,Unknown,AR-1028,AR-905,AR-975,10.0,True,0.1507632609020581,3.746886120434491,0.8046242206874895,0.0017262149764957,4.1927596807513146,20260319-DiscoveryPlate-R2-SMS,Cytation5,deGFP,Labcraft,0.0,0.13033626966226097,0.0036337988847337838,0.04094158444210975,0.015020093893954199,0.0021805732086311908,0.007025148591958035,0.023499937550969432,0.01792801463511399,0.0014532256761025928,0.07461704050370654,0.007510046946977099,0.011871193364239481,0.03173586264152052,0.018653892778687984,0.0036337988847337838,0.011628744186729949,0.011628744186729949,0.0012107764985930603,0.0033913497072242506,0.0043611464172623815,0.018653892778687984,0.07461704050370654,0.018653892778687984,0.03730778555737597,0.09327093328239451,0.09327093328239451,0.9317365973359978,0.018653892778687984,0.018653892778687984,0.018653892778687984,0.018653892778687984,0.007510046946977099,0.005571922915855442,0.0019381240311216583,0.0019381240311216583,0.018653892778687984
20260319-DiscoveryPlate-R2-G15,G15,Sample,DiscoveryPlate-R2-GES31,3.885,5.0,31.0,2.7,3.3,0.0,0.0,50.0,40.0,1.0,1.0,1.0,0.02,2.0,0.287,2000.0,1.8,5.0,1705168.0,2026-03-19 00:00:00,ext,M,20260319-DiscoveryPlate-R2,AR-977,AR-954,new-Jon,AR-970,AR-971,AR-972,AR-973,AR-702,Unknown,AR-959,AR-967,AR-969,AR-902,Unknown,Unknown,Unknown,AR-1028,AR-905,AR-975,10.0,True,0.0264244493522149,5.669353972634585,0.5264724092454917,0.0002323028804915,4.250253888556915,20260319-DiscoveryPlate-R2-SMS,Cytation5,deGFP,Labcraft,0.0,0.13033626966226097,0.0036337988847337838,0.04094158444210975,0.015020093893954199,0.0021805732086311908,0.007025148591958035,0.023499937550969432,0.01792801463511399,0.0014532256761025928,0.07461704050370654,0.007510046946977099,0.011871193364239481,0.03173586264152052,0.018653892778687984,0.0036337988847337838,0.011628744186729949,0.011628744186729949,0.0012107764985930603,0.0033913497072242506,0.0043611464172623815,0.018653892778687984,0.07461704050370654,0.018653892778687984,0.03730778555737597,0.09327093328239451,0.09327093328239451,0.9317365973359978,0.018653892778687984,0.018653892778687984,0.018653892778687984,0.018653892778687984,0.007510046946977099,0.005571922915855442,0.0019381240311216583,0.0019381240311216583,0.018653892778687984
20260319-DiscoveryPlate-R2-G9,G9,Sample,DiscoveryPlate-R2-GES2,2.345,1.0,60.0,3.0,1.4,0.0,0.0,50.0,40.0,1.0,1.0,1.0,0.02,2.0,0.2905,2000.0,1.8,5.0,1705168.0,2026-03-19 00:00:00,ext,M,20260319-DiscoveryPlate-R2,AR-977,AR-954,new-Jon,AR-970,AR-971,AR-972,AR-973,AR-702,Unknown,AR-959,AR-967,AR-969,AR-902,Unknown,Unknown,Unknown,AR-1028,AR-905,AR-975,10.0,False,0.0,,,0.0,,20260319-DiscoveryPlate-R2-SMS,Cytation5,deGFP,Labcraft,0.0,0.13033626966226097,0.0036337988847337838,0.04094158444210975,0.015020093893954199,0.0021805732086311908,0.007025148591958035,0.023499937550969432,0.01792801463511399,0.0014532256761025928,0.07461704050370654,0.007510046946977099,0.011871193364239481,0.03173586264152052,0.018653892778687984,0.0036337988847337838,0.011628744186729949,0.011628744186729949,0.0012107764985930603,0.0033913497072242506,0.0043611464172623815,0.018653892778687984,0.07461704050370654,0.018653892778687984,0.03730778555737597,0.09327093328239451,0.09327093328239451,0.9317365973359978,0.018653892778687984,0.018653892778687984,0.018653892778687984,0.018653892778687984,0.007510046946977099,0.005571922915855442,0.0019381240311216583,0.0019381240311216583,0.018653892778687984
20260319-DiscoveryPlate-R2-H10,H10,Sample,DiscoveryPlate-R2-GES24,2.555,2.0,3.0,2.8,1.7,0.0,0.0,50.0,75.0,1.0,1.0,1.0,0.02,2.0,0.3465,2000.0,1.8,5.0,1705168.0,2026-03-19 00:00:00,ext,M,20260319-DiscoveryPlate-R2,AR-977,AR-954,new-Jon,AR-970,AR-971,AR-972,AR-973,AR-702,Unknown,AR-959,AR-967,AR-969,AR-902,Unknown,Unknown,Unknown,AR-1028,AR-905,AR-975,10.0,True,0.0327295306308581,5.958778441673413,0.5442000116127874,0.0002215310445167,4.237233440410894,20260319-DiscoveryPlate-R2-SMS,Cytation5,deGFP,Labcraft,0.0,0.13033626966226097,0.0036337988847337838,0.04094158444210975,0.015020093893954199,0.0021805732086311908,0.007025148591958035,0.023499937550969432,0.01792801463511399,0.0014532256761025928,0.07461704050370654,0.007510046946977099,0.011871193364239481,0.03173586264152052,0.018653892778687984,0.0036337988847337838,0.011628744186729949,0.011628744186729949,0.0012107764985930603,0.0033913497072242506,0.0043611464172623815,0.018653892778687984,0.07461704050370654,0.018653892778687984,0.03730778555737597,0.09327093328239451,0.09327093328239451,0.9317365973359978,0.018653892778687984,0.018653892778687984,0.018653892778687984,0.018653892778687984,0.007510046946977099,0.005571922915855442,0.0019381240311216583,0.0019381240311216583,0.018653892778687984
20260319-DiscoveryPlate-R2-H11,H11,Sample,DiscoveryPlate-R2-GES9,3.78,6.0,8.0,2.4,2.7,0.0,0.0,50.0,95.0,1.0,1.0,1.0,0.02,2.0,0.2275,2000.0,1.8,5.0,1705168.0,2026-03-19 00:00:00,ext,M,20260319-DiscoveryPlate-R2,AR-977,AR-954,new-Jon,AR-970,AR-971,AR-972,AR-973,AR-702,Unknown,AR-959,AR-967,AR-969,AR-902,Unknown,Unknown,Unknown,AR-1028,AR-905,AR-975,10.0,True,0.1788998600983906,3.509914004794254,0.8643521827256613,0.0016858665367908,4.217764682229027,20260319-DiscoveryPlate-R2-SMS,Cytation5,deGFP,Labcraft,0.0,0.13033626966226097,0.0036337988847337838,0.04094158444210975,0.015020093893954199,0.0021805732086311908,0.007025148591958035,0.023499937550969432,0.01792801463511399,0.0014532256761025928,0.07461704050370654,0.007510046946977099,0.011871193364239481,0.03173586264152052,0.018653892778687984,0.0036337988847337838,0.011628744186729949,0.011628744186729949,0.0012107764985930603,0.0033913497072242506,0.0043611464172623815,0.018653892778687984,0.07461704050370654,0.018653892778687984,0.03730778555737597,0.09327093328239451,0.09327093328239451,0.9317365973359978,0.018653892778687984,0.018653892778687984,0.018653892778687984,0.018653892778687984,0.007510046946977099,0.005571922915855442,0.0019381240311216583,0.0019381240311216583,0.018653892778687984
20260319-DiscoveryPlate-R2-H12,H12,Sample,DiscoveryPlate-R2-GES14,1.995,25.0,60.0,2.7,2.6,0.0,0.0,50.0,180.0,1.0,1.0,1.0,0.02,2.0,0.399,2000.0,1.8,5.0,1705168.0,2026-03-19 00:00:00,ext,M,20260319-DiscoveryPlate-R2,AR-977,AR-954,new-Jon,AR-970,AR-971,AR-972,AR-973,AR-702,Unknown,AR-959,AR-967,AR-969,AR-902,Unknown,Unknown,Unknown,AR-1028,AR-905,AR-975,10.0,True,0.2152159394852922,1.4110816678371525,1.277479777939374,0.010064846859088,3.9395509971405382,20260319-DiscoveryPlate-R2-SMS,Cytation5,deGFP,Labcraft,0.0,0.13033626966226097,0.0036337988847337838,0.04094158444210975,0.015020093893954199,0.0021805732086311908,0.007025148591958035,0.023499937550969432,0.01792801463511399,0.0014532256761025928,0.07461704050370654,0.007510046946977099,0.011871193364239481,0.03173586264152052,0.018653892778687984,0.0036337988847337838,0.011628744186729949,0.011628744186729949,0.0012107764985930603,0.0033913497072242506,0.0043611464172623815,0.018653892778687984,0.07461704050370654,0.018653892778687984,0.03730778555737597,0.09327093328239451,0.09327093328239451,0.9317365973359978,0.018653892778687984,0.018653892778687984,0.018653892778687984,0.018653892778687984,0.007510046946977099,0.005571922915855442,0.0019381240311216583,0.0019381240311216583,0.018653892778687984
20260319-DiscoveryPlate-R2-H13,H13,Sample,DiscoveryPlate-R2-GES7,2.24,24.0,60.0,3.7,2.9,0.0,0.0,50.0,85.0,1.0,1.0,1.0,0.02,2.0,0.2765,2000.0,1.8,5.0,1705168.0,2026-03-19 00:00:00,ext,M,20260319-DiscoveryPlate-R2,AR-977,AR-954,new-Jon,AR-970,AR-971,AR-972,AR-973,AR-702,Unknown,AR-959,AR-967,AR-969,AR-902,Unknown,Unknown,Unknown,AR-1028,AR-905,AR-975,10.0,True,0.448830389603975,1.9987002978162445,1.1769514612901553,0.014807143741437,3.993020776701055,20260319-DiscoveryPlate-R2-SMS,Cytation5,deGFP,Labcraft,0.0,0.13033626966226097,0.0036337988847337838,0.04094158444210975,0.015020093893954199,0.0021805732086311908,0.007025148591958035,0.023499937550969432,0.01792801463511399,0.0014532256761025928,0.07461704050370654,0.007510046946977099,0.011871193364239481,0.03173586264152052,0.018653892778687984,0.0036337988847337838,0.011628744186729949,0.011628744186729949,0.0012107764985930603,0.0033913497072242506,0.0043611464172623815,0.018653892778687984,0.07461704050370654,0.018653892778687984,0.03730778555737597,0.09327093328239451,0.09327093328239451,0.9317365973359978,0.018653892778687984,0.018653892778687984,0.018653892778687984,0.018653892778687984,0.007510046946977099,0.005571922915855442,0.0019381240311216583,0.0019381240311216583,0.018653892778687984
20260319-DiscoveryPlate-R2-H14,H14,Sample,DiscoveryPlate-R2-GES25,3.29,4.0,0.0,2.1,2.2,0.0,0.0,50.0,112.5,1.0,1.0,1.0,0.02,2.0,0.3465,2000.0,1.8,5.0,1705168.0,2026-03-19 00:00:00,ext,M,20260319-DiscoveryPlate-R2,AR-977,AR-954,new-Jon,AR-970,AR-971,AR-972,AR-973,AR-702,Unknown,AR-959,AR-967,AR-969,AR-902,Unknown,Unknown,Unknown,AR-1028,AR-905,AR-975,10.0,True,0.068576336530365,3.807229193943559,0.8379054019490935,0.0004883339981318,4.197813979176643,20260319-DiscoveryPlate-R2-SMS,Cytation5,deGFP,Labcraft,0.0,0.13033626966226097,0.0036337988847337838,0.04094158444210975,0.015020093893954199,0.0021805732086311908,0.007025148591958035,0.023499937550969432,0.01792801463511399,0.0014532256761025928,0.07461704050370654,0.007510046946977099,0.011871193364239481,0.03173586264152052,0.018653892778687984,0.0036337988847337838,0.011628744186729949,0.011628744186729949,0.0012107764985930603,0.0033913497072242506,0.0043611464172623815,0.018653892778687984,0.07461704050370654,0.018653892778687984,0.03730778555737597,0.09327093328239451,0.09327093328239451,0.9317365973359978,0.018653892778687984,0.018653892778687984,0.018653892778687984,0.018653892778687984,0.007510046946977099,0.005571922915855442,0.0019381240311216583,0.0019381240311216583,0.018653892778687984
20260319-DiscoveryPlate-R2-H15,H15,Sample,DiscoveryPlate-R2-GES16,1.365,8.0,20.0,1.9,2.0,0.0,0.0,50.0,100.0,1.0,1.0,1.0,0.02,2.0,0.3535,2000.0,1.8,5.0,1705168.0,2026-03-19 00:00:00,ext,M,20260319-DiscoveryPlate-R2,AR-977,AR-954,new-Jon,AR-970,AR-971,AR-972,AR-973,AR-702,Unknown,AR-959,AR-967,AR-969,AR-902,Unknown,Unknown,Unknown,AR-1028,AR-905,AR-975,10.0,True,0.5284692161691712,2.074077767453561,1.1398229206376131,0.0102932476740303,5.944826507866722,20260319-DiscoveryPlate-R2-SMS,Cytation5,deGFP,Labcraft,0.0,0.13033626966226097,0.0036337988847337838,0.04094158444210975,0.015020093893954199,0.0021805732086311908,0.007025148591958035,0.023499937550969432,0.01792801463511399,0.0014532256761025928,0.07461704050370654,0.007510046946977099,0.011871193364239481,0.03173586264152052,0.018653892778687984,0.0036337988847337838,0.011628744186729949,0.011628744186729949,0.0012107764985930603,0.0033913497072242506,0.0043611464172623815,0.018653892778687984,0.07461704050370654,0.018653892778687984,0.03730778555737597,0.09327093328239451,0.09327093328239451,0.9317365973359978,0.018653892778687984,0.018653892778687984,0.018653892778687984,0.018653892778687984,0.007510046946977099,0.005571922915855442,0.0019381240311216583,0.0019381240311216583,0.018653892778687984
20260319-DiscoveryPlate-R2-H9,H9,Sample,DiscoveryPlate-R2-GES19,3.325,22.0,60.0,3.6,2.0,0.0,0.0,50.0,67.5,1.0,1.0,1.0,0.02,2.0,0.252,2000.0,1.8,5.0,1705168.0,2026-03-19 00:00:00,ext,M,20260319-DiscoveryPlate-R2,AR-977,AR-954,new-Jon,AR-970,AR-971,AR-972,AR-973,AR-702,Unknown,AR-959,AR-967,AR-969,AR-902,Unknown,Unknown,Unknown,AR-1028,AR-905,AR-975,10.0,True,0.5607593273587296,1.4966244349706328,1.2478738797244011,0.0169490923136948,6.006111111111111,20260319-DiscoveryPlate-R2-SMS,Cytation5,deGFP,Labcraft,0.0,0.13033626966226097,0.0036337988847337838,0.04094158444210975,0.015020093893954199,0.0021805732086311908,0.007025148591958035,0.023499937550969432,0.01792801463511399,0.0014532256761025928,0.07461704050370654,0.007510046946977099,0.011871193364239481,0.03173586264152052,0.018653892778687984,0.0036337988847337838,0.011628744186729949,0.011628744186729949,0.0012107764985930603,0.0033913497072242506,0.0043611464172623815,0.018653892778687984,0.07461704050370654,0.018653892778687984,0.03730778555737597,0.09327093328239451,0.09327093328239451,0.9317365973359978,0.018653892778687984,0.018653892778687984,0.018653892778687984,0.018653892778687984,0.007510046946977099,0.005571922915855442,0.0019381240311216583,0.0019381240311216583,0.018653892778687984
20260319-DiscoveryPlate-R2-I10,I10,Sample,DiscoveryPlate-R2-GES13,3.185,22.0,60.0,2.2,2.3,0.0,0.0,50.0,42.5,1.0,1.0,1.0,0.02,2.0,0.399,2000.0,1.8,5.0,1705168.0,2026-03-19 00:00:00,ext,M,20260319-DiscoveryPlate-R2,AR-977,AR-954,new-Jon,AR-970,AR-971,AR-972,AR-973,AR-702,Unknown,AR-959,AR-967,AR-969,AR-902,Unknown,Unknown,Unknown,AR-1028,AR-905,AR-975,10.0,True,0.3837489618358479,2.157034990168609,1.1300287112849985,0.0118996013388325,4.009674288207724,20260319-DiscoveryPlate-R2-SMS,Cytation5,deGFP,Labcraft,0.0,0.13033626966226097,0.0036337988847337838,0.04094158444210975,0.015020093893954199,0.0021805732086311908,0.007025148591958035,0.023499937550969432,0.01792801463511399,0.0014532256761025928,0.07461704050370654,0.007510046946977099,0.011871193364239481,0.03173586264152052,0.018653892778687984,0.0036337988847337838,0.011628744186729949,0.011628744186729949,0.0012107764985930603,0.0033913497072242506,0.0043611464172623815,0.018653892778687984,0.07461704050370654,0.018653892778687984,0.03730778555737597,0.09327093328239451,0.09327093328239451,0.9317365973359978,0.018653892778687984,0.018653892778687984,0.018653892778687984,0.018653892778687984,0.007510046946977099,0.005571922915855442,0.0019381240311216583,0.0019381240311216583,0.018653892778687984
20260319-DiscoveryPlate-R2-I11,I11,Sample,DiscoveryPlate-R2-GES4,2.415,8.0,60.0,2.6,2.5,0.0,0.0,50.0,42.5,1.0,1.0,1.0,0.02,2.0,0.399,2000.0,1.8,5.0,1705168.0,2026-03-19 00:00:00,ext,M,20260319-DiscoveryPlate-R2,AR-977,AR-954,new-Jon,AR-970,AR-971,AR-972,AR-973,AR-702,Unknown,AR-959,AR-967,AR-969,AR-902,Unknown,Unknown,Unknown,AR-1028,AR-905,AR-975,10.0,True,0.0127025509796562,3.2371170268734195,0.588454861266958,0.0004835957174332,4.141403956217954,20260319-DiscoveryPlate-R2-SMS,Cytation5,deGFP,Labcraft,0.0,0.13033626966226097,0.0036337988847337838,0.04094158444210975,0.015020093893954199,0.0021805732086311908,0.007025148591958035,0.023499937550969432,0.01792801463511399,0.0014532256761025928,0.07461704050370654,0.007510046946977099,0.011871193364239481,0.03173586264152052,0.018653892778687984,0.0036337988847337838,0.011628744186729949,0.011628744186729949,0.0012107764985930603,0.0033913497072242506,0.0043611464172623815,0.018653892778687984,0.07461704050370654,0.018653892778687984,0.03730778555737597,0.09327093328239451,0.09327093328239451,0.9317365973359978,0.018653892778687984,0.018653892778687984,0.018653892778687984,0.018653892778687984,0.007510046946977099,0.005571922915855442,0.0019381240311216583,0.0019381240311216583,0.018653892778687984
20260319-DiscoveryPlate-R2-I12,I12,Sample,DiscoveryPlate-R2-GES21,2.73,25.0,60.0,2.2,2.7,0.0,0.0,50.0,40.0,1.0,1.0,1.0,0.02,2.0,0.399,2000.0,1.8,5.0,1705168.0,2026-03-19 00:00:00,ext,M,20260319-DiscoveryPlate-R2,AR-977,AR-954,new-Jon,AR-970,AR-971,AR-972,AR-973,AR-702,Unknown,AR-959,AR-967,AR-969,AR-902,Unknown,Unknown,Unknown,AR-1028,AR-905,AR-975,10.0,True,0.2573818297006774,2.1032678561457137,1.2238118184311535,0.0069452872342594,4.00665098795,20260319-DiscoveryPlate-R2-SMS,Cytation5,deGFP,Labcraft,0.0,0.13033626966226097,0.0036337988847337838,0.04094158444210975,0.015020093893954199,0.0021805732086311908,0.007025148591958035,0.023499937550969432,0.01792801463511399,0.0014532256761025928,0.07461704050370654,0.007510046946977099,0.011871193364239481,0.03173586264152052,0.018653892778687984,0.0036337988847337838,0.011628744186729949,0.011628744186729949,0.0012107764985930603,0.0033913497072242506,0.0043611464172623815,0.018653892778687984,0.07461704050370654,0.018653892778687984,0.03730778555737597,0.09327093328239451,0.09327093328239451,0.9317365973359978,0.018653892778687984,0.018653892778687984,0.018653892778687984,0.018653892778687984,0.007510046946977099,0.005571922915855442,0.0019381240311216583,0.0019381240311216583,0.018653892778687984
20260319-DiscoveryPlate-R2-I13,I13,Sample,DiscoveryPlate-R2-GES26,2.52,8.0,20.0,3.0,1.9,0.0,0.0,50.0,100.0,1.0,1.0,1.0,0.02,2.0,0.3045,2000.0,1.8,5.0,1705168.0,2026-03-19 00:00:00,ext,M,20260319-DiscoveryPlate-R2,AR-977,AR-954,new-Jon,AR-970,AR-971,AR-972,AR-973,AR-702,Unknown,AR-959,AR-967,AR-969,AR-902,Unknown,Unknown,Unknown,AR-1028,AR-905,AR-975,10.0,True,0.4524741897070161,2.2198649726072395,1.1645743957231278,0.005959390261824,6.006111111111111,20260319-DiscoveryPlate-R2-SMS,Cytation5,deGFP,Labcraft,0.0,0.13033626966226097,0.0036337988847337838,0.04094158444210975,0.015020093893954199,0.0021805732086311908,0.007025148591958035,0.023499937550969432,0.01792801463511399,0.0014532256761025928,0.07461704050370654,0.007510046946977099,0.011871193364239481,0.03173586264152052,0.018653892778687984,0.0036337988847337838,0.011628744186729949,0.011628744186729949,0.0012107764985930603,0.0033913497072242506,0.0043611464172623815,0.018653892778687984,0.07461704050370654,0.018653892778687984,0.03730778555737597,0.09327093328239451,0.09327093328239451,0.9317365973359978,0.018653892778687984,0.018653892778687984,0.018653892778687984,0.018653892778687984,0.007510046946977099,0.005571922915855442,0.0019381240311216583,0.0019381240311216583,0.018653892778687984
20260319-DiscoveryPlate-R2-I14,I14,Sample,DiscoveryPlate-R2-GES10,2.8,15.0,53.0,3.5,2.7,0.0,0.0,50.0,100.0,1.0,1.0,1.0,0.02,2.0,0.3815,2000.0,1.8,5.0,1705168.0,2026-03-19 00:00:00,ext,M,20260319-DiscoveryPlate-R2,AR-977,AR-954,new-Jon,AR-970,AR-971,AR-972,AR-973,AR-702,Unknown,AR-959,AR-967,AR-969,AR-902,Unknown,Unknown,Unknown,AR-1028,AR-905,AR-975,10.0,True,0.6286442751448551,1.9591951653625608,1.276556134899807,0.0132237267988535,5.028163150175371,20260319-DiscoveryPlate-R2-SMS,Cytation5,deGFP,Labcraft,0.0,0.13033626966226097,0.0036337988847337838,0.04094158444210975,0.015020093893954199,0.0021805732086311908,0.007025148591958035,0.023499937550969432,0.01792801463511399,0.0014532256761025928,0.07461704050370654,0.007510046946977099,0.011871193364239481,0.03173586264152052,0.018653892778687984,0.0036337988847337838,0.011628744186729949,0.011628744186729949,0.0012107764985930603,0.0033913497072242506,0.0043611464172623815,0.018653892778687984,0.07461704050370654,0.018653892778687984,0.03730778555737597,0.09327093328239451,0.09327093328239451,0.9317365973359978,0.018653892778687984,0.018653892778687984,0.018653892778687984,0.018653892778687984,0.007510046946977099,0.005571922915855442,0.0019381240311216583,0.0019381240311216583,0.018653892778687984
20260319-DiscoveryPlate-R2-I15,I15,Sample,DiscoveryPlate-R2-GES20,3.85,23.0,60.0,3.2,2.3,0.0,0.0,50.0,77.5,1.0,1.0,1.0,0.02,2.0,0.1505,2000.0,1.8,5.0,1705168.0,2026-03-19 00:00:00,ext,M,20260319-DiscoveryPlate-R2,AR-977,AR-954,new-Jon,AR-970,AR-971,AR-972,AR-973,AR-702,Unknown,AR-959,AR-967,AR-969,AR-902,Unknown,Unknown,Unknown,AR-1028,AR-905,AR-975,10.0,True,0.4120224584494757,2.0738601619611643,1.0802946725553888,0.0319737679318078,2.001592345607087,20260319-DiscoveryPlate-R2-SMS,Cytation5,deGFP,Labcraft,0.0,0.13033626966226097,0.0036337988847337838,0.04094158444210975,0.015020093893954199,0.0021805732086311908,0.007025148591958035,0.023499937550969432,0.01792801463511399,0.0014532256761025928,0.07461704050370654,0.007510046946977099,0.011871193364239481,0.03173586264152052,0.018653892778687984,0.0036337988847337838,0.011628744186729949,0.011628744186729949,0.0012107764985930603,0.0033913497072242506,0.0043611464172623815,0.018653892778687984,0.07461704050370654,0.018653892778687984,0.03730778555737597,0.09327093328239451,0.09327093328239451,0.9317365973359978,0.018653892778687984,0.018653892778687984,0.018653892778687984,0.018653892778687984,0.007510046946977099,0.005571922915855442,0.0019381240311216583,0.0019381240311216583,0.018653892778687984
20260319-DiscoveryPlate-R2-I9,I9,Sample,DiscoveryPlate-R2-GES5,2.625,1.0,44.0,2.4,2.7,0.0,0.0,50.0,40.0,1.0,1.0,1.0,0.02,2.0,0.259,2000.0,1.8,5.0,1705168.0,2026-03-19 00:00:00,ext,M,20260319-DiscoveryPlate-R2,AR-977,AR-954,new-Jon,AR-970,AR-971,AR-972,AR-973,AR-702,Unknown,AR-959,AR-967,AR-969,AR-902,Unknown,Unknown,Unknown,AR-1028,AR-905,AR-975,10.0,False,0.0,,,0.0,,20260319-DiscoveryPlate-R2-SMS,Cytation5,deGFP,Labcraft,0.0,0.13033626966226097,0.0036337988847337838,0.04094158444210975,0.015020093893954199,0.0021805732086311908,0.007025148591958035,0.023499937550969432,0.01792801463511399,0.0014532256761025928,0.07461704050370654,0.007510046946977099,0.011871193364239481,0.03173586264152052,0.018653892778687984,0.0036337988847337838,0.011628744186729949,0.011628744186729949,0.0012107764985930603,0.0033913497072242506,0.0043611464172623815,0.018653892778687984,0.07461704050370654,0.018653892778687984,0.03730778555737597,0.09327093328239451,0.09327093328239451,0.9317365973359978,0.018653892778687984,0.018653892778687984,0.018653892778687984,0.018653892778687984,0.007510046946977099,0.005571922915855442,0.0019381240311216583,0.0019381240311216583,0.018653892778687984
20260319-DiscoveryPlate-R2-J10,J10,Sample,DiscoveryPlate-R2-GES33,1.855,12.0,4.0,2.7,1.9,0.0,0.0,50.0,112.5,1.0,1.0,1.0,0.02,2.0,0.308,2000.0,1.8,5.0,1705168.0,2026-03-19 00:00:00,ext,M,20260319-DiscoveryPlate-R2,AR-977,AR-954,new-Jon,AR-970,AR-971,AR-972,AR-973,AR-702,Unknown,AR-959,AR-967,AR-969,AR-902,Unknown,Unknown,Unknown,AR-1028,AR-905,AR-975,10.0,True,0.0140034085315662,3.253924391293067,0.8380146401288922,0.0003293675524351,4.144023779007038,20260319-DiscoveryPlate-R2-SMS,Cytation5,deGFP,Labcraft,0.0,0.13033626966226097,0.0036337988847337838,0.04094158444210975,0.015020093893954199,0.0021805732086311908,0.007025148591958035,0.023499937550969432,0.01792801463511399,0.0014532256761025928,0.07461704050370654,0.007510046946977099,0.011871193364239481,0.03173586264152052,0.018653892778687984,0.0036337988847337838,0.011628744186729949,0.011628744186729949,0.0012107764985930603,0.0033913497072242506,0.0043611464172623815,0.018653892778687984,0.07461704050370654,0.018653892778687984,0.03730778555737597,0.09327093328239451,0.09327093328239451,0.9317365973359978,0.018653892778687984,0.018653892778687984,0.018653892778687984,0.018653892778687984,0.007510046946977099,0.005571922915855442,0.0019381240311216583,0.0019381240311216583,0.018653892778687984
20260319-DiscoveryPlate-R2-J11,J11,Sample,DiscoveryPlate-R2-GES17,3.36,8.0,33.0,2.2,1.5,0.0,0.0,50.0,112.5,1.0,1.0,1.0,0.02,2.0,0.399,2000.0,1.8,5.0,1705168.0,2026-03-19 00:00:00,ext,M,20260319-DiscoveryPlate-R2,AR-977,AR-954,new-Jon,AR-970,AR-971,AR-972,AR-973,AR-702,Unknown,AR-959,AR-967,AR-969,AR-902,Unknown,Unknown,Unknown,AR-1028,AR-905,AR-975,10.0,True,0.4523732372955977,2.438525926125776,1.0076794493335206,0.010345809303473,4.08775940816543,20260319-DiscoveryPlate-R2-SMS,Cytation5,deGFP,Labcraft,0.0,0.13033626966226097,0.0036337988847337838,0.04094158444210975,0.015020093893954199,0.0021805732086311908,0.007025148591958035,0.023499937550969432,0.01792801463511399,0.0014532256761025928,0.07461704050370654,0.007510046946977099,0.011871193364239481,0.03173586264152052,0.018653892778687984,0.0036337988847337838,0.011628744186729949,0.011628744186729949,0.0012107764985930603,0.0033913497072242506,0.0043611464172623815,0.018653892778687984,0.07461704050370654,0.018653892778687984,0.03730778555737597,0.09327093328239451,0.09327093328239451,0.9317365973359978,0.018653892778687984,0.018653892778687984,0.018653892778687984,0.018653892778687984,0.007510046946977099,0.005571922915855442,0.0019381240311216583,0.0019381240311216583,0.018653892778687984
20260319-DiscoveryPlate-R2-J12,J12,Sample,DiscoveryPlate-R2-GES1,3.15,8.0,22.0,1.9,2.3,0.0,0.0,50.0,97.5,1.0,1.0,1.0,0.02,2.0,0.399,2000.0,1.8,5.0,1705168.0,2026-03-19 00:00:00,ext,M,20260319-DiscoveryPlate-R2,AR-977,AR-954,new-Jon,AR-970,AR-971,AR-972,AR-973,AR-702,Unknown,AR-959,AR-967,AR-969,AR-902,Unknown,Unknown,Unknown,AR-1028,AR-905,AR-975,10.0,True,0.592080627725501,1.972325650955164,1.1404121483551444,0.0106900568066623,6.006111111111111,20260319-DiscoveryPlate-R2-SMS,Cytation5,deGFP,Labcraft,0.0,0.13033626966226097,0.0036337988847337838,0.04094158444210975,0.015020093893954199,0.0021805732086311908,0.007025148591958035,0.023499937550969432,0.01792801463511399,0.0014532256761025928,0.07461704050370654,0.007510046946977099,0.011871193364239481,0.03173586264152052,0.018653892778687984,0.0036337988847337838,0.011628744186729949,0.011628744186729949,0.0012107764985930603,0.0033913497072242506,0.0043611464172623815,0.018653892778687984,0.07461704050370654,0.018653892778687984,0.03730778555737597,0.09327093328239451,0.09327093328239451,0.9317365973359978,0.018653892778687984,0.018653892778687984,0.018653892778687984,0.018653892778687984,0.007510046946977099,0.005571922915855442,0.0019381240311216583,0.0019381240311216583,0.018653892778687984
20260319-DiscoveryPlate-R2-J13,J13,Sample,DiscoveryPlate-R2-GES23,2.345,2.0,42.0,2.9,1.7,0.0,0.0,50.0,77.5,1.0,1.0,1.0,0.02,2.0,0.3605,2000.0,1.8,5.0,1705168.0,2026-03-19 00:00:00,ext,M,20260319-DiscoveryPlate-R2,AR-977,AR-954,new-Jon,AR-970,AR-971,AR-972,AR-973,AR-702,Unknown,AR-959,AR-967,AR-969,AR-902,Unknown,Unknown,Unknown,AR-1028,AR-905,AR-975,10.0,True,0.0031593222742912,1.1459757422694303,3.75608550321392,-0.000157450148048,3.933943810490747,20260319-DiscoveryPlate-R2-SMS,Cytation5,deGFP,Labcraft,0.0,0.13033626966226097,0.0036337988847337838,0.04094158444210975,0.015020093893954199,0.0021805732086311908,0.007025148591958035,0.023499937550969432,0.01792801463511399,0.0014532256761025928,0.07461704050370654,0.007510046946977099,0.011871193364239481,0.03173586264152052,0.018653892778687984,0.0036337988847337838,0.011628744186729949,0.011628744186729949,0.0012107764985930603,0.0033913497072242506,0.0043611464172623815,0.018653892778687984,0.07461704050370654,0.018653892778687984,0.03730778555737597,0.09327093328239451,0.09327093328239451,0.9317365973359978,0.018653892778687984,0.018653892778687984,0.018653892778687984,0.018653892778687984,0.007510046946977099,0.005571922915855442,0.0019381240311216583,0.0019381240311216583,0.018653892778687984
20260319-DiscoveryPlate-R2-J14,J14,Sample,DiscoveryPlate-R2-GES22,2.94,7.0,0.0,3.5,2.1,0.0,0.0,50.0,125.0,1.0,1.0,1.0,0.02,2.0,0.3395,2000.0,1.8,5.0,1705168.0,2026-03-19 00:00:00,ext,M,20260319-DiscoveryPlate-R2,AR-977,AR-954,new-Jon,AR-970,AR-971,AR-972,AR-973,AR-702,Unknown,AR-959,AR-967,AR-969,AR-902,Unknown,Unknown,Unknown,AR-1028,AR-905,AR-975,10.0,True,0.1200866184239741,3.0474949070259494,0.9748072986397732,0.0013163355746873,4.121798718091758,20260319-DiscoveryPlate-R2-SMS,Cytation5,deGFP,Labcraft,0.0,0.13033626966226097,0.0036337988847337838,0.04094158444210975,0.015020093893954199,0.0021805732086311908,0.007025148591958035,0.023499937550969432,0.01792801463511399,0.0014532256761025928,0.07461704050370654,0.007510046946977099,0.011871193364239481,0.03173586264152052,0.018653892778687984,0.0036337988847337838,0.011628744186729949,0.011628744186729949,0.0012107764985930603,0.0033913497072242506,0.0043611464172623815,0.018653892778687984,0.07461704050370654,0.018653892778687984,0.03730778555737597,0.09327093328239451,0.09327093328239451,0.9317365973359978,0.018653892778687984,0.018653892778687984,0.018653892778687984,0.018653892778687984,0.007510046946977099,0.005571922915855442,0.0019381240311216583,0.0019381240311216583,0.018653892778687984
20260319-DiscoveryPlate-R2-J15,J15,Sample,DiscoveryPlate-R2-GES3,1.855,7.0,45.0,2.9,2.0,0.0,0.0,50.0,77.5,1.0,1.0,1.0,0.02,2.0,0.2975,2000.0,1.8,5.0,1705168.0,2026-03-19 00:00:00,ext,M,20260319-DiscoveryPlate-R2,AR-977,AR-954,new-Jon,AR-970,AR-971,AR-972,AR-973,AR-702,Unknown,AR-959,AR-967,AR-969,AR-902,Unknown,Unknown,Unknown,AR-1028,AR-905,AR-975,10.0,True,0.0268579374240168,2.9071280404268696,0.9211901988591809,0.0004283283259063,4.103606040179555,20260319-DiscoveryPlate-R2-SMS,Cytation5,deGFP,Labcraft,0.0,0.13033626966226097,0.0036337988847337838,0.04094158444210975,0.015020093893954199,0.0021805732086311908,0.007025148591958035,0.023499937550969432,0.01792801463511399,0.0014532256761025928,0.07461704050370654,0.007510046946977099,0.011871193364239481,0.03173586264152052,0.018653892778687984,0.0036337988847337838,0.011628744186729949,0.011628744186729949,0.0012107764985930603,0.0033913497072242506,0.0043611464172623815,0.018653892778687984,0.07461704050370654,0.018653892778687984,0.03730778555737597,0.09327093328239451,0.09327093328239451,0.9317365973359978,0.018653892778687984,0.018653892778687984,0.018653892778687984,0.018653892778687984,0.007510046946977099,0.005571922915855442,0.0019381240311216583,0.0019381240311216583,0.018653892778687984
20260319-DiscoveryPlate-R2-J9,J9,Sample,DiscoveryPlate-R2-GES6,3.99,8.0,13.0,2.8,2.1,0.0,0.0,50.0,102.5,1.0,1.0,1.0,0.02,2.0,0.3885,2000.0,1.8,5.0,1705168.0,2026-03-19 00:00:00,ext,M,20260319-DiscoveryPlate-R2,AR-977,AR-954,new-Jon,AR-970,AR-971,AR-972,AR-973,AR-702,Unknown,AR-959,AR-967,AR-969,AR-902,Unknown,Unknown,Unknown,AR-1028,AR-905,AR-975,10.0,True,0.341319302429543,2.8158598373091666,1.0340431504374656,0.0043590663078682,4.110760633372688,20260319-DiscoveryPlate-R2-SMS,Cytation5,deGFP,Labcraft,0.0,0.13033626966226097,0.0036337988847337838,0.04094158444210975,0.015020093893954199,0.0021805732086311908,0.007025148591958035,0.023499937550969432,0.01792801463511399,0.0014532256761025928,0.07461704050370654,0.007510046946977099,0.011871193364239481,0.03173586264152052,0.018653892778687984,0.0036337988847337838,0.011628744186729949,0.011628744186729949,0.0012107764985930603,0.0033913497072242506,0.0043611464172623815,0.018653892778687984,0.07461704050370654,0.018653892778687984,0.03730778555737597,0.09327093328239451,0.09327093328239451,0.9317365973359978,0.018653892778687984,0.018653892778687984,0.018653892778687984,0.018653892778687984,0.007510046946977099,0.005571922915855442,0.0019381240311216583,0.0019381240311216583,0.018653892778687984
Genscript-PPK-custom-Smix-B10,B10,Sample,CP/CK 8mM Mg2+,3.5,8.0,20.0,2.0,2.0,0.0,0.0,50.0,100.0,1.0,1.0,1.0,0.02,2.0,0.3,0.0,1.8,2.98,206621,2026-03-25 00:00:00,35,F,Genscript-PPK-custom-Smix,Unknown,Unknown,Unknown,Unknown,Unknown,Unknown,Unknown,Unknown,Unknown,Unknown,Unknown,Unknown,AR-900,Unknown,Unknown,Unknown,AR-804,NEB Sol B,NEB Sol B,10.0,True,1.2563761123348889,3.305336290526856,1.0482420315103702,0.0343702488522332,2.311702147488126,3X Smix+tRNA-CP-Mg,Synergy 2,plamGFP,R&D,2.0,0.13033626966226097,0.0036337988847337838,0.04094158444210975,0.015020093893954199,0.0021805732086311908,0.007025148591958035,0.023499937550969432,0.01792801463511399,0.0014532256761025928,0.07461704050370654,0.007510046946977099,0.011871193364239481,0.03173586264152052,0.018653892778687984,0.0036337988847337838,0.011628744186729949,0.011628744186729949,0.0012107764985930603,0.0033913497072242506,0.0043611464172623815,0.018653892778687984,0.07461704050370654,0.018653892778687984,0.03730778555737597,0.09327093328239451,0.09327093328239451,0.9317365973359978,0.018653892778687984,0.018653892778687984,0.018653892778687984,0.018653892778687984,0.007510046946977099,0.005571922915855442,0.0019381240311216583,0.0019381240311216583,0.018653892778687984
Genscript-PPK-custom-Smix-B12,B12,Sample,CP/CK 8mM Mg2+,3.5,8.0,20.0,2.0,2.0,0.0,0.0,50.0,100.0,1.0,1.0,1.0,0.02,2.0,0.3,0.0,1.8,2.98,206621,2026-03-25 00:00:00,35,F,Genscript-PPK-custom-Smix,Unknown,Unknown,Unknown,Unknown,Unknown,Unknown,Unknown,Unknown,Unknown,Unknown,Unknown,Unknown,AR-900,Unknown,Unknown,Unknown,AR-804,NEB Sol B,NEB Sol B,10.0,True,1.0420380159871072,3.334150326603428,1.031696089852239,0.0295180133470207,2.357188950230949,3X Smix+tRNA-CP-Mg,Synergy 2,plamGFP,R&D,2.0,0.13033626966226097,0.0036337988847337838,0.04094158444210975,0.015020093893954199,0.0021805732086311908,0.007025148591958035,0.023499937550969432,0.01792801463511399,0.0014532256761025928,0.07461704050370654,0.007510046946977099,0.011871193364239481,0.03173586264152052,0.018653892778687984,0.0036337988847337838,0.011628744186729949,0.011628744186729949,0.0012107764985930603,0.0033913497072242506,0.0043611464172623815,0.018653892778687984,0.07461704050370654,0.018653892778687984,0.03730778555737597,0.09327093328239451,0.09327093328239451,0.9317365973359978,0.018653892778687984,0.018653892778687984,0.018653892778687984,0.018653892778687984,0.007510046946977099,0.005571922915855442,0.0019381240311216583,0.0019381240311216583,0.018653892778687984
Genscript-PPK-custom-Smix-B8,B8,Sample,CP/CK 8mM Mg2+,3.5,8.0,20.0,2.0,2.0,0.0,0.0,50.0,100.0,1.0,1.0,1.0,0.02,2.0,0.3,0.0,1.8,2.98,206621,2026-03-25 00:00:00,35,F,Genscript-PPK-custom-Smix,Unknown,Unknown,Unknown,Unknown,Unknown,Unknown,Unknown,Unknown,Unknown,Unknown,Unknown,Unknown,AR-900,Unknown,Unknown,Unknown,AR-804,NEB Sol B,NEB Sol B,10.0,True,1.357799657852064,3.2817803526179423,1.0511020398630904,0.0358836003375416,2.3774343514989638,3X Smix+tRNA-CP-Mg,Synergy 2,plamGFP,R&D,2.0,0.13033626966226097,0.0036337988847337838,0.04094158444210975,0.015020093893954199,0.0021805732086311908,0.007025148591958035,0.023499937550969432,0.01792801463511399,0.0014532256761025928,0.07461704050370654,0.007510046946977099,0.011871193364239481,0.03173586264152052,0.018653892778687984,0.0036337988847337838,0.011628744186729949,0.011628744186729949,0.0012107764985930603,0.0033913497072242506,0.0043611464172623815,0.018653892778687984,0.07461704050370654,0.018653892778687984,0.03730778555737597,0.09327093328239451,0.09327093328239451,0.9317365973359978,0.018653892778687984,0.018653892778687984,0.018653892778687984,0.018653892778687984,0.007510046946977099,0.005571922915855442,0.0019381240311216583,0.0019381240311216583,0.018653892778687984
Genscript-PPK-custom-Smix-D10,D10,Sample,CP/CK + polyP + 18 mM Mg,3.5,18.0,20.0,2.0,2.0,0.0,30.0,50.0,100.0,1.0,1.0,1.0,0.02,2.0,0.3,0.0,1.8,2.98,206621,2026-03-25 00:00:00,35,F,Genscript-PPK-custom-Smix,Unknown,Unknown,Unknown,Unknown,Unknown,Unknown,Unknown,Unknown,Unknown,Unknown,Unknown,Unknown,AR-900,Unknown,Unknown,Unknown,AR-804,NEB Sol B,NEB Sol B,10.0,True,3.4296165653057904,2.628195600994695,1.2204155241506098,0.0836279984418902,2.8985494449878377,3X Smix+tRNA-CP-Mg,Synergy 2,plamGFP,R&D,2.0,0.13033626966226097,0.0036337988847337838,0.04094158444210975,0.015020093893954199,0.0021805732086311908,0.007025148591958035,0.023499937550969432,0.01792801463511399,0.0014532256761025928,0.07461704050370654,0.007510046946977099,0.011871193364239481,0.03173586264152052,0.018653892778687984,0.0036337988847337838,0.011628744186729949,0.011628744186729949,0.0012107764985930603,0.0033913497072242506,0.0043611464172623815,0.018653892778687984,0.07461704050370654,0.018653892778687984,0.03730778555737597,0.09327093328239451,0.09327093328239451,0.9317365973359978,0.018653892778687984,0.018653892778687984,0.018653892778687984,0.018653892778687984,0.007510046946977099,0.005571922915855442,0.0019381240311216583,0.0019381240311216583,0.018653892778687984
Genscript-PPK-custom-Smix-D12,D12,Sample,CP/CK + polyP + 18 mM Mg,3.5,18.0,20.0,2.0,2.0,0.0,30.0,50.0,100.0,1.0,1.0,1.0,0.02,2.0,0.3,0.0,1.8,2.98,206621,2026-03-25 00:00:00,35,F,Genscript-PPK-custom-Smix,Unknown,Unknown,Unknown,Unknown,Unknown,Unknown,Unknown,Unknown,Unknown,Unknown,Unknown,Unknown,AR-900,Unknown,Unknown,Unknown,AR-804,NEB Sol B,NEB Sol B,10.0,True,2.4980515523117663,2.7695885673984004,1.1832050018083295,0.0701211449546427,2.5494154779070968,3X Smix+tRNA-CP-Mg,Synergy 2,plamGFP,R&D,2.0,0.13033626966226097,0.0036337988847337838,0.04094158444210975,0.015020093893954199,0.0021805732086311908,0.007025148591958035,0.023499937550969432,0.01792801463511399,0.0014532256761025928,0.07461704050370654,0.007510046946977099,0.011871193364239481,0.03173586264152052,0.018653892778687984,0.0036337988847337838,0.011628744186729949,0.011628744186729949,0.0012107764985930603,0.0033913497072242506,0.0043611464172623815,0.018653892778687984,0.07461704050370654,0.018653892778687984,0.03730778555737597,0.09327093328239451,0.09327093328239451,0.9317365973359978,0.018653892778687984,0.018653892778687984,0.018653892778687984,0.018653892778687984,0.007510046946977099,0.005571922915855442,0.0019381240311216583,0.0019381240311216583,0.018653892778687984
Genscript-PPK-custom-Smix-D8,D8,Sample,CP/CK + polyP + 18 mM Mg,3.5,18.0,20.0,2.0,2.0,0.0,30.0,50.0,100.0,1.0,1.0,1.0,0.02,2.0,0.3,0.0,1.8,2.98,206621,2026-03-25 00:00:00,35,F,Genscript-PPK-custom-Smix,Unknown,Unknown,Unknown,Unknown,Unknown,Unknown,Unknown,Unknown,Unknown,Unknown,Unknown,Unknown,AR-900,Unknown,Unknown,Unknown,AR-804,NEB Sol B,NEB Sol B,10.0,True,3.720515758526708,2.4451375889386124,1.2444380880563162,0.083169605299576,3.464067324362585,3X Smix+tRNA-CP-Mg,Synergy 2,plamGFP,R&D,2.0,0.13033626966226097,0.0036337988847337838,0.04094158444210975,0.015020093893954199,0.0021805732086311908,0.007025148591958035,0.023499937550969432,0.01792801463511399,0.0014532256761025928,0.07461704050370654,0.007510046946977099,0.011871193364239481,0.03173586264152052,0.018653892778687984,0.0036337988847337838,0.011628744186729949,0.011628744186729949,0.0012107764985930603,0.0033913497072242506,0.0043611464172623815,0.018653892778687984,0.07461704050370654,0.018653892778687984,0.03730778555737597,0.09327093328239451,0.09327093328239451,0.9317365973359978,0.018653892778687984,0.018653892778687984,0.018653892778687984,0.018653892778687984,0.007510046946977099,0.005571922915855442,0.0019381240311216583,0.0019381240311216583,0.018653892778687984
Genscript-PPK-custom-Smix-F10,F10,Sample,PPK/polyP + 18 mM Mg2+,3.5,18.0,0.0,2.0,2.0,1.958,30.0,50.0,100.0,1.0,1.0,1.0,0.02,2.0,0.3,0.0,1.8,2.98,206621,2026-03-25 00:00:00,35,F,Genscript-PPK-custom-Smix,Unknown,Unknown,Unknown,Unknown,Unknown,Unknown,Unknown,Unknown,Unknown,Unknown,Unknown,Unknown,AR-900,Unknown,Unknown,Genscript,AR-804,NEB Sol B,NEB Sol B,10.0,True,0.7494074563625974,5.364843265218225,0.7523685741945053,0.0238409327021156,1.831147555569691,3X Smix+tRNA-CP-Mg,Synergy 2,plamGFP,R&D,2.0,0.13033626966226097,0.0036337988847337838,0.04094158444210975,0.015020093893954199,0.0021805732086311908,0.007025148591958035,0.023499937550969432,0.01792801463511399,0.0014532256761025928,0.07461704050370654,0.007510046946977099,0.011871193364239481,0.03173586264152052,0.018653892778687984,0.0036337988847337838,0.011628744186729949,0.011628744186729949,0.0012107764985930603,0.0033913497072242506,0.0043611464172623815,0.018653892778687984,0.07461704050370654,0.018653892778687984,0.03730778555737597,0.09327093328239451,0.09327093328239451,0.9317365973359978,0.018653892778687984,0.018653892778687984,0.018653892778687984,0.018653892778687984,0.007510046946977099,0.005571922915855442,0.0019381240311216583,0.0019381240311216583,0.018653892778687984
Genscript-PPK-custom-Smix-F12,F12,Sample,PPK/polyP + 18 mM Mg2+,3.5,18.0,0.0,2.0,2.0,1.958,30.0,50.0,100.0,1.0,1.0,1.0,0.02,2.0,0.3,0.0,1.8,2.98,206621,2026-03-25 00:00:00,35,F,Genscript-PPK-custom-Smix,Unknown,Unknown,Unknown,Unknown,Unknown,Unknown,Unknown,Unknown,Unknown,Unknown,Unknown,Unknown,AR-900,Unknown,Unknown,Genscript,AR-804,NEB Sol B,NEB Sol B,10.0,True,0.722869938532046,5.432829500499129,0.7617404951457152,0.0233844065293483,1.70140983268746,3X Smix+tRNA-CP-Mg,Synergy 2,plamGFP,R&D,2.0,0.13033626966226097,0.0036337988847337838,0.04094158444210975,0.015020093893954199,0.0021805732086311908,0.007025148591958035,0.023499937550969432,0.01792801463511399,0.0014532256761025928,0.07461704050370654,0.007510046946977099,0.011871193364239481,0.03173586264152052,0.018653892778687984,0.0036337988847337838,0.011628744186729949,0.011628744186729949,0.0012107764985930603,0.0033913497072242506,0.0043611464172623815,0.018653892778687984,0.07461704050370654,0.018653892778687984,0.03730778555737597,0.09327093328239451,0.09327093328239451,0.9317365973359978,0.018653892778687984,0.018653892778687984,0.018653892778687984,0.018653892778687984,0.007510046946977099,0.005571922915855442,0.0019381240311216583,0.0019381240311216583,0.018653892778687984
Genscript-PPK-custom-Smix-F8,F8,Sample,PPK/polyP + 18 mM Mg2+,3.5,18.0,0.0,2.0,2.0,1.958,30.0,50.0,100.0,1.0,1.0,1.0,0.02,2.0,0.3,0.0,1.8,2.98,206621,2026-03-25 00:00:00,35,F,Genscript-PPK-custom-Smix,Unknown,Unknown,Unknown,Unknown,Unknown,Unknown,Unknown,Unknown,Unknown,Unknown,Unknown,Unknown,AR-900,Unknown,Unknown,Genscript,AR-804,NEB Sol B,NEB Sol B,10.0,True,0.7500208794298814,5.343934178295671,0.7341613755604924,0.0245819513759349,1.8861508323391376,3X Smix+tRNA-CP-Mg,Synergy 2,plamGFP,R&D,2.0,0.13033626966226097,0.0036337988847337838,0.04094158444210975,0.015020093893954199,0.0021805732086311908,0.007025148591958035,0.023499937550969432,0.01792801463511399,0.0014532256761025928,0.07461704050370654,0.007510046946977099,0.011871193364239481,0.03173586264152052,0.018653892778687984,0.0036337988847337838,0.011628744186729949,0.011628744186729949,0.0012107764985930603,0.0033913497072242506,0.0043611464172623815,0.018653892778687984,0.07461704050370654,0.018653892778687984,0.03730778555737597,0.09327093328239451,0.09327093328239451,0.9317365973359978,0.018653892778687984,0.018653892778687984,0.018653892778687984,0.018653892778687984,0.007510046946977099,0.005571922915855442,0.0019381240311216583,0.0019381240311216583,0.018653892778687984
Genscript-PPK-custom-Smix-H10,H10,Sample,CP/CK + PPK/polyP + 18 mM Mg2+,3.5,18.0,20.0,2.0,2.0,1.958,30.0,50.0,100.0,1.0,1.0,1.0,0.02,2.0,0.3,0.0,1.8,2.98,206621,2026-03-25 00:00:00,35,F,Genscript-PPK-custom-Smix,Unknown,Unknown,Unknown,Unknown,Unknown,Unknown,Unknown,Unknown,Unknown,Unknown,Unknown,Unknown,AR-900,Unknown,Unknown,Genscript,AR-804,NEB Sol B,NEB Sol B,10.0,True,3.2436406002567457,2.506246071312162,1.2404576749090284,0.0874164693844253,2.8848515999498567,3X Smix+tRNA-CP-Mg,Synergy 2,plamGFP,R&D,2.0,0.13033626966226097,0.0036337988847337838,0.04094158444210975,0.015020093893954199,0.0021805732086311908,0.007025148591958035,0.023499937550969432,0.01792801463511399,0.0014532256761025928,0.07461704050370654,0.007510046946977099,0.011871193364239481,0.03173586264152052,0.018653892778687984,0.0036337988847337838,0.011628744186729949,0.011628744186729949,0.0012107764985930603,0.0033913497072242506,0.0043611464172623815,0.018653892778687984,0.07461704050370654,0.018653892778687984,0.03730778555737597,0.09327093328239451,0.09327093328239451,0.9317365973359978,0.018653892778687984,0.018653892778687984,0.018653892778687984,0.018653892778687984,0.007510046946977099,0.005571922915855442,0.0019381240311216583,0.0019381240311216583,0.018653892778687984
Genscript-PPK-custom-Smix-H12,H12,Sample,CP/CK + PPK/polyP + 18 mM Mg2+,3.5,18.0,20.0,2.0,2.0,1.958,30.0,50.0,100.0,1.0,1.0,1.0,0.02,2.0,0.3,0.0,1.8,2.98,206621,2026-03-25 00:00:00,35,F,Genscript-PPK-custom-Smix,Unknown,Unknown,Unknown,Unknown,Unknown,Unknown,Unknown,Unknown,Unknown,Unknown,Unknown,Unknown,AR-900,Unknown,Unknown,Genscript,AR-804,NEB Sol B,NEB Sol B,10.0,True,2.6513814652707315,2.6509358275095365,1.2094380999769532,0.0772122381101844,2.5850852549724794,3X Smix+tRNA-CP-Mg,Synergy 2,plamGFP,R&D,2.0,0.13033626966226097,0.0036337988847337838,0.04094158444210975,0.015020093893954199,0.0021805732086311908,0.007025148591958035,0.023499937550969432,0.01792801463511399,0.0014532256761025928,0.07461704050370654,0.007510046946977099,0.011871193364239481,0.03173586264152052,0.018653892778687984,0.0036337988847337838,0.011628744186729949,0.011628744186729949,0.0012107764985930603,0.0033913497072242506,0.0043611464172623815,0.018653892778687984,0.07461704050370654,0.018653892778687984,0.03730778555737597,0.09327093328239451,0.09327093328239451,0.9317365973359978,0.018653892778687984,0.018653892778687984,0.018653892778687984,0.018653892778687984,0.007510046946977099,0.005571922915855442,0.0019381240311216583,0.0019381240311216583,0.018653892778687984
Genscript-PPK-custom-Smix-H8,H8,Sample,CP/CK + PPK/polyP + 18 mM Mg2+,3.5,18.0,20.0,2.0,2.0,1.958,30.0,50.0,100.0,1.0,1.0,1.0,0.02,2.0,0.3,0.0,1.8,2.98,206621,2026-03-25 00:00:00,35,F,Genscript-PPK-custom-Smix,Unknown,Unknown,Unknown,Unknown,Unknown,Unknown,Unknown,Unknown,Unknown,Unknown,Unknown,Unknown,AR-900,Unknown,Unknown,Genscript,AR-804,NEB Sol B,NEB Sol B,10.0,True,3.8630579422921256,2.1088558548172043,1.3086355882033385,0.0859915207984994,4.266793630256247,3X Smix+tRNA-CP-Mg,Synergy 2,plamGFP,R&D,2.0,0.13033626966226097,0.0036337988847337838,0.04094158444210975,0.015020093893954199,0.0021805732086311908,0.007025148591958035,0.023499937550969432,0.01792801463511399,0.0014532256761025928,0.07461704050370654,0.007510046946977099,0.011871193364239481,0.03173586264152052,0.018653892778687984,0.0036337988847337838,0.011628744186729949,0.011628744186729949,0.0012107764985930603,0.0033913497072242506,0.0043611464172623815,0.018653892778687984,0.07461704050370654,0.018653892778687984,0.03730778555737597,0.09327093328239451,0.09327093328239451,0.9317365973359978,0.018653892778687984,0.018653892778687984,0.018653892778687984,0.018653892778687984,0.007510046946977099,0.005571922915855442,0.0019381240311216583,0.0019381240311216583,0.018653892778687984
Genscript-PPK-custom-Smix-J10,J10,Control,PURExpress Positive Control,3.5,0.0,0.0,2.0,2.0,0.0,0.0,50.0,100.0,1.0,1.0,1.0,0.02,2.0,0.3,0.0,1.8,2.98,206621,2026-03-25 00:00:00,35,F,Genscript-PPK-custom-Smix,NEB Sol A,NEB Sol A,NEB Sol A,NEB Sol A,NEB Sol A,NEB Sol A,NEB Sol A,NEB Sol A,NEB Sol A,NEB Sol A,NEB Sol A,NEB Sol A,NEB Sol B,Unknown,NEB Sol A,NEB Sol A,AR-804,NEB Sol B,NEB Sol B,10.0,True,2.272708457068702,2.7211988747986924,1.2625719427455442,0.0697368801582427,2.52918080028883,NEB Sol A,Synergy 2,plamGFP,R&D,0.0,0.13033626966226097,0.0036337988847337838,0.04094158444210975,0.015020093893954199,0.0021805732086311908,0.007025148591958035,0.023499937550969432,0.01792801463511399,0.0014532256761025928,0.07461704050370654,0.007510046946977099,0.011871193364239481,0.03173586264152052,0.018653892778687984,0.0036337988847337838,0.011628744186729949,0.011628744186729949,0.0012107764985930603,0.0033913497072242506,0.0043611464172623815,0.018653892778687984,0.07461704050370654,0.018653892778687984,0.03730778555737597,0.09327093328239451,0.09327093328239451,0.9317365973359978,0.018653892778687984,0.018653892778687984,0.018653892778687984,0.018653892778687984,0.007510046946977099,0.005571922915855442,0.0019381240311216583,0.0019381240311216583,0.018653892778687984
Genscript-PPK-custom-Smix-J12,J12,Control,PURExpress Positive Control,3.5,0.0,0.0,2.0,2.0,0.0,0.0,50.0,100.0,1.0,1.0,1.0,0.02,2.0,0.3,0.0,1.8,2.98,206621,2026-03-25 00:00:00,35,F,Genscript-PPK-custom-Smix,NEB Sol A,NEB Sol A,NEB Sol A,NEB Sol A,NEB Sol A,NEB Sol A,NEB Sol A,NEB Sol A,NEB Sol A,NEB Sol A,NEB Sol A,NEB Sol A,NEB Sol B,Unknown,NEB Sol A,NEB Sol A,AR-804,NEB Sol B,NEB Sol B,10.0,True,2.2262024767386923,2.731663142791939,1.2583010764420122,0.0710574007898433,2.440368045644653,NEB Sol A,Synergy 2,plamGFP,R&D,0.0,0.13033626966226097,0.0036337988847337838,0.04094158444210975,0.015020093893954199,0.0021805732086311908,0.007025148591958035,0.023499937550969432,0.01792801463511399,0.0014532256761025928,0.07461704050370654,0.007510046946977099,0.011871193364239481,0.03173586264152052,0.018653892778687984,0.0036337988847337838,0.011628744186729949,0.011628744186729949,0.0012107764985930603,0.0033913497072242506,0.0043611464172623815,0.018653892778687984,0.07461704050370654,0.018653892778687984,0.03730778555737597,0.09327093328239451,0.09327093328239451,0.9317365973359978,0.018653892778687984,0.018653892778687984,0.018653892778687984,0.018653892778687984,0.007510046946977099,0.005571922915855442,0.0019381240311216583,0.0019381240311216583,0.018653892778687984
Genscript-PPK-custom-Smix-J8,J8,Control,PURExpress Positive Control,3.5,0.0,0.0,2.0,2.0,0.0,0.0,50.0,100.0,1.0,1.0,1.0,0.02,2.0,0.3,0.0,1.8,2.98,206621,2026-03-25 00:00:00,35,F,Genscript-PPK-custom-Smix,NEB Sol A,NEB Sol A,NEB Sol A,NEB Sol A,NEB Sol A,NEB Sol A,NEB Sol A,NEB Sol A,NEB Sol A,NEB Sol A,NEB Sol A,NEB Sol A,NEB Sol B,Unknown,NEB Sol A,NEB Sol A,AR-804,NEB Sol B,NEB Sol B,10.0,True,2.253557113431209,2.737919322812881,1.254554771037744,0.0686776526697491,2.544730506591023,NEB Sol A,Synergy 2,plamGFP,R&D,0.0,0.13033626966226097,0.0036337988847337838,0.04094158444210975,0.015020093893954199,0.0021805732086311908,0.007025148591958035,0.023499937550969432,0.01792801463511399,0.0014532256761025928,0.07461704050370654,0.007510046946977099,0.011871193364239481,0.03173586264152052,0.018653892778687984,0.0036337988847337838,0.011628744186729949,0.011628744186729949,0.0012107764985930603,0.0033913497072242506,0.0043611464172623815,0.018653892778687984,0.07461704050370654,0.018653892778687984,0.03730778555737597,0.09327093328239451,0.09327093328239451,0.9317365973359978,0.018653892778687984,0.018653892778687984,0.018653892778687984,0.018653892778687984,0.007510046946977099,0.005571922915855442,0.0019381240311216583,0.0019381240311216583,0.018653892778687984
tRNA AR-1035 Activity QC-B10,B10,Sample,tRNA AR-1035,3.494,8.0,20.0,2.0,2.0,0.0,0.0,50.0,100.0,1.0,1.0,1.0,0.02,2.0,0.3,2000.0,1.8,3.016304347826087,206621,2026-03-26 00:00:00,35,F,tRNA AR-1035 Activity QC,Unknown,Unknown,Unknown,Unknown,Unknown,Unknown,Unknown,Unknown,Unknown,Unknown,Unknown,Unknown,AR-1035,Unknown,Unknown,Unknown,AR-1028,AR-965,AR-1044,10.0,True,0.8937812951240386,3.731836721053709,0.6970111456847199,0.0101179172883133,5.734965080327995,AR-976,Synergy 2,deGFP,MFG,0.0,0.13033626966226097,0.0036337988847337838,0.04094158444210975,0.015020093893954199,0.0021805732086311908,0.007025148591958035,0.023499937550969432,0.01792801463511399,0.0014532256761025928,0.07461704050370654,0.007510046946977099,0.011871193364239481,0.03173586264152052,0.018653892778687984,0.0036337988847337838,0.011628744186729949,0.011628744186729949,0.0012107764985930603,0.0033913497072242506,0.0043611464172623815,0.018653892778687984,0.07461704050370654,0.018653892778687984,0.03730778555737597,0.09327093328239451,0.09327093328239451,0.9317365973359978,0.018653892778687984,0.018653892778687984,0.018653892778687984,0.018653892778687984,0.007510046946977099,0.005571922915855442,0.0019381240311216583,0.0019381240311216583,0.018653892778687984
tRNA AR-1035 Activity QC-B14,B14,Positive Control,Positive Control,3.5,8.0,20.0,2.0,2.0,0.0,0.0,50.0,100.0,1.0,1.0,1.0,0.02,2.0,0.3,2000.0,1.8,3.016304347826087,206621,2026-03-26 00:00:00,35,F,tRNA AR-1035 Activity QC,NEB Sol A,NEB Sol A,NEB Sol A,NEB Sol A,NEB Sol A,NEB Sol A,NEB Sol A,NEB Sol A,NEB Sol A,NEB Sol A,NEB Sol A,NEB Sol A,NEB Sol B,Unknown,NEB Sol A,NEB Sol A,AR-1028,NEB Sol B,NEB Sol B,10.0,True,1.1824413206379996,2.4576533160896368,0.9710578565358864,0.0173636053655053,6.016666666666667,NEB Sol A,Synergy 2,deGFP,MFG,0.0,0.13033626966226097,0.0036337988847337838,0.04094158444210975,0.015020093893954199,0.0021805732086311908,0.007025148591958035,0.023499937550969432,0.01792801463511399,0.0014532256761025928,0.07461704050370654,0.007510046946977099,0.011871193364239481,0.03173586264152052,0.018653892778687984,0.0036337988847337838,0.011628744186729949,0.011628744186729949,0.0012107764985930603,0.0033913497072242506,0.0043611464172623815,0.018653892778687984,0.07461704050370654,0.018653892778687984,0.03730778555737597,0.09327093328239451,0.09327093328239451,0.9317365973359978,0.018653892778687984,0.018653892778687984,0.018653892778687984,0.018653892778687984,0.007510046946977099,0.005571922915855442,0.0019381240311216583,0.0019381240311216583,0.018653892778687984
tRNA AR-1035 Activity QC-D10,D10,Sample,tRNA AR-1035,3.494,8.0,20.0,2.0,2.0,0.0,0.0,50.0,100.0,1.0,1.0,1.0,0.02,2.0,0.3,2000.0,1.8,3.016304347826087,206621,2026-03-26 00:00:00,35,F,tRNA AR-1035 Activity QC,Unknown,Unknown,Unknown,Unknown,Unknown,Unknown,Unknown,Unknown,Unknown,Unknown,Unknown,Unknown,AR-1035,Unknown,Unknown,Unknown,AR-1028,AR-965,AR-1044,10.0,True,0.8839994914744181,3.575651379387822,0.6976708231492734,0.0110439716004535,6.016666666666667,AR-976,Synergy 2,deGFP,MFG,0.0,0.13033626966226097,0.0036337988847337838,0.04094158444210975,0.015020093893954199,0.0021805732086311908,0.007025148591958035,0.023499937550969432,0.01792801463511399,0.0014532256761025928,0.07461704050370654,0.007510046946977099,0.011871193364239481,0.03173586264152052,0.018653892778687984,0.0036337988847337838,0.011628744186729949,0.011628744186729949,0.0012107764985930603,0.0033913497072242506,0.0043611464172623815,0.018653892778687984,0.07461704050370654,0.018653892778687984,0.03730778555737597,0.09327093328239451,0.09327093328239451,0.9317365973359978,0.018653892778687984,0.018653892778687984,0.018653892778687984,0.018653892778687984,0.007510046946977099,0.005571922915855442,0.0019381240311216583,0.0019381240311216583,0.018653892778687984
tRNA AR-1035 Activity QC-D14,D14,Positive Control,Positive Control,3.5,8.0,20.0,2.0,2.0,0.0,0.0,50.0,100.0,1.0,1.0,1.0,0.02,2.0,0.3,2000.0,1.8,3.016304347826087,206621,2026-03-26 00:00:00,35,F,tRNA AR-1035 Activity QC,NEB Sol A,NEB Sol A,NEB Sol A,NEB Sol A,NEB Sol A,NEB Sol A,NEB Sol A,NEB Sol A,NEB Sol A,NEB Sol A,NEB Sol A,NEB Sol A,NEB Sol B,Unknown,NEB Sol A,NEB Sol A,AR-1028,NEB Sol B,NEB Sol B,10.0,True,1.1949866628229315,2.4720881036647424,0.9619176631003512,0.0175430305031899,6.016666666666667,NEB Sol A,Synergy 2,deGFP,MFG,0.0,0.13033626966226097,0.0036337988847337838,0.04094158444210975,0.015020093893954199,0.0021805732086311908,0.007025148591958035,0.023499937550969432,0.01792801463511399,0.0014532256761025928,0.07461704050370654,0.007510046946977099,0.011871193364239481,0.03173586264152052,0.018653892778687984,0.0036337988847337838,0.011628744186729949,0.011628744186729949,0.0012107764985930603,0.0033913497072242506,0.0043611464172623815,0.018653892778687984,0.07461704050370654,0.018653892778687984,0.03730778555737597,0.09327093328239451,0.09327093328239451,0.9317365973359978,0.018653892778687984,0.018653892778687984,0.018653892778687984,0.018653892778687984,0.007510046946977099,0.005571922915855442,0.0019381240311216583,0.0019381240311216583,0.018653892778687984
tRNA AR-1035 Activity QC-F10,F10,Sample,tRNA AR-1035,3.494,8.0,20.0,2.0,2.0,0.0,0.0,50.0,100.0,1.0,1.0,1.0,0.02,2.0,0.3,2000.0,1.8,3.016304347826087,206621,2026-03-26 00:00:00,35,F,tRNA AR-1035 Activity QC,Unknown,Unknown,Unknown,Unknown,Unknown,Unknown,Unknown,Unknown,Unknown,Unknown,Unknown,Unknown,AR-1035,Unknown,Unknown,Unknown,AR-1028,AR-965,AR-1044,10.0,True,0.8868279292871115,3.538268595652152,0.6944742924397438,0.0114086228087748,6.016666666666667,AR-976,Synergy 2,deGFP,MFG,0.0,0.13033626966226097,0.0036337988847337838,0.04094158444210975,0.015020093893954199,0.0021805732086311908,0.007025148591958035,0.023499937550969432,0.01792801463511399,0.0014532256761025928,0.07461704050370654,0.007510046946977099,0.011871193364239481,0.03173586264152052,0.018653892778687984,0.0036337988847337838,0.011628744186729949,0.011628744186729949,0.0012107764985930603,0.0033913497072242506,0.0043611464172623815,0.018653892778687984,0.07461704050370654,0.018653892778687984,0.03730778555737597,0.09327093328239451,0.09327093328239451,0.9317365973359978,0.018653892778687984,0.018653892778687984,0.018653892778687984,0.018653892778687984,0.007510046946977099,0.005571922915855442,0.0019381240311216583,0.0019381240311216583,0.018653892778687984
tRNA AR-1035 Activity QC-F14,F14,Positive Control,Positive Control,3.5,8.0,20.0,2.0,2.0,0.0,0.0,50.0,100.0,1.0,1.0,1.0,0.02,2.0,0.3,2000.0,1.8,3.016304347826087,206621,2026-03-26 00:00:00,35,F,tRNA AR-1035 Activity QC,NEB Sol A,NEB Sol A,NEB Sol A,NEB Sol A,NEB Sol A,NEB Sol A,NEB Sol A,NEB Sol A,NEB Sol A,NEB Sol A,NEB Sol A,NEB Sol A,NEB Sol B,Unknown,NEB Sol A,NEB Sol A,AR-1028,NEB Sol B,NEB Sol B,10.0,True,1.1299327243079844,2.386671746328746,0.97370066924398,0.0177073776535061,6.016666666666667,NEB Sol A,Synergy 2,deGFP,MFG,0.0,0.13033626966226097,0.0036337988847337838,0.04094158444210975,0.015020093893954199,0.0021805732086311908,0.007025148591958035,0.023499937550969432,0.01792801463511399,0.0014532256761025928,0.07461704050370654,0.007510046946977099,0.011871193364239481,0.03173586264152052,0.018653892778687984,0.0036337988847337838,0.011628744186729949,0.011628744186729949,0.0012107764985930603,0.0033913497072242506,0.0043611464172623815,0.018653892778687984,0.07461704050370654,0.018653892778687984,0.03730778555737597,0.09327093328239451,0.09327093328239451,0.9317365973359978,0.018653892778687984,0.018653892778687984,0.018653892778687984,0.018653892778687984,0.007510046946977099,0.005571922915855442,0.0019381240311216583,0.0019381240311216583,0.018653892778687984
Ribosome-MFG-194-AR-1076-AR-1077-Activity-QC-B16,B16,Positive Control,Positive Control,3.5,8.0,20.0,2.0,2.0,0.0,0.0,50.0,100.0,1.0,1.0,1.0,0.02,2.0,0.3,2000.0,1.8,3.016304347826087,1705168,2026-03-30 00:00:00,ext,M,Ribosome-MFG-194-AR-1076-AR-1077-Activity-QC,NEB Sol A,NEB Sol A,NEB Sol A,NEB Sol A,NEB Sol A,NEB Sol A,NEB Sol A,NEB Sol A,NEB Sol A,NEB Sol A,NEB Sol A,NEB Sol A,NEB Sol B,Unknown,NEB Sol A,NEB Sol A,AR-1028,NEB Sol B,NEB Sol B,10.0,True,1.1005504427973791,2.490421721759563,1.0778491666275538,0.0131557598328228,6.013055555555556,NEB Sol A,Cytation5,deGFP,MFG,0.0,0.13033626966226097,0.0036337988847337838,0.04094158444210975,0.015020093893954199,0.0021805732086311908,0.007025148591958035,0.023499937550969432,0.01792801463511399,0.0014532256761025928,0.07461704050370654,0.007510046946977099,0.011871193364239481,0.03173586264152052,0.018653892778687984,0.0036337988847337838,0.011628744186729949,0.011628744186729949,0.0012107764985930603,0.0033913497072242506,0.0043611464172623815,0.018653892778687984,0.07461704050370654,0.018653892778687984,0.03730778555737597,0.09327093328239451,0.09327093328239451,0.9317365973359978,0.018653892778687984,0.018653892778687984,0.018653892778687984,0.018653892778687984,0.007510046946977099,0.005571922915855442,0.0019381240311216583,0.0019381240311216583,0.018653892778687984
Ribosome-MFG-194-AR-1076-AR-1077-Activity-QC-B4,B4,Sample,Ribosome AR-1076,3.5,8.0,20.0,2.0,2.0,0.0,0.0,50.0,100.0,1.0,1.0,1.0,0.02,2.0,0.3,2000.0,1.8,3.016304347826087,1705168,2026-03-30 00:00:00,ext,M,Ribosome-MFG-194-AR-1076-AR-1077-Activity-QC,Unknown,Unknown,Unknown,Unknown,Unknown,Unknown,Unknown,Unknown,Unknown,Unknown,Unknown,Unknown,AR-1035,Unknown,Unknown,Unknown,AR-1028,AR-1076,AR-1060,10.0,True,0.9718535037968904,4.3811562968527245,0.7345773585364204,0.0058230255451279,6.013055555555556,AR-976,Cytation5,deGFP,MFG,0.0,0.13033626966226097,0.0036337988847337838,0.04094158444210975,0.015020093893954199,0.0021805732086311908,0.007025148591958035,0.023499937550969432,0.01792801463511399,0.0014532256761025928,0.07461704050370654,0.007510046946977099,0.011871193364239481,0.03173586264152052,0.018653892778687984,0.0036337988847337838,0.011628744186729949,0.011628744186729949,0.0012107764985930603,0.0033913497072242506,0.0043611464172623815,0.018653892778687984,0.07461704050370654,0.018653892778687984,0.03730778555737597,0.09327093328239451,0.09327093328239451,0.9317365973359978,0.018653892778687984,0.018653892778687984,0.018653892778687984,0.018653892778687984,0.007510046946977099,0.005571922915855442,0.0019381240311216583,0.0019381240311216583,0.018653892778687984
Ribosome-MFG-194-AR-1076-AR-1077-Activity-QC-B6,B6,Sample,Ribosome AR-1077,3.5,8.0,20.0,2.0,2.0,0.0,0.0,50.0,100.0,1.0,1.0,1.0,0.02,2.0,0.3,2000.0,1.8,3.016304347826087,1705168,2026-03-30 00:00:00,ext,M,Ribosome-MFG-194-AR-1076-AR-1077-Activity-QC,Unknown,Unknown,Unknown,Unknown,Unknown,Unknown,Unknown,Unknown,Unknown,Unknown,Unknown,Unknown,AR-1035,Unknown,Unknown,Unknown,AR-1028,AR-1077,AR-1060,10.0,True,0.8448236432268671,4.692474703785709,0.7646111822854663,0.0019693633563066,6.013055555555556,AR-976,Cytation5,deGFP,MFG,0.0,0.13033626966226097,0.0036337988847337838,0.04094158444210975,0.015020093893954199,0.0021805732086311908,0.007025148591958035,0.023499937550969432,0.01792801463511399,0.0014532256761025928,0.07461704050370654,0.007510046946977099,0.011871193364239481,0.03173586264152052,0.018653892778687984,0.0036337988847337838,0.011628744186729949,0.011628744186729949,0.0012107764985930603,0.0033913497072242506,0.0043611464172623815,0.018653892778687984,0.07461704050370654,0.018653892778687984,0.03730778555737597,0.09327093328239451,0.09327093328239451,0.9317365973359978,0.018653892778687984,0.018653892778687984,0.018653892778687984,0.018653892778687984,0.007510046946977099,0.005571922915855442,0.0019381240311216583,0.0019381240311216583,0.018653892778687984
Ribosome-MFG-194-AR-1076-AR-1077-Activity-QC-D16,D16,Positive Control,Positive Control,3.5,8.0,20.0,2.0,2.0,0.0,0.0,50.0,100.0,1.0,1.0,1.0,0.02,2.0,0.3,2000.0,1.8,3.016304347826087,1705168,2026-03-30 00:00:00,ext,M,Ribosome-MFG-194-AR-1076-AR-1077-Activity-QC,NEB Sol A,NEB Sol A,NEB Sol A,NEB Sol A,NEB Sol A,NEB Sol A,NEB Sol A,NEB Sol A,NEB Sol A,NEB Sol A,NEB Sol A,NEB Sol A,NEB Sol B,Unknown,NEB Sol A,NEB Sol A,AR-1028,NEB Sol B,NEB Sol B,10.0,True,1.122917438103319,2.5439975296144803,1.0642844260756,0.0126817781512167,6.013055555555556,NEB Sol A,Cytation5,deGFP,MFG,0.0,0.13033626966226097,0.0036337988847337838,0.04094158444210975,0.015020093893954199,0.0021805732086311908,0.007025148591958035,0.023499937550969432,0.01792801463511399,0.0014532256761025928,0.07461704050370654,0.007510046946977099,0.011871193364239481,0.03173586264152052,0.018653892778687984,0.0036337988847337838,0.011628744186729949,0.011628744186729949,0.0012107764985930603,0.0033913497072242506,0.0043611464172623815,0.018653892778687984,0.07461704050370654,0.018653892778687984,0.03730778555737597,0.09327093328239451,0.09327093328239451,0.9317365973359978,0.018653892778687984,0.018653892778687984,0.018653892778687984,0.018653892778687984,0.007510046946977099,0.005571922915855442,0.0019381240311216583,0.0019381240311216583,0.018653892778687984
Ribosome-MFG-194-AR-1076-AR-1077-Activity-QC-D4,D4,Sample,Ribosome AR-1076,3.5,8.0,20.0,2.0,2.0,0.0,0.0,50.0,100.0,1.0,1.0,1.0,0.02,2.0,0.3,2000.0,1.8,3.016304347826087,1705168,2026-03-30 00:00:00,ext,M,Ribosome-MFG-194-AR-1076-AR-1077-Activity-QC,Unknown,Unknown,Unknown,Unknown,Unknown,Unknown,Unknown,Unknown,Unknown,Unknown,Unknown,Unknown,AR-1035,Unknown,Unknown,Unknown,AR-1028,AR-1076,AR-1060,10.0,True,1.0024477002741097,4.43125710503838,0.7207084848385177,0.0060403005722422,6.013055555555556,AR-976,Cytation5,deGFP,MFG,0.0,0.13033626966226097,0.0036337988847337838,0.04094158444210975,0.015020093893954199,0.0021805732086311908,0.007025148591958035,0.023499937550969432,0.01792801463511399,0.0014532256761025928,0.07461704050370654,0.007510046946977099,0.011871193364239481,0.03173586264152052,0.018653892778687984,0.0036337988847337838,0.011628744186729949,0.011628744186729949,0.0012107764985930603,0.0033913497072242506,0.0043611464172623815,0.018653892778687984,0.07461704050370654,0.018653892778687984,0.03730778555737597,0.09327093328239451,0.09327093328239451,0.9317365973359978,0.018653892778687984,0.018653892778687984,0.018653892778687984,0.018653892778687984,0.007510046946977099,0.005571922915855442,0.0019381240311216583,0.0019381240311216583,0.018653892778687984
Ribosome-MFG-194-AR-1076-AR-1077-Activity-QC-D6,D6,Sample,Ribosome AR-1077,3.5,8.0,20.0,2.0,2.0,0.0,0.0,50.0,100.0,1.0,1.0,1.0,0.02,2.0,0.3,2000.0,1.8,3.016304347826087,1705168,2026-03-30 00:00:00,ext,M,Ribosome-MFG-194-AR-1076-AR-1077-Activity-QC,Unknown,Unknown,Unknown,Unknown,Unknown,Unknown,Unknown,Unknown,Unknown,Unknown,Unknown,Unknown,AR-1035,Unknown,Unknown,Unknown,AR-1028,AR-1077,AR-1060,10.0,True,0.8239383743903334,4.619310493943332,0.756689731079262,0.002847356547852,6.013055555555556,AR-976,Cytation5,deGFP,MFG,0.0,0.13033626966226097,0.0036337988847337838,0.04094158444210975,0.015020093893954199,0.0021805732086311908,0.007025148591958035,0.023499937550969432,0.01792801463511399,0.0014532256761025928,0.07461704050370654,0.007510046946977099,0.011871193364239481,0.03173586264152052,0.018653892778687984,0.0036337988847337838,0.011628744186729949,0.011628744186729949,0.0012107764985930603,0.0033913497072242506,0.0043611464172623815,0.018653892778687984,0.07461704050370654,0.018653892778687984,0.03730778555737597,0.09327093328239451,0.09327093328239451,0.9317365973359978,0.018653892778687984,0.018653892778687984,0.018653892778687984,0.018653892778687984,0.007510046946977099,0.005571922915855442,0.0019381240311216583,0.0019381240311216583,0.018653892778687984
Ribosome-MFG-194-AR-1076-AR-1077-Activity-QC-F16,F16,Positive Control,Positive Control,3.5,8.0,20.0,2.0,2.0,0.0,0.0,50.0,100.0,1.0,1.0,1.0,0.02,2.0,0.3,2000.0,1.8,3.016304347826087,1705168,2026-03-30 00:00:00,ext,M,Ribosome-MFG-194-AR-1076-AR-1077-Activity-QC,NEB Sol A,NEB Sol A,NEB Sol A,NEB Sol A,NEB Sol A,NEB Sol A,NEB Sol A,NEB Sol A,NEB Sol A,NEB Sol A,NEB Sol A,NEB Sol A,NEB Sol B,Unknown,NEB Sol A,NEB Sol A,AR-1028,NEB Sol B,NEB Sol B,10.0,True,0.981083072562428,2.4552872043972624,1.073695269200193,0.0133601398684237,5.621484652679324,NEB Sol A,Cytation5,deGFP,MFG,0.0,0.13033626966226097,0.0036337988847337838,0.04094158444210975,0.015020093893954199,0.0021805732086311908,0.007025148591958035,0.023499937550969432,0.01792801463511399,0.0014532256761025928,0.07461704050370654,0.007510046946977099,0.011871193364239481,0.03173586264152052,0.018653892778687984,0.0036337988847337838,0.011628744186729949,0.011628744186729949,0.0012107764985930603,0.0033913497072242506,0.0043611464172623815,0.018653892778687984,0.07461704050370654,0.018653892778687984,0.03730778555737597,0.09327093328239451,0.09327093328239451,0.9317365973359978,0.018653892778687984,0.018653892778687984,0.018653892778687984,0.018653892778687984,0.007510046946977099,0.005571922915855442,0.0019381240311216583,0.0019381240311216583,0.018653892778687984
Ribosome-MFG-194-AR-1076-AR-1077-Activity-QC-F4,F4,Sample,Ribosome AR-1076,3.5,8.0,20.0,2.0,2.0,0.0,0.0,50.0,100.0,1.0,1.0,1.0,0.02,2.0,0.3,2000.0,1.8,3.016304347826087,1705168,2026-03-30 00:00:00,ext,M,Ribosome-MFG-194-AR-1076-AR-1077-Activity-QC,Unknown,Unknown,Unknown,Unknown,Unknown,Unknown,Unknown,Unknown,Unknown,Unknown,Unknown,Unknown,AR-1035,Unknown,Unknown,Unknown,AR-1028,AR-1076,AR-1060,10.0,True,1.0214225187502677,4.504208986663515,0.7114194912535758,0.0052538020307431,6.013055555555556,AR-976,Cytation5,deGFP,MFG,0.0,0.13033626966226097,0.0036337988847337838,0.04094158444210975,0.015020093893954199,0.0021805732086311908,0.007025148591958035,0.023499937550969432,0.01792801463511399,0.0014532256761025928,0.07461704050370654,0.007510046946977099,0.011871193364239481,0.03173586264152052,0.018653892778687984,0.0036337988847337838,0.011628744186729949,0.011628744186729949,0.0012107764985930603,0.0033913497072242506,0.0043611464172623815,0.018653892778687984,0.07461704050370654,0.018653892778687984,0.03730778555737597,0.09327093328239451,0.09327093328239451,0.9317365973359978,0.018653892778687984,0.018653892778687984,0.018653892778687984,0.018653892778687984,0.007510046946977099,0.005571922915855442,0.0019381240311216583,0.0019381240311216583,0.018653892778687984
Ribosome-MFG-194-AR-1076-AR-1077-Activity-QC-F6,F6,Sample,Ribosome AR-1077,3.5,8.0,20.0,2.0,2.0,0.0,0.0,50.0,100.0,1.0,1.0,1.0,0.02,2.0,0.3,2000.0,1.8,3.016304347826087,1705168,2026-03-30 00:00:00,ext,M,Ribosome-MFG-194-AR-1076-AR-1077-Activity-QC,Unknown,Unknown,Unknown,Unknown,Unknown,Unknown,Unknown,Unknown,Unknown,Unknown,Unknown,Unknown,AR-1035,Unknown,Unknown,Unknown,AR-1028,AR-1077,AR-1060,10.0,True,0.8193087899011356,4.771605867405481,0.726715097774452,0.0029825522829145,6.013055555555556,AR-976,Cytation5,deGFP,MFG,0.0,0.13033626966226097,0.0036337988847337838,0.04094158444210975,0.015020093893954199,0.0021805732086311908,0.007025148591958035,0.023499937550969432,0.01792801463511399,0.0014532256761025928,0.07461704050370654,0.007510046946977099,0.011871193364239481,0.03173586264152052,0.018653892778687984,0.0036337988847337838,0.011628744186729949,0.011628744186729949,0.0012107764985930603,0.0033913497072242506,0.0043611464172623815,0.018653892778687984,0.07461704050370654,0.018653892778687984,0.03730778555737597,0.09327093328239451,0.09327093328239451,0.9317365973359978,0.018653892778687984,0.018653892778687984,0.018653892778687984,0.018653892778687984,0.007510046946977099,0.005571922915855442,0.0019381240311216583,0.0019381240311216583,0.018653892778687984
tRNA-MFG-193-AR-1080-Activity-QC-B16,B16,Positive Control,Positive Control,3.5,8.0,20.0,2.0,2.0,0.0,0.0,50.0,100.0,1.0,1.0,1.0,0.02,2.0,0.3,2000.0,1.8,3.016304347826087,1705168,2026-04-01 00:00:00,ext,M,tRNA-MFG-193-AR-1080-Activity-QC,NEB Sol A,NEB Sol A,NEB Sol A,NEB Sol A,NEB Sol A,NEB Sol A,NEB Sol A,NEB Sol A,NEB Sol A,NEB Sol A,NEB Sol A,NEB Sol A,NEB Sol B,Unknown,NEB Sol A,NEB Sol A,AR-1028,NEB Sol B,NEB Sol B,10.0,True,1.1005504427973791,2.490421721759563,1.0778491666275538,0.0131557598328228,6.013055555555556,NEB Sol A,Cytation5,deGFP,MFG,0.0,0.13033626966226097,0.0036337988847337838,0.04094158444210975,0.015020093893954199,0.0021805732086311908,0.007025148591958035,0.023499937550969432,0.01792801463511399,0.0014532256761025928,0.07461704050370654,0.007510046946977099,0.011871193364239481,0.03173586264152052,0.018653892778687984,0.0036337988847337838,0.011628744186729949,0.011628744186729949,0.0012107764985930603,0.0033913497072242506,0.0043611464172623815,0.018653892778687984,0.07461704050370654,0.018653892778687984,0.03730778555737597,0.09327093328239451,0.09327093328239451,0.9317365973359978,0.018653892778687984,0.018653892778687984,0.018653892778687984,0.018653892778687984,0.007510046946977099,0.005571922915855442,0.0019381240311216583,0.0019381240311216583,0.018653892778687984
tRNA-MFG-193-AR-1080-Activity-QC-B2,B2,Sample,tRNA AR-1080,3.5,8.0,20.0,2.0,2.0,0.0,0.0,50.0,100.0,1.0,1.0,1.0,0.02,2.0,0.3,2000.0,1.8,3.016304347826087,1705168,2026-04-01 00:00:00,ext,M,tRNA-MFG-193-AR-1080-Activity-QC,Unknown,Unknown,Unknown,Unknown,Unknown,Unknown,Unknown,Unknown,Unknown,Unknown,Unknown,Unknown,AR-1080,Unknown,Unknown,Unknown,AR-1028,AR-1011,AR-1060,10.0,True,1.0361268571868725,4.841868644045921,0.6940720957030544,0.0050504607667783,6.013055555555556,AR-976,Cytation5,deGFP,MFG,0.0,0.13033626966226097,0.0036337988847337838,0.04094158444210975,0.015020093893954199,0.0021805732086311908,0.007025148591958035,0.023499937550969432,0.01792801463511399,0.0014532256761025928,0.07461704050370654,0.007510046946977099,0.011871193364239481,0.03173586264152052,0.018653892778687984,0.0036337988847337838,0.011628744186729949,0.011628744186729949,0.0012107764985930603,0.0033913497072242506,0.0043611464172623815,0.018653892778687984,0.07461704050370654,0.018653892778687984,0.03730778555737597,0.09327093328239451,0.09327093328239451,0.9317365973359978,0.018653892778687984,0.018653892778687984,0.018653892778687984,0.018653892778687984,0.007510046946977099,0.005571922915855442,0.0019381240311216583,0.0019381240311216583,0.018653892778687984
tRNA-MFG-193-AR-1080-Activity-QC-D16,D16,Positive Control,Positive Control,3.5,8.0,20.0,2.0,2.0,0.0,0.0,50.0,100.0,1.0,1.0,1.0,0.02,2.0,0.3,2000.0,1.8,3.016304347826087,1705168,2026-04-01 00:00:00,ext,M,tRNA-MFG-193-AR-1080-Activity-QC,NEB Sol A,NEB Sol A,NEB Sol A,NEB Sol A,NEB Sol A,NEB Sol A,NEB Sol A,NEB Sol A,NEB Sol A,NEB Sol A,NEB Sol A,NEB Sol A,NEB Sol B,Unknown,NEB Sol A,NEB Sol A,AR-1028,NEB Sol B,NEB Sol B,10.0,True,1.122917438103319,2.5439975296144803,1.0642844260756,0.0126817781512167,6.013055555555556,NEB Sol A,Cytation5,deGFP,MFG,0.0,0.13033626966226097,0.0036337988847337838,0.04094158444210975,0.015020093893954199,0.0021805732086311908,0.007025148591958035,0.023499937550969432,0.01792801463511399,0.0014532256761025928,0.07461704050370654,0.007510046946977099,0.011871193364239481,0.03173586264152052,0.018653892778687984,0.0036337988847337838,0.011628744186729949,0.011628744186729949,0.0012107764985930603,0.0033913497072242506,0.0043611464172623815,0.018653892778687984,0.07461704050370654,0.018653892778687984,0.03730778555737597,0.09327093328239451,0.09327093328239451,0.9317365973359978,0.018653892778687984,0.018653892778687984,0.018653892778687984,0.018653892778687984,0.007510046946977099,0.005571922915855442,0.0019381240311216583,0.0019381240311216583,0.018653892778687984
tRNA-MFG-193-AR-1080-Activity-QC-D2,D2,Sample,tRNA AR-1080,3.5,8.0,20.0,2.0,2.0,0.0,0.0,50.0,100.0,1.0,1.0,1.0,0.02,2.0,0.3,2000.0,1.8,3.016304347826087,1705168,2026-04-01 00:00:00,ext,M,tRNA-MFG-193-AR-1080-Activity-QC,Unknown,Unknown,Unknown,Unknown,Unknown,Unknown,Unknown,Unknown,Unknown,Unknown,Unknown,Unknown,AR-1080,Unknown,Unknown,Unknown,AR-1028,AR-1011,AR-1060,10.0,True,1.0718809372756255,4.926587583641447,0.6772094535059334,0.0047951967675876,6.013055555555556,AR-976,Cytation5,deGFP,MFG,0.0,0.13033626966226097,0.0036337988847337838,0.04094158444210975,0.015020093893954199,0.0021805732086311908,0.007025148591958035,0.023499937550969432,0.01792801463511399,0.0014532256761025928,0.07461704050370654,0.007510046946977099,0.011871193364239481,0.03173586264152052,0.018653892778687984,0.0036337988847337838,0.011628744186729949,0.011628744186729949,0.0012107764985930603,0.0033913497072242506,0.0043611464172623815,0.018653892778687984,0.07461704050370654,0.018653892778687984,0.03730778555737597,0.09327093328239451,0.09327093328239451,0.9317365973359978,0.018653892778687984,0.018653892778687984,0.018653892778687984,0.018653892778687984,0.007510046946977099,0.005571922915855442,0.0019381240311216583,0.0019381240311216583,0.018653892778687984
tRNA-MFG-193-AR-1080-Activity-QC-F16,F16,Positive Control,Positive Control,3.5,8.0,20.0,2.0,2.0,0.0,0.0,50.0,100.0,1.0,1.0,1.0,0.02,2.0,0.3,2000.0,1.8,3.016304347826087,1705168,2026-04-01 00:00:00,ext,M,tRNA-MFG-193-AR-1080-Activity-QC,NEB Sol A,NEB Sol A,NEB Sol A,NEB Sol A,NEB Sol A,NEB Sol A,NEB Sol A,NEB Sol A,NEB Sol A,NEB Sol A,NEB Sol A,NEB Sol A,NEB Sol B,Unknown,NEB Sol A,NEB Sol A,AR-1028,NEB Sol B,NEB Sol B,10.0,True,0.981083072562428,2.4552872043972624,1.073695269200193,0.0133601398684237,5.621484652679324,NEB Sol A,Cytation5,deGFP,MFG,0.0,0.13033626966226097,0.0036337988847337838,0.04094158444210975,0.015020093893954199,0.0021805732086311908,0.007025148591958035,0.023499937550969432,0.01792801463511399,0.0014532256761025928,0.07461704050370654,0.007510046946977099,0.011871193364239481,0.03173586264152052,0.018653892778687984,0.0036337988847337838,0.011628744186729949,0.011628744186729949,0.0012107764985930603,0.0033913497072242506,0.0043611464172623815,0.018653892778687984,0.07461704050370654,0.018653892778687984,0.03730778555737597,0.09327093328239451,0.09327093328239451,0.9317365973359978,0.018653892778687984,0.018653892778687984,0.018653892778687984,0.018653892778687984,0.007510046946977099,0.005571922915855442,0.0019381240311216583,0.0019381240311216583,0.018653892778687984
tRNA-MFG-193-AR-1080-Activity-QC-F2,F2,Sample,tRNA AR-1080,3.5,8.0,20.0,2.0,2.0,0.0,0.0,50.0,100.0,1.0,1.0,1.0,0.02,2.0,0.3,2000.0,1.8,3.016304347826087,1705168,2026-04-01 00:00:00,ext,M,tRNA-MFG-193-AR-1080-Activity-QC,Unknown,Unknown,Unknown,Unknown,Unknown,Unknown,Unknown,Unknown,Unknown,Unknown,Unknown,Unknown,AR-1080,Unknown,Unknown,Unknown,AR-1028,AR-1011,AR-1060,10.0,True,1.0224363932250655,4.891341270424902,0.6713423564844635,0.0048007705735691,6.013055555555556,AR-976,Cytation5,deGFP,MFG,0.0,0.13033626966226097,0.0036337988847337838,0.04094158444210975,0.015020093893954199,0.0021805732086311908,0.007025148591958035,0.023499937550969432,0.01792801463511399,0.0014532256761025928,0.07461704050370654,0.007510046946977099,0.011871193364239481,0.03173586264152052,0.018653892778687984,0.0036337988847337838,0.011628744186729949,0.011628744186729949,0.0012107764985930603,0.0033913497072242506,0.0043611464172623815,0.018653892778687984,0.07461704050370654,0.018653892778687984,0.03730778555737597,0.09327093328239451,0.09327093328239451,0.9317365973359978,0.018653892778687984,0.018653892778687984,0.018653892778687984,0.018653892778687984,0.007510046946977099,0.005571922915855442,0.0019381240311216583,0.0019381240311216583,0.018653892778687984
PPK-custom-Smix-without-PEG-B2,B2,Sample,CP/CK 8mM Mg2+,3.5,8.0,20.0,2.0,2.0,0.0,0.0,50.0,100.0,1.0,1.0,1.0,0.02,2.0,0.3,0.0,1.8,2.98,130723A,2026-04-13 00:00:00,35,F,PPK-custom-Smix-without-PEG,Unknown,Unknown,Unknown,Unknown,Unknown,Unknown,Unknown,Unknown,Unknown,Unknown,Unknown,Unknown,AR-900,Unknown,Unknown,Unknown,pOpen-plamGFP,NEB Sol B,NEB Sol B,10.0,True,1.4345321524474977,2.116384404288996,1.2491224181041494,0.0239145881004652,6.0,3X Smix+tRNA-CP-Mg,Cytation3,plamGFP,R&D,0.0,0.13033626966226097,0.0036337988847337838,0.04094158444210975,0.015020093893954199,0.0021805732086311908,0.007025148591958035,0.023499937550969432,0.01792801463511399,0.0014532256761025928,0.07461704050370654,0.007510046946977099,0.011871193364239481,0.03173586264152052,0.018653892778687984,0.0036337988847337838,0.011628744186729949,0.011628744186729949,0.0012107764985930603,0.0033913497072242506,0.0043611464172623815,0.018653892778687984,0.07461704050370654,0.018653892778687984,0.03730778555737597,0.09327093328239451,0.09327093328239451,0.9317365973359978,0.018653892778687984,0.018653892778687984,0.018653892778687984,0.018653892778687984,0.007510046946977099,0.005571922915855442,0.0019381240311216583,0.0019381240311216583,0.018653892778687984
PPK-custom-Smix-without-PEG-B4,B4,Sample,CP/CK 8mM Mg2+,3.5,8.0,20.0,2.0,2.0,0.0,0.0,50.0,100.0,1.0,1.0,1.0,0.02,2.0,0.3,0.0,1.8,2.98,130723A,2026-04-13 00:00:00,35,F,PPK-custom-Smix-without-PEG,Unknown,Unknown,Unknown,Unknown,Unknown,Unknown,Unknown,Unknown,Unknown,Unknown,Unknown,Unknown,AR-900,Unknown,Unknown,Unknown,pOpen-plamGFP,NEB Sol B,NEB Sol B,10.0,True,1.4381610589243854,2.11737677945033,1.2529321355587455,0.0237719255685824,6.0,3X Smix+tRNA-CP-Mg,Cytation3,plamGFP,R&D,0.0,0.13033626966226097,0.0036337988847337838,0.04094158444210975,0.015020093893954199,0.0021805732086311908,0.007025148591958035,0.023499937550969432,0.01792801463511399,0.0014532256761025928,0.07461704050370654,0.007510046946977099,0.011871193364239481,0.03173586264152052,0.018653892778687984,0.0036337988847337838,0.011628744186729949,0.011628744186729949,0.0012107764985930603,0.0033913497072242506,0.0043611464172623815,0.018653892778687984,0.07461704050370654,0.018653892778687984,0.03730778555737597,0.09327093328239451,0.09327093328239451,0.9317365973359978,0.018653892778687984,0.018653892778687984,0.018653892778687984,0.018653892778687984,0.007510046946977099,0.005571922915855442,0.0019381240311216583,0.0019381240311216583,0.018653892778687984
PPK-custom-Smix-without-PEG-B6,B6,Sample,CP/CK 8mM Mg2+,3.5,8.0,20.0,2.0,2.0,0.0,0.0,50.0,100.0,1.0,1.0,1.0,0.02,2.0,0.3,0.0,1.8,2.98,130723A,2026-04-13 00:00:00,35,F,PPK-custom-Smix-without-PEG,Unknown,Unknown,Unknown,Unknown,Unknown,Unknown,Unknown,Unknown,Unknown,Unknown,Unknown,Unknown,AR-900,Unknown,Unknown,Unknown,pOpen-plamGFP,NEB Sol B,NEB Sol B,10.0,True,1.4332999179512134,2.148682932034504,1.2616228779827665,0.0224850416884838,6.0,3X Smix+tRNA-CP-Mg,Cytation3,plamGFP,R&D,0.0,0.13033626966226097,0.0036337988847337838,0.04094158444210975,0.015020093893954199,0.0021805732086311908,0.007025148591958035,0.023499937550969432,0.01792801463511399,0.0014532256761025928,0.07461704050370654,0.007510046946977099,0.011871193364239481,0.03173586264152052,0.018653892778687984,0.0036337988847337838,0.011628744186729949,0.011628744186729949,0.0012107764985930603,0.0033913497072242506,0.0043611464172623815,0.018653892778687984,0.07461704050370654,0.018653892778687984,0.03730778555737597,0.09327093328239451,0.09327093328239451,0.9317365973359978,0.018653892778687984,0.018653892778687984,0.018653892778687984,0.018653892778687984,0.007510046946977099,0.005571922915855442,0.0019381240311216583,0.0019381240311216583,0.018653892778687984
PPK-custom-Smix-without-PEG-D2,D2,Sample,CP/CK Negative Control (-CP),3.5,8.0,0.0,2.0,2.0,0.0,0.0,50.0,100.0,1.0,1.0,1.0,0.02,2.0,0.3,0.0,1.8,2.98,130723A,2026-04-13 00:00:00,35,F,PPK-custom-Smix-without-PEG,Unknown,Unknown,Unknown,Unknown,Unknown,Unknown,Unknown,Unknown,Unknown,Unknown,Unknown,Unknown,AR-900,Unknown,Unknown,Unknown,pOpen-plamGFP,NEB Sol B,NEB Sol B,10.0,True,0.1895727659212308,3.276115142363242,0.9938885531606836,0.005008917115788,4.026828197226987,3X Smix+tRNA-CP-Mg,Cytation3,plamGFP,R&D,0.0,0.13033626966226097,0.0036337988847337838,0.04094158444210975,0.015020093893954199,0.0021805732086311908,0.007025148591958035,0.023499937550969432,0.01792801463511399,0.0014532256761025928,0.07461704050370654,0.007510046946977099,0.011871193364239481,0.03173586264152052,0.018653892778687984,0.0036337988847337838,0.011628744186729949,0.011628744186729949,0.0012107764985930603,0.0033913497072242506,0.0043611464172623815,0.018653892778687984,0.07461704050370654,0.018653892778687984,0.03730778555737597,0.09327093328239451,0.09327093328239451,0.9317365973359978,0.018653892778687984,0.018653892778687984,0.018653892778687984,0.018653892778687984,0.007510046946977099,0.005571922915855442,0.0019381240311216583,0.0019381240311216583,0.018653892778687984
PPK-custom-Smix-without-PEG-D4,D4,Sample,CP/CK Negative Control (-CP),3.5,8.0,0.0,2.0,2.0,0.0,0.0,50.0,100.0,1.0,1.0,1.0,0.02,2.0,0.3,0.0,1.8,2.98,130723A,2026-04-13 00:00:00,35,F,PPK-custom-Smix-without-PEG,Unknown,Unknown,Unknown,Unknown,Unknown,Unknown,Unknown,Unknown,Unknown,Unknown,Unknown,Unknown,AR-900,Unknown,Unknown,Unknown,pOpen-plamGFP,NEB Sol B,NEB Sol B,10.0,True,0.1801177985311497,3.248791268025476,0.9874805832153638,0.0048933758823652,4.025386313324348,3X Smix+tRNA-CP-Mg,Cytation3,plamGFP,R&D,0.0,0.13033626966226097,0.0036337988847337838,0.04094158444210975,0.015020093893954199,0.0021805732086311908,0.007025148591958035,0.023499937550969432,0.01792801463511399,0.0014532256761025928,0.07461704050370654,0.007510046946977099,0.011871193364239481,0.03173586264152052,0.018653892778687984,0.0036337988847337838,0.011628744186729949,0.011628744186729949,0.0012107764985930603,0.0033913497072242506,0.0043611464172623815,0.018653892778687984,0.07461704050370654,0.018653892778687984,0.03730778555737597,0.09327093328239451,0.09327093328239451,0.9317365973359978,0.018653892778687984,0.018653892778687984,0.018653892778687984,0.018653892778687984,0.007510046946977099,0.005571922915855442,0.0019381240311216583,0.0019381240311216583,0.018653892778687984
PPK-custom-Smix-without-PEG-D6,D6,Sample,CP/CK Negative Control (-CP),3.5,8.0,0.0,2.0,2.0,0.0,0.0,50.0,100.0,1.0,1.0,1.0,0.02,2.0,0.3,0.0,1.8,2.98,130723A,2026-04-13 00:00:00,35,F,PPK-custom-Smix-without-PEG,Unknown,Unknown,Unknown,Unknown,Unknown,Unknown,Unknown,Unknown,Unknown,Unknown,Unknown,Unknown,AR-900,Unknown,Unknown,Unknown,pOpen-plamGFP,NEB Sol B,NEB Sol B,10.0,True,0.1681150413963953,3.237885871756861,0.9817057189002536,0.0046341745816761,4.006513854798277,3X Smix+tRNA-CP-Mg,Cytation3,plamGFP,R&D,0.0,0.13033626966226097,0.0036337988847337838,0.04094158444210975,0.015020093893954199,0.0021805732086311908,0.007025148591958035,0.023499937550969432,0.01792801463511399,0.0014532256761025928,0.07461704050370654,0.007510046946977099,0.011871193364239481,0.03173586264152052,0.018653892778687984,0.0036337988847337838,0.011628744186729949,0.011628744186729949,0.0012107764985930603,0.0033913497072242506,0.0043611464172623815,0.018653892778687984,0.07461704050370654,0.018653892778687984,0.03730778555737597,0.09327093328239451,0.09327093328239451,0.9317365973359978,0.018653892778687984,0.018653892778687984,0.018653892778687984,0.018653892778687984,0.007510046946977099,0.005571922915855442,0.0019381240311216583,0.0019381240311216583,0.018653892778687984
PPK-custom-Smix-without-PEG-F2,F2,Sample,CP/CK + polyP + 18 mM Mg,3.5,18.0,20.0,2.0,2.0,0.0,30.0,50.0,100.0,1.0,1.0,1.0,0.02,2.0,0.3,0.0,1.8,2.98,130723A,2026-04-13 00:00:00,35,F,PPK-custom-Smix-without-PEG,Unknown,Unknown,Unknown,Unknown,Unknown,Unknown,Unknown,Unknown,Unknown,Unknown,Unknown,Unknown,AR-900,Unknown,Unknown,Unknown,pOpen-plamGFP,NEB Sol B,NEB Sol B,10.0,True,1.7076944973247958,2.356852765255084,1.148194387137478,0.0284598947017363,6.0,3X Smix+tRNA-CP-Mg,Cytation3,plamGFP,R&D,0.0,0.13033626966226097,0.0036337988847337838,0.04094158444210975,0.015020093893954199,0.0021805732086311908,0.007025148591958035,0.023499937550969432,0.01792801463511399,0.0014532256761025928,0.07461704050370654,0.007510046946977099,0.011871193364239481,0.03173586264152052,0.018653892778687984,0.0036337988847337838,0.011628744186729949,0.011628744186729949,0.0012107764985930603,0.0033913497072242506,0.0043611464172623815,0.018653892778687984,0.07461704050370654,0.018653892778687984,0.03730778555737597,0.09327093328239451,0.09327093328239451,0.9317365973359978,0.018653892778687984,0.018653892778687984,0.018653892778687984,0.018653892778687984,0.007510046946977099,0.005571922915855442,0.0019381240311216583,0.0019381240311216583,0.018653892778687984
PPK-custom-Smix-without-PEG-F4,F4,Sample,CP/CK + polyP + 18 mM Mg,3.5,18.0,20.0,2.0,2.0,0.0,30.0,50.0,100.0,1.0,1.0,1.0,0.02,2.0,0.3,0.0,1.8,2.98,130723A,2026-04-13 00:00:00,35,F,PPK-custom-Smix-without-PEG,Unknown,Unknown,Unknown,Unknown,Unknown,Unknown,Unknown,Unknown,Unknown,Unknown,Unknown,Unknown,AR-900,Unknown,Unknown,Unknown,pOpen-plamGFP,NEB Sol B,NEB Sol B,10.0,True,1.7105649002638423,2.35269849193361,1.1513239836872442,0.0284993708774028,6.0,3X Smix+tRNA-CP-Mg,Cytation3,plamGFP,R&D,0.0,0.13033626966226097,0.0036337988847337838,0.04094158444210975,0.015020093893954199,0.0021805732086311908,0.007025148591958035,0.023499937550969432,0.01792801463511399,0.0014532256761025928,0.07461704050370654,0.007510046946977099,0.011871193364239481,0.03173586264152052,0.018653892778687984,0.0036337988847337838,0.011628744186729949,0.011628744186729949,0.0012107764985930603,0.0033913497072242506,0.0043611464172623815,0.018653892778687984,0.07461704050370654,0.018653892778687984,0.03730778555737597,0.09327093328239451,0.09327093328239451,0.9317365973359978,0.018653892778687984,0.018653892778687984,0.018653892778687984,0.018653892778687984,0.007510046946977099,0.005571922915855442,0.0019381240311216583,0.0019381240311216583,0.018653892778687984
PPK-custom-Smix-without-PEG-F6,F6,Sample,CP/CK + polyP + 18 mM Mg,3.5,18.0,20.0,2.0,2.0,0.0,30.0,50.0,100.0,1.0,1.0,1.0,0.02,2.0,0.3,0.0,1.8,2.98,130723A,2026-04-13 00:00:00,35,F,PPK-custom-Smix-without-PEG,Unknown,Unknown,Unknown,Unknown,Unknown,Unknown,Unknown,Unknown,Unknown,Unknown,Unknown,Unknown,AR-900,Unknown,Unknown,Unknown,pOpen-plamGFP,NEB Sol B,NEB Sol B,10.0,True,1.7054991428158606,2.3488117239397037,1.1517229971036564,0.0286123998591489,6.0,3X Smix+tRNA-CP-Mg,Cytation3,plamGFP,R&D,0.0,0.13033626966226097,0.0036337988847337838,0.04094158444210975,0.015020093893954199,0.0021805732086311908,0.007025148591958035,0.023499937550969432,0.01792801463511399,0.0014532256761025928,0.07461704050370654,0.007510046946977099,0.011871193364239481,0.03173586264152052,0.018653892778687984,0.0036337988847337838,0.011628744186729949,0.011628744186729949,0.0012107764985930603,0.0033913497072242506,0.0043611464172623815,0.018653892778687984,0.07461704050370654,0.018653892778687984,0.03730778555737597,0.09327093328239451,0.09327093328239451,0.9317365973359978,0.018653892778687984,0.018653892778687984,0.018653892778687984,0.018653892778687984,0.007510046946977099,0.005571922915855442,0.0019381240311216583,0.0019381240311216583,0.018653892778687984
PPK-custom-Smix-without-PEG-H2,H2,Sample,PPK/polyP + 18 mM Mg2+,3.5,18.0,0.0,2.0,2.0,2.0125,30.0,50.0,100.0,1.0,1.0,1.0,0.02,2.0,0.3,0.0,1.8,2.98,130723A,2026-04-13 00:00:00,35,F,PPK-custom-Smix-without-PEG,Unknown,Unknown,Unknown,Unknown,Unknown,Unknown,Unknown,Unknown,Unknown,Unknown,Unknown,Unknown,AR-900,Unknown,Unknown,Unknown,pOpen-plamGFP,NEB Sol B,NEB Sol B,10.0,True,0.5528619431546046,4.485221530958105,0.9315092703038784,0.0148187095651094,2.0504265301705127,3X Smix+tRNA-CP-Mg,Cytation3,plamGFP,R&D,0.0,0.13033626966226097,0.0036337988847337838,0.04094158444210975,0.015020093893954199,0.0021805732086311908,0.007025148591958035,0.023499937550969432,0.01792801463511399,0.0014532256761025928,0.07461704050370654,0.007510046946977099,0.011871193364239481,0.03173586264152052,0.018653892778687984,0.0036337988847337838,0.011628744186729949,0.011628744186729949,0.0012107764985930603,0.0033913497072242506,0.0043611464172623815,0.018653892778687984,0.07461704050370654,0.018653892778687984,0.03730778555737597,0.09327093328239451,0.09327093328239451,0.9317365973359978,0.018653892778687984,0.018653892778687984,0.018653892778687984,0.018653892778687984,0.007510046946977099,0.005571922915855442,0.0019381240311216583,0.0019381240311216583,0.018653892778687984
PPK-custom-Smix-without-PEG-H4,H4,Sample,PPK/polyP + 18 mM Mg2+,3.5,18.0,0.0,2.0,2.0,2.0125,30.0,50.0,100.0,1.0,1.0,1.0,0.02,2.0,0.3,0.0,1.8,2.98,130723A,2026-04-13 00:00:00,35,F,PPK-custom-Smix-without-PEG,Unknown,Unknown,Unknown,Unknown,Unknown,Unknown,Unknown,Unknown,Unknown,Unknown,Unknown,Unknown,AR-900,Unknown,Unknown,Unknown,pOpen-plamGFP,NEB Sol B,NEB Sol B,10.0,True,0.5794645158538215,4.427205388773064,0.93533159040401,0.0147170337291297,2.199514048573455,3X Smix+tRNA-CP-Mg,Cytation3,plamGFP,R&D,0.0,0.13033626966226097,0.0036337988847337838,0.04094158444210975,0.015020093893954199,0.0021805732086311908,0.007025148591958035,0.023499937550969432,0.01792801463511399,0.0014532256761025928,0.07461704050370654,0.007510046946977099,0.011871193364239481,0.03173586264152052,0.018653892778687984,0.0036337988847337838,0.011628744186729949,0.011628744186729949,0.0012107764985930603,0.0033913497072242506,0.0043611464172623815,0.018653892778687984,0.07461704050370654,0.018653892778687984,0.03730778555737597,0.09327093328239451,0.09327093328239451,0.9317365973359978,0.018653892778687984,0.018653892778687984,0.018653892778687984,0.018653892778687984,0.007510046946977099,0.005571922915855442,0.0019381240311216583,0.0019381240311216583,0.018653892778687984
PPK-custom-Smix-without-PEG-H6,H6,Sample,PPK/polyP + 18 mM Mg2+,3.5,18.0,0.0,2.0,2.0,2.0125,30.0,50.0,100.0,1.0,1.0,1.0,0.02,2.0,0.3,0.0,1.8,2.98,130723A,2026-04-13 00:00:00,35,F,PPK-custom-Smix-without-PEG,Unknown,Unknown,Unknown,Unknown,Unknown,Unknown,Unknown,Unknown,Unknown,Unknown,Unknown,Unknown,AR-900,Unknown,Unknown,Unknown,pOpen-plamGFP,NEB Sol B,NEB Sol B,10.0,True,0.5398825916353281,4.427562537513102,0.9309714851888186,0.0145789435497267,2.0950303573229685,3X Smix+tRNA-CP-Mg,Cytation3,plamGFP,R&D,0.0,0.13033626966226097,0.0036337988847337838,0.04094158444210975,0.015020093893954199,0.0021805732086311908,0.007025148591958035,0.023499937550969432,0.01792801463511399,0.0014532256761025928,0.07461704050370654,0.007510046946977099,0.011871193364239481,0.03173586264152052,0.018653892778687984,0.0036337988847337838,0.011628744186729949,0.011628744186729949,0.0012107764985930603,0.0033913497072242506,0.0043611464172623815,0.018653892778687984,0.07461704050370654,0.018653892778687984,0.03730778555737597,0.09327093328239451,0.09327093328239451,0.9317365973359978,0.018653892778687984,0.018653892778687984,0.018653892778687984,0.018653892778687984,0.007510046946977099,0.005571922915855442,0.0019381240311216583,0.0019381240311216583,0.018653892778687984
PPK-custom-Smix-without-PEG-J2,J2,Sample,CP/CK + PPK/polyP + 18 mM Mg2+,3.5,18.0,20.0,2.0,2.0,2.0125,30.0,50.0,100.0,1.0,1.0,1.0,0.02,2.0,0.3,0.0,1.8,2.98,130723A,2026-04-13 00:00:00,35,F,PPK-custom-Smix-without-PEG,Unknown,Unknown,Unknown,Unknown,Unknown,Unknown,Unknown,Unknown,Unknown,Unknown,Unknown,Unknown,AR-900,Unknown,Unknown,Unknown,pOpen-plamGFP,NEB Sol B,NEB Sol B,10.0,True,1.667205467785829,2.0406559860740314,1.2517822647856316,0.0327194813192622,5.96896195331951,3X Smix+tRNA-CP-Mg,Cytation3,plamGFP,R&D,0.0,0.13033626966226097,0.0036337988847337838,0.04094158444210975,0.015020093893954199,0.0021805732086311908,0.007025148591958035,0.023499937550969432,0.01792801463511399,0.0014532256761025928,0.07461704050370654,0.007510046946977099,0.011871193364239481,0.03173586264152052,0.018653892778687984,0.0036337988847337838,0.011628744186729949,0.011628744186729949,0.0012107764985930603,0.0033913497072242506,0.0043611464172623815,0.018653892778687984,0.07461704050370654,0.018653892778687984,0.03730778555737597,0.09327093328239451,0.09327093328239451,0.9317365973359978,0.018653892778687984,0.018653892778687984,0.018653892778687984,0.018653892778687984,0.007510046946977099,0.005571922915855442,0.0019381240311216583,0.0019381240311216583,0.018653892778687984
PPK-custom-Smix-without-PEG-J4,J4,Sample,CP/CK + PPK/polyP + 18 mM Mg2+,3.5,18.0,20.0,2.0,2.0,2.0125,30.0,50.0,100.0,1.0,1.0,1.0,0.02,2.0,0.3,0.0,1.8,2.98,130723A,2026-04-13 00:00:00,35,F,PPK-custom-Smix-without-PEG,Unknown,Unknown,Unknown,Unknown,Unknown,Unknown,Unknown,Unknown,Unknown,Unknown,Unknown,Unknown,AR-900,Unknown,Unknown,Unknown,pOpen-plamGFP,NEB Sol B,NEB Sol B,10.0,True,1.632088857684605,2.123657521861793,1.276843051538788,0.0298422614453823,5.253995758085862,3X Smix+tRNA-CP-Mg,Cytation3,plamGFP,R&D,0.0,0.13033626966226097,0.0036337988847337838,0.04094158444210975,0.015020093893954199,0.0021805732086311908,0.007025148591958035,0.023499937550969432,0.01792801463511399,0.0014532256761025928,0.07461704050370654,0.007510046946977099,0.011871193364239481,0.03173586264152052,0.018653892778687984,0.0036337988847337838,0.011628744186729949,0.011628744186729949,0.0012107764985930603,0.0033913497072242506,0.0043611464172623815,0.018653892778687984,0.07461704050370654,0.018653892778687984,0.03730778555737597,0.09327093328239451,0.09327093328239451,0.9317365973359978,0.018653892778687984,0.018653892778687984,0.018653892778687984,0.018653892778687984,0.007510046946977099,0.005571922915855442,0.0019381240311216583,0.0019381240311216583,0.018653892778687984
PPK-custom-Smix-without-PEG-J6,J6,Sample,CP/CK + PPK/polyP + 18 mM Mg2+,3.5,18.0,20.0,2.0,2.0,2.0125,30.0,50.0,100.0,1.0,1.0,1.0,0.02,2.0,0.3,0.0,1.8,2.98,130723A,2026-04-13 00:00:00,35,F,PPK-custom-Smix-without-PEG,Unknown,Unknown,Unknown,Unknown,Unknown,Unknown,Unknown,Unknown,Unknown,Unknown,Unknown,Unknown,AR-900,Unknown,Unknown,Unknown,pOpen-plamGFP,NEB Sol B,NEB Sol B,10.0,True,1.6665790097589748,2.1152482248832296,1.221490069303848,0.0315438756468707,6.0,3X Smix+tRNA-CP-Mg,Cytation3,plamGFP,R&D,0.0,0.13033626966226097,0.0036337988847337838,0.04094158444210975,0.015020093893954199,0.0021805732086311908,0.007025148591958035,0.023499937550969432,0.01792801463511399,0.0014532256761025928,0.07461704050370654,0.007510046946977099,0.011871193364239481,0.03173586264152052,0.018653892778687984,0.0036337988847337838,0.011628744186729949,0.011628744186729949,0.0012107764985930603,0.0033913497072242506,0.0043611464172623815,0.018653892778687984,0.07461704050370654,0.018653892778687984,0.03730778555737597,0.09327093328239451,0.09327093328239451,0.9317365973359978,0.018653892778687984,0.018653892778687984,0.018653892778687984,0.018653892778687984,0.007510046946977099,0.005571922915855442,0.0019381240311216583,0.0019381240311216583,0.018653892778687984
PPK-custom-Smix-without-PEG-L2,L2,Control,PURExpress Positive Control,3.5,0.0,0.0,2.0,2.0,0.0,0.0,50.0,100.0,1.0,1.0,1.0,0.02,2.0,0.3,0.0,1.8,2.98,130723A,2026-04-13 00:00:00,35,F,PPK-custom-Smix-without-PEG,NEB Sol A,NEB Sol A,NEB Sol A,NEB Sol A,NEB Sol A,NEB Sol A,NEB Sol A,NEB Sol A,NEB Sol A,NEB Sol A,NEB Sol A,NEB Sol A,AR-900,Unknown,NEB Sol A,NEB Sol A,pOpen-plamGFP,NEB Sol B,NEB Sol B,10.0,True,1.4390567618725731,2.96863610074943,1.0549977159644064,0.0215209248728181,5.989453241508726,NEB Sol A,Cytation3,plamGFP,R&D,0.0,0.13033626966226097,0.0036337988847337838,0.04094158444210975,0.015020093893954199,0.0021805732086311908,0.007025148591958035,0.023499937550969432,0.01792801463511399,0.0014532256761025928,0.07461704050370654,0.007510046946977099,0.011871193364239481,0.03173586264152052,0.018653892778687984,0.0036337988847337838,0.011628744186729949,0.011628744186729949,0.0012107764985930603,0.0033913497072242506,0.0043611464172623815,0.018653892778687984,0.07461704050370654,0.018653892778687984,0.03730778555737597,0.09327093328239451,0.09327093328239451,0.9317365973359978,0.018653892778687984,0.018653892778687984,0.018653892778687984,0.018653892778687984,0.007510046946977099,0.005571922915855442,0.0019381240311216583,0.0019381240311216583,0.018653892778687984
PPK-custom-Smix-without-PEG-L4,L4,Control,PURExpress Positive Control,3.5,0.0,0.0,2.0,2.0,0.0,0.0,50.0,100.0,1.0,1.0,1.0,0.02,2.0,0.3,0.0,1.8,2.98,130723A,2026-04-13 00:00:00,35,F,PPK-custom-Smix-without-PEG,NEB Sol A,NEB Sol A,NEB Sol A,NEB Sol A,NEB Sol A,NEB Sol A,NEB Sol A,NEB Sol A,NEB Sol A,NEB Sol A,NEB Sol A,NEB Sol A,AR-900,Unknown,NEB Sol A,NEB Sol A,pOpen-plamGFP,NEB Sol B,NEB Sol B,10.0,True,1.2476452982341013,3.2441155299073383,1.029328293050775,0.0205697767835277,4.83327152483786,NEB Sol A,Cytation3,plamGFP,R&D,0.0,0.13033626966226097,0.0036337988847337838,0.04094158444210975,0.015020093893954199,0.0021805732086311908,0.007025148591958035,0.023499937550969432,0.01792801463511399,0.0014532256761025928,0.07461704050370654,0.007510046946977099,0.011871193364239481,0.03173586264152052,0.018653892778687984,0.0036337988847337838,0.011628744186729949,0.011628744186729949,0.0012107764985930603,0.0033913497072242506,0.0043611464172623815,0.018653892778687984,0.07461704050370654,0.018653892778687984,0.03730778555737597,0.09327093328239451,0.09327093328239451,0.9317365973359978,0.018653892778687984,0.018653892778687984,0.018653892778687984,0.018653892778687984,0.007510046946977099,0.005571922915855442,0.0019381240311216583,0.0019381240311216583,0.018653892778687984
PPK-custom-Smix-without-PEG-L6,L6,Control,PURExpress Positive Control,3.5,0.0,0.0,2.0,2.0,0.0,0.0,50.0,100.0,1.0,1.0,1.0,0.02,2.0,0.3,0.0,1.8,2.98,130723A,2026-04-13 00:00:00,35,F,PPK-custom-Smix-without-PEG,NEB Sol A,NEB Sol A,NEB Sol A,NEB Sol A,NEB Sol A,NEB Sol A,NEB Sol A,NEB Sol A,NEB Sol A,NEB Sol A,NEB Sol A,NEB Sol A,AR-900,Unknown,NEB Sol A,NEB Sol A,pOpen-plamGFP,NEB Sol B,NEB Sol B,10.0,True,1.4456655789026698,3.035345886313893,1.046644105630709,0.0209256738074938,6.0,NEB Sol A,Cytation3,plamGFP,R&D,0.0,0.13033626966226097,0.0036337988847337838,0.04094158444210975,0.015020093893954199,0.0021805732086311908,0.007025148591958035,0.023499937550969432,0.01792801463511399,0.0014532256761025928,0.07461704050370654,0.007510046946977099,0.011871193364239481,0.03173586264152052,0.018653892778687984,0.0036337988847337838,0.011628744186729949,0.011628744186729949,0.0012107764985930603,0.0033913497072242506,0.0043611464172623815,0.018653892778687984,0.07461704050370654,0.018653892778687984,0.03730778555737597,0.09327093328239451,0.09327093328239451,0.9317365973359978,0.018653892778687984,0.018653892778687984,0.018653892778687984,0.018653892778687984,0.007510046946977099,0.005571922915855442,0.0019381240311216583,0.0019381240311216583,0.018653892778687984
20260519-DiscoveryPlate-R3-E6,E6,Sample,DiscoveryPlate-R3-2,4.219038342337468,31.434802695479892,47.74690673869974,4.371750673869975,4.088750673869974,3.0636,31.9583,50.0,100.0,1.0,1.0,1.0,0.02,2.0,0.3,2000.0,1.8,2.2695,1705168,2026-05-19 00:00:00,ext,M,20260519-DiscoveryPlate-R3,YK,AR-954,JC-0513,AR-970,AR-971,AR-972,AR-973,AR-702,Unknown,AR-959,AR-967,AR-969,AR-902,Unknown,Unknown,AR-308,AR-1028,AR-905,AR-975,10.0,False,0.0,,,0.0,,20260519-DiscoveryPlate-R3-SMS,Unknown,Unknown,Labcraft,0.0,0.13033626966226097,0.0036337988847337838,0.04094158444210975,0.015020093893954199,0.0021805732086311908,0.007025148591958035,0.023499937550969432,0.01792801463511399,0.0014532256761025928,0.07461704050370654,0.007510046946977099,0.011871193364239481,0.03173586264152052,0.018653892778687984,0.0036337988847337838,0.011628744186729949,0.011628744186729949,0.0012107764985930603,0.0033913497072242506,0.0043611464172623815,0.018653892778687984,0.07461704050370654,0.018653892778687984,0.03730778555737597,0.09327093328239451,0.09327093328239451,0.9317365973359978,0.018653892778687984,0.018653892778687984,0.018653892778687984,0.018653892778687984,0.007510046946977099,0.005571922915855442,0.0019381240311216583,0.0019381240311216583,0.018653892778687984
20260519-DiscoveryPlate-R3-E7,E7,Sample,DiscoveryPlate-R3-11,4.555108270256698,55.88638646482144,37.07156616205359,2.9370466162053583,5.915946616205359,0.4737,13.9526,50.0,100.0,1.0,1.0,1.0,0.02,2.0,0.3,2000.0,1.8,2.1055,1705168,2026-05-19 00:00:00,ext,M,20260519-DiscoveryPlate-R3,YK,AR-954,JC-0513,AR-970,AR-971,AR-972,AR-973,AR-702,Unknown,AR-959,AR-967,AR-969,AR-902,Unknown,Unknown,AR-308,AR-1028,AR-905,AR-975,10.0,True,0.0125490169774791,0.3690769498763486,5.916713733685461,4.809765235981193e-05,4.330087168217087,20260519-DiscoveryPlate-R3-SMS,Unknown,Unknown,Labcraft,0.0,0.13033626966226097,0.0036337988847337838,0.04094158444210975,0.015020093893954199,0.0021805732086311908,0.007025148591958035,0.023499937550969432,0.01792801463511399,0.0014532256761025928,0.07461704050370654,0.007510046946977099,0.011871193364239481,0.03173586264152052,0.018653892778687984,0.0036337988847337838,0.011628744186729949,0.011628744186729949,0.0012107764985930603,0.0033913497072242506,0.0043611464172623815,0.018653892778687984,0.07461704050370654,0.018653892778687984,0.03730778555737597,0.09327093328239451,0.09327093328239451,0.9317365973359978,0.018653892778687984,0.018653892778687984,0.018653892778687984,0.018653892778687984,0.007510046946977099,0.005571922915855442,0.0019381240311216583,0.0019381240311216583,0.018653892778687984
20260519-DiscoveryPlate-R3-E8,E8,Sample,DiscoveryPlate-R3-7,4.616751165980796,17.28622373113855,39.70100932784637,2.7224809327846367,5.822280932784636,2.0292,33.6199,50.0,100.0,1.0,1.0,1.0,0.02,2.0,0.3,2000.0,1.8,2.2549,1705168,2026-05-19 00:00:00,ext,M,20260519-DiscoveryPlate-R3,YK,AR-954,JC-0513,AR-970,AR-971,AR-972,AR-973,AR-702,Unknown,AR-959,AR-967,AR-969,AR-902,Unknown,Unknown,AR-308,AR-1028,AR-905,AR-975,10.0,True,0.0123171690659232,0.3676271752797623,5.508162257767754,0.0001130798320769,3.897740058507924,20260519-DiscoveryPlate-R3-SMS,Unknown,Unknown,Labcraft,0.0,0.13033626966226097,0.0036337988847337838,0.04094158444210975,0.015020093893954199,0.0021805732086311908,0.007025148591958035,0.023499937550969432,0.01792801463511399,0.0014532256761025928,0.07461704050370654,0.007510046946977099,0.011871193364239481,0.03173586264152052,0.018653892778687984,0.0036337988847337838,0.011628744186729949,0.011628744186729949,0.0012107764985930603,0.0033913497072242506,0.0043611464172623815,0.018653892778687984,0.07461704050370654,0.018653892778687984,0.03730778555737597,0.09327093328239451,0.09327093328239451,0.9317365973359978,0.018653892778687984,0.018653892778687984,0.018653892778687984,0.018653892778687984,0.007510046946977099,0.005571922915855442,0.0019381240311216583,0.0019381240311216583,0.018653892778687984
20260519-DiscoveryPlate-R3-E9,E9,Sample,DiscoveryPlate-R3-GES-13,2.5015951000007504,23.3377043200024,30.866060800006004,1.8696760800006005,1.8696760800006005,0.0,0.0,50.0,100.0,1.0,1.0,1.0,0.02,2.0,0.3,2000.0,1.8,1.8913,1705168,2026-05-19 00:00:00,ext,M,20260519-DiscoveryPlate-R3,YK,AR-954,JC-0513,AR-970,AR-971,AR-972,AR-973,AR-702,Unknown,AR-959,AR-967,AR-969,AR-902,Unknown,Unknown,AR-308,AR-1028,AR-905,AR-975,10.0,True,0.2781538787771587,4.406277990781216,0.7125632478521357,0.0027638963174174,4.25270632747116,20260519-DiscoveryPlate-R3-SMS,Unknown,Unknown,Labcraft,0.0,0.13033626966226097,0.0036337988847337838,0.04094158444210975,0.015020093893954199,0.0021805732086311908,0.007025148591958035,0.023499937550969432,0.01792801463511399,0.0014532256761025928,0.07461704050370654,0.007510046946977099,0.011871193364239481,0.03173586264152052,0.018653892778687984,0.0036337988847337838,0.011628744186729949,0.011628744186729949,0.0012107764985930603,0.0033913497072242506,0.0043611464172623815,0.018653892778687984,0.07461704050370654,0.018653892778687984,0.03730778555737597,0.09327093328239451,0.09327093328239451,0.9317365973359978,0.018653892778687984,0.018653892778687984,0.018653892778687984,0.018653892778687984,0.007510046946977099,0.005571922915855442,0.0019381240311216583,0.0019381240311216583,0.018653892778687984
20260519-DiscoveryPlate-R3-E10,E10,Sample,DiscoveryPlate-R3-labcraft_PPK,3.371000128257402,8.048960410423687,20.12240102605921,2.012240102605922,2.012240102605922,1.3738,16.8608,50.0,100.0,1.0,1.0,1.0,0.02,2.0,0.3,2000.0,1.8,2.0355,1705168,2026-05-19 00:00:00,ext,M,20260519-DiscoveryPlate-R3,YK,AR-954,JC-0513,AR-970,AR-971,AR-972,AR-973,AR-702,Unknown,AR-959,AR-967,AR-969,AR-902,Unknown,Unknown,AR-308,AR-1028,AR-905,AR-975,10.0,True,0.0035599689505372,0.901697623480904,2.851887183490047,-0.0001742232550714,3.99323961388744,20260519-DiscoveryPlate-R3-SMS,Unknown,Unknown,Labcraft,0.0,0.13033626966226097,0.0036337988847337838,0.04094158444210975,0.015020093893954199,0.0021805732086311908,0.007025148591958035,0.023499937550969432,0.01792801463511399,0.0014532256761025928,0.07461704050370654,0.007510046946977099,0.011871193364239481,0.03173586264152052,0.018653892778687984,0.0036337988847337838,0.011628744186729949,0.011628744186729949,0.0012107764985930603,0.0033913497072242506,0.0043611464172623815,0.018653892778687984,0.07461704050370654,0.018653892778687984,0.03730778555737597,0.09327093328239451,0.09327093328239451,0.9317365973359978,0.018653892778687984,0.018653892778687984,0.018653892778687984,0.018653892778687984,0.007510046946977099,0.005571922915855442,0.0019381240311216583,0.0019381240311216583,0.018653892778687984
20260519-DiscoveryPlate-R3-E11,E11,Sample,DiscoveryPlate-R3-18,3.559622005840539,50.21047041868973,26.54827604672431,4.970317604672431,4.323917604672431,4.0748,1.765,50.0,100.0,1.0,1.0,1.0,0.02,2.0,0.3,2000.0,1.8,2.1308,1705168,2026-05-19 00:00:00,ext,M,20260519-DiscoveryPlate-R3,YK,AR-954,JC-0513,AR-970,AR-971,AR-972,AR-973,AR-702,Unknown,AR-959,AR-967,AR-969,AR-902,Unknown,Unknown,AR-308,AR-1028,AR-905,AR-975,10.0,True,0.0144208743497736,4.511763026951389,0.1680486026549607,0.0005561225754637,4.241098733073916,20260519-DiscoveryPlate-R3-SMS,Unknown,Unknown,Labcraft,0.0,0.13033626966226097,0.0036337988847337838,0.04094158444210975,0.015020093893954199,0.0021805732086311908,0.007025148591958035,0.023499937550969432,0.01792801463511399,0.0014532256761025928,0.07461704050370654,0.007510046946977099,0.011871193364239481,0.03173586264152052,0.018653892778687984,0.0036337988847337838,0.011628744186729949,0.011628744186729949,0.0012107764985930603,0.0033913497072242506,0.0043611464172623815,0.018653892778687984,0.07461704050370654,0.018653892778687984,0.03730778555737597,0.09327093328239451,0.09327093328239451,0.9317365973359978,0.018653892778687984,0.018653892778687984,0.018653892778687984,0.018653892778687984,0.007510046946977099,0.005571922915855442,0.0019381240311216583,0.0019381240311216583,0.018653892778687984
20260519-DiscoveryPlate-R3-E12,E12,Sample,DiscoveryPlate-R3-12,3.940699789672227,35.84467932695112,40.68459831737782,4.282619831737782,4.859819831737783,1.4534,17.8368,50.0,100.0,1.0,1.0,1.0,0.02,2.0,0.3,2000.0,1.8,2.1533,1705168,2026-05-19 00:00:00,ext,M,20260519-DiscoveryPlate-R3,YK,AR-954,JC-0513,AR-970,AR-971,AR-972,AR-973,AR-702,Unknown,AR-959,AR-967,AR-969,AR-902,Unknown,Unknown,AR-308,AR-1028,AR-905,AR-975,10.0,True,0.0113648315839165,0.465482303272854,5.115488023356359,3.8315616110595e-05,3.242257537119928,20260519-DiscoveryPlate-R3-SMS,Unknown,Unknown,Labcraft,0.0,0.13033626966226097,0.0036337988847337838,0.04094158444210975,0.015020093893954199,0.0021805732086311908,0.007025148591958035,0.023499937550969432,0.01792801463511399,0.0014532256761025928,0.07461704050370654,0.007510046946977099,0.011871193364239481,0.03173586264152052,0.018653892778687984,0.0036337988847337838,0.011628744186729949,0.011628744186729949,0.0012107764985930603,0.0033913497072242506,0.0043611464172623815,0.018653892778687984,0.07461704050370654,0.018653892778687984,0.03730778555737597,0.09327093328239451,0.09327093328239451,0.9317365973359978,0.018653892778687984,0.018653892778687984,0.018653892778687984,0.018653892778687984,0.007510046946977099,0.005571922915855442,0.0019381240311216583,0.0019381240311216583,0.018653892778687984
20260519-DiscoveryPlate-R3-E13,E13,Sample,DiscoveryPlate-R3-2,4.219038342337468,31.434802695479892,47.74690673869974,4.371750673869975,4.088750673869974,3.0636,31.9583,50.0,100.0,1.0,1.0,1.0,0.02,2.0,0.3,2000.0,1.8,2.2695,1705168,2026-05-19 00:00:00,ext,M,20260519-DiscoveryPlate-R3,YK,AR-954,JC-0513,AR-970,AR-971,AR-972,AR-973,AR-702,Unknown,AR-959,AR-967,AR-969,AR-902,Unknown,Unknown,AR-308,AR-1028,AR-905,AR-975,10.0,False,0.0,,,0.0,,20260519-DiscoveryPlate-R3-SMS,Unknown,Unknown,Labcraft,0.0,0.13033626966226097,0.0036337988847337838,0.04094158444210975,0.015020093893954199,0.0021805732086311908,0.007025148591958035,0.023499937550969432,0.01792801463511399,0.0014532256761025928,0.07461704050370654,0.007510046946977099,0.011871193364239481,0.03173586264152052,0.018653892778687984,0.0036337988847337838,0.011628744186729949,0.011628744186729949,0.0012107764985930603,0.0033913497072242506,0.0043611464172623815,0.018653892778687984,0.07461704050370654,0.018653892778687984,0.03730778555737597,0.09327093328239451,0.09327093328239451,0.9317365973359978,0.018653892778687984,0.018653892778687984,0.018653892778687984,0.018653892778687984,0.007510046946977099,0.005571922915855442,0.0019381240311216583,0.0019381240311216583,0.018653892778687984
20260519-DiscoveryPlate-R3-E14,E14,Sample,DiscoveryPlate-R3-GES-19,3.7097466600085007,96.2608293120272,78.424973280068,2.1763573280068007,2.892357328006801,3.4671,31.0011,50.0,100.0,1.0,1.0,1.0,0.02,2.0,0.3,2000.0,1.8,2.2015,1705168,2026-05-19 00:00:00,ext,M,20260519-DiscoveryPlate-R3,YK,AR-954,JC-0513,AR-970,AR-971,AR-972,AR-973,AR-702,Unknown,AR-959,AR-967,AR-969,AR-902,Unknown,Unknown,AR-308,AR-1028,AR-905,AR-975,10.0,False,0.0,,,0.0,,20260519-DiscoveryPlate-R3-SMS,Unknown,Unknown,Labcraft,0.0,0.13033626966226097,0.0036337988847337838,0.04094158444210975,0.015020093893954199,0.0021805732086311908,0.007025148591958035,0.023499937550969432,0.01792801463511399,0.0014532256761025928,0.07461704050370654,0.007510046946977099,0.011871193364239481,0.03173586264152052,0.018653892778687984,0.0036337988847337838,0.011628744186729949,0.011628744186729949,0.0012107764985930603,0.0033913497072242506,0.0043611464172623815,0.018653892778687984,0.07461704050370654,0.018653892778687984,0.03730778555737597,0.09327093328239451,0.09327093328239451,0.9317365973359978,0.018653892778687984,0.018653892778687984,0.018653892778687984,0.018653892778687984,0.007510046946977099,0.005571922915855442,0.0019381240311216583,0.0019381240311216583,0.018653892778687984
20260519-DiscoveryPlate-R3-E15,E15,Control,labcraft_ctrl,3.1579057015191583,7.540178244861307,18.850445612153266,1.8850445612153268,1.8850445612153268,0.0,0.0,50.0,100.0,1.0,1.0,1.0,0.02,2.0,0.3,2000.0,1.8,1.9068,1705168,2026-05-19 00:00:00,ext,M,20260519-DiscoveryPlate-R3,YK,AR-954,JC-0513,AR-970,AR-971,AR-972,AR-973,AR-702,Unknown,AR-959,AR-967,AR-969,AR-902,Unknown,Unknown,AR-308,AR-1028,AR-905,AR-975,10.0,True,0.1946288872872779,4.918520628612813,0.6118620995865659,0.0026820784551818,4.254410331899818,20260519-DiscoveryPlate-R3-SMS,Unknown,Unknown,Labcraft,0.0,0.13033626966226097,0.0036337988847337838,0.04094158444210975,0.015020093893954199,0.0021805732086311908,0.007025148591958035,0.023499937550969432,0.01792801463511399,0.0014532256761025928,0.07461704050370654,0.007510046946977099,0.011871193364239481,0.03173586264152052,0.018653892778687984,0.0036337988847337838,0.011628744186729949,0.011628744186729949,0.0012107764985930603,0.0033913497072242506,0.0043611464172623815,0.018653892778687984,0.07461704050370654,0.018653892778687984,0.03730778555737597,0.09327093328239451,0.09327093328239451,0.9317365973359978,0.018653892778687984,0.018653892778687984,0.018653892778687984,0.018653892778687984,0.007510046946977099,0.005571922915855442,0.0019381240311216583,0.0019381240311216583,0.018653892778687984
20260519-DiscoveryPlate-R3-E16,E16,Sample,DiscoveryPlate-R3-GES-11,3.836311673265514,29.58937735444965,57.61919338612413,3.222869338612412,2.773869338612412,1.2177,30.4857,50.0,100.0,1.0,1.0,1.0,0.02,2.0,0.3,2000.0,1.8,2.1649,1705168,2026-05-19 00:00:00,ext,M,20260519-DiscoveryPlate-R3,YK,AR-954,JC-0513,AR-970,AR-971,AR-972,AR-973,AR-702,Unknown,AR-959,AR-967,AR-969,AR-902,Unknown,Unknown,AR-308,AR-1028,AR-905,AR-975,10.0,True,0.0109486605614184,0.4776687299143986,5.20841895553329,5.2044455410655935e-05,3.2064056684818167,20260519-DiscoveryPlate-R3-SMS,Unknown,Unknown,Labcraft,0.0,0.13033626966226097,0.0036337988847337838,0.04094158444210975,0.015020093893954199,0.0021805732086311908,0.007025148591958035,0.023499937550969432,0.01792801463511399,0.0014532256761025928,0.07461704050370654,0.007510046946977099,0.011871193364239481,0.03173586264152052,0.018653892778687984,0.0036337988847337838,0.011628744186729949,0.011628744186729949,0.0012107764985930603,0.0033913497072242506,0.0043611464172623815,0.018653892778687984,0.07461704050370654,0.018653892778687984,0.03730778555737597,0.09327093328239451,0.09327093328239451,0.9317365973359978,0.018653892778687984,0.018653892778687984,0.018653892778687984,0.018653892778687984,0.007510046946977099,0.005571922915855442,0.0019381240311216583,0.0019381240311216583,0.018653892778687984
20260519-DiscoveryPlate-R3-E17,E17,Sample,DiscoveryPlate-R3-GES-20,3.0451799082049007,103.76513570625568,26.768139265639206,2.2799839265639203,2.4808839265639206,0.0,0.0,50.0,100.0,1.0,1.0,1.0,0.02,2.0,0.3,2000.0,1.8,1.8884,1705168,2026-05-19 00:00:00,ext,M,20260519-DiscoveryPlate-R3,YK,AR-954,JC-0513,AR-970,AR-971,AR-972,AR-973,AR-702,Unknown,AR-959,AR-967,AR-969,AR-902,Unknown,Unknown,AR-308,AR-1028,AR-905,AR-975,10.0,True,0.2313905080015653,5.034323685096158,0.5828186715886813,0.0027113535741524,4.255153197791349,20260519-DiscoveryPlate-R3-SMS,Unknown,Unknown,Labcraft,0.0,0.13033626966226097,0.0036337988847337838,0.04094158444210975,0.015020093893954199,0.0021805732086311908,0.007025148591958035,0.023499937550969432,0.01792801463511399,0.0014532256761025928,0.07461704050370654,0.007510046946977099,0.011871193364239481,0.03173586264152052,0.018653892778687984,0.0036337988847337838,0.011628744186729949,0.011628744186729949,0.0012107764985930603,0.0033913497072242506,0.0043611464172623815,0.018653892778687984,0.07461704050370654,0.018653892778687984,0.03730778555737597,0.09327093328239451,0.09327093328239451,0.9317365973359978,0.018653892778687984,0.018653892778687984,0.018653892778687984,0.018653892778687984,0.007510046946977099,0.005571922915855442,0.0019381240311216583,0.0019381240311216583,0.018653892778687984
20260519-DiscoveryPlate-R3-E18,E18,Sample,DiscoveryPlate-R3-GES-28,4.077380379901683,8.672897215685385,78.13194303921347,4.910524303921346,2.1682243039213462,0.0,32.7021,50.0,100.0,1.0,1.0,1.0,0.02,2.0,0.3,2000.0,1.8,2.1933,1705168,2026-05-19 00:00:00,ext,M,20260519-DiscoveryPlate-R3,YK,AR-954,JC-0513,AR-970,AR-971,AR-972,AR-973,AR-702,Unknown,AR-959,AR-967,AR-969,AR-902,Unknown,Unknown,AR-308,AR-1028,AR-905,AR-975,10.0,False,0.0,,,0.0,,20260519-DiscoveryPlate-R3-SMS,Unknown,Unknown,Labcraft,0.0,0.13033626966226097,0.0036337988847337838,0.04094158444210975,0.015020093893954199,0.0021805732086311908,0.007025148591958035,0.023499937550969432,0.01792801463511399,0.0014532256761025928,0.07461704050370654,0.007510046946977099,0.011871193364239481,0.03173586264152052,0.018653892778687984,0.0036337988847337838,0.011628744186729949,0.011628744186729949,0.0012107764985930603,0.0033913497072242506,0.0043611464172623815,0.018653892778687984,0.07461704050370654,0.018653892778687984,0.03730778555737597,0.09327093328239451,0.09327093328239451,0.9317365973359978,0.018653892778687984,0.018653892778687984,0.018653892778687984,0.018653892778687984,0.007510046946977099,0.005571922915855442,0.0019381240311216583,0.0019381240311216583,0.018653892778687984
20260519-DiscoveryPlate-R3-F6,F6,Sample,DiscoveryPlate-R3-GES-22,2.800970624827904,10.264465999449293,60.15596499862323,3.259716499862323,2.164616499862323,2.7095,32.6477,50.0,100.0,1.0,1.0,1.0,0.02,2.0,0.3,2000.0,1.8,2.1897,1705168,2026-05-19 00:00:00,ext,M,20260519-DiscoveryPlate-R3,YK,AR-954,JC-0513,AR-970,AR-971,AR-972,AR-973,AR-702,Unknown,AR-959,AR-967,AR-969,AR-902,Unknown,Unknown,AR-308,AR-1028,AR-905,AR-975,10.0,True,0.1326924854858489,5.9482804738072375,0.4372584073317795,0.0005309309143255,4.240197701972412,20260519-DiscoveryPlate-R3-SMS,Unknown,Unknown,Labcraft,0.0,0.13033626966226097,0.0036337988847337838,0.04094158444210975,0.015020093893954199,0.0021805732086311908,0.007025148591958035,0.023499937550969432,0.01792801463511399,0.0014532256761025928,0.07461704050370654,0.007510046946977099,0.011871193364239481,0.03173586264152052,0.018653892778687984,0.0036337988847337838,0.011628744186729949,0.011628744186729949,0.0012107764985930603,0.0033913497072242506,0.0043611464172623815,0.018653892778687984,0.07461704050370654,0.018653892778687984,0.03730778555737597,0.09327093328239451,0.09327093328239451,0.9317365973359978,0.018653892778687984,0.018653892778687984,0.018653892778687984,0.018653892778687984,0.007510046946977099,0.005571922915855442,0.0019381240311216583,0.0019381240311216583,0.018653892778687984
20260519-DiscoveryPlate-R3-F7,F7,Sample,DiscoveryPlate-R3-GES-25,2.6505814616482097,8.481860677274272,76.41095169318568,2.120465169318568,4.910765169318568,0.0,31.9817,50.0,100.0,1.0,1.0,1.0,0.02,2.0,0.3,2000.0,1.8,2.145,1705168,2026-05-19 00:00:00,ext,M,20260519-DiscoveryPlate-R3,YK,AR-954,JC-0513,AR-970,AR-971,AR-972,AR-973,AR-702,Unknown,AR-959,AR-967,AR-969,AR-902,Unknown,Unknown,AR-308,AR-1028,AR-905,AR-975,10.0,False,0.0,,,0.0,,20260519-DiscoveryPlate-R3-SMS,Unknown,Unknown,Labcraft,0.0,0.13033626966226097,0.0036337988847337838,0.04094158444210975,0.015020093893954199,0.0021805732086311908,0.007025148591958035,0.023499937550969432,0.01792801463511399,0.0014532256761025928,0.07461704050370654,0.007510046946977099,0.011871193364239481,0.03173586264152052,0.018653892778687984,0.0036337988847337838,0.011628744186729949,0.011628744186729949,0.0012107764985930603,0.0033913497072242506,0.0043611464172623815,0.018653892778687984,0.07461704050370654,0.018653892778687984,0.03730778555737597,0.09327093328239451,0.09327093328239451,0.9317365973359978,0.018653892778687984,0.018653892778687984,0.018653892778687984,0.018653892778687984,0.007510046946977099,0.005571922915855442,0.0019381240311216583,0.0019381240311216583,0.018653892778687984
20260519-DiscoveryPlate-R3-F8,F8,Sample,DiscoveryPlate-R3-GES-7,3.007049050855584,14.87381696273787,35.008292406844674,2.0662792406844672,2.474079240684467,0.7054,31.1645,50.0,100.0,1.0,1.0,1.0,0.02,2.0,0.3,2000.0,1.8,2.0902,1705168,2026-05-19 00:00:00,ext,M,20260519-DiscoveryPlate-R3,YK,AR-954,JC-0513,AR-970,AR-971,AR-972,AR-973,AR-702,Unknown,AR-959,AR-967,AR-969,AR-902,Unknown,Unknown,AR-308,AR-1028,AR-905,AR-975,10.0,True,0.0088473716236772,0.3957428178726278,5.378297513137461,9.62292279106724e-05,4.046531620913013,20260519-DiscoveryPlate-R3-SMS,Unknown,Unknown,Labcraft,0.0,0.13033626966226097,0.0036337988847337838,0.04094158444210975,0.015020093893954199,0.0021805732086311908,0.007025148591958035,0.023499937550969432,0.01792801463511399,0.0014532256761025928,0.07461704050370654,0.007510046946977099,0.011871193364239481,0.03173586264152052,0.018653892778687984,0.0036337988847337838,0.011628744186729949,0.011628744186729949,0.0012107764985930603,0.0033913497072242506,0.0043611464172623815,0.018653892778687984,0.07461704050370654,0.018653892778687984,0.03730778555737597,0.09327093328239451,0.09327093328239451,0.9317365973359978,0.018653892778687984,0.018653892778687984,0.018653892778687984,0.018653892778687984,0.007510046946977099,0.005571922915855442,0.0019381240311216583,0.0019381240311216583,0.018653892778687984
20260519-DiscoveryPlate-R3-F9,F9,Sample,DiscoveryPlate-R3-GES-24,3.894546105081152,115.11628753625968,63.84466884064922,2.0709968840649218,3.433596884064922,0.0,31.2356,50.0,100.0,1.0,1.0,1.0,0.02,2.0,0.3,2000.0,1.8,2.095,1705168,2026-05-19 00:00:00,ext,M,20260519-DiscoveryPlate-R3,YK,AR-954,JC-0513,AR-970,AR-971,AR-972,AR-973,AR-702,Unknown,AR-959,AR-967,AR-969,AR-902,Unknown,Unknown,AR-308,AR-1028,AR-905,AR-975,10.0,True,0.0113015959421913,0.4411474244682597,5.178222522829114,8.317871863617805e-05,5.294363809654721,20260519-DiscoveryPlate-R3-SMS,Unknown,Unknown,Labcraft,0.0,0.13033626966226097,0.0036337988847337838,0.04094158444210975,0.015020093893954199,0.0021805732086311908,0.007025148591958035,0.023499937550969432,0.01792801463511399,0.0014532256761025928,0.07461704050370654,0.007510046946977099,0.011871193364239481,0.03173586264152052,0.018653892778687984,0.0036337988847337838,0.011628744186729949,0.011628744186729949,0.0012107764985930603,0.0033913497072242506,0.0043611464172623815,0.018653892778687984,0.07461704050370654,0.018653892778687984,0.03730778555737597,0.09327093328239451,0.09327093328239451,0.9317365973359978,0.018653892778687984,0.018653892778687984,0.018653892778687984,0.018653892778687984,0.007510046946977099,0.005571922915855442,0.0019381240311216583,0.0019381240311216583,0.018653892778687984
20260519-DiscoveryPlate-R3-F10,F10,Sample,DiscoveryPlate-R3-GES-15,2.664262282926948,57.22793930536624,41.66089826341559,2.7379098263415584,3.2533098263415585,2.6679,32.1468,50.0,100.0,1.0,1.0,1.0,0.02,2.0,0.3,2000.0,1.8,2.1561,1705168,2026-05-19 00:00:00,ext,M,20260519-DiscoveryPlate-R3,YK,AR-954,JC-0513,AR-970,AR-971,AR-972,AR-973,AR-702,Unknown,AR-959,AR-967,AR-969,AR-902,Unknown,Unknown,AR-308,AR-1028,AR-905,AR-975,10.0,False,0.0,,,0.0,,20260519-DiscoveryPlate-R3-SMS,Unknown,Unknown,Labcraft,0.0,0.13033626966226097,0.0036337988847337838,0.04094158444210975,0.015020093893954199,0.0021805732086311908,0.007025148591958035,0.023499937550969432,0.01792801463511399,0.0014532256761025928,0.07461704050370654,0.007510046946977099,0.011871193364239481,0.03173586264152052,0.018653892778687984,0.0036337988847337838,0.011628744186729949,0.011628744186729949,0.0012107764985930603,0.0033913497072242506,0.0043611464172623815,0.018653892778687984,0.07461704050370654,0.018653892778687984,0.03730778555737597,0.09327093328239451,0.09327093328239451,0.9317365973359978,0.018653892778687984,0.018653892778687984,0.018653892778687984,0.018653892778687984,0.007510046946977099,0.005571922915855442,0.0019381240311216583,0.0019381240311216583,0.018653892778687984
20260519-DiscoveryPlate-R3-F11,F11,Sample,DiscoveryPlate-R3-8,4.084939367066156,59.660105974611696,23.452814936529244,3.649851493652924,5.010651493652924,0.9445,15.6492,50.0,100.0,1.0,1.0,1.0,0.02,2.0,0.3,2000.0,1.8,2.0992,1705168,2026-05-19 00:00:00,ext,M,20260519-DiscoveryPlate-R3,YK,AR-954,JC-0513,AR-970,AR-971,AR-972,AR-973,AR-702,Unknown,AR-959,AR-967,AR-969,AR-902,Unknown,Unknown,AR-308,AR-1028,AR-905,AR-975,10.0,False,0.0,,,0.0,,20260519-DiscoveryPlate-R3-SMS,Unknown,Unknown,Labcraft,0.0,0.13033626966226097,0.0036337988847337838,0.04094158444210975,0.015020093893954199,0.0021805732086311908,0.007025148591958035,0.023499937550969432,0.01792801463511399,0.0014532256761025928,0.07461704050370654,0.007510046946977099,0.011871193364239481,0.03173586264152052,0.018653892778687984,0.0036337988847337838,0.011628744186729949,0.011628744186729949,0.0012107764985930603,0.0033913497072242506,0.0043611464172623815,0.018653892778687984,0.07461704050370654,0.018653892778687984,0.03730778555737597,0.09327093328239451,0.09327093328239451,0.9317365973359978,0.018653892778687984,0.018653892778687984,0.018653892778687984,0.018653892778687984,0.007510046946977099,0.005571922915855442,0.0019381240311216583,0.0019381240311216583,0.018653892778687984
20260519-DiscoveryPlate-R3-F12,F12,Sample,DiscoveryPlate-R3-14,3.584667821967574,22.73489703029624,31.628442575740596,2.21647425757406,2.8737742575740595,0.2239,8.2433,50.0,100.0,1.0,1.0,1.0,0.02,2.0,0.3,2000.0,1.8,1.9903,1705168,2026-05-19 00:00:00,ext,M,20260519-DiscoveryPlate-R3,YK,AR-954,JC-0513,AR-970,AR-971,AR-972,AR-973,AR-702,Unknown,AR-959,AR-967,AR-969,AR-902,Unknown,Unknown,AR-308,AR-1028,AR-905,AR-975,10.0,False,0.0,,,0.0,,20260519-DiscoveryPlate-R3-SMS,Unknown,Unknown,Labcraft,0.0,0.13033626966226097,0.0036337988847337838,0.04094158444210975,0.015020093893954199,0.0021805732086311908,0.007025148591958035,0.023499937550969432,0.01792801463511399,0.0014532256761025928,0.07461704050370654,0.007510046946977099,0.011871193364239481,0.03173586264152052,0.018653892778687984,0.0036337988847337838,0.011628744186729949,0.011628744186729949,0.0012107764985930603,0.0033913497072242506,0.0043611464172623815,0.018653892778687984,0.07461704050370654,0.018653892778687984,0.03730778555737597,0.09327093328239451,0.09327093328239451,0.9317365973359978,0.018653892778687984,0.018653892778687984,0.018653892778687984,0.018653892778687984,0.007510046946977099,0.005571922915855442,0.0019381240311216583,0.0019381240311216583,0.018653892778687984
20260519-DiscoveryPlate-R3-F13,F13,Sample,DiscoveryPlate-R3-12,3.940699789672227,35.84467932695112,40.68459831737782,4.282619831737782,4.859819831737783,1.4534,17.8368,50.0,100.0,1.0,1.0,1.0,0.02,2.0,0.3,2000.0,1.8,2.1533,1705168,2026-05-19 00:00:00,ext,M,20260519-DiscoveryPlate-R3,YK,AR-954,JC-0513,AR-970,AR-971,AR-972,AR-973,AR-702,Unknown,AR-959,AR-967,AR-969,AR-902,Unknown,Unknown,AR-308,AR-1028,AR-905,AR-975,10.0,True,0.0087818679117113,0.4670418422084939,4.737882832086552,7.290398423819256e-05,4.002657231043381,20260519-DiscoveryPlate-R3-SMS,Unknown,Unknown,Labcraft,0.0,0.13033626966226097,0.0036337988847337838,0.04094158444210975,0.015020093893954199,0.0021805732086311908,0.007025148591958035,0.023499937550969432,0.01792801463511399,0.0014532256761025928,0.07461704050370654,0.007510046946977099,0.011871193364239481,0.03173586264152052,0.018653892778687984,0.0036337988847337838,0.011628744186729949,0.011628744186729949,0.0012107764985930603,0.0033913497072242506,0.0043611464172623815,0.018653892778687984,0.07461704050370654,0.018653892778687984,0.03730778555737597,0.09327093328239451,0.09327093328239451,0.9317365973359978,0.018653892778687984,0.018653892778687984,0.018653892778687984,0.018653892778687984,0.007510046946977099,0.005571922915855442,0.0019381240311216583,0.0019381240311216583,0.018653892778687984
20260519-DiscoveryPlate-R3-F14,F14,Sample,DiscoveryPlate-R3-3,3.692065403704917,11.003169291855738,26.17362322963934,5.294192322963934,3.2380923229639342,1.1815,12.1806,50.0,100.0,1.0,1.0,1.0,0.02,2.0,0.3,2000.0,1.8,2.1007,1705168,2026-05-19 00:00:00,ext,M,20260519-DiscoveryPlate-R3,YK,AR-954,JC-0513,AR-970,AR-971,AR-972,AR-973,AR-702,Unknown,AR-959,AR-967,AR-969,AR-902,Unknown,Unknown,AR-308,AR-1028,AR-905,AR-975,10.0,False,0.0,,,0.0,,20260519-DiscoveryPlate-R3-SMS,Unknown,Unknown,Labcraft,0.0,0.13033626966226097,0.0036337988847337838,0.04094158444210975,0.015020093893954199,0.0021805732086311908,0.007025148591958035,0.023499937550969432,0.01792801463511399,0.0014532256761025928,0.07461704050370654,0.007510046946977099,0.011871193364239481,0.03173586264152052,0.018653892778687984,0.0036337988847337838,0.011628744186729949,0.011628744186729949,0.0012107764985930603,0.0033913497072242506,0.0043611464172623815,0.018653892778687984,0.07461704050370654,0.018653892778687984,0.03730778555737597,0.09327093328239451,0.09327093328239451,0.9317365973359978,0.018653892778687984,0.018653892778687984,0.018653892778687984,0.018653892778687984,0.007510046946977099,0.005571922915855442,0.0019381240311216583,0.0019381240311216583,0.018653892778687984
20260519-DiscoveryPlate-R3-F15,F15,Sample,DiscoveryPlate-R3-GES-14,3.79906636071825,8.690772354298401,58.494830885746,2.1726930885746003,2.1726930885746003,4.4502,21.8463,50.0,100.0,1.0,1.0,1.0,0.02,2.0,0.3,2000.0,1.8,2.1978,1705168,2026-05-19 00:00:00,ext,M,20260519-DiscoveryPlate-R3,YK,AR-954,JC-0513,AR-970,AR-971,AR-972,AR-973,AR-702,Unknown,AR-959,AR-967,AR-969,AR-902,Unknown,Unknown,AR-308,AR-1028,AR-905,AR-975,10.0,False,0.0,,,0.0,,20260519-DiscoveryPlate-R3-SMS,Unknown,Unknown,Labcraft,0.0,0.13033626966226097,0.0036337988847337838,0.04094158444210975,0.015020093893954199,0.0021805732086311908,0.007025148591958035,0.023499937550969432,0.01792801463511399,0.0014532256761025928,0.07461704050370654,0.007510046946977099,0.011871193364239481,0.03173586264152052,0.018653892778687984,0.0036337988847337838,0.011628744186729949,0.011628744186729949,0.0012107764985930603,0.0033913497072242506,0.0043611464172623815,0.018653892778687984,0.07461704050370654,0.018653892778687984,0.03730778555737597,0.09327093328239451,0.09327093328239451,0.9317365973359978,0.018653892778687984,0.018653892778687984,0.018653892778687984,0.018653892778687984,0.007510046946977099,0.005571922915855442,0.0019381240311216583,0.0019381240311216583,0.018653892778687984
20260519-DiscoveryPlate-R3-F16,F16,Sample,DiscoveryPlate-R3-GES-1,3.8457888652758543,29.340484368882738,43.65701092220684,2.094071092220683,2.094071092220683,0.9531,31.5837,50.0,100.0,1.0,1.0,1.0,0.02,2.0,0.3,2000.0,1.8,2.1183,1705168,2026-05-19 00:00:00,ext,M,20260519-DiscoveryPlate-R3,YK,AR-954,JC-0513,AR-970,AR-971,AR-972,AR-973,AR-702,Unknown,AR-959,AR-967,AR-969,AR-902,Unknown,Unknown,AR-308,AR-1028,AR-905,AR-975,10.0,True,0.0065249291580536,0.9600066920698064,3.76856257840733,-0.0002171485919769,3.993240796879877,20260519-DiscoveryPlate-R3-SMS,Unknown,Unknown,Labcraft,0.0,0.13033626966226097,0.0036337988847337838,0.04094158444210975,0.015020093893954199,0.0021805732086311908,0.007025148591958035,0.023499937550969432,0.01792801463511399,0.0014532256761025928,0.07461704050370654,0.007510046946977099,0.011871193364239481,0.03173586264152052,0.018653892778687984,0.0036337988847337838,0.011628744186729949,0.011628744186729949,0.0012107764985930603,0.0033913497072242506,0.0043611464172623815,0.018653892778687984,0.07461704050370654,0.018653892778687984,0.03730778555737597,0.09327093328239451,0.09327093328239451,0.9317365973359978,0.018653892778687984,0.018653892778687984,0.018653892778687984,0.018653892778687984,0.007510046946977099,0.005571922915855442,0.0019381240311216583,0.0019381240311216583,0.018653892778687984
20260519-DiscoveryPlate-R3-F17,F17,Sample,DiscoveryPlate-R3-GES-29,3.5195902534974763,60.488168811191926,18.71592202797981,1.8715922027979808,1.8715922027979808,0.0,0.0,50.0,100.0,1.0,1.0,1.0,0.02,2.0,0.3,2000.0,1.8,1.8932,1705168,2026-05-19 00:00:00,ext,M,20260519-DiscoveryPlate-R3,YK,AR-954,JC-0513,AR-970,AR-971,AR-972,AR-973,AR-702,Unknown,AR-959,AR-967,AR-969,AR-902,Unknown,Unknown,AR-308,AR-1028,AR-905,AR-975,10.0,True,0.1403945541459163,5.242203868022696,0.5347803462623484,0.0019978396909827,4.255984226672165,20260519-DiscoveryPlate-R3-SMS,Unknown,Unknown,Labcraft,0.0,0.13033626966226097,0.0036337988847337838,0.04094158444210975,0.015020093893954199,0.0021805732086311908,0.007025148591958035,0.023499937550969432,0.01792801463511399,0.0014532256761025928,0.07461704050370654,0.007510046946977099,0.011871193364239481,0.03173586264152052,0.018653892778687984,0.0036337988847337838,0.011628744186729949,0.011628744186729949,0.0012107764985930603,0.0033913497072242506,0.0043611464172623815,0.018653892778687984,0.07461704050370654,0.018653892778687984,0.03730778555737597,0.09327093328239451,0.09327093328239451,0.9317365973359978,0.018653892778687984,0.018653892778687984,0.018653892778687984,0.018653892778687984,0.007510046946977099,0.005571922915855442,0.0019381240311216583,0.0019381240311216583,0.018653892778687984
20260519-DiscoveryPlate-R3-F18,F18,Sample,DiscoveryPlate-R3-13,4.173976225185502,62.0034439205936,43.55670980148402,3.410460980148401,2.3641609801484016,1.6642,21.0074,50.0,100.0,1.0,1.0,1.0,0.02,2.0,0.3,2000.0,1.8,2.1134,1705168,2026-05-19 00:00:00,ext,M,20260519-DiscoveryPlate-R3,YK,AR-954,JC-0513,AR-970,AR-971,AR-972,AR-973,AR-702,Unknown,AR-959,AR-967,AR-969,AR-902,Unknown,Unknown,AR-308,AR-1028,AR-905,AR-975,10.0,False,0.0,,,0.0,,20260519-DiscoveryPlate-R3-SMS,Unknown,Unknown,Labcraft,0.0,0.13033626966226097,0.0036337988847337838,0.04094158444210975,0.015020093893954199,0.0021805732086311908,0.007025148591958035,0.023499937550969432,0.01792801463511399,0.0014532256761025928,0.07461704050370654,0.007510046946977099,0.011871193364239481,0.03173586264152052,0.018653892778687984,0.0036337988847337838,0.011628744186729949,0.011628744186729949,0.0012107764985930603,0.0033913497072242506,0.0043611464172623815,0.018653892778687984,0.07461704050370654,0.018653892778687984,0.03730778555737597,0.09327093328239451,0.09327093328239451,0.9317365973359978,0.018653892778687984,0.018653892778687984,0.018653892778687984,0.018653892778687984,0.007510046946977099,0.005571922915855442,0.0019381240311216583,0.0019381240311216583,0.018653892778687984
20260519-DiscoveryPlate-R3-G6,G6,Control,labcraft_ctrl,3.1579057015191583,7.540178244861307,18.850445612153266,1.8850445612153268,1.8850445612153268,0.0,0.0,50.0,100.0,1.0,1.0,1.0,0.02,2.0,0.3,2000.0,1.8,1.9068,1705168,2026-05-19 00:00:00,ext,M,20260519-DiscoveryPlate-R3,YK,AR-954,JC-0513,AR-970,AR-971,AR-972,AR-973,AR-702,Unknown,AR-959,AR-967,AR-969,AR-902,Unknown,Unknown,AR-308,AR-1028,AR-905,AR-975,10.0,True,0.2658977151683028,5.70392281832477,0.5327461467219724,0.0022029160217553,4.291808454063604,20260519-DiscoveryPlate-R3-SMS,Unknown,Unknown,Labcraft,0.0,0.13033626966226097,0.0036337988847337838,0.04094158444210975,0.015020093893954199,0.0021805732086311908,0.007025148591958035,0.023499937550969432,0.01792801463511399,0.0014532256761025928,0.07461704050370654,0.007510046946977099,0.011871193364239481,0.03173586264152052,0.018653892778687984,0.0036337988847337838,0.011628744186729949,0.011628744186729949,0.0012107764985930603,0.0033913497072242506,0.0043611464172623815,0.018653892778687984,0.07461704050370654,0.018653892778687984,0.03730778555737597,0.09327093328239451,0.09327093328239451,0.9317365973359978,0.018653892778687984,0.018653892778687984,0.018653892778687984,0.018653892778687984,0.007510046946977099,0.005571922915855442,0.0019381240311216583,0.0019381240311216583,0.018653892778687984
20260519-DiscoveryPlate-R3-G7,G7,Sample,DiscoveryPlate-R3-GES-2,3.01708424284325,72.0962495770984,48.619173942746,2.0731873942746,2.3459873942746,1.4155,31.2687,50.0,100.0,1.0,1.0,1.0,0.02,2.0,0.3,2000.0,1.8,2.0972,1705168,2026-05-19 00:00:00,ext,M,20260519-DiscoveryPlate-R3,YK,AR-954,JC-0513,AR-970,AR-971,AR-972,AR-973,AR-702,Unknown,AR-959,AR-967,AR-969,AR-902,Unknown,Unknown,AR-308,AR-1028,AR-905,AR-975,10.0,True,0.4561926819784083,6.278809812471685,0.6146848377447485,-0.0011139055543023,4.230955284742178,20260519-DiscoveryPlate-R3-SMS,Unknown,Unknown,Labcraft,0.0,0.13033626966226097,0.0036337988847337838,0.04094158444210975,0.015020093893954199,0.0021805732086311908,0.007025148591958035,0.023499937550969432,0.01792801463511399,0.0014532256761025928,0.07461704050370654,0.007510046946977099,0.011871193364239481,0.03173586264152052,0.018653892778687984,0.0036337988847337838,0.011628744186729949,0.011628744186729949,0.0012107764985930603,0.0033913497072242506,0.0043611464172623815,0.018653892778687984,0.07461704050370654,0.018653892778687984,0.03730778555737597,0.09327093328239451,0.09327093328239451,0.9317365973359978,0.018653892778687984,0.018653892778687984,0.018653892778687984,0.018653892778687984,0.007510046946977099,0.005571922915855442,0.0019381240311216583,0.0019381240311216583,0.018653892778687984
20260519-DiscoveryPlate-R3-G8,G8,Sample,DiscoveryPlate-R3-10,4.12728317022316,10.487546144714113,29.595765361785283,3.272486536178528,3.808786536178528,3.6329,10.7004,50.0,100.0,1.0,1.0,1.0,0.02,2.0,0.3,2000.0,1.8,2.153,1705168,2026-05-19 00:00:00,ext,M,20260519-DiscoveryPlate-R3,YK,AR-954,JC-0513,AR-970,AR-971,AR-972,AR-973,AR-702,Unknown,AR-959,AR-967,AR-969,AR-902,Unknown,Unknown,AR-308,AR-1028,AR-905,AR-975,10.0,True,0.4329572094180063,5.767544711763469,0.6150776983945133,0.0007819824849258,4.2736637592451965,20260519-DiscoveryPlate-R3-SMS,Unknown,Unknown,Labcraft,0.0,0.13033626966226097,0.0036337988847337838,0.04094158444210975,0.015020093893954199,0.0021805732086311908,0.007025148591958035,0.023499937550969432,0.01792801463511399,0.0014532256761025928,0.07461704050370654,0.007510046946977099,0.011871193364239481,0.03173586264152052,0.018653892778687984,0.0036337988847337838,0.011628744186729949,0.011628744186729949,0.0012107764985930603,0.0033913497072242506,0.0043611464172623815,0.018653892778687984,0.07461704050370654,0.018653892778687984,0.03730778555737597,0.09327093328239451,0.09327093328239451,0.9317365973359978,0.018653892778687984,0.018653892778687984,0.018653892778687984,0.018653892778687984,0.007510046946977099,0.005571922915855442,0.0019381240311216583,0.0019381240311216583,0.018653892778687984
20260519-DiscoveryPlate-R3-G9,G9,Sample,DiscoveryPlate-R3-9,4.3643662901832005,37.05103212858624,22.46353032146561,4.467433032146561,5.906733032146561,3.4298,7.2159,50.0,100.0,1.0,1.0,1.0,0.02,2.0,0.3,2000.0,1.8,2.1778,1705168,2026-05-19 00:00:00,ext,M,20260519-DiscoveryPlate-R3,YK,AR-954,JC-0513,AR-970,AR-971,AR-972,AR-973,AR-702,Unknown,AR-959,AR-967,AR-969,AR-902,Unknown,Unknown,AR-308,AR-1028,AR-905,AR-975,10.0,True,0.2797032723948021,5.381065118606206,0.5899598293372105,0.0015737291922918,4.256113142598734,20260519-DiscoveryPlate-R3-SMS,Unknown,Unknown,Labcraft,0.0,0.13033626966226097,0.0036337988847337838,0.04094158444210975,0.015020093893954199,0.0021805732086311908,0.007025148591958035,0.023499937550969432,0.01792801463511399,0.0014532256761025928,0.07461704050370654,0.007510046946977099,0.011871193364239481,0.03173586264152052,0.018653892778687984,0.0036337988847337838,0.011628744186729949,0.011628744186729949,0.0012107764985930603,0.0033913497072242506,0.0043611464172623815,0.018653892778687984,0.07461704050370654,0.018653892778687984,0.03730778555737597,0.09327093328239451,0.09327093328239451,0.9317365973359978,0.018653892778687984,0.018653892778687984,0.018653892778687984,0.018653892778687984,0.007510046946977099,0.005571922915855442,0.0019381240311216583,0.0019381240311216583,0.018653892778687984
20260519-DiscoveryPlate-R3-G10,G10,Sample,DiscoveryPlate-R3-GES-12,3.884694921373928,81.60332374839658,57.40855937099143,2.0657559370991425,2.3375559370991423,0.2351,31.1566,50.0,100.0,1.0,1.0,1.0,0.02,2.0,0.3,2000.0,1.8,2.0896,1705168,2026-05-19 00:00:00,ext,M,20260519-DiscoveryPlate-R3,YK,AR-954,JC-0513,AR-970,AR-971,AR-972,AR-973,AR-702,Unknown,AR-959,AR-967,AR-969,AR-902,Unknown,Unknown,AR-308,AR-1028,AR-905,AR-975,10.0,True,0.4017616443858668,6.830395216211751,0.5935393783345352,-0.0018303877226663,4.239432674034469,20260519-DiscoveryPlate-R3-SMS,Unknown,Unknown,Labcraft,0.0,0.13033626966226097,0.0036337988847337838,0.04094158444210975,0.015020093893954199,0.0021805732086311908,0.007025148591958035,0.023499937550969432,0.01792801463511399,0.0014532256761025928,0.07461704050370654,0.007510046946977099,0.011871193364239481,0.03173586264152052,0.018653892778687984,0.0036337988847337838,0.011628744186729949,0.011628744186729949,0.0012107764985930603,0.0033913497072242506,0.0043611464172623815,0.018653892778687984,0.07461704050370654,0.018653892778687984,0.03730778555737597,0.09327093328239451,0.09327093328239451,0.9317365973359978,0.018653892778687984,0.018653892778687984,0.018653892778687984,0.018653892778687984,0.007510046946977099,0.005571922915855442,0.0019381240311216583,0.0019381240311216583,0.018653892778687984
20260519-DiscoveryPlate-R3-G11,G11,Sample,DiscoveryPlate-R3-GES-11,3.836311673265514,29.58937735444965,57.61919338612413,3.222869338612412,2.773869338612412,1.2177,30.4857,50.0,100.0,1.0,1.0,1.0,0.02,2.0,0.3,2000.0,1.8,2.1649,1705168,2026-05-19 00:00:00,ext,M,20260519-DiscoveryPlate-R3,YK,AR-954,JC-0513,AR-970,AR-971,AR-972,AR-973,AR-702,Unknown,AR-959,AR-967,AR-969,AR-902,Unknown,Unknown,AR-308,AR-1028,AR-905,AR-975,10.0,True,0.0280640850332763,5.599375181888781,0.3691007958227245,0.0005109138363923,4.252040549587076,20260519-DiscoveryPlate-R3-SMS,Unknown,Unknown,Labcraft,0.0,0.13033626966226097,0.0036337988847337838,0.04094158444210975,0.015020093893954199,0.0021805732086311908,0.007025148591958035,0.023499937550969432,0.01792801463511399,0.0014532256761025928,0.07461704050370654,0.007510046946977099,0.011871193364239481,0.03173586264152052,0.018653892778687984,0.0036337988847337838,0.011628744186729949,0.011628744186729949,0.0012107764985930603,0.0033913497072242506,0.0043611464172623815,0.018653892778687984,0.07461704050370654,0.018653892778687984,0.03730778555737597,0.09327093328239451,0.09327093328239451,0.9317365973359978,0.018653892778687984,0.018653892778687984,0.018653892778687984,0.018653892778687984,0.007510046946977099,0.005571922915855442,0.0019381240311216583,0.0019381240311216583,0.018653892778687984
20260519-DiscoveryPlate-R3-G12,G12,Sample,DiscoveryPlate-R3-GES-1,3.8457888652758543,29.340484368882738,43.65701092220684,2.094071092220683,2.094071092220683,0.9531,31.5837,50.0,100.0,1.0,1.0,1.0,0.02,2.0,0.3,2000.0,1.8,2.1183,1705168,2026-05-19 00:00:00,ext,M,20260519-DiscoveryPlate-R3,YK,AR-954,JC-0513,AR-970,AR-971,AR-972,AR-973,AR-702,Unknown,AR-959,AR-967,AR-969,AR-902,Unknown,Unknown,AR-308,AR-1028,AR-905,AR-975,10.0,True,0.2233882698655942,6.743876167394922,0.546030035199502,9.55681085830954e-05,4.251129055828343,20260519-DiscoveryPlate-R3-SMS,Unknown,Unknown,Labcraft,0.0,0.13033626966226097,0.0036337988847337838,0.04094158444210975,0.015020093893954199,0.0021805732086311908,0.007025148591958035,0.023499937550969432,0.01792801463511399,0.0014532256761025928,0.07461704050370654,0.007510046946977099,0.011871193364239481,0.03173586264152052,0.018653892778687984,0.0036337988847337838,0.011628744186729949,0.011628744186729949,0.0012107764985930603,0.0033913497072242506,0.0043611464172623815,0.018653892778687984,0.07461704050370654,0.018653892778687984,0.03730778555737597,0.09327093328239451,0.09327093328239451,0.9317365973359978,0.018653892778687984,0.018653892778687984,0.018653892778687984,0.018653892778687984,0.007510046946977099,0.005571922915855442,0.0019381240311216583,0.0019381240311216583,0.018653892778687984
20260519-DiscoveryPlate-R3-G13,G13,Sample,DiscoveryPlate-R3-GES-17,3.566475566979472,7.586161814334311,18.965404535835777,1.8965404535835777,1.8965404535835777,0.0,0.0,50.0,100.0,1.0,1.0,1.0,0.02,2.0,0.3,2000.0,1.8,1.9185,1705168,2026-05-19 00:00:00,ext,M,20260519-DiscoveryPlate-R3,YK,AR-954,JC-0513,AR-970,AR-971,AR-972,AR-973,AR-702,Unknown,AR-959,AR-967,AR-969,AR-902,Unknown,Unknown,AR-308,AR-1028,AR-905,AR-975,10.0,True,0.1783455434753582,4.923299397257299,0.6329829947130454,0.0024845857152781,4.2539560817440885,20260519-DiscoveryPlate-R3-SMS,Unknown,Unknown,Labcraft,0.0,0.13033626966226097,0.0036337988847337838,0.04094158444210975,0.015020093893954199,0.0021805732086311908,0.007025148591958035,0.023499937550969432,0.01792801463511399,0.0014532256761025928,0.07461704050370654,0.007510046946977099,0.011871193364239481,0.03173586264152052,0.018653892778687984,0.0036337988847337838,0.011628744186729949,0.011628744186729949,0.0012107764985930603,0.0033913497072242506,0.0043611464172623815,0.018653892778687984,0.07461704050370654,0.018653892778687984,0.03730778555737597,0.09327093328239451,0.09327093328239451,0.9317365973359978,0.018653892778687984,0.018653892778687984,0.018653892778687984,0.018653892778687984,0.007510046946977099,0.005571922915855442,0.0019381240311216583,0.0019381240311216583,0.018653892778687984
20260519-DiscoveryPlate-R3-G14,G14,Sample,DiscoveryPlate-R3-GES-21,3.270879150696845,50.52049328222991,41.42663320557476,2.1194233205574764,2.1194233205574764,2.6529,31.966,50.0,100.0,1.0,1.0,1.0,0.02,2.0,0.3,2000.0,1.8,2.1439,1705168,2026-05-19 00:00:00,ext,M,20260519-DiscoveryPlate-R3,YK,AR-954,JC-0513,AR-970,AR-971,AR-972,AR-973,AR-702,Unknown,AR-959,AR-967,AR-969,AR-902,Unknown,Unknown,AR-308,AR-1028,AR-905,AR-975,10.0,True,0.1262661276936097,4.838940606513038,0.6261253826122231,0.0012676849089663,4.252396592708462,20260519-DiscoveryPlate-R3-SMS,Unknown,Unknown,Labcraft,0.0,0.13033626966226097,0.0036337988847337838,0.04094158444210975,0.015020093893954199,0.0021805732086311908,0.007025148591958035,0.023499937550969432,0.01792801463511399,0.0014532256761025928,0.07461704050370654,0.007510046946977099,0.011871193364239481,0.03173586264152052,0.018653892778687984,0.0036337988847337838,0.011628744186729949,0.011628744186729949,0.0012107764985930603,0.0033913497072242506,0.0043611464172623815,0.018653892778687984,0.07461704050370654,0.018653892778687984,0.03730778555737597,0.09327093328239451,0.09327093328239451,0.9317365973359978,0.018653892778687984,0.018653892778687984,0.018653892778687984,0.018653892778687984,0.007510046946977099,0.005571922915855442,0.0019381240311216583,0.0019381240311216583,0.018653892778687984
20260519-DiscoveryPlate-R3-G15,G15,Sample,DiscoveryPlate-R3-16,3.904141795648563,20.494673746075403,47.05223436518851,4.564993436518851,2.5148934365188507,1.6283,3.4257,50.0,100.0,1.0,1.0,1.0,0.02,2.0,0.3,2000.0,1.8,2.0678,1705168,2026-05-19 00:00:00,ext,M,20260519-DiscoveryPlate-R3,YK,AR-954,JC-0513,AR-970,AR-971,AR-972,AR-973,AR-702,Unknown,AR-959,AR-967,AR-969,AR-902,Unknown,Unknown,AR-308,AR-1028,AR-905,AR-975,10.0,True,0.0532557405461962,5.263314882936973,0.5183853321861134,-0.0002607916713383,4.255650888363718,20260519-DiscoveryPlate-R3-SMS,Unknown,Unknown,Labcraft,0.0,0.13033626966226097,0.0036337988847337838,0.04094158444210975,0.015020093893954199,0.0021805732086311908,0.007025148591958035,0.023499937550969432,0.01792801463511399,0.0014532256761025928,0.07461704050370654,0.007510046946977099,0.011871193364239481,0.03173586264152052,0.018653892778687984,0.0036337988847337838,0.011628744186729949,0.011628744186729949,0.0012107764985930603,0.0033913497072242506,0.0043611464172623815,0.018653892778687984,0.07461704050370654,0.018653892778687984,0.03730778555737597,0.09327093328239451,0.09327093328239451,0.9317365973359978,0.018653892778687984,0.018653892778687984,0.018653892778687984,0.018653892778687984,0.007510046946977099,0.005571922915855442,0.0019381240311216583,0.0019381240311216583,0.018653892778687984
20260519-DiscoveryPlate-R3-G16,G16,Sample,DiscoveryPlate-R3-4,4.564466998200827,18.602554394242645,40.85153598560662,3.596213598560662,4.802413598560662,0.698,1.7132,50.0,100.0,1.0,1.0,1.0,0.02,2.0,0.3,2000.0,1.8,2.0683,1705168,2026-05-19 00:00:00,ext,M,20260519-DiscoveryPlate-R3,YK,AR-954,JC-0513,AR-970,AR-971,AR-972,AR-973,AR-702,Unknown,AR-959,AR-967,AR-969,AR-902,Unknown,Unknown,AR-308,AR-1028,AR-905,AR-975,10.0,False,0.0,,,0.0,,20260519-DiscoveryPlate-R3-SMS,Unknown,Unknown,Labcraft,0.0,0.13033626966226097,0.0036337988847337838,0.04094158444210975,0.015020093893954199,0.0021805732086311908,0.007025148591958035,0.023499937550969432,0.01792801463511399,0.0014532256761025928,0.07461704050370654,0.007510046946977099,0.011871193364239481,0.03173586264152052,0.018653892778687984,0.0036337988847337838,0.011628744186729949,0.011628744186729949,0.0012107764985930603,0.0033913497072242506,0.0043611464172623815,0.018653892778687984,0.07461704050370654,0.018653892778687984,0.03730778555737597,0.09327093328239451,0.09327093328239451,0.9317365973359978,0.018653892778687984,0.018653892778687984,0.018653892778687984,0.018653892778687984,0.007510046946977099,0.005571922915855442,0.0019381240311216583,0.0019381240311216583,0.018653892778687984
20260519-DiscoveryPlate-R3-G17,G17,Sample,DiscoveryPlate-R3-GES-19,3.7097466600085007,96.2608293120272,78.424973280068,2.1763573280068007,2.892357328006801,3.4671,31.0011,50.0,100.0,1.0,1.0,1.0,0.02,2.0,0.3,2000.0,1.8,2.2015,1705168,2026-05-19 00:00:00,ext,M,20260519-DiscoveryPlate-R3,YK,AR-954,JC-0513,AR-970,AR-971,AR-972,AR-973,AR-702,Unknown,AR-959,AR-967,AR-969,AR-902,Unknown,Unknown,AR-308,AR-1028,AR-905,AR-975,10.0,True,0.1375976480322456,5.136929789944813,0.5115369067372348,0.0010653123317363,4.255710232545352,20260519-DiscoveryPlate-R3-SMS,Unknown,Unknown,Labcraft,0.0,0.13033626966226097,0.0036337988847337838,0.04094158444210975,0.015020093893954199,0.0021805732086311908,0.007025148591958035,0.023499937550969432,0.01792801463511399,0.0014532256761025928,0.07461704050370654,0.007510046946977099,0.011871193364239481,0.03173586264152052,0.018653892778687984,0.0036337988847337838,0.011628744186729949,0.011628744186729949,0.0012107764985930603,0.0033913497072242506,0.0043611464172623815,0.018653892778687984,0.07461704050370654,0.018653892778687984,0.03730778555737597,0.09327093328239451,0.09327093328239451,0.9317365973359978,0.018653892778687984,0.018653892778687984,0.018653892778687984,0.018653892778687984,0.007510046946977099,0.005571922915855442,0.0019381240311216583,0.0019381240311216583,0.018653892778687984
20260519-DiscoveryPlate-R3-G18,G18,Sample,DiscoveryPlate-R3-1,4.551055263915538,32.142676844529724,28.985542111324303,2.28774421113243,6.186244211132431,2.4484,18.0289,50.0,100.0,1.0,1.0,1.0,0.02,2.0,0.3,2000.0,1.8,2.1765,1705168,2026-05-19 00:00:00,ext,M,20260519-DiscoveryPlate-R3,YK,AR-954,JC-0513,AR-970,AR-971,AR-972,AR-973,AR-702,Unknown,AR-959,AR-967,AR-969,AR-902,Unknown,Unknown,AR-308,AR-1028,AR-905,AR-975,10.0,True,0.2621825868705664,5.809667489944719,0.5916883268561984,0.002102528104917,4.305387420476622,20260519-DiscoveryPlate-R3-SMS,Unknown,Unknown,Labcraft,0.0,0.13033626966226097,0.0036337988847337838,0.04094158444210975,0.015020093893954199,0.0021805732086311908,0.007025148591958035,0.023499937550969432,0.01792801463511399,0.0014532256761025928,0.07461704050370654,0.007510046946977099,0.011871193364239481,0.03173586264152052,0.018653892778687984,0.0036337988847337838,0.011628744186729949,0.011628744186729949,0.0012107764985930603,0.0033913497072242506,0.0043611464172623815,0.018653892778687984,0.07461704050370654,0.018653892778687984,0.03730778555737597,0.09327093328239451,0.09327093328239451,0.9317365973359978,0.018653892778687984,0.018653892778687984,0.018653892778687984,0.018653892778687984,0.007510046946977099,0.005571922915855442,0.0019381240311216583,0.0019381240311216583,0.018653892778687984
20260519-DiscoveryPlate-R3-H6,H6,Sample,DiscoveryPlate-R3-10,4.12728317022316,10.487546144714113,29.595765361785283,3.272486536178528,3.808786536178528,3.6329,10.7004,50.0,100.0,1.0,1.0,1.0,0.02,2.0,0.3,2000.0,1.8,2.153,1705168,2026-05-19 00:00:00,ext,M,20260519-DiscoveryPlate-R3,YK,AR-954,JC-0513,AR-970,AR-971,AR-972,AR-973,AR-702,Unknown,AR-959,AR-967,AR-969,AR-902,Unknown,Unknown,AR-308,AR-1028,AR-905,AR-975,10.0,True,0.4605842171085079,6.475114023969449,0.5667484189980965,-0.0010104887791743,4.129727821384045,20260519-DiscoveryPlate-R3-SMS,Unknown,Unknown,Labcraft,0.0,0.13033626966226097,0.0036337988847337838,0.04094158444210975,0.015020093893954199,0.0021805732086311908,0.007025148591958035,0.023499937550969432,0.01792801463511399,0.0014532256761025928,0.07461704050370654,0.007510046946977099,0.011871193364239481,0.03173586264152052,0.018653892778687984,0.0036337988847337838,0.011628744186729949,0.011628744186729949,0.0012107764985930603,0.0033913497072242506,0.0043611464172623815,0.018653892778687984,0.07461704050370654,0.018653892778687984,0.03730778555737597,0.09327093328239451,0.09327093328239451,0.9317365973359978,0.018653892778687984,0.018653892778687984,0.018653892778687984,0.018653892778687984,0.007510046946977099,0.005571922915855442,0.0019381240311216583,0.0019381240311216583,0.018653892778687984
20260519-DiscoveryPlate-R3-H7,H7,Sample,DiscoveryPlate-R3-GES-8,3.435536780852969,8.6577176987295,48.88059424682375,2.232829424682375,2.8052294246823752,2.9555,30.8312,50.0,100.0,1.0,1.0,1.0,0.02,2.0,0.3,2000.0,1.8,2.1895,1705168,2026-05-19 00:00:00,ext,M,20260519-DiscoveryPlate-R3,YK,AR-954,JC-0513,AR-970,AR-971,AR-972,AR-973,AR-702,Unknown,AR-959,AR-967,AR-969,AR-902,Unknown,Unknown,AR-308,AR-1028,AR-905,AR-975,10.0,True,0.1409871788757463,6.936443365023097,0.4516627241972302,0.0002787813801894,4.252296035367222,20260519-DiscoveryPlate-R3-SMS,Unknown,Unknown,Labcraft,0.0,0.13033626966226097,0.0036337988847337838,0.04094158444210975,0.015020093893954199,0.0021805732086311908,0.007025148591958035,0.023499937550969432,0.01792801463511399,0.0014532256761025928,0.07461704050370654,0.007510046946977099,0.011871193364239481,0.03173586264152052,0.018653892778687984,0.0036337988847337838,0.011628744186729949,0.011628744186729949,0.0012107764985930603,0.0033913497072242506,0.0043611464172623815,0.018653892778687984,0.07461704050370654,0.018653892778687984,0.03730778555737597,0.09327093328239451,0.09327093328239451,0.9317365973359978,0.018653892778687984,0.018653892778687984,0.018653892778687984,0.018653892778687984,0.007510046946977099,0.005571922915855442,0.0019381240311216583,0.0019381240311216583,0.018653892778687984
20260519-DiscoveryPlate-R3-H8,H8,Sample,DiscoveryPlate-R3-1,4.551055263915538,32.142676844529724,28.985542111324303,2.28774421113243,6.186244211132431,2.4484,18.0289,50.0,100.0,1.0,1.0,1.0,0.02,2.0,0.3,2000.0,1.8,2.1765,1705168,2026-05-19 00:00:00,ext,M,20260519-DiscoveryPlate-R3,YK,AR-954,JC-0513,AR-970,AR-971,AR-972,AR-973,AR-702,Unknown,AR-959,AR-967,AR-969,AR-902,Unknown,Unknown,AR-308,AR-1028,AR-905,AR-975,10.0,True,0.4393261159573592,6.164753166419845,0.5693655458961715,-0.0004261569568888,4.247292160443175,20260519-DiscoveryPlate-R3-SMS,Unknown,Unknown,Labcraft,0.0,0.13033626966226097,0.0036337988847337838,0.04094158444210975,0.015020093893954199,0.0021805732086311908,0.007025148591958035,0.023499937550969432,0.01792801463511399,0.0014532256761025928,0.07461704050370654,0.007510046946977099,0.011871193364239481,0.03173586264152052,0.018653892778687984,0.0036337988847337838,0.011628744186729949,0.011628744186729949,0.0012107764985930603,0.0033913497072242506,0.0043611464172623815,0.018653892778687984,0.07461704050370654,0.018653892778687984,0.03730778555737597,0.09327093328239451,0.09327093328239451,0.9317365973359978,0.018653892778687984,0.018653892778687984,0.018653892778687984,0.018653892778687984,0.007510046946977099,0.005571922915855442,0.0019381240311216583,0.0019381240311216583,0.018653892778687984
20260519-DiscoveryPlate-R3-H9,H9,Sample,DiscoveryPlate-R3-GES-27,3.934536654609635,116.29867729475085,20.92269323687708,4.738469323687708,3.881869323687708,0.0,31.5565,50.0,100.0,1.0,1.0,1.0,0.02,2.0,0.3,2000.0,1.8,2.1165,1705168,2026-05-19 00:00:00,ext,M,20260519-DiscoveryPlate-R3,YK,AR-954,JC-0513,AR-970,AR-971,AR-972,AR-973,AR-702,Unknown,AR-959,AR-967,AR-969,AR-902,Unknown,Unknown,AR-308,AR-1028,AR-905,AR-975,10.0,True,0.1056711796662414,3.86517511202364,0.6865016269400812,0.0004183963028247,4.201636479803713,20260519-DiscoveryPlate-R3-SMS,Unknown,Unknown,Labcraft,0.0,0.13033626966226097,0.0036337988847337838,0.04094158444210975,0.015020093893954199,0.0021805732086311908,0.007025148591958035,0.023499937550969432,0.01792801463511399,0.0014532256761025928,0.07461704050370654,0.007510046946977099,0.011871193364239481,0.03173586264152052,0.018653892778687984,0.0036337988847337838,0.011628744186729949,0.011628744186729949,0.0012107764985930603,0.0033913497072242506,0.0043611464172623815,0.018653892778687984,0.07461704050370654,0.018653892778687984,0.03730778555737597,0.09327093328239451,0.09327093328239451,0.9317365973359978,0.018653892778687984,0.018653892778687984,0.018653892778687984,0.018653892778687984,0.007510046946977099,0.005571922915855442,0.0019381240311216583,0.0019381240311216583,0.018653892778687984
20260519-DiscoveryPlate-R3-H10,H10,Sample,DiscoveryPlate-R3-11,4.555108270256698,55.88638646482144,37.07156616205359,2.9370466162053583,5.915946616205359,0.4737,13.9526,50.0,100.0,1.0,1.0,1.0,0.02,2.0,0.3,2000.0,1.8,2.1055,1705168,2026-05-19 00:00:00,ext,M,20260519-DiscoveryPlate-R3,YK,AR-954,JC-0513,AR-970,AR-971,AR-972,AR-973,AR-702,Unknown,AR-959,AR-967,AR-969,AR-902,Unknown,Unknown,AR-308,AR-1028,AR-905,AR-975,10.0,True,0.433532103153703,7.489792807652485,0.5362196059174985,-0.002334170384795,4.120440829846796,20260519-DiscoveryPlate-R3-SMS,Unknown,Unknown,Labcraft,0.0,0.13033626966226097,0.0036337988847337838,0.04094158444210975,0.015020093893954199,0.0021805732086311908,0.007025148591958035,0.023499937550969432,0.01792801463511399,0.0014532256761025928,0.07461704050370654,0.007510046946977099,0.011871193364239481,0.03173586264152052,0.018653892778687984,0.0036337988847337838,0.011628744186729949,0.011628744186729949,0.0012107764985930603,0.0033913497072242506,0.0043611464172623815,0.018653892778687984,0.07461704050370654,0.018653892778687984,0.03730778555737597,0.09327093328239451,0.09327093328239451,0.9317365973359978,0.018653892778687984,0.018653892778687984,0.018653892778687984,0.018653892778687984,0.007510046946977099,0.005571922915855442,0.0019381240311216583,0.0019381240311216583,0.018653892778687984
20260519-DiscoveryPlate-R3-H11,H11,Sample,DiscoveryPlate-R3-4,4.564466998200827,18.602554394242645,40.85153598560662,3.596213598560662,4.802413598560662,0.698,1.7132,50.0,100.0,1.0,1.0,1.0,0.02,2.0,0.3,2000.0,1.8,2.0683,1705168,2026-05-19 00:00:00,ext,M,20260519-DiscoveryPlate-R3,YK,AR-954,JC-0513,AR-970,AR-971,AR-972,AR-973,AR-702,Unknown,AR-959,AR-967,AR-969,AR-902,Unknown,Unknown,AR-308,AR-1028,AR-905,AR-975,10.0,True,0.0366281836369359,7.074907649629583,0.2809389134349183,0.0002400402602099,4.164892215717941,20260519-DiscoveryPlate-R3-SMS,Unknown,Unknown,Labcraft,0.0,0.13033626966226097,0.0036337988847337838,0.04094158444210975,0.015020093893954199,0.0021805732086311908,0.007025148591958035,0.023499937550969432,0.01792801463511399,0.0014532256761025928,0.07461704050370654,0.007510046946977099,0.011871193364239481,0.03173586264152052,0.018653892778687984,0.0036337988847337838,0.011628744186729949,0.011628744186729949,0.0012107764985930603,0.0033913497072242506,0.0043611464172623815,0.018653892778687984,0.07461704050370654,0.018653892778687984,0.03730778555737597,0.09327093328239451,0.09327093328239451,0.9317365973359978,0.018653892778687984,0.018653892778687984,0.018653892778687984,0.018653892778687984,0.007510046946977099,0.005571922915855442,0.0019381240311216583,0.0019381240311216583,0.018653892778687984
20260519-DiscoveryPlate-R3-H12,H12,Sample,DiscoveryPlate-R3-19,4.760070818308744,57.557766618587976,34.482266546469944,4.714116654646995,2.349716654646995,4.0138,24.0146,50.0,100.0,1.0,1.0,1.0,0.02,2.0,0.3,2000.0,1.8,2.2301,1705168,2026-05-19 00:00:00,ext,M,20260519-DiscoveryPlate-R3,YK,AR-954,JC-0513,AR-970,AR-971,AR-972,AR-973,AR-702,Unknown,AR-959,AR-967,AR-969,AR-902,Unknown,Unknown,AR-308,AR-1028,AR-905,AR-975,10.0,True,0.0509367957245364,6.354828635587384,0.3564908530953152,0.0004514799404502,4.220143690053119,20260519-DiscoveryPlate-R3-SMS,Unknown,Unknown,Labcraft,0.0,0.13033626966226097,0.0036337988847337838,0.04094158444210975,0.015020093893954199,0.0021805732086311908,0.007025148591958035,0.023499937550969432,0.01792801463511399,0.0014532256761025928,0.07461704050370654,0.007510046946977099,0.011871193364239481,0.03173586264152052,0.018653892778687984,0.0036337988847337838,0.011628744186729949,0.011628744186729949,0.0012107764985930603,0.0033913497072242506,0.0043611464172623815,0.018653892778687984,0.07461704050370654,0.018653892778687984,0.03730778555737597,0.09327093328239451,0.09327093328239451,0.9317365973359978,0.018653892778687984,0.018653892778687984,0.018653892778687984,0.018653892778687984,0.007510046946977099,0.005571922915855442,0.0019381240311216583,0.0019381240311216583,0.018653892778687984
20260519-DiscoveryPlate-R3-H13,H13,Sample,DiscoveryPlate-R3-0,4.681394300296242,9.393881760947975,33.15665440236994,5.934595440236993,4.902395440236994,2.8093,22.5673,50.0,100.0,1.0,1.0,1.0,0.02,2.0,0.3,2000.0,1.8,2.2704,1705168,2026-05-19 00:00:00,ext,M,20260519-DiscoveryPlate-R3,YK,AR-954,JC-0513,AR-970,AR-971,AR-972,AR-973,AR-702,Unknown,AR-959,AR-967,AR-969,AR-902,Unknown,Unknown,AR-308,AR-1028,AR-905,AR-975,10.0,False,0.0,,,0.0,,20260519-DiscoveryPlate-R3-SMS,Unknown,Unknown,Labcraft,0.0,0.13033626966226097,0.0036337988847337838,0.04094158444210975,0.015020093893954199,0.0021805732086311908,0.007025148591958035,0.023499937550969432,0.01792801463511399,0.0014532256761025928,0.07461704050370654,0.007510046946977099,0.011871193364239481,0.03173586264152052,0.018653892778687984,0.0036337988847337838,0.011628744186729949,0.011628744186729949,0.0012107764985930603,0.0033913497072242506,0.0043611464172623815,0.018653892778687984,0.07461704050370654,0.018653892778687984,0.03730778555737597,0.09327093328239451,0.09327093328239451,0.9317365973359978,0.018653892778687984,0.018653892778687984,0.018653892778687984,0.018653892778687984,0.007510046946977099,0.005571922915855442,0.0019381240311216583,0.0019381240311216583,0.018653892778687984
20260519-DiscoveryPlate-R3-H14,H14,Sample,DiscoveryPlate-R3-0,4.681394300296242,9.393881760947975,33.15665440236994,5.934595440236993,4.902395440236994,2.8093,22.5673,50.0,100.0,1.0,1.0,1.0,0.02,2.0,0.3,2000.0,1.8,2.2704,1705168,2026-05-19 00:00:00,ext,M,20260519-DiscoveryPlate-R3,YK,AR-954,JC-0513,AR-970,AR-971,AR-972,AR-973,AR-702,Unknown,AR-959,AR-967,AR-969,AR-902,Unknown,Unknown,AR-308,AR-1028,AR-905,AR-975,10.0,True,0.0653305883070765,7.188995345540576,0.3658724960850511,-8.882564948531476e-05,4.151827820764903,20260519-DiscoveryPlate-R3-SMS,Unknown,Unknown,Labcraft,0.0,0.13033626966226097,0.0036337988847337838,0.04094158444210975,0.015020093893954199,0.0021805732086311908,0.007025148591958035,0.023499937550969432,0.01792801463511399,0.0014532256761025928,0.07461704050370654,0.007510046946977099,0.011871193364239481,0.03173586264152052,0.018653892778687984,0.0036337988847337838,0.011628744186729949,0.011628744186729949,0.0012107764985930603,0.0033913497072242506,0.0043611464172623815,0.018653892778687984,0.07461704050370654,0.018653892778687984,0.03730778555737597,0.09327093328239451,0.09327093328239451,0.9317365973359978,0.018653892778687984,0.018653892778687984,0.018653892778687984,0.018653892778687984,0.007510046946977099,0.005571922915855442,0.0019381240311216583,0.0019381240311216583,0.018653892778687984
20260519-DiscoveryPlate-R3-H15,H15,Sample,DiscoveryPlate-R3-GES-10,2.5228109191907637,8.072994941410442,26.312787353526105,3.103148735352611,2.2838487353526107,0.0,25.3667,50.0,100.0,1.0,1.0,1.0,0.02,2.0,0.3,2000.0,1.8,2.0416,1705168,2026-05-19 00:00:00,ext,M,20260519-DiscoveryPlate-R3,YK,AR-954,JC-0513,AR-970,AR-971,AR-972,AR-973,AR-702,Unknown,AR-959,AR-967,AR-969,AR-902,Unknown,Unknown,AR-308,AR-1028,AR-905,AR-975,10.0,True,0.1034584564448402,4.291365113474301,0.6559867308873557,0.0012190312248817,4.231079998107412,20260519-DiscoveryPlate-R3-SMS,Unknown,Unknown,Labcraft,0.0,0.13033626966226097,0.0036337988847337838,0.04094158444210975,0.015020093893954199,0.0021805732086311908,0.007025148591958035,0.023499937550969432,0.01792801463511399,0.0014532256761025928,0.07461704050370654,0.007510046946977099,0.011871193364239481,0.03173586264152052,0.018653892778687984,0.0036337988847337838,0.011628744186729949,0.011628744186729949,0.0012107764985930603,0.0033913497072242506,0.0043611464172623815,0.018653892778687984,0.07461704050370654,0.018653892778687984,0.03730778555737597,0.09327093328239451,0.09327093328239451,0.9317365973359978,0.018653892778687984,0.018653892778687984,0.018653892778687984,0.018653892778687984,0.007510046946977099,0.005571922915855442,0.0019381240311216583,0.0019381240311216583,0.018653892778687984
20260519-DiscoveryPlate-R3-H16,H16,Sample,DiscoveryPlate-R3-6,3.68072166985468,40.95976934353497,35.04507335883744,5.210417335883744,3.519517335883744,0.2416,28.4598,50.0,100.0,1.0,1.0,1.0,0.02,2.0,0.3,2000.0,1.8,2.1474,1705168,2026-05-19 00:00:00,ext,M,20260519-DiscoveryPlate-R3,YK,AR-954,JC-0513,AR-970,AR-971,AR-972,AR-973,AR-702,Unknown,AR-959,AR-967,AR-969,AR-902,Unknown,Unknown,AR-308,AR-1028,AR-905,AR-975,10.0,True,0.0344044999494947,5.631358794157546,0.4044824561596173,0.0009301093236405,4.250705253145354,20260519-DiscoveryPlate-R3-SMS,Unknown,Unknown,Labcraft,0.0,0.13033626966226097,0.0036337988847337838,0.04094158444210975,0.015020093893954199,0.0021805732086311908,0.007025148591958035,0.023499937550969432,0.01792801463511399,0.0014532256761025928,0.07461704050370654,0.007510046946977099,0.011871193364239481,0.03173586264152052,0.018653892778687984,0.0036337988847337838,0.011628744186729949,0.011628744186729949,0.0012107764985930603,0.0033913497072242506,0.0043611464172623815,0.018653892778687984,0.07461704050370654,0.018653892778687984,0.03730778555737597,0.09327093328239451,0.09327093328239451,0.9317365973359978,0.018653892778687984,0.018653892778687984,0.018653892778687984,0.018653892778687984,0.007510046946977099,0.005571922915855442,0.0019381240311216583,0.0019381240311216583,0.018653892778687984
20260519-DiscoveryPlate-R3-H17,H17,Sample,DiscoveryPlate-R3-GES-26,2.811813736063884,8.13860395540443,27.40950988851107,2.4206509888511074,2.0346509888511077,0.0,30.6875,50.0,100.0,1.0,1.0,1.0,0.02,2.0,0.3,2000.0,1.8,2.0582,1705168,2026-05-19 00:00:00,ext,M,20260519-DiscoveryPlate-R3,YK,AR-954,JC-0513,AR-970,AR-971,AR-972,AR-973,AR-702,Unknown,AR-959,AR-967,AR-969,AR-902,Unknown,Unknown,AR-308,AR-1028,AR-905,AR-975,10.0,True,0.2204105746973236,4.753259727381432,0.6105555120308862,0.0030618871612614,4.287153476493133,20260519-DiscoveryPlate-R3-SMS,Unknown,Unknown,Labcraft,0.0,0.13033626966226097,0.0036337988847337838,0.04094158444210975,0.015020093893954199,0.0021805732086311908,0.007025148591958035,0.023499937550969432,0.01792801463511399,0.0014532256761025928,0.07461704050370654,0.007510046946977099,0.011871193364239481,0.03173586264152052,0.018653892778687984,0.0036337988847337838,0.011628744186729949,0.011628744186729949,0.0012107764985930603,0.0033913497072242506,0.0043611464172623815,0.018653892778687984,0.07461704050370654,0.018653892778687984,0.03730778555737597,0.09327093328239451,0.09327093328239451,0.9317365973359978,0.018653892778687984,0.018653892778687984,0.018653892778687984,0.018653892778687984,0.007510046946977099,0.005571922915855442,0.0019381240311216583,0.0019381240311216583,0.018653892778687984
20260519-DiscoveryPlate-R3-H18,H18,Sample,DiscoveryPlate-R3-GES-9,4.207647156357764,32.59481090034485,56.35557725086211,4.006177725086211,2.2374777250862112,4.5829,28.1221,50.0,100.0,1.0,1.0,1.0,0.02,2.0,0.3,2000.0,1.8,2.2634,1705168,2026-05-19 00:00:00,ext,M,20260519-DiscoveryPlate-R3,YK,AR-954,JC-0513,AR-970,AR-971,AR-972,AR-973,AR-702,Unknown,AR-959,AR-967,AR-969,AR-902,Unknown,Unknown,AR-308,AR-1028,AR-905,AR-975,10.0,True,0.1002581408257404,6.320054978771296,0.4402006601037652,0.0005850562035888,4.221096209600265,20260519-DiscoveryPlate-R3-SMS,Unknown,Unknown,Labcraft,0.0,0.13033626966226097,0.0036337988847337838,0.04094158444210975,0.015020093893954199,0.0021805732086311908,0.007025148591958035,0.023499937550969432,0.01792801463511399,0.0014532256761025928,0.07461704050370654,0.007510046946977099,0.011871193364239481,0.03173586264152052,0.018653892778687984,0.0036337988847337838,0.011628744186729949,0.011628744186729949,0.0012107764985930603,0.0033913497072242506,0.0043611464172623815,0.018653892778687984,0.07461704050370654,0.018653892778687984,0.03730778555737597,0.09327093328239451,0.09327093328239451,0.9317365973359978,0.018653892778687984,0.018653892778687984,0.018653892778687984,0.018653892778687984,0.007510046946977099,0.005571922915855442,0.0019381240311216583,0.0019381240311216583,0.018653892778687984
20260519-DiscoveryPlate-R3-I6,I6,Sample,DiscoveryPlate-R3-13,4.173976225185502,62.0034439205936,43.55670980148402,3.410460980148401,2.3641609801484016,1.6642,21.0074,50.0,100.0,1.0,1.0,1.0,0.02,2.0,0.3,2000.0,1.8,2.1134,1705168,2026-05-19 00:00:00,ext,M,20260519-DiscoveryPlate-R3,YK,AR-954,JC-0513,AR-970,AR-971,AR-972,AR-973,AR-702,Unknown,AR-959,AR-967,AR-969,AR-902,Unknown,Unknown,AR-308,AR-1028,AR-905,AR-975,10.0,True,0.3314612733333639,8.160389449772657,0.4959002952034237,-0.0019285637326776,4.085792609877999,20260519-DiscoveryPlate-R3-SMS,Unknown,Unknown,Labcraft,0.0,0.13033626966226097,0.0036337988847337838,0.04094158444210975,0.015020093893954199,0.0021805732086311908,0.007025148591958035,0.023499937550969432,0.01792801463511399,0.0014532256761025928,0.07461704050370654,0.007510046946977099,0.011871193364239481,0.03173586264152052,0.018653892778687984,0.0036337988847337838,0.011628744186729949,0.011628744186729949,0.0012107764985930603,0.0033913497072242506,0.0043611464172623815,0.018653892778687984,0.07461704050370654,0.018653892778687984,0.03730778555737597,0.09327093328239451,0.09327093328239451,0.9317365973359978,0.018653892778687984,0.018653892778687984,0.018653892778687984,0.018653892778687984,0.007510046946977099,0.005571922915855442,0.0019381240311216583,0.0019381240311216583,0.018653892778687984
20260519-DiscoveryPlate-R3-I7,I7,Sample,DiscoveryPlate-R3-8,4.084939367066156,59.660105974611696,23.452814936529244,3.649851493652924,5.010651493652924,0.9445,15.6492,50.0,100.0,1.0,1.0,1.0,0.02,2.0,0.3,2000.0,1.8,2.0992,1705168,2026-05-19 00:00:00,ext,M,20260519-DiscoveryPlate-R3,YK,AR-954,JC-0513,AR-970,AR-971,AR-972,AR-973,AR-702,Unknown,AR-959,AR-967,AR-969,AR-902,Unknown,Unknown,AR-308,AR-1028,AR-905,AR-975,10.0,True,0.3321213686852654,6.063952073596872,0.5237643536376348,1.4978872210864773e-05,4.239530604304332,20260519-DiscoveryPlate-R3-SMS,Unknown,Unknown,Labcraft,0.0,0.13033626966226097,0.0036337988847337838,0.04094158444210975,0.015020093893954199,0.0021805732086311908,0.007025148591958035,0.023499937550969432,0.01792801463511399,0.0014532256761025928,0.07461704050370654,0.007510046946977099,0.011871193364239481,0.03173586264152052,0.018653892778687984,0.0036337988847337838,0.011628744186729949,0.011628744186729949,0.0012107764985930603,0.0033913497072242506,0.0043611464172623815,0.018653892778687984,0.07461704050370654,0.018653892778687984,0.03730778555737597,0.09327093328239451,0.09327093328239451,0.9317365973359978,0.018653892778687984,0.018653892778687984,0.018653892778687984,0.018653892778687984,0.007510046946977099,0.005571922915855442,0.0019381240311216583,0.0019381240311216583,0.018653892778687984
20260519-DiscoveryPlate-R3-I8,I8,Sample,DiscoveryPlate-R3-GES-26,2.811813736063884,8.13860395540443,27.40950988851107,2.4206509888511074,2.0346509888511077,0.0,30.6875,50.0,100.0,1.0,1.0,1.0,0.02,2.0,0.3,2000.0,1.8,2.0582,1705168,2026-05-19 00:00:00,ext,M,20260519-DiscoveryPlate-R3,YK,AR-954,JC-0513,AR-970,AR-971,AR-972,AR-973,AR-702,Unknown,AR-959,AR-967,AR-969,AR-902,Unknown,Unknown,AR-308,AR-1028,AR-905,AR-975,10.0,True,0.1845787409185817,4.843017078110703,0.6320192995034141,0.0019818302489741,4.286100117157048,20260519-DiscoveryPlate-R3-SMS,Unknown,Unknown,Labcraft,0.0,0.13033626966226097,0.0036337988847337838,0.04094158444210975,0.015020093893954199,0.0021805732086311908,0.007025148591958035,0.023499937550969432,0.01792801463511399,0.0014532256761025928,0.07461704050370654,0.007510046946977099,0.011871193364239481,0.03173586264152052,0.018653892778687984,0.0036337988847337838,0.011628744186729949,0.011628744186729949,0.0012107764985930603,0.0033913497072242506,0.0043611464172623815,0.018653892778687984,0.07461704050370654,0.018653892778687984,0.03730778555737597,0.09327093328239451,0.09327093328239451,0.9317365973359978,0.018653892778687984,0.018653892778687984,0.018653892778687984,0.018653892778687984,0.007510046946977099,0.005571922915855442,0.0019381240311216583,0.0019381240311216583,0.018653892778687984
20260519-DiscoveryPlate-R3-I9,I9,Sample,DiscoveryPlate-R3-GES-2,3.01708424284325,72.0962495770984,48.619173942746,2.0731873942746,2.3459873942746,1.4155,31.2687,50.0,100.0,1.0,1.0,1.0,0.02,2.0,0.3,2000.0,1.8,2.0972,1705168,2026-05-19 00:00:00,ext,M,20260519-DiscoveryPlate-R3,YK,AR-954,JC-0513,AR-970,AR-971,AR-972,AR-973,AR-702,Unknown,AR-959,AR-967,AR-969,AR-902,Unknown,Unknown,AR-308,AR-1028,AR-905,AR-975,10.0,True,0.431930882140022,5.499401768505034,0.6718659302617084,0.0008443321417403,4.27966711399839,20260519-DiscoveryPlate-R3-SMS,Unknown,Unknown,Labcraft,0.0,0.13033626966226097,0.0036337988847337838,0.04094158444210975,0.015020093893954199,0.0021805732086311908,0.007025148591958035,0.023499937550969432,0.01792801463511399,0.0014532256761025928,0.07461704050370654,0.007510046946977099,0.011871193364239481,0.03173586264152052,0.018653892778687984,0.0036337988847337838,0.011628744186729949,0.011628744186729949,0.0012107764985930603,0.0033913497072242506,0.0043611464172623815,0.018653892778687984,0.07461704050370654,0.018653892778687984,0.03730778555737597,0.09327093328239451,0.09327093328239451,0.9317365973359978,0.018653892778687984,0.018653892778687984,0.018653892778687984,0.018653892778687984,0.007510046946977099,0.005571922915855442,0.0019381240311216583,0.0019381240311216583,0.018653892778687984
20260519-DiscoveryPlate-R3-I10,I10,Sample,DiscoveryPlate-R3-GES-20,3.0451799082049007,103.76513570625568,26.768139265639206,2.2799839265639203,2.4808839265639206,0.0,0.0,50.0,100.0,1.0,1.0,1.0,0.02,2.0,0.3,2000.0,1.8,1.8884,1705168,2026-05-19 00:00:00,ext,M,20260519-DiscoveryPlate-R3,YK,AR-954,JC-0513,AR-970,AR-971,AR-972,AR-973,AR-702,Unknown,AR-959,AR-967,AR-969,AR-902,Unknown,Unknown,AR-308,AR-1028,AR-905,AR-975,10.0,True,0.1461451507521462,4.376046532247257,0.6497478592091372,0.0020813417118234,4.235892645227647,20260519-DiscoveryPlate-R3-SMS,Unknown,Unknown,Labcraft,0.0,0.13033626966226097,0.0036337988847337838,0.04094158444210975,0.015020093893954199,0.0021805732086311908,0.007025148591958035,0.023499937550969432,0.01792801463511399,0.0014532256761025928,0.07461704050370654,0.007510046946977099,0.011871193364239481,0.03173586264152052,0.018653892778687984,0.0036337988847337838,0.011628744186729949,0.011628744186729949,0.0012107764985930603,0.0033913497072242506,0.0043611464172623815,0.018653892778687984,0.07461704050370654,0.018653892778687984,0.03730778555737597,0.09327093328239451,0.09327093328239451,0.9317365973359978,0.018653892778687984,0.018653892778687984,0.018653892778687984,0.018653892778687984,0.007510046946977099,0.005571922915855442,0.0019381240311216583,0.0019381240311216583,0.018653892778687984
20260519-DiscoveryPlate-R3-I11,I11,Sample,DiscoveryPlate-R3-GES-7,3.007049050855584,14.87381696273787,35.008292406844674,2.0662792406844672,2.474079240684467,0.7054,31.1645,50.0,100.0,1.0,1.0,1.0,0.02,2.0,0.3,2000.0,1.8,2.0902,1705168,2026-05-19 00:00:00,ext,M,20260519-DiscoveryPlate-R3,YK,AR-954,JC-0513,AR-970,AR-971,AR-972,AR-973,AR-702,Unknown,AR-959,AR-967,AR-969,AR-902,Unknown,Unknown,AR-308,AR-1028,AR-905,AR-975,10.0,True,0.4013599198563508,5.538711647103388,0.6684068511951837,0.0008762307196597,4.286075864552141,20260519-DiscoveryPlate-R3-SMS,Unknown,Unknown,Labcraft,0.0,0.13033626966226097,0.0036337988847337838,0.04094158444210975,0.015020093893954199,0.0021805732086311908,0.007025148591958035,0.023499937550969432,0.01792801463511399,0.0014532256761025928,0.07461704050370654,0.007510046946977099,0.011871193364239481,0.03173586264152052,0.018653892778687984,0.0036337988847337838,0.011628744186729949,0.011628744186729949,0.0012107764985930603,0.0033913497072242506,0.0043611464172623815,0.018653892778687984,0.07461704050370654,0.018653892778687984,0.03730778555737597,0.09327093328239451,0.09327093328239451,0.9317365973359978,0.018653892778687984,0.018653892778687984,0.018653892778687984,0.018653892778687984,0.007510046946977099,0.005571922915855442,0.0019381240311216583,0.0019381240311216583,0.018653892778687984
20260519-DiscoveryPlate-R3-I12,I12,Sample,DiscoveryPlate-R3-GES-15,2.664262282926948,57.22793930536624,41.66089826341559,2.7379098263415584,3.2533098263415585,2.6679,32.1468,50.0,100.0,1.0,1.0,1.0,0.02,2.0,0.3,2000.0,1.8,2.1561,1705168,2026-05-19 00:00:00,ext,M,20260519-DiscoveryPlate-R3,YK,AR-954,JC-0513,AR-970,AR-971,AR-972,AR-973,AR-702,Unknown,AR-959,AR-967,AR-969,AR-902,Unknown,Unknown,AR-308,AR-1028,AR-905,AR-975,10.0,True,0.3642631042421171,5.2891629858869695,0.6124270646325738,0.0019968470002719,4.287875023208929,20260519-DiscoveryPlate-R3-SMS,Unknown,Unknown,Labcraft,0.0,0.13033626966226097,0.0036337988847337838,0.04094158444210975,0.015020093893954199,0.0021805732086311908,0.007025148591958035,0.023499937550969432,0.01792801463511399,0.0014532256761025928,0.07461704050370654,0.007510046946977099,0.011871193364239481,0.03173586264152052,0.018653892778687984,0.0036337988847337838,0.011628744186729949,0.011628744186729949,0.0012107764985930603,0.0033913497072242506,0.0043611464172623815,0.018653892778687984,0.07461704050370654,0.018653892778687984,0.03730778555737597,0.09327093328239451,0.09327093328239451,0.9317365973359978,0.018653892778687984,0.018653892778687984,0.018653892778687984,0.018653892778687984,0.007510046946977099,0.005571922915855442,0.0019381240311216583,0.0019381240311216583,0.018653892778687984
20260519-DiscoveryPlate-R3-I13,I13,Sample,DiscoveryPlate-R3-19,4.760070818308744,57.557766618587976,34.482266546469944,4.714116654646995,2.349716654646995,4.0138,24.0146,50.0,100.0,1.0,1.0,1.0,0.02,2.0,0.3,2000.0,1.8,2.2301,1705168,2026-05-19 00:00:00,ext,M,20260519-DiscoveryPlate-R3,YK,AR-954,JC-0513,AR-970,AR-971,AR-972,AR-973,AR-702,Unknown,AR-959,AR-967,AR-969,AR-902,Unknown,Unknown,AR-308,AR-1028,AR-905,AR-975,10.0,True,0.0230719190776151,7.679158170577024,0.3340432680202847,0.0001471109189917,4.100116351417189,20260519-DiscoveryPlate-R3-SMS,Unknown,Unknown,Labcraft,0.0,0.13033626966226097,0.0036337988847337838,0.04094158444210975,0.015020093893954199,0.0021805732086311908,0.007025148591958035,0.023499937550969432,0.01792801463511399,0.0014532256761025928,0.07461704050370654,0.007510046946977099,0.011871193364239481,0.03173586264152052,0.018653892778687984,0.0036337988847337838,0.011628744186729949,0.011628744186729949,0.0012107764985930603,0.0033913497072242506,0.0043611464172623815,0.018653892778687984,0.07461704050370654,0.018653892778687984,0.03730778555737597,0.09327093328239451,0.09327093328239451,0.9317365973359978,0.018653892778687984,0.018653892778687984,0.018653892778687984,0.018653892778687984,0.007510046946977099,0.005571922915855442,0.0019381240311216583,0.0019381240311216583,0.018653892778687984
20260519-DiscoveryPlate-R3-I14,I14,Sample,DiscoveryPlate-R3-GES-27,3.934536654609635,116.29867729475085,20.92269323687708,4.738469323687708,3.881869323687708,0.0,31.5565,50.0,100.0,1.0,1.0,1.0,0.02,2.0,0.3,2000.0,1.8,2.1165,1705168,2026-05-19 00:00:00,ext,M,20260519-DiscoveryPlate-R3,YK,AR-954,JC-0513,AR-970,AR-971,AR-972,AR-973,AR-702,Unknown,AR-959,AR-967,AR-969,AR-902,Unknown,Unknown,AR-308,AR-1028,AR-905,AR-975,10.0,True,0.1195165361650786,3.816094614280188,0.6743409634493307,0.0004477051701908,4.197989333163105,20260519-DiscoveryPlate-R3-SMS,Unknown,Unknown,Labcraft,0.0,0.13033626966226097,0.0036337988847337838,0.04094158444210975,0.015020093893954199,0.0021805732086311908,0.007025148591958035,0.023499937550969432,0.01792801463511399,0.0014532256761025928,0.07461704050370654,0.007510046946977099,0.011871193364239481,0.03173586264152052,0.018653892778687984,0.0036337988847337838,0.011628744186729949,0.011628744186729949,0.0012107764985930603,0.0033913497072242506,0.0043611464172623815,0.018653892778687984,0.07461704050370654,0.018653892778687984,0.03730778555737597,0.09327093328239451,0.09327093328239451,0.9317365973359978,0.018653892778687984,0.018653892778687984,0.018653892778687984,0.018653892778687984,0.007510046946977099,0.005571922915855442,0.0019381240311216583,0.0019381240311216583,0.018653892778687984
20260519-DiscoveryPlate-R3-I15,I15,Sample,DiscoveryPlate-R3-GES-21,3.270879150696845,50.52049328222991,41.42663320557476,2.1194233205574764,2.1194233205574764,2.6529,31.966,50.0,100.0,1.0,1.0,1.0,0.02,2.0,0.3,2000.0,1.8,2.1439,1705168,2026-05-19 00:00:00,ext,M,20260519-DiscoveryPlate-R3,YK,AR-954,JC-0513,AR-970,AR-971,AR-972,AR-973,AR-702,Unknown,AR-959,AR-967,AR-969,AR-902,Unknown,Unknown,AR-308,AR-1028,AR-905,AR-975,10.0,True,0.3841937681485345,5.089949470908922,0.5910037766430287,0.0035386036920359,4.305279810815738,20260519-DiscoveryPlate-R3-SMS,Unknown,Unknown,Labcraft,0.0,0.13033626966226097,0.0036337988847337838,0.04094158444210975,0.015020093893954199,0.0021805732086311908,0.007025148591958035,0.023499937550969432,0.01792801463511399,0.0014532256761025928,0.07461704050370654,0.007510046946977099,0.011871193364239481,0.03173586264152052,0.018653892778687984,0.0036337988847337838,0.011628744186729949,0.011628744186729949,0.0012107764985930603,0.0033913497072242506,0.0043611464172623815,0.018653892778687984,0.07461704050370654,0.018653892778687984,0.03730778555737597,0.09327093328239451,0.09327093328239451,0.9317365973359978,0.018653892778687984,0.018653892778687984,0.018653892778687984,0.018653892778687984,0.007510046946977099,0.005571922915855442,0.0019381240311216583,0.0019381240311216583,0.018653892778687984
20260519-DiscoveryPlate-R3-I16,I16,Sample,DiscoveryPlate-R3-7,4.616751165980796,17.28622373113855,39.70100932784637,2.7224809327846367,5.822280932784636,2.0292,33.6199,50.0,100.0,1.0,1.0,1.0,0.02,2.0,0.3,2000.0,1.8,2.2549,1705168,2026-05-19 00:00:00,ext,M,20260519-DiscoveryPlate-R3,YK,AR-954,JC-0513,AR-970,AR-971,AR-972,AR-973,AR-702,Unknown,AR-959,AR-967,AR-969,AR-902,Unknown,Unknown,AR-308,AR-1028,AR-905,AR-975,10.0,True,0.6150570543431028,5.237798710100197,0.6773181799138719,-0.003306940654908,0.2484901274126209,20260519-DiscoveryPlate-R3-SMS,Unknown,Unknown,Labcraft,0.0,0.13033626966226097,0.0036337988847337838,0.04094158444210975,0.015020093893954199,0.0021805732086311908,0.007025148591958035,0.023499937550969432,0.01792801463511399,0.0014532256761025928,0.07461704050370654,0.007510046946977099,0.011871193364239481,0.03173586264152052,0.018653892778687984,0.0036337988847337838,0.011628744186729949,0.011628744186729949,0.0012107764985930603,0.0033913497072242506,0.0043611464172623815,0.018653892778687984,0.07461704050370654,0.018653892778687984,0.03730778555737597,0.09327093328239451,0.09327093328239451,0.9317365973359978,0.018653892778687984,0.018653892778687984,0.018653892778687984,0.018653892778687984,0.007510046946977099,0.005571922915855442,0.0019381240311216583,0.0019381240311216583,0.018653892778687984
20260519-DiscoveryPlate-R3-I17,I17,Sample,DiscoveryPlate-R3-17,3.823264667685618,44.14594693659398,49.25671734148494,3.067611734148494,5.662211734148494,4.0488,24.2237,50.0,100.0,1.0,1.0,1.0,0.02,2.0,0.3,2000.0,1.8,2.2495,1705168,2026-05-19 00:00:00,ext,M,20260519-DiscoveryPlate-R3,YK,AR-954,JC-0513,AR-970,AR-971,AR-972,AR-973,AR-702,Unknown,AR-959,AR-967,AR-969,AR-902,Unknown,Unknown,AR-308,AR-1028,AR-905,AR-975,10.0,True,0.3180474975429182,5.889433270908316,0.6068130967584967,-0.0011021074340791,4.213626733435771,20260519-DiscoveryPlate-R3-SMS,Unknown,Unknown,Labcraft,0.0,0.13033626966226097,0.0036337988847337838,0.04094158444210975,0.015020093893954199,0.0021805732086311908,0.007025148591958035,0.023499937550969432,0.01792801463511399,0.0014532256761025928,0.07461704050370654,0.007510046946977099,0.011871193364239481,0.03173586264152052,0.018653892778687984,0.0036337988847337838,0.011628744186729949,0.011628744186729949,0.0012107764985930603,0.0033913497072242506,0.0043611464172623815,0.018653892778687984,0.07461704050370654,0.018653892778687984,0.03730778555737597,0.09327093328239451,0.09327093328239451,0.9317365973359978,0.018653892778687984,0.018653892778687984,0.018653892778687984,0.018653892778687984,0.007510046946977099,0.005571922915855442,0.0019381240311216583,0.0019381240311216583,0.018653892778687984
20260519-DiscoveryPlate-R3-I18,I18,Sample,DiscoveryPlate-R3-GES-6,3.636315081111972,36.17494825955831,41.55082064889578,2.7372120648895777,2.0796120648895777,0.4733,31.3656,50.0,100.0,1.0,1.0,1.0,0.02,2.0,0.3,2000.0,1.8,2.1037,1705168,2026-05-19 00:00:00,ext,M,20260519-DiscoveryPlate-R3,YK,AR-954,JC-0513,AR-970,AR-971,AR-972,AR-973,AR-702,Unknown,AR-959,AR-967,AR-969,AR-902,Unknown,Unknown,AR-308,AR-1028,AR-905,AR-975,10.0,True,0.5290278869065856,6.097451796381263,0.5751027576315819,-0.013258816431954,0.0,20260519-DiscoveryPlate-R3-SMS,Unknown,Unknown,Labcraft,0.0,0.13033626966226097,0.0036337988847337838,0.04094158444210975,0.015020093893954199,0.0021805732086311908,0.007025148591958035,0.023499937550969432,0.01792801463511399,0.0014532256761025928,0.07461704050370654,0.007510046946977099,0.011871193364239481,0.03173586264152052,0.018653892778687984,0.0036337988847337838,0.011628744186729949,0.011628744186729949,0.0012107764985930603,0.0033913497072242506,0.0043611464172623815,0.018653892778687984,0.07461704050370654,0.018653892778687984,0.03730778555737597,0.09327093328239451,0.09327093328239451,0.9317365973359978,0.018653892778687984,0.018653892778687984,0.018653892778687984,0.018653892778687984,0.007510046946977099,0.005571922915855442,0.0019381240311216583,0.0019381240311216583,0.018653892778687984
20260519-DiscoveryPlate-R3-J6,J6,Sample,DiscoveryPlate-R3-6,3.68072166985468,40.95976934353497,35.04507335883744,5.210417335883744,3.519517335883744,0.2416,28.4598,50.0,100.0,1.0,1.0,1.0,0.02,2.0,0.3,2000.0,1.8,2.1474,1705168,2026-05-19 00:00:00,ext,M,20260519-DiscoveryPlate-R3,YK,AR-954,JC-0513,AR-970,AR-971,AR-972,AR-973,AR-702,Unknown,AR-959,AR-967,AR-969,AR-902,Unknown,Unknown,AR-308,AR-1028,AR-905,AR-975,10.0,True,0.0244129660977259,6.802448002001049,0.1608010348726188,0.0006669780736709,4.189233521342602,20260519-DiscoveryPlate-R3-SMS,Unknown,Unknown,Labcraft,0.0,0.13033626966226097,0.0036337988847337838,0.04094158444210975,0.015020093893954199,0.0021805732086311908,0.007025148591958035,0.023499937550969432,0.01792801463511399,0.0014532256761025928,0.07461704050370654,0.007510046946977099,0.011871193364239481,0.03173586264152052,0.018653892778687984,0.0036337988847337838,0.011628744186729949,0.011628744186729949,0.0012107764985930603,0.0033913497072242506,0.0043611464172623815,0.018653892778687984,0.07461704050370654,0.018653892778687984,0.03730778555737597,0.09327093328239451,0.09327093328239451,0.9317365973359978,0.018653892778687984,0.018653892778687984,0.018653892778687984,0.018653892778687984,0.007510046946977099,0.005571922915855442,0.0019381240311216583,0.0019381240311216583,0.018653892778687984
20260519-DiscoveryPlate-R3-J7,J7,Sample,DiscoveryPlate-R3-labcraft_PPK,3.371000128257402,8.048960410423687,20.12240102605921,2.012240102605922,2.012240102605922,1.3738,16.8608,50.0,100.0,1.0,1.0,1.0,0.02,2.0,0.3,2000.0,1.8,2.0355,1705168,2026-05-19 00:00:00,ext,M,20260519-DiscoveryPlate-R3,YK,AR-954,JC-0513,AR-970,AR-971,AR-972,AR-973,AR-702,Unknown,AR-959,AR-967,AR-969,AR-902,Unknown,Unknown,AR-308,AR-1028,AR-905,AR-975,10.0,True,0.0860821476134084,6.083394969549043,0.3694193576287402,0.0011287024726284,4.234404939223931,20260519-DiscoveryPlate-R3-SMS,Unknown,Unknown,Labcraft,0.0,0.13033626966226097,0.0036337988847337838,0.04094158444210975,0.015020093893954199,0.0021805732086311908,0.007025148591958035,0.023499937550969432,0.01792801463511399,0.0014532256761025928,0.07461704050370654,0.007510046946977099,0.011871193364239481,0.03173586264152052,0.018653892778687984,0.0036337988847337838,0.011628744186729949,0.011628744186729949,0.0012107764985930603,0.0033913497072242506,0.0043611464172623815,0.018653892778687984,0.07461704050370654,0.018653892778687984,0.03730778555737597,0.09327093328239451,0.09327093328239451,0.9317365973359978,0.018653892778687984,0.018653892778687984,0.018653892778687984,0.018653892778687984,0.007510046946977099,0.005571922915855442,0.0019381240311216583,0.0019381240311216583,0.018653892778687984
20260519-DiscoveryPlate-R3-J8,J8,Sample,DiscoveryPlate-R3-GES-25,2.6505814616482097,8.481860677274272,76.41095169318568,2.120465169318568,4.910765169318568,0.0,31.9817,50.0,100.0,1.0,1.0,1.0,0.02,2.0,0.3,2000.0,1.8,2.145,1705168,2026-05-19 00:00:00,ext,M,20260519-DiscoveryPlate-R3,YK,AR-954,JC-0513,AR-970,AR-971,AR-972,AR-973,AR-702,Unknown,AR-959,AR-967,AR-969,AR-902,Unknown,Unknown,AR-308,AR-1028,AR-905,AR-975,10.0,False,0.0,,,0.0,,20260519-DiscoveryPlate-R3-SMS,Unknown,Unknown,Labcraft,0.0,0.13033626966226097,0.0036337988847337838,0.04094158444210975,0.015020093893954199,0.0021805732086311908,0.007025148591958035,0.023499937550969432,0.01792801463511399,0.0014532256761025928,0.07461704050370654,0.007510046946977099,0.011871193364239481,0.03173586264152052,0.018653892778687984,0.0036337988847337838,0.011628744186729949,0.011628744186729949,0.0012107764985930603,0.0033913497072242506,0.0043611464172623815,0.018653892778687984,0.07461704050370654,0.018653892778687984,0.03730778555737597,0.09327093328239451,0.09327093328239451,0.9317365973359978,0.018653892778687984,0.018653892778687984,0.018653892778687984,0.018653892778687984,0.007510046946977099,0.005571922915855442,0.0019381240311216583,0.0019381240311216583,0.018653892778687984
20260519-DiscoveryPlate-R3-J9,J9,Sample,DiscoveryPlate-R3-16,3.904141795648563,20.494673746075403,47.05223436518851,4.564993436518851,2.5148934365188507,1.6283,3.4257,50.0,100.0,1.0,1.0,1.0,0.02,2.0,0.3,2000.0,1.8,2.0678,1705168,2026-05-19 00:00:00,ext,M,20260519-DiscoveryPlate-R3,YK,AR-954,JC-0513,AR-970,AR-971,AR-972,AR-973,AR-702,Unknown,AR-959,AR-967,AR-969,AR-902,Unknown,Unknown,AR-308,AR-1028,AR-905,AR-975,10.0,True,0.0270228821805284,6.007962684656737,0.2707317929921987,0.0008072271153764,4.239427094931331,20260519-DiscoveryPlate-R3-SMS,Unknown,Unknown,Labcraft,0.0,0.13033626966226097,0.0036337988847337838,0.04094158444210975,0.015020093893954199,0.0021805732086311908,0.007025148591958035,0.023499937550969432,0.01792801463511399,0.0014532256761025928,0.07461704050370654,0.007510046946977099,0.011871193364239481,0.03173586264152052,0.018653892778687984,0.0036337988847337838,0.011628744186729949,0.011628744186729949,0.0012107764985930603,0.0033913497072242506,0.0043611464172623815,0.018653892778687984,0.07461704050370654,0.018653892778687984,0.03730778555737597,0.09327093328239451,0.09327093328239451,0.9317365973359978,0.018653892778687984,0.018653892778687984,0.018653892778687984,0.018653892778687984,0.007510046946977099,0.005571922915855442,0.0019381240311216583,0.0019381240311216583,0.018653892778687984
20260519-DiscoveryPlate-R3-J10,J10,Sample,DiscoveryPlate-R3-GES-4,2.493184146563141,53.55318926900205,55.42967317250513,1.9945473172505133,1.9945473172505133,2.0427,11.6988,50.0,100.0,1.0,1.0,1.0,0.02,2.0,0.3,2000.0,1.8,2.0176,1705168,2026-05-19 00:00:00,ext,M,20260519-DiscoveryPlate-R3,YK,AR-954,JC-0513,AR-970,AR-971,AR-972,AR-973,AR-702,Unknown,AR-959,AR-967,AR-969,AR-902,Unknown,Unknown,AR-308,AR-1028,AR-905,AR-975,10.0,True,0.0877450810866006,6.449313551194153,0.3557780347801653,0.0010832083933799,4.213350643699773,20260519-DiscoveryPlate-R3-SMS,Unknown,Unknown,Labcraft,0.0,0.13033626966226097,0.0036337988847337838,0.04094158444210975,0.015020093893954199,0.0021805732086311908,0.007025148591958035,0.023499937550969432,0.01792801463511399,0.0014532256761025928,0.07461704050370654,0.007510046946977099,0.011871193364239481,0.03173586264152052,0.018653892778687984,0.0036337988847337838,0.011628744186729949,0.011628744186729949,0.0012107764985930603,0.0033913497072242506,0.0043611464172623815,0.018653892778687984,0.07461704050370654,0.018653892778687984,0.03730778555737597,0.09327093328239451,0.09327093328239451,0.9317365973359978,0.018653892778687984,0.018653892778687984,0.018653892778687984,0.018653892778687984,0.007510046946977099,0.005571922915855442,0.0019381240311216583,0.0019381240311216583,0.018653892778687984
20260519-DiscoveryPlate-R3-J11,J11,Sample,DiscoveryPlate-R3-GES-24,3.894546105081152,115.11628753625968,63.84466884064922,2.0709968840649218,3.433596884064922,0.0,31.2356,50.0,100.0,1.0,1.0,1.0,0.02,2.0,0.3,2000.0,1.8,2.095,1705168,2026-05-19 00:00:00,ext,M,20260519-DiscoveryPlate-R3,YK,AR-954,JC-0513,AR-970,AR-971,AR-972,AR-973,AR-702,Unknown,AR-959,AR-967,AR-969,AR-902,Unknown,Unknown,AR-308,AR-1028,AR-905,AR-975,10.0,False,0.0,,,0.0,,20260519-DiscoveryPlate-R3-SMS,Unknown,Unknown,Labcraft,0.0,0.13033626966226097,0.0036337988847337838,0.04094158444210975,0.015020093893954199,0.0021805732086311908,0.007025148591958035,0.023499937550969432,0.01792801463511399,0.0014532256761025928,0.07461704050370654,0.007510046946977099,0.011871193364239481,0.03173586264152052,0.018653892778687984,0.0036337988847337838,0.011628744186729949,0.011628744186729949,0.0012107764985930603,0.0033913497072242506,0.0043611464172623815,0.018653892778687984,0.07461704050370654,0.018653892778687984,0.03730778555737597,0.09327093328239451,0.09327093328239451,0.9317365973359978,0.018653892778687984,0.018653892778687984,0.018653892778687984,0.018653892778687984,0.007510046946977099,0.005571922915855442,0.0019381240311216583,0.0019381240311216583,0.018653892778687984
20260519-DiscoveryPlate-R3-J13,J13,Sample,DiscoveryPlate-R3-GES-28,4.077380379901683,8.672897215685385,78.13194303921347,4.910524303921346,2.1682243039213462,0.0,32.7021,50.0,100.0,1.0,1.0,1.0,0.02,2.0,0.3,2000.0,1.8,2.1933,1705168,2026-05-19 00:00:00,ext,M,20260519-DiscoveryPlate-R3,YK,AR-954,JC-0513,AR-970,AR-971,AR-972,AR-973,AR-702,Unknown,AR-959,AR-967,AR-969,AR-902,Unknown,Unknown,AR-308,AR-1028,AR-905,AR-975,10.0,False,0.0,,,0.0,,20260519-DiscoveryPlate-R3-SMS,Unknown,Unknown,Labcraft,0.0,0.13033626966226097,0.0036337988847337838,0.04094158444210975,0.015020093893954199,0.0021805732086311908,0.007025148591958035,0.023499937550969432,0.01792801463511399,0.0014532256761025928,0.07461704050370654,0.007510046946977099,0.011871193364239481,0.03173586264152052,0.018653892778687984,0.0036337988847337838,0.011628744186729949,0.011628744186729949,0.0012107764985930603,0.0033913497072242506,0.0043611464172623815,0.018653892778687984,0.07461704050370654,0.018653892778687984,0.03730778555737597,0.09327093328239451,0.09327093328239451,0.9317365973359978,0.018653892778687984,0.018653892778687984,0.018653892778687984,0.018653892778687984,0.007510046946977099,0.005571922915855442,0.0019381240311216583,0.0019381240311216583,0.018653892778687984
20260519-DiscoveryPlate-R3-J14,J14,Sample,DiscoveryPlate-R3-GES-9,4.207647156357764,32.59481090034485,56.35557725086211,4.006177725086211,2.2374777250862112,4.5829,28.1221,50.0,100.0,1.0,1.0,1.0,0.02,2.0,0.3,2000.0,1.8,2.2634,1705168,2026-05-19 00:00:00,ext,M,20260519-DiscoveryPlate-R3,YK,AR-954,JC-0513,AR-970,AR-971,AR-972,AR-973,AR-702,Unknown,AR-959,AR-967,AR-969,AR-902,Unknown,Unknown,AR-308,AR-1028,AR-905,AR-975,10.0,True,0.0590719156659964,7.261197692347366,0.3595685822414309,0.0006312667303627,4.144834473730525,20260519-DiscoveryPlate-R3-SMS,Unknown,Unknown,Labcraft,0.0,0.13033626966226097,0.0036337988847337838,0.04094158444210975,0.015020093893954199,0.0021805732086311908,0.007025148591958035,0.023499937550969432,0.01792801463511399,0.0014532256761025928,0.07461704050370654,0.007510046946977099,0.011871193364239481,0.03173586264152052,0.018653892778687984,0.0036337988847337838,0.011628744186729949,0.011628744186729949,0.0012107764985930603,0.0033913497072242506,0.0043611464172623815,0.018653892778687984,0.07461704050370654,0.018653892778687984,0.03730778555737597,0.09327093328239451,0.09327093328239451,0.9317365973359978,0.018653892778687984,0.018653892778687984,0.018653892778687984,0.018653892778687984,0.007510046946977099,0.005571922915855442,0.0019381240311216583,0.0019381240311216583,0.018653892778687984
20260519-DiscoveryPlate-R3-J15,J15,Sample,DiscoveryPlate-R3-GES-14,3.79906636071825,8.690772354298401,58.494830885746,2.1726930885746003,2.1726930885746003,4.4502,21.8463,50.0,100.0,1.0,1.0,1.0,0.02,2.0,0.3,2000.0,1.8,2.1978,1705168,2026-05-19 00:00:00,ext,M,20260519-DiscoveryPlate-R3,YK,AR-954,JC-0513,AR-970,AR-971,AR-972,AR-973,AR-702,Unknown,AR-959,AR-967,AR-969,AR-902,Unknown,Unknown,AR-308,AR-1028,AR-905,AR-975,10.0,True,0.0455619199742906,7.005797724600348,0.3514190360778583,0.0003346122714785,4.1700617621042255,20260519-DiscoveryPlate-R3-SMS,Unknown,Unknown,Labcraft,0.0,0.13033626966226097,0.0036337988847337838,0.04094158444210975,0.015020093893954199,0.0021805732086311908,0.007025148591958035,0.023499937550969432,0.01792801463511399,0.0014532256761025928,0.07461704050370654,0.007510046946977099,0.011871193364239481,0.03173586264152052,0.018653892778687984,0.0036337988847337838,0.011628744186729949,0.011628744186729949,0.0012107764985930603,0.0033913497072242506,0.0043611464172623815,0.018653892778687984,0.07461704050370654,0.018653892778687984,0.03730778555737597,0.09327093328239451,0.09327093328239451,0.9317365973359978,0.018653892778687984,0.018653892778687984,0.018653892778687984,0.018653892778687984,0.007510046946977099,0.005571922915855442,0.0019381240311216583,0.0019381240311216583,0.018653892778687984
20260519-DiscoveryPlate-R3-J16,J16,Sample,DiscoveryPlate-R3-GES-3,3.745651032056395,7.967203302580463,71.77450825645116,1.991800825645116,1.991800825645116,0.6799,5.0069,50.0,100.0,1.0,1.0,1.0,0.02,2.0,0.3,2000.0,1.8,2.0148,1705168,2026-05-19 00:00:00,ext,M,20260519-DiscoveryPlate-R3,YK,AR-954,JC-0513,AR-970,AR-971,AR-972,AR-973,AR-702,Unknown,AR-959,AR-967,AR-969,AR-902,Unknown,Unknown,AR-308,AR-1028,AR-905,AR-975,10.0,False,0.0,,,0.0,,20260519-DiscoveryPlate-R3-SMS,Unknown,Unknown,Labcraft,0.0,0.13033626966226097,0.0036337988847337838,0.04094158444210975,0.015020093893954199,0.0021805732086311908,0.007025148591958035,0.023499937550969432,0.01792801463511399,0.0014532256761025928,0.07461704050370654,0.007510046946977099,0.011871193364239481,0.03173586264152052,0.018653892778687984,0.0036337988847337838,0.011628744186729949,0.011628744186729949,0.0012107764985930603,0.0033913497072242506,0.0043611464172623815,0.018653892778687984,0.07461704050370654,0.018653892778687984,0.03730778555737597,0.09327093328239451,0.09327093328239451,0.9317365973359978,0.018653892778687984,0.018653892778687984,0.018653892778687984,0.018653892778687984,0.007510046946977099,0.005571922915855442,0.0019381240311216583,0.0019381240311216583,0.018653892778687984
20260519-DiscoveryPlate-R3-J17,J17,Sample,DiscoveryPlate-R3-14,3.584667821967574,22.73489703029624,31.628442575740596,2.21647425757406,2.8737742575740595,0.2239,8.2433,50.0,100.0,1.0,1.0,1.0,0.02,2.0,0.3,2000.0,1.8,1.9903,1705168,2026-05-19 00:00:00,ext,M,20260519-DiscoveryPlate-R3,YK,AR-954,JC-0513,AR-970,AR-971,AR-972,AR-973,AR-702,Unknown,AR-959,AR-967,AR-969,AR-902,Unknown,Unknown,AR-308,AR-1028,AR-905,AR-975,10.0,True,0.1744930023147189,5.309094950917623,0.5352343917884721,0.0017886470637739,4.256601494376367,20260519-DiscoveryPlate-R3-SMS,Unknown,Unknown,Labcraft,0.0,0.13033626966226097,0.0036337988847337838,0.04094158444210975,0.015020093893954199,0.0021805732086311908,0.007025148591958035,0.023499937550969432,0.01792801463511399,0.0014532256761025928,0.07461704050370654,0.007510046946977099,0.011871193364239481,0.03173586264152052,0.018653892778687984,0.0036337988847337838,0.011628744186729949,0.011628744186729949,0.0012107764985930603,0.0033913497072242506,0.0043611464172623815,0.018653892778687984,0.07461704050370654,0.018653892778687984,0.03730778555737597,0.09327093328239451,0.09327093328239451,0.9317365973359978,0.018653892778687984,0.018653892778687984,0.018653892778687984,0.018653892778687984,0.007510046946977099,0.005571922915855442,0.0019381240311216583,0.0019381240311216583,0.018653892778687984
20260519-DiscoveryPlate-R3-J18,J18,Sample,DiscoveryPlate-R3-GES-12,3.884694921373928,81.60332374839658,57.40855937099143,2.0657559370991425,2.3375559370991423,0.2351,31.1566,50.0,100.0,1.0,1.0,1.0,0.02,2.0,0.3,2000.0,1.8,2.0896,1705168,2026-05-19 00:00:00,ext,M,20260519-DiscoveryPlate-R3,YK,AR-954,JC-0513,AR-970,AR-971,AR-972,AR-973,AR-702,Unknown,AR-959,AR-967,AR-969,AR-902,Unknown,Unknown,AR-308,AR-1028,AR-905,AR-975,10.0,True,0.3635147253874572,7.2334516269808065,0.5258210295128576,-0.0015890191146777,4.172963284374712,20260519-DiscoveryPlate-R3-SMS,Unknown,Unknown,Labcraft,0.0,0.13033626966226097,0.0036337988847337838,0.04094158444210975,0.015020093893954199,0.0021805732086311908,0.007025148591958035,0.023499937550969432,0.01792801463511399,0.0014532256761025928,0.07461704050370654,0.007510046946977099,0.011871193364239481,0.03173586264152052,0.018653892778687984,0.0036337988847337838,0.011628744186729949,0.011628744186729949,0.0012107764985930603,0.0033913497072242506,0.0043611464172623815,0.018653892778687984,0.07461704050370654,0.018653892778687984,0.03730778555737597,0.09327093328239451,0.09327093328239451,0.9317365973359978,0.018653892778687984,0.018653892778687984,0.018653892778687984,0.018653892778687984,0.007510046946977099,0.005571922915855442,0.0019381240311216583,0.0019381240311216583,0.018653892778687984
20260519-DiscoveryPlate-R3-K6,K6,Sample,DiscoveryPlate-R3-3,3.692065403704917,11.003169291855738,26.17362322963934,5.294192322963934,3.2380923229639342,1.1815,12.1806,50.0,100.0,1.0,1.0,1.0,0.02,2.0,0.3,2000.0,1.8,2.1007,1705168,2026-05-19 00:00:00,ext,M,20260519-DiscoveryPlate-R3,YK,AR-954,JC-0513,AR-970,AR-971,AR-972,AR-973,AR-702,Unknown,AR-959,AR-967,AR-969,AR-902,Unknown,Unknown,AR-308,AR-1028,AR-905,AR-975,10.0,False,0.0,,,0.0,,20260519-DiscoveryPlate-R3-SMS,Unknown,Unknown,Labcraft,0.0,0.13033626966226097,0.0036337988847337838,0.04094158444210975,0.015020093893954199,0.0021805732086311908,0.007025148591958035,0.023499937550969432,0.01792801463511399,0.0014532256761025928,0.07461704050370654,0.007510046946977099,0.011871193364239481,0.03173586264152052,0.018653892778687984,0.0036337988847337838,0.011628744186729949,0.011628744186729949,0.0012107764985930603,0.0033913497072242506,0.0043611464172623815,0.018653892778687984,0.07461704050370654,0.018653892778687984,0.03730778555737597,0.09327093328239451,0.09327093328239451,0.9317365973359978,0.018653892778687984,0.018653892778687984,0.018653892778687984,0.018653892778687984,0.007510046946977099,0.005571922915855442,0.0019381240311216583,0.0019381240311216583,0.018653892778687984
20260519-DiscoveryPlate-R3-K7,K7,Sample,DiscoveryPlate-R3-15,4.802288545259188,52.1313433448294,40.8450083620735,6.191510836207351,2.76981083620735,3.1614,5.3721,50.0,100.0,1.0,1.0,1.0,0.02,2.0,0.3,2000.0,1.8,2.1618,1705168,2026-05-19 00:00:00,ext,M,20260519-DiscoveryPlate-R3,YK,AR-954,JC-0513,AR-970,AR-971,AR-972,AR-973,AR-702,Unknown,AR-959,AR-967,AR-969,AR-902,Unknown,Unknown,AR-308,AR-1028,AR-905,AR-975,10.0,False,0.0,,,0.0,,20260519-DiscoveryPlate-R3-SMS,Unknown,Unknown,Labcraft,0.0,0.13033626966226097,0.0036337988847337838,0.04094158444210975,0.015020093893954199,0.0021805732086311908,0.007025148591958035,0.023499937550969432,0.01792801463511399,0.0014532256761025928,0.07461704050370654,0.007510046946977099,0.011871193364239481,0.03173586264152052,0.018653892778687984,0.0036337988847337838,0.011628744186729949,0.011628744186729949,0.0012107764985930603,0.0033913497072242506,0.0043611464172623815,0.018653892778687984,0.07461704050370654,0.018653892778687984,0.03730778555737597,0.09327093328239451,0.09327093328239451,0.9317365973359978,0.018653892778687984,0.018653892778687984,0.018653892778687984,0.018653892778687984,0.007510046946977099,0.005571922915855442,0.0019381240311216583,0.0019381240311216583,0.018653892778687984
20260519-DiscoveryPlate-R3-K8,K8,Sample,DiscoveryPlate-R3-GES-17,3.566475566979472,7.586161814334311,18.965404535835777,1.8965404535835777,1.8965404535835777,0.0,0.0,50.0,100.0,1.0,1.0,1.0,0.02,2.0,0.3,2000.0,1.8,1.9185,1705168,2026-05-19 00:00:00,ext,M,20260519-DiscoveryPlate-R3,YK,AR-954,JC-0513,AR-970,AR-971,AR-972,AR-973,AR-702,Unknown,AR-959,AR-967,AR-969,AR-902,Unknown,Unknown,AR-308,AR-1028,AR-905,AR-975,10.0,True,0.2550098413781475,5.655042673224589,0.566557903078086,0.0019149067570682,4.2941463278093295,20260519-DiscoveryPlate-R3-SMS,Unknown,Unknown,Labcraft,0.0,0.13033626966226097,0.0036337988847337838,0.04094158444210975,0.015020093893954199,0.0021805732086311908,0.007025148591958035,0.023499937550969432,0.01792801463511399,0.0014532256761025928,0.07461704050370654,0.007510046946977099,0.011871193364239481,0.03173586264152052,0.018653892778687984,0.0036337988847337838,0.011628744186729949,0.011628744186729949,0.0012107764985930603,0.0033913497072242506,0.0043611464172623815,0.018653892778687984,0.07461704050370654,0.018653892778687984,0.03730778555737597,0.09327093328239451,0.09327093328239451,0.9317365973359978,0.018653892778687984,0.018653892778687984,0.018653892778687984,0.018653892778687984,0.007510046946977099,0.005571922915855442,0.0019381240311216583,0.0019381240311216583,0.018653892778687984
20260519-DiscoveryPlate-R3-K9,K9,Sample,DiscoveryPlate-R3-GES-6,3.636315081111972,36.17494825955831,41.55082064889578,2.7372120648895777,2.0796120648895777,0.4733,31.3656,50.0,100.0,1.0,1.0,1.0,0.02,2.0,0.3,2000.0,1.8,2.1037,1705168,2026-05-19 00:00:00,ext,M,20260519-DiscoveryPlate-R3,YK,AR-954,JC-0513,AR-970,AR-971,AR-972,AR-973,AR-702,Unknown,AR-959,AR-967,AR-969,AR-902,Unknown,Unknown,AR-308,AR-1028,AR-905,AR-975,10.0,False,0.0,,,0.0,,20260519-DiscoveryPlate-R3-SMS,Unknown,Unknown,Labcraft,0.0,0.13033626966226097,0.0036337988847337838,0.04094158444210975,0.015020093893954199,0.0021805732086311908,0.007025148591958035,0.023499937550969432,0.01792801463511399,0.0014532256761025928,0.07461704050370654,0.007510046946977099,0.011871193364239481,0.03173586264152052,0.018653892778687984,0.0036337988847337838,0.011628744186729949,0.011628744186729949,0.0012107764985930603,0.0033913497072242506,0.0043611464172623815,0.018653892778687984,0.07461704050370654,0.018653892778687984,0.03730778555737597,0.09327093328239451,0.09327093328239451,0.9317365973359978,0.018653892778687984,0.018653892778687984,0.018653892778687984,0.018653892778687984,0.007510046946977099,0.005571922915855442,0.0019381240311216583,0.0019381240311216583,0.018653892778687984
20260519-DiscoveryPlate-R3-K10,K10,Sample,DiscoveryPlate-R3-GES-16,2.5385169353033947,72.97435419297086,42.33823548242716,2.030813548242716,4.703113548242715,4.1596,0.0,50.0,100.0,1.0,1.0,1.0,0.02,2.0,0.3,2000.0,1.8,2.0543,1705168,2026-05-19 00:00:00,ext,M,20260519-DiscoveryPlate-R3,YK,AR-954,JC-0513,AR-970,AR-971,AR-972,AR-973,AR-702,Unknown,AR-959,AR-967,AR-969,AR-902,Unknown,Unknown,AR-308,AR-1028,AR-905,AR-975,10.0,True,0.2395613332681117,4.884649279010641,0.5749683606911462,0.0035299353943381,4.25302176791832,20260519-DiscoveryPlate-R3-SMS,Unknown,Unknown,Labcraft,0.0,0.13033626966226097,0.0036337988847337838,0.04094158444210975,0.015020093893954199,0.0021805732086311908,0.007025148591958035,0.023499937550969432,0.01792801463511399,0.0014532256761025928,0.07461704050370654,0.007510046946977099,0.011871193364239481,0.03173586264152052,0.018653892778687984,0.0036337988847337838,0.011628744186729949,0.011628744186729949,0.0012107764985930603,0.0033913497072242506,0.0043611464172623815,0.018653892778687984,0.07461704050370654,0.018653892778687984,0.03730778555737597,0.09327093328239451,0.09327093328239451,0.9317365973359978,0.018653892778687984,0.018653892778687984,0.018653892778687984,0.018653892778687984,0.007510046946977099,0.005571922915855442,0.0019381240311216583,0.0019381240311216583,0.018653892778687984
20260519-DiscoveryPlate-R3-K11,K11,Sample,DiscoveryPlate-R3-GES-23,3.6681911357102273,70.61853163427273,72.86452908568182,2.097832908568182,2.097832908568182,0.9549,31.6404,50.0,100.0,1.0,1.0,1.0,0.02,2.0,0.3,2000.0,1.8,2.1221,1705168,2026-05-19 00:00:00,ext,M,20260519-DiscoveryPlate-R3,YK,AR-954,JC-0513,AR-970,AR-971,AR-972,AR-973,AR-702,Unknown,AR-959,AR-967,AR-969,AR-902,Unknown,Unknown,AR-308,AR-1028,AR-905,AR-975,10.0,False,0.0,,,0.0,,20260519-DiscoveryPlate-R3-SMS,Unknown,Unknown,Labcraft,0.0,0.13033626966226097,0.0036337988847337838,0.04094158444210975,0.015020093893954199,0.0021805732086311908,0.007025148591958035,0.023499937550969432,0.01792801463511399,0.0014532256761025928,0.07461704050370654,0.007510046946977099,0.011871193364239481,0.03173586264152052,0.018653892778687984,0.0036337988847337838,0.011628744186729949,0.011628744186729949,0.0012107764985930603,0.0033913497072242506,0.0043611464172623815,0.018653892778687984,0.07461704050370654,0.018653892778687984,0.03730778555737597,0.09327093328239451,0.09327093328239451,0.9317365973359978,0.018653892778687984,0.018653892778687984,0.018653892778687984,0.018653892778687984,0.007510046946977099,0.005571922915855442,0.0019381240311216583,0.0019381240311216583,0.018653892778687984
20260519-DiscoveryPlate-R3-K12,K12,Sample,DiscoveryPlate-R3-GES-5,4.068101564145311,109.618025005265,70.44431251316249,2.231681251316249,2.163281251316249,3.2001,32.6275,50.0,100.0,1.0,1.0,1.0,0.02,2.0,0.3,2000.0,1.8,2.1883,1705168,2026-05-19 00:00:00,ext,M,20260519-DiscoveryPlate-R3,YK,AR-954,JC-0513,AR-970,AR-971,AR-972,AR-973,AR-702,Unknown,AR-959,AR-967,AR-969,AR-902,Unknown,Unknown,AR-308,AR-1028,AR-905,AR-975,10.0,True,0.0348358471728821,6.616251291500437,0.3455604679380322,0.0005328195620557,4.202494452648252,20260519-DiscoveryPlate-R3-SMS,Unknown,Unknown,Labcraft,0.0,0.13033626966226097,0.0036337988847337838,0.04094158444210975,0.015020093893954199,0.0021805732086311908,0.007025148591958035,0.023499937550969432,0.01792801463511399,0.0014532256761025928,0.07461704050370654,0.007510046946977099,0.011871193364239481,0.03173586264152052,0.018653892778687984,0.0036337988847337838,0.011628744186729949,0.011628744186729949,0.0012107764985930603,0.0033913497072242506,0.0043611464172623815,0.018653892778687984,0.07461704050370654,0.018653892778687984,0.03730778555737597,0.09327093328239451,0.09327093328239451,0.9317365973359978,0.018653892778687984,0.018653892778687984,0.018653892778687984,0.018653892778687984,0.007510046946977099,0.005571922915855442,0.0019381240311216583,0.0019381240311216583,0.018653892778687984
20260519-DiscoveryPlate-R3-K13,K13,Sample,DiscoveryPlate-R3-GES-23,3.6681911357102273,70.61853163427273,72.86452908568182,2.097832908568182,2.097832908568182,0.9549,31.6404,50.0,100.0,1.0,1.0,1.0,0.02,2.0,0.3,2000.0,1.8,2.1221,1705168,2026-05-19 00:00:00,ext,M,20260519-DiscoveryPlate-R3,YK,AR-954,JC-0513,AR-970,AR-971,AR-972,AR-973,AR-702,Unknown,AR-959,AR-967,AR-969,AR-902,Unknown,Unknown,AR-308,AR-1028,AR-905,AR-975,10.0,True,0.0408182896088783,6.393977073116038,0.2939068614811349,0.0003693643304309,4.218464466609407,20260519-DiscoveryPlate-R3-SMS,Unknown,Unknown,Labcraft,0.0,0.13033626966226097,0.0036337988847337838,0.04094158444210975,0.015020093893954199,0.0021805732086311908,0.007025148591958035,0.023499937550969432,0.01792801463511399,0.0014532256761025928,0.07461704050370654,0.007510046946977099,0.011871193364239481,0.03173586264152052,0.018653892778687984,0.0036337988847337838,0.011628744186729949,0.011628744186729949,0.0012107764985930603,0.0033913497072242506,0.0043611464172623815,0.018653892778687984,0.07461704050370654,0.018653892778687984,0.03730778555737597,0.09327093328239451,0.09327093328239451,0.9317365973359978,0.018653892778687984,0.018653892778687984,0.018653892778687984,0.018653892778687984,0.007510046946977099,0.005571922915855442,0.0019381240311216583,0.0019381240311216583,0.018653892778687984
20260519-DiscoveryPlate-R3-K14,K14,Control,labcraft_ctrl,3.1579057015191583,7.540178244861307,18.850445612153266,1.8850445612153268,1.8850445612153268,0.0,0.0,50.0,100.0,1.0,1.0,1.0,0.02,2.0,0.3,2000.0,1.8,1.9068,1705168,2026-05-19 00:00:00,ext,M,20260519-DiscoveryPlate-R3,YK,AR-954,JC-0513,AR-970,AR-971,AR-972,AR-973,AR-702,Unknown,AR-959,AR-967,AR-969,AR-902,Unknown,Unknown,AR-308,AR-1028,AR-905,AR-975,10.0,True,0.2335745284396636,5.009813707637796,0.5676769907306317,0.0031200145915257,4.254984238441978,20260519-DiscoveryPlate-R3-SMS,Unknown,Unknown,Labcraft,0.0,0.13033626966226097,0.0036337988847337838,0.04094158444210975,0.015020093893954199,0.0021805732086311908,0.007025148591958035,0.023499937550969432,0.01792801463511399,0.0014532256761025928,0.07461704050370654,0.007510046946977099,0.011871193364239481,0.03173586264152052,0.018653892778687984,0.0036337988847337838,0.011628744186729949,0.011628744186729949,0.0012107764985930603,0.0033913497072242506,0.0043611464172623815,0.018653892778687984,0.07461704050370654,0.018653892778687984,0.03730778555737597,0.09327093328239451,0.09327093328239451,0.9317365973359978,0.018653892778687984,0.018653892778687984,0.018653892778687984,0.018653892778687984,0.007510046946977099,0.005571922915855442,0.0019381240311216583,0.0019381240311216583,0.018653892778687984
20260519-DiscoveryPlate-R3-K15,K15,Sample,DiscoveryPlate-R3-GES-29,3.5195902534974763,60.488168811191926,18.71592202797981,1.8715922027979808,1.8715922027979808,0.0,0.0,50.0,100.0,1.0,1.0,1.0,0.02,2.0,0.3,2000.0,1.8,1.8932,1705168,2026-05-19 00:00:00,ext,M,20260519-DiscoveryPlate-R3,YK,AR-954,JC-0513,AR-970,AR-971,AR-972,AR-973,AR-702,Unknown,AR-959,AR-967,AR-969,AR-902,Unknown,Unknown,AR-308,AR-1028,AR-905,AR-975,10.0,True,0.2137515236157852,5.850201984735644,0.5160704169169351,0.0018346321304278,4.303859639088214,20260519-DiscoveryPlate-R3-SMS,Unknown,Unknown,Labcraft,0.0,0.13033626966226097,0.0036337988847337838,0.04094158444210975,0.015020093893954199,0.0021805732086311908,0.007025148591958035,0.023499937550969432,0.01792801463511399,0.0014532256761025928,0.07461704050370654,0.007510046946977099,0.011871193364239481,0.03173586264152052,0.018653892778687984,0.0036337988847337838,0.011628744186729949,0.011628744186729949,0.0012107764985930603,0.0033913497072242506,0.0043611464172623815,0.018653892778687984,0.07461704050370654,0.018653892778687984,0.03730778555737597,0.09327093328239451,0.09327093328239451,0.9317365973359978,0.018653892778687984,0.018653892778687984,0.018653892778687984,0.018653892778687984,0.007510046946977099,0.005571922915855442,0.0019381240311216583,0.0019381240311216583,0.018653892778687984
20260519-DiscoveryPlate-R3-K16,K16,Sample,DiscoveryPlate-R3-GES-18,4.201790728850329,8.937570332321053,34.94792583080263,5.060392583080263,3.336992583080264,2.5425,33.7,50.0,100.0,1.0,1.0,1.0,0.02,2.0,0.3,2000.0,1.8,2.2602,1705168,2026-05-19 00:00:00,ext,M,20260519-DiscoveryPlate-R3,YK,AR-954,JC-0513,AR-970,AR-971,AR-972,AR-973,AR-702,Unknown,AR-959,AR-967,AR-969,AR-902,Unknown,Unknown,AR-308,AR-1028,AR-905,AR-975,10.0,True,0.0145019470861132,6.42004560251762,0.2377333652261026,0.0004264113429958,4.216517338840892,20260519-DiscoveryPlate-R3-SMS,Unknown,Unknown,Labcraft,0.0,0.13033626966226097,0.0036337988847337838,0.04094158444210975,0.015020093893954199,0.0021805732086311908,0.007025148591958035,0.023499937550969432,0.01792801463511399,0.0014532256761025928,0.07461704050370654,0.007510046946977099,0.011871193364239481,0.03173586264152052,0.018653892778687984,0.0036337988847337838,0.011628744186729949,0.011628744186729949,0.0012107764985930603,0.0033913497072242506,0.0043611464172623815,0.018653892778687984,0.07461704050370654,0.018653892778687984,0.03730778555737597,0.09327093328239451,0.09327093328239451,0.9317365973359978,0.018653892778687984,0.018653892778687984,0.018653892778687984,0.018653892778687984,0.007510046946977099,0.005571922915855442,0.0019381240311216583,0.0019381240311216583,0.018653892778687984
20260519-DiscoveryPlate-R3-K17,K17,Sample,DiscoveryPlate-R3-18,3.559622005840539,50.21047041868973,26.54827604672431,4.970317604672431,4.323917604672431,4.0748,1.765,50.0,100.0,1.0,1.0,1.0,0.02,2.0,0.3,2000.0,1.8,2.1308,1705168,2026-05-19 00:00:00,ext,M,20260519-DiscoveryPlate-R3,YK,AR-954,JC-0513,AR-970,AR-971,AR-972,AR-973,AR-702,Unknown,AR-959,AR-967,AR-969,AR-902,Unknown,Unknown,AR-308,AR-1028,AR-905,AR-975,10.0,True,0.0518129249439712,6.882590051695876,0.297467244370042,0.000932033110592,4.180869215650931,20260519-DiscoveryPlate-R3-SMS,Unknown,Unknown,Labcraft,0.0,0.13033626966226097,0.0036337988847337838,0.04094158444210975,0.015020093893954199,0.0021805732086311908,0.007025148591958035,0.023499937550969432,0.01792801463511399,0.0014532256761025928,0.07461704050370654,0.007510046946977099,0.011871193364239481,0.03173586264152052,0.018653892778687984,0.0036337988847337838,0.011628744186729949,0.011628744186729949,0.0012107764985930603,0.0033913497072242506,0.0043611464172623815,0.018653892778687984,0.07461704050370654,0.018653892778687984,0.03730778555737597,0.09327093328239451,0.09327093328239451,0.9317365973359978,0.018653892778687984,0.018653892778687984,0.018653892778687984,0.018653892778687984,0.007510046946977099,0.005571922915855442,0.0019381240311216583,0.0019381240311216583,0.018653892778687984
20260519-DiscoveryPlate-R3-K18,K18,Sample,DiscoveryPlate-R3-GES-13,2.5015951000007504,23.3377043200024,30.866060800006004,1.8696760800006005,1.8696760800006005,0.0,0.0,50.0,100.0,1.0,1.0,1.0,0.02,2.0,0.3,2000.0,1.8,1.8913,1705168,2026-05-19 00:00:00,ext,M,20260519-DiscoveryPlate-R3,YK,AR-954,JC-0513,AR-970,AR-971,AR-972,AR-973,AR-702,Unknown,AR-959,AR-967,AR-969,AR-902,Unknown,Unknown,AR-308,AR-1028,AR-905,AR-975,10.0,True,0.3716243942672972,5.182712434903039,0.6117178085031664,0.0026249694864956,4.293594025243896,20260519-DiscoveryPlate-R3-SMS,Unknown,Unknown,Labcraft,0.0,0.13033626966226097,0.0036337988847337838,0.04094158444210975,0.015020093893954199,0.0021805732086311908,0.007025148591958035,0.023499937550969432,0.01792801463511399,0.0014532256761025928,0.07461704050370654,0.007510046946977099,0.011871193364239481,0.03173586264152052,0.018653892778687984,0.0036337988847337838,0.011628744186729949,0.011628744186729949,0.0012107764985930603,0.0033913497072242506,0.0043611464172623815,0.018653892778687984,0.07461704050370654,0.018653892778687984,0.03730778555737597,0.09327093328239451,0.09327093328239451,0.9317365973359978,0.018653892778687984,0.018653892778687984,0.018653892778687984,0.018653892778687984,0.007510046946977099,0.005571922915855442,0.0019381240311216583,0.0019381240311216583,0.018653892778687984
20260519-DiscoveryPlate-R3-L6,L6,Sample,DiscoveryPlate-R3-9,4.3643662901832005,37.05103212858624,22.46353032146561,4.467433032146561,5.906733032146561,3.4298,7.2159,50.0,100.0,1.0,1.0,1.0,0.02,2.0,0.3,2000.0,1.8,2.1778,1705168,2026-05-19 00:00:00,ext,M,20260519-DiscoveryPlate-R3,YK,AR-954,JC-0513,AR-970,AR-971,AR-972,AR-973,AR-702,Unknown,AR-959,AR-967,AR-969,AR-902,Unknown,Unknown,AR-308,AR-1028,AR-905,AR-975,10.0,True,0.1659014467806354,5.540882991494497,0.4745333129936378,0.0003406475443594,4.253392205323624,20260519-DiscoveryPlate-R3-SMS,Unknown,Unknown,Labcraft,0.0,0.13033626966226097,0.0036337988847337838,0.04094158444210975,0.015020093893954199,0.0021805732086311908,0.007025148591958035,0.023499937550969432,0.01792801463511399,0.0014532256761025928,0.07461704050370654,0.007510046946977099,0.011871193364239481,0.03173586264152052,0.018653892778687984,0.0036337988847337838,0.011628744186729949,0.011628744186729949,0.0012107764985930603,0.0033913497072242506,0.0043611464172623815,0.018653892778687984,0.07461704050370654,0.018653892778687984,0.03730778555737597,0.09327093328239451,0.09327093328239451,0.9317365973359978,0.018653892778687984,0.018653892778687984,0.018653892778687984,0.018653892778687984,0.007510046946977099,0.005571922915855442,0.0019381240311216583,0.0019381240311216583,0.018653892778687984
20260519-DiscoveryPlate-R3-L7,L7,Sample,DiscoveryPlate-R3-GES-3,3.745651032056395,7.967203302580463,71.77450825645116,1.991800825645116,1.991800825645116,0.6799,5.0069,50.0,100.0,1.0,1.0,1.0,0.02,2.0,0.3,2000.0,1.8,2.0148,1705168,2026-05-19 00:00:00,ext,M,20260519-DiscoveryPlate-R3,YK,AR-954,JC-0513,AR-970,AR-971,AR-972,AR-973,AR-702,Unknown,AR-959,AR-967,AR-969,AR-902,Unknown,Unknown,AR-308,AR-1028,AR-905,AR-975,10.0,False,0.0,,,0.0,,20260519-DiscoveryPlate-R3-SMS,Unknown,Unknown,Labcraft,0.0,0.13033626966226097,0.0036337988847337838,0.04094158444210975,0.015020093893954199,0.0021805732086311908,0.007025148591958035,0.023499937550969432,0.01792801463511399,0.0014532256761025928,0.07461704050370654,0.007510046946977099,0.011871193364239481,0.03173586264152052,0.018653892778687984,0.0036337988847337838,0.011628744186729949,0.011628744186729949,0.0012107764985930603,0.0033913497072242506,0.0043611464172623815,0.018653892778687984,0.07461704050370654,0.018653892778687984,0.03730778555737597,0.09327093328239451,0.09327093328239451,0.9317365973359978,0.018653892778687984,0.018653892778687984,0.018653892778687984,0.018653892778687984,0.007510046946977099,0.005571922915855442,0.0019381240311216583,0.0019381240311216583,0.018653892778687984
20260519-DiscoveryPlate-R3-L8,L8,Sample,DiscoveryPlate-R3-GES-16,2.5385169353033947,72.97435419297086,42.33823548242716,2.030813548242716,4.703113548242715,4.1596,0.0,50.0,100.0,1.0,1.0,1.0,0.02,2.0,0.3,2000.0,1.8,2.0543,1705168,2026-05-19 00:00:00,ext,M,20260519-DiscoveryPlate-R3,YK,AR-954,JC-0513,AR-970,AR-971,AR-972,AR-973,AR-702,Unknown,AR-959,AR-967,AR-969,AR-902,Unknown,Unknown,AR-308,AR-1028,AR-905,AR-975,10.0,True,0.2485952721030671,6.368820112031642,0.4900870689210977,0.0009349118996538,4.282970462348078,20260519-DiscoveryPlate-R3-SMS,Unknown,Unknown,Labcraft,0.0,0.13033626966226097,0.0036337988847337838,0.04094158444210975,0.015020093893954199,0.0021805732086311908,0.007025148591958035,0.023499937550969432,0.01792801463511399,0.0014532256761025928,0.07461704050370654,0.007510046946977099,0.011871193364239481,0.03173586264152052,0.018653892778687984,0.0036337988847337838,0.011628744186729949,0.011628744186729949,0.0012107764985930603,0.0033913497072242506,0.0043611464172623815,0.018653892778687984,0.07461704050370654,0.018653892778687984,0.03730778555737597,0.09327093328239451,0.09327093328239451,0.9317365973359978,0.018653892778687984,0.018653892778687984,0.018653892778687984,0.018653892778687984,0.007510046946977099,0.005571922915855442,0.0019381240311216583,0.0019381240311216583,0.018653892778687984
20260519-DiscoveryPlate-R3-L9,L9,Sample,DiscoveryPlate-R3-GES-5,4.068101564145311,109.618025005265,70.44431251316249,2.231681251316249,2.163281251316249,3.2001,32.6275,50.0,100.0,1.0,1.0,1.0,0.02,2.0,0.3,2000.0,1.8,2.1883,1705168,2026-05-19 00:00:00,ext,M,20260519-DiscoveryPlate-R3,YK,AR-954,JC-0513,AR-970,AR-971,AR-972,AR-973,AR-702,Unknown,AR-959,AR-967,AR-969,AR-902,Unknown,Unknown,AR-308,AR-1028,AR-905,AR-975,10.0,False,0.0,,,0.0,,20260519-DiscoveryPlate-R3-SMS,Unknown,Unknown,Labcraft,0.0,0.13033626966226097,0.0036337988847337838,0.04094158444210975,0.015020093893954199,0.0021805732086311908,0.007025148591958035,0.023499937550969432,0.01792801463511399,0.0014532256761025928,0.07461704050370654,0.007510046946977099,0.011871193364239481,0.03173586264152052,0.018653892778687984,0.0036337988847337838,0.011628744186729949,0.011628744186729949,0.0012107764985930603,0.0033913497072242506,0.0043611464172623815,0.018653892778687984,0.07461704050370654,0.018653892778687984,0.03730778555737597,0.09327093328239451,0.09327093328239451,0.9317365973359978,0.018653892778687984,0.018653892778687984,0.018653892778687984,0.018653892778687984,0.007510046946977099,0.005571922915855442,0.0019381240311216583,0.0019381240311216583,0.018653892778687984
20260519-DiscoveryPlate-R3-L10,L10,Sample,DiscoveryPlate-R3-GES-18,4.201790728850329,8.937570332321053,34.94792583080263,5.060392583080263,3.336992583080264,2.5425,33.7,50.0,100.0,1.0,1.0,1.0,0.02,2.0,0.3,2000.0,1.8,2.2602,1705168,2026-05-19 00:00:00,ext,M,20260519-DiscoveryPlate-R3,YK,AR-954,JC-0513,AR-970,AR-971,AR-972,AR-973,AR-702,Unknown,AR-959,AR-967,AR-969,AR-902,Unknown,Unknown,AR-308,AR-1028,AR-905,AR-975,10.0,False,0.0,,,0.0,,20260519-DiscoveryPlate-R3-SMS,Unknown,Unknown,Labcraft,0.0,0.13033626966226097,0.0036337988847337838,0.04094158444210975,0.015020093893954199,0.0021805732086311908,0.007025148591958035,0.023499937550969432,0.01792801463511399,0.0014532256761025928,0.07461704050370654,0.007510046946977099,0.011871193364239481,0.03173586264152052,0.018653892778687984,0.0036337988847337838,0.011628744186729949,0.011628744186729949,0.0012107764985930603,0.0033913497072242506,0.0043611464172623815,0.018653892778687984,0.07461704050370654,0.018653892778687984,0.03730778555737597,0.09327093328239451,0.09327093328239451,0.9317365973359978,0.018653892778687984,0.018653892778687984,0.018653892778687984,0.018653892778687984,0.007510046946977099,0.005571922915855442,0.0019381240311216583,0.0019381240311216583,0.018653892778687984
20260519-DiscoveryPlate-R3-L11,L11,Sample,DiscoveryPlate-R3-5,5.080233959370153,48.64264866998449,26.02247167496122,6.143587167496122,4.259887167496123,2.2709,24.1537,50.0,100.0,1.0,1.0,1.0,0.02,2.0,0.3,2000.0,1.8,2.243,1705168,2026-05-19 00:00:00,ext,M,20260519-DiscoveryPlate-R3,YK,AR-954,JC-0513,AR-970,AR-971,AR-972,AR-973,AR-702,Unknown,AR-959,AR-967,AR-969,AR-902,Unknown,Unknown,AR-308,AR-1028,AR-905,AR-975,10.0,False,0.0,,,0.0,,20260519-DiscoveryPlate-R3-SMS,Unknown,Unknown,Labcraft,0.0,0.13033626966226097,0.0036337988847337838,0.04094158444210975,0.015020093893954199,0.0021805732086311908,0.007025148591958035,0.023499937550969432,0.01792801463511399,0.0014532256761025928,0.07461704050370654,0.007510046946977099,0.011871193364239481,0.03173586264152052,0.018653892778687984,0.0036337988847337838,0.011628744186729949,0.011628744186729949,0.0012107764985930603,0.0033913497072242506,0.0043611464172623815,0.018653892778687984,0.07461704050370654,0.018653892778687984,0.03730778555737597,0.09327093328239451,0.09327093328239451,0.9317365973359978,0.018653892778687984,0.018653892778687984,0.018653892778687984,0.018653892778687984,0.007510046946977099,0.005571922915855442,0.0019381240311216583,0.0019381240311216583,0.018653892778687984
20260519-DiscoveryPlate-R3-L12,L12,Sample,DiscoveryPlate-R3-GES-4,2.493184146563141,53.55318926900205,55.42967317250513,1.9945473172505133,1.9945473172505133,2.0427,11.6988,50.0,100.0,1.0,1.0,1.0,0.02,2.0,0.3,2000.0,1.8,2.0176,1705168,2026-05-19 00:00:00,ext,M,20260519-DiscoveryPlate-R3,YK,AR-954,JC-0513,AR-970,AR-971,AR-972,AR-973,AR-702,Unknown,AR-959,AR-967,AR-969,AR-902,Unknown,Unknown,AR-308,AR-1028,AR-905,AR-975,10.0,True,0.0476589028090574,6.344936149055672,0.3503062957286308,0.0008689375188395,4.220492926580027,20260519-DiscoveryPlate-R3-SMS,Unknown,Unknown,Labcraft,0.0,0.13033626966226097,0.0036337988847337838,0.04094158444210975,0.015020093893954199,0.0021805732086311908,0.007025148591958035,0.023499937550969432,0.01792801463511399,0.0014532256761025928,0.07461704050370654,0.007510046946977099,0.011871193364239481,0.03173586264152052,0.018653892778687984,0.0036337988847337838,0.011628744186729949,0.011628744186729949,0.0012107764985930603,0.0033913497072242506,0.0043611464172623815,0.018653892778687984,0.07461704050370654,0.018653892778687984,0.03730778555737597,0.09327093328239451,0.09327093328239451,0.9317365973359978,0.018653892778687984,0.018653892778687984,0.018653892778687984,0.018653892778687984,0.007510046946977099,0.005571922915855442,0.0019381240311216583,0.0019381240311216583,0.018653892778687984
20260519-DiscoveryPlate-R3-L13,L13,Sample,DiscoveryPlate-R3-GES-22,2.800970624827904,10.264465999449293,60.15596499862323,3.259716499862323,2.164616499862323,2.7095,32.6477,50.0,100.0,1.0,1.0,1.0,0.02,2.0,0.3,2000.0,1.8,2.1897,1705168,2026-05-19 00:00:00,ext,M,20260519-DiscoveryPlate-R3,YK,AR-954,JC-0513,AR-970,AR-971,AR-972,AR-973,AR-702,Unknown,AR-959,AR-967,AR-969,AR-902,Unknown,Unknown,AR-308,AR-1028,AR-905,AR-975,10.0,False,0.0,,,0.0,,20260519-DiscoveryPlate-R3-SMS,Unknown,Unknown,Labcraft,0.0,0.13033626966226097,0.0036337988847337838,0.04094158444210975,0.015020093893954199,0.0021805732086311908,0.007025148591958035,0.023499937550969432,0.01792801463511399,0.0014532256761025928,0.07461704050370654,0.007510046946977099,0.011871193364239481,0.03173586264152052,0.018653892778687984,0.0036337988847337838,0.011628744186729949,0.011628744186729949,0.0012107764985930603,0.0033913497072242506,0.0043611464172623815,0.018653892778687984,0.07461704050370654,0.018653892778687984,0.03730778555737597,0.09327093328239451,0.09327093328239451,0.9317365973359978,0.018653892778687984,0.018653892778687984,0.018653892778687984,0.018653892778687984,0.007510046946977099,0.005571922915855442,0.0019381240311216583,0.0019381240311216583,0.018653892778687984
20260519-DiscoveryPlate-R3-L14,L14,Sample,DiscoveryPlate-R3-GES-8,3.435536780852969,8.6577176987295,48.88059424682375,2.232829424682375,2.8052294246823752,2.9555,30.8312,50.0,100.0,1.0,1.0,1.0,0.02,2.0,0.3,2000.0,1.8,2.1895,1705168,2026-05-19 00:00:00,ext,M,20260519-DiscoveryPlate-R3,YK,AR-954,JC-0513,AR-970,AR-971,AR-972,AR-973,AR-702,Unknown,AR-959,AR-967,AR-969,AR-902,Unknown,Unknown,AR-308,AR-1028,AR-905,AR-975,10.0,True,0.0101597309945133,0.4274813686185814,4.992762740609363,9.17408066552323e-05,5.079755399207377,20260519-DiscoveryPlate-R3-SMS,Unknown,Unknown,Labcraft,0.0,0.13033626966226097,0.0036337988847337838,0.04094158444210975,0.015020093893954199,0.0021805732086311908,0.007025148591958035,0.023499937550969432,0.01792801463511399,0.0014532256761025928,0.07461704050370654,0.007510046946977099,0.011871193364239481,0.03173586264152052,0.018653892778687984,0.0036337988847337838,0.011628744186729949,0.011628744186729949,0.0012107764985930603,0.0033913497072242506,0.0043611464172623815,0.018653892778687984,0.07461704050370654,0.018653892778687984,0.03730778555737597,0.09327093328239451,0.09327093328239451,0.9317365973359978,0.018653892778687984,0.018653892778687984,0.018653892778687984,0.018653892778687984,0.007510046946977099,0.005571922915855442,0.0019381240311216583,0.0019381240311216583,0.018653892778687984
20260519-DiscoveryPlate-R3-L15,L15,Sample,DiscoveryPlate-R3-5,5.080233959370153,48.64264866998449,26.02247167496122,6.143587167496122,4.259887167496123,2.2709,24.1537,50.0,100.0,1.0,1.0,1.0,0.02,2.0,0.3,2000.0,1.8,2.243,1705168,2026-05-19 00:00:00,ext,M,20260519-DiscoveryPlate-R3,YK,AR-954,JC-0513,AR-970,AR-971,AR-972,AR-973,AR-702,Unknown,AR-959,AR-967,AR-969,AR-902,Unknown,Unknown,AR-308,AR-1028,AR-905,AR-975,10.0,True,0.0062090330946434,1.0042966120702912,3.685225322607959,-0.0002500782749825,3.993229540287236,20260519-DiscoveryPlate-R3-SMS,Unknown,Unknown,Labcraft,0.0,0.13033626966226097,0.0036337988847337838,0.04094158444210975,0.015020093893954199,0.0021805732086311908,0.007025148591958035,0.023499937550969432,0.01792801463511399,0.0014532256761025928,0.07461704050370654,0.007510046946977099,0.011871193364239481,0.03173586264152052,0.018653892778687984,0.0036337988847337838,0.011628744186729949,0.011628744186729949,0.0012107764985930603,0.0033913497072242506,0.0043611464172623815,0.018653892778687984,0.07461704050370654,0.018653892778687984,0.03730778555737597,0.09327093328239451,0.09327093328239451,0.9317365973359978,0.018653892778687984,0.018653892778687984,0.018653892778687984,0.018653892778687984,0.007510046946977099,0.005571922915855442,0.0019381240311216583,0.0019381240311216583,0.018653892778687984
20260519-DiscoveryPlate-R3-L16,L16,Sample,DiscoveryPlate-R3-GES-10,2.5228109191907637,8.072994941410442,26.312787353526105,3.103148735352611,2.2838487353526107,0.0,25.3667,50.0,100.0,1.0,1.0,1.0,0.02,2.0,0.3,2000.0,1.8,2.0416,1705168,2026-05-19 00:00:00,ext,M,20260519-DiscoveryPlate-R3,YK,AR-954,JC-0513,AR-970,AR-971,AR-972,AR-973,AR-702,Unknown,AR-959,AR-967,AR-969,AR-902,Unknown,Unknown,AR-308,AR-1028,AR-905,AR-975,10.0,True,0.0048284988094492,1.0434670271670814,3.101858630766753,-0.0001267015036547,3.993227030469157,20260519-DiscoveryPlate-R3-SMS,Unknown,Unknown,Labcraft,0.0,0.13033626966226097,0.0036337988847337838,0.04094158444210975,0.015020093893954199,0.0021805732086311908,0.007025148591958035,0.023499937550969432,0.01792801463511399,0.0014532256761025928,0.07461704050370654,0.007510046946977099,0.011871193364239481,0.03173586264152052,0.018653892778687984,0.0036337988847337838,0.011628744186729949,0.011628744186729949,0.0012107764985930603,0.0033913497072242506,0.0043611464172623815,0.018653892778687984,0.07461704050370654,0.018653892778687984,0.03730778555737597,0.09327093328239451,0.09327093328239451,0.9317365973359978,0.018653892778687984,0.018653892778687984,0.018653892778687984,0.018653892778687984,0.007510046946977099,0.005571922915855442,0.0019381240311216583,0.0019381240311216583,0.018653892778687984
20260519-DiscoveryPlate-R3-L17,L17,Sample,DiscoveryPlate-R3-17,3.823264667685618,44.14594693659398,49.25671734148494,3.067611734148494,5.662211734148494,4.0488,24.2237,50.0,100.0,1.0,1.0,1.0,0.02,2.0,0.3,2000.0,1.8,2.2495,1705168,2026-05-19 00:00:00,ext,M,20260519-DiscoveryPlate-R3,YK,AR-954,JC-0513,AR-970,AR-971,AR-972,AR-973,AR-702,Unknown,AR-959,AR-967,AR-969,AR-902,Unknown,Unknown,AR-308,AR-1028,AR-905,AR-975,10.0,True,0.0240069620767229,8.206412739173066,0.2487078210341258,0.0007603545375324,4.031015037326745,20260519-DiscoveryPlate-R3-SMS,Unknown,Unknown,Labcraft,0.0,0.13033626966226097,0.0036337988847337838,0.04094158444210975,0.015020093893954199,0.0021805732086311908,0.007025148591958035,0.023499937550969432,0.01792801463511399,0.0014532256761025928,0.07461704050370654,0.007510046946977099,0.011871193364239481,0.03173586264152052,0.018653892778687984,0.0036337988847337838,0.011628744186729949,0.011628744186729949,0.0012107764985930603,0.0033913497072242506,0.0043611464172623815,0.018653892778687984,0.07461704050370654,0.018653892778687984,0.03730778555737597,0.09327093328239451,0.09327093328239451,0.9317365973359978,0.018653892778687984,0.018653892778687984,0.018653892778687984,0.018653892778687984,0.007510046946977099,0.005571922915855442,0.0019381240311216583,0.0019381240311216583,0.018653892778687984
20260519-DiscoveryPlate-R3-L18,L18,Sample,DiscoveryPlate-R3-15,4.802288545259188,52.1313433448294,40.8450083620735,6.191510836207351,2.76981083620735,3.1614,5.3721,50.0,100.0,1.0,1.0,1.0,0.02,2.0,0.3,2000.0,1.8,2.1618,1705168,2026-05-19 00:00:00,ext,M,20260519-DiscoveryPlate-R3,YK,AR-954,JC-0513,AR-970,AR-971,AR-972,AR-973,AR-702,Unknown,AR-959,AR-967,AR-969,AR-902,Unknown,Unknown,AR-308,AR-1028,AR-905,AR-975,10.0,True,0.0372259431545036,8.32389841710446,0.289378696899148,0.000285792263401,4.015349539872682,20260519-DiscoveryPlate-R3-SMS,Unknown,Unknown,Labcraft,0.0,0.13033626966226097,0.0036337988847337838,0.04094158444210975,0.015020093893954199,0.0021805732086311908,0.007025148591958035,0.023499937550969432,0.01792801463511399,0.0014532256761025928,0.07461704050370654,0.007510046946977099,0.011871193364239481,0.03173586264152052,0.018653892778687984,0.0036337988847337838,0.011628744186729949,0.011628744186729949,0.0012107764985930603,0.0033913497072242506,0.0043611464172623815,0.018653892778687984,0.07461704050370654,0.018653892778687984,0.03730778555737597,0.09327093328239451,0.09327093328239451,0.9317365973359978,0.018653892778687984,0.018653892778687984,0.018653892778687984,0.018653892778687984,0.007510046946977099,0.005571922915855442,0.0019381240311216583,0.0019381240311216583,0.018653892778687984
20260519-DiscoveryPlate-R3-M6,M6,Control,manual_ctrl,3.5,8.0,20.0,2.0,2.0,0.0,0.0,50.0,100.0,1.0,1.0,1.0,0.02,2.0,0.3,2000.0,1.8,3.0,1705168,2026-05-19 00:00:00,ext,M,20260519-DiscoveryPlate-R3,YK,AR-954,JC-0513,AR-970,AR-971,AR-972,AR-973,AR-702,Unknown,AR-959,AR-967,AR-969,AR-902,Unknown,Unknown,AR-308,AR-1028,AR-905,AR-975,10.0,True,0.2824788763924216,7.052486073258791,0.5495287535089444,-0.0006276115141313,4.179580026953107,20260519-DiscoveryPlate-R3-SMS,Unknown,Unknown,Labcraft,0.0,0.13033626966226097,0.0036337988847337838,0.04094158444210975,0.015020093893954199,0.0021805732086311908,0.007025148591958035,0.023499937550969432,0.01792801463511399,0.0014532256761025928,0.07461704050370654,0.007510046946977099,0.011871193364239481,0.03173586264152052,0.018653892778687984,0.0036337988847337838,0.011628744186729949,0.011628744186729949,0.0012107764985930603,0.0033913497072242506,0.0043611464172623815,0.018653892778687984,0.07461704050370654,0.018653892778687984,0.03730778555737597,0.09327093328239451,0.09327093328239451,0.9317365973359978,0.018653892778687984,0.018653892778687984,0.018653892778687984,0.018653892778687984,0.007510046946977099,0.005571922915855442,0.0019381240311216583,0.0019381240311216583,0.018653892778687984
20260519-DiscoveryPlate-R3-M7,M7,Control,manual_ctrl,3.5,8.0,20.0,2.0,2.0,0.0,0.0,50.0,100.0,1.0,1.0,1.0,0.02,2.0,0.3,2000.0,1.8,3.0,1705168,2026-05-19 00:00:00,ext,M,20260519-DiscoveryPlate-R3,YK,AR-954,JC-0513,AR-970,AR-971,AR-972,AR-973,AR-702,Unknown,AR-959,AR-967,AR-969,AR-902,Unknown,Unknown,AR-308,AR-1028,AR-905,AR-975,10.0,True,0.2153394099439665,7.429853043661589,0.5676665741204969,-0.0015238040807261,4.041948859577252,20260519-DiscoveryPlate-R3-SMS,Unknown,Unknown,Labcraft,0.0,0.13033626966226097,0.0036337988847337838,0.04094158444210975,0.015020093893954199,0.0021805732086311908,0.007025148591958035,0.023499937550969432,0.01792801463511399,0.0014532256761025928,0.07461704050370654,0.007510046946977099,0.011871193364239481,0.03173586264152052,0.018653892778687984,0.0036337988847337838,0.011628744186729949,0.011628744186729949,0.0012107764985930603,0.0033913497072242506,0.0043611464172623815,0.018653892778687984,0.07461704050370654,0.018653892778687984,0.03730778555737597,0.09327093328239451,0.09327093328239451,0.9317365973359978,0.018653892778687984,0.018653892778687984,0.018653892778687984,0.018653892778687984,0.007510046946977099,0.005571922915855442,0.0019381240311216583,0.0019381240311216583,0.018653892778687984
20260519-DiscoveryPlate-R3-M8,M8,Control,manual_ctrl,3.5,8.0,20.0,2.0,2.0,0.0,0.0,50.0,100.0,1.0,1.0,1.0,0.02,2.0,0.3,2000.0,1.8,3.0,1705168,2026-05-19 00:00:00,ext,M,20260519-DiscoveryPlate-R3,YK,AR-954,JC-0513,AR-970,AR-971,AR-972,AR-973,AR-702,Unknown,AR-959,AR-967,AR-969,AR-902,Unknown,Unknown,AR-308,AR-1028,AR-905,AR-975,10.0,True,0.3279762797600527,7.32081906359779,0.5452055312249943,-0.0016999035833199,4.106083906607716,20260519-DiscoveryPlate-R3-SMS,Unknown,Unknown,Labcraft,0.0,0.13033626966226097,0.0036337988847337838,0.04094158444210975,0.015020093893954199,0.0021805732086311908,0.007025148591958035,0.023499937550969432,0.01792801463511399,0.0014532256761025928,0.07461704050370654,0.007510046946977099,0.011871193364239481,0.03173586264152052,0.018653892778687984,0.0036337988847337838,0.011628744186729949,0.011628744186729949,0.0012107764985930603,0.0033913497072242506,0.0043611464172623815,0.018653892778687984,0.07461704050370654,0.018653892778687984,0.03730778555737597,0.09327093328239451,0.09327093328239451,0.9317365973359978,0.018653892778687984,0.018653892778687984,0.018653892778687984,0.018653892778687984,0.007510046946977099,0.005571922915855442,0.0019381240311216583,0.0019381240311216583,0.018653892778687984
20260519-DiscoveryPlate-R3-M9,M9,Control,manual_ctrl,3.5,8.0,20.0,2.0,2.0,0.0,0.0,50.0,100.0,1.0,1.0,1.0,0.02,2.0,0.3,2000.0,1.8,3.0,1705168,2026-05-19 00:00:00,ext,M,20260519-DiscoveryPlate-R3,YK,AR-954,JC-0513,AR-970,AR-971,AR-972,AR-973,AR-702,Unknown,AR-959,AR-967,AR-969,AR-902,Unknown,Unknown,AR-308,AR-1028,AR-905,AR-975,10.0,True,0.2942592554483288,6.144511383678662,0.5820072091369802,0.0012802356253932,4.296832241375476,20260519-DiscoveryPlate-R3-SMS,Unknown,Unknown,Labcraft,0.0,0.13033626966226097,0.0036337988847337838,0.04094158444210975,0.015020093893954199,0.0021805732086311908,0.007025148591958035,0.023499937550969432,0.01792801463511399,0.0014532256761025928,0.07461704050370654,0.007510046946977099,0.011871193364239481,0.03173586264152052,0.018653892778687984,0.0036337988847337838,0.011628744186729949,0.011628744186729949,0.0012107764985930603,0.0033913497072242506,0.0043611464172623815,0.018653892778687984,0.07461704050370654,0.018653892778687984,0.03730778555737597,0.09327093328239451,0.09327093328239451,0.9317365973359978,0.018653892778687984,0.018653892778687984,0.018653892778687984,0.018653892778687984,0.007510046946977099,0.005571922915855442,0.0019381240311216583,0.0019381240311216583,0.018653892778687984
20260519-DiscoveryPlate-R3-M10,M10,Control,manual_ctrl,3.5,8.0,20.0,2.0,2.0,0.0,0.0,50.0,100.0,1.0,1.0,1.0,0.02,2.0,0.3,2000.0,1.8,3.0,1705168,2026-05-19 00:00:00,ext,M,20260519-DiscoveryPlate-R3,YK,AR-954,JC-0513,AR-970,AR-971,AR-972,AR-973,AR-702,Unknown,AR-959,AR-967,AR-969,AR-902,Unknown,Unknown,AR-308,AR-1028,AR-905,AR-975,10.0,True,0.2815919014005211,6.743857944181601,0.5687460406499489,7.82071958609328e-05,4.234229416881231,20260519-DiscoveryPlate-R3-SMS,Unknown,Unknown,Labcraft,0.0,0.13033626966226097,0.0036337988847337838,0.04094158444210975,0.015020093893954199,0.0021805732086311908,0.007025148591958035,0.023499937550969432,0.01792801463511399,0.0014532256761025928,0.07461704050370654,0.007510046946977099,0.011871193364239481,0.03173586264152052,0.018653892778687984,0.0036337988847337838,0.011628744186729949,0.011628744186729949,0.0012107764985930603,0.0033913497072242506,0.0043611464172623815,0.018653892778687984,0.07461704050370654,0.018653892778687984,0.03730778555737597,0.09327093328239451,0.09327093328239451,0.9317365973359978,0.018653892778687984,0.018653892778687984,0.018653892778687984,0.018653892778687984,0.007510046946977099,0.005571922915855442,0.0019381240311216583,0.0019381240311216583,0.018653892778687984
20260519-DiscoveryPlate-R3-M11,M11,Control,manual_ctrl,3.5,8.0,20.0,2.0,2.0,0.0,0.0,50.0,100.0,1.0,1.0,1.0,0.02,2.0,0.3,2000.0,1.8,3.0,1705168,2026-05-19 00:00:00,ext,M,20260519-DiscoveryPlate-R3,YK,AR-954,JC-0513,AR-970,AR-971,AR-972,AR-973,AR-702,Unknown,AR-959,AR-967,AR-969,AR-902,Unknown,Unknown,AR-308,AR-1028,AR-905,AR-975,10.0,True,0.2554195889760114,6.294873672443484,0.5729508923023475,0.0008358670383595,4.284479938461425,20260519-DiscoveryPlate-R3-SMS,Unknown,Unknown,Labcraft,0.0,0.13033626966226097,0.0036337988847337838,0.04094158444210975,0.015020093893954199,0.0021805732086311908,0.007025148591958035,0.023499937550969432,0.01792801463511399,0.0014532256761025928,0.07461704050370654,0.007510046946977099,0.011871193364239481,0.03173586264152052,0.018653892778687984,0.0036337988847337838,0.011628744186729949,0.011628744186729949,0.0012107764985930603,0.0033913497072242506,0.0043611464172623815,0.018653892778687984,0.07461704050370654,0.018653892778687984,0.03730778555737597,0.09327093328239451,0.09327093328239451,0.9317365973359978,0.018653892778687984,0.018653892778687984,0.018653892778687984,0.018653892778687984,0.007510046946977099,0.005571922915855442,0.0019381240311216583,0.0019381240311216583,0.018653892778687984