ID,Well,Date,Experiment,Name,Type,PMix ID,[PMix] (mg/mL),Ribosome ID,[Ribosome] (uM),SMS ID,tRNA ID,[tRNA] (ug/uL),DNA ID,[DNA] (ng/uL),PMix Vol (uL),Rxn Volume (uL),[DNA] (nM),[Magnesium acetate] (mM),[Creatine phosphate] (mM),[Potassium glutamate] (mM),[ATP] (mM),[GTP] (mM),[Amino acid mix] (mM),[HEPES] (mM),[PPK] (uM),[PolyP] (mM),[CTP] (mM),[UTP] (mM),[TCEP] (mM),[Folinic acid] (mM),[Spermidine] (mM),[RNase Inhib] (U/mL),Reader Type,Reader Serial Number,Gain,Read Type,HEPES ID,Potassium glutamate ID,Magnesium acetate ID,ATP ID,GTP ID,CTP ID,UTP ID,Creatine phosphate ID,TCEP ID,Folinic acid ID,Spermidine ID,Amino acid mix ID,PolyP ID,PPK ID,[PEG4K 40%] (%),Product,RNase Inhib ID,Condition,success,sigmoid_steady_state,sigmoid_rate (1/h),sigmoid_time_offset (h),drift_rate (1/h),drift_rate_time_offset (h)
id,note,categorical,categorical,note,note,categorical,feature,categorical,feature,categorical,categorical,feature,categorical,feature,feature,feature,feature,feature,feature,feature,feature,feature,feature,feature,feature,feature,feature,feature,feature,feature,feature,feature,categorical,categorical,feature,categorical,categorical,categorical,categorical,categorical,categorical,categorical,categorical,categorical,categorical,categorical,categorical,categorical,categorical,categorical,feature,categorical,categorical,categorical,classifier,regressor,regressor,regressor,regressor,regressor
NIST-standards-PURExpress-plamGFP-deGFP-B2,B2,2025-11-24 00:00:00,NIST-standards-PURExpress-plamGFP-deGFP,plamGFP,Sample,NEB Sol B,1.8,NEB Sol B,1.8,NEB Sol A,NEB Sol B,3.5,AR-804,6.2744,3.0,10.0,3.2850261780104715,8.0,20.0,100.0,2.0,2.0,0.3,50.0,0.0,0.0,1.0,1.0,1.0,0.02,2.0,2000.0,Cytation3,130723A,35,F,NEB Sol A,NEB Sol A,NEB Sol A,NEB Sol A,NEB Sol A,NEB Sol A,NEB Sol A,NEB Sol A,NEB Sol A,NEB Sol A,NEB Sol A,NEB Sol A,NEB Sol A,NEB Sol A,0.0,plamGFP,Unknown,R&D,True,1.2624810083728542,2.912524550447978,1.5329823683944537,0.0381096586827252,1.8364634121646164
NIST-standards-PURExpress-plamGFP-deGFP-B2,B2,2025-11-24 00:00:00,NIST-standards-PURExpress-plamGFP-deGFP,plamGFP,Sample,NEB Sol B,1.8,NEB Sol B,1.8,NEB Sol A,NEB Sol B,3.5,AR-804,6.2744,3.0,10.0,3.2850261780104715,8.0,20.0,100.0,2.0,2.0,0.3,50.0,0.0,0.0,1.0,1.0,1.0,0.02,2.0,2000.0,Cytation5,1705168,ext,M,NEB Sol A,NEB Sol A,NEB Sol A,NEB Sol A,NEB Sol A,NEB Sol A,NEB Sol A,NEB Sol A,NEB Sol A,NEB Sol A,NEB Sol A,NEB Sol A,NEB Sol A,NEB Sol A,0.0,plamGFP,Unknown,R&D,True,1.741849148388258,2.3277272832323996,1.4343476047765744,0.0351009570516758,4.046733281123322
NIST-standards-PURExpress-plamGFP-deGFP-B2,B2,2025-11-24 00:00:00,NIST-standards-PURExpress-plamGFP-deGFP,plamGFP,Sample,NEB Sol B,1.8,NEB Sol B,1.8,NEB Sol A,NEB Sol B,3.5,AR-804,6.2744,3.0,10.0,3.2850261780104715,8.0,20.0,100.0,2.0,2.0,0.3,50.0,0.0,0.0,1.0,1.0,1.0,0.02,2.0,2000.0,Synergy 2,206621,50,F,NEB Sol A,NEB Sol A,NEB Sol A,NEB Sol A,NEB Sol A,NEB Sol A,NEB Sol A,NEB Sol A,NEB Sol A,NEB Sol A,NEB Sol A,NEB Sol A,NEB Sol A,NEB Sol A,0.0,plamGFP,Unknown,R&D,True,2.435744078396717,2.4689473507806587,1.5012979922314065,0.0516210725963997,2.967282171838413
NIST-standards-PURExpress-plamGFP-deGFP-B4,B4,2025-11-24 00:00:00,NIST-standards-PURExpress-plamGFP-deGFP,deGFP,Sample,NEB Sol B,1.8,NEB Sol B,1.8,NEB Sol A,NEB Sol B,3.5,AR-889,19.173,3.0,10.0,10.420108695652171,8.0,20.0,100.0,2.0,2.0,0.3,50.0,0.0,0.0,1.0,1.0,1.0,0.02,2.0,2000.0,Cytation3,130723A,35,F,NEB Sol A,NEB Sol A,NEB Sol A,NEB Sol A,NEB Sol A,NEB Sol A,NEB Sol A,NEB Sol A,NEB Sol A,NEB Sol A,NEB Sol A,NEB Sol A,NEB Sol A,NEB Sol A,0.0,deGFP,Unknown,R&D,True,1.0330566215954546,2.514084126859523,1.0507169141039714,0.0158580442644025,6.0
NIST-standards-PURExpress-plamGFP-deGFP-B4,B4,2025-11-24 00:00:00,NIST-standards-PURExpress-plamGFP-deGFP,deGFP,Sample,NEB Sol B,1.8,NEB Sol B,1.8,NEB Sol A,NEB Sol B,3.5,AR-889,19.173,3.0,10.0,10.420108695652171,8.0,20.0,100.0,2.0,2.0,0.3,50.0,0.0,0.0,1.0,1.0,1.0,0.02,2.0,2000.0,Cytation5,1705168,ext,M,NEB Sol A,NEB Sol A,NEB Sol A,NEB Sol A,NEB Sol A,NEB Sol A,NEB Sol A,NEB Sol A,NEB Sol A,NEB Sol A,NEB Sol A,NEB Sol A,NEB Sol A,NEB Sol A,0.0,deGFP,Unknown,R&D,True,1.146306512257499,2.527975993378396,0.9469671237034036,0.0142848969058617,6.030555555555556
NIST-standards-PURExpress-plamGFP-deGFP-B4,B4,2025-11-24 00:00:00,NIST-standards-PURExpress-plamGFP-deGFP,deGFP,Sample,NEB Sol B,1.8,NEB Sol B,1.8,NEB Sol A,NEB Sol B,3.5,AR-889,19.173,3.0,10.0,10.420108695652171,8.0,20.0,100.0,2.0,2.0,0.3,50.0,0.0,0.0,1.0,1.0,1.0,0.02,2.0,2000.0,Synergy 2,206621,50,F,NEB Sol A,NEB Sol A,NEB Sol A,NEB Sol A,NEB Sol A,NEB Sol A,NEB Sol A,NEB Sol A,NEB Sol A,NEB Sol A,NEB Sol A,NEB Sol A,NEB Sol A,NEB Sol A,0.0,deGFP,Unknown,R&D,True,1.728951387984166,2.5554957548732617,1.0000883923394772,0.0201483896189075,6.0
NIST-standards-PURExpress-plamGFP-deGFP-B6,B6,2025-11-24 00:00:00,NIST-standards-PURExpress-plamGFP-deGFP,Negative Control,Negative Control,NEB Sol B,1.8,NEB Sol B,1.8,NEB Sol A,NEB Sol B,3.5,Unknown,0.0,0.0,10.0,0.0,8.0,20.0,100.0,2.0,2.0,0.3,50.0,0.0,0.0,1.0,1.0,1.0,0.02,2.0,0.0,Cytation3,130723A,35,F,NEB Sol A,NEB Sol A,NEB Sol A,NEB Sol A,NEB Sol A,NEB Sol A,NEB Sol A,NEB Sol A,NEB Sol A,NEB Sol A,NEB Sol A,NEB Sol A,NEB Sol A,NEB Sol A,0.0,Unknown,Unknown,R&D,True,0.0029475493016142,0.5796415319571651,4.33332563662756,-0.0001651805971849,3.996679308972107
NIST-standards-PURExpress-plamGFP-deGFP-B6,B6,2025-11-24 00:00:00,NIST-standards-PURExpress-plamGFP-deGFP,Negative Control,Negative Control,NEB Sol B,1.8,NEB Sol B,1.8,NEB Sol A,NEB Sol B,3.5,Unknown,0.0,0.0,10.0,0.0,8.0,20.0,100.0,2.0,2.0,0.3,50.0,0.0,0.0,1.0,1.0,1.0,0.02,2.0,0.0,Cytation5,1705168,ext,M,NEB Sol A,NEB Sol A,NEB Sol A,NEB Sol A,NEB Sol A,NEB Sol A,NEB Sol A,NEB Sol A,NEB Sol A,NEB Sol A,NEB Sol A,NEB Sol A,NEB Sol A,NEB Sol A,0.0,Unknown,Unknown,R&D,False,0.0031980614410664,,,,
NIST-standards-PURExpress-plamGFP-deGFP-B6,B6,2025-11-24 00:00:00,NIST-standards-PURExpress-plamGFP-deGFP,Negative Control,Negative Control,NEB Sol B,1.8,NEB Sol B,1.8,NEB Sol A,NEB Sol B,3.5,Unknown,0.0,0.0,10.0,0.0,8.0,20.0,100.0,2.0,2.0,0.3,50.0,0.0,0.0,1.0,1.0,1.0,0.02,2.0,0.0,Synergy 2,206621,50,F,NEB Sol A,NEB Sol A,NEB Sol A,NEB Sol A,NEB Sol A,NEB Sol A,NEB Sol A,NEB Sol A,NEB Sol A,NEB Sol A,NEB Sol A,NEB Sol A,NEB Sol A,NEB Sol A,0.0,Unknown,Unknown,R&D,False,0.0129435355838625,,,,
NIST-standards-PURExpress-plamGFP-deGFP-D2,D2,2025-11-24 00:00:00,NIST-standards-PURExpress-plamGFP-deGFP,plamGFP,Sample,NEB Sol B,1.8,NEB Sol B,1.8,NEB Sol A,NEB Sol B,3.5,AR-804,6.2744,3.0,10.0,3.2850261780104715,8.0,20.0,100.0,2.0,2.0,0.3,50.0,0.0,0.0,1.0,1.0,1.0,0.02,2.0,2000.0,Cytation3,130723A,35,F,NEB Sol A,NEB Sol A,NEB Sol A,NEB Sol A,NEB Sol A,NEB Sol A,NEB Sol A,NEB Sol A,NEB Sol A,NEB Sol A,NEB Sol A,NEB Sol A,NEB Sol A,NEB Sol A,0.0,plamGFP,Unknown,R&D,True,1.2863292042525087,2.885690452249247,1.5369513420205465,0.0386740953147091,1.854586827447113
NIST-standards-PURExpress-plamGFP-deGFP-D2,D2,2025-11-24 00:00:00,NIST-standards-PURExpress-plamGFP-deGFP,plamGFP,Sample,NEB Sol B,1.8,NEB Sol B,1.8,NEB Sol A,NEB Sol B,3.5,AR-804,6.2744,3.0,10.0,3.2850261780104715,8.0,20.0,100.0,2.0,2.0,0.3,50.0,0.0,0.0,1.0,1.0,1.0,0.02,2.0,2000.0,Cytation5,1705168,ext,M,NEB Sol A,NEB Sol A,NEB Sol A,NEB Sol A,NEB Sol A,NEB Sol A,NEB Sol A,NEB Sol A,NEB Sol A,NEB Sol A,NEB Sol A,NEB Sol A,NEB Sol A,NEB Sol A,0.0,plamGFP,Unknown,R&D,True,1.7195476092453037,2.315438800526101,1.4396947688431057,0.0347878942984245,4.047519205375149
NIST-standards-PURExpress-plamGFP-deGFP-D2,D2,2025-11-24 00:00:00,NIST-standards-PURExpress-plamGFP-deGFP,plamGFP,Sample,NEB Sol B,1.8,NEB Sol B,1.8,NEB Sol A,NEB Sol B,3.5,AR-804,6.2744,3.0,10.0,3.2850261780104715,8.0,20.0,100.0,2.0,2.0,0.3,50.0,0.0,0.0,1.0,1.0,1.0,0.02,2.0,2000.0,Synergy 2,206621,50,F,NEB Sol A,NEB Sol A,NEB Sol A,NEB Sol A,NEB Sol A,NEB Sol A,NEB Sol A,NEB Sol A,NEB Sol A,NEB Sol A,NEB Sol A,NEB Sol A,NEB Sol A,NEB Sol A,0.0,plamGFP,Unknown,R&D,True,2.4849433412684196,2.466286468162604,1.4965162555335807,0.0510703607789979,3.0584207792158944
NIST-standards-PURExpress-plamGFP-deGFP-D4,D4,2025-11-24 00:00:00,NIST-standards-PURExpress-plamGFP-deGFP,deGFP,Sample,NEB Sol B,1.8,NEB Sol B,1.8,NEB Sol A,NEB Sol B,3.5,AR-889,19.173,3.0,10.0,10.420108695652171,8.0,20.0,100.0,2.0,2.0,0.3,50.0,0.0,0.0,1.0,1.0,1.0,0.02,2.0,2000.0,Cytation3,130723A,35,F,NEB Sol A,NEB Sol A,NEB Sol A,NEB Sol A,NEB Sol A,NEB Sol A,NEB Sol A,NEB Sol A,NEB Sol A,NEB Sol A,NEB Sol A,NEB Sol A,NEB Sol A,NEB Sol A,0.0,deGFP,Unknown,R&D,True,1.0247021361537865,2.4951216554907187,1.0571429464264217,0.015666560183438,6.0
NIST-standards-PURExpress-plamGFP-deGFP-D4,D4,2025-11-24 00:00:00,NIST-standards-PURExpress-plamGFP-deGFP,deGFP,Sample,NEB Sol B,1.8,NEB Sol B,1.8,NEB Sol A,NEB Sol B,3.5,AR-889,19.173,3.0,10.0,10.420108695652171,8.0,20.0,100.0,2.0,2.0,0.3,50.0,0.0,0.0,1.0,1.0,1.0,0.02,2.0,2000.0,Cytation5,1705168,ext,M,NEB Sol A,NEB Sol A,NEB Sol A,NEB Sol A,NEB Sol A,NEB Sol A,NEB Sol A,NEB Sol A,NEB Sol A,NEB Sol A,NEB Sol A,NEB Sol A,NEB Sol A,NEB Sol A,0.0,deGFP,Unknown,R&D,True,1.166313427840265,2.4992821729744072,0.947509109452546,0.0150175312668228,6.030555555555556
NIST-standards-PURExpress-plamGFP-deGFP-D4,D4,2025-11-24 00:00:00,NIST-standards-PURExpress-plamGFP-deGFP,deGFP,Sample,NEB Sol B,1.8,NEB Sol B,1.8,NEB Sol A,NEB Sol B,3.5,AR-889,19.173,3.0,10.0,10.420108695652171,8.0,20.0,100.0,2.0,2.0,0.3,50.0,0.0,0.0,1.0,1.0,1.0,0.02,2.0,2000.0,Synergy 2,206621,50,F,NEB Sol A,NEB Sol A,NEB Sol A,NEB Sol A,NEB Sol A,NEB Sol A,NEB Sol A,NEB Sol A,NEB Sol A,NEB Sol A,NEB Sol A,NEB Sol A,NEB Sol A,NEB Sol A,0.0,deGFP,Unknown,R&D,True,1.719558525589332,2.566238544356969,0.9998725498705086,0.019447078327685,6.0
NIST-standards-PURExpress-plamGFP-deGFP-F2,F2,2025-11-24 00:00:00,NIST-standards-PURExpress-plamGFP-deGFP,plamGFP,Sample,NEB Sol B,1.8,NEB Sol B,1.8,NEB Sol A,NEB Sol B,3.5,AR-804,6.2744,3.0,10.0,3.2850261780104715,8.0,20.0,100.0,2.0,2.0,0.3,50.0,0.0,0.0,1.0,1.0,1.0,0.02,2.0,2000.0,Cytation3,130723A,35,F,NEB Sol A,NEB Sol A,NEB Sol A,NEB Sol A,NEB Sol A,NEB Sol A,NEB Sol A,NEB Sol A,NEB Sol A,NEB Sol A,NEB Sol A,NEB Sol A,NEB Sol A,NEB Sol A,0.0,plamGFP,Unknown,R&D,True,1.306241909635651,2.878583669780605,1.537132487020719,0.0389299706758556,1.876844159035743
NIST-standards-PURExpress-plamGFP-deGFP-F2,F2,2025-11-24 00:00:00,NIST-standards-PURExpress-plamGFP-deGFP,plamGFP,Sample,NEB Sol B,1.8,NEB Sol B,1.8,NEB Sol A,NEB Sol B,3.5,AR-804,6.2744,3.0,10.0,3.2850261780104715,8.0,20.0,100.0,2.0,2.0,0.3,50.0,0.0,0.0,1.0,1.0,1.0,0.02,2.0,2000.0,Cytation5,1705168,ext,M,NEB Sol A,NEB Sol A,NEB Sol A,NEB Sol A,NEB Sol A,NEB Sol A,NEB Sol A,NEB Sol A,NEB Sol A,NEB Sol A,NEB Sol A,NEB Sol A,NEB Sol A,NEB Sol A,0.0,plamGFP,Unknown,R&D,True,1.7769011883536865,2.303777758071496,1.4316482297916764,0.0353080760270831,4.1875804462389326
NIST-standards-PURExpress-plamGFP-deGFP-F2,F2,2025-11-24 00:00:00,NIST-standards-PURExpress-plamGFP-deGFP,plamGFP,Sample,NEB Sol B,1.8,NEB Sol B,1.8,NEB Sol A,NEB Sol B,3.5,AR-804,6.2744,3.0,10.0,3.2850261780104715,8.0,20.0,100.0,2.0,2.0,0.3,50.0,0.0,0.0,1.0,1.0,1.0,0.02,2.0,2000.0,Synergy 2,206621,50,F,NEB Sol A,NEB Sol A,NEB Sol A,NEB Sol A,NEB Sol A,NEB Sol A,NEB Sol A,NEB Sol A,NEB Sol A,NEB Sol A,NEB Sol A,NEB Sol A,NEB Sol A,NEB Sol A,0.0,plamGFP,Unknown,R&D,True,2.401764253621179,2.474051638087644,1.4859522921959605,0.0519916912825032,2.928119418612414
NIST-standards-PURExpress-plamGFP-deGFP-F4,F4,2025-11-24 00:00:00,NIST-standards-PURExpress-plamGFP-deGFP,deGFP,Sample,NEB Sol B,1.8,NEB Sol B,1.8,NEB Sol A,NEB Sol B,3.5,AR-889,19.173,3.0,10.0,10.420108695652171,8.0,20.0,100.0,2.0,2.0,0.3,50.0,0.0,0.0,1.0,1.0,1.0,0.02,2.0,2000.0,Cytation3,130723A,35,F,NEB Sol A,NEB Sol A,NEB Sol A,NEB Sol A,NEB Sol A,NEB Sol A,NEB Sol A,NEB Sol A,NEB Sol A,NEB Sol A,NEB Sol A,NEB Sol A,NEB Sol A,NEB Sol A,0.0,deGFP,Unknown,R&D,True,1.0418164308563094,2.4826366112372553,1.062138626931144,0.0158854231975432,6.0
NIST-standards-PURExpress-plamGFP-deGFP-F4,F4,2025-11-24 00:00:00,NIST-standards-PURExpress-plamGFP-deGFP,deGFP,Sample,NEB Sol B,1.8,NEB Sol B,1.8,NEB Sol A,NEB Sol B,3.5,AR-889,19.173,3.0,10.0,10.420108695652171,8.0,20.0,100.0,2.0,2.0,0.3,50.0,0.0,0.0,1.0,1.0,1.0,0.02,2.0,2000.0,Cytation5,1705168,ext,M,NEB Sol A,NEB Sol A,NEB Sol A,NEB Sol A,NEB Sol A,NEB Sol A,NEB Sol A,NEB Sol A,NEB Sol A,NEB Sol A,NEB Sol A,NEB Sol A,NEB Sol A,NEB Sol A,0.0,deGFP,Unknown,R&D,True,1.1496604843213576,2.5021418663142323,0.9379093077316488,0.0150586409089691,6.030555555555556
NIST-standards-PURExpress-plamGFP-deGFP-F4,F4,2025-11-24 00:00:00,NIST-standards-PURExpress-plamGFP-deGFP,deGFP,Sample,NEB Sol B,1.8,NEB Sol B,1.8,NEB Sol A,NEB Sol B,3.5,AR-889,19.173,3.0,10.0,10.420108695652171,8.0,20.0,100.0,2.0,2.0,0.3,50.0,0.0,0.0,1.0,1.0,1.0,0.02,2.0,2000.0,Synergy 2,206621,50,F,NEB Sol A,NEB Sol A,NEB Sol A,NEB Sol A,NEB Sol A,NEB Sol A,NEB Sol A,NEB Sol A,NEB Sol A,NEB Sol A,NEB Sol A,NEB Sol A,NEB Sol A,NEB Sol A,0.0,deGFP,Unknown,R&D,True,1.6970582984168257,2.5853445350675797,1.023562783403147,0.0148657384018193,5.740694425318049
Pmix-MFG-116-B2,B2,2025-12-18 00:00:00,Pmix-MFG-116,AR-925,Sample,AR-925,1.8,AR-907,3.24,AR-895,AR-900,3.5,Unknown,6.0,1.2,10.0,3.141361256544503,8.0,20.0,100.0,2.0,2.0,0.3,50.0,0.0,0.0,1.0,1.0,1.0,0.02,2.0,2000.0,Cytation5,1705168,ext,M,Unknown,Unknown,Unknown,Unknown,Unknown,Unknown,Unknown,Unknown,Unknown,Unknown,Unknown,Unknown,Unknown,Unknown,0.0,plamGFP,Unknown,MFG,True,0.9004638958490491,4.3333112553577315,0.7014920402804686,0.0063940964972891,6.006388888888889
Pmix-MFG-116-B4,B4,2025-12-18 00:00:00,Pmix-MFG-116,AR-926,Sample,AR-926,1.8,AR-907,3.24,AR-895,AR-900,3.5,Unknown,6.0,1.2,10.0,3.141361256544503,8.0,20.0,100.0,2.0,2.0,0.3,50.0,0.0,0.0,1.0,1.0,1.0,0.02,2.0,2000.0,Cytation5,1705168,ext,M,Unknown,Unknown,Unknown,Unknown,Unknown,Unknown,Unknown,Unknown,Unknown,Unknown,Unknown,Unknown,Unknown,Unknown,0.0,plamGFP,Unknown,MFG,True,0.968493427232644,4.402443816132964,0.6840263489809336,0.0068979823986438,6.006388888888889
Pmix-MFG-116-B6,B6,2025-12-18 00:00:00,Pmix-MFG-116,Positive,Positive Control,NEB Sol B,1.8,NEB Sol B,1.8,NEB Sol A,NEB Sol B,3.5,Unknown,6.0,3.0,10.0,3.141361256544503,8.0,20.0,100.0,2.0,2.0,0.3,50.0,0.0,0.0,1.0,1.0,1.0,0.02,2.0,2000.0,Cytation5,1705168,ext,M,NEB Sol A,NEB Sol A,NEB Sol A,NEB Sol A,NEB Sol A,NEB Sol A,NEB Sol A,NEB Sol A,NEB Sol A,NEB Sol A,NEB Sol A,NEB Sol A,NEB Sol A,NEB Sol A,0.0,plamGFP,Unknown,MFG,True,0.8697565018949384,2.2081919685228635,1.214328129041745,0.0102330574737741,6.006388888888889
Pmix-MFG-116-B8,B8,2025-12-18 00:00:00,Pmix-MFG-116,Negative,Negative Control,NEB Sol B,1.8,NEB Sol B,1.8,NEB Sol A,NEB Sol B,3.5,Unknown,0.0,3.0,10.0,0.0,8.0,20.0,100.0,2.0,2.0,0.3,50.0,0.0,0.0,1.0,1.0,1.0,0.02,2.0,0.0,Cytation5,1705168,ext,M,NEB Sol A,NEB Sol A,NEB Sol A,NEB Sol A,NEB Sol A,NEB Sol A,NEB Sol A,NEB Sol A,NEB Sol A,NEB Sol A,NEB Sol A,NEB Sol A,NEB Sol A,NEB Sol A,0.0,Unknown,Unknown,MFG,False,0.0028542532880231,,,,
Pmix-MFG-116-D2,D2,2025-12-18 00:00:00,Pmix-MFG-116,AR-925,Sample,AR-925,1.8,AR-907,3.24,AR-895,AR-901,3.5,Unknown,6.0,1.2,10.0,3.141361256544503,8.0,20.0,100.0,2.0,2.0,0.3,50.0,0.0,0.0,1.0,1.0,1.0,0.02,2.0,2000.0,Cytation5,1705168,ext,M,Unknown,Unknown,Unknown,Unknown,Unknown,Unknown,Unknown,Unknown,Unknown,Unknown,Unknown,Unknown,Unknown,Unknown,0.0,plamGFP,Unknown,MFG,True,0.9496988408374823,4.360317344928317,0.6923607771191045,0.0066269568836129,6.006388888888889
Pmix-MFG-116-D4,D4,2025-12-18 00:00:00,Pmix-MFG-116,AR-926,Sample,AR-926,1.8,AR-907,3.24,AR-895,AR-901,3.5,Unknown,6.0,1.2,10.0,3.141361256544503,8.0,20.0,100.0,2.0,2.0,0.3,50.0,0.0,0.0,1.0,1.0,1.0,0.02,2.0,2000.0,Cytation5,1705168,ext,M,Unknown,Unknown,Unknown,Unknown,Unknown,Unknown,Unknown,Unknown,Unknown,Unknown,Unknown,Unknown,Unknown,Unknown,0.0,plamGFP,Unknown,MFG,True,0.974581944242712,4.436501458816135,0.6780755052977967,0.0070385955845813,6.006388888888889
Pmix-MFG-116-D6,D6,2025-12-18 00:00:00,Pmix-MFG-116,Positive,Positive Control,NEB Sol B,1.8,NEB Sol B,1.8,NEB Sol A,NEB Sol B,3.5,Unknown,6.0,3.0,10.0,3.141361256544503,8.0,20.0,100.0,2.0,2.0,0.3,50.0,0.0,0.0,1.0,1.0,1.0,0.02,2.0,2000.0,Cytation5,1705168,ext,M,NEB Sol A,NEB Sol A,NEB Sol A,NEB Sol A,NEB Sol A,NEB Sol A,NEB Sol A,NEB Sol A,NEB Sol A,NEB Sol A,NEB Sol A,NEB Sol A,NEB Sol A,NEB Sol A,0.0,plamGFP,Unknown,MFG,True,0.8509767606232906,2.181980844929098,1.1707667664468555,0.0111846014699182,6.006388888888889
Pmix-MFG-116-F2,F2,2025-12-18 00:00:00,Pmix-MFG-116,AR-925,Sample,AR-925,1.8,AR-907,3.24,AR-895,AR-902,3.5,Unknown,6.0,1.2,10.0,3.141361256544503,8.0,20.0,100.0,2.0,2.0,0.3,50.0,0.0,0.0,1.0,1.0,1.0,0.02,2.0,2000.0,Cytation5,1705168,ext,M,Unknown,Unknown,Unknown,Unknown,Unknown,Unknown,Unknown,Unknown,Unknown,Unknown,Unknown,Unknown,Unknown,Unknown,0.0,plamGFP,Unknown,MFG,True,0.933397830121879,4.398576850885741,0.6831174482081533,0.0066131443172976,6.006388888888889
Pmix-MFG-116-F4,F4,2025-12-18 00:00:00,Pmix-MFG-116,AR-926,Sample,AR-926,1.8,AR-907,3.24,AR-895,AR-902,3.5,Unknown,6.0,1.2,10.0,3.141361256544503,8.0,20.0,100.0,2.0,2.0,0.3,50.0,0.0,0.0,1.0,1.0,1.0,0.02,2.0,2000.0,Cytation5,1705168,ext,M,Unknown,Unknown,Unknown,Unknown,Unknown,Unknown,Unknown,Unknown,Unknown,Unknown,Unknown,Unknown,Unknown,Unknown,0.0,plamGFP,Unknown,MFG,True,0.977643205598536,4.463672253101466,0.6682616584206151,0.0072531659600975,6.006388888888889
Pmix-MFG-116-F6,F6,2025-12-18 00:00:00,Pmix-MFG-116,Positive,Positive Control,NEB Sol B,1.8,NEB Sol B,1.8,NEB Sol A,NEB Sol B,3.5,Unknown,6.0,3.0,10.0,3.141361256544503,8.0,20.0,100.0,2.0,2.0,0.3,50.0,0.0,0.0,1.0,1.0,1.0,0.02,2.0,2000.0,Cytation5,1705168,ext,M,NEB Sol A,NEB Sol A,NEB Sol A,NEB Sol A,NEB Sol A,NEB Sol A,NEB Sol A,NEB Sol A,NEB Sol A,NEB Sol A,NEB Sol A,NEB Sol A,NEB Sol A,NEB Sol A,0.0,plamGFP,Unknown,MFG,True,0.861968415229186,2.1733293197673773,1.204308648916643,0.0106224228407482,6.006388888888889
PMix_(AR-931)_QC_PURE_Timecourse-B10,B10,2026-01-05 00:00:00,PMix_(AR-931)_QC_PURE_Timecourse,Positive Control,Positive Control,NEB Sol B,1.8,NEB Sol B,1.8,NEB Sol A,NEB Sol B,3.5,AR-931,5.9,1.2,10.0,3.0890052356020945,8.0,20.0,100.0,2.0,2.0,0.3,50.0,0.0,0.0,1.0,1.0,1.0,0.02,2.0,2000.0,Cytation5,1705168,ext,M,NEB Sol A,NEB Sol A,NEB Sol A,NEB Sol A,NEB Sol A,NEB Sol A,NEB Sol A,NEB Sol A,NEB Sol A,NEB Sol A,NEB Sol A,NEB Sol A,NEB Sol A,NEB Sol A,0.0,plamGFP,Unknown,MFG,True,0.9528877523855926,2.1733628206288484,1.3078073532217498,0.0116697456574123,6.010277777777778
PMix_(AR-931)_QC_PURE_Timecourse-B2,B2,2026-01-05 00:00:00,PMix_(AR-931)_QC_PURE_Timecourse,AR-931 + AR-906,Sample,AR-931,1.8,AR-906,3.24,AR-895,AR-901,3.5,AR-931,5.9,1.2,10.0,3.0890052356020945,8.0,20.0,100.0,2.0,2.0,0.3,50.0,0.0,0.0,1.0,1.0,1.0,0.02,2.0,2000.0,Cytation5,1705168,ext,M,Unknown,Unknown,Unknown,Unknown,Unknown,Unknown,Unknown,Unknown,Unknown,Unknown,Unknown,Unknown,Unknown,Unknown,0.0,plamGFP,Unknown,MFG,True,1.0174611122607176,3.975078124144509,0.8658120818941998,0.0054814470924977,6.010277777777778
PMix_(AR-931)_QC_PURE_Timecourse-B6,B6,2026-01-05 00:00:00,PMix_(AR-931)_QC_PURE_Timecourse,AR-931 + AR-855,Sample,AR-931,1.8,AR-855,1.8,AR-895,AR-901,3.5,AR-931,5.9,1.2,10.0,3.0890052356020945,8.0,20.0,100.0,2.0,2.0,0.3,50.0,0.0,0.0,1.0,1.0,1.0,0.02,2.0,2000.0,Cytation5,1705168,ext,M,Unknown,Unknown,Unknown,Unknown,Unknown,Unknown,Unknown,Unknown,Unknown,Unknown,Unknown,Unknown,Unknown,Unknown,0.0,plamGFP,Unknown,MFG,True,0.964858402128646,3.2756929603651677,0.9015641835474232,0.0090977841603068,6.010277777777778
PMix_(AR-931)_QC_PURE_Timecourse-B8,B8,2026-01-05 00:00:00,PMix_(AR-931)_QC_PURE_Timecourse,AR-931 + AR-904,Sample,AR-931,1.8,AR-904,1.8,AR-895,AR-901,3.5,AR-931,5.9,1.2,10.0,3.0890052356020945,8.0,20.0,100.0,2.0,2.0,0.3,50.0,0.0,0.0,1.0,1.0,1.0,0.02,2.0,2000.0,Cytation5,1705168,ext,M,Unknown,Unknown,Unknown,Unknown,Unknown,Unknown,Unknown,Unknown,Unknown,Unknown,Unknown,Unknown,Unknown,Unknown,0.0,plamGFP,Unknown,MFG,True,1.0074873648915064,2.948934092096391,0.9904761253650852,0.0098294511072934,5.459863368353123
PMix_(AR-931)_QC_PURE_Timecourse-D10,D10,2026-01-05 00:00:00,PMix_(AR-931)_QC_PURE_Timecourse,Positive Control,Positive Control,NEB Sol B,1.8,NEB Sol B,1.8,NEB Sol A,NEB Sol B,3.5,AR-931,5.9,1.2,10.0,3.0890052356020945,8.0,20.0,100.0,2.0,2.0,0.3,50.0,0.0,0.0,1.0,1.0,1.0,0.02,2.0,2000.0,Cytation5,1705168,ext,M,NEB Sol A,NEB Sol A,NEB Sol A,NEB Sol A,NEB Sol A,NEB Sol A,NEB Sol A,NEB Sol A,NEB Sol A,NEB Sol A,NEB Sol A,NEB Sol A,NEB Sol A,NEB Sol A,0.0,plamGFP,Unknown,MFG,True,0.9908346098210647,2.186165810833639,1.2885538281049538,0.012358646477439,6.010277777777778
PMix_(AR-931)_QC_PURE_Timecourse-D2,D2,2026-01-05 00:00:00,PMix_(AR-931)_QC_PURE_Timecourse,AR-931 + AR-906,Sample,AR-931,1.8,AR-906,3.24,AR-895,AR-901,3.5,AR-931,5.9,1.2,10.0,3.0890052356020945,8.0,20.0,100.0,2.0,2.0,0.3,50.0,0.0,0.0,1.0,1.0,1.0,0.02,2.0,2000.0,Cytation5,1705168,ext,M,Unknown,Unknown,Unknown,Unknown,Unknown,Unknown,Unknown,Unknown,Unknown,Unknown,Unknown,Unknown,Unknown,Unknown,0.0,plamGFP,Unknown,MFG,True,1.004093649080909,3.979359021538797,0.8570355137742222,0.005801191022943,6.010277777777778
PMix_(AR-931)_QC_PURE_Timecourse-D6,D6,2026-01-05 00:00:00,PMix_(AR-931)_QC_PURE_Timecourse,AR-931 + AR-855,Sample,AR-931,1.8,AR-855,1.8,AR-895,AR-901,3.5,AR-931,5.9,1.2,10.0,3.0890052356020945,8.0,20.0,100.0,2.0,2.0,0.3,50.0,0.0,0.0,1.0,1.0,1.0,0.02,2.0,2000.0,Cytation5,1705168,ext,M,Unknown,Unknown,Unknown,Unknown,Unknown,Unknown,Unknown,Unknown,Unknown,Unknown,Unknown,Unknown,Unknown,Unknown,0.0,plamGFP,Unknown,MFG,True,0.9509432467845474,3.371054177632172,0.8962804985559915,0.0103757245960527,5.424879836250892
PMix_(AR-931)_QC_PURE_Timecourse-D8,D8,2026-01-05 00:00:00,PMix_(AR-931)_QC_PURE_Timecourse,AR-931 + AR-904,Sample,AR-931,1.8,AR-904,1.8,AR-895,AR-901,3.5,AR-931,5.9,1.2,10.0,3.0890052356020945,8.0,20.0,100.0,2.0,2.0,0.3,50.0,0.0,0.0,1.0,1.0,1.0,0.02,2.0,2000.0,Cytation5,1705168,ext,M,Unknown,Unknown,Unknown,Unknown,Unknown,Unknown,Unknown,Unknown,Unknown,Unknown,Unknown,Unknown,Unknown,Unknown,0.0,plamGFP,Unknown,MFG,True,1.057896687528485,2.9224662670923363,0.954064933401112,0.0122370606135973,6.010277777777778
PMix_(AR-931)_QC_PURE_Timecourse-F10,F10,2026-01-05 00:00:00,PMix_(AR-931)_QC_PURE_Timecourse,Positive Control,Positive Control,NEB Sol B,1.8,NEB Sol B,1.8,NEB Sol A,NEB Sol B,3.5,AR-931,5.9,1.2,10.0,3.0890052356020945,8.0,20.0,100.0,2.0,2.0,0.3,50.0,0.0,0.0,1.0,1.0,1.0,0.02,2.0,2000.0,Cytation5,1705168,ext,M,NEB Sol A,NEB Sol A,NEB Sol A,NEB Sol A,NEB Sol A,NEB Sol A,NEB Sol A,NEB Sol A,NEB Sol A,NEB Sol A,NEB Sol A,NEB Sol A,NEB Sol A,NEB Sol A,0.0,plamGFP,Unknown,MFG,True,0.916499602617335,2.1601147254915403,1.2933984155678986,0.0113250367937777,6.010277777777778
PMix_(AR-931)_QC_PURE_Timecourse-F2,F2,2026-01-05 00:00:00,PMix_(AR-931)_QC_PURE_Timecourse,AR-931 + AR-906,Sample,AR-931,1.8,AR-906,3.24,AR-895,AR-901,3.5,AR-931,5.9,1.2,10.0,3.0890052356020945,8.0,20.0,100.0,2.0,2.0,0.3,50.0,0.0,0.0,1.0,1.0,1.0,0.02,2.0,2000.0,Cytation5,1705168,ext,M,Unknown,Unknown,Unknown,Unknown,Unknown,Unknown,Unknown,Unknown,Unknown,Unknown,Unknown,Unknown,Unknown,Unknown,0.0,plamGFP,Unknown,MFG,True,1.0139981697300116,3.7794691633124504,0.8699287896001211,0.0065585995440331,6.010277777777778
PMix_(AR-931)_QC_PURE_Timecourse-F6,F6,2026-01-05 00:00:00,PMix_(AR-931)_QC_PURE_Timecourse,AR-931 + AR-855,Sample,AR-931,1.8,AR-855,1.8,AR-895,AR-901,3.5,AR-931,5.9,1.2,10.0,3.0890052356020945,8.0,20.0,100.0,2.0,2.0,0.3,50.0,0.0,0.0,1.0,1.0,1.0,0.02,2.0,2000.0,Cytation5,1705168,ext,M,Unknown,Unknown,Unknown,Unknown,Unknown,Unknown,Unknown,Unknown,Unknown,Unknown,Unknown,Unknown,Unknown,Unknown,0.0,plamGFP,Unknown,MFG,True,0.9556552669188734,3.199153454909787,0.8948431790326787,0.0096237628254589,6.010277777777778
PMix_(AR-931)_QC_PURE_Timecourse-F8,F8,2026-01-05 00:00:00,PMix_(AR-931)_QC_PURE_Timecourse,AR-931 + AR-904,Sample,AR-931,1.8,AR-904,1.8,AR-895,AR-901,3.5,AR-931,5.9,1.2,10.0,3.0890052356020945,8.0,20.0,100.0,2.0,2.0,0.3,50.0,0.0,0.0,1.0,1.0,1.0,0.02,2.0,2000.0,Cytation5,1705168,ext,M,Unknown,Unknown,Unknown,Unknown,Unknown,Unknown,Unknown,Unknown,Unknown,Unknown,Unknown,Unknown,Unknown,Unknown,0.0,plamGFP,Unknown,MFG,True,1.042433509015691,2.8839472545532985,0.9454457394308968,0.0127571727801375,6.010277777777778
PMix-MFG-128-PURE-Activity-QC-B2,B2,2026-01-27 00:00:00,PMix-MFG-128-PURE-Activity-QC,PMix AR-949 QC,Sample,AR-949,1.8,AR-904,1.8,AR-895,AR-901,3.5,AR-889,5.9,1.2,10.0,3.206521739130435,8.0,20.0,100.0,2.0,2.0,0.3,50.0,0.0,0.0,1.0,1.0,1.0,0.02,2.0,2000.0,Cytation5,1705168,ext,M,Unknown,Unknown,Unknown,Unknown,Unknown,Unknown,Unknown,Unknown,Unknown,Unknown,Unknown,Unknown,Unknown,Unknown,0.0,deGFP,Unknown,MFG,True,0.6536158757112447,3.5904386958362413,0.8648497374134024,0.0047181876320596,5.794730570292683
PMix-MFG-128-PURE-Activity-QC-B4,B4,2026-01-27 00:00:00,PMix-MFG-128-PURE-Activity-QC,PMix AR-950 QC,Sample,AR-950,1.8,AR-904,1.8,AR-895,AR-901,3.5,AR-889,5.9,1.2,10.0,3.206521739130435,8.0,20.0,100.0,2.0,2.0,0.3,50.0,0.0,0.0,1.0,1.0,1.0,0.02,2.0,2000.0,Cytation5,1705168,ext,M,Unknown,Unknown,Unknown,Unknown,Unknown,Unknown,Unknown,Unknown,Unknown,Unknown,Unknown,Unknown,Unknown,Unknown,0.0,deGFP,Unknown,MFG,True,0.344310790360971,5.246993030123146,0.7327350324324261,0.0009244866125155,4.249037957513162
PMix-MFG-128-PURE-Activity-QC-B8,B8,2026-01-27 00:00:00,PMix-MFG-128-PURE-Activity-QC,Positive Control,Positive Control,NEB Sol B,1.8,NEB Sol B,1.8,NEB Sol A,NEB Sol B,3.5,AR-931,5.9,1.2,10.0,3.0890052356020945,8.0,20.0,100.0,2.0,2.0,0.3,50.0,0.0,0.0,1.0,1.0,1.0,0.02,2.0,2000.0,Cytation5,1705168,ext,M,NEB Sol A,NEB Sol A,NEB Sol A,NEB Sol A,NEB Sol A,NEB Sol A,NEB Sol A,NEB Sol A,NEB Sol A,NEB Sol A,NEB Sol A,NEB Sol A,NEB Sol A,NEB Sol A,0.0,plamGFP,Unknown,MFG,True,0.8047758857017403,2.288153005938631,1.1734693468410649,0.0097937122433916,6.009166666666666
PMix-MFG-128-PURE-Activity-QC-D2,D2,2026-01-27 00:00:00,PMix-MFG-128-PURE-Activity-QC,PMix AR-949 QC,Sample,AR-949,1.8,AR-904,1.8,AR-895,AR-901,3.5,AR-889,5.9,1.2,10.0,3.206521739130435,8.0,20.0,100.0,2.0,2.0,0.3,50.0,0.0,0.0,1.0,1.0,1.0,0.02,2.0,2000.0,Cytation5,1705168,ext,M,Unknown,Unknown,Unknown,Unknown,Unknown,Unknown,Unknown,Unknown,Unknown,Unknown,Unknown,Unknown,Unknown,Unknown,0.0,deGFP,Unknown,MFG,True,0.7704003174753176,3.344864306840124,0.865296067735261,0.0071925133809692,6.009166666666666
PMix-MFG-128-PURE-Activity-QC-D4,D4,2026-01-27 00:00:00,PMix-MFG-128-PURE-Activity-QC,PMix AR-950 QC,Sample,AR-950,1.8,AR-904,1.8,AR-895,AR-901,3.5,AR-889,5.9,1.2,10.0,3.206521739130435,8.0,20.0,100.0,2.0,2.0,0.3,50.0,0.0,0.0,1.0,1.0,1.0,0.02,2.0,2000.0,Cytation5,1705168,ext,M,Unknown,Unknown,Unknown,Unknown,Unknown,Unknown,Unknown,Unknown,Unknown,Unknown,Unknown,Unknown,Unknown,Unknown,0.0,deGFP,Unknown,MFG,True,0.3768701661067756,5.461451755515534,0.7326829218139053,0.0004976490226623,4.256222913430848
PMix-MFG-128-PURE-Activity-QC-D8,D8,2026-01-27 00:00:00,PMix-MFG-128-PURE-Activity-QC,Positive Control,Positive Control,NEB Sol B,1.8,NEB Sol B,1.8,NEB Sol A,NEB Sol B,3.5,AR-931,5.9,1.2,10.0,3.0890052356020945,8.0,20.0,100.0,2.0,2.0,0.3,50.0,0.0,0.0,1.0,1.0,1.0,0.02,2.0,2000.0,Cytation5,1705168,ext,M,NEB Sol A,NEB Sol A,NEB Sol A,NEB Sol A,NEB Sol A,NEB Sol A,NEB Sol A,NEB Sol A,NEB Sol A,NEB Sol A,NEB Sol A,NEB Sol A,NEB Sol A,NEB Sol A,0.0,plamGFP,Unknown,MFG,True,0.7971387784472481,2.3107677259609334,1.1580454878254542,0.0098030635485218,6.009166666666666
PMix-MFG-128-PURE-Activity-QC-F2,F2,2026-01-27 00:00:00,PMix-MFG-128-PURE-Activity-QC,PMix AR-949 QC,Sample,AR-949,1.8,AR-904,1.8,AR-895,AR-901,3.5,AR-889,5.9,1.2,10.0,3.206521739130435,8.0,20.0,100.0,2.0,2.0,0.3,50.0,0.0,0.0,1.0,1.0,1.0,0.02,2.0,2000.0,Cytation5,1705168,ext,M,Unknown,Unknown,Unknown,Unknown,Unknown,Unknown,Unknown,Unknown,Unknown,Unknown,Unknown,Unknown,Unknown,Unknown,0.0,deGFP,Unknown,MFG,True,0.7448496683783405,3.1024535577786363,0.8788094072460964,0.0085705077855385,6.009166666666666
PMix-MFG-128-PURE-Activity-QC-F4,F4,2026-01-27 00:00:00,PMix-MFG-128-PURE-Activity-QC,PMix AR-950 QC,Sample,AR-950,1.8,AR-904,1.8,AR-895,AR-901,3.5,AR-889,5.9,1.2,10.0,3.206521739130435,8.0,20.0,100.0,2.0,2.0,0.3,50.0,0.0,0.0,1.0,1.0,1.0,0.02,2.0,2000.0,Cytation5,1705168,ext,M,Unknown,Unknown,Unknown,Unknown,Unknown,Unknown,Unknown,Unknown,Unknown,Unknown,Unknown,Unknown,Unknown,Unknown,0.0,deGFP,Unknown,MFG,True,0.4144361928057119,5.083091812429022,0.7679099000341687,0.000664829251474,4.288898686948434
PMix-MFG-128-PURE-Activity-QC-F8,F8,2026-01-27 00:00:00,PMix-MFG-128-PURE-Activity-QC,Positive Control,Positive Control,NEB Sol B,1.8,NEB Sol B,1.8,NEB Sol A,NEB Sol B,3.5,AR-931,5.9,1.2,10.0,3.0890052356020945,8.0,20.0,100.0,2.0,2.0,0.3,50.0,0.0,0.0,1.0,1.0,1.0,0.02,2.0,2000.0,Cytation5,1705168,ext,M,NEB Sol A,NEB Sol A,NEB Sol A,NEB Sol A,NEB Sol A,NEB Sol A,NEB Sol A,NEB Sol A,NEB Sol A,NEB Sol A,NEB Sol A,NEB Sol A,NEB Sol A,NEB Sol A,0.0,plamGFP,Unknown,MFG,True,0.7707555443058495,2.302234620500036,1.1418568788858536,0.0096352786037028,6.009166666666666
MFG-129-tRNA-PURE-Activity-QC-B10,B10,2026-01-30 00:00:00,MFG-129-tRNA-PURE-Activity-QC,AR-955 tRNA QC,Sample,AR-931,1.8,AR-904,1.8,AR-895,AR-955,3.5,AR-889,5.9,1.2,10.0,3.206521739130435,8.0,20.0,100.0,2.0,2.0,0.3,50.0,0.0,0.0,1.0,1.0,1.0,0.02,2.0,2000.0,Cytation5,1705168,ext,M,Unknown,Unknown,Unknown,Unknown,Unknown,Unknown,Unknown,Unknown,Unknown,Unknown,Unknown,Unknown,Unknown,Unknown,0.0,deGFP,Unknown,MFG,True,0.6082620055890379,3.3429164931786515,0.7741229548605062,0.0051080424368137,4.155096591821642
MFG-129-tRNA-PURE-Activity-QC-B12,B12,2026-01-30 00:00:00,MFG-129-tRNA-PURE-Activity-QC,AR-956 tRNA QC,Sample,AR-931,1.8,AR-904,1.8,AR-895,AR-956,3.5,AR-889,5.9,1.2,10.0,3.206521739130435,8.0,20.0,100.0,2.0,2.0,0.3,50.0,0.0,0.0,1.0,1.0,1.0,0.02,2.0,2000.0,Cytation5,1705168,ext,M,Unknown,Unknown,Unknown,Unknown,Unknown,Unknown,Unknown,Unknown,Unknown,Unknown,Unknown,Unknown,Unknown,Unknown,0.0,deGFP,Unknown,MFG,True,0.6764136250904871,3.2651523538852434,0.7553607029113719,0.0061642699827486,6.015555555555555
MFG-129-tRNA-PURE-Activity-QC-B14,B14,2026-01-30 00:00:00,MFG-129-tRNA-PURE-Activity-QC,AR-957 tRNA QC,Sample,AR-931,1.8,AR-904,1.8,AR-895,AR-957,3.5,AR-889,5.9,1.2,10.0,3.206521739130435,8.0,20.0,100.0,2.0,2.0,0.3,50.0,0.0,0.0,1.0,1.0,1.0,0.02,2.0,2000.0,Cytation5,1705168,ext,M,Unknown,Unknown,Unknown,Unknown,Unknown,Unknown,Unknown,Unknown,Unknown,Unknown,Unknown,Unknown,Unknown,Unknown,0.0,deGFP,Unknown,MFG,True,0.7303871078752215,3.3129746756937193,0.7661163989761243,0.0066254444928464,6.015555555555555
MFG-129-tRNA-PURE-Activity-QC-B18,B18,2026-01-30 00:00:00,MFG-129-tRNA-PURE-Activity-QC,Positive Control,Positive Control,NEB Sol B,1.8,NEB Sol B,1.8,NEB Sol A,NEB Sol B,3.5,AR-931,5.9,1.2,10.0,3.0890052356020945,8.0,20.0,100.0,2.0,2.0,0.3,50.0,0.0,0.0,1.0,1.0,1.0,0.02,2.0,2000.0,Cytation5,1705168,ext,M,NEB Sol A,NEB Sol A,NEB Sol A,NEB Sol A,NEB Sol A,NEB Sol A,NEB Sol A,NEB Sol A,NEB Sol A,NEB Sol A,NEB Sol A,NEB Sol A,NEB Sol A,NEB Sol A,0.0,plamGFP,Unknown,MFG,True,0.7554107207761069,2.2073233317795524,1.0472818127181684,0.0102517735721498,6.015555555555555
MFG-129-tRNA-PURE-Activity-QC-D10,D10,2026-01-30 00:00:00,MFG-129-tRNA-PURE-Activity-QC,AR-955 tRNA QC,Sample,AR-931,1.8,AR-904,1.8,AR-895,AR-955,3.5,AR-889,5.9,1.2,10.0,3.206521739130435,8.0,20.0,100.0,2.0,2.0,0.3,50.0,0.0,0.0,1.0,1.0,1.0,0.02,2.0,2000.0,Cytation5,1705168,ext,M,Unknown,Unknown,Unknown,Unknown,Unknown,Unknown,Unknown,Unknown,Unknown,Unknown,Unknown,Unknown,Unknown,Unknown,0.0,deGFP,Unknown,MFG,True,0.5814518987569068,3.29380253864892,0.7461286389068428,0.0052544498932635,6.015555555555555
MFG-129-tRNA-PURE-Activity-QC-D12,D12,2026-01-30 00:00:00,MFG-129-tRNA-PURE-Activity-QC,AR-956 tRNA QC,Sample,AR-931,1.8,AR-904,1.8,AR-895,AR-956,3.5,AR-889,5.9,1.2,10.0,3.206521739130435,8.0,20.0,100.0,2.0,2.0,0.3,50.0,0.0,0.0,1.0,1.0,1.0,0.02,2.0,2000.0,Cytation5,1705168,ext,M,Unknown,Unknown,Unknown,Unknown,Unknown,Unknown,Unknown,Unknown,Unknown,Unknown,Unknown,Unknown,Unknown,Unknown,0.0,deGFP,Unknown,MFG,True,0.6156044428219626,3.272889103974361,0.7451980365058568,0.0059845503527167,6.015555555555555
MFG-129-tRNA-PURE-Activity-QC-D14,D14,2026-01-30 00:00:00,MFG-129-tRNA-PURE-Activity-QC,AR-957 tRNA QC,Sample,AR-931,1.8,AR-904,1.8,AR-895,AR-957,3.5,AR-889,5.9,1.2,10.0,3.206521739130435,8.0,20.0,100.0,2.0,2.0,0.3,50.0,0.0,0.0,1.0,1.0,1.0,0.02,2.0,2000.0,Cytation5,1705168,ext,M,Unknown,Unknown,Unknown,Unknown,Unknown,Unknown,Unknown,Unknown,Unknown,Unknown,Unknown,Unknown,Unknown,Unknown,0.0,deGFP,Unknown,MFG,True,0.697119640909986,3.348459278115371,0.7456164196319145,0.0069197205576269,6.015555555555555
MFG-129-tRNA-PURE-Activity-QC-D18,D18,2026-01-30 00:00:00,MFG-129-tRNA-PURE-Activity-QC,Positive Control,Positive Control,NEB Sol B,1.8,NEB Sol B,1.8,NEB Sol A,NEB Sol B,3.5,AR-931,5.9,1.2,10.0,3.0890052356020945,8.0,20.0,100.0,2.0,2.0,0.3,50.0,0.0,0.0,1.0,1.0,1.0,0.02,2.0,2000.0,Cytation5,1705168,ext,M,NEB Sol A,NEB Sol A,NEB Sol A,NEB Sol A,NEB Sol A,NEB Sol A,NEB Sol A,NEB Sol A,NEB Sol A,NEB Sol A,NEB Sol A,NEB Sol A,NEB Sol A,NEB Sol A,0.0,plamGFP,Unknown,MFG,True,0.7897440934721611,2.2486267010503673,1.0215133209406726,0.0104427220098848,6.015555555555555
MFG-129-tRNA-PURE-Activity-QC-F10,F10,2026-01-30 00:00:00,MFG-129-tRNA-PURE-Activity-QC,AR-955 tRNA QC,Sample,AR-931,1.8,AR-904,1.8,AR-895,AR-955,3.5,AR-889,5.9,1.2,10.0,3.206521739130435,8.0,20.0,100.0,2.0,2.0,0.3,50.0,0.0,0.0,1.0,1.0,1.0,0.02,2.0,2000.0,Cytation5,1705168,ext,M,Unknown,Unknown,Unknown,Unknown,Unknown,Unknown,Unknown,Unknown,Unknown,Unknown,Unknown,Unknown,Unknown,Unknown,0.0,deGFP,Unknown,MFG,True,0.5604514382877187,3.4743917406838856,0.7381044795598712,0.0045802696345941,4.179738092235055
MFG-129-tRNA-PURE-Activity-QC-F12,F12,2026-01-30 00:00:00,MFG-129-tRNA-PURE-Activity-QC,AR-956 tRNA QC,Sample,AR-931,1.8,AR-904,1.8,AR-895,AR-956,3.5,AR-889,5.9,1.2,10.0,3.206521739130435,8.0,20.0,100.0,2.0,2.0,0.3,50.0,0.0,0.0,1.0,1.0,1.0,0.02,2.0,2000.0,Cytation5,1705168,ext,M,Unknown,Unknown,Unknown,Unknown,Unknown,Unknown,Unknown,Unknown,Unknown,Unknown,Unknown,Unknown,Unknown,Unknown,0.0,deGFP,Unknown,MFG,True,0.624902551787562,3.3978929293914084,0.7280616329458914,0.0056545813287159,6.015555555555555
MFG-129-tRNA-PURE-Activity-QC-F14,F14,2026-01-30 00:00:00,MFG-129-tRNA-PURE-Activity-QC,AR-957 tRNA QC,Sample,AR-931,1.8,AR-904,1.8,AR-895,AR-957,3.5,AR-889,5.9,1.2,10.0,3.206521739130435,8.0,20.0,100.0,2.0,2.0,0.3,50.0,0.0,0.0,1.0,1.0,1.0,0.02,2.0,2000.0,Cytation5,1705168,ext,M,Unknown,Unknown,Unknown,Unknown,Unknown,Unknown,Unknown,Unknown,Unknown,Unknown,Unknown,Unknown,Unknown,Unknown,0.0,deGFP,Unknown,MFG,True,0.6567677734294662,3.4682163200279965,0.7190144358553969,0.0063612029709157,6.015555555555555
MFG-129-tRNA-PURE-Activity-QC-F18,F18,2026-01-30 00:00:00,MFG-129-tRNA-PURE-Activity-QC,Positive Control,Positive Control,NEB Sol B,1.8,NEB Sol B,1.8,NEB Sol A,NEB Sol B,3.5,AR-931,5.9,1.2,10.0,3.0890052356020945,8.0,20.0,100.0,2.0,2.0,0.3,50.0,0.0,0.0,1.0,1.0,1.0,0.02,2.0,2000.0,Cytation5,1705168,ext,M,NEB Sol A,NEB Sol A,NEB Sol A,NEB Sol A,NEB Sol A,NEB Sol A,NEB Sol A,NEB Sol A,NEB Sol A,NEB Sol A,NEB Sol A,NEB Sol A,NEB Sol A,NEB Sol A,0.0,plamGFP,Unknown,MFG,True,0.7456581785923381,2.2220924661919494,1.012149126084368,0.0095192573060834,5.495331001348169
MFG-132-Ribosome-PURE-Activity-QC-B18,B18,2026-01-30 00:00:00,MFG-132-Ribosome-PURE-Activity-QC,Positive Control,Positive Control,NEB Sol B,1.8,NEB Sol B,1.8,NEB Sol A,NEB Sol B,3.5,AR-931,5.9,1.2,10.0,3.0890052356020945,8.0,20.0,100.0,2.0,2.0,0.3,50.0,0.0,0.0,1.0,1.0,1.0,0.02,2.0,2000.0,Cytation5,1705168,ext,M,NEB Sol A,NEB Sol A,NEB Sol A,NEB Sol A,NEB Sol A,NEB Sol A,NEB Sol A,NEB Sol A,NEB Sol A,NEB Sol A,NEB Sol A,NEB Sol A,NEB Sol A,NEB Sol A,0.0,plamGFP,Unknown,MFG,True,0.7554107207761069,2.2073233317795524,1.0472818127181684,0.0102517735721498,6.015555555555555
MFG-132-Ribosome-PURE-Activity-QC-B2,B2,2026-01-30 00:00:00,MFG-132-Ribosome-PURE-Activity-QC,Ribosome-AR-964-QC,Sample,AR-931,1.8,AR-964,1.8,AR-895,AR-901,3.5,AR-889,5.9,1.2,10.0,3.206521739130435,8.0,20.0,100.0,2.0,2.0,0.3,50.0,0.0,0.0,1.0,1.0,1.0,0.02,2.0,2000.0,Cytation5,1705168,ext,M,Unknown,Unknown,Unknown,Unknown,Unknown,Unknown,Unknown,Unknown,Unknown,Unknown,Unknown,Unknown,Unknown,Unknown,0.0,deGFP,Unknown,MFG,True,0.6395606475034207,3.438404098311987,0.7556552205043922,0.004535828811507,6.015555555555555
MFG-132-Ribosome-PURE-Activity-QC-B4,B4,2026-01-30 00:00:00,MFG-132-Ribosome-PURE-Activity-QC,Ribosome-AR-965-QC,Sample,AR-931,1.8,AR-965,1.8,AR-895,AR-901,3.5,AR-889,5.9,1.2,10.0,3.206521739130435,8.0,20.0,100.0,2.0,2.0,0.3,50.0,0.0,0.0,1.0,1.0,1.0,0.02,2.0,2000.0,Cytation5,1705168,ext,M,Unknown,Unknown,Unknown,Unknown,Unknown,Unknown,Unknown,Unknown,Unknown,Unknown,Unknown,Unknown,Unknown,Unknown,0.0,deGFP,Unknown,MFG,True,0.7260710593774373,3.3460238976547427,0.7375629622106284,0.0068005667488519,6.015555555555555
MFG-132-Ribosome-PURE-Activity-QC-B6,B6,2026-01-30 00:00:00,MFG-132-Ribosome-PURE-Activity-QC,Ribosome-AR-966-QC,Sample,AR-931,1.8,AR-966,1.8,AR-895,AR-901,3.5,AR-889,5.9,1.2,10.0,3.206521739130435,8.0,20.0,100.0,2.0,2.0,0.3,50.0,0.0,0.0,1.0,1.0,1.0,0.02,2.0,2000.0,Cytation5,1705168,ext,M,Unknown,Unknown,Unknown,Unknown,Unknown,Unknown,Unknown,Unknown,Unknown,Unknown,Unknown,Unknown,Unknown,Unknown,0.0,deGFP,Unknown,MFG,True,0.5111091848005339,4.421617626556806,0.5857827987825825,0.0035963505710899,6.015555555555555
MFG-132-Ribosome-PURE-Activity-QC-D18,D18,2026-01-30 00:00:00,MFG-132-Ribosome-PURE-Activity-QC,Positive Control,Positive Control,NEB Sol B,1.8,NEB Sol B,1.8,NEB Sol A,NEB Sol B,3.5,AR-931,5.9,1.2,10.0,3.0890052356020945,8.0,20.0,100.0,2.0,2.0,0.3,50.0,0.0,0.0,1.0,1.0,1.0,0.02,2.0,2000.0,Cytation5,1705168,ext,M,NEB Sol A,NEB Sol A,NEB Sol A,NEB Sol A,NEB Sol A,NEB Sol A,NEB Sol A,NEB Sol A,NEB Sol A,NEB Sol A,NEB Sol A,NEB Sol A,NEB Sol A,NEB Sol A,0.0,plamGFP,Unknown,MFG,True,0.7897440934721611,2.2486267010503673,1.0215133209406726,0.0104427220098848,6.015555555555555
MFG-132-Ribosome-PURE-Activity-QC-D2,D2,2026-01-30 00:00:00,MFG-132-Ribosome-PURE-Activity-QC,Ribosome-AR-964-QC,Sample,AR-931,1.8,AR-964,1.8,AR-895,AR-901,3.5,AR-889,5.9,1.2,10.0,3.206521739130435,8.0,20.0,100.0,2.0,2.0,0.3,50.0,0.0,0.0,1.0,1.0,1.0,0.02,2.0,2000.0,Cytation5,1705168,ext,M,Unknown,Unknown,Unknown,Unknown,Unknown,Unknown,Unknown,Unknown,Unknown,Unknown,Unknown,Unknown,Unknown,Unknown,0.0,deGFP,Unknown,MFG,True,0.7339399929462916,3.3605049460947245,0.7362799988261419,0.0065292837454381,6.015555555555555
MFG-132-Ribosome-PURE-Activity-QC-D4,D4,2026-01-30 00:00:00,MFG-132-Ribosome-PURE-Activity-QC,Ribosome-AR-965-QC,Sample,AR-931,1.8,AR-965,1.8,AR-895,AR-901,3.5,AR-889,5.9,1.2,10.0,3.206521739130435,8.0,20.0,100.0,2.0,2.0,0.3,50.0,0.0,0.0,1.0,1.0,1.0,0.02,2.0,2000.0,Cytation5,1705168,ext,M,Unknown,Unknown,Unknown,Unknown,Unknown,Unknown,Unknown,Unknown,Unknown,Unknown,Unknown,Unknown,Unknown,Unknown,0.0,deGFP,Unknown,MFG,True,0.7783257028975348,3.341727641234957,0.7264841538836567,0.0068307085772167,6.015555555555555
MFG-132-Ribosome-PURE-Activity-QC-D6,D6,2026-01-30 00:00:00,MFG-132-Ribosome-PURE-Activity-QC,Ribosome-AR-966-QC,Sample,AR-931,1.8,AR-966,1.8,AR-895,AR-901,3.5,AR-889,5.9,1.2,10.0,3.206521739130435,8.0,20.0,100.0,2.0,2.0,0.3,50.0,0.0,0.0,1.0,1.0,1.0,0.02,2.0,2000.0,Cytation5,1705168,ext,M,Unknown,Unknown,Unknown,Unknown,Unknown,Unknown,Unknown,Unknown,Unknown,Unknown,Unknown,Unknown,Unknown,Unknown,0.0,deGFP,Unknown,MFG,True,0.4937523927191991,4.346037857914847,0.5847650090086262,0.0036309600508363,6.015555555555555
MFG-132-Ribosome-PURE-Activity-QC-F18,F18,2026-01-30 00:00:00,MFG-132-Ribosome-PURE-Activity-QC,Positive Control,Positive Control,NEB Sol B,1.8,NEB Sol B,1.8,NEB Sol A,NEB Sol B,3.5,AR-931,5.9,1.2,10.0,3.0890052356020945,8.0,20.0,100.0,2.0,2.0,0.3,50.0,0.0,0.0,1.0,1.0,1.0,0.02,2.0,2000.0,Cytation5,1705168,ext,M,NEB Sol A,NEB Sol A,NEB Sol A,NEB Sol A,NEB Sol A,NEB Sol A,NEB Sol A,NEB Sol A,NEB Sol A,NEB Sol A,NEB Sol A,NEB Sol A,NEB Sol A,NEB Sol A,0.0,plamGFP,Unknown,MFG,True,0.7456581785923381,2.2220924661919494,1.012149126084368,0.0095192573060834,5.495331001348169
MFG-132-Ribosome-PURE-Activity-QC-F2,F2,2026-01-30 00:00:00,MFG-132-Ribosome-PURE-Activity-QC,Ribosome-AR-964-QC,Sample,AR-931,1.8,AR-964,1.8,AR-895,AR-901,3.5,AR-889,5.9,1.2,10.0,3.206521739130435,8.0,20.0,100.0,2.0,2.0,0.3,50.0,0.0,0.0,1.0,1.0,1.0,0.02,2.0,2000.0,Cytation5,1705168,ext,M,Unknown,Unknown,Unknown,Unknown,Unknown,Unknown,Unknown,Unknown,Unknown,Unknown,Unknown,Unknown,Unknown,Unknown,0.0,deGFP,Unknown,MFG,True,0.7553461826576062,3.505708033035323,0.735469197159964,0.0050509671711725,5.545309940439288
MFG-132-Ribosome-PURE-Activity-QC-F4,F4,2026-01-30 00:00:00,MFG-132-Ribosome-PURE-Activity-QC,Ribosome-AR-965-QC,Sample,AR-931,1.8,AR-965,1.8,AR-895,AR-901,3.5,AR-889,5.9,1.2,10.0,3.206521739130435,8.0,20.0,100.0,2.0,2.0,0.3,50.0,0.0,0.0,1.0,1.0,1.0,0.02,2.0,2000.0,Cytation5,1705168,ext,M,Unknown,Unknown,Unknown,Unknown,Unknown,Unknown,Unknown,Unknown,Unknown,Unknown,Unknown,Unknown,Unknown,Unknown,0.0,deGFP,Unknown,MFG,True,0.7000367685312163,3.3540099314207388,0.7229958702620701,0.0062031278381474,6.015555555555555
MFG-132-Ribosome-PURE-Activity-QC-F6,F6,2026-01-30 00:00:00,MFG-132-Ribosome-PURE-Activity-QC,Ribosome-AR-966-QC,Sample,AR-931,1.8,AR-966,1.8,AR-895,AR-901,3.5,AR-889,5.9,1.2,10.0,3.206521739130435,8.0,20.0,100.0,2.0,2.0,0.3,50.0,0.0,0.0,1.0,1.0,1.0,0.02,2.0,2000.0,Cytation5,1705168,ext,M,Unknown,Unknown,Unknown,Unknown,Unknown,Unknown,Unknown,Unknown,Unknown,Unknown,Unknown,Unknown,Unknown,Unknown,0.0,deGFP,Unknown,MFG,True,0.4338882137348507,4.200292296669105,0.6253136781807055,0.0021266064351614,4.231175693011677
Ribosome-MFG-147-AR-1011-1012-Activity-Assay-B12,B12,2026-02-25 00:00:00,Ribosome-MFG-147-AR-1011-1012-Activity-Assay,Positive Control,Positive Control,NEB Sol B,1.8,NEB Sol B,1.8,NEB Sol A,NEB Sol B,3.5,SH pT7-deGFP,5.55,3.0,10.0,3.016304347826087,8.0,20.0,100.0,2.0,2.0,0.3,50.0,0.0,0.0,1.0,1.0,1.0,0.02,2.0,2000.0,Cytation5,1705168,ext,M,NEB Sol A,NEB Sol A,NEB Sol A,NEB Sol A,NEB Sol A,NEB Sol A,NEB Sol A,NEB Sol A,NEB Sol A,NEB Sol A,NEB Sol A,NEB Sol A,NEB Sol A,NEB Sol A,0.0,deGFP,Unknown,MFG,True,1.4049551796722646,2.886901847107285,0.9728096461229176,0.0126381078302667,6.011666666666667
Ribosome-MFG-147-AR-1011-1012-Activity-Assay-B6,B6,2026-02-25 00:00:00,Ribosome-MFG-147-AR-1011-1012-Activity-Assay,Ribosome AR-1011,Sample,AR-975,1.8,AR-1011,1.8,AR-976,AR-957,3.5,SH pT7-deGFP,5.55,1.2,10.0,3.016304347826087,8.0,20.0,100.0,2.0,2.0,0.3,50.0,0.0,0.0,1.0,1.0,1.0,0.02,2.0,2000.0,Cytation5,1705168,ext,M,Unknown,Unknown,Unknown,Unknown,Unknown,Unknown,Unknown,Unknown,Unknown,Unknown,Unknown,Unknown,Unknown,Unknown,0.0,deGFP,Unknown,MFG,True,1.1677451848552078,3.7830263776738167,0.7250447272583627,0.0102927940377341,5.751223106999998
Ribosome-MFG-147-AR-1011-1012-Activity-Assay-B8,B8,2026-02-25 00:00:00,Ribosome-MFG-147-AR-1011-1012-Activity-Assay,Ribosome AR-1012,Sample,AR-975,1.8,AR-1011,1.8,AR-976,AR-957,3.5,SH pT7-deGFP,5.55,1.2,10.0,3.016304347826087,8.0,20.0,100.0,2.0,2.0,0.3,50.0,0.0,0.0,1.0,1.0,1.0,0.02,2.0,2000.0,Cytation5,1705168,ext,M,Unknown,Unknown,Unknown,Unknown,Unknown,Unknown,Unknown,Unknown,Unknown,Unknown,Unknown,Unknown,Unknown,Unknown,0.0,deGFP,Unknown,MFG,True,1.1692473307547704,3.733714239870944,0.7337149794375284,0.0110472249444456,6.011666666666667
Ribosome-MFG-147-AR-1011-1012-Activity-Assay-D12,D12,2026-02-25 00:00:00,Ribosome-MFG-147-AR-1011-1012-Activity-Assay,Positive Control,Positive Control,NEB Sol B,1.8,NEB Sol B,1.8,NEB Sol A,NEB Sol B,3.5,SH pT7-deGFP,5.55,3.0,10.0,3.016304347826087,8.0,20.0,100.0,2.0,2.0,0.3,50.0,0.0,0.0,1.0,1.0,1.0,0.02,2.0,2000.0,Cytation5,1705168,ext,M,NEB Sol A,NEB Sol A,NEB Sol A,NEB Sol A,NEB Sol A,NEB Sol A,NEB Sol A,NEB Sol A,NEB Sol A,NEB Sol A,NEB Sol A,NEB Sol A,NEB Sol A,NEB Sol A,0.0,deGFP,Unknown,MFG,True,1.410627930373101,2.7632743811670646,0.9687161273033752,0.0156596245103693,5.782768605328859
Ribosome-MFG-147-AR-1011-1012-Activity-Assay-D6,D6,2026-02-25 00:00:00,Ribosome-MFG-147-AR-1011-1012-Activity-Assay,Ribosome AR-1011,Sample,AR-975,1.8,AR-1011,1.8,AR-976,AR-957,3.5,SH pT7-deGFP,5.55,1.2,10.0,3.016304347826087,8.0,20.0,100.0,2.0,2.0,0.3,50.0,0.0,0.0,1.0,1.0,1.0,0.02,2.0,2000.0,Cytation5,1705168,ext,M,Unknown,Unknown,Unknown,Unknown,Unknown,Unknown,Unknown,Unknown,Unknown,Unknown,Unknown,Unknown,Unknown,Unknown,0.0,deGFP,Unknown,MFG,True,1.1874429974586442,4.050942015004505,0.7135903857564013,0.0092810294614364,6.011666666666667
Ribosome-MFG-147-AR-1011-1012-Activity-Assay-D8,D8,2026-02-25 00:00:00,Ribosome-MFG-147-AR-1011-1012-Activity-Assay,Ribosome AR-1012,Sample,AR-975,1.8,AR-1011,1.8,AR-976,AR-957,3.5,SH pT7-deGFP,5.55,1.2,10.0,3.016304347826087,8.0,20.0,100.0,2.0,2.0,0.3,50.0,0.0,0.0,1.0,1.0,1.0,0.02,2.0,2000.0,Cytation5,1705168,ext,M,Unknown,Unknown,Unknown,Unknown,Unknown,Unknown,Unknown,Unknown,Unknown,Unknown,Unknown,Unknown,Unknown,Unknown,0.0,deGFP,Unknown,MFG,True,1.1294385471323725,3.6551963085956247,0.7398542072625305,0.0112611463130212,6.011666666666667
Ribosome-MFG-147-AR-1011-1012-Activity-Assay-F12,F12,2026-02-25 00:00:00,Ribosome-MFG-147-AR-1011-1012-Activity-Assay,Positive Control,Positive Control,NEB Sol B,1.8,NEB Sol B,1.8,NEB Sol A,NEB Sol B,3.5,SH pT7-deGFP,5.55,3.0,10.0,3.016304347826087,8.0,20.0,100.0,2.0,2.0,0.3,50.0,0.0,0.0,1.0,1.0,1.0,0.02,2.0,2000.0,Cytation5,1705168,ext,M,NEB Sol A,NEB Sol A,NEB Sol A,NEB Sol A,NEB Sol A,NEB Sol A,NEB Sol A,NEB Sol A,NEB Sol A,NEB Sol A,NEB Sol A,NEB Sol A,NEB Sol A,NEB Sol A,0.0,deGFP,Unknown,MFG,True,1.205017129163954,2.516083181120118,1.0095158500240229,0.0150308736926898,6.011666666666667
Ribosome-MFG-147-AR-1011-1012-Activity-Assay-F6,F6,2026-02-25 00:00:00,Ribosome-MFG-147-AR-1011-1012-Activity-Assay,Ribosome AR-1011,Sample,AR-975,1.8,AR-1011,1.8,AR-976,AR-957,3.5,SH pT7-deGFP,5.55,1.2,10.0,3.016304347826087,8.0,20.0,100.0,2.0,2.0,0.3,50.0,0.0,0.0,1.0,1.0,1.0,0.02,2.0,2000.0,Cytation5,1705168,ext,M,Unknown,Unknown,Unknown,Unknown,Unknown,Unknown,Unknown,Unknown,Unknown,Unknown,Unknown,Unknown,Unknown,Unknown,0.0,deGFP,Unknown,MFG,True,1.1542680533169072,3.826140676413257,0.7204042234706357,0.0104673526248697,6.011666666666667
Ribosome-MFG-147-AR-1011-1012-Activity-Assay-F8,F8,2026-02-25 00:00:00,Ribosome-MFG-147-AR-1011-1012-Activity-Assay,Ribosome AR-1012,Sample,AR-975,1.8,AR-1011,1.8,AR-976,AR-957,3.5,SH pT7-deGFP,5.55,1.2,10.0,3.016304347826087,8.0,20.0,100.0,2.0,2.0,0.3,50.0,0.0,0.0,1.0,1.0,1.0,0.02,2.0,2000.0,Cytation5,1705168,ext,M,Unknown,Unknown,Unknown,Unknown,Unknown,Unknown,Unknown,Unknown,Unknown,Unknown,Unknown,Unknown,Unknown,Unknown,0.0,deGFP,Unknown,MFG,True,1.1503035408986146,3.4555354011230763,0.7458576063244374,0.0128234438378585,6.011666666666667
20260309-DiscoveryPlate-R1-G10,G10,2026-03-09 00:00:00,20260309-DiscoveryPlate-R1,DiscoveryPlate-R1-G10,Sample,AR-975,1.950000051,AR-905,1.799999951,20260309-DiscoveryPlate-R1-SMS,AR-902,3.5,AR-854,0.0,0.0,10.0,2.996187423,24.969,100.0,60.0,2.0,2.0,0.3,50.0,0.0,0.0,1.0,1.0,1.0,0.02,2.0,2000.000003,Cytation5,1705168.0,ext,M,AR-977,AR-954,AR-953,AR-970,AR-971,AR-972,AR-973,AR-702,Unknown,AR-959,AR-967,AR-969,Unknown,Unknown,0.0,deGFP,Unknown,Labcraft,True,0.0152440525813834,3.976068717962921,0.9215366815494423,0.0001027596626636,4.21111347462088
20260309-DiscoveryPlate-R1-G11,G11,2026-03-09 00:00:00,20260309-DiscoveryPlate-R1,DiscoveryPlate-R1-G11,Sample,AR-975,1.950000051,AR-905,1.799999951,20260309-DiscoveryPlate-R1-SMS,AR-902,3.5,AR-854,0.0,0.0,10.0,2.996187423,12.469,49.0,72.5,2.0,2.0,0.3,50.0,0.0,0.0,1.0,1.0,1.0,0.02,2.0,2000.000003,Cytation5,1705168.0,ext,M,AR-977,AR-954,AR-953,AR-970,AR-971,AR-972,AR-973,AR-702,Unknown,AR-959,AR-967,AR-969,Unknown,Unknown,0.0,deGFP,Unknown,Labcraft,True,0.0216995899368362,3.7155646202150328,0.7676288823068954,0.0005720781182827,4.1902243381258115
20260309-DiscoveryPlate-R1-G12,G12,2026-03-09 00:00:00,20260309-DiscoveryPlate-R1,DiscoveryPlate-R1-G12,Sample,AR-975,1.950000051,AR-905,1.799999951,20260309-DiscoveryPlate-R1-SMS,AR-902,3.5,AR-854,0.0,0.0,10.0,2.996187423,14.969,20.0,140.0,2.0,2.0,0.3,50.0,0.0,0.0,1.0,1.0,1.0,0.02,2.0,2000.000003,Cytation5,1705168.0,ext,M,AR-977,AR-954,AR-953,AR-970,AR-971,AR-972,AR-973,AR-702,Unknown,AR-959,AR-967,AR-969,Unknown,Unknown,0.0,deGFP,Unknown,Labcraft,True,0.6355038476490915,3.2030241493597034,1.1060826802559782,0.0036730373136485,6.006388888888889
20260309-DiscoveryPlate-R1-G13,G13,2026-03-09 00:00:00,20260309-DiscoveryPlate-R1,DiscoveryPlate-R1-G13,Sample,AR-975,1.555191326,AR-905,1.799999951,20260309-DiscoveryPlate-R1-SMS,AR-902,3.5,AR-854,0.0,0.0,10.0,1.00000002,17.469,100.0,175.0,2.0,2.0,0.3,50.0,0.0,0.0,1.0,1.0,1.0,0.02,2.0,2000.000003,Cytation5,1705168.0,ext,M,AR-977,AR-954,AR-953,AR-970,AR-971,AR-972,AR-973,AR-702,Unknown,AR-959,AR-967,AR-969,Unknown,Unknown,0.0,deGFP,Unknown,Labcraft,False,0.0005240625418927,,,,
20260309-DiscoveryPlate-R1-G14,G14,2026-03-09 00:00:00,20260309-DiscoveryPlate-R1,DiscoveryPlate-R1-G14,Sample,AR-975,1.763142289,AR-905,1.799999951,20260309-DiscoveryPlate-R1-SMS,AR-902,3.5,AR-854,0.0,0.0,10.0,1.00000002,4.969,0.0,62.5,2.0,2.0,0.3,50.0,0.0,0.0,1.0,1.0,1.0,0.02,2.0,2000.000003,Cytation5,1705168.0,ext,M,AR-977,AR-954,AR-953,AR-970,AR-971,AR-972,AR-973,AR-702,Unknown,AR-959,AR-967,AR-969,Unknown,Unknown,0.0,deGFP,Unknown,Labcraft,True,0.0119792917341848,3.434096235814502,0.7551252080228962,9.219768806543386e-05,4.163042152314052
20260309-DiscoveryPlate-R1-G15,G15,2026-03-09 00:00:00,20260309-DiscoveryPlate-R1,DiscoveryPlate-R1-G15,Sample,AR-975,1.828292141,AR-905,1.799999951,20260309-DiscoveryPlate-R1-SMS,AR-902,3.5,AR-854,0.0,0.0,10.0,5.000000045,14.969,20.0,140.0,2.0,2.0,0.3,50.0,0.0,0.0,1.0,1.0,1.0,0.02,2.0,2000.000003,Cytation5,1705168.0,ext,M,AR-977,AR-954,AR-953,AR-970,AR-971,AR-972,AR-973,AR-702,Unknown,AR-959,AR-967,AR-969,Unknown,Unknown,0.0,deGFP,Unknown,Labcraft,True,0.6608295777112586,3.1827475062943225,1.0571745487214663,0.0039205599324049,6.006388888888889
20260309-DiscoveryPlate-R1-G16,G16,2026-03-09 00:00:00,20260309-DiscoveryPlate-R1,DiscoveryPlate-R1-G16,Sample,AR-975,1.950000051,AR-905,1.799999951,20260309-DiscoveryPlate-R1-SMS,AR-902,3.5,AR-854,0.0,0.0,10.0,2.996187423,12.469,0.0,100.0,2.0,2.0,0.3,50.0,0.0,0.0,1.0,1.0,1.0,0.02,2.0,2000.000003,Cytation5,1705168.0,ext,M,AR-977,AR-954,AR-953,AR-970,AR-971,AR-972,AR-973,AR-702,Unknown,AR-959,AR-967,AR-969,Unknown,Unknown,0.0,deGFP,Unknown,Labcraft,True,0.0732961192868963,4.483094020806603,0.7569840031657828,-3.6847872721109906e-05,4.2403595743372415
20260309-DiscoveryPlate-R1-G8,G8,2026-03-09 00:00:00,20260309-DiscoveryPlate-R1,DiscoveryPlate-R1-G8,Sample,AR-975,1.833326026,AR-905,1.799999951,20260309-DiscoveryPlate-R1-SMS,AR-902,3.5,AR-854,0.0,0.0,10.0,2.996187423,12.469,0.0,100.0,2.0,2.0,0.3,50.0,0.0,0.0,1.0,1.0,1.0,0.02,2.0,2000.000003,Cytation5,1705168.0,ext,M,AR-977,AR-954,AR-953,AR-970,AR-971,AR-972,AR-973,AR-702,Unknown,AR-959,AR-967,AR-969,Unknown,Unknown,0.0,deGFP,Unknown,Labcraft,True,0.0458224314858611,4.567463053164597,0.7514160903928098,3.819977299078408e-05,4.242609499108926
20260309-DiscoveryPlate-R1-G9,G9,2026-03-09 00:00:00,20260309-DiscoveryPlate-R1,DiscoveryPlate-R1-G9,Sample,AR-975,1.555191326,AR-905,1.799999951,20260309-DiscoveryPlate-R1-SMS,AR-902,3.5,AR-854,0.0,0.0,10.0,1.00000002,24.969,71.0,122.5,2.0,2.0,0.3,50.0,0.0,0.0,1.0,1.0,1.0,0.02,2.0,2000.000003,Cytation5,1705168.0,ext,M,AR-977,AR-954,AR-953,AR-970,AR-971,AR-972,AR-973,AR-702,Unknown,AR-959,AR-967,AR-969,Unknown,Unknown,0.0,deGFP,Unknown,Labcraft,True,0.1660791368412198,2.3751643363473054,1.200110608729022,0.0024380741037275,4.039601011475781
20260309-DiscoveryPlate-R1-H10,H10,2026-03-09 00:00:00,20260309-DiscoveryPlate-R1,DiscoveryPlate-R1-H10,Sample,AR-975,1.839244265,AR-905,1.799999951,20260309-DiscoveryPlate-R1-SMS,AR-902,3.5,AR-854,0.0,0.0,10.0,1.00000002,4.969,0.0,140.0,2.0,2.0,0.3,50.0,0.0,0.0,1.0,1.0,1.0,0.02,2.0,2000.000003,Cytation5,1705168.0,ext,M,AR-977,AR-954,AR-953,AR-970,AR-971,AR-972,AR-973,AR-702,Unknown,AR-959,AR-967,AR-969,Unknown,Unknown,0.0,deGFP,Unknown,Labcraft,True,0.0087744259643525,4.14276047941858,0.6734101888630715,3.404674657997673e-05,4.222301994487592
20260309-DiscoveryPlate-R1-H11,H11,2026-03-09 00:00:00,20260309-DiscoveryPlate-R1,DiscoveryPlate-R1-H11,Sample,AR-975,1.763142289,AR-905,1.799999951,20260309-DiscoveryPlate-R1-SMS,AR-902,3.5,AR-854,0.0,0.0,10.0,1.00000002,12.469,49.0,72.5,2.0,2.0,0.3,50.0,0.0,0.0,1.0,1.0,1.0,0.02,2.0,2000.000003,Cytation5,1705168.0,ext,M,AR-977,AR-954,AR-953,AR-970,AR-971,AR-972,AR-973,AR-702,Unknown,AR-959,AR-967,AR-969,Unknown,Unknown,0.0,deGFP,Unknown,Labcraft,False,0.0021929547509809,,,,
20260309-DiscoveryPlate-R1-H12,H12,2026-03-09 00:00:00,20260309-DiscoveryPlate-R1,DiscoveryPlate-R1-H12,Sample,AR-975,2.030823266,AR-905,1.799999951,20260309-DiscoveryPlate-R1-SMS,AR-902,3.5,AR-854,0.0,0.0,10.0,1.00000002,12.469,49.0,72.5,2.0,2.0,0.3,50.0,0.0,0.0,1.0,1.0,1.0,0.02,2.0,2000.000003,Cytation5,1705168.0,ext,M,AR-977,AR-954,AR-953,AR-970,AR-971,AR-972,AR-973,AR-702,Unknown,AR-959,AR-967,AR-969,Unknown,Unknown,0.0,deGFP,Unknown,Labcraft,False,0.0027020782916738,,,,
20260309-DiscoveryPlate-R1-H13,H13,2026-03-09 00:00:00,20260309-DiscoveryPlate-R1,DiscoveryPlate-R1-H13,Sample,AR-975,1.975896497,AR-905,1.799999951,20260309-DiscoveryPlate-R1-SMS,AR-902,3.5,AR-854,0.0,0.0,10.0,1.049452172,4.969,0.0,140.0,2.0,2.0,0.3,50.0,0.0,0.0,1.0,1.0,1.0,0.02,2.0,2000.000003,Cytation5,1705168.0,ext,M,AR-977,AR-954,AR-953,AR-970,AR-971,AR-972,AR-973,AR-702,Unknown,AR-959,AR-967,AR-969,Unknown,Unknown,0.0,deGFP,Unknown,Labcraft,True,0.0064901698255604,3.928514027452207,0.6729037415724741,8.286216219215124e-05,4.207187180521228
20260309-DiscoveryPlate-R1-H14,H14,2026-03-09 00:00:00,20260309-DiscoveryPlate-R1,DiscoveryPlate-R1-H14,Sample,AR-975,1.975896497,AR-905,1.799999951,20260309-DiscoveryPlate-R1-SMS,AR-902,3.5,AR-854,0.0,0.0,10.0,1.049452172,4.969,0.0,62.5,2.0,2.0,0.3,50.0,0.0,0.0,1.0,1.0,1.0,0.02,2.0,2000.000003,Cytation5,1705168.0,ext,M,AR-977,AR-954,AR-953,AR-970,AR-971,AR-972,AR-973,AR-702,Unknown,AR-959,AR-967,AR-969,Unknown,Unknown,0.0,deGFP,Unknown,Labcraft,True,0.0109526668987931,3.0864708880937384,1.254540837892267,-0.0003233813485991,4.125874179455407
20260309-DiscoveryPlate-R1-H15,H15,2026-03-09 00:00:00,20260309-DiscoveryPlate-R1,DiscoveryPlate-R1-H15,Sample,AR-975,1.763142289,AR-905,1.799999951,20260309-DiscoveryPlate-R1-SMS,AR-902,3.5,AR-854,0.0,0.0,10.0,1.00000002,24.969,71.0,122.5,2.0,2.0,0.3,50.0,0.0,0.0,1.0,1.0,1.0,0.02,2.0,2000.000003,Cytation5,1705168.0,ext,M,AR-977,AR-954,AR-953,AR-970,AR-971,AR-972,AR-973,AR-702,Unknown,AR-959,AR-967,AR-969,Unknown,Unknown,0.0,deGFP,Unknown,Labcraft,True,0.166297030861571,2.1899660860686203,1.2320438175878052,0.0029957329945469,4.013985290392049
20260309-DiscoveryPlate-R1-H16,H16,2026-03-09 00:00:00,20260309-DiscoveryPlate-R1,DiscoveryPlate-R1-H16,Sample,AR-975,2.030823266,AR-905,1.799999951,20260309-DiscoveryPlate-R1-SMS,AR-902,3.5,AR-854,0.0,0.0,10.0,1.00000002,19.969,20.0,100.0,2.0,2.0,0.3,50.0,0.0,0.0,1.0,1.0,1.0,0.02,2.0,2000.000003,Cytation5,1705168.0,ext,M,AR-977,AR-954,AR-953,AR-970,AR-971,AR-972,AR-973,AR-702,Unknown,AR-959,AR-967,AR-969,Unknown,Unknown,0.0,deGFP,Unknown,Labcraft,True,0.3257273021031966,2.070272951142975,1.593146323291051,0.0019970662632462,3.975657034133528
20260309-DiscoveryPlate-R1-H8,H8,2026-03-09 00:00:00,20260309-DiscoveryPlate-R1,DiscoveryPlate-R1-H8,Sample,AR-975,1.828292141,AR-905,1.799999951,20260309-DiscoveryPlate-R1-SMS,AR-902,3.5,AR-854,0.0,0.0,10.0,5.000000045,14.969,20.0,140.0,2.0,2.0,0.3,50.0,0.0,0.0,1.0,1.0,1.0,0.02,2.0,2000.000003,Cytation5,1705168.0,ext,M,AR-977,AR-954,AR-953,AR-970,AR-971,AR-972,AR-973,AR-702,Unknown,AR-959,AR-967,AR-969,Unknown,Unknown,0.0,deGFP,Unknown,Labcraft,True,0.6096269098112536,2.948326034726566,1.139262163039625,0.0036652732737723,5.536605315445565
20260309-DiscoveryPlate-R1-H9,H9,2026-03-09 00:00:00,20260309-DiscoveryPlate-R1,DiscoveryPlate-R1-H9,Sample,AR-975,1.799999952,AR-905,1.799999951,20260309-DiscoveryPlate-R1-SMS,AR-902,3.5,AR-854,0.0,0.0,10.0,2.996187423,4.969,0.0,140.0,2.0,2.0,0.3,50.0,0.0,0.0,1.0,1.0,1.0,0.02,2.0,2000.000003,Cytation5,1705168.0,ext,M,AR-977,AR-954,AR-953,AR-970,AR-971,AR-972,AR-973,AR-702,Unknown,AR-959,AR-967,AR-969,Unknown,Unknown,0.0,deGFP,Unknown,Labcraft,True,0.0073331570118496,3.791118675885204,0.589656983476015,0.0001675542716419,4.196332031352838
20260309-DiscoveryPlate-R1-I10,I10,2026-03-09 00:00:00,20260309-DiscoveryPlate-R1,DiscoveryPlate-R1-I10,Sample,AR-975,1.799999952,AR-905,1.799999951,20260309-DiscoveryPlate-R1-SMS,AR-902,3.5,AR-854,0.0,0.0,10.0,5.000000045,19.969,20.0,100.0,2.0,2.0,0.3,50.0,0.0,0.0,1.0,1.0,1.0,0.02,2.0,2000.000003,Cytation5,1705168.0,ext,M,AR-977,AR-954,AR-953,AR-970,AR-971,AR-972,AR-973,AR-702,Unknown,AR-959,AR-967,AR-969,Unknown,Unknown,0.0,deGFP,Unknown,Labcraft,True,0.6737529301698867,2.9501500894481665,1.3914415628333676,0.0014760930715252,4.106914949120963
20260309-DiscoveryPlate-R1-I11,I11,2026-03-09 00:00:00,20260309-DiscoveryPlate-R1,DiscoveryPlate-R1-I11,Sample,AR-975,1.799999952,AR-905,1.799999951,20260309-DiscoveryPlate-R1-SMS,AR-902,3.5,AR-854,0.0,0.0,10.0,5.000000045,19.969,20.0,100.0,2.0,2.0,0.3,50.0,0.0,0.0,1.0,1.0,1.0,0.02,2.0,2000.000003,Cytation5,1705168.0,ext,M,AR-977,AR-954,AR-953,AR-970,AR-971,AR-972,AR-973,AR-702,Unknown,AR-959,AR-967,AR-969,Unknown,Unknown,0.0,deGFP,Unknown,Labcraft,True,0.6019192097450331,2.279266091198778,1.594262631891654,0.0029572331770476,4.00246400051255
20260309-DiscoveryPlate-R1-I12,I12,2026-03-09 00:00:00,20260309-DiscoveryPlate-R1,DiscoveryPlate-R1-I12,Sample,AR-975,1.799999952,AR-905,1.799999951,20260309-DiscoveryPlate-R1-SMS,AR-902,3.5,AR-854,0.0,0.0,10.0,5.000000045,17.469,100.0,175.0,2.0,2.0,0.3,50.0,0.0,0.0,1.0,1.0,1.0,0.02,2.0,2000.000003,Cytation5,1705168.0,ext,M,AR-977,AR-954,AR-953,AR-970,AR-971,AR-972,AR-973,AR-702,Unknown,AR-959,AR-967,AR-969,Unknown,Unknown,0.0,deGFP,Unknown,Labcraft,True,0.0315007354930642,3.95355605701368,0.8384032988035559,0.0005320113229544,4.209155090572061
20260309-DiscoveryPlate-R1-I13,I13,2026-03-09 00:00:00,20260309-DiscoveryPlate-R1,DiscoveryPlate-R1-I13,Sample,AR-975,1.975896497,AR-905,1.799999951,20260309-DiscoveryPlate-R1-SMS,AR-902,3.5,AR-854,0.0,0.0,10.0,1.049452172,19.969,20.0,100.0,2.0,2.0,0.3,50.0,0.0,0.0,1.0,1.0,1.0,0.02,2.0,2000.000003,Cytation5,1705168.0,ext,M,AR-977,AR-954,AR-953,AR-970,AR-971,AR-972,AR-973,AR-702,Unknown,AR-959,AR-967,AR-969,Unknown,Unknown,0.0,deGFP,Unknown,Labcraft,True,0.3253141072960075,2.049801009115237,1.5754331865005362,0.0024225209609717,3.9738674133806335
20260309-DiscoveryPlate-R1-I14,I14,2026-03-09 00:00:00,20260309-DiscoveryPlate-R1,DiscoveryPlate-R1-I14,Sample,AR-975,1.950000051,AR-905,1.799999951,20260309-DiscoveryPlate-R1-SMS,AR-902,3.5,AR-854,0.0,0.0,10.0,2.996187423,4.969,0.0,140.0,2.0,2.0,0.3,50.0,0.0,0.0,1.0,1.0,1.0,0.02,2.0,2000.000003,Cytation5,1705168.0,ext,M,AR-977,AR-954,AR-953,AR-970,AR-971,AR-972,AR-973,AR-702,Unknown,AR-959,AR-967,AR-969,Unknown,Unknown,0.0,deGFP,Unknown,Labcraft,True,0.0144382390196542,3.9839572053676022,0.6719619116040453,9.420680912539472e-05,4.211054048481466
20260309-DiscoveryPlate-R1-I15,I15,2026-03-09 00:00:00,20260309-DiscoveryPlate-R1,DiscoveryPlate-R1-I15,Sample,AR-975,1.950000051,AR-905,1.799999951,20260309-DiscoveryPlate-R1-SMS,AR-902,3.5,AR-854,0.0,0.0,10.0,2.996187423,2.469,67.0,200.0,2.0,2.0,0.3,50.0,0.0,0.0,1.0,1.0,1.0,0.02,2.0,2000.000003,Cytation5,1705168.0,ext,M,AR-977,AR-954,AR-953,AR-970,AR-971,AR-972,AR-973,AR-702,Unknown,AR-959,AR-967,AR-969,Unknown,Unknown,0.0,deGFP,Unknown,Labcraft,False,0.0073169216221119,,,,
20260309-DiscoveryPlate-R1-I16,I16,2026-03-09 00:00:00,20260309-DiscoveryPlate-R1,DiscoveryPlate-R1-I16,Sample,AR-975,1.839244265,AR-905,1.799999951,20260309-DiscoveryPlate-R1-SMS,AR-902,3.5,AR-854,0.0,0.0,10.0,1.00000002,4.969,0.0,62.5,2.0,2.0,0.3,50.0,0.0,0.0,1.0,1.0,1.0,0.02,2.0,2000.000003,Cytation5,1705168.0,ext,M,AR-977,AR-954,AR-953,AR-970,AR-971,AR-972,AR-973,AR-702,Unknown,AR-959,AR-967,AR-969,Unknown,Unknown,0.0,deGFP,Unknown,Labcraft,True,0.0109603381758127,3.380024474116063,1.0878918452713235,-0.0001801230537083,4.158280738046578
20260309-DiscoveryPlate-R1-I8,I8,2026-03-09 00:00:00,20260309-DiscoveryPlate-R1,DiscoveryPlate-R1-I8,Sample,AR-975,1.833326026,AR-905,1.799999951,20260309-DiscoveryPlate-R1-SMS,AR-902,3.5,AR-854,0.0,0.0,10.0,2.996187423,4.969,0.0,140.0,2.0,2.0,0.3,50.0,0.0,0.0,1.0,1.0,1.0,0.02,2.0,2000.000003,Cytation5,1705168.0,ext,M,AR-977,AR-954,AR-953,AR-970,AR-971,AR-972,AR-973,AR-702,Unknown,AR-959,AR-967,AR-969,Unknown,Unknown,0.0,deGFP,Unknown,Labcraft,True,0.0069001335984213,4.250472533346978,0.6732883293047255,0.0001003075809322,4.22830713501902
20260309-DiscoveryPlate-R1-I9,I9,2026-03-09 00:00:00,20260309-DiscoveryPlate-R1,DiscoveryPlate-R1-I9,Sample,AR-975,1.529999978,AR-905,1.799999951,20260309-DiscoveryPlate-R1-SMS,AR-902,3.5,AR-854,0.0,0.0,10.0,19.99999901,4.969,0.0,140.0,2.0,2.0,0.3,50.0,0.0,0.0,1.0,1.0,1.0,0.02,2.0,2000.000003,Cytation5,1705168.0,ext,M,AR-977,AR-954,AR-953,AR-970,AR-971,AR-972,AR-973,AR-702,Unknown,AR-959,AR-967,AR-969,Unknown,Unknown,0.0,deGFP,Unknown,Labcraft,False,0.0035575982401754,,,,
20260309-DiscoveryPlate-R1-J10,J10,2026-03-09 00:00:00,20260309-DiscoveryPlate-R1,DiscoveryPlate-R1-J10,Sample,AR-975,1.799999952,AR-905,1.799999951,20260309-DiscoveryPlate-R1-SMS,AR-902,3.5,AR-854,0.0,0.0,10.0,2.996187423,2.469,67.0,200.0,2.0,2.0,0.3,50.0,0.0,0.0,1.0,1.0,1.0,0.02,2.0,2000.000003,Cytation5,1705168.0,ext,M,AR-977,AR-954,AR-953,AR-970,AR-971,AR-972,AR-973,AR-702,Unknown,AR-959,AR-967,AR-969,Unknown,Unknown,0.0,deGFP,Unknown,Labcraft,False,0.0020988078139588,,,,
20260309-DiscoveryPlate-R1-J11,J11,2026-03-09 00:00:00,20260309-DiscoveryPlate-R1,DiscoveryPlate-R1-J11,Sample,AR-975,1.555191326,AR-905,1.799999951,20260309-DiscoveryPlate-R1-SMS,AR-902,3.5,AR-854,0.0,0.0,10.0,1.00000002,24.969,100.0,60.0,2.0,2.0,0.3,50.0,0.0,0.0,1.0,1.0,1.0,0.02,2.0,2000.000003,Cytation5,1705168.0,ext,M,AR-977,AR-954,AR-953,AR-970,AR-971,AR-972,AR-973,AR-702,Unknown,AR-959,AR-967,AR-969,Unknown,Unknown,0.0,deGFP,Unknown,Labcraft,True,0.0316543820048814,3.3344565158302446,1.171036848384092,0.0001439613233123,4.153552289455467
20260309-DiscoveryPlate-R1-J12,J12,2026-03-09 00:00:00,20260309-DiscoveryPlate-R1,DiscoveryPlate-R1-J12,Sample,AR-975,2.030823266,AR-905,1.799999951,20260309-DiscoveryPlate-R1-SMS,AR-902,3.5,AR-854,0.0,0.0,10.0,1.00000002,17.469,100.0,175.0,2.0,2.0,0.3,50.0,0.0,0.0,1.0,1.0,1.0,0.02,2.0,2000.000003,Cytation5,1705168.0,ext,M,AR-977,AR-954,AR-953,AR-970,AR-971,AR-972,AR-973,AR-702,Unknown,AR-959,AR-967,AR-969,Unknown,Unknown,0.0,deGFP,Unknown,Labcraft,True,0.1452944353261793,3.466599268180476,0.9997828127407216,0.0003318877742087,4.133924133591656
20260309-DiscoveryPlate-R1-J13,J13,2026-03-09 00:00:00,20260309-DiscoveryPlate-R1,DiscoveryPlate-R1-J13,Sample,AR-975,1.828292141,AR-905,1.799999951,20260309-DiscoveryPlate-R1-SMS,AR-902,3.5,AR-854,0.0,0.0,10.0,5.000000045,12.469,0.0,100.0,2.0,2.0,0.3,50.0,0.0,0.0,1.0,1.0,1.0,0.02,2.0,2000.000003,Cytation5,1705168.0,ext,M,AR-977,AR-954,AR-953,AR-970,AR-971,AR-972,AR-973,AR-702,Unknown,AR-959,AR-967,AR-969,Unknown,Unknown,0.0,deGFP,Unknown,Labcraft,True,0.0817312261523005,4.393075589831127,0.7792445308802841,0.0002850840389669,4.2363928010985346
20260309-DiscoveryPlate-R1-J14,J14,2026-03-09 00:00:00,20260309-DiscoveryPlate-R1,DiscoveryPlate-R1-J14,Sample,AR-975,1.529999978,AR-905,1.799999951,20260309-DiscoveryPlate-R1-SMS,AR-902,3.5,AR-854,0.0,0.0,10.0,19.99999901,2.469,67.0,200.0,2.0,2.0,0.3,50.0,0.0,0.0,1.0,1.0,1.0,0.02,2.0,2000.000003,Cytation5,1705168.0,ext,M,AR-977,AR-954,AR-953,AR-970,AR-971,AR-972,AR-973,AR-702,Unknown,AR-959,AR-967,AR-969,Unknown,Unknown,0.0,deGFP,Unknown,Labcraft,False,0.0041591592220502,,,,
20260309-DiscoveryPlate-R1-J15,J15,2026-03-09 00:00:00,20260309-DiscoveryPlate-R1,DiscoveryPlate-R1-J15,Sample,AR-975,1.529999978,AR-905,1.799999951,20260309-DiscoveryPlate-R1-SMS,AR-902,3.5,AR-854,0.0,0.0,10.0,19.99999901,19.969,20.0,100.0,2.0,2.0,0.3,50.0,0.0,0.0,1.0,1.0,1.0,0.02,2.0,2000.000003,Cytation5,1705168.0,ext,M,AR-977,AR-954,AR-953,AR-970,AR-971,AR-972,AR-973,AR-702,Unknown,AR-959,AR-967,AR-969,Unknown,Unknown,0.0,deGFP,Unknown,Labcraft,True,0.4182908774362771,2.1478791612366375,1.5490127589935865,0.0026982263404274,6.006388888888889
20260309-DiscoveryPlate-R1-J16,J16,2026-03-09 00:00:00,20260309-DiscoveryPlate-R1,DiscoveryPlate-R1-J16,Sample,AR-975,1.799999952,AR-905,1.799999951,20260309-DiscoveryPlate-R1-SMS,AR-902,3.5,AR-854,0.0,0.0,10.0,2.996187423,24.969,100.0,60.0,2.0,2.0,0.3,50.0,0.0,0.0,1.0,1.0,1.0,0.02,2.0,2000.000003,Cytation5,1705168.0,ext,M,AR-977,AR-954,AR-953,AR-970,AR-971,AR-972,AR-973,AR-702,Unknown,AR-959,AR-967,AR-969,Unknown,Unknown,0.0,deGFP,Unknown,Labcraft,True,0.0092257099459179,3.121287349579945,0.838307661565825,0.0002408958480347,4.129007671882809
20260309-DiscoveryPlate-R1-J8,J8,2026-03-09 00:00:00,20260309-DiscoveryPlate-R1,DiscoveryPlate-R1-J8,Sample,AR-975,1.839244265,AR-905,1.799999951,20260309-DiscoveryPlate-R1-SMS,AR-902,3.5,AR-854,0.0,0.0,10.0,1.00000002,19.969,20.0,100.0,2.0,2.0,0.3,50.0,0.0,0.0,1.0,1.0,1.0,0.02,2.0,2000.000003,Cytation5,1705168.0,ext,M,AR-977,AR-954,AR-953,AR-970,AR-971,AR-972,AR-973,AR-702,Unknown,AR-959,AR-967,AR-969,Unknown,Unknown,0.0,deGFP,Unknown,Labcraft,True,0.0207819370011769,4.19821371893975,0.8383904182181375,8.315753947740848e-05,4.225509866714431
20260309-DiscoveryPlate-R1-J9,J9,2026-03-09 00:00:00,20260309-DiscoveryPlate-R1,DiscoveryPlate-R1-J9,Sample,AR-975,1.833326026,AR-905,1.799999951,20260309-DiscoveryPlate-R1-SMS,AR-902,3.5,AR-854,0.0,0.0,10.0,2.996187423,24.969,71.0,122.5,2.0,2.0,0.3,50.0,0.0,0.0,1.0,1.0,1.0,0.02,2.0,2000.000003,Cytation5,1705168.0,ext,M,AR-977,AR-954,AR-953,AR-970,AR-971,AR-972,AR-973,AR-702,Unknown,AR-959,AR-967,AR-969,Unknown,Unknown,0.0,deGFP,Unknown,Labcraft,True,0.0369231156055092,4.109397528267911,0.838467617603747,0.0002841776320942,4.219940769247329
PMix AR-1060 Activity Assay -B2,B2,2026-03-17 00:00:00,PMix AR-1060 Activity Assay ,PMix AR-1060,Sample,PMix AR-1060,1.8,AR-965,1.8,AR-976,AR-957,3.5,AR-1028,5.55,1.2,10.0,3.016304347826087,8.0,20.0,100.0,2.0,2.0,0.3,50.0,0.0,0.0,1.0,1.0,1.0,0.02,2.0,2000.0,Synergy 2,206621,35,F,Unknown,Unknown,Unknown,Unknown,Unknown,Unknown,Unknown,Unknown,Unknown,Unknown,Unknown,Unknown,Unknown,Unknown,0.0,deGFP,Unknown,MFG,True,1.0354374034848188,4.45816472531283,0.5818821817236273,0.0118652041748697,5.755483450119972
PMix AR-1060 Activity Assay -B4,B4,2026-03-17 00:00:00,PMix AR-1060 Activity Assay ,PMix AR-975 Rxn Control,Sample,PMix AR-1060,1.8,AR-965,1.8,AR-976,AR-957,3.5,AR-1028,5.55,1.2,10.0,3.016304347826087,8.0,20.0,100.0,2.0,2.0,0.3,50.0,0.0,0.0,1.0,1.0,1.0,0.02,2.0,2000.0,Synergy 2,206621,35,F,Unknown,Unknown,Unknown,Unknown,Unknown,Unknown,Unknown,Unknown,Unknown,Unknown,Unknown,Unknown,Unknown,Unknown,0.0,deGFP,Unknown,MFG,True,1.0374804134591515,3.5673645709426594,0.6087650622451647,0.0174778864319104,6.009444444444444
PMix AR-1060 Activity Assay -B6,B6,2026-03-17 00:00:00,PMix AR-1060 Activity Assay ,Positive Control,Positive Control,NEB Sol B,1.8,NEB Sol B,1.8,NEB Sol A,NEB Sol B,3.5,AR-1028,5.55,3.0,10.0,3.016304347826087,8.0,20.0,100.0,2.0,2.0,0.3,50.0,0.0,0.0,1.0,1.0,1.0,0.02,2.0,2000.0,Synergy 2,206621,35,F,NEB Sol A,NEB Sol A,NEB Sol A,NEB Sol A,NEB Sol A,NEB Sol A,NEB Sol A,NEB Sol A,NEB Sol A,NEB Sol A,NEB Sol A,NEB Sol A,NEB Sol A,NEB Sol A,0.0,deGFP,Unknown,MFG,True,1.126028920880618,2.346916839979616,0.9012252708766942,0.0218664896809628,6.009444444444444
PMix AR-1060 Activity Assay -D2,D2,2026-03-17 00:00:00,PMix AR-1060 Activity Assay ,PMix AR-1060,Sample,PMix AR-1060,1.8,AR-965,1.8,AR-976,AR-957,3.5,AR-1028,5.55,1.2,10.0,3.016304347826087,8.0,20.0,100.0,2.0,2.0,0.3,50.0,0.0,0.0,1.0,1.0,1.0,0.02,2.0,2000.0,Synergy 2,206621,35,F,Unknown,Unknown,Unknown,Unknown,Unknown,Unknown,Unknown,Unknown,Unknown,Unknown,Unknown,Unknown,Unknown,Unknown,0.0,deGFP,Unknown,MFG,True,1.049774968249872,5.102809328435044,0.5300046759707742,0.012391667206839,5.657395964877262
PMix AR-1060 Activity Assay -D4,D4,2026-03-17 00:00:00,PMix AR-1060 Activity Assay ,PMix AR-975 Rxn Control,Sample,PMix AR-1060,1.8,AR-965,1.8,AR-976,AR-957,3.5,AR-1028,5.55,1.2,10.0,3.016304347826087,8.0,20.0,100.0,2.0,2.0,0.3,50.0,0.0,0.0,1.0,1.0,1.0,0.02,2.0,2000.0,Synergy 2,206621,35,F,Unknown,Unknown,Unknown,Unknown,Unknown,Unknown,Unknown,Unknown,Unknown,Unknown,Unknown,Unknown,Unknown,Unknown,0.0,deGFP,Unknown,MFG,True,1.0178984939544378,3.448886951063692,0.6192295517042266,0.017935791720082,6.009444444444444
PMix AR-1060 Activity Assay -D6,D6,2026-03-17 00:00:00,PMix AR-1060 Activity Assay ,Positive Control,Positive Control,NEB Sol B,1.8,NEB Sol B,1.8,NEB Sol A,NEB Sol B,3.5,AR-1028,5.55,3.0,10.0,3.016304347826087,8.0,20.0,100.0,2.0,2.0,0.3,50.0,0.0,0.0,1.0,1.0,1.0,0.02,2.0,2000.0,Synergy 2,206621,35,F,NEB Sol A,NEB Sol A,NEB Sol A,NEB Sol A,NEB Sol A,NEB Sol A,NEB Sol A,NEB Sol A,NEB Sol A,NEB Sol A,NEB Sol A,NEB Sol A,NEB Sol A,NEB Sol A,0.0,deGFP,Unknown,MFG,True,1.0862344948814562,2.436081811870874,0.9213329030844252,0.021405669574373,5.13125715750882
PMix AR-1060 Activity Assay -F2,F2,2026-03-17 00:00:00,PMix AR-1060 Activity Assay ,PMix AR-1060,Sample,PMix AR-1060,1.8,AR-965,1.8,AR-976,AR-957,3.5,AR-1028,5.55,1.2,10.0,3.016304347826087,8.0,20.0,100.0,2.0,2.0,0.3,50.0,0.0,0.0,1.0,1.0,1.0,0.02,2.0,2000.0,Synergy 2,206621,35,F,Unknown,Unknown,Unknown,Unknown,Unknown,Unknown,Unknown,Unknown,Unknown,Unknown,Unknown,Unknown,Unknown,Unknown,0.0,deGFP,Unknown,MFG,True,1.0418970849130238,4.194490927840087,0.5782069524611774,0.0147182819241513,6.009444444444444
PMix AR-1060 Activity Assay -F4,F4,2026-03-17 00:00:00,PMix AR-1060 Activity Assay ,PMix AR-975 Rxn Control,Sample,PMix AR-1060,1.8,AR-965,1.8,AR-976,AR-957,3.5,AR-1028,5.55,1.2,10.0,3.016304347826087,8.0,20.0,100.0,2.0,2.0,0.3,50.0,0.0,0.0,1.0,1.0,1.0,0.02,2.0,2000.0,Synergy 2,206621,35,F,Unknown,Unknown,Unknown,Unknown,Unknown,Unknown,Unknown,Unknown,Unknown,Unknown,Unknown,Unknown,Unknown,Unknown,0.0,deGFP,Unknown,MFG,True,1.024227089387734,3.3306469331464665,0.6317765806747766,0.018122985157573,6.009444444444444
PMix AR-1060 Activity Assay -F6,F6,2026-03-17 00:00:00,PMix AR-1060 Activity Assay ,Positive Control,Positive Control,NEB Sol B,1.8,NEB Sol B,1.8,NEB Sol A,NEB Sol B,3.5,AR-1028,5.55,3.0,10.0,3.016304347826087,8.0,20.0,100.0,2.0,2.0,0.3,50.0,0.0,0.0,1.0,1.0,1.0,0.02,2.0,2000.0,Synergy 2,206621,35,F,NEB Sol A,NEB Sol A,NEB Sol A,NEB Sol A,NEB Sol A,NEB Sol A,NEB Sol A,NEB Sol A,NEB Sol A,NEB Sol A,NEB Sol A,NEB Sol A,NEB Sol A,NEB Sol A,0.0,deGFP,Unknown,MFG,True,1.079770753885917,2.273691572221521,0.91318846467338,0.0218548809151448,6.009444444444444
20260319-DiscoveryPlate-R2-F10,F10,2026-03-19 00:00:00,20260319-DiscoveryPlate-R2,DiscoveryPlate-R2-GES30,Sample,AR-975,1.8,AR-905,1.8,220260319-DiscoveryPlate-R2-SMS,AR-902,2.905,AR-1028,0.0,0.0,10.0,5.0,21.0,34.0,97.5,2.9,1.9,0.3115,50.0,0.0,0.0,1.0,1.0,1.0,0.02,2.0,2000.0,Cytation5,1705168.0,ext,M,AR-977,AR-954,new-Jon,AR-970,AR-971,AR-972,AR-973,AR-702,Unknown,AR-959,AR-967,AR-969,Unknown,Unknown,0.0,deGFP,Unknown,Labcraft,True,0.1941928324340429,2.2405274457639335,1.047448270573497,0.0062789106892143,4.025053828279142
20260319-DiscoveryPlate-R2-F11,F11,2026-03-19 00:00:00,20260319-DiscoveryPlate-R2,DiscoveryPlate-R2-GES27,Sample,AR-975,1.8,AR-905,1.8,220260319-DiscoveryPlate-R2-SMS,AR-902,3.99,AR-1028,0.0,0.0,10.0,5.0,10.0,60.0,40.0,2.6,2.6,0.322,50.0,0.0,0.0,1.0,1.0,1.0,0.02,2.0,2000.0,Cytation5,1705168.0,ext,M,AR-977,AR-954,new-Jon,AR-970,AR-971,AR-972,AR-973,AR-702,Unknown,AR-959,AR-967,AR-969,Unknown,Unknown,0.0,deGFP,Unknown,Labcraft,True,0.0539139610677482,3.846829449439907,0.6620448150334782,0.001850932745114,4.201063679468418
20260319-DiscoveryPlate-R2-F12,F12,2026-03-19 00:00:00,20260319-DiscoveryPlate-R2,DiscoveryPlate-R2-GES12,Sample,AR-975,1.8,AR-905,1.8,220260319-DiscoveryPlate-R2-SMS,AR-902,3.5,AR-1028,0.0,0.0,10.0,5.0,25.0,60.0,97.5,2.3,2.1,0.3605,50.0,0.0,0.0,1.0,1.0,1.0,0.02,2.0,2000.0,Cytation5,1705168.0,ext,M,AR-977,AR-954,new-Jon,AR-970,AR-971,AR-972,AR-973,AR-702,Unknown,AR-959,AR-967,AR-969,Unknown,Unknown,0.0,deGFP,Unknown,Labcraft,True,0.3084311306291505,1.9629714985199544,1.1241526585855963,0.0107254719885873,4.002327988414413
20260319-DiscoveryPlate-R2-F13,F13,2026-03-19 00:00:00,20260319-DiscoveryPlate-R2,DiscoveryPlate-R2-GES34,Sample,AR-975,1.8,AR-905,1.8,220260319-DiscoveryPlate-R2-SMS,AR-902,3.255,AR-1028,0.0,0.0,10.0,5.0,8.0,0.0,107.5,2.6,2.5,0.399,50.0,0.0,0.0,1.0,1.0,1.0,0.02,2.0,2000.0,Cytation5,1705168.0,ext,M,AR-977,AR-954,new-Jon,AR-970,AR-971,AR-972,AR-973,AR-702,Unknown,AR-959,AR-967,AR-969,Unknown,Unknown,0.0,deGFP,Unknown,Labcraft,True,0.103301550120425,3.2239810994498295,1.000203232429125,0.001064138131471,4.137513351886336
20260319-DiscoveryPlate-R2-F14,F14,2026-03-19 00:00:00,20260319-DiscoveryPlate-R2,DiscoveryPlate-R2-GES18,Sample,AR-975,1.8,AR-905,1.8,220260319-DiscoveryPlate-R2-SMS,AR-902,3.955,AR-1028,0.0,0.0,10.0,5.0,4.0,24.0,82.5,1.9,2.3,0.3045,50.0,0.0,0.0,1.0,1.0,1.0,0.02,2.0,2000.0,Cytation5,1705168.0,ext,M,AR-977,AR-954,new-Jon,AR-970,AR-971,AR-972,AR-973,AR-702,Unknown,AR-959,AR-967,AR-969,Unknown,Unknown,0.0,deGFP,Unknown,Labcraft,True,0.0688388938020644,4.657767350508698,0.6139008678527387,0.0006109090936196,4.246632716925534
20260319-DiscoveryPlate-R2-F15,F15,2026-03-19 00:00:00,20260319-DiscoveryPlate-R2,DiscoveryPlate-R2-GES29,Sample,AR-975,1.8,AR-905,1.8,220260319-DiscoveryPlate-R2-SMS,AR-902,2.135,AR-1028,0.0,0.0,10.0,5.0,4.0,0.0,57.5,2.6,1.8,0.399,50.0,0.0,0.0,1.0,1.0,1.0,0.02,2.0,2000.0,Cytation5,1705168.0,ext,M,AR-977,AR-954,new-Jon,AR-970,AR-971,AR-972,AR-973,AR-702,Unknown,AR-959,AR-967,AR-969,Unknown,Unknown,0.0,deGFP,Unknown,Labcraft,True,0.0532852892976885,2.6749600263657425,1.0343189689079135,0.0006721490491272,4.074689286076164
20260319-DiscoveryPlate-R2-F9,F9,2026-03-19 00:00:00,20260319-DiscoveryPlate-R2,DiscoveryPlate-R2-GES11,Sample,AR-975,1.8,AR-905,1.8,220260319-DiscoveryPlate-R2-SMS,AR-902,3.535,AR-1028,0.0,0.0,10.0,5.0,8.0,22.0,97.5,1.7,2.9,0.3885,50.0,0.0,0.0,1.0,1.0,1.0,0.02,2.0,2000.0,Cytation5,1705168.0,ext,M,AR-977,AR-954,new-Jon,AR-970,AR-971,AR-972,AR-973,AR-702,Unknown,AR-959,AR-967,AR-969,Unknown,Unknown,0.0,deGFP,Unknown,Labcraft,True,0.4120007150466168,1.9748037789067143,0.9227821440400864,0.0120189968637364,6.006111111111111
20260319-DiscoveryPlate-R2-G10,G10,2026-03-19 00:00:00,20260319-DiscoveryPlate-R2,DiscoveryPlate-R2-GES15,Sample,AR-975,1.8,AR-905,1.8,220260319-DiscoveryPlate-R2-SMS,AR-902,2.87,AR-1028,0.0,0.0,10.0,5.0,22.0,0.0,180.0,2.5,2.6,0.1925,50.0,0.0,0.0,1.0,1.0,1.0,0.02,2.0,2000.0,Cytation5,1705168.0,ext,M,AR-977,AR-954,new-Jon,AR-970,AR-971,AR-972,AR-973,AR-702,Unknown,AR-959,AR-967,AR-969,Unknown,Unknown,0.0,deGFP,Unknown,Labcraft,True,0.0059157869068332,2.847161879148972,0.7550705202434312,0.0001840420150409,4.095970629173378
20260319-DiscoveryPlate-R2-G11,G11,2026-03-19 00:00:00,20260319-DiscoveryPlate-R2,DiscoveryPlate-R2-GES35,Sample,AR-975,1.8,AR-905,1.8,220260319-DiscoveryPlate-R2-SMS,AR-902,3.22,AR-1028,0.0,0.0,10.0,5.0,12.0,60.0,40.0,2.0,3.1,0.399,50.0,0.0,0.0,1.0,1.0,1.0,0.02,2.0,2000.0,Cytation5,1705168.0,ext,M,AR-977,AR-954,new-Jon,AR-970,AR-971,AR-972,AR-973,AR-702,Unknown,AR-959,AR-967,AR-969,Unknown,Unknown,0.0,deGFP,Unknown,Labcraft,True,0.1884245097032687,2.295629164062414,0.9544432497200748,0.0064754324505853,4.014233547058341
20260319-DiscoveryPlate-R2-G12,G12,2026-03-19 00:00:00,20260319-DiscoveryPlate-R2,DiscoveryPlate-R2-GES8,Sample,AR-975,1.8,AR-905,1.8,220260319-DiscoveryPlate-R2-SMS,AR-902,3.99,AR-1028,0.0,0.0,10.0,5.0,6.0,60.0,55.0,2.6,3.0,0.259,50.0,0.0,0.0,1.0,1.0,1.0,0.02,2.0,2000.0,Cytation5,1705168.0,ext,M,AR-977,AR-954,new-Jon,AR-970,AR-971,AR-972,AR-973,AR-702,Unknown,AR-959,AR-967,AR-969,Unknown,Unknown,0.0,deGFP,Unknown,Labcraft,True,0.0110869099932855,4.113704907998259,0.4914342796087717,0.0003617266976898,4.221818142077989
20260319-DiscoveryPlate-R2-G13,G13,2026-03-19 00:00:00,20260319-DiscoveryPlate-R2,DiscoveryPlate-R2-GES28,Sample,AR-975,1.8,AR-905,1.8,220260319-DiscoveryPlate-R2-SMS,AR-902,2.135,AR-1028,0.0,0.0,10.0,5.0,6.0,30.0,65.0,1.9,1.9,0.399,50.0,0.0,0.0,1.0,1.0,1.0,0.02,2.0,2000.0,Cytation5,1705168.0,ext,M,AR-977,AR-954,new-Jon,AR-970,AR-971,AR-972,AR-973,AR-702,Unknown,AR-959,AR-967,AR-969,Unknown,Unknown,0.0,deGFP,Unknown,Labcraft,True,0.1377800885928394,1.885832430469963,0.9003643868351352,0.0055215834401232,3.933669708339298
20260319-DiscoveryPlate-R2-G14,G14,2026-03-19 00:00:00,20260319-DiscoveryPlate-R2,DiscoveryPlate-R2-GES32,Sample,AR-975,1.8,AR-905,1.8,220260319-DiscoveryPlate-R2-SMS,AR-902,1.925,AR-1028,0.0,0.0,10.0,5.0,9.0,0.0,160.0,2.4,2.2,0.3115,50.0,0.0,0.0,1.0,1.0,1.0,0.02,2.0,2000.0,Cytation5,1705168.0,ext,M,AR-977,AR-954,new-Jon,AR-970,AR-971,AR-972,AR-973,AR-702,Unknown,AR-959,AR-967,AR-969,Unknown,Unknown,0.0,deGFP,Unknown,Labcraft,True,0.1507632609020581,3.746886120434491,0.8046242206874895,0.0017262149764957,4.1927596807513146
20260319-DiscoveryPlate-R2-G15,G15,2026-03-19 00:00:00,20260319-DiscoveryPlate-R2,DiscoveryPlate-R2-GES31,Sample,AR-975,1.8,AR-905,1.8,220260319-DiscoveryPlate-R2-SMS,AR-902,3.885,AR-1028,0.0,0.0,10.0,5.0,5.0,31.0,40.0,2.7,3.3,0.287,50.0,0.0,0.0,1.0,1.0,1.0,0.02,2.0,2000.0,Cytation5,1705168.0,ext,M,AR-977,AR-954,new-Jon,AR-970,AR-971,AR-972,AR-973,AR-702,Unknown,AR-959,AR-967,AR-969,Unknown,Unknown,0.0,deGFP,Unknown,Labcraft,True,0.0264244493522149,5.669353972634585,0.5264724092454917,0.0002323028804915,4.250253888556915
20260319-DiscoveryPlate-R2-G9,G9,2026-03-19 00:00:00,20260319-DiscoveryPlate-R2,DiscoveryPlate-R2-GES2,Sample,AR-975,1.8,AR-905,1.8,220260319-DiscoveryPlate-R2-SMS,AR-902,2.345,AR-1028,0.0,0.0,10.0,5.0,1.0,60.0,40.0,3.0,1.4,0.2905,50.0,0.0,0.0,1.0,1.0,1.0,0.02,2.0,2000.0,Cytation5,1705168.0,ext,M,AR-977,AR-954,new-Jon,AR-970,AR-971,AR-972,AR-973,AR-702,Unknown,AR-959,AR-967,AR-969,Unknown,Unknown,0.0,deGFP,Unknown,Labcraft,False,0.0070869464434547,,,,
20260319-DiscoveryPlate-R2-H10,H10,2026-03-19 00:00:00,20260319-DiscoveryPlate-R2,DiscoveryPlate-R2-GES24,Sample,AR-975,1.8,AR-905,1.8,220260319-DiscoveryPlate-R2-SMS,AR-902,2.555,AR-1028,0.0,0.0,10.0,5.0,2.0,3.0,75.0,2.8,1.7,0.3465,50.0,0.0,0.0,1.0,1.0,1.0,0.02,2.0,2000.0,Cytation5,1705168.0,ext,M,AR-977,AR-954,new-Jon,AR-970,AR-971,AR-972,AR-973,AR-702,Unknown,AR-959,AR-967,AR-969,Unknown,Unknown,0.0,deGFP,Unknown,Labcraft,True,0.0327295306308581,5.958778441673413,0.5442000116127874,0.0002215310445167,4.237233440410894
20260319-DiscoveryPlate-R2-H11,H11,2026-03-19 00:00:00,20260319-DiscoveryPlate-R2,DiscoveryPlate-R2-GES9,Sample,AR-975,1.8,AR-905,1.8,220260319-DiscoveryPlate-R2-SMS,AR-902,3.78,AR-1028,0.0,0.0,10.0,5.0,6.0,8.0,95.0,2.4,2.7,0.2275,50.0,0.0,0.0,1.0,1.0,1.0,0.02,2.0,2000.0,Cytation5,1705168.0,ext,M,AR-977,AR-954,new-Jon,AR-970,AR-971,AR-972,AR-973,AR-702,Unknown,AR-959,AR-967,AR-969,Unknown,Unknown,0.0,deGFP,Unknown,Labcraft,True,0.1788998600983906,3.509914004794254,0.8643521827256613,0.0016858665367908,4.217764682229027
20260319-DiscoveryPlate-R2-H12,H12,2026-03-19 00:00:00,20260319-DiscoveryPlate-R2,DiscoveryPlate-R2-GES14,Sample,AR-975,1.8,AR-905,1.8,220260319-DiscoveryPlate-R2-SMS,AR-902,1.995,AR-1028,0.0,0.0,10.0,5.0,25.0,60.0,180.0,2.7,2.6,0.399,50.0,0.0,0.0,1.0,1.0,1.0,0.02,2.0,2000.0,Cytation5,1705168.0,ext,M,AR-977,AR-954,new-Jon,AR-970,AR-971,AR-972,AR-973,AR-702,Unknown,AR-959,AR-967,AR-969,Unknown,Unknown,0.0,deGFP,Unknown,Labcraft,True,0.2152159394852922,1.4110816678371525,1.277479777939374,0.010064846859088,3.9395509971405382
20260319-DiscoveryPlate-R2-H13,H13,2026-03-19 00:00:00,20260319-DiscoveryPlate-R2,DiscoveryPlate-R2-GES7,Sample,AR-975,1.8,AR-905,1.8,220260319-DiscoveryPlate-R2-SMS,AR-902,2.24,AR-1028,0.0,0.0,10.0,5.0,24.0,60.0,85.0,3.7,2.9,0.2765,50.0,0.0,0.0,1.0,1.0,1.0,0.02,2.0,2000.0,Cytation5,1705168.0,ext,M,AR-977,AR-954,new-Jon,AR-970,AR-971,AR-972,AR-973,AR-702,Unknown,AR-959,AR-967,AR-969,Unknown,Unknown,0.0,deGFP,Unknown,Labcraft,True,0.448830389603975,1.9987002978162445,1.1769514612901553,0.014807143741437,3.9930207767010546
20260319-DiscoveryPlate-R2-H14,H14,2026-03-19 00:00:00,20260319-DiscoveryPlate-R2,DiscoveryPlate-R2-GES25,Sample,AR-975,1.8,AR-905,1.8,220260319-DiscoveryPlate-R2-SMS,AR-902,3.29,AR-1028,0.0,0.0,10.0,5.0,4.0,0.0,112.5,2.1,2.2,0.3465,50.0,0.0,0.0,1.0,1.0,1.0,0.02,2.0,2000.0,Cytation5,1705168.0,ext,M,AR-977,AR-954,new-Jon,AR-970,AR-971,AR-972,AR-973,AR-702,Unknown,AR-959,AR-967,AR-969,Unknown,Unknown,0.0,deGFP,Unknown,Labcraft,True,0.068576336530365,3.807229193943559,0.8379054019490935,0.0004883339981318,4.197813979176643
20260319-DiscoveryPlate-R2-H15,H15,2026-03-19 00:00:00,20260319-DiscoveryPlate-R2,DiscoveryPlate-R2-GES16,Sample,AR-975,1.8,AR-905,1.8,220260319-DiscoveryPlate-R2-SMS,AR-902,1.365,AR-1028,0.0,0.0,10.0,5.0,8.0,20.0,100.0,1.9,2.0,0.3535,50.0,0.0,0.0,1.0,1.0,1.0,0.02,2.0,2000.0,Cytation5,1705168.0,ext,M,AR-977,AR-954,new-Jon,AR-970,AR-971,AR-972,AR-973,AR-702,Unknown,AR-959,AR-967,AR-969,Unknown,Unknown,0.0,deGFP,Unknown,Labcraft,True,0.5284692161691712,2.074077767453561,1.1398229206376131,0.0102932476740303,5.944826507866722
20260319-DiscoveryPlate-R2-H9,H9,2026-03-19 00:00:00,20260319-DiscoveryPlate-R2,DiscoveryPlate-R2-GES19,Sample,AR-975,1.8,AR-905,1.8,220260319-DiscoveryPlate-R2-SMS,AR-902,3.325,AR-1028,0.0,0.0,10.0,5.0,22.0,60.0,67.5,3.6,2.0,0.252,50.0,0.0,0.0,1.0,1.0,1.0,0.02,2.0,2000.0,Cytation5,1705168.0,ext,M,AR-977,AR-954,new-Jon,AR-970,AR-971,AR-972,AR-973,AR-702,Unknown,AR-959,AR-967,AR-969,Unknown,Unknown,0.0,deGFP,Unknown,Labcraft,True,0.5607593273587296,1.4966244349706328,1.2478738797244011,0.0169490923136948,6.006111111111111
20260319-DiscoveryPlate-R2-I10,I10,2026-03-19 00:00:00,20260319-DiscoveryPlate-R2,DiscoveryPlate-R2-GES13,Sample,AR-975,1.8,AR-905,1.8,220260319-DiscoveryPlate-R2-SMS,AR-902,3.185,AR-1028,0.0,0.0,10.0,5.0,22.0,60.0,42.5,2.2,2.3,0.399,50.0,0.0,0.0,1.0,1.0,1.0,0.02,2.0,2000.0,Cytation5,1705168.0,ext,M,AR-977,AR-954,new-Jon,AR-970,AR-971,AR-972,AR-973,AR-702,Unknown,AR-959,AR-967,AR-969,Unknown,Unknown,0.0,deGFP,Unknown,Labcraft,True,0.3837489618358479,2.157034990168609,1.1300287112849985,0.0118996013388325,4.009674288207724
20260319-DiscoveryPlate-R2-I11,I11,2026-03-19 00:00:00,20260319-DiscoveryPlate-R2,DiscoveryPlate-R2-GES4,Sample,AR-975,1.8,AR-905,1.8,220260319-DiscoveryPlate-R2-SMS,AR-902,2.415,AR-1028,0.0,0.0,10.0,5.0,8.0,60.0,42.5,2.6,2.5,0.399,50.0,0.0,0.0,1.0,1.0,1.0,0.02,2.0,2000.0,Cytation5,1705168.0,ext,M,AR-977,AR-954,new-Jon,AR-970,AR-971,AR-972,AR-973,AR-702,Unknown,AR-959,AR-967,AR-969,Unknown,Unknown,0.0,deGFP,Unknown,Labcraft,True,0.0127025509796562,3.2371170268734195,0.588454861266958,0.0004835957174332,4.141403956217954
20260319-DiscoveryPlate-R2-I12,I12,2026-03-19 00:00:00,20260319-DiscoveryPlate-R2,DiscoveryPlate-R2-GES21,Sample,AR-975,1.8,AR-905,1.8,220260319-DiscoveryPlate-R2-SMS,AR-902,2.73,AR-1028,0.0,0.0,10.0,5.0,25.0,60.0,40.0,2.2,2.7,0.399,50.0,0.0,0.0,1.0,1.0,1.0,0.02,2.0,2000.0,Cytation5,1705168.0,ext,M,AR-977,AR-954,new-Jon,AR-970,AR-971,AR-972,AR-973,AR-702,Unknown,AR-959,AR-967,AR-969,Unknown,Unknown,0.0,deGFP,Unknown,Labcraft,True,0.2573818297006774,2.1032678561457137,1.2238118184311535,0.0069452872342594,4.00665098795
20260319-DiscoveryPlate-R2-I13,I13,2026-03-19 00:00:00,20260319-DiscoveryPlate-R2,DiscoveryPlate-R2-GES26,Sample,AR-975,1.8,AR-905,1.8,220260319-DiscoveryPlate-R2-SMS,AR-902,2.52,AR-1028,0.0,0.0,10.0,5.0,8.0,20.0,100.0,3.0,1.9,0.3045,50.0,0.0,0.0,1.0,1.0,1.0,0.02,2.0,2000.0,Cytation5,1705168.0,ext,M,AR-977,AR-954,new-Jon,AR-970,AR-971,AR-972,AR-973,AR-702,Unknown,AR-959,AR-967,AR-969,Unknown,Unknown,0.0,deGFP,Unknown,Labcraft,True,0.4524741897070161,2.2198649726072395,1.1645743957231278,0.005959390261824,6.006111111111111
20260319-DiscoveryPlate-R2-I14,I14,2026-03-19 00:00:00,20260319-DiscoveryPlate-R2,DiscoveryPlate-R2-GES10,Sample,AR-975,1.8,AR-905,1.8,220260319-DiscoveryPlate-R2-SMS,AR-902,2.8,AR-1028,0.0,0.0,10.0,5.0,15.0,53.0,100.0,3.5,2.7,0.3815,50.0,0.0,0.0,1.0,1.0,1.0,0.02,2.0,2000.0,Cytation5,1705168.0,ext,M,AR-977,AR-954,new-Jon,AR-970,AR-971,AR-972,AR-973,AR-702,Unknown,AR-959,AR-967,AR-969,Unknown,Unknown,0.0,deGFP,Unknown,Labcraft,True,0.6286442751448551,1.9591951653625608,1.276556134899807,0.0132237267988535,5.028163150175371
20260319-DiscoveryPlate-R2-I15,I15,2026-03-19 00:00:00,20260319-DiscoveryPlate-R2,DiscoveryPlate-R2-GES20,Sample,AR-975,1.8,AR-905,1.8,220260319-DiscoveryPlate-R2-SMS,AR-902,3.85,AR-1028,0.0,0.0,10.0,5.0,23.0,60.0,77.5,3.2,2.3,0.1505,50.0,0.0,0.0,1.0,1.0,1.0,0.02,2.0,2000.0,Cytation5,1705168.0,ext,M,AR-977,AR-954,new-Jon,AR-970,AR-971,AR-972,AR-973,AR-702,Unknown,AR-959,AR-967,AR-969,Unknown,Unknown,0.0,deGFP,Unknown,Labcraft,True,0.4120224584494757,2.0738601619611643,1.0802946725553888,0.0319737679318078,2.001592345607087
20260319-DiscoveryPlate-R2-I9,I9,2026-03-19 00:00:00,20260319-DiscoveryPlate-R2,DiscoveryPlate-R2-GES5,Sample,AR-975,1.8,AR-905,1.8,220260319-DiscoveryPlate-R2-SMS,AR-902,2.625,AR-1028,0.0,0.0,10.0,5.0,1.0,44.0,40.0,2.4,2.7,0.259,50.0,0.0,0.0,1.0,1.0,1.0,0.02,2.0,2000.0,Cytation5,1705168.0,ext,M,AR-977,AR-954,new-Jon,AR-970,AR-971,AR-972,AR-973,AR-702,Unknown,AR-959,AR-967,AR-969,Unknown,Unknown,0.0,deGFP,Unknown,Labcraft,False,0.0051582022899246,,,,
20260319-DiscoveryPlate-R2-J10,J10,2026-03-19 00:00:00,20260319-DiscoveryPlate-R2,DiscoveryPlate-R2-GES33,Sample,AR-975,1.8,AR-905,1.8,220260319-DiscoveryPlate-R2-SMS,AR-902,1.855,AR-1028,0.0,0.0,10.0,5.0,12.0,4.0,112.5,2.7,1.9,0.308,50.0,0.0,0.0,1.0,1.0,1.0,0.02,2.0,2000.0,Cytation5,1705168.0,ext,M,AR-977,AR-954,new-Jon,AR-970,AR-971,AR-972,AR-973,AR-702,Unknown,AR-959,AR-967,AR-969,Unknown,Unknown,0.0,deGFP,Unknown,Labcraft,True,0.0140034085315662,3.253924391293067,0.8380146401288922,0.0003293675524351,4.144023779007038
20260319-DiscoveryPlate-R2-J11,J11,2026-03-19 00:00:00,20260319-DiscoveryPlate-R2,DiscoveryPlate-R2-GES17,Sample,AR-975,1.8,AR-905,1.8,220260319-DiscoveryPlate-R2-SMS,AR-902,3.36,AR-1028,0.0,0.0,10.0,5.0,8.0,33.0,112.5,2.2,1.5,0.399,50.0,0.0,0.0,1.0,1.0,1.0,0.02,2.0,2000.0,Cytation5,1705168.0,ext,M,AR-977,AR-954,new-Jon,AR-970,AR-971,AR-972,AR-973,AR-702,Unknown,AR-959,AR-967,AR-969,Unknown,Unknown,0.0,deGFP,Unknown,Labcraft,True,0.4523732372955977,2.438525926125776,1.0076794493335206,0.010345809303473,4.08775940816543
20260319-DiscoveryPlate-R2-J12,J12,2026-03-19 00:00:00,20260319-DiscoveryPlate-R2,DiscoveryPlate-R2-GES1,Sample,AR-975,1.8,AR-905,1.8,220260319-DiscoveryPlate-R2-SMS,AR-902,3.15,AR-1028,0.0,0.0,10.0,5.0,8.0,22.0,97.5,1.9,2.3,0.399,50.0,0.0,0.0,1.0,1.0,1.0,0.02,2.0,2000.0,Cytation5,1705168.0,ext,M,AR-977,AR-954,new-Jon,AR-970,AR-971,AR-972,AR-973,AR-702,Unknown,AR-959,AR-967,AR-969,Unknown,Unknown,0.0,deGFP,Unknown,Labcraft,True,0.592080627725501,1.9723256509551637,1.1404121483551444,0.0106900568066623,6.006111111111111
20260319-DiscoveryPlate-R2-J13,J13,2026-03-19 00:00:00,20260319-DiscoveryPlate-R2,DiscoveryPlate-R2-GES23,Sample,AR-975,1.8,AR-905,1.8,220260319-DiscoveryPlate-R2-SMS,AR-902,2.345,AR-1028,0.0,0.0,10.0,5.0,2.0,42.0,77.5,2.9,1.7,0.3605,50.0,0.0,0.0,1.0,1.0,1.0,0.02,2.0,2000.0,Cytation5,1705168.0,ext,M,AR-977,AR-954,new-Jon,AR-970,AR-971,AR-972,AR-973,AR-702,Unknown,AR-959,AR-967,AR-969,Unknown,Unknown,0.0,deGFP,Unknown,Labcraft,True,0.0031593222742912,1.1459757422694303,3.75608550321392,-0.000157450148048,3.933943810490747
20260319-DiscoveryPlate-R2-J14,J14,2026-03-19 00:00:00,20260319-DiscoveryPlate-R2,DiscoveryPlate-R2-GES22,Sample,AR-975,1.8,AR-905,1.8,220260319-DiscoveryPlate-R2-SMS,AR-902,2.94,AR-1028,0.0,0.0,10.0,5.0,7.0,0.0,125.0,3.5,2.1,0.3395,50.0,0.0,0.0,1.0,1.0,1.0,0.02,2.0,2000.0,Cytation5,1705168.0,ext,M,AR-977,AR-954,new-Jon,AR-970,AR-971,AR-972,AR-973,AR-702,Unknown,AR-959,AR-967,AR-969,Unknown,Unknown,0.0,deGFP,Unknown,Labcraft,True,0.1200866184239741,3.0474949070259494,0.9748072986397732,0.0013163355746873,4.121798718091758
20260319-DiscoveryPlate-R2-J15,J15,2026-03-19 00:00:00,20260319-DiscoveryPlate-R2,DiscoveryPlate-R2-GES3,Sample,AR-975,1.8,AR-905,1.8,220260319-DiscoveryPlate-R2-SMS,AR-902,1.855,AR-1028,0.0,0.0,10.0,5.0,7.0,45.0,77.5,2.9,2.0,0.2975,50.0,0.0,0.0,1.0,1.0,1.0,0.02,2.0,2000.0,Cytation5,1705168.0,ext,M,AR-977,AR-954,new-Jon,AR-970,AR-971,AR-972,AR-973,AR-702,Unknown,AR-959,AR-967,AR-969,Unknown,Unknown,0.0,deGFP,Unknown,Labcraft,True,0.0268579374240168,2.9071280404268696,0.9211901988591809,0.0004283283259063,4.103606040179555
20260319-DiscoveryPlate-R2-J9,J9,2026-03-19 00:00:00,20260319-DiscoveryPlate-R2,DiscoveryPlate-R2-GES6,Sample,AR-975,1.8,AR-905,1.8,220260319-DiscoveryPlate-R2-SMS,AR-902,3.99,AR-1028,0.0,0.0,10.0,5.0,8.0,13.0,102.5,2.8,2.1,0.3885,50.0,0.0,0.0,1.0,1.0,1.0,0.02,2.0,2000.0,Cytation5,1705168.0,ext,M,AR-977,AR-954,new-Jon,AR-970,AR-971,AR-972,AR-973,AR-702,Unknown,AR-959,AR-967,AR-969,Unknown,Unknown,0.0,deGFP,Unknown,Labcraft,True,0.341319302429543,2.8158598373091666,1.0340431504374656,0.0043590663078682,4.110760633372688
Genscript-PPK-custom-Smix-B10,B10,2026-03-25 00:00:00,Genscript-PPK-custom-Smix,CP/CK 8mM Mg2+,Sample,NEB Sol B,1.8,NEB Sol B,1.8,3X Smix+tRNA-CP-Mg,AR-900,3.5,AR-804,0.0,3.0,10.0,2.98,8.0,20.0,100.0,2.0,2.0,0.3,50.0,0.0,0.0,1.0,1.0,1.0,0.02,2.0,0.0,Synergy 2,206621,35,F,Unknown,Unknown,Unknown,Unknown,Unknown,Unknown,Unknown,Unknown,Unknown,Unknown,Unknown,Unknown,Unknown,Unknown,0.0,plamGFP,Unknown,R&D,True,1.2563761123348889,3.305336290526856,1.0482420315103702,0.0343702488522332,2.311702147488126
Genscript-PPK-custom-Smix-B12,B12,2026-03-25 00:00:00,Genscript-PPK-custom-Smix,CP/CK 8mM Mg2+,Sample,NEB Sol B,1.8,NEB Sol B,1.8,3X Smix+tRNA-CP-Mg,AR-900,3.5,AR-804,0.0,3.0,10.0,2.98,8.0,20.0,100.0,2.0,2.0,0.3,50.0,0.0,0.0,1.0,1.0,1.0,0.02,2.0,0.0,Synergy 2,206621,35,F,Unknown,Unknown,Unknown,Unknown,Unknown,Unknown,Unknown,Unknown,Unknown,Unknown,Unknown,Unknown,Unknown,Unknown,0.0,plamGFP,Unknown,R&D,True,1.0420380159871072,3.3341503266034276,1.031696089852239,0.0295180133470207,2.357188950230949
Genscript-PPK-custom-Smix-B8,B8,2026-03-25 00:00:00,Genscript-PPK-custom-Smix,CP/CK 8mM Mg2+,Sample,NEB Sol B,1.8,NEB Sol B,1.8,3X Smix+tRNA-CP-Mg,AR-900,3.5,AR-804,0.0,3.0,10.0,2.98,8.0,20.0,100.0,2.0,2.0,0.3,50.0,0.0,0.0,1.0,1.0,1.0,0.02,2.0,0.0,Synergy 2,206621,35,F,Unknown,Unknown,Unknown,Unknown,Unknown,Unknown,Unknown,Unknown,Unknown,Unknown,Unknown,Unknown,Unknown,Unknown,0.0,plamGFP,Unknown,R&D,True,1.357799657852064,3.2817803526179423,1.0511020398630904,0.0358836003375416,2.3774343514989633
Genscript-PPK-custom-Smix-D10,D10,2026-03-25 00:00:00,Genscript-PPK-custom-Smix,CP/CK + polyP + 18 mM Mg,Sample,NEB Sol B,1.8,NEB Sol B,1.8,3X Smix+tRNA-CP-Mg,AR-900,3.5,AR-804,0.0,3.0,10.0,2.98,18.0,20.0,100.0,2.0,2.0,0.3,50.0,0.0,30.0,1.0,1.0,1.0,0.02,2.0,0.0,Synergy 2,206621,35,F,Unknown,Unknown,Unknown,Unknown,Unknown,Unknown,Unknown,Unknown,Unknown,Unknown,Unknown,Unknown,Unknown,Unknown,0.0,plamGFP,Unknown,R&D,True,3.4296165653057904,2.628195600994695,1.2204155241506098,0.0836279984418902,2.8985494449878377
Genscript-PPK-custom-Smix-D12,D12,2026-03-25 00:00:00,Genscript-PPK-custom-Smix,CP/CK + polyP + 18 mM Mg,Sample,NEB Sol B,1.8,NEB Sol B,1.8,3X Smix+tRNA-CP-Mg,AR-900,3.5,AR-804,0.0,3.0,10.0,2.98,18.0,20.0,100.0,2.0,2.0,0.3,50.0,0.0,30.0,1.0,1.0,1.0,0.02,2.0,0.0,Synergy 2,206621,35,F,Unknown,Unknown,Unknown,Unknown,Unknown,Unknown,Unknown,Unknown,Unknown,Unknown,Unknown,Unknown,Unknown,Unknown,0.0,plamGFP,Unknown,R&D,True,2.4980515523117663,2.7695885673984004,1.1832050018083295,0.0701211449546427,2.5494154779070968
Genscript-PPK-custom-Smix-D8,D8,2026-03-25 00:00:00,Genscript-PPK-custom-Smix,CP/CK + polyP + 18 mM Mg,Sample,NEB Sol B,1.8,NEB Sol B,1.8,3X Smix+tRNA-CP-Mg,AR-900,3.5,AR-804,0.0,3.0,10.0,2.98,18.0,20.0,100.0,2.0,2.0,0.3,50.0,0.0,30.0,1.0,1.0,1.0,0.02,2.0,0.0,Synergy 2,206621,35,F,Unknown,Unknown,Unknown,Unknown,Unknown,Unknown,Unknown,Unknown,Unknown,Unknown,Unknown,Unknown,Unknown,Unknown,0.0,plamGFP,Unknown,R&D,True,3.720515758526708,2.4451375889386124,1.2444380880563162,0.083169605299576,3.4640673243625852
Genscript-PPK-custom-Smix-F10,F10,2026-03-25 00:00:00,Genscript-PPK-custom-Smix,PPK/polyP + 18 mM Mg2+,Sample,NEB Sol B,1.8,NEB Sol B,1.8,3X Smix+tRNA-CP-Mg,AR-900,3.5,AR-804,0.0,3.0,10.0,2.98,18.0,0.0,100.0,2.0,2.0,0.3,50.0,1.958,30.0,1.0,1.0,1.0,0.02,2.0,0.0,Synergy 2,206621,35,F,Unknown,Unknown,Unknown,Unknown,Unknown,Unknown,Unknown,Unknown,Unknown,Unknown,Unknown,Unknown,Unknown,Genscript,0.0,plamGFP,Unknown,R&D,True,0.7494074563625974,5.364843265218225,0.7523685741945053,0.0238409327021156,1.831147555569691
Genscript-PPK-custom-Smix-F12,F12,2026-03-25 00:00:00,Genscript-PPK-custom-Smix,PPK/polyP + 18 mM Mg2+,Sample,NEB Sol B,1.8,NEB Sol B,1.8,3X Smix+tRNA-CP-Mg,AR-900,3.5,AR-804,0.0,3.0,10.0,2.98,18.0,0.0,100.0,2.0,2.0,0.3,50.0,1.958,30.0,1.0,1.0,1.0,0.02,2.0,0.0,Synergy 2,206621,35,F,Unknown,Unknown,Unknown,Unknown,Unknown,Unknown,Unknown,Unknown,Unknown,Unknown,Unknown,Unknown,Unknown,Genscript,0.0,plamGFP,Unknown,R&D,True,0.722869938532046,5.432829500499129,0.7617404951457152,0.0233844065293483,1.70140983268746
Genscript-PPK-custom-Smix-F8,F8,2026-03-25 00:00:00,Genscript-PPK-custom-Smix,PPK/polyP + 18 mM Mg2+,Sample,NEB Sol B,1.8,NEB Sol B,1.8,3X Smix+tRNA-CP-Mg,AR-900,3.5,AR-804,0.0,3.0,10.0,2.98,18.0,0.0,100.0,2.0,2.0,0.3,50.0,1.958,30.0,1.0,1.0,1.0,0.02,2.0,0.0,Synergy 2,206621,35,F,Unknown,Unknown,Unknown,Unknown,Unknown,Unknown,Unknown,Unknown,Unknown,Unknown,Unknown,Unknown,Unknown,Genscript,0.0,plamGFP,Unknown,R&D,True,0.7500208794298814,5.343934178295671,0.7341613755604924,0.0245819513759349,1.8861508323391376
Genscript-PPK-custom-Smix-H10,H10,2026-03-25 00:00:00,Genscript-PPK-custom-Smix,CP/CK + PPK/polyP + 18 mM Mg2+,Sample,NEB Sol B,1.8,NEB Sol B,1.8,3X Smix+tRNA-CP-Mg,AR-900,3.5,AR-804,0.0,3.0,10.0,2.98,18.0,20.0,100.0,2.0,2.0,0.3,50.0,1.958,30.0,1.0,1.0,1.0,0.02,2.0,0.0,Synergy 2,206621,35,F,Unknown,Unknown,Unknown,Unknown,Unknown,Unknown,Unknown,Unknown,Unknown,Unknown,Unknown,Unknown,Unknown,Genscript,0.0,plamGFP,Unknown,R&D,True,3.2436406002567457,2.506246071312162,1.2404576749090284,0.0874164693844253,2.8848515999498567
Genscript-PPK-custom-Smix-H12,H12,2026-03-25 00:00:00,Genscript-PPK-custom-Smix,CP/CK + PPK/polyP + 18 mM Mg2+,Sample,NEB Sol B,1.8,NEB Sol B,1.8,3X Smix+tRNA-CP-Mg,AR-900,3.5,AR-804,0.0,3.0,10.0,2.98,18.0,20.0,100.0,2.0,2.0,0.3,50.0,1.958,30.0,1.0,1.0,1.0,0.02,2.0,0.0,Synergy 2,206621,35,F,Unknown,Unknown,Unknown,Unknown,Unknown,Unknown,Unknown,Unknown,Unknown,Unknown,Unknown,Unknown,Unknown,Genscript,0.0,plamGFP,Unknown,R&D,True,2.6513814652707315,2.6509358275095365,1.2094380999769532,0.0772122381101844,2.585085254972479
Genscript-PPK-custom-Smix-H8,H8,2026-03-25 00:00:00,Genscript-PPK-custom-Smix,CP/CK + PPK/polyP + 18 mM Mg2+,Sample,NEB Sol B,1.8,NEB Sol B,1.8,3X Smix+tRNA-CP-Mg,AR-900,3.5,AR-804,0.0,3.0,10.0,2.98,18.0,20.0,100.0,2.0,2.0,0.3,50.0,1.958,30.0,1.0,1.0,1.0,0.02,2.0,0.0,Synergy 2,206621,35,F,Unknown,Unknown,Unknown,Unknown,Unknown,Unknown,Unknown,Unknown,Unknown,Unknown,Unknown,Unknown,Unknown,Genscript,0.0,plamGFP,Unknown,R&D,True,3.8630579422921256,2.1088558548172043,1.3086355882033385,0.0859915207984994,4.266793630256247
Genscript-PPK-custom-Smix-J10,J10,2026-03-25 00:00:00,Genscript-PPK-custom-Smix,PURExpress Positive Control,Control,NEB Sol B,1.8,NEB Sol B,1.8,NEB Sol A,NEB Sol B,3.5,AR-804,0.0,3.0,10.0,2.98,0.0,0.0,100.0,2.0,2.0,0.3,50.0,0.0,0.0,1.0,1.0,1.0,0.02,2.0,0.0,Synergy 2,206621,35,F,NEB Sol A,NEB Sol A,NEB Sol A,NEB Sol A,NEB Sol A,NEB Sol A,NEB Sol A,NEB Sol A,NEB Sol A,NEB Sol A,NEB Sol A,NEB Sol A,NEB Sol A,NEB Sol A,0.0,plamGFP,Unknown,R&D,True,2.272708457068702,2.7211988747986924,1.2625719427455442,0.0697368801582427,2.52918080028883
Genscript-PPK-custom-Smix-J12,J12,2026-03-25 00:00:00,Genscript-PPK-custom-Smix,PURExpress Positive Control,Control,NEB Sol B,1.8,NEB Sol B,1.8,NEB Sol A,NEB Sol B,3.5,AR-804,0.0,3.0,10.0,2.98,0.0,0.0,100.0,2.0,2.0,0.3,50.0,0.0,0.0,1.0,1.0,1.0,0.02,2.0,0.0,Synergy 2,206621,35,F,NEB Sol A,NEB Sol A,NEB Sol A,NEB Sol A,NEB Sol A,NEB Sol A,NEB Sol A,NEB Sol A,NEB Sol A,NEB Sol A,NEB Sol A,NEB Sol A,NEB Sol A,NEB Sol A,0.0,plamGFP,Unknown,R&D,True,2.2262024767386923,2.731663142791939,1.2583010764420122,0.0710574007898433,2.440368045644653
Genscript-PPK-custom-Smix-J8,J8,2026-03-25 00:00:00,Genscript-PPK-custom-Smix,PURExpress Positive Control,Control,NEB Sol B,1.8,NEB Sol B,1.8,NEB Sol A,NEB Sol B,3.5,AR-804,0.0,3.0,10.0,2.98,0.0,0.0,100.0,2.0,2.0,0.3,50.0,0.0,0.0,1.0,1.0,1.0,0.02,2.0,0.0,Synergy 2,206621,35,F,NEB Sol A,NEB Sol A,NEB Sol A,NEB Sol A,NEB Sol A,NEB Sol A,NEB Sol A,NEB Sol A,NEB Sol A,NEB Sol A,NEB Sol A,NEB Sol A,NEB Sol A,NEB Sol A,0.0,plamGFP,Unknown,R&D,True,2.253557113431209,2.7379193228128815,1.254554771037744,0.0686776526697491,2.544730506591023
tRNA AR-1035 Activity QC-B10,B10,2026-03-26 00:00:00,tRNA AR-1035 Activity QC,tRNA AR-1035,Sample,AR-1044,1.8,AR-965,1.8,AR-976,AR-1035,3.494,AR-1028,5.55,1.2,10.0,3.016304347826087,8.0,20.0,100.0,2.0,2.0,0.3,50.0,0.0,0.0,1.0,1.0,1.0,0.02,2.0,2000.0,Synergy 2,206621,35,F,Unknown,Unknown,Unknown,Unknown,Unknown,Unknown,Unknown,Unknown,Unknown,Unknown,Unknown,Unknown,Unknown,Unknown,0.0,deGFP,Unknown,MFG,True,0.8937812951240386,3.731836721053709,0.6970111456847199,0.0101179172883133,5.734965080327995
tRNA AR-1035 Activity QC-B14,B14,2026-03-26 00:00:00,tRNA AR-1035 Activity QC,Positive Control,Positive Control,NEB Sol B,1.8,NEB Sol B,1.8,NEB Sol A,NEB Sol B,3.5,AR-1028,5.55,3.0,10.0,3.016304347826087,8.0,20.0,100.0,2.0,2.0,0.3,50.0,0.0,0.0,1.0,1.0,1.0,0.02,2.0,2000.0,Synergy 2,206621,35,F,NEB Sol A,NEB Sol A,NEB Sol A,NEB Sol A,NEB Sol A,NEB Sol A,NEB Sol A,NEB Sol A,NEB Sol A,NEB Sol A,NEB Sol A,NEB Sol A,NEB Sol A,NEB Sol A,0.0,deGFP,Unknown,MFG,True,1.1824413206379996,2.4576533160896368,0.9710578565358864,0.0173636053655053,6.016666666666667
tRNA AR-1035 Activity QC-D10,D10,2026-03-26 00:00:00,tRNA AR-1035 Activity QC,tRNA AR-1035,Sample,AR-1044,1.8,AR-965,1.8,AR-976,AR-1035,3.494,AR-1028,5.55,1.2,10.0,3.016304347826087,8.0,20.0,100.0,2.0,2.0,0.3,50.0,0.0,0.0,1.0,1.0,1.0,0.02,2.0,2000.0,Synergy 2,206621,35,F,Unknown,Unknown,Unknown,Unknown,Unknown,Unknown,Unknown,Unknown,Unknown,Unknown,Unknown,Unknown,Unknown,Unknown,0.0,deGFP,Unknown,MFG,True,0.8839994914744181,3.575651379387822,0.6976708231492734,0.0110439716004535,6.016666666666667
tRNA AR-1035 Activity QC-D14,D14,2026-03-26 00:00:00,tRNA AR-1035 Activity QC,Positive Control,Positive Control,NEB Sol B,1.8,NEB Sol B,1.8,NEB Sol A,NEB Sol B,3.5,AR-1028,5.55,3.0,10.0,3.016304347826087,8.0,20.0,100.0,2.0,2.0,0.3,50.0,0.0,0.0,1.0,1.0,1.0,0.02,2.0,2000.0,Synergy 2,206621,35,F,NEB Sol A,NEB Sol A,NEB Sol A,NEB Sol A,NEB Sol A,NEB Sol A,NEB Sol A,NEB Sol A,NEB Sol A,NEB Sol A,NEB Sol A,NEB Sol A,NEB Sol A,NEB Sol A,0.0,deGFP,Unknown,MFG,True,1.1949866628229315,2.4720881036647424,0.9619176631003512,0.0175430305031899,6.016666666666667
tRNA AR-1035 Activity QC-F10,F10,2026-03-26 00:00:00,tRNA AR-1035 Activity QC,tRNA AR-1035,Sample,AR-1044,1.8,AR-965,1.8,AR-976,AR-1035,3.494,AR-1028,5.55,1.2,10.0,3.016304347826087,8.0,20.0,100.0,2.0,2.0,0.3,50.0,0.0,0.0,1.0,1.0,1.0,0.02,2.0,2000.0,Synergy 2,206621,35,F,Unknown,Unknown,Unknown,Unknown,Unknown,Unknown,Unknown,Unknown,Unknown,Unknown,Unknown,Unknown,Unknown,Unknown,0.0,deGFP,Unknown,MFG,True,0.8868279292871115,3.5382685956521516,0.6944742924397438,0.0114086228087748,6.016666666666667
tRNA AR-1035 Activity QC-F14,F14,2026-03-26 00:00:00,tRNA AR-1035 Activity QC,Positive Control,Positive Control,NEB Sol B,1.8,NEB Sol B,1.8,NEB Sol A,NEB Sol B,3.5,AR-1028,5.55,3.0,10.0,3.016304347826087,8.0,20.0,100.0,2.0,2.0,0.3,50.0,0.0,0.0,1.0,1.0,1.0,0.02,2.0,2000.0,Synergy 2,206621,35,F,NEB Sol A,NEB Sol A,NEB Sol A,NEB Sol A,NEB Sol A,NEB Sol A,NEB Sol A,NEB Sol A,NEB Sol A,NEB Sol A,NEB Sol A,NEB Sol A,NEB Sol A,NEB Sol A,0.0,deGFP,Unknown,MFG,True,1.1299327243079844,2.386671746328746,0.97370066924398,0.0177073776535061,6.016666666666667
Ribosome-MFG-194-AR-1076-AR-1077-Activity-QC-B16,B16,2026-03-30 00:00:00,Ribosome-MFG-194-AR-1076-AR-1077-Activity-QC,Positive Control,Positive Control,NEB Sol B,1.8,NEB Sol B,1.8,NEB Sol A,NEB Sol B,3.5,AR-1028,5.55,3.0,10.0,3.016304347826087,8.0,20.0,100.0,2.0,2.0,0.3,50.0,0.0,0.0,1.0,1.0,1.0,0.02,2.0,2000.0,Cytation5,1705168,ext,M,NEB Sol A,NEB Sol A,NEB Sol A,NEB Sol A,NEB Sol A,NEB Sol A,NEB Sol A,NEB Sol A,NEB Sol A,NEB Sol A,NEB Sol A,NEB Sol A,NEB Sol A,NEB Sol A,0.0,deGFP,Unknown,MFG,True,1.1005504427973791,2.490421721759563,1.0778491666275538,0.0131557598328228,6.013055555555556
Ribosome-MFG-194-AR-1076-AR-1077-Activity-QC-B4,B4,2026-03-30 00:00:00,Ribosome-MFG-194-AR-1076-AR-1077-Activity-QC,Ribosome AR-1076,Sample,AR-1060,1.8,AR-1076,1.8,AR-976,AR-1035,3.5,AR-1028,5.55,1.2,10.0,3.016304347826087,8.0,20.0,100.0,2.0,2.0,0.3,50.0,0.0,0.0,1.0,1.0,1.0,0.02,2.0,2000.0,Cytation5,1705168,ext,M,Unknown,Unknown,Unknown,Unknown,Unknown,Unknown,Unknown,Unknown,Unknown,Unknown,Unknown,Unknown,Unknown,Unknown,0.0,deGFP,Unknown,MFG,True,0.9718535037968904,4.3811562968527245,0.7345773585364204,0.0058230255451279,6.013055555555556
Ribosome-MFG-194-AR-1076-AR-1077-Activity-QC-B6,B6,2026-03-30 00:00:00,Ribosome-MFG-194-AR-1076-AR-1077-Activity-QC,Ribosome AR-1077,Sample,AR-1060,1.8,AR-1077,1.8,AR-976,AR-1035,3.5,AR-1028,5.55,1.2,10.0,3.016304347826087,8.0,20.0,100.0,2.0,2.0,0.3,50.0,0.0,0.0,1.0,1.0,1.0,0.02,2.0,2000.0,Cytation5,1705168,ext,M,Unknown,Unknown,Unknown,Unknown,Unknown,Unknown,Unknown,Unknown,Unknown,Unknown,Unknown,Unknown,Unknown,Unknown,0.0,deGFP,Unknown,MFG,True,0.8448236432268671,4.692474703785709,0.7646111822854663,0.0019693633563066,6.013055555555556
Ribosome-MFG-194-AR-1076-AR-1077-Activity-QC-D16,D16,2026-03-30 00:00:00,Ribosome-MFG-194-AR-1076-AR-1077-Activity-QC,Positive Control,Positive Control,NEB Sol B,1.8,NEB Sol B,1.8,NEB Sol A,NEB Sol B,3.5,AR-1028,5.55,3.0,10.0,3.016304347826087,8.0,20.0,100.0,2.0,2.0,0.3,50.0,0.0,0.0,1.0,1.0,1.0,0.02,2.0,2000.0,Cytation5,1705168,ext,M,NEB Sol A,NEB Sol A,NEB Sol A,NEB Sol A,NEB Sol A,NEB Sol A,NEB Sol A,NEB Sol A,NEB Sol A,NEB Sol A,NEB Sol A,NEB Sol A,NEB Sol A,NEB Sol A,0.0,deGFP,Unknown,MFG,True,1.122917438103319,2.5439975296144803,1.0642844260756,0.0126817781512167,6.013055555555556
Ribosome-MFG-194-AR-1076-AR-1077-Activity-QC-D4,D4,2026-03-30 00:00:00,Ribosome-MFG-194-AR-1076-AR-1077-Activity-QC,Ribosome AR-1076,Sample,AR-1060,1.8,AR-1076,1.8,AR-976,AR-1035,3.5,AR-1028,5.55,1.2,10.0,3.016304347826087,8.0,20.0,100.0,2.0,2.0,0.3,50.0,0.0,0.0,1.0,1.0,1.0,0.02,2.0,2000.0,Cytation5,1705168,ext,M,Unknown,Unknown,Unknown,Unknown,Unknown,Unknown,Unknown,Unknown,Unknown,Unknown,Unknown,Unknown,Unknown,Unknown,0.0,deGFP,Unknown,MFG,True,1.0024477002741097,4.43125710503838,0.7207084848385177,0.0060403005722422,6.013055555555556
Ribosome-MFG-194-AR-1076-AR-1077-Activity-QC-D6,D6,2026-03-30 00:00:00,Ribosome-MFG-194-AR-1076-AR-1077-Activity-QC,Ribosome AR-1077,Sample,AR-1060,1.8,AR-1077,1.8,AR-976,AR-1035,3.5,AR-1028,5.55,1.2,10.0,3.016304347826087,8.0,20.0,100.0,2.0,2.0,0.3,50.0,0.0,0.0,1.0,1.0,1.0,0.02,2.0,2000.0,Cytation5,1705168,ext,M,Unknown,Unknown,Unknown,Unknown,Unknown,Unknown,Unknown,Unknown,Unknown,Unknown,Unknown,Unknown,Unknown,Unknown,0.0,deGFP,Unknown,MFG,True,0.8239383743903334,4.619310493943332,0.756689731079262,0.002847356547852,6.013055555555556
Ribosome-MFG-194-AR-1076-AR-1077-Activity-QC-F16,F16,2026-03-30 00:00:00,Ribosome-MFG-194-AR-1076-AR-1077-Activity-QC,Positive Control,Positive Control,NEB Sol B,1.8,NEB Sol B,1.8,NEB Sol A,NEB Sol B,3.5,AR-1028,5.55,3.0,10.0,3.016304347826087,8.0,20.0,100.0,2.0,2.0,0.3,50.0,0.0,0.0,1.0,1.0,1.0,0.02,2.0,2000.0,Cytation5,1705168,ext,M,NEB Sol A,NEB Sol A,NEB Sol A,NEB Sol A,NEB Sol A,NEB Sol A,NEB Sol A,NEB Sol A,NEB Sol A,NEB Sol A,NEB Sol A,NEB Sol A,NEB Sol A,NEB Sol A,0.0,deGFP,Unknown,MFG,True,0.981083072562428,2.4552872043972624,1.073695269200193,0.0133601398684237,5.621484652679324
Ribosome-MFG-194-AR-1076-AR-1077-Activity-QC-F4,F4,2026-03-30 00:00:00,Ribosome-MFG-194-AR-1076-AR-1077-Activity-QC,Ribosome AR-1076,Sample,AR-1060,1.8,AR-1076,1.8,AR-976,AR-1035,3.5,AR-1028,5.55,1.2,10.0,3.016304347826087,8.0,20.0,100.0,2.0,2.0,0.3,50.0,0.0,0.0,1.0,1.0,1.0,0.02,2.0,2000.0,Cytation5,1705168,ext,M,Unknown,Unknown,Unknown,Unknown,Unknown,Unknown,Unknown,Unknown,Unknown,Unknown,Unknown,Unknown,Unknown,Unknown,0.0,deGFP,Unknown,MFG,True,1.0214225187502677,4.504208986663515,0.7114194912535758,0.0052538020307431,6.013055555555556
Ribosome-MFG-194-AR-1076-AR-1077-Activity-QC-F6,F6,2026-03-30 00:00:00,Ribosome-MFG-194-AR-1076-AR-1077-Activity-QC,Ribosome AR-1077,Sample,AR-1060,1.8,AR-1077,1.8,AR-976,AR-1035,3.5,AR-1028,5.55,1.2,10.0,3.016304347826087,8.0,20.0,100.0,2.0,2.0,0.3,50.0,0.0,0.0,1.0,1.0,1.0,0.02,2.0,2000.0,Cytation5,1705168,ext,M,Unknown,Unknown,Unknown,Unknown,Unknown,Unknown,Unknown,Unknown,Unknown,Unknown,Unknown,Unknown,Unknown,Unknown,0.0,deGFP,Unknown,MFG,True,0.8193087899011356,4.771605867405481,0.726715097774452,0.0029825522829145,6.013055555555556
tRNA-MFG-193-AR-1080-Activity-QC-B16,B16,2026-04-01 00:00:00,tRNA-MFG-193-AR-1080-Activity-QC,Positive Control,Positive Control,NEB Sol B,1.8,NEB Sol B,1.8,NEB Sol A,NEB Sol B,3.5,AR-1028,5.55,3.0,10.0,3.016304347826087,8.0,20.0,100.0,2.0,2.0,0.3,50.0,0.0,0.0,1.0,1.0,1.0,0.02,2.0,2000.0,Cytation5,1705168,ext,M,NEB Sol A,NEB Sol A,NEB Sol A,NEB Sol A,NEB Sol A,NEB Sol A,NEB Sol A,NEB Sol A,NEB Sol A,NEB Sol A,NEB Sol A,NEB Sol A,NEB Sol A,NEB Sol A,0.0,deGFP,Unknown,MFG,True,1.1005504427973791,2.490421721759563,1.0778491666275538,0.0131557598328228,6.013055555555556
tRNA-MFG-193-AR-1080-Activity-QC-B2,B2,2026-04-01 00:00:00,tRNA-MFG-193-AR-1080-Activity-QC,tRNA AR-1080,Sample,AR-1060,1.8,AR-1011,1.8,AR-976,AR-1080,3.5,AR-1028,5.55,1.2,10.0,3.016304347826087,8.0,20.0,100.0,2.0,2.0,0.3,50.0,0.0,0.0,1.0,1.0,1.0,0.02,2.0,2000.0,Cytation5,1705168,ext,M,Unknown,Unknown,Unknown,Unknown,Unknown,Unknown,Unknown,Unknown,Unknown,Unknown,Unknown,Unknown,Unknown,Unknown,0.0,deGFP,Unknown,MFG,True,1.0361268571868725,4.841868644045921,0.6940720957030544,0.0050504607667783,6.013055555555556
tRNA-MFG-193-AR-1080-Activity-QC-D16,D16,2026-04-01 00:00:00,tRNA-MFG-193-AR-1080-Activity-QC,Positive Control,Positive Control,NEB Sol B,1.8,NEB Sol B,1.8,NEB Sol A,NEB Sol B,3.5,AR-1028,5.55,3.0,10.0,3.016304347826087,8.0,20.0,100.0,2.0,2.0,0.3,50.0,0.0,0.0,1.0,1.0,1.0,0.02,2.0,2000.0,Cytation5,1705168,ext,M,NEB Sol A,NEB Sol A,NEB Sol A,NEB Sol A,NEB Sol A,NEB Sol A,NEB Sol A,NEB Sol A,NEB Sol A,NEB Sol A,NEB Sol A,NEB Sol A,NEB Sol A,NEB Sol A,0.0,deGFP,Unknown,MFG,True,1.122917438103319,2.5439975296144803,1.0642844260756,0.0126817781512167,6.013055555555556
tRNA-MFG-193-AR-1080-Activity-QC-D2,D2,2026-04-01 00:00:00,tRNA-MFG-193-AR-1080-Activity-QC,tRNA AR-1080,Sample,AR-1060,1.8,AR-1011,1.8,AR-976,AR-1080,3.5,AR-1028,5.55,1.2,10.0,3.016304347826087,8.0,20.0,100.0,2.0,2.0,0.3,50.0,0.0,0.0,1.0,1.0,1.0,0.02,2.0,2000.0,Cytation5,1705168,ext,M,Unknown,Unknown,Unknown,Unknown,Unknown,Unknown,Unknown,Unknown,Unknown,Unknown,Unknown,Unknown,Unknown,Unknown,0.0,deGFP,Unknown,MFG,True,1.0718809372756255,4.926587583641447,0.6772094535059334,0.0047951967675876,6.013055555555556
tRNA-MFG-193-AR-1080-Activity-QC-F16,F16,2026-04-01 00:00:00,tRNA-MFG-193-AR-1080-Activity-QC,Positive Control,Positive Control,NEB Sol B,1.8,NEB Sol B,1.8,NEB Sol A,NEB Sol B,3.5,AR-1028,5.55,3.0,10.0,3.016304347826087,8.0,20.0,100.0,2.0,2.0,0.3,50.0,0.0,0.0,1.0,1.0,1.0,0.02,2.0,2000.0,Cytation5,1705168,ext,M,NEB Sol A,NEB Sol A,NEB Sol A,NEB Sol A,NEB Sol A,NEB Sol A,NEB Sol A,NEB Sol A,NEB Sol A,NEB Sol A,NEB Sol A,NEB Sol A,NEB Sol A,NEB Sol A,0.0,deGFP,Unknown,MFG,True,0.981083072562428,2.4552872043972624,1.073695269200193,0.0133601398684237,5.621484652679324
tRNA-MFG-193-AR-1080-Activity-QC-F2,F2,2026-04-01 00:00:00,tRNA-MFG-193-AR-1080-Activity-QC,tRNA AR-1080,Sample,AR-1060,1.8,AR-1011,1.8,AR-976,AR-1080,3.5,AR-1028,5.55,1.2,10.0,3.016304347826087,8.0,20.0,100.0,2.0,2.0,0.3,50.0,0.0,0.0,1.0,1.0,1.0,0.02,2.0,2000.0,Cytation5,1705168,ext,M,Unknown,Unknown,Unknown,Unknown,Unknown,Unknown,Unknown,Unknown,Unknown,Unknown,Unknown,Unknown,Unknown,Unknown,0.0,deGFP,Unknown,MFG,True,1.0224363932250655,4.891341270424902,0.6713423564844635,0.0048007705735691,6.013055555555556
PPK-custom-Smix-without-PEG-B2,B2,2026-04-13 00:00:00,PPK-custom-Smix-without-PEG,CP/CK 8mM Mg2+,Sample,NEB Sol B,1.8,NEB Sol B,1.8,3X Smix+tRNA-CP-Mg,AR-900,3.5,pOpen-plamGFP,0.0,3.0,10.0,2.98,8.0,20.0,100.0,2.0,2.0,0.3,50.0,0.0,0.0,1.0,1.0,1.0,0.02,2.0,0.0,Cytation3,130723A,35,F,Unknown,Unknown,Unknown,Unknown,Unknown,Unknown,Unknown,Unknown,Unknown,Unknown,Unknown,Unknown,Unknown,Unknown,0.0,plamGFP,Unknown,R&D,True,1.4345321524474977,2.116384404288996,1.2491224181041494,0.0239145881004652,6.0
PPK-custom-Smix-without-PEG-B4,B4,2026-04-13 00:00:00,PPK-custom-Smix-without-PEG,CP/CK 8mM Mg2+,Sample,NEB Sol B,1.8,NEB Sol B,1.8,3X Smix+tRNA-CP-Mg,AR-900,3.5,pOpen-plamGFP,0.0,3.0,10.0,2.98,8.0,20.0,100.0,2.0,2.0,0.3,50.0,0.0,0.0,1.0,1.0,1.0,0.02,2.0,0.0,Cytation3,130723A,35,F,Unknown,Unknown,Unknown,Unknown,Unknown,Unknown,Unknown,Unknown,Unknown,Unknown,Unknown,Unknown,Unknown,Unknown,0.0,plamGFP,Unknown,R&D,True,1.4381610589243854,2.11737677945033,1.2529321355587455,0.0237719255685824,6.0
PPK-custom-Smix-without-PEG-B6,B6,2026-04-13 00:00:00,PPK-custom-Smix-without-PEG,CP/CK 8mM Mg2+,Sample,NEB Sol B,1.8,NEB Sol B,1.8,3X Smix+tRNA-CP-Mg,AR-900,3.5,pOpen-plamGFP,0.0,3.0,10.0,2.98,8.0,20.0,100.0,2.0,2.0,0.3,50.0,0.0,0.0,1.0,1.0,1.0,0.02,2.0,0.0,Cytation3,130723A,35,F,Unknown,Unknown,Unknown,Unknown,Unknown,Unknown,Unknown,Unknown,Unknown,Unknown,Unknown,Unknown,Unknown,Unknown,0.0,plamGFP,Unknown,R&D,True,1.4332999179512134,2.148682932034504,1.2616228779827665,0.0224850416884838,6.0
PPK-custom-Smix-without-PEG-D2,D2,2026-04-13 00:00:00,PPK-custom-Smix-without-PEG,CP/CK Negative Control (-CP),Sample,NEB Sol B,1.8,NEB Sol B,1.8,3X Smix+tRNA-CP-Mg,AR-900,3.5,pOpen-plamGFP,0.0,3.0,10.0,2.98,8.0,0.0,100.0,2.0,2.0,0.3,50.0,0.0,0.0,1.0,1.0,1.0,0.02,2.0,0.0,Cytation3,130723A,35,F,Unknown,Unknown,Unknown,Unknown,Unknown,Unknown,Unknown,Unknown,Unknown,Unknown,Unknown,Unknown,Unknown,Unknown,0.0,plamGFP,Unknown,R&D,True,0.1895727659212308,3.276115142363242,0.9938885531606836,0.005008917115788,4.026828197226987
PPK-custom-Smix-without-PEG-D4,D4,2026-04-13 00:00:00,PPK-custom-Smix-without-PEG,CP/CK Negative Control (-CP),Sample,NEB Sol B,1.8,NEB Sol B,1.8,3X Smix+tRNA-CP-Mg,AR-900,3.5,pOpen-plamGFP,0.0,3.0,10.0,2.98,8.0,0.0,100.0,2.0,2.0,0.3,50.0,0.0,0.0,1.0,1.0,1.0,0.02,2.0,0.0,Cytation3,130723A,35,F,Unknown,Unknown,Unknown,Unknown,Unknown,Unknown,Unknown,Unknown,Unknown,Unknown,Unknown,Unknown,Unknown,Unknown,0.0,plamGFP,Unknown,R&D,True,0.1801177985311497,3.248791268025476,0.9874805832153638,0.0048933758823652,4.025386313324348
PPK-custom-Smix-without-PEG-D6,D6,2026-04-13 00:00:00,PPK-custom-Smix-without-PEG,CP/CK Negative Control (-CP),Sample,NEB Sol B,1.8,NEB Sol B,1.8,3X Smix+tRNA-CP-Mg,AR-900,3.5,pOpen-plamGFP,0.0,3.0,10.0,2.98,8.0,0.0,100.0,2.0,2.0,0.3,50.0,0.0,0.0,1.0,1.0,1.0,0.02,2.0,0.0,Cytation3,130723A,35,F,Unknown,Unknown,Unknown,Unknown,Unknown,Unknown,Unknown,Unknown,Unknown,Unknown,Unknown,Unknown,Unknown,Unknown,0.0,plamGFP,Unknown,R&D,True,0.1681150413963953,3.237885871756861,0.9817057189002536,0.0046341745816761,4.006513854798277
PPK-custom-Smix-without-PEG-F2,F2,2026-04-13 00:00:00,PPK-custom-Smix-without-PEG,CP/CK + polyP + 18 mM Mg,Sample,NEB Sol B,1.8,NEB Sol B,1.8,3X Smix+tRNA-CP-Mg,AR-900,3.5,pOpen-plamGFP,0.0,3.0,10.0,2.98,18.0,20.0,100.0,2.0,2.0,0.3,50.0,0.0,30.0,1.0,1.0,1.0,0.02,2.0,0.0,Cytation3,130723A,35,F,Unknown,Unknown,Unknown,Unknown,Unknown,Unknown,Unknown,Unknown,Unknown,Unknown,Unknown,Unknown,Unknown,Unknown,0.0,plamGFP,Unknown,R&D,True,1.7076944973247958,2.3568527652550837,1.148194387137478,0.0284598947017363,6.0
PPK-custom-Smix-without-PEG-F4,F4,2026-04-13 00:00:00,PPK-custom-Smix-without-PEG,CP/CK + polyP + 18 mM Mg,Sample,NEB Sol B,1.8,NEB Sol B,1.8,3X Smix+tRNA-CP-Mg,AR-900,3.5,pOpen-plamGFP,0.0,3.0,10.0,2.98,18.0,20.0,100.0,2.0,2.0,0.3,50.0,0.0,30.0,1.0,1.0,1.0,0.02,2.0,0.0,Cytation3,130723A,35,F,Unknown,Unknown,Unknown,Unknown,Unknown,Unknown,Unknown,Unknown,Unknown,Unknown,Unknown,Unknown,Unknown,Unknown,0.0,plamGFP,Unknown,R&D,True,1.7105649002638423,2.35269849193361,1.1513239836872442,0.0284993708774028,6.0
PPK-custom-Smix-without-PEG-F6,F6,2026-04-13 00:00:00,PPK-custom-Smix-without-PEG,CP/CK + polyP + 18 mM Mg,Sample,NEB Sol B,1.8,NEB Sol B,1.8,3X Smix+tRNA-CP-Mg,AR-900,3.5,pOpen-plamGFP,0.0,3.0,10.0,2.98,18.0,20.0,100.0,2.0,2.0,0.3,50.0,0.0,30.0,1.0,1.0,1.0,0.02,2.0,0.0,Cytation3,130723A,35,F,Unknown,Unknown,Unknown,Unknown,Unknown,Unknown,Unknown,Unknown,Unknown,Unknown,Unknown,Unknown,Unknown,Unknown,0.0,plamGFP,Unknown,R&D,True,1.7054991428158606,2.3488117239397033,1.1517229971036564,0.0286123998591489,6.0
PPK-custom-Smix-without-PEG-H2,H2,2026-04-13 00:00:00,PPK-custom-Smix-without-PEG,PPK/polyP + 18 mM Mg2+,Sample,NEB Sol B,1.8,NEB Sol B,1.8,3X Smix+tRNA-CP-Mg,AR-900,3.5,pOpen-plamGFP,0.0,3.0,10.0,2.98,18.0,0.0,100.0,2.0,2.0,0.3,50.0,2.0125,30.0,1.0,1.0,1.0,0.02,2.0,0.0,Cytation3,130723A,35,F,Unknown,Unknown,Unknown,Unknown,Unknown,Unknown,Unknown,Unknown,Unknown,Unknown,Unknown,Unknown,Unknown,Unknown,0.0,plamGFP,Unknown,R&D,True,0.5528619431546046,4.485221530958105,0.9315092703038784,0.0148187095651094,2.0504265301705127
PPK-custom-Smix-without-PEG-H4,H4,2026-04-13 00:00:00,PPK-custom-Smix-without-PEG,PPK/polyP + 18 mM Mg2+,Sample,NEB Sol B,1.8,NEB Sol B,1.8,3X Smix+tRNA-CP-Mg,AR-900,3.5,pOpen-plamGFP,0.0,3.0,10.0,2.98,18.0,0.0,100.0,2.0,2.0,0.3,50.0,2.0125,30.0,1.0,1.0,1.0,0.02,2.0,0.0,Cytation3,130723A,35,F,Unknown,Unknown,Unknown,Unknown,Unknown,Unknown,Unknown,Unknown,Unknown,Unknown,Unknown,Unknown,Unknown,Unknown,0.0,plamGFP,Unknown,R&D,True,0.5794645158538215,4.427205388773064,0.93533159040401,0.0147170337291297,2.199514048573455
PPK-custom-Smix-without-PEG-H6,H6,2026-04-13 00:00:00,PPK-custom-Smix-without-PEG,PPK/polyP + 18 mM Mg2+,Sample,NEB Sol B,1.8,NEB Sol B,1.8,3X Smix+tRNA-CP-Mg,AR-900,3.5,pOpen-plamGFP,0.0,3.0,10.0,2.98,18.0,0.0,100.0,2.0,2.0,0.3,50.0,2.0125,30.0,1.0,1.0,1.0,0.02,2.0,0.0,Cytation3,130723A,35,F,Unknown,Unknown,Unknown,Unknown,Unknown,Unknown,Unknown,Unknown,Unknown,Unknown,Unknown,Unknown,Unknown,Unknown,0.0,plamGFP,Unknown,R&D,True,0.5398825916353281,4.427562537513102,0.9309714851888186,0.0145789435497267,2.0950303573229685
PPK-custom-Smix-without-PEG-J2,J2,2026-04-13 00:00:00,PPK-custom-Smix-without-PEG,CP/CK + PPK/polyP + 18 mM Mg2+,Sample,NEB Sol B,1.8,NEB Sol B,1.8,3X Smix+tRNA-CP-Mg,AR-900,3.5,pOpen-plamGFP,0.0,3.0,10.0,2.98,18.0,20.0,100.0,2.0,2.0,0.3,50.0,2.0125,30.0,1.0,1.0,1.0,0.02,2.0,0.0,Cytation3,130723A,35,F,Unknown,Unknown,Unknown,Unknown,Unknown,Unknown,Unknown,Unknown,Unknown,Unknown,Unknown,Unknown,Unknown,Unknown,0.0,plamGFP,Unknown,R&D,True,1.667205467785829,2.040655986074031,1.2517822647856316,0.0327194813192622,5.96896195331951
PPK-custom-Smix-without-PEG-J4,J4,2026-04-13 00:00:00,PPK-custom-Smix-without-PEG,CP/CK + PPK/polyP + 18 mM Mg2+,Sample,NEB Sol B,1.8,NEB Sol B,1.8,3X Smix+tRNA-CP-Mg,AR-900,3.5,pOpen-plamGFP,0.0,3.0,10.0,2.98,18.0,20.0,100.0,2.0,2.0,0.3,50.0,2.0125,30.0,1.0,1.0,1.0,0.02,2.0,0.0,Cytation3,130723A,35,F,Unknown,Unknown,Unknown,Unknown,Unknown,Unknown,Unknown,Unknown,Unknown,Unknown,Unknown,Unknown,Unknown,Unknown,0.0,plamGFP,Unknown,R&D,True,1.632088857684605,2.1236575218617935,1.276843051538788,0.0298422614453823,5.253995758085862
PPK-custom-Smix-without-PEG-J6,J6,2026-04-13 00:00:00,PPK-custom-Smix-without-PEG,CP/CK + PPK/polyP + 18 mM Mg2+,Sample,NEB Sol B,1.8,NEB Sol B,1.8,3X Smix+tRNA-CP-Mg,AR-900,3.5,pOpen-plamGFP,0.0,3.0,10.0,2.98,18.0,20.0,100.0,2.0,2.0,0.3,50.0,2.0125,30.0,1.0,1.0,1.0,0.02,2.0,0.0,Cytation3,130723A,35,F,Unknown,Unknown,Unknown,Unknown,Unknown,Unknown,Unknown,Unknown,Unknown,Unknown,Unknown,Unknown,Unknown,Unknown,0.0,plamGFP,Unknown,R&D,True,1.6665790097589748,2.1152482248832296,1.221490069303848,0.0315438756468707,6.0
PPK-custom-Smix-without-PEG-L2,L2,2026-04-13 00:00:00,PPK-custom-Smix-without-PEG,PURExpress Positive Control,Control,NEB Sol B,1.8,NEB Sol B,1.8,NEB Sol A,AR-900,3.5,pOpen-plamGFP,0.0,3.0,10.0,2.98,0.0,0.0,100.0,2.0,2.0,0.3,50.0,0.0,0.0,1.0,1.0,1.0,0.02,2.0,0.0,Cytation3,130723A,35,F,NEB Sol A,NEB Sol A,NEB Sol A,NEB Sol A,NEB Sol A,NEB Sol A,NEB Sol A,NEB Sol A,NEB Sol A,NEB Sol A,NEB Sol A,NEB Sol A,NEB Sol A,NEB Sol A,0.0,plamGFP,Unknown,R&D,True,1.4390567618725731,2.96863610074943,1.0549977159644064,0.0215209248728181,5.989453241508726
PPK-custom-Smix-without-PEG-L4,L4,2026-04-13 00:00:00,PPK-custom-Smix-without-PEG,PURExpress Positive Control,Control,NEB Sol B,1.8,NEB Sol B,1.8,NEB Sol A,AR-900,3.5,pOpen-plamGFP,0.0,3.0,10.0,2.98,0.0,0.0,100.0,2.0,2.0,0.3,50.0,0.0,0.0,1.0,1.0,1.0,0.02,2.0,0.0,Cytation3,130723A,35,F,NEB Sol A,NEB Sol A,NEB Sol A,NEB Sol A,NEB Sol A,NEB Sol A,NEB Sol A,NEB Sol A,NEB Sol A,NEB Sol A,NEB Sol A,NEB Sol A,NEB Sol A,NEB Sol A,0.0,plamGFP,Unknown,R&D,True,1.2476452982341013,3.2441155299073383,1.029328293050775,0.0205697767835277,4.83327152483786
PPK-custom-Smix-without-PEG-L6,L6,2026-04-13 00:00:00,PPK-custom-Smix-without-PEG,PURExpress Positive Control,Control,NEB Sol B,1.8,NEB Sol B,1.8,NEB Sol A,AR-900,3.5,pOpen-plamGFP,0.0,3.0,10.0,2.98,0.0,0.0,100.0,2.0,2.0,0.3,50.0,0.0,0.0,1.0,1.0,1.0,0.02,2.0,0.0,Cytation3,130723A,35,F,NEB Sol A,NEB Sol A,NEB Sol A,NEB Sol A,NEB Sol A,NEB Sol A,NEB Sol A,NEB Sol A,NEB Sol A,NEB Sol A,NEB Sol A,NEB Sol A,NEB Sol A,NEB Sol A,0.0,plamGFP,Unknown,R&D,True,1.4456655789026698,3.035345886313893,1.046644105630709,0.0209256738074938,6.0
