,Time,Temperature,Well,Data,Row,Column,Read,Plate,Clock Time,Reader,Name,[DNA] (nM),[PMix] (mg/mL),[Ribosome] (uM),[Magnesium acetate] (mM),[Creatine phosphate] (mM),[Potassium glutamate] (mM),[ATP] (mM),[GTP] (mM),[Amino Acids] (mM),[tRNA] (ug/uL),hepes mM,ppk uM,polyphosphate mM,ctp mM,utp mM,tcep mM,folinic_acid mM,spermidine mM,rnas_inh U/ml,[Magnesium acetate] (mM) conc_to_add,[Magnesium acetate] (mM) vol_to_pipette_ul,[Creatine phosphate] (mM) conc_to_add,[Creatine phosphate] (mM) vol_to_pipette_ul,[Potassium glutamate] (mM) conc_to_add,[Potassium glutamate] (mM) vol_to_pipette_ul,[ATP] (mM) conc_to_add,[ATP] (mM) vol_to_pipette_ul,[GTP] (mM) conc_to_add,[GTP] (mM) vol_to_pipette_ul,[Amino Acids] (mM) conc_to_add,[Amino Acids] (mM) vol_to_pipette_ul,[tRNA] (ug/uL) conc_to_add,[tRNA] (ug/uL) vol_to_pipette_ul,base_master_mix_vol_to_add_ul,total_titration_vol_to_add_ul,buffer_vol_to_add_ul,total_vol_check_ul,Type
0,0 days 00:00:22,27.7,F9,435,F,9,GFP-Gext,Plate 1,2026-03-19 12:02:56,Cytation5,11,5.0,1.8,1.8,8.0,22.0,97.5,1.7,2.9,0.3885,3.535,50.0,0.0,0.0,1.0,1.0,1.0,0.02,2.0,2000.0,7.7,0.031,21.5,0.215,97.5,0.39,1.672,0.167,2.919,0.292,0.388,1.194,3.546,1.013,5.407,3.302,1.291,10.0,Sample
1,0 days 00:05:22,33.8,F9,526,F,9,GFP-Gext,Plate 1,2026-03-19 12:07:56,Cytation5,11,5.0,1.8,1.8,8.0,22.0,97.5,1.7,2.9,0.3885,3.535,50.0,0.0,0.0,1.0,1.0,1.0,0.02,2.0,2000.0,7.7,0.031,21.5,0.215,97.5,0.39,1.672,0.167,2.919,0.292,0.388,1.194,3.546,1.013,5.407,3.302,1.291,10.0,Sample
2,0 days 00:10:22,37.0,F9,1211,F,9,GFP-Gext,Plate 1,2026-03-19 12:12:56,Cytation5,11,5.0,1.8,1.8,8.0,22.0,97.5,1.7,2.9,0.3885,3.535,50.0,0.0,0.0,1.0,1.0,1.0,0.02,2.0,2000.0,7.7,0.031,21.5,0.215,97.5,0.39,1.672,0.167,2.919,0.292,0.388,1.194,3.546,1.013,5.407,3.302,1.291,10.0,Sample
3,0 days 00:15:22,37.0,F9,4428,F,9,GFP-Gext,Plate 1,2026-03-19 12:17:56,Cytation5,11,5.0,1.8,1.8,8.0,22.0,97.5,1.7,2.9,0.3885,3.535,50.0,0.0,0.0,1.0,1.0,1.0,0.02,2.0,2000.0,7.7,0.031,21.5,0.215,97.5,0.39,1.672,0.167,2.919,0.292,0.388,1.194,3.546,1.013,5.407,3.302,1.291,10.0,Sample
4,0 days 00:20:22,37.0,F9,11206,F,9,GFP-Gext,Plate 1,2026-03-19 12:22:56,Cytation5,11,5.0,1.8,1.8,8.0,22.0,97.5,1.7,2.9,0.3885,3.535,50.0,0.0,0.0,1.0,1.0,1.0,0.02,2.0,2000.0,7.7,0.031,21.5,0.215,97.5,0.39,1.672,0.167,2.919,0.292,0.388,1.194,3.546,1.013,5.407,3.302,1.291,10.0,Sample
5,0 days 00:25:22,37.1,F9,21017,F,9,GFP-Gext,Plate 1,2026-03-19 12:27:56,Cytation5,11,5.0,1.8,1.8,8.0,22.0,97.5,1.7,2.9,0.3885,3.535,50.0,0.0,0.0,1.0,1.0,1.0,0.02,2.0,2000.0,7.7,0.031,21.5,0.215,97.5,0.39,1.672,0.167,2.919,0.292,0.388,1.194,3.546,1.013,5.407,3.302,1.291,10.0,Sample
6,0 days 00:30:22,37.0,F9,33267,F,9,GFP-Gext,Plate 1,2026-03-19 12:32:56,Cytation5,11,5.0,1.8,1.8,8.0,22.0,97.5,1.7,2.9,0.3885,3.535,50.0,0.0,0.0,1.0,1.0,1.0,0.02,2.0,2000.0,7.7,0.031,21.5,0.215,97.5,0.39,1.672,0.167,2.919,0.292,0.388,1.194,3.546,1.013,5.407,3.302,1.291,10.0,Sample
7,0 days 00:35:22,37.0,F9,49532,F,9,GFP-Gext,Plate 1,2026-03-19 12:37:56,Cytation5,11,5.0,1.8,1.8,8.0,22.0,97.5,1.7,2.9,0.3885,3.535,50.0,0.0,0.0,1.0,1.0,1.0,0.02,2.0,2000.0,7.7,0.031,21.5,0.215,97.5,0.39,1.672,0.167,2.919,0.292,0.388,1.194,3.546,1.013,5.407,3.302,1.291,10.0,Sample
8,0 days 00:40:22,37.0,F9,68488,F,9,GFP-Gext,Plate 1,2026-03-19 12:42:56,Cytation5,11,5.0,1.8,1.8,8.0,22.0,97.5,1.7,2.9,0.3885,3.535,50.0,0.0,0.0,1.0,1.0,1.0,0.02,2.0,2000.0,7.7,0.031,21.5,0.215,97.5,0.39,1.672,0.167,2.919,0.292,0.388,1.194,3.546,1.013,5.407,3.302,1.291,10.0,Sample
9,0 days 00:45:22,36.9,F9,89025,F,9,GFP-Gext,Plate 1,2026-03-19 12:47:56,Cytation5,11,5.0,1.8,1.8,8.0,22.0,97.5,1.7,2.9,0.3885,3.535,50.0,0.0,0.0,1.0,1.0,1.0,0.02,2.0,2000.0,7.7,0.031,21.5,0.215,97.5,0.39,1.672,0.167,2.919,0.292,0.388,1.194,3.546,1.013,5.407,3.302,1.291,10.0,Sample
10,0 days 00:50:22,37.0,F9,106501,F,9,GFP-Gext,Plate 1,2026-03-19 12:52:56,Cytation5,11,5.0,1.8,1.8,8.0,22.0,97.5,1.7,2.9,0.3885,3.535,50.0,0.0,0.0,1.0,1.0,1.0,0.02,2.0,2000.0,7.7,0.031,21.5,0.215,97.5,0.39,1.672,0.167,2.919,0.292,0.388,1.194,3.546,1.013,5.407,3.302,1.291,10.0,Sample
11,0 days 00:55:22,37.0,F9,123873,F,9,GFP-Gext,Plate 1,2026-03-19 12:57:56,Cytation5,11,5.0,1.8,1.8,8.0,22.0,97.5,1.7,2.9,0.3885,3.535,50.0,0.0,0.0,1.0,1.0,1.0,0.02,2.0,2000.0,7.7,0.031,21.5,0.215,97.5,0.39,1.672,0.167,2.919,0.292,0.388,1.194,3.546,1.013,5.407,3.302,1.291,10.0,Sample
12,0 days 01:00:22,37.0,F9,141040,F,9,GFP-Gext,Plate 1,2026-03-19 13:02:56,Cytation5,11,5.0,1.8,1.8,8.0,22.0,97.5,1.7,2.9,0.3885,3.535,50.0,0.0,0.0,1.0,1.0,1.0,0.02,2.0,2000.0,7.7,0.031,21.5,0.215,97.5,0.39,1.672,0.167,2.919,0.292,0.388,1.194,3.546,1.013,5.407,3.302,1.291,10.0,Sample
13,0 days 01:05:22,37.0,F9,155482,F,9,GFP-Gext,Plate 1,2026-03-19 13:07:56,Cytation5,11,5.0,1.8,1.8,8.0,22.0,97.5,1.7,2.9,0.3885,3.535,50.0,0.0,0.0,1.0,1.0,1.0,0.02,2.0,2000.0,7.7,0.031,21.5,0.215,97.5,0.39,1.672,0.167,2.919,0.292,0.388,1.194,3.546,1.013,5.407,3.302,1.291,10.0,Sample
14,0 days 01:10:22,37.0,F9,168072,F,9,GFP-Gext,Plate 1,2026-03-19 13:12:56,Cytation5,11,5.0,1.8,1.8,8.0,22.0,97.5,1.7,2.9,0.3885,3.535,50.0,0.0,0.0,1.0,1.0,1.0,0.02,2.0,2000.0,7.7,0.031,21.5,0.215,97.5,0.39,1.672,0.167,2.919,0.292,0.388,1.194,3.546,1.013,5.407,3.302,1.291,10.0,Sample
15,0 days 01:15:22,37.0,F9,174741,F,9,GFP-Gext,Plate 1,2026-03-19 13:17:56,Cytation5,11,5.0,1.8,1.8,8.0,22.0,97.5,1.7,2.9,0.3885,3.535,50.0,0.0,0.0,1.0,1.0,1.0,0.02,2.0,2000.0,7.7,0.031,21.5,0.215,97.5,0.39,1.672,0.167,2.919,0.292,0.388,1.194,3.546,1.013,5.407,3.302,1.291,10.0,Sample
16,0 days 01:20:22,37.0,F9,185554,F,9,GFP-Gext,Plate 1,2026-03-19 13:22:56,Cytation5,11,5.0,1.8,1.8,8.0,22.0,97.5,1.7,2.9,0.3885,3.535,50.0,0.0,0.0,1.0,1.0,1.0,0.02,2.0,2000.0,7.7,0.031,21.5,0.215,97.5,0.39,1.672,0.167,2.919,0.292,0.388,1.194,3.546,1.013,5.407,3.302,1.291,10.0,Sample
17,0 days 01:25:22,37.1,F9,195765,F,9,GFP-Gext,Plate 1,2026-03-19 13:27:56,Cytation5,11,5.0,1.8,1.8,8.0,22.0,97.5,1.7,2.9,0.3885,3.535,50.0,0.0,0.0,1.0,1.0,1.0,0.02,2.0,2000.0,7.7,0.031,21.5,0.215,97.5,0.39,1.672,0.167,2.919,0.292,0.388,1.194,3.546,1.013,5.407,3.302,1.291,10.0,Sample
18,0 days 01:30:22,37.1,F9,200518,F,9,GFP-Gext,Plate 1,2026-03-19 13:32:56,Cytation5,11,5.0,1.8,1.8,8.0,22.0,97.5,1.7,2.9,0.3885,3.535,50.0,0.0,0.0,1.0,1.0,1.0,0.02,2.0,2000.0,7.7,0.031,21.5,0.215,97.5,0.39,1.672,0.167,2.919,0.292,0.388,1.194,3.546,1.013,5.407,3.302,1.291,10.0,Sample
19,0 days 01:35:22,37.0,F9,208934,F,9,GFP-Gext,Plate 1,2026-03-19 13:37:56,Cytation5,11,5.0,1.8,1.8,8.0,22.0,97.5,1.7,2.9,0.3885,3.535,50.0,0.0,0.0,1.0,1.0,1.0,0.02,2.0,2000.0,7.7,0.031,21.5,0.215,97.5,0.39,1.672,0.167,2.919,0.292,0.388,1.194,3.546,1.013,5.407,3.302,1.291,10.0,Sample
20,0 days 01:40:22,37.0,F9,214606,F,9,GFP-Gext,Plate 1,2026-03-19 13:42:56,Cytation5,11,5.0,1.8,1.8,8.0,22.0,97.5,1.7,2.9,0.3885,3.535,50.0,0.0,0.0,1.0,1.0,1.0,0.02,2.0,2000.0,7.7,0.031,21.5,0.215,97.5,0.39,1.672,0.167,2.919,0.292,0.388,1.194,3.546,1.013,5.407,3.302,1.291,10.0,Sample
21,0 days 01:45:22,37.0,F9,221415,F,9,GFP-Gext,Plate 1,2026-03-19 13:47:56,Cytation5,11,5.0,1.8,1.8,8.0,22.0,97.5,1.7,2.9,0.3885,3.535,50.0,0.0,0.0,1.0,1.0,1.0,0.02,2.0,2000.0,7.7,0.031,21.5,0.215,97.5,0.39,1.672,0.167,2.919,0.292,0.388,1.194,3.546,1.013,5.407,3.302,1.291,10.0,Sample
22,0 days 01:50:22,36.9,F9,229075,F,9,GFP-Gext,Plate 1,2026-03-19 13:52:56,Cytation5,11,5.0,1.8,1.8,8.0,22.0,97.5,1.7,2.9,0.3885,3.535,50.0,0.0,0.0,1.0,1.0,1.0,0.02,2.0,2000.0,7.7,0.031,21.5,0.215,97.5,0.39,1.672,0.167,2.919,0.292,0.388,1.194,3.546,1.013,5.407,3.302,1.291,10.0,Sample
23,0 days 01:55:22,37.0,F9,235537,F,9,GFP-Gext,Plate 1,2026-03-19 13:57:56,Cytation5,11,5.0,1.8,1.8,8.0,22.0,97.5,1.7,2.9,0.3885,3.535,50.0,0.0,0.0,1.0,1.0,1.0,0.02,2.0,2000.0,7.7,0.031,21.5,0.215,97.5,0.39,1.672,0.167,2.919,0.292,0.388,1.194,3.546,1.013,5.407,3.302,1.291,10.0,Sample
24,0 days 02:00:22,37.0,F9,242561,F,9,GFP-Gext,Plate 1,2026-03-19 14:02:56,Cytation5,11,5.0,1.8,1.8,8.0,22.0,97.5,1.7,2.9,0.3885,3.535,50.0,0.0,0.0,1.0,1.0,1.0,0.02,2.0,2000.0,7.7,0.031,21.5,0.215,97.5,0.39,1.672,0.167,2.919,0.292,0.388,1.194,3.546,1.013,5.407,3.302,1.291,10.0,Sample
25,0 days 02:05:22,37.0,F9,246134,F,9,GFP-Gext,Plate 1,2026-03-19 14:07:56,Cytation5,11,5.0,1.8,1.8,8.0,22.0,97.5,1.7,2.9,0.3885,3.535,50.0,0.0,0.0,1.0,1.0,1.0,0.02,2.0,2000.0,7.7,0.031,21.5,0.215,97.5,0.39,1.672,0.167,2.919,0.292,0.388,1.194,3.546,1.013,5.407,3.302,1.291,10.0,Sample
26,0 days 02:10:22,37.0,F9,252183,F,9,GFP-Gext,Plate 1,2026-03-19 14:12:56,Cytation5,11,5.0,1.8,1.8,8.0,22.0,97.5,1.7,2.9,0.3885,3.535,50.0,0.0,0.0,1.0,1.0,1.0,0.02,2.0,2000.0,7.7,0.031,21.5,0.215,97.5,0.39,1.672,0.167,2.919,0.292,0.388,1.194,3.546,1.013,5.407,3.302,1.291,10.0,Sample
27,0 days 02:15:22,37.0,F9,256976,F,9,GFP-Gext,Plate 1,2026-03-19 14:17:56,Cytation5,11,5.0,1.8,1.8,8.0,22.0,97.5,1.7,2.9,0.3885,3.535,50.0,0.0,0.0,1.0,1.0,1.0,0.02,2.0,2000.0,7.7,0.031,21.5,0.215,97.5,0.39,1.672,0.167,2.919,0.292,0.388,1.194,3.546,1.013,5.407,3.302,1.291,10.0,Sample
28,0 days 02:20:22,37.0,F9,263531,F,9,GFP-Gext,Plate 1,2026-03-19 14:22:56,Cytation5,11,5.0,1.8,1.8,8.0,22.0,97.5,1.7,2.9,0.3885,3.535,50.0,0.0,0.0,1.0,1.0,1.0,0.02,2.0,2000.0,7.7,0.031,21.5,0.215,97.5,0.39,1.672,0.167,2.919,0.292,0.388,1.194,3.546,1.013,5.407,3.302,1.291,10.0,Sample
29,0 days 02:25:22,37.0,F9,266859,F,9,GFP-Gext,Plate 1,2026-03-19 14:27:56,Cytation5,11,5.0,1.8,1.8,8.0,22.0,97.5,1.7,2.9,0.3885,3.535,50.0,0.0,0.0,1.0,1.0,1.0,0.02,2.0,2000.0,7.7,0.031,21.5,0.215,97.5,0.39,1.672,0.167,2.919,0.292,0.388,1.194,3.546,1.013,5.407,3.302,1.291,10.0,Sample
30,0 days 02:30:22,37.1,F9,270238,F,9,GFP-Gext,Plate 1,2026-03-19 14:32:56,Cytation5,11,5.0,1.8,1.8,8.0,22.0,97.5,1.7,2.9,0.3885,3.535,50.0,0.0,0.0,1.0,1.0,1.0,0.02,2.0,2000.0,7.7,0.031,21.5,0.215,97.5,0.39,1.672,0.167,2.919,0.292,0.388,1.194,3.546,1.013,5.407,3.302,1.291,10.0,Sample
31,0 days 02:35:22,37.0,F9,274217,F,9,GFP-Gext,Plate 1,2026-03-19 14:37:56,Cytation5,11,5.0,1.8,1.8,8.0,22.0,97.5,1.7,2.9,0.3885,3.535,50.0,0.0,0.0,1.0,1.0,1.0,0.02,2.0,2000.0,7.7,0.031,21.5,0.215,97.5,0.39,1.672,0.167,2.919,0.292,0.388,1.194,3.546,1.013,5.407,3.302,1.291,10.0,Sample
32,0 days 02:40:22,37.0,F9,278429,F,9,GFP-Gext,Plate 1,2026-03-19 14:42:56,Cytation5,11,5.0,1.8,1.8,8.0,22.0,97.5,1.7,2.9,0.3885,3.535,50.0,0.0,0.0,1.0,1.0,1.0,0.02,2.0,2000.0,7.7,0.031,21.5,0.215,97.5,0.39,1.672,0.167,2.919,0.292,0.388,1.194,3.546,1.013,5.407,3.302,1.291,10.0,Sample
33,0 days 02:45:22,37.1,F9,282586,F,9,GFP-Gext,Plate 1,2026-03-19 14:47:56,Cytation5,11,5.0,1.8,1.8,8.0,22.0,97.5,1.7,2.9,0.3885,3.535,50.0,0.0,0.0,1.0,1.0,1.0,0.02,2.0,2000.0,7.7,0.031,21.5,0.215,97.5,0.39,1.672,0.167,2.919,0.292,0.388,1.194,3.546,1.013,5.407,3.302,1.291,10.0,Sample
34,0 days 02:50:22,37.0,F9,284884,F,9,GFP-Gext,Plate 1,2026-03-19 14:52:56,Cytation5,11,5.0,1.8,1.8,8.0,22.0,97.5,1.7,2.9,0.3885,3.535,50.0,0.0,0.0,1.0,1.0,1.0,0.02,2.0,2000.0,7.7,0.031,21.5,0.215,97.5,0.39,1.672,0.167,2.919,0.292,0.388,1.194,3.546,1.013,5.407,3.302,1.291,10.0,Sample
35,0 days 02:55:22,37.0,F9,288370,F,9,GFP-Gext,Plate 1,2026-03-19 14:57:56,Cytation5,11,5.0,1.8,1.8,8.0,22.0,97.5,1.7,2.9,0.3885,3.535,50.0,0.0,0.0,1.0,1.0,1.0,0.02,2.0,2000.0,7.7,0.031,21.5,0.215,97.5,0.39,1.672,0.167,2.919,0.292,0.388,1.194,3.546,1.013,5.407,3.302,1.291,10.0,Sample
36,0 days 03:00:22,37.0,F9,290525,F,9,GFP-Gext,Plate 1,2026-03-19 15:02:56,Cytation5,11,5.0,1.8,1.8,8.0,22.0,97.5,1.7,2.9,0.3885,3.535,50.0,0.0,0.0,1.0,1.0,1.0,0.02,2.0,2000.0,7.7,0.031,21.5,0.215,97.5,0.39,1.672,0.167,2.919,0.292,0.388,1.194,3.546,1.013,5.407,3.302,1.291,10.0,Sample
37,0 days 03:05:22,37.0,F9,293771,F,9,GFP-Gext,Plate 1,2026-03-19 15:07:56,Cytation5,11,5.0,1.8,1.8,8.0,22.0,97.5,1.7,2.9,0.3885,3.535,50.0,0.0,0.0,1.0,1.0,1.0,0.02,2.0,2000.0,7.7,0.031,21.5,0.215,97.5,0.39,1.672,0.167,2.919,0.292,0.388,1.194,3.546,1.013,5.407,3.302,1.291,10.0,Sample
38,0 days 03:10:22,37.0,F9,296354,F,9,GFP-Gext,Plate 1,2026-03-19 15:12:56,Cytation5,11,5.0,1.8,1.8,8.0,22.0,97.5,1.7,2.9,0.3885,3.535,50.0,0.0,0.0,1.0,1.0,1.0,0.02,2.0,2000.0,7.7,0.031,21.5,0.215,97.5,0.39,1.672,0.167,2.919,0.292,0.388,1.194,3.546,1.013,5.407,3.302,1.291,10.0,Sample
39,0 days 03:15:22,37.0,F9,298155,F,9,GFP-Gext,Plate 1,2026-03-19 15:17:56,Cytation5,11,5.0,1.8,1.8,8.0,22.0,97.5,1.7,2.9,0.3885,3.535,50.0,0.0,0.0,1.0,1.0,1.0,0.02,2.0,2000.0,7.7,0.031,21.5,0.215,97.5,0.39,1.672,0.167,2.919,0.292,0.388,1.194,3.546,1.013,5.407,3.302,1.291,10.0,Sample
40,0 days 03:20:22,37.0,F9,302055,F,9,GFP-Gext,Plate 1,2026-03-19 15:22:56,Cytation5,11,5.0,1.8,1.8,8.0,22.0,97.5,1.7,2.9,0.3885,3.535,50.0,0.0,0.0,1.0,1.0,1.0,0.02,2.0,2000.0,7.7,0.031,21.5,0.215,97.5,0.39,1.672,0.167,2.919,0.292,0.388,1.194,3.546,1.013,5.407,3.302,1.291,10.0,Sample
41,0 days 03:25:22,37.1,F9,301251,F,9,GFP-Gext,Plate 1,2026-03-19 15:27:56,Cytation5,11,5.0,1.8,1.8,8.0,22.0,97.5,1.7,2.9,0.3885,3.535,50.0,0.0,0.0,1.0,1.0,1.0,0.02,2.0,2000.0,7.7,0.031,21.5,0.215,97.5,0.39,1.672,0.167,2.919,0.292,0.388,1.194,3.546,1.013,5.407,3.302,1.291,10.0,Sample
42,0 days 03:30:22,36.9,F9,303180,F,9,GFP-Gext,Plate 1,2026-03-19 15:32:56,Cytation5,11,5.0,1.8,1.8,8.0,22.0,97.5,1.7,2.9,0.3885,3.535,50.0,0.0,0.0,1.0,1.0,1.0,0.02,2.0,2000.0,7.7,0.031,21.5,0.215,97.5,0.39,1.672,0.167,2.919,0.292,0.388,1.194,3.546,1.013,5.407,3.302,1.291,10.0,Sample
43,0 days 03:35:22,37.1,F9,306944,F,9,GFP-Gext,Plate 1,2026-03-19 15:37:56,Cytation5,11,5.0,1.8,1.8,8.0,22.0,97.5,1.7,2.9,0.3885,3.535,50.0,0.0,0.0,1.0,1.0,1.0,0.02,2.0,2000.0,7.7,0.031,21.5,0.215,97.5,0.39,1.672,0.167,2.919,0.292,0.388,1.194,3.546,1.013,5.407,3.302,1.291,10.0,Sample
44,0 days 03:40:22,37.0,F9,307465,F,9,GFP-Gext,Plate 1,2026-03-19 15:42:56,Cytation5,11,5.0,1.8,1.8,8.0,22.0,97.5,1.7,2.9,0.3885,3.535,50.0,0.0,0.0,1.0,1.0,1.0,0.02,2.0,2000.0,7.7,0.031,21.5,0.215,97.5,0.39,1.672,0.167,2.919,0.292,0.388,1.194,3.546,1.013,5.407,3.302,1.291,10.0,Sample
45,0 days 03:45:22,37.0,F9,308313,F,9,GFP-Gext,Plate 1,2026-03-19 15:47:56,Cytation5,11,5.0,1.8,1.8,8.0,22.0,97.5,1.7,2.9,0.3885,3.535,50.0,0.0,0.0,1.0,1.0,1.0,0.02,2.0,2000.0,7.7,0.031,21.5,0.215,97.5,0.39,1.672,0.167,2.919,0.292,0.388,1.194,3.546,1.013,5.407,3.302,1.291,10.0,Sample
46,0 days 03:50:22,37.0,F9,307552,F,9,GFP-Gext,Plate 1,2026-03-19 15:52:56,Cytation5,11,5.0,1.8,1.8,8.0,22.0,97.5,1.7,2.9,0.3885,3.535,50.0,0.0,0.0,1.0,1.0,1.0,0.02,2.0,2000.0,7.7,0.031,21.5,0.215,97.5,0.39,1.672,0.167,2.919,0.292,0.388,1.194,3.546,1.013,5.407,3.302,1.291,10.0,Sample
47,0 days 03:55:22,37.1,F9,309428,F,9,GFP-Gext,Plate 1,2026-03-19 15:57:56,Cytation5,11,5.0,1.8,1.8,8.0,22.0,97.5,1.7,2.9,0.3885,3.535,50.0,0.0,0.0,1.0,1.0,1.0,0.02,2.0,2000.0,7.7,0.031,21.5,0.215,97.5,0.39,1.672,0.167,2.919,0.292,0.388,1.194,3.546,1.013,5.407,3.302,1.291,10.0,Sample
48,0 days 04:00:22,37.0,F9,308971,F,9,GFP-Gext,Plate 1,2026-03-19 16:02:56,Cytation5,11,5.0,1.8,1.8,8.0,22.0,97.5,1.7,2.9,0.3885,3.535,50.0,0.0,0.0,1.0,1.0,1.0,0.02,2.0,2000.0,7.7,0.031,21.5,0.215,97.5,0.39,1.672,0.167,2.919,0.292,0.388,1.194,3.546,1.013,5.407,3.302,1.291,10.0,Sample
49,0 days 04:05:22,37.1,F9,310559,F,9,GFP-Gext,Plate 1,2026-03-19 16:07:56,Cytation5,11,5.0,1.8,1.8,8.0,22.0,97.5,1.7,2.9,0.3885,3.535,50.0,0.0,0.0,1.0,1.0,1.0,0.02,2.0,2000.0,7.7,0.031,21.5,0.215,97.5,0.39,1.672,0.167,2.919,0.292,0.388,1.194,3.546,1.013,5.407,3.302,1.291,10.0,Sample
50,0 days 04:10:22,37.0,F9,309991,F,9,GFP-Gext,Plate 1,2026-03-19 16:12:56,Cytation5,11,5.0,1.8,1.8,8.0,22.0,97.5,1.7,2.9,0.3885,3.535,50.0,0.0,0.0,1.0,1.0,1.0,0.02,2.0,2000.0,7.7,0.031,21.5,0.215,97.5,0.39,1.672,0.167,2.919,0.292,0.388,1.194,3.546,1.013,5.407,3.302,1.291,10.0,Sample
51,0 days 04:15:22,37.0,F9,309539,F,9,GFP-Gext,Plate 1,2026-03-19 16:17:56,Cytation5,11,5.0,1.8,1.8,8.0,22.0,97.5,1.7,2.9,0.3885,3.535,50.0,0.0,0.0,1.0,1.0,1.0,0.02,2.0,2000.0,7.7,0.031,21.5,0.215,97.5,0.39,1.672,0.167,2.919,0.292,0.388,1.194,3.546,1.013,5.407,3.302,1.291,10.0,Sample
52,0 days 04:20:22,37.0,F9,310910,F,9,GFP-Gext,Plate 1,2026-03-19 16:22:56,Cytation5,11,5.0,1.8,1.8,8.0,22.0,97.5,1.7,2.9,0.3885,3.535,50.0,0.0,0.0,1.0,1.0,1.0,0.02,2.0,2000.0,7.7,0.031,21.5,0.215,97.5,0.39,1.672,0.167,2.919,0.292,0.388,1.194,3.546,1.013,5.407,3.302,1.291,10.0,Sample
53,0 days 04:25:22,37.1,F9,311678,F,9,GFP-Gext,Plate 1,2026-03-19 16:27:56,Cytation5,11,5.0,1.8,1.8,8.0,22.0,97.5,1.7,2.9,0.3885,3.535,50.0,0.0,0.0,1.0,1.0,1.0,0.02,2.0,2000.0,7.7,0.031,21.5,0.215,97.5,0.39,1.672,0.167,2.919,0.292,0.388,1.194,3.546,1.013,5.407,3.302,1.291,10.0,Sample
54,0 days 04:30:22,37.0,F9,311488,F,9,GFP-Gext,Plate 1,2026-03-19 16:32:56,Cytation5,11,5.0,1.8,1.8,8.0,22.0,97.5,1.7,2.9,0.3885,3.535,50.0,0.0,0.0,1.0,1.0,1.0,0.02,2.0,2000.0,7.7,0.031,21.5,0.215,97.5,0.39,1.672,0.167,2.919,0.292,0.388,1.194,3.546,1.013,5.407,3.302,1.291,10.0,Sample
55,0 days 04:35:22,37.0,F9,311280,F,9,GFP-Gext,Plate 1,2026-03-19 16:37:56,Cytation5,11,5.0,1.8,1.8,8.0,22.0,97.5,1.7,2.9,0.3885,3.535,50.0,0.0,0.0,1.0,1.0,1.0,0.02,2.0,2000.0,7.7,0.031,21.5,0.215,97.5,0.39,1.672,0.167,2.919,0.292,0.388,1.194,3.546,1.013,5.407,3.302,1.291,10.0,Sample
56,0 days 04:40:22,37.0,F9,310545,F,9,GFP-Gext,Plate 1,2026-03-19 16:42:56,Cytation5,11,5.0,1.8,1.8,8.0,22.0,97.5,1.7,2.9,0.3885,3.535,50.0,0.0,0.0,1.0,1.0,1.0,0.02,2.0,2000.0,7.7,0.031,21.5,0.215,97.5,0.39,1.672,0.167,2.919,0.292,0.388,1.194,3.546,1.013,5.407,3.302,1.291,10.0,Sample
57,0 days 04:45:22,37.0,F9,311400,F,9,GFP-Gext,Plate 1,2026-03-19 16:47:56,Cytation5,11,5.0,1.8,1.8,8.0,22.0,97.5,1.7,2.9,0.3885,3.535,50.0,0.0,0.0,1.0,1.0,1.0,0.02,2.0,2000.0,7.7,0.031,21.5,0.215,97.5,0.39,1.672,0.167,2.919,0.292,0.388,1.194,3.546,1.013,5.407,3.302,1.291,10.0,Sample
58,0 days 04:50:22,37.0,F9,313213,F,9,GFP-Gext,Plate 1,2026-03-19 16:52:56,Cytation5,11,5.0,1.8,1.8,8.0,22.0,97.5,1.7,2.9,0.3885,3.535,50.0,0.0,0.0,1.0,1.0,1.0,0.02,2.0,2000.0,7.7,0.031,21.5,0.215,97.5,0.39,1.672,0.167,2.919,0.292,0.388,1.194,3.546,1.013,5.407,3.302,1.291,10.0,Sample
59,0 days 04:55:22,37.1,F9,312563,F,9,GFP-Gext,Plate 1,2026-03-19 16:57:56,Cytation5,11,5.0,1.8,1.8,8.0,22.0,97.5,1.7,2.9,0.3885,3.535,50.0,0.0,0.0,1.0,1.0,1.0,0.02,2.0,2000.0,7.7,0.031,21.5,0.215,97.5,0.39,1.672,0.167,2.919,0.292,0.388,1.194,3.546,1.013,5.407,3.302,1.291,10.0,Sample
60,0 days 05:00:22,37.1,F9,312213,F,9,GFP-Gext,Plate 1,2026-03-19 17:02:56,Cytation5,11,5.0,1.8,1.8,8.0,22.0,97.5,1.7,2.9,0.3885,3.535,50.0,0.0,0.0,1.0,1.0,1.0,0.02,2.0,2000.0,7.7,0.031,21.5,0.215,97.5,0.39,1.672,0.167,2.919,0.292,0.388,1.194,3.546,1.013,5.407,3.302,1.291,10.0,Sample
61,0 days 05:05:22,37.0,F9,311525,F,9,GFP-Gext,Plate 1,2026-03-19 17:07:56,Cytation5,11,5.0,1.8,1.8,8.0,22.0,97.5,1.7,2.9,0.3885,3.535,50.0,0.0,0.0,1.0,1.0,1.0,0.02,2.0,2000.0,7.7,0.031,21.5,0.215,97.5,0.39,1.672,0.167,2.919,0.292,0.388,1.194,3.546,1.013,5.407,3.302,1.291,10.0,Sample
62,0 days 05:10:22,37.0,F9,311914,F,9,GFP-Gext,Plate 1,2026-03-19 17:12:56,Cytation5,11,5.0,1.8,1.8,8.0,22.0,97.5,1.7,2.9,0.3885,3.535,50.0,0.0,0.0,1.0,1.0,1.0,0.02,2.0,2000.0,7.7,0.031,21.5,0.215,97.5,0.39,1.672,0.167,2.919,0.292,0.388,1.194,3.546,1.013,5.407,3.302,1.291,10.0,Sample
63,0 days 05:15:22,37.1,F9,311446,F,9,GFP-Gext,Plate 1,2026-03-19 17:17:56,Cytation5,11,5.0,1.8,1.8,8.0,22.0,97.5,1.7,2.9,0.3885,3.535,50.0,0.0,0.0,1.0,1.0,1.0,0.02,2.0,2000.0,7.7,0.031,21.5,0.215,97.5,0.39,1.672,0.167,2.919,0.292,0.388,1.194,3.546,1.013,5.407,3.302,1.291,10.0,Sample
64,0 days 05:20:22,37.0,F9,311989,F,9,GFP-Gext,Plate 1,2026-03-19 17:22:56,Cytation5,11,5.0,1.8,1.8,8.0,22.0,97.5,1.7,2.9,0.3885,3.535,50.0,0.0,0.0,1.0,1.0,1.0,0.02,2.0,2000.0,7.7,0.031,21.5,0.215,97.5,0.39,1.672,0.167,2.919,0.292,0.388,1.194,3.546,1.013,5.407,3.302,1.291,10.0,Sample
65,0 days 05:25:22,37.0,F9,311405,F,9,GFP-Gext,Plate 1,2026-03-19 17:27:56,Cytation5,11,5.0,1.8,1.8,8.0,22.0,97.5,1.7,2.9,0.3885,3.535,50.0,0.0,0.0,1.0,1.0,1.0,0.02,2.0,2000.0,7.7,0.031,21.5,0.215,97.5,0.39,1.672,0.167,2.919,0.292,0.388,1.194,3.546,1.013,5.407,3.302,1.291,10.0,Sample
66,0 days 05:30:22,37.0,F9,311055,F,9,GFP-Gext,Plate 1,2026-03-19 17:32:56,Cytation5,11,5.0,1.8,1.8,8.0,22.0,97.5,1.7,2.9,0.3885,3.535,50.0,0.0,0.0,1.0,1.0,1.0,0.02,2.0,2000.0,7.7,0.031,21.5,0.215,97.5,0.39,1.672,0.167,2.919,0.292,0.388,1.194,3.546,1.013,5.407,3.302,1.291,10.0,Sample
67,0 days 05:35:22,37.0,F9,311266,F,9,GFP-Gext,Plate 1,2026-03-19 17:37:56,Cytation5,11,5.0,1.8,1.8,8.0,22.0,97.5,1.7,2.9,0.3885,3.535,50.0,0.0,0.0,1.0,1.0,1.0,0.02,2.0,2000.0,7.7,0.031,21.5,0.215,97.5,0.39,1.672,0.167,2.919,0.292,0.388,1.194,3.546,1.013,5.407,3.302,1.291,10.0,Sample
68,0 days 05:40:22,37.0,F9,312701,F,9,GFP-Gext,Plate 1,2026-03-19 17:42:56,Cytation5,11,5.0,1.8,1.8,8.0,22.0,97.5,1.7,2.9,0.3885,3.535,50.0,0.0,0.0,1.0,1.0,1.0,0.02,2.0,2000.0,7.7,0.031,21.5,0.215,97.5,0.39,1.672,0.167,2.919,0.292,0.388,1.194,3.546,1.013,5.407,3.302,1.291,10.0,Sample
69,0 days 05:45:22,37.0,F9,311788,F,9,GFP-Gext,Plate 1,2026-03-19 17:47:56,Cytation5,11,5.0,1.8,1.8,8.0,22.0,97.5,1.7,2.9,0.3885,3.535,50.0,0.0,0.0,1.0,1.0,1.0,0.02,2.0,2000.0,7.7,0.031,21.5,0.215,97.5,0.39,1.672,0.167,2.919,0.292,0.388,1.194,3.546,1.013,5.407,3.302,1.291,10.0,Sample
70,0 days 05:50:22,37.0,F9,310835,F,9,GFP-Gext,Plate 1,2026-03-19 17:52:56,Cytation5,11,5.0,1.8,1.8,8.0,22.0,97.5,1.7,2.9,0.3885,3.535,50.0,0.0,0.0,1.0,1.0,1.0,0.02,2.0,2000.0,7.7,0.031,21.5,0.215,97.5,0.39,1.672,0.167,2.919,0.292,0.388,1.194,3.546,1.013,5.407,3.302,1.291,10.0,Sample
71,0 days 05:55:22,37.0,F9,311060,F,9,GFP-Gext,Plate 1,2026-03-19 17:57:56,Cytation5,11,5.0,1.8,1.8,8.0,22.0,97.5,1.7,2.9,0.3885,3.535,50.0,0.0,0.0,1.0,1.0,1.0,0.02,2.0,2000.0,7.7,0.031,21.5,0.215,97.5,0.39,1.672,0.167,2.919,0.292,0.388,1.194,3.546,1.013,5.407,3.302,1.291,10.0,Sample
72,0 days 06:00:22,37.0,F9,311781,F,9,GFP-Gext,Plate 1,2026-03-19 18:02:56,Cytation5,11,5.0,1.8,1.8,8.0,22.0,97.5,1.7,2.9,0.3885,3.535,50.0,0.0,0.0,1.0,1.0,1.0,0.02,2.0,2000.0,7.7,0.031,21.5,0.215,97.5,0.39,1.672,0.167,2.919,0.292,0.388,1.194,3.546,1.013,5.407,3.302,1.291,10.0,Sample
73,0 days 00:00:22,27.7,F10,474,F,10,GFP-Gext,Plate 1,2026-03-19 12:02:56,Cytation5,30,5.0,1.8,1.8,21.0,34.0,97.5,2.9,1.9,0.3115,2.905,50.0,0.0,0.0,1.0,1.0,1.0,0.02,2.0,2000.0,21.0,0.084,33.9,0.339,97.3,0.389,2.853,0.285,1.877,0.188,0.31,0.954,2.922,0.835,5.407,3.074,1.519,10.0,Sample
74,0 days 00:05:22,33.8,F10,474,F,10,GFP-Gext,Plate 1,2026-03-19 12:07:56,Cytation5,30,5.0,1.8,1.8,21.0,34.0,97.5,2.9,1.9,0.3115,2.905,50.0,0.0,0.0,1.0,1.0,1.0,0.02,2.0,2000.0,21.0,0.084,33.9,0.339,97.3,0.389,2.853,0.285,1.877,0.188,0.31,0.954,2.922,0.835,5.407,3.074,1.519,10.0,Sample
75,0 days 00:10:22,37.0,F10,429,F,10,GFP-Gext,Plate 1,2026-03-19 12:12:56,Cytation5,30,5.0,1.8,1.8,21.0,34.0,97.5,2.9,1.9,0.3115,2.905,50.0,0.0,0.0,1.0,1.0,1.0,0.02,2.0,2000.0,21.0,0.084,33.9,0.339,97.3,0.389,2.853,0.285,1.877,0.188,0.31,0.954,2.922,0.835,5.407,3.074,1.519,10.0,Sample
76,0 days 00:15:22,37.0,F10,760,F,10,GFP-Gext,Plate 1,2026-03-19 12:17:56,Cytation5,30,5.0,1.8,1.8,21.0,34.0,97.5,2.9,1.9,0.3115,2.905,50.0,0.0,0.0,1.0,1.0,1.0,0.02,2.0,2000.0,21.0,0.084,33.9,0.339,97.3,0.389,2.853,0.285,1.877,0.188,0.31,0.954,2.922,0.835,5.407,3.074,1.519,10.0,Sample
77,0 days 00:20:22,37.0,F10,2712,F,10,GFP-Gext,Plate 1,2026-03-19 12:22:56,Cytation5,30,5.0,1.8,1.8,21.0,34.0,97.5,2.9,1.9,0.3115,2.905,50.0,0.0,0.0,1.0,1.0,1.0,0.02,2.0,2000.0,21.0,0.084,33.9,0.339,97.3,0.389,2.853,0.285,1.877,0.188,0.31,0.954,2.922,0.835,5.407,3.074,1.519,10.0,Sample
78,0 days 00:25:22,37.1,F10,6812,F,10,GFP-Gext,Plate 1,2026-03-19 12:27:56,Cytation5,30,5.0,1.8,1.8,21.0,34.0,97.5,2.9,1.9,0.3115,2.905,50.0,0.0,0.0,1.0,1.0,1.0,0.02,2.0,2000.0,21.0,0.084,33.9,0.339,97.3,0.389,2.853,0.285,1.877,0.188,0.31,0.954,2.922,0.835,5.407,3.074,1.519,10.0,Sample
79,0 days 00:30:22,37.0,F10,12972,F,10,GFP-Gext,Plate 1,2026-03-19 12:32:56,Cytation5,30,5.0,1.8,1.8,21.0,34.0,97.5,2.9,1.9,0.3115,2.905,50.0,0.0,0.0,1.0,1.0,1.0,0.02,2.0,2000.0,21.0,0.084,33.9,0.339,97.3,0.389,2.853,0.285,1.877,0.188,0.31,0.954,2.922,0.835,5.407,3.074,1.519,10.0,Sample
80,0 days 00:35:22,37.0,F10,20370,F,10,GFP-Gext,Plate 1,2026-03-19 12:37:56,Cytation5,30,5.0,1.8,1.8,21.0,34.0,97.5,2.9,1.9,0.3115,2.905,50.0,0.0,0.0,1.0,1.0,1.0,0.02,2.0,2000.0,21.0,0.084,33.9,0.339,97.3,0.389,2.853,0.285,1.877,0.188,0.31,0.954,2.922,0.835,5.407,3.074,1.519,10.0,Sample
81,0 days 00:40:22,37.0,F10,28067,F,10,GFP-Gext,Plate 1,2026-03-19 12:42:56,Cytation5,30,5.0,1.8,1.8,21.0,34.0,97.5,2.9,1.9,0.3115,2.905,50.0,0.0,0.0,1.0,1.0,1.0,0.02,2.0,2000.0,21.0,0.084,33.9,0.339,97.3,0.389,2.853,0.285,1.877,0.188,0.31,0.954,2.922,0.835,5.407,3.074,1.519,10.0,Sample
82,0 days 00:45:22,36.9,F10,36242,F,10,GFP-Gext,Plate 1,2026-03-19 12:47:56,Cytation5,30,5.0,1.8,1.8,21.0,34.0,97.5,2.9,1.9,0.3115,2.905,50.0,0.0,0.0,1.0,1.0,1.0,0.02,2.0,2000.0,21.0,0.084,33.9,0.339,97.3,0.389,2.853,0.285,1.877,0.188,0.31,0.954,2.922,0.835,5.407,3.074,1.519,10.0,Sample
83,0 days 00:50:22,37.0,F10,44528,F,10,GFP-Gext,Plate 1,2026-03-19 12:52:56,Cytation5,30,5.0,1.8,1.8,21.0,34.0,97.5,2.9,1.9,0.3115,2.905,50.0,0.0,0.0,1.0,1.0,1.0,0.02,2.0,2000.0,21.0,0.084,33.9,0.339,97.3,0.389,2.853,0.285,1.877,0.188,0.31,0.954,2.922,0.835,5.407,3.074,1.519,10.0,Sample
84,0 days 00:55:22,37.0,F10,52450,F,10,GFP-Gext,Plate 1,2026-03-19 12:57:56,Cytation5,30,5.0,1.8,1.8,21.0,34.0,97.5,2.9,1.9,0.3115,2.905,50.0,0.0,0.0,1.0,1.0,1.0,0.02,2.0,2000.0,21.0,0.084,33.9,0.339,97.3,0.389,2.853,0.285,1.877,0.188,0.31,0.954,2.922,0.835,5.407,3.074,1.519,10.0,Sample
85,0 days 01:00:22,37.0,F10,60002,F,10,GFP-Gext,Plate 1,2026-03-19 13:02:56,Cytation5,30,5.0,1.8,1.8,21.0,34.0,97.5,2.9,1.9,0.3115,2.905,50.0,0.0,0.0,1.0,1.0,1.0,0.02,2.0,2000.0,21.0,0.084,33.9,0.339,97.3,0.389,2.853,0.285,1.877,0.188,0.31,0.954,2.922,0.835,5.407,3.074,1.519,10.0,Sample
86,0 days 01:05:22,37.0,F10,67679,F,10,GFP-Gext,Plate 1,2026-03-19 13:07:56,Cytation5,30,5.0,1.8,1.8,21.0,34.0,97.5,2.9,1.9,0.3115,2.905,50.0,0.0,0.0,1.0,1.0,1.0,0.02,2.0,2000.0,21.0,0.084,33.9,0.339,97.3,0.389,2.853,0.285,1.877,0.188,0.31,0.954,2.922,0.835,5.407,3.074,1.519,10.0,Sample
87,0 days 01:10:22,37.0,F10,75234,F,10,GFP-Gext,Plate 1,2026-03-19 13:12:56,Cytation5,30,5.0,1.8,1.8,21.0,34.0,97.5,2.9,1.9,0.3115,2.905,50.0,0.0,0.0,1.0,1.0,1.0,0.02,2.0,2000.0,21.0,0.084,33.9,0.339,97.3,0.389,2.853,0.285,1.877,0.188,0.31,0.954,2.922,0.835,5.407,3.074,1.519,10.0,Sample
88,0 days 01:15:22,37.0,F10,81446,F,10,GFP-Gext,Plate 1,2026-03-19 13:17:56,Cytation5,30,5.0,1.8,1.8,21.0,34.0,97.5,2.9,1.9,0.3115,2.905,50.0,0.0,0.0,1.0,1.0,1.0,0.02,2.0,2000.0,21.0,0.084,33.9,0.339,97.3,0.389,2.853,0.285,1.877,0.188,0.31,0.954,2.922,0.835,5.407,3.074,1.519,10.0,Sample
89,0 days 01:20:22,37.0,F10,88024,F,10,GFP-Gext,Plate 1,2026-03-19 13:22:56,Cytation5,30,5.0,1.8,1.8,21.0,34.0,97.5,2.9,1.9,0.3115,2.905,50.0,0.0,0.0,1.0,1.0,1.0,0.02,2.0,2000.0,21.0,0.084,33.9,0.339,97.3,0.389,2.853,0.285,1.877,0.188,0.31,0.954,2.922,0.835,5.407,3.074,1.519,10.0,Sample
90,0 days 01:25:22,37.1,F10,93783,F,10,GFP-Gext,Plate 1,2026-03-19 13:27:56,Cytation5,30,5.0,1.8,1.8,21.0,34.0,97.5,2.9,1.9,0.3115,2.905,50.0,0.0,0.0,1.0,1.0,1.0,0.02,2.0,2000.0,21.0,0.084,33.9,0.339,97.3,0.389,2.853,0.285,1.877,0.188,0.31,0.954,2.922,0.835,5.407,3.074,1.519,10.0,Sample
91,0 days 01:30:22,37.1,F10,99270,F,10,GFP-Gext,Plate 1,2026-03-19 13:32:56,Cytation5,30,5.0,1.8,1.8,21.0,34.0,97.5,2.9,1.9,0.3115,2.905,50.0,0.0,0.0,1.0,1.0,1.0,0.02,2.0,2000.0,21.0,0.084,33.9,0.339,97.3,0.389,2.853,0.285,1.877,0.188,0.31,0.954,2.922,0.835,5.407,3.074,1.519,10.0,Sample
92,0 days 01:35:22,37.0,F10,105011,F,10,GFP-Gext,Plate 1,2026-03-19 13:37:56,Cytation5,30,5.0,1.8,1.8,21.0,34.0,97.5,2.9,1.9,0.3115,2.905,50.0,0.0,0.0,1.0,1.0,1.0,0.02,2.0,2000.0,21.0,0.084,33.9,0.339,97.3,0.389,2.853,0.285,1.877,0.188,0.31,0.954,2.922,0.835,5.407,3.074,1.519,10.0,Sample
93,0 days 01:40:22,37.0,F10,109814,F,10,GFP-Gext,Plate 1,2026-03-19 13:42:56,Cytation5,30,5.0,1.8,1.8,21.0,34.0,97.5,2.9,1.9,0.3115,2.905,50.0,0.0,0.0,1.0,1.0,1.0,0.02,2.0,2000.0,21.0,0.084,33.9,0.339,97.3,0.389,2.853,0.285,1.877,0.188,0.31,0.954,2.922,0.835,5.407,3.074,1.519,10.0,Sample
94,0 days 01:45:22,37.0,F10,114314,F,10,GFP-Gext,Plate 1,2026-03-19 13:47:56,Cytation5,30,5.0,1.8,1.8,21.0,34.0,97.5,2.9,1.9,0.3115,2.905,50.0,0.0,0.0,1.0,1.0,1.0,0.02,2.0,2000.0,21.0,0.084,33.9,0.339,97.3,0.389,2.853,0.285,1.877,0.188,0.31,0.954,2.922,0.835,5.407,3.074,1.519,10.0,Sample
95,0 days 01:50:22,36.9,F10,117683,F,10,GFP-Gext,Plate 1,2026-03-19 13:52:56,Cytation5,30,5.0,1.8,1.8,21.0,34.0,97.5,2.9,1.9,0.3115,2.905,50.0,0.0,0.0,1.0,1.0,1.0,0.02,2.0,2000.0,21.0,0.084,33.9,0.339,97.3,0.389,2.853,0.285,1.877,0.188,0.31,0.954,2.922,0.835,5.407,3.074,1.519,10.0,Sample
96,0 days 01:55:22,37.0,F10,120736,F,10,GFP-Gext,Plate 1,2026-03-19 13:57:56,Cytation5,30,5.0,1.8,1.8,21.0,34.0,97.5,2.9,1.9,0.3115,2.905,50.0,0.0,0.0,1.0,1.0,1.0,0.02,2.0,2000.0,21.0,0.084,33.9,0.339,97.3,0.389,2.853,0.285,1.877,0.188,0.31,0.954,2.922,0.835,5.407,3.074,1.519,10.0,Sample
97,0 days 02:00:22,37.0,F10,125258,F,10,GFP-Gext,Plate 1,2026-03-19 14:02:56,Cytation5,30,5.0,1.8,1.8,21.0,34.0,97.5,2.9,1.9,0.3115,2.905,50.0,0.0,0.0,1.0,1.0,1.0,0.02,2.0,2000.0,21.0,0.084,33.9,0.339,97.3,0.389,2.853,0.285,1.877,0.188,0.31,0.954,2.922,0.835,5.407,3.074,1.519,10.0,Sample
98,0 days 02:05:22,37.0,F10,126559,F,10,GFP-Gext,Plate 1,2026-03-19 14:07:56,Cytation5,30,5.0,1.8,1.8,21.0,34.0,97.5,2.9,1.9,0.3115,2.905,50.0,0.0,0.0,1.0,1.0,1.0,0.02,2.0,2000.0,21.0,0.084,33.9,0.339,97.3,0.389,2.853,0.285,1.877,0.188,0.31,0.954,2.922,0.835,5.407,3.074,1.519,10.0,Sample
99,0 days 02:10:22,37.0,F10,130052,F,10,GFP-Gext,Plate 1,2026-03-19 14:12:56,Cytation5,30,5.0,1.8,1.8,21.0,34.0,97.5,2.9,1.9,0.3115,2.905,50.0,0.0,0.0,1.0,1.0,1.0,0.02,2.0,2000.0,21.0,0.084,33.9,0.339,97.3,0.389,2.853,0.285,1.877,0.188,0.31,0.954,2.922,0.835,5.407,3.074,1.519,10.0,Sample
100,0 days 02:15:22,37.0,F10,131602,F,10,GFP-Gext,Plate 1,2026-03-19 14:17:56,Cytation5,30,5.0,1.8,1.8,21.0,34.0,97.5,2.9,1.9,0.3115,2.905,50.0,0.0,0.0,1.0,1.0,1.0,0.02,2.0,2000.0,21.0,0.084,33.9,0.339,97.3,0.389,2.853,0.285,1.877,0.188,0.31,0.954,2.922,0.835,5.407,3.074,1.519,10.0,Sample
101,0 days 02:20:22,37.0,F10,133003,F,10,GFP-Gext,Plate 1,2026-03-19 14:22:56,Cytation5,30,5.0,1.8,1.8,21.0,34.0,97.5,2.9,1.9,0.3115,2.905,50.0,0.0,0.0,1.0,1.0,1.0,0.02,2.0,2000.0,21.0,0.084,33.9,0.339,97.3,0.389,2.853,0.285,1.877,0.188,0.31,0.954,2.922,0.835,5.407,3.074,1.519,10.0,Sample
102,0 days 02:25:22,37.0,F10,135532,F,10,GFP-Gext,Plate 1,2026-03-19 14:27:56,Cytation5,30,5.0,1.8,1.8,21.0,34.0,97.5,2.9,1.9,0.3115,2.905,50.0,0.0,0.0,1.0,1.0,1.0,0.02,2.0,2000.0,21.0,0.084,33.9,0.339,97.3,0.389,2.853,0.285,1.877,0.188,0.31,0.954,2.922,0.835,5.407,3.074,1.519,10.0,Sample
103,0 days 02:30:22,37.1,F10,136829,F,10,GFP-Gext,Plate 1,2026-03-19 14:32:56,Cytation5,30,5.0,1.8,1.8,21.0,34.0,97.5,2.9,1.9,0.3115,2.905,50.0,0.0,0.0,1.0,1.0,1.0,0.02,2.0,2000.0,21.0,0.084,33.9,0.339,97.3,0.389,2.853,0.285,1.877,0.188,0.31,0.954,2.922,0.835,5.407,3.074,1.519,10.0,Sample
104,0 days 02:35:22,37.0,F10,138653,F,10,GFP-Gext,Plate 1,2026-03-19 14:37:56,Cytation5,30,5.0,1.8,1.8,21.0,34.0,97.5,2.9,1.9,0.3115,2.905,50.0,0.0,0.0,1.0,1.0,1.0,0.02,2.0,2000.0,21.0,0.084,33.9,0.339,97.3,0.389,2.853,0.285,1.877,0.188,0.31,0.954,2.922,0.835,5.407,3.074,1.519,10.0,Sample
105,0 days 02:40:22,37.0,F10,140228,F,10,GFP-Gext,Plate 1,2026-03-19 14:42:56,Cytation5,30,5.0,1.8,1.8,21.0,34.0,97.5,2.9,1.9,0.3115,2.905,50.0,0.0,0.0,1.0,1.0,1.0,0.02,2.0,2000.0,21.0,0.084,33.9,0.339,97.3,0.389,2.853,0.285,1.877,0.188,0.31,0.954,2.922,0.835,5.407,3.074,1.519,10.0,Sample
106,0 days 02:45:22,37.1,F10,141675,F,10,GFP-Gext,Plate 1,2026-03-19 14:47:56,Cytation5,30,5.0,1.8,1.8,21.0,34.0,97.5,2.9,1.9,0.3115,2.905,50.0,0.0,0.0,1.0,1.0,1.0,0.02,2.0,2000.0,21.0,0.084,33.9,0.339,97.3,0.389,2.853,0.285,1.877,0.188,0.31,0.954,2.922,0.835,5.407,3.074,1.519,10.0,Sample
107,0 days 02:50:22,37.0,F10,142562,F,10,GFP-Gext,Plate 1,2026-03-19 14:52:56,Cytation5,30,5.0,1.8,1.8,21.0,34.0,97.5,2.9,1.9,0.3115,2.905,50.0,0.0,0.0,1.0,1.0,1.0,0.02,2.0,2000.0,21.0,0.084,33.9,0.339,97.3,0.389,2.853,0.285,1.877,0.188,0.31,0.954,2.922,0.835,5.407,3.074,1.519,10.0,Sample
108,0 days 02:55:22,37.0,F10,143822,F,10,GFP-Gext,Plate 1,2026-03-19 14:57:56,Cytation5,30,5.0,1.8,1.8,21.0,34.0,97.5,2.9,1.9,0.3115,2.905,50.0,0.0,0.0,1.0,1.0,1.0,0.02,2.0,2000.0,21.0,0.084,33.9,0.339,97.3,0.389,2.853,0.285,1.877,0.188,0.31,0.954,2.922,0.835,5.407,3.074,1.519,10.0,Sample
109,0 days 03:00:22,37.0,F10,144801,F,10,GFP-Gext,Plate 1,2026-03-19 15:02:56,Cytation5,30,5.0,1.8,1.8,21.0,34.0,97.5,2.9,1.9,0.3115,2.905,50.0,0.0,0.0,1.0,1.0,1.0,0.02,2.0,2000.0,21.0,0.084,33.9,0.339,97.3,0.389,2.853,0.285,1.877,0.188,0.31,0.954,2.922,0.835,5.407,3.074,1.519,10.0,Sample
110,0 days 03:05:22,37.0,F10,146530,F,10,GFP-Gext,Plate 1,2026-03-19 15:07:56,Cytation5,30,5.0,1.8,1.8,21.0,34.0,97.5,2.9,1.9,0.3115,2.905,50.0,0.0,0.0,1.0,1.0,1.0,0.02,2.0,2000.0,21.0,0.084,33.9,0.339,97.3,0.389,2.853,0.285,1.877,0.188,0.31,0.954,2.922,0.835,5.407,3.074,1.519,10.0,Sample
111,0 days 03:10:22,37.0,F10,146327,F,10,GFP-Gext,Plate 1,2026-03-19 15:12:56,Cytation5,30,5.0,1.8,1.8,21.0,34.0,97.5,2.9,1.9,0.3115,2.905,50.0,0.0,0.0,1.0,1.0,1.0,0.02,2.0,2000.0,21.0,0.084,33.9,0.339,97.3,0.389,2.853,0.285,1.877,0.188,0.31,0.954,2.922,0.835,5.407,3.074,1.519,10.0,Sample
112,0 days 03:15:22,37.0,F10,147311,F,10,GFP-Gext,Plate 1,2026-03-19 15:17:56,Cytation5,30,5.0,1.8,1.8,21.0,34.0,97.5,2.9,1.9,0.3115,2.905,50.0,0.0,0.0,1.0,1.0,1.0,0.02,2.0,2000.0,21.0,0.084,33.9,0.339,97.3,0.389,2.853,0.285,1.877,0.188,0.31,0.954,2.922,0.835,5.407,3.074,1.519,10.0,Sample
113,0 days 03:20:22,37.0,F10,149145,F,10,GFP-Gext,Plate 1,2026-03-19 15:22:56,Cytation5,30,5.0,1.8,1.8,21.0,34.0,97.5,2.9,1.9,0.3115,2.905,50.0,0.0,0.0,1.0,1.0,1.0,0.02,2.0,2000.0,21.0,0.084,33.9,0.339,97.3,0.389,2.853,0.285,1.877,0.188,0.31,0.954,2.922,0.835,5.407,3.074,1.519,10.0,Sample
114,0 days 03:25:22,37.1,F10,148587,F,10,GFP-Gext,Plate 1,2026-03-19 15:27:56,Cytation5,30,5.0,1.8,1.8,21.0,34.0,97.5,2.9,1.9,0.3115,2.905,50.0,0.0,0.0,1.0,1.0,1.0,0.02,2.0,2000.0,21.0,0.084,33.9,0.339,97.3,0.389,2.853,0.285,1.877,0.188,0.31,0.954,2.922,0.835,5.407,3.074,1.519,10.0,Sample
115,0 days 03:30:22,36.9,F10,149641,F,10,GFP-Gext,Plate 1,2026-03-19 15:32:56,Cytation5,30,5.0,1.8,1.8,21.0,34.0,97.5,2.9,1.9,0.3115,2.905,50.0,0.0,0.0,1.0,1.0,1.0,0.02,2.0,2000.0,21.0,0.084,33.9,0.339,97.3,0.389,2.853,0.285,1.877,0.188,0.31,0.954,2.922,0.835,5.407,3.074,1.519,10.0,Sample
116,0 days 03:35:22,37.1,F10,150563,F,10,GFP-Gext,Plate 1,2026-03-19 15:37:56,Cytation5,30,5.0,1.8,1.8,21.0,34.0,97.5,2.9,1.9,0.3115,2.905,50.0,0.0,0.0,1.0,1.0,1.0,0.02,2.0,2000.0,21.0,0.084,33.9,0.339,97.3,0.389,2.853,0.285,1.877,0.188,0.31,0.954,2.922,0.835,5.407,3.074,1.519,10.0,Sample
117,0 days 03:40:22,37.0,F10,151606,F,10,GFP-Gext,Plate 1,2026-03-19 15:42:56,Cytation5,30,5.0,1.8,1.8,21.0,34.0,97.5,2.9,1.9,0.3115,2.905,50.0,0.0,0.0,1.0,1.0,1.0,0.02,2.0,2000.0,21.0,0.084,33.9,0.339,97.3,0.389,2.853,0.285,1.877,0.188,0.31,0.954,2.922,0.835,5.407,3.074,1.519,10.0,Sample
118,0 days 03:45:22,37.0,F10,151335,F,10,GFP-Gext,Plate 1,2026-03-19 15:47:56,Cytation5,30,5.0,1.8,1.8,21.0,34.0,97.5,2.9,1.9,0.3115,2.905,50.0,0.0,0.0,1.0,1.0,1.0,0.02,2.0,2000.0,21.0,0.084,33.9,0.339,97.3,0.389,2.853,0.285,1.877,0.188,0.31,0.954,2.922,0.835,5.407,3.074,1.519,10.0,Sample
119,0 days 03:50:22,37.0,F10,151930,F,10,GFP-Gext,Plate 1,2026-03-19 15:52:56,Cytation5,30,5.0,1.8,1.8,21.0,34.0,97.5,2.9,1.9,0.3115,2.905,50.0,0.0,0.0,1.0,1.0,1.0,0.02,2.0,2000.0,21.0,0.084,33.9,0.339,97.3,0.389,2.853,0.285,1.877,0.188,0.31,0.954,2.922,0.835,5.407,3.074,1.519,10.0,Sample
120,0 days 03:55:22,37.1,F10,153189,F,10,GFP-Gext,Plate 1,2026-03-19 15:57:56,Cytation5,30,5.0,1.8,1.8,21.0,34.0,97.5,2.9,1.9,0.3115,2.905,50.0,0.0,0.0,1.0,1.0,1.0,0.02,2.0,2000.0,21.0,0.084,33.9,0.339,97.3,0.389,2.853,0.285,1.877,0.188,0.31,0.954,2.922,0.835,5.407,3.074,1.519,10.0,Sample
121,0 days 04:00:22,37.0,F10,153480,F,10,GFP-Gext,Plate 1,2026-03-19 16:02:56,Cytation5,30,5.0,1.8,1.8,21.0,34.0,97.5,2.9,1.9,0.3115,2.905,50.0,0.0,0.0,1.0,1.0,1.0,0.02,2.0,2000.0,21.0,0.084,33.9,0.339,97.3,0.389,2.853,0.285,1.877,0.188,0.31,0.954,2.922,0.835,5.407,3.074,1.519,10.0,Sample
122,0 days 04:05:22,37.1,F10,153446,F,10,GFP-Gext,Plate 1,2026-03-19 16:07:56,Cytation5,30,5.0,1.8,1.8,21.0,34.0,97.5,2.9,1.9,0.3115,2.905,50.0,0.0,0.0,1.0,1.0,1.0,0.02,2.0,2000.0,21.0,0.084,33.9,0.339,97.3,0.389,2.853,0.285,1.877,0.188,0.31,0.954,2.922,0.835,5.407,3.074,1.519,10.0,Sample
123,0 days 04:10:22,37.0,F10,153565,F,10,GFP-Gext,Plate 1,2026-03-19 16:12:56,Cytation5,30,5.0,1.8,1.8,21.0,34.0,97.5,2.9,1.9,0.3115,2.905,50.0,0.0,0.0,1.0,1.0,1.0,0.02,2.0,2000.0,21.0,0.084,33.9,0.339,97.3,0.389,2.853,0.285,1.877,0.188,0.31,0.954,2.922,0.835,5.407,3.074,1.519,10.0,Sample
124,0 days 04:15:22,37.0,F10,153924,F,10,GFP-Gext,Plate 1,2026-03-19 16:17:56,Cytation5,30,5.0,1.8,1.8,21.0,34.0,97.5,2.9,1.9,0.3115,2.905,50.0,0.0,0.0,1.0,1.0,1.0,0.02,2.0,2000.0,21.0,0.084,33.9,0.339,97.3,0.389,2.853,0.285,1.877,0.188,0.31,0.954,2.922,0.835,5.407,3.074,1.519,10.0,Sample
125,0 days 04:20:22,37.0,F10,154852,F,10,GFP-Gext,Plate 1,2026-03-19 16:22:56,Cytation5,30,5.0,1.8,1.8,21.0,34.0,97.5,2.9,1.9,0.3115,2.905,50.0,0.0,0.0,1.0,1.0,1.0,0.02,2.0,2000.0,21.0,0.084,33.9,0.339,97.3,0.389,2.853,0.285,1.877,0.188,0.31,0.954,2.922,0.835,5.407,3.074,1.519,10.0,Sample
126,0 days 04:25:22,37.1,F10,154963,F,10,GFP-Gext,Plate 1,2026-03-19 16:27:56,Cytation5,30,5.0,1.8,1.8,21.0,34.0,97.5,2.9,1.9,0.3115,2.905,50.0,0.0,0.0,1.0,1.0,1.0,0.02,2.0,2000.0,21.0,0.084,33.9,0.339,97.3,0.389,2.853,0.285,1.877,0.188,0.31,0.954,2.922,0.835,5.407,3.074,1.519,10.0,Sample
127,0 days 04:30:22,37.0,F10,154906,F,10,GFP-Gext,Plate 1,2026-03-19 16:32:56,Cytation5,30,5.0,1.8,1.8,21.0,34.0,97.5,2.9,1.9,0.3115,2.905,50.0,0.0,0.0,1.0,1.0,1.0,0.02,2.0,2000.0,21.0,0.084,33.9,0.339,97.3,0.389,2.853,0.285,1.877,0.188,0.31,0.954,2.922,0.835,5.407,3.074,1.519,10.0,Sample
128,0 days 04:35:22,37.0,F10,155188,F,10,GFP-Gext,Plate 1,2026-03-19 16:37:56,Cytation5,30,5.0,1.8,1.8,21.0,34.0,97.5,2.9,1.9,0.3115,2.905,50.0,0.0,0.0,1.0,1.0,1.0,0.02,2.0,2000.0,21.0,0.084,33.9,0.339,97.3,0.389,2.853,0.285,1.877,0.188,0.31,0.954,2.922,0.835,5.407,3.074,1.519,10.0,Sample
129,0 days 04:40:22,37.0,F10,155619,F,10,GFP-Gext,Plate 1,2026-03-19 16:42:56,Cytation5,30,5.0,1.8,1.8,21.0,34.0,97.5,2.9,1.9,0.3115,2.905,50.0,0.0,0.0,1.0,1.0,1.0,0.02,2.0,2000.0,21.0,0.084,33.9,0.339,97.3,0.389,2.853,0.285,1.877,0.188,0.31,0.954,2.922,0.835,5.407,3.074,1.519,10.0,Sample
130,0 days 04:45:22,37.0,F10,156147,F,10,GFP-Gext,Plate 1,2026-03-19 16:47:56,Cytation5,30,5.0,1.8,1.8,21.0,34.0,97.5,2.9,1.9,0.3115,2.905,50.0,0.0,0.0,1.0,1.0,1.0,0.02,2.0,2000.0,21.0,0.084,33.9,0.339,97.3,0.389,2.853,0.285,1.877,0.188,0.31,0.954,2.922,0.835,5.407,3.074,1.519,10.0,Sample
131,0 days 04:50:22,37.0,F10,156252,F,10,GFP-Gext,Plate 1,2026-03-19 16:52:56,Cytation5,30,5.0,1.8,1.8,21.0,34.0,97.5,2.9,1.9,0.3115,2.905,50.0,0.0,0.0,1.0,1.0,1.0,0.02,2.0,2000.0,21.0,0.084,33.9,0.339,97.3,0.389,2.853,0.285,1.877,0.188,0.31,0.954,2.922,0.835,5.407,3.074,1.519,10.0,Sample
132,0 days 04:55:22,37.1,F10,156338,F,10,GFP-Gext,Plate 1,2026-03-19 16:57:56,Cytation5,30,5.0,1.8,1.8,21.0,34.0,97.5,2.9,1.9,0.3115,2.905,50.0,0.0,0.0,1.0,1.0,1.0,0.02,2.0,2000.0,21.0,0.084,33.9,0.339,97.3,0.389,2.853,0.285,1.877,0.188,0.31,0.954,2.922,0.835,5.407,3.074,1.519,10.0,Sample
133,0 days 05:00:22,37.1,F10,156862,F,10,GFP-Gext,Plate 1,2026-03-19 17:02:56,Cytation5,30,5.0,1.8,1.8,21.0,34.0,97.5,2.9,1.9,0.3115,2.905,50.0,0.0,0.0,1.0,1.0,1.0,0.02,2.0,2000.0,21.0,0.084,33.9,0.339,97.3,0.389,2.853,0.285,1.877,0.188,0.31,0.954,2.922,0.835,5.407,3.074,1.519,10.0,Sample
134,0 days 05:05:22,37.0,F10,156377,F,10,GFP-Gext,Plate 1,2026-03-19 17:07:56,Cytation5,30,5.0,1.8,1.8,21.0,34.0,97.5,2.9,1.9,0.3115,2.905,50.0,0.0,0.0,1.0,1.0,1.0,0.02,2.0,2000.0,21.0,0.084,33.9,0.339,97.3,0.389,2.853,0.285,1.877,0.188,0.31,0.954,2.922,0.835,5.407,3.074,1.519,10.0,Sample
135,0 days 05:10:22,37.0,F10,157293,F,10,GFP-Gext,Plate 1,2026-03-19 17:12:56,Cytation5,30,5.0,1.8,1.8,21.0,34.0,97.5,2.9,1.9,0.3115,2.905,50.0,0.0,0.0,1.0,1.0,1.0,0.02,2.0,2000.0,21.0,0.084,33.9,0.339,97.3,0.389,2.853,0.285,1.877,0.188,0.31,0.954,2.922,0.835,5.407,3.074,1.519,10.0,Sample
136,0 days 05:15:22,37.1,F10,157444,F,10,GFP-Gext,Plate 1,2026-03-19 17:17:56,Cytation5,30,5.0,1.8,1.8,21.0,34.0,97.5,2.9,1.9,0.3115,2.905,50.0,0.0,0.0,1.0,1.0,1.0,0.02,2.0,2000.0,21.0,0.084,33.9,0.339,97.3,0.389,2.853,0.285,1.877,0.188,0.31,0.954,2.922,0.835,5.407,3.074,1.519,10.0,Sample
137,0 days 05:20:22,37.0,F10,158137,F,10,GFP-Gext,Plate 1,2026-03-19 17:22:56,Cytation5,30,5.0,1.8,1.8,21.0,34.0,97.5,2.9,1.9,0.3115,2.905,50.0,0.0,0.0,1.0,1.0,1.0,0.02,2.0,2000.0,21.0,0.084,33.9,0.339,97.3,0.389,2.853,0.285,1.877,0.188,0.31,0.954,2.922,0.835,5.407,3.074,1.519,10.0,Sample
138,0 days 05:25:22,37.0,F10,158155,F,10,GFP-Gext,Plate 1,2026-03-19 17:27:56,Cytation5,30,5.0,1.8,1.8,21.0,34.0,97.5,2.9,1.9,0.3115,2.905,50.0,0.0,0.0,1.0,1.0,1.0,0.02,2.0,2000.0,21.0,0.084,33.9,0.339,97.3,0.389,2.853,0.285,1.877,0.188,0.31,0.954,2.922,0.835,5.407,3.074,1.519,10.0,Sample
139,0 days 05:30:22,37.0,F10,158763,F,10,GFP-Gext,Plate 1,2026-03-19 17:32:56,Cytation5,30,5.0,1.8,1.8,21.0,34.0,97.5,2.9,1.9,0.3115,2.905,50.0,0.0,0.0,1.0,1.0,1.0,0.02,2.0,2000.0,21.0,0.084,33.9,0.339,97.3,0.389,2.853,0.285,1.877,0.188,0.31,0.954,2.922,0.835,5.407,3.074,1.519,10.0,Sample
140,0 days 05:35:22,37.0,F10,157986,F,10,GFP-Gext,Plate 1,2026-03-19 17:37:56,Cytation5,30,5.0,1.8,1.8,21.0,34.0,97.5,2.9,1.9,0.3115,2.905,50.0,0.0,0.0,1.0,1.0,1.0,0.02,2.0,2000.0,21.0,0.084,33.9,0.339,97.3,0.389,2.853,0.285,1.877,0.188,0.31,0.954,2.922,0.835,5.407,3.074,1.519,10.0,Sample
141,0 days 05:40:22,37.0,F10,158172,F,10,GFP-Gext,Plate 1,2026-03-19 17:42:56,Cytation5,30,5.0,1.8,1.8,21.0,34.0,97.5,2.9,1.9,0.3115,2.905,50.0,0.0,0.0,1.0,1.0,1.0,0.02,2.0,2000.0,21.0,0.084,33.9,0.339,97.3,0.389,2.853,0.285,1.877,0.188,0.31,0.954,2.922,0.835,5.407,3.074,1.519,10.0,Sample
142,0 days 05:45:22,37.0,F10,158690,F,10,GFP-Gext,Plate 1,2026-03-19 17:47:56,Cytation5,30,5.0,1.8,1.8,21.0,34.0,97.5,2.9,1.9,0.3115,2.905,50.0,0.0,0.0,1.0,1.0,1.0,0.02,2.0,2000.0,21.0,0.084,33.9,0.339,97.3,0.389,2.853,0.285,1.877,0.188,0.31,0.954,2.922,0.835,5.407,3.074,1.519,10.0,Sample
143,0 days 05:50:22,37.0,F10,158405,F,10,GFP-Gext,Plate 1,2026-03-19 17:52:56,Cytation5,30,5.0,1.8,1.8,21.0,34.0,97.5,2.9,1.9,0.3115,2.905,50.0,0.0,0.0,1.0,1.0,1.0,0.02,2.0,2000.0,21.0,0.084,33.9,0.339,97.3,0.389,2.853,0.285,1.877,0.188,0.31,0.954,2.922,0.835,5.407,3.074,1.519,10.0,Sample
144,0 days 05:55:22,37.0,F10,159415,F,10,GFP-Gext,Plate 1,2026-03-19 17:57:56,Cytation5,30,5.0,1.8,1.8,21.0,34.0,97.5,2.9,1.9,0.3115,2.905,50.0,0.0,0.0,1.0,1.0,1.0,0.02,2.0,2000.0,21.0,0.084,33.9,0.339,97.3,0.389,2.853,0.285,1.877,0.188,0.31,0.954,2.922,0.835,5.407,3.074,1.519,10.0,Sample
145,0 days 06:00:22,37.0,F10,158651,F,10,GFP-Gext,Plate 1,2026-03-19 18:02:56,Cytation5,30,5.0,1.8,1.8,21.0,34.0,97.5,2.9,1.9,0.3115,2.905,50.0,0.0,0.0,1.0,1.0,1.0,0.02,2.0,2000.0,21.0,0.084,33.9,0.339,97.3,0.389,2.853,0.285,1.877,0.188,0.31,0.954,2.922,0.835,5.407,3.074,1.519,10.0,Sample
146,0 days 00:00:22,27.7,F11,486,F,11,GFP-Gext,Plate 1,2026-03-19 12:02:56,Cytation5,27,5.0,1.8,1.8,10.0,60.0,40.0,2.6,2.6,0.322,3.99,50.0,0.0,0.0,1.0,1.0,1.0,0.02,2.0,2000.0,9.9,0.04,60.0,0.6,40.0,0.16,2.562,0.256,2.603,0.26,0.321,0.988,4.0,1.143,5.407,3.447,1.146,10.0,Sample
147,0 days 00:05:22,33.8,F11,498,F,11,GFP-Gext,Plate 1,2026-03-19 12:07:56,Cytation5,27,5.0,1.8,1.8,10.0,60.0,40.0,2.6,2.6,0.322,3.99,50.0,0.0,0.0,1.0,1.0,1.0,0.02,2.0,2000.0,9.9,0.04,60.0,0.6,40.0,0.16,2.562,0.256,2.603,0.26,0.321,0.988,4.0,1.143,5.407,3.447,1.146,10.0,Sample
148,0 days 00:10:22,37.0,F11,847,F,11,GFP-Gext,Plate 1,2026-03-19 12:12:56,Cytation5,27,5.0,1.8,1.8,10.0,60.0,40.0,2.6,2.6,0.322,3.99,50.0,0.0,0.0,1.0,1.0,1.0,0.02,2.0,2000.0,9.9,0.04,60.0,0.6,40.0,0.16,2.562,0.256,2.603,0.26,0.321,0.988,4.0,1.143,5.407,3.447,1.146,10.0,Sample
149,0 days 00:15:22,37.0,F11,1903,F,11,GFP-Gext,Plate 1,2026-03-19 12:17:56,Cytation5,27,5.0,1.8,1.8,10.0,60.0,40.0,2.6,2.6,0.322,3.99,50.0,0.0,0.0,1.0,1.0,1.0,0.02,2.0,2000.0,9.9,0.04,60.0,0.6,40.0,0.16,2.562,0.256,2.603,0.26,0.321,0.988,4.0,1.143,5.407,3.447,1.146,10.0,Sample
150,0 days 00:20:22,37.0,F11,4004,F,11,GFP-Gext,Plate 1,2026-03-19 12:22:56,Cytation5,27,5.0,1.8,1.8,10.0,60.0,40.0,2.6,2.6,0.322,3.99,50.0,0.0,0.0,1.0,1.0,1.0,0.02,2.0,2000.0,9.9,0.04,60.0,0.6,40.0,0.16,2.562,0.256,2.603,0.26,0.321,0.988,4.0,1.143,5.407,3.447,1.146,10.0,Sample
151,0 days 00:25:22,37.1,F11,6666,F,11,GFP-Gext,Plate 1,2026-03-19 12:27:56,Cytation5,27,5.0,1.8,1.8,10.0,60.0,40.0,2.6,2.6,0.322,3.99,50.0,0.0,0.0,1.0,1.0,1.0,0.02,2.0,2000.0,9.9,0.04,60.0,0.6,40.0,0.16,2.562,0.256,2.603,0.26,0.321,0.988,4.0,1.143,5.407,3.447,1.146,10.0,Sample
152,0 days 00:30:22,37.0,F11,9955,F,11,GFP-Gext,Plate 1,2026-03-19 12:32:56,Cytation5,27,5.0,1.8,1.8,10.0,60.0,40.0,2.6,2.6,0.322,3.99,50.0,0.0,0.0,1.0,1.0,1.0,0.02,2.0,2000.0,9.9,0.04,60.0,0.6,40.0,0.16,2.562,0.256,2.603,0.26,0.321,0.988,4.0,1.143,5.407,3.447,1.146,10.0,Sample
153,0 days 00:35:22,37.0,F11,13751,F,11,GFP-Gext,Plate 1,2026-03-19 12:37:56,Cytation5,27,5.0,1.8,1.8,10.0,60.0,40.0,2.6,2.6,0.322,3.99,50.0,0.0,0.0,1.0,1.0,1.0,0.02,2.0,2000.0,9.9,0.04,60.0,0.6,40.0,0.16,2.562,0.256,2.603,0.26,0.321,0.988,4.0,1.143,5.407,3.447,1.146,10.0,Sample
154,0 days 00:40:22,37.0,F11,17405,F,11,GFP-Gext,Plate 1,2026-03-19 12:42:56,Cytation5,27,5.0,1.8,1.8,10.0,60.0,40.0,2.6,2.6,0.322,3.99,50.0,0.0,0.0,1.0,1.0,1.0,0.02,2.0,2000.0,9.9,0.04,60.0,0.6,40.0,0.16,2.562,0.256,2.603,0.26,0.321,0.988,4.0,1.143,5.407,3.447,1.146,10.0,Sample
155,0 days 00:45:22,36.9,F11,21221,F,11,GFP-Gext,Plate 1,2026-03-19 12:47:56,Cytation5,27,5.0,1.8,1.8,10.0,60.0,40.0,2.6,2.6,0.322,3.99,50.0,0.0,0.0,1.0,1.0,1.0,0.02,2.0,2000.0,9.9,0.04,60.0,0.6,40.0,0.16,2.562,0.256,2.603,0.26,0.321,0.988,4.0,1.143,5.407,3.447,1.146,10.0,Sample
156,0 days 00:50:22,37.0,F11,23561,F,11,GFP-Gext,Plate 1,2026-03-19 12:52:56,Cytation5,27,5.0,1.8,1.8,10.0,60.0,40.0,2.6,2.6,0.322,3.99,50.0,0.0,0.0,1.0,1.0,1.0,0.02,2.0,2000.0,9.9,0.04,60.0,0.6,40.0,0.16,2.562,0.256,2.603,0.26,0.321,0.988,4.0,1.143,5.407,3.447,1.146,10.0,Sample
157,0 days 00:55:22,37.0,F11,25625,F,11,GFP-Gext,Plate 1,2026-03-19 12:57:56,Cytation5,27,5.0,1.8,1.8,10.0,60.0,40.0,2.6,2.6,0.322,3.99,50.0,0.0,0.0,1.0,1.0,1.0,0.02,2.0,2000.0,9.9,0.04,60.0,0.6,40.0,0.16,2.562,0.256,2.603,0.26,0.321,0.988,4.0,1.143,5.407,3.447,1.146,10.0,Sample
158,0 days 01:00:22,37.0,F11,27259,F,11,GFP-Gext,Plate 1,2026-03-19 13:02:56,Cytation5,27,5.0,1.8,1.8,10.0,60.0,40.0,2.6,2.6,0.322,3.99,50.0,0.0,0.0,1.0,1.0,1.0,0.02,2.0,2000.0,9.9,0.04,60.0,0.6,40.0,0.16,2.562,0.256,2.603,0.26,0.321,0.988,4.0,1.143,5.407,3.447,1.146,10.0,Sample
159,0 days 01:05:22,37.0,F11,28826,F,11,GFP-Gext,Plate 1,2026-03-19 13:07:56,Cytation5,27,5.0,1.8,1.8,10.0,60.0,40.0,2.6,2.6,0.322,3.99,50.0,0.0,0.0,1.0,1.0,1.0,0.02,2.0,2000.0,9.9,0.04,60.0,0.6,40.0,0.16,2.562,0.256,2.603,0.26,0.321,0.988,4.0,1.143,5.407,3.447,1.146,10.0,Sample
160,0 days 01:10:22,37.0,F11,30010,F,11,GFP-Gext,Plate 1,2026-03-19 13:12:56,Cytation5,27,5.0,1.8,1.8,10.0,60.0,40.0,2.6,2.6,0.322,3.99,50.0,0.0,0.0,1.0,1.0,1.0,0.02,2.0,2000.0,9.9,0.04,60.0,0.6,40.0,0.16,2.562,0.256,2.603,0.26,0.321,0.988,4.0,1.143,5.407,3.447,1.146,10.0,Sample
161,0 days 01:15:22,37.0,F11,31195,F,11,GFP-Gext,Plate 1,2026-03-19 13:17:56,Cytation5,27,5.0,1.8,1.8,10.0,60.0,40.0,2.6,2.6,0.322,3.99,50.0,0.0,0.0,1.0,1.0,1.0,0.02,2.0,2000.0,9.9,0.04,60.0,0.6,40.0,0.16,2.562,0.256,2.603,0.26,0.321,0.988,4.0,1.143,5.407,3.447,1.146,10.0,Sample
162,0 days 01:20:22,37.0,F11,32077,F,11,GFP-Gext,Plate 1,2026-03-19 13:22:56,Cytation5,27,5.0,1.8,1.8,10.0,60.0,40.0,2.6,2.6,0.322,3.99,50.0,0.0,0.0,1.0,1.0,1.0,0.02,2.0,2000.0,9.9,0.04,60.0,0.6,40.0,0.16,2.562,0.256,2.603,0.26,0.321,0.988,4.0,1.143,5.407,3.447,1.146,10.0,Sample
163,0 days 01:25:22,37.1,F11,32963,F,11,GFP-Gext,Plate 1,2026-03-19 13:27:56,Cytation5,27,5.0,1.8,1.8,10.0,60.0,40.0,2.6,2.6,0.322,3.99,50.0,0.0,0.0,1.0,1.0,1.0,0.02,2.0,2000.0,9.9,0.04,60.0,0.6,40.0,0.16,2.562,0.256,2.603,0.26,0.321,0.988,4.0,1.143,5.407,3.447,1.146,10.0,Sample
164,0 days 01:30:22,37.1,F11,34042,F,11,GFP-Gext,Plate 1,2026-03-19 13:32:56,Cytation5,27,5.0,1.8,1.8,10.0,60.0,40.0,2.6,2.6,0.322,3.99,50.0,0.0,0.0,1.0,1.0,1.0,0.02,2.0,2000.0,9.9,0.04,60.0,0.6,40.0,0.16,2.562,0.256,2.603,0.26,0.321,0.988,4.0,1.143,5.407,3.447,1.146,10.0,Sample
165,0 days 01:35:22,37.0,F11,35044,F,11,GFP-Gext,Plate 1,2026-03-19 13:37:56,Cytation5,27,5.0,1.8,1.8,10.0,60.0,40.0,2.6,2.6,0.322,3.99,50.0,0.0,0.0,1.0,1.0,1.0,0.02,2.0,2000.0,9.9,0.04,60.0,0.6,40.0,0.16,2.562,0.256,2.603,0.26,0.321,0.988,4.0,1.143,5.407,3.447,1.146,10.0,Sample
166,0 days 01:40:22,37.0,F11,35508,F,11,GFP-Gext,Plate 1,2026-03-19 13:42:56,Cytation5,27,5.0,1.8,1.8,10.0,60.0,40.0,2.6,2.6,0.322,3.99,50.0,0.0,0.0,1.0,1.0,1.0,0.02,2.0,2000.0,9.9,0.04,60.0,0.6,40.0,0.16,2.562,0.256,2.603,0.26,0.321,0.988,4.0,1.143,5.407,3.447,1.146,10.0,Sample
167,0 days 01:45:22,37.0,F11,36434,F,11,GFP-Gext,Plate 1,2026-03-19 13:47:56,Cytation5,27,5.0,1.8,1.8,10.0,60.0,40.0,2.6,2.6,0.322,3.99,50.0,0.0,0.0,1.0,1.0,1.0,0.02,2.0,2000.0,9.9,0.04,60.0,0.6,40.0,0.16,2.562,0.256,2.603,0.26,0.321,0.988,4.0,1.143,5.407,3.447,1.146,10.0,Sample
168,0 days 01:50:22,36.9,F11,36770,F,11,GFP-Gext,Plate 1,2026-03-19 13:52:56,Cytation5,27,5.0,1.8,1.8,10.0,60.0,40.0,2.6,2.6,0.322,3.99,50.0,0.0,0.0,1.0,1.0,1.0,0.02,2.0,2000.0,9.9,0.04,60.0,0.6,40.0,0.16,2.562,0.256,2.603,0.26,0.321,0.988,4.0,1.143,5.407,3.447,1.146,10.0,Sample
169,0 days 01:55:22,37.0,F11,37548,F,11,GFP-Gext,Plate 1,2026-03-19 13:57:56,Cytation5,27,5.0,1.8,1.8,10.0,60.0,40.0,2.6,2.6,0.322,3.99,50.0,0.0,0.0,1.0,1.0,1.0,0.02,2.0,2000.0,9.9,0.04,60.0,0.6,40.0,0.16,2.562,0.256,2.603,0.26,0.321,0.988,4.0,1.143,5.407,3.447,1.146,10.0,Sample
170,0 days 02:00:22,37.0,F11,38285,F,11,GFP-Gext,Plate 1,2026-03-19 14:02:56,Cytation5,27,5.0,1.8,1.8,10.0,60.0,40.0,2.6,2.6,0.322,3.99,50.0,0.0,0.0,1.0,1.0,1.0,0.02,2.0,2000.0,9.9,0.04,60.0,0.6,40.0,0.16,2.562,0.256,2.603,0.26,0.321,0.988,4.0,1.143,5.407,3.447,1.146,10.0,Sample
171,0 days 02:05:22,37.0,F11,38516,F,11,GFP-Gext,Plate 1,2026-03-19 14:07:56,Cytation5,27,5.0,1.8,1.8,10.0,60.0,40.0,2.6,2.6,0.322,3.99,50.0,0.0,0.0,1.0,1.0,1.0,0.02,2.0,2000.0,9.9,0.04,60.0,0.6,40.0,0.16,2.562,0.256,2.603,0.26,0.321,0.988,4.0,1.143,5.407,3.447,1.146,10.0,Sample
172,0 days 02:10:22,37.0,F11,39110,F,11,GFP-Gext,Plate 1,2026-03-19 14:12:56,Cytation5,27,5.0,1.8,1.8,10.0,60.0,40.0,2.6,2.6,0.322,3.99,50.0,0.0,0.0,1.0,1.0,1.0,0.02,2.0,2000.0,9.9,0.04,60.0,0.6,40.0,0.16,2.562,0.256,2.603,0.26,0.321,0.988,4.0,1.143,5.407,3.447,1.146,10.0,Sample
173,0 days 02:15:22,37.0,F11,39089,F,11,GFP-Gext,Plate 1,2026-03-19 14:17:56,Cytation5,27,5.0,1.8,1.8,10.0,60.0,40.0,2.6,2.6,0.322,3.99,50.0,0.0,0.0,1.0,1.0,1.0,0.02,2.0,2000.0,9.9,0.04,60.0,0.6,40.0,0.16,2.562,0.256,2.603,0.26,0.321,0.988,4.0,1.143,5.407,3.447,1.146,10.0,Sample
174,0 days 02:20:22,37.0,F11,39454,F,11,GFP-Gext,Plate 1,2026-03-19 14:22:56,Cytation5,27,5.0,1.8,1.8,10.0,60.0,40.0,2.6,2.6,0.322,3.99,50.0,0.0,0.0,1.0,1.0,1.0,0.02,2.0,2000.0,9.9,0.04,60.0,0.6,40.0,0.16,2.562,0.256,2.603,0.26,0.321,0.988,4.0,1.143,5.407,3.447,1.146,10.0,Sample
175,0 days 02:25:22,37.0,F11,40026,F,11,GFP-Gext,Plate 1,2026-03-19 14:27:56,Cytation5,27,5.0,1.8,1.8,10.0,60.0,40.0,2.6,2.6,0.322,3.99,50.0,0.0,0.0,1.0,1.0,1.0,0.02,2.0,2000.0,9.9,0.04,60.0,0.6,40.0,0.16,2.562,0.256,2.603,0.26,0.321,0.988,4.0,1.143,5.407,3.447,1.146,10.0,Sample
176,0 days 02:30:22,37.1,F11,40287,F,11,GFP-Gext,Plate 1,2026-03-19 14:32:56,Cytation5,27,5.0,1.8,1.8,10.0,60.0,40.0,2.6,2.6,0.322,3.99,50.0,0.0,0.0,1.0,1.0,1.0,0.02,2.0,2000.0,9.9,0.04,60.0,0.6,40.0,0.16,2.562,0.256,2.603,0.26,0.321,0.988,4.0,1.143,5.407,3.447,1.146,10.0,Sample
177,0 days 02:35:22,37.0,F11,40438,F,11,GFP-Gext,Plate 1,2026-03-19 14:37:56,Cytation5,27,5.0,1.8,1.8,10.0,60.0,40.0,2.6,2.6,0.322,3.99,50.0,0.0,0.0,1.0,1.0,1.0,0.02,2.0,2000.0,9.9,0.04,60.0,0.6,40.0,0.16,2.562,0.256,2.603,0.26,0.321,0.988,4.0,1.143,5.407,3.447,1.146,10.0,Sample
178,0 days 02:40:22,37.0,F11,41164,F,11,GFP-Gext,Plate 1,2026-03-19 14:42:56,Cytation5,27,5.0,1.8,1.8,10.0,60.0,40.0,2.6,2.6,0.322,3.99,50.0,0.0,0.0,1.0,1.0,1.0,0.02,2.0,2000.0,9.9,0.04,60.0,0.6,40.0,0.16,2.562,0.256,2.603,0.26,0.321,0.988,4.0,1.143,5.407,3.447,1.146,10.0,Sample
179,0 days 02:45:22,37.1,F11,41090,F,11,GFP-Gext,Plate 1,2026-03-19 14:47:56,Cytation5,27,5.0,1.8,1.8,10.0,60.0,40.0,2.6,2.6,0.322,3.99,50.0,0.0,0.0,1.0,1.0,1.0,0.02,2.0,2000.0,9.9,0.04,60.0,0.6,40.0,0.16,2.562,0.256,2.603,0.26,0.321,0.988,4.0,1.143,5.407,3.447,1.146,10.0,Sample
180,0 days 02:50:22,37.0,F11,41362,F,11,GFP-Gext,Plate 1,2026-03-19 14:52:56,Cytation5,27,5.0,1.8,1.8,10.0,60.0,40.0,2.6,2.6,0.322,3.99,50.0,0.0,0.0,1.0,1.0,1.0,0.02,2.0,2000.0,9.9,0.04,60.0,0.6,40.0,0.16,2.562,0.256,2.603,0.26,0.321,0.988,4.0,1.143,5.407,3.447,1.146,10.0,Sample
181,0 days 02:55:22,37.0,F11,41130,F,11,GFP-Gext,Plate 1,2026-03-19 14:57:56,Cytation5,27,5.0,1.8,1.8,10.0,60.0,40.0,2.6,2.6,0.322,3.99,50.0,0.0,0.0,1.0,1.0,1.0,0.02,2.0,2000.0,9.9,0.04,60.0,0.6,40.0,0.16,2.562,0.256,2.603,0.26,0.321,0.988,4.0,1.143,5.407,3.447,1.146,10.0,Sample
182,0 days 03:00:22,37.0,F11,41625,F,11,GFP-Gext,Plate 1,2026-03-19 15:02:56,Cytation5,27,5.0,1.8,1.8,10.0,60.0,40.0,2.6,2.6,0.322,3.99,50.0,0.0,0.0,1.0,1.0,1.0,0.02,2.0,2000.0,9.9,0.04,60.0,0.6,40.0,0.16,2.562,0.256,2.603,0.26,0.321,0.988,4.0,1.143,5.407,3.447,1.146,10.0,Sample
183,0 days 03:05:22,37.0,F11,41546,F,11,GFP-Gext,Plate 1,2026-03-19 15:07:56,Cytation5,27,5.0,1.8,1.8,10.0,60.0,40.0,2.6,2.6,0.322,3.99,50.0,0.0,0.0,1.0,1.0,1.0,0.02,2.0,2000.0,9.9,0.04,60.0,0.6,40.0,0.16,2.562,0.256,2.603,0.26,0.321,0.988,4.0,1.143,5.407,3.447,1.146,10.0,Sample
184,0 days 03:10:22,37.0,F11,41981,F,11,GFP-Gext,Plate 1,2026-03-19 15:12:56,Cytation5,27,5.0,1.8,1.8,10.0,60.0,40.0,2.6,2.6,0.322,3.99,50.0,0.0,0.0,1.0,1.0,1.0,0.02,2.0,2000.0,9.9,0.04,60.0,0.6,40.0,0.16,2.562,0.256,2.603,0.26,0.321,0.988,4.0,1.143,5.407,3.447,1.146,10.0,Sample
185,0 days 03:15:22,37.0,F11,42187,F,11,GFP-Gext,Plate 1,2026-03-19 15:17:56,Cytation5,27,5.0,1.8,1.8,10.0,60.0,40.0,2.6,2.6,0.322,3.99,50.0,0.0,0.0,1.0,1.0,1.0,0.02,2.0,2000.0,9.9,0.04,60.0,0.6,40.0,0.16,2.562,0.256,2.603,0.26,0.321,0.988,4.0,1.143,5.407,3.447,1.146,10.0,Sample
186,0 days 03:20:22,37.0,F11,42343,F,11,GFP-Gext,Plate 1,2026-03-19 15:22:56,Cytation5,27,5.0,1.8,1.8,10.0,60.0,40.0,2.6,2.6,0.322,3.99,50.0,0.0,0.0,1.0,1.0,1.0,0.02,2.0,2000.0,9.9,0.04,60.0,0.6,40.0,0.16,2.562,0.256,2.603,0.26,0.321,0.988,4.0,1.143,5.407,3.447,1.146,10.0,Sample
187,0 days 03:25:22,37.1,F11,42424,F,11,GFP-Gext,Plate 1,2026-03-19 15:27:56,Cytation5,27,5.0,1.8,1.8,10.0,60.0,40.0,2.6,2.6,0.322,3.99,50.0,0.0,0.0,1.0,1.0,1.0,0.02,2.0,2000.0,9.9,0.04,60.0,0.6,40.0,0.16,2.562,0.256,2.603,0.26,0.321,0.988,4.0,1.143,5.407,3.447,1.146,10.0,Sample
188,0 days 03:30:22,36.9,F11,42495,F,11,GFP-Gext,Plate 1,2026-03-19 15:32:56,Cytation5,27,5.0,1.8,1.8,10.0,60.0,40.0,2.6,2.6,0.322,3.99,50.0,0.0,0.0,1.0,1.0,1.0,0.02,2.0,2000.0,9.9,0.04,60.0,0.6,40.0,0.16,2.562,0.256,2.603,0.26,0.321,0.988,4.0,1.143,5.407,3.447,1.146,10.0,Sample
189,0 days 03:35:22,37.1,F11,42344,F,11,GFP-Gext,Plate 1,2026-03-19 15:37:56,Cytation5,27,5.0,1.8,1.8,10.0,60.0,40.0,2.6,2.6,0.322,3.99,50.0,0.0,0.0,1.0,1.0,1.0,0.02,2.0,2000.0,9.9,0.04,60.0,0.6,40.0,0.16,2.562,0.256,2.603,0.26,0.321,0.988,4.0,1.143,5.407,3.447,1.146,10.0,Sample
190,0 days 03:40:22,37.0,F11,42704,F,11,GFP-Gext,Plate 1,2026-03-19 15:42:56,Cytation5,27,5.0,1.8,1.8,10.0,60.0,40.0,2.6,2.6,0.322,3.99,50.0,0.0,0.0,1.0,1.0,1.0,0.02,2.0,2000.0,9.9,0.04,60.0,0.6,40.0,0.16,2.562,0.256,2.603,0.26,0.321,0.988,4.0,1.143,5.407,3.447,1.146,10.0,Sample
191,0 days 03:45:22,37.0,F11,42796,F,11,GFP-Gext,Plate 1,2026-03-19 15:47:56,Cytation5,27,5.0,1.8,1.8,10.0,60.0,40.0,2.6,2.6,0.322,3.99,50.0,0.0,0.0,1.0,1.0,1.0,0.02,2.0,2000.0,9.9,0.04,60.0,0.6,40.0,0.16,2.562,0.256,2.603,0.26,0.321,0.988,4.0,1.143,5.407,3.447,1.146,10.0,Sample
192,0 days 03:50:22,37.0,F11,42262,F,11,GFP-Gext,Plate 1,2026-03-19 15:52:56,Cytation5,27,5.0,1.8,1.8,10.0,60.0,40.0,2.6,2.6,0.322,3.99,50.0,0.0,0.0,1.0,1.0,1.0,0.02,2.0,2000.0,9.9,0.04,60.0,0.6,40.0,0.16,2.562,0.256,2.603,0.26,0.321,0.988,4.0,1.143,5.407,3.447,1.146,10.0,Sample
193,0 days 03:55:22,37.1,F11,42882,F,11,GFP-Gext,Plate 1,2026-03-19 15:57:56,Cytation5,27,5.0,1.8,1.8,10.0,60.0,40.0,2.6,2.6,0.322,3.99,50.0,0.0,0.0,1.0,1.0,1.0,0.02,2.0,2000.0,9.9,0.04,60.0,0.6,40.0,0.16,2.562,0.256,2.603,0.26,0.321,0.988,4.0,1.143,5.407,3.447,1.146,10.0,Sample
194,0 days 04:00:22,37.0,F11,43123,F,11,GFP-Gext,Plate 1,2026-03-19 16:02:56,Cytation5,27,5.0,1.8,1.8,10.0,60.0,40.0,2.6,2.6,0.322,3.99,50.0,0.0,0.0,1.0,1.0,1.0,0.02,2.0,2000.0,9.9,0.04,60.0,0.6,40.0,0.16,2.562,0.256,2.603,0.26,0.321,0.988,4.0,1.143,5.407,3.447,1.146,10.0,Sample
195,0 days 04:05:22,37.1,F11,42749,F,11,GFP-Gext,Plate 1,2026-03-19 16:07:56,Cytation5,27,5.0,1.8,1.8,10.0,60.0,40.0,2.6,2.6,0.322,3.99,50.0,0.0,0.0,1.0,1.0,1.0,0.02,2.0,2000.0,9.9,0.04,60.0,0.6,40.0,0.16,2.562,0.256,2.603,0.26,0.321,0.988,4.0,1.143,5.407,3.447,1.146,10.0,Sample
196,0 days 04:10:22,37.0,F11,43068,F,11,GFP-Gext,Plate 1,2026-03-19 16:12:56,Cytation5,27,5.0,1.8,1.8,10.0,60.0,40.0,2.6,2.6,0.322,3.99,50.0,0.0,0.0,1.0,1.0,1.0,0.02,2.0,2000.0,9.9,0.04,60.0,0.6,40.0,0.16,2.562,0.256,2.603,0.26,0.321,0.988,4.0,1.143,5.407,3.447,1.146,10.0,Sample
197,0 days 04:15:22,37.0,F11,42863,F,11,GFP-Gext,Plate 1,2026-03-19 16:17:56,Cytation5,27,5.0,1.8,1.8,10.0,60.0,40.0,2.6,2.6,0.322,3.99,50.0,0.0,0.0,1.0,1.0,1.0,0.02,2.0,2000.0,9.9,0.04,60.0,0.6,40.0,0.16,2.562,0.256,2.603,0.26,0.321,0.988,4.0,1.143,5.407,3.447,1.146,10.0,Sample
198,0 days 04:20:22,37.0,F11,43257,F,11,GFP-Gext,Plate 1,2026-03-19 16:22:56,Cytation5,27,5.0,1.8,1.8,10.0,60.0,40.0,2.6,2.6,0.322,3.99,50.0,0.0,0.0,1.0,1.0,1.0,0.02,2.0,2000.0,9.9,0.04,60.0,0.6,40.0,0.16,2.562,0.256,2.603,0.26,0.321,0.988,4.0,1.143,5.407,3.447,1.146,10.0,Sample
199,0 days 04:25:22,37.1,F11,43267,F,11,GFP-Gext,Plate 1,2026-03-19 16:27:56,Cytation5,27,5.0,1.8,1.8,10.0,60.0,40.0,2.6,2.6,0.322,3.99,50.0,0.0,0.0,1.0,1.0,1.0,0.02,2.0,2000.0,9.9,0.04,60.0,0.6,40.0,0.16,2.562,0.256,2.603,0.26,0.321,0.988,4.0,1.143,5.407,3.447,1.146,10.0,Sample
200,0 days 04:30:22,37.0,F11,42932,F,11,GFP-Gext,Plate 1,2026-03-19 16:32:56,Cytation5,27,5.0,1.8,1.8,10.0,60.0,40.0,2.6,2.6,0.322,3.99,50.0,0.0,0.0,1.0,1.0,1.0,0.02,2.0,2000.0,9.9,0.04,60.0,0.6,40.0,0.16,2.562,0.256,2.603,0.26,0.321,0.988,4.0,1.143,5.407,3.447,1.146,10.0,Sample
201,0 days 04:35:22,37.0,F11,43222,F,11,GFP-Gext,Plate 1,2026-03-19 16:37:56,Cytation5,27,5.0,1.8,1.8,10.0,60.0,40.0,2.6,2.6,0.322,3.99,50.0,0.0,0.0,1.0,1.0,1.0,0.02,2.0,2000.0,9.9,0.04,60.0,0.6,40.0,0.16,2.562,0.256,2.603,0.26,0.321,0.988,4.0,1.143,5.407,3.447,1.146,10.0,Sample
202,0 days 04:40:22,37.0,F11,42941,F,11,GFP-Gext,Plate 1,2026-03-19 16:42:56,Cytation5,27,5.0,1.8,1.8,10.0,60.0,40.0,2.6,2.6,0.322,3.99,50.0,0.0,0.0,1.0,1.0,1.0,0.02,2.0,2000.0,9.9,0.04,60.0,0.6,40.0,0.16,2.562,0.256,2.603,0.26,0.321,0.988,4.0,1.143,5.407,3.447,1.146,10.0,Sample
203,0 days 04:45:22,37.0,F11,43223,F,11,GFP-Gext,Plate 1,2026-03-19 16:47:56,Cytation5,27,5.0,1.8,1.8,10.0,60.0,40.0,2.6,2.6,0.322,3.99,50.0,0.0,0.0,1.0,1.0,1.0,0.02,2.0,2000.0,9.9,0.04,60.0,0.6,40.0,0.16,2.562,0.256,2.603,0.26,0.321,0.988,4.0,1.143,5.407,3.447,1.146,10.0,Sample
204,0 days 04:50:22,37.0,F11,43036,F,11,GFP-Gext,Plate 1,2026-03-19 16:52:56,Cytation5,27,5.0,1.8,1.8,10.0,60.0,40.0,2.6,2.6,0.322,3.99,50.0,0.0,0.0,1.0,1.0,1.0,0.02,2.0,2000.0,9.9,0.04,60.0,0.6,40.0,0.16,2.562,0.256,2.603,0.26,0.321,0.988,4.0,1.143,5.407,3.447,1.146,10.0,Sample
205,0 days 04:55:22,37.1,F11,43188,F,11,GFP-Gext,Plate 1,2026-03-19 16:57:56,Cytation5,27,5.0,1.8,1.8,10.0,60.0,40.0,2.6,2.6,0.322,3.99,50.0,0.0,0.0,1.0,1.0,1.0,0.02,2.0,2000.0,9.9,0.04,60.0,0.6,40.0,0.16,2.562,0.256,2.603,0.26,0.321,0.988,4.0,1.143,5.407,3.447,1.146,10.0,Sample
206,0 days 05:00:22,37.1,F11,43708,F,11,GFP-Gext,Plate 1,2026-03-19 17:02:56,Cytation5,27,5.0,1.8,1.8,10.0,60.0,40.0,2.6,2.6,0.322,3.99,50.0,0.0,0.0,1.0,1.0,1.0,0.02,2.0,2000.0,9.9,0.04,60.0,0.6,40.0,0.16,2.562,0.256,2.603,0.26,0.321,0.988,4.0,1.143,5.407,3.447,1.146,10.0,Sample
207,0 days 05:05:22,37.0,F11,43387,F,11,GFP-Gext,Plate 1,2026-03-19 17:07:56,Cytation5,27,5.0,1.8,1.8,10.0,60.0,40.0,2.6,2.6,0.322,3.99,50.0,0.0,0.0,1.0,1.0,1.0,0.02,2.0,2000.0,9.9,0.04,60.0,0.6,40.0,0.16,2.562,0.256,2.603,0.26,0.321,0.988,4.0,1.143,5.407,3.447,1.146,10.0,Sample
208,0 days 05:10:22,37.0,F11,43262,F,11,GFP-Gext,Plate 1,2026-03-19 17:12:56,Cytation5,27,5.0,1.8,1.8,10.0,60.0,40.0,2.6,2.6,0.322,3.99,50.0,0.0,0.0,1.0,1.0,1.0,0.02,2.0,2000.0,9.9,0.04,60.0,0.6,40.0,0.16,2.562,0.256,2.603,0.26,0.321,0.988,4.0,1.143,5.407,3.447,1.146,10.0,Sample
209,0 days 05:15:22,37.1,F11,43528,F,11,GFP-Gext,Plate 1,2026-03-19 17:17:56,Cytation5,27,5.0,1.8,1.8,10.0,60.0,40.0,2.6,2.6,0.322,3.99,50.0,0.0,0.0,1.0,1.0,1.0,0.02,2.0,2000.0,9.9,0.04,60.0,0.6,40.0,0.16,2.562,0.256,2.603,0.26,0.321,0.988,4.0,1.143,5.407,3.447,1.146,10.0,Sample
210,0 days 05:20:22,37.0,F11,43686,F,11,GFP-Gext,Plate 1,2026-03-19 17:22:56,Cytation5,27,5.0,1.8,1.8,10.0,60.0,40.0,2.6,2.6,0.322,3.99,50.0,0.0,0.0,1.0,1.0,1.0,0.02,2.0,2000.0,9.9,0.04,60.0,0.6,40.0,0.16,2.562,0.256,2.603,0.26,0.321,0.988,4.0,1.143,5.407,3.447,1.146,10.0,Sample
211,0 days 05:25:22,37.0,F11,43246,F,11,GFP-Gext,Plate 1,2026-03-19 17:27:56,Cytation5,27,5.0,1.8,1.8,10.0,60.0,40.0,2.6,2.6,0.322,3.99,50.0,0.0,0.0,1.0,1.0,1.0,0.02,2.0,2000.0,9.9,0.04,60.0,0.6,40.0,0.16,2.562,0.256,2.603,0.26,0.321,0.988,4.0,1.143,5.407,3.447,1.146,10.0,Sample
212,0 days 05:30:22,37.0,F11,43538,F,11,GFP-Gext,Plate 1,2026-03-19 17:32:56,Cytation5,27,5.0,1.8,1.8,10.0,60.0,40.0,2.6,2.6,0.322,3.99,50.0,0.0,0.0,1.0,1.0,1.0,0.02,2.0,2000.0,9.9,0.04,60.0,0.6,40.0,0.16,2.562,0.256,2.603,0.26,0.321,0.988,4.0,1.143,5.407,3.447,1.146,10.0,Sample
213,0 days 05:35:22,37.0,F11,43691,F,11,GFP-Gext,Plate 1,2026-03-19 17:37:56,Cytation5,27,5.0,1.8,1.8,10.0,60.0,40.0,2.6,2.6,0.322,3.99,50.0,0.0,0.0,1.0,1.0,1.0,0.02,2.0,2000.0,9.9,0.04,60.0,0.6,40.0,0.16,2.562,0.256,2.603,0.26,0.321,0.988,4.0,1.143,5.407,3.447,1.146,10.0,Sample
214,0 days 05:40:22,37.0,F11,43459,F,11,GFP-Gext,Plate 1,2026-03-19 17:42:56,Cytation5,27,5.0,1.8,1.8,10.0,60.0,40.0,2.6,2.6,0.322,3.99,50.0,0.0,0.0,1.0,1.0,1.0,0.02,2.0,2000.0,9.9,0.04,60.0,0.6,40.0,0.16,2.562,0.256,2.603,0.26,0.321,0.988,4.0,1.143,5.407,3.447,1.146,10.0,Sample
215,0 days 05:45:22,37.0,F11,43876,F,11,GFP-Gext,Plate 1,2026-03-19 17:47:56,Cytation5,27,5.0,1.8,1.8,10.0,60.0,40.0,2.6,2.6,0.322,3.99,50.0,0.0,0.0,1.0,1.0,1.0,0.02,2.0,2000.0,9.9,0.04,60.0,0.6,40.0,0.16,2.562,0.256,2.603,0.26,0.321,0.988,4.0,1.143,5.407,3.447,1.146,10.0,Sample
216,0 days 05:50:22,37.0,F11,43536,F,11,GFP-Gext,Plate 1,2026-03-19 17:52:56,Cytation5,27,5.0,1.8,1.8,10.0,60.0,40.0,2.6,2.6,0.322,3.99,50.0,0.0,0.0,1.0,1.0,1.0,0.02,2.0,2000.0,9.9,0.04,60.0,0.6,40.0,0.16,2.562,0.256,2.603,0.26,0.321,0.988,4.0,1.143,5.407,3.447,1.146,10.0,Sample
217,0 days 05:55:22,37.0,F11,43458,F,11,GFP-Gext,Plate 1,2026-03-19 17:57:56,Cytation5,27,5.0,1.8,1.8,10.0,60.0,40.0,2.6,2.6,0.322,3.99,50.0,0.0,0.0,1.0,1.0,1.0,0.02,2.0,2000.0,9.9,0.04,60.0,0.6,40.0,0.16,2.562,0.256,2.603,0.26,0.321,0.988,4.0,1.143,5.407,3.447,1.146,10.0,Sample
218,0 days 06:00:22,37.0,F11,43715,F,11,GFP-Gext,Plate 1,2026-03-19 18:02:56,Cytation5,27,5.0,1.8,1.8,10.0,60.0,40.0,2.6,2.6,0.322,3.99,50.0,0.0,0.0,1.0,1.0,1.0,0.02,2.0,2000.0,9.9,0.04,60.0,0.6,40.0,0.16,2.562,0.256,2.603,0.26,0.321,0.988,4.0,1.143,5.407,3.447,1.146,10.0,Sample
219,0 days 00:00:22,27.7,F12,474,F,12,GFP-Gext,Plate 1,2026-03-19 12:02:56,Cytation5,12,5.0,1.8,1.8,25.0,60.0,97.5,2.3,2.1,0.3605,3.5,50.0,0.0,0.0,1.0,1.0,1.0,0.02,2.0,2000.0,25.0,0.1,60.0,0.6,97.7,0.391,2.266,0.227,2.092,0.209,0.361,1.111,3.502,1.001,5.407,3.639,0.954,10.0,Sample
220,0 days 00:05:22,33.8,F12,520,F,12,GFP-Gext,Plate 1,2026-03-19 12:07:56,Cytation5,12,5.0,1.8,1.8,25.0,60.0,97.5,2.3,2.1,0.3605,3.5,50.0,0.0,0.0,1.0,1.0,1.0,0.02,2.0,2000.0,25.0,0.1,60.0,0.6,97.7,0.391,2.266,0.227,2.092,0.209,0.361,1.111,3.502,1.001,5.407,3.639,0.954,10.0,Sample
221,0 days 00:10:22,37.0,F12,432,F,12,GFP-Gext,Plate 1,2026-03-19 12:12:56,Cytation5,12,5.0,1.8,1.8,25.0,60.0,97.5,2.3,2.1,0.3605,3.5,50.0,0.0,0.0,1.0,1.0,1.0,0.02,2.0,2000.0,25.0,0.1,60.0,0.6,97.7,0.391,2.266,0.227,2.092,0.209,0.361,1.111,3.502,1.001,5.407,3.639,0.954,10.0,Sample
222,0 days 00:15:22,37.0,F12,1003,F,12,GFP-Gext,Plate 1,2026-03-19 12:17:56,Cytation5,12,5.0,1.8,1.8,25.0,60.0,97.5,2.3,2.1,0.3605,3.5,50.0,0.0,0.0,1.0,1.0,1.0,0.02,2.0,2000.0,25.0,0.1,60.0,0.6,97.7,0.391,2.266,0.227,2.092,0.209,0.361,1.111,3.502,1.001,5.407,3.639,0.954,10.0,Sample
223,0 days 00:20:22,37.0,F12,3864,F,12,GFP-Gext,Plate 1,2026-03-19 12:22:56,Cytation5,12,5.0,1.8,1.8,25.0,60.0,97.5,2.3,2.1,0.3605,3.5,50.0,0.0,0.0,1.0,1.0,1.0,0.02,2.0,2000.0,25.0,0.1,60.0,0.6,97.7,0.391,2.266,0.227,2.092,0.209,0.361,1.111,3.502,1.001,5.407,3.639,0.954,10.0,Sample
224,0 days 00:25:22,37.1,F12,9654,F,12,GFP-Gext,Plate 1,2026-03-19 12:27:56,Cytation5,12,5.0,1.8,1.8,25.0,60.0,97.5,2.3,2.1,0.3605,3.5,50.0,0.0,0.0,1.0,1.0,1.0,0.02,2.0,2000.0,25.0,0.1,60.0,0.6,97.7,0.391,2.266,0.227,2.092,0.209,0.361,1.111,3.502,1.001,5.407,3.639,0.954,10.0,Sample
225,0 days 00:30:22,37.0,F12,17698,F,12,GFP-Gext,Plate 1,2026-03-19 12:32:56,Cytation5,12,5.0,1.8,1.8,25.0,60.0,97.5,2.3,2.1,0.3605,3.5,50.0,0.0,0.0,1.0,1.0,1.0,0.02,2.0,2000.0,25.0,0.1,60.0,0.6,97.7,0.391,2.266,0.227,2.092,0.209,0.361,1.111,3.502,1.001,5.407,3.639,0.954,10.0,Sample
226,0 days 00:35:22,37.0,F12,27523,F,12,GFP-Gext,Plate 1,2026-03-19 12:37:56,Cytation5,12,5.0,1.8,1.8,25.0,60.0,97.5,2.3,2.1,0.3605,3.5,50.0,0.0,0.0,1.0,1.0,1.0,0.02,2.0,2000.0,25.0,0.1,60.0,0.6,97.7,0.391,2.266,0.227,2.092,0.209,0.361,1.111,3.502,1.001,5.407,3.639,0.954,10.0,Sample
227,0 days 00:40:22,37.0,F12,38983,F,12,GFP-Gext,Plate 1,2026-03-19 12:42:56,Cytation5,12,5.0,1.8,1.8,25.0,60.0,97.5,2.3,2.1,0.3605,3.5,50.0,0.0,0.0,1.0,1.0,1.0,0.02,2.0,2000.0,25.0,0.1,60.0,0.6,97.7,0.391,2.266,0.227,2.092,0.209,0.361,1.111,3.502,1.001,5.407,3.639,0.954,10.0,Sample
228,0 days 00:45:22,36.9,F12,50627,F,12,GFP-Gext,Plate 1,2026-03-19 12:47:56,Cytation5,12,5.0,1.8,1.8,25.0,60.0,97.5,2.3,2.1,0.3605,3.5,50.0,0.0,0.0,1.0,1.0,1.0,0.02,2.0,2000.0,25.0,0.1,60.0,0.6,97.7,0.391,2.266,0.227,2.092,0.209,0.361,1.111,3.502,1.001,5.407,3.639,0.954,10.0,Sample
229,0 days 00:50:22,37.0,F12,62696,F,12,GFP-Gext,Plate 1,2026-03-19 12:52:56,Cytation5,12,5.0,1.8,1.8,25.0,60.0,97.5,2.3,2.1,0.3605,3.5,50.0,0.0,0.0,1.0,1.0,1.0,0.02,2.0,2000.0,25.0,0.1,60.0,0.6,97.7,0.391,2.266,0.227,2.092,0.209,0.361,1.111,3.502,1.001,5.407,3.639,0.954,10.0,Sample
230,0 days 00:55:22,37.0,F12,74404,F,12,GFP-Gext,Plate 1,2026-03-19 12:57:56,Cytation5,12,5.0,1.8,1.8,25.0,60.0,97.5,2.3,2.1,0.3605,3.5,50.0,0.0,0.0,1.0,1.0,1.0,0.02,2.0,2000.0,25.0,0.1,60.0,0.6,97.7,0.391,2.266,0.227,2.092,0.209,0.361,1.111,3.502,1.001,5.407,3.639,0.954,10.0,Sample
231,0 days 01:00:22,37.0,F12,86022,F,12,GFP-Gext,Plate 1,2026-03-19 13:02:56,Cytation5,12,5.0,1.8,1.8,25.0,60.0,97.5,2.3,2.1,0.3605,3.5,50.0,0.0,0.0,1.0,1.0,1.0,0.02,2.0,2000.0,25.0,0.1,60.0,0.6,97.7,0.391,2.266,0.227,2.092,0.209,0.361,1.111,3.502,1.001,5.407,3.639,0.954,10.0,Sample
232,0 days 01:05:22,37.0,F12,97506,F,12,GFP-Gext,Plate 1,2026-03-19 13:07:56,Cytation5,12,5.0,1.8,1.8,25.0,60.0,97.5,2.3,2.1,0.3605,3.5,50.0,0.0,0.0,1.0,1.0,1.0,0.02,2.0,2000.0,25.0,0.1,60.0,0.6,97.7,0.391,2.266,0.227,2.092,0.209,0.361,1.111,3.502,1.001,5.407,3.639,0.954,10.0,Sample
233,0 days 01:10:22,37.0,F12,108215,F,12,GFP-Gext,Plate 1,2026-03-19 13:12:56,Cytation5,12,5.0,1.8,1.8,25.0,60.0,97.5,2.3,2.1,0.3605,3.5,50.0,0.0,0.0,1.0,1.0,1.0,0.02,2.0,2000.0,25.0,0.1,60.0,0.6,97.7,0.391,2.266,0.227,2.092,0.209,0.361,1.111,3.502,1.001,5.407,3.639,0.954,10.0,Sample
234,0 days 01:15:22,37.0,F12,117942,F,12,GFP-Gext,Plate 1,2026-03-19 13:17:56,Cytation5,12,5.0,1.8,1.8,25.0,60.0,97.5,2.3,2.1,0.3605,3.5,50.0,0.0,0.0,1.0,1.0,1.0,0.02,2.0,2000.0,25.0,0.1,60.0,0.6,97.7,0.391,2.266,0.227,2.092,0.209,0.361,1.111,3.502,1.001,5.407,3.639,0.954,10.0,Sample
235,0 days 01:20:22,37.0,F12,127837,F,12,GFP-Gext,Plate 1,2026-03-19 13:22:56,Cytation5,12,5.0,1.8,1.8,25.0,60.0,97.5,2.3,2.1,0.3605,3.5,50.0,0.0,0.0,1.0,1.0,1.0,0.02,2.0,2000.0,25.0,0.1,60.0,0.6,97.7,0.391,2.266,0.227,2.092,0.209,0.361,1.111,3.502,1.001,5.407,3.639,0.954,10.0,Sample
236,0 days 01:25:22,37.1,F12,136743,F,12,GFP-Gext,Plate 1,2026-03-19 13:27:56,Cytation5,12,5.0,1.8,1.8,25.0,60.0,97.5,2.3,2.1,0.3605,3.5,50.0,0.0,0.0,1.0,1.0,1.0,0.02,2.0,2000.0,25.0,0.1,60.0,0.6,97.7,0.391,2.266,0.227,2.092,0.209,0.361,1.111,3.502,1.001,5.407,3.639,0.954,10.0,Sample
237,0 days 01:30:22,37.1,F12,145090,F,12,GFP-Gext,Plate 1,2026-03-19 13:32:56,Cytation5,12,5.0,1.8,1.8,25.0,60.0,97.5,2.3,2.1,0.3605,3.5,50.0,0.0,0.0,1.0,1.0,1.0,0.02,2.0,2000.0,25.0,0.1,60.0,0.6,97.7,0.391,2.266,0.227,2.092,0.209,0.361,1.111,3.502,1.001,5.407,3.639,0.954,10.0,Sample
238,0 days 01:35:22,37.0,F12,152846,F,12,GFP-Gext,Plate 1,2026-03-19 13:37:56,Cytation5,12,5.0,1.8,1.8,25.0,60.0,97.5,2.3,2.1,0.3605,3.5,50.0,0.0,0.0,1.0,1.0,1.0,0.02,2.0,2000.0,25.0,0.1,60.0,0.6,97.7,0.391,2.266,0.227,2.092,0.209,0.361,1.111,3.502,1.001,5.407,3.639,0.954,10.0,Sample
239,0 days 01:40:22,37.0,F12,159750,F,12,GFP-Gext,Plate 1,2026-03-19 13:42:56,Cytation5,12,5.0,1.8,1.8,25.0,60.0,97.5,2.3,2.1,0.3605,3.5,50.0,0.0,0.0,1.0,1.0,1.0,0.02,2.0,2000.0,25.0,0.1,60.0,0.6,97.7,0.391,2.266,0.227,2.092,0.209,0.361,1.111,3.502,1.001,5.407,3.639,0.954,10.0,Sample
240,0 days 01:45:22,37.0,F12,166592,F,12,GFP-Gext,Plate 1,2026-03-19 13:47:56,Cytation5,12,5.0,1.8,1.8,25.0,60.0,97.5,2.3,2.1,0.3605,3.5,50.0,0.0,0.0,1.0,1.0,1.0,0.02,2.0,2000.0,25.0,0.1,60.0,0.6,97.7,0.391,2.266,0.227,2.092,0.209,0.361,1.111,3.502,1.001,5.407,3.639,0.954,10.0,Sample
241,0 days 01:50:22,36.9,F12,173407,F,12,GFP-Gext,Plate 1,2026-03-19 13:52:56,Cytation5,12,5.0,1.8,1.8,25.0,60.0,97.5,2.3,2.1,0.3605,3.5,50.0,0.0,0.0,1.0,1.0,1.0,0.02,2.0,2000.0,25.0,0.1,60.0,0.6,97.7,0.391,2.266,0.227,2.092,0.209,0.361,1.111,3.502,1.001,5.407,3.639,0.954,10.0,Sample
242,0 days 01:55:22,37.0,F12,179704,F,12,GFP-Gext,Plate 1,2026-03-19 13:57:56,Cytation5,12,5.0,1.8,1.8,25.0,60.0,97.5,2.3,2.1,0.3605,3.5,50.0,0.0,0.0,1.0,1.0,1.0,0.02,2.0,2000.0,25.0,0.1,60.0,0.6,97.7,0.391,2.266,0.227,2.092,0.209,0.361,1.111,3.502,1.001,5.407,3.639,0.954,10.0,Sample
243,0 days 02:00:22,37.0,F12,185449,F,12,GFP-Gext,Plate 1,2026-03-19 14:02:56,Cytation5,12,5.0,1.8,1.8,25.0,60.0,97.5,2.3,2.1,0.3605,3.5,50.0,0.0,0.0,1.0,1.0,1.0,0.02,2.0,2000.0,25.0,0.1,60.0,0.6,97.7,0.391,2.266,0.227,2.092,0.209,0.361,1.111,3.502,1.001,5.407,3.639,0.954,10.0,Sample
244,0 days 02:05:22,37.0,F12,189129,F,12,GFP-Gext,Plate 1,2026-03-19 14:07:56,Cytation5,12,5.0,1.8,1.8,25.0,60.0,97.5,2.3,2.1,0.3605,3.5,50.0,0.0,0.0,1.0,1.0,1.0,0.02,2.0,2000.0,25.0,0.1,60.0,0.6,97.7,0.391,2.266,0.227,2.092,0.209,0.361,1.111,3.502,1.001,5.407,3.639,0.954,10.0,Sample
245,0 days 02:10:22,37.0,F12,194111,F,12,GFP-Gext,Plate 1,2026-03-19 14:12:56,Cytation5,12,5.0,1.8,1.8,25.0,60.0,97.5,2.3,2.1,0.3605,3.5,50.0,0.0,0.0,1.0,1.0,1.0,0.02,2.0,2000.0,25.0,0.1,60.0,0.6,97.7,0.391,2.266,0.227,2.092,0.209,0.361,1.111,3.502,1.001,5.407,3.639,0.954,10.0,Sample
246,0 days 02:15:22,37.0,F12,199016,F,12,GFP-Gext,Plate 1,2026-03-19 14:17:56,Cytation5,12,5.0,1.8,1.8,25.0,60.0,97.5,2.3,2.1,0.3605,3.5,50.0,0.0,0.0,1.0,1.0,1.0,0.02,2.0,2000.0,25.0,0.1,60.0,0.6,97.7,0.391,2.266,0.227,2.092,0.209,0.361,1.111,3.502,1.001,5.407,3.639,0.954,10.0,Sample
247,0 days 02:20:22,37.0,F12,202185,F,12,GFP-Gext,Plate 1,2026-03-19 14:22:56,Cytation5,12,5.0,1.8,1.8,25.0,60.0,97.5,2.3,2.1,0.3605,3.5,50.0,0.0,0.0,1.0,1.0,1.0,0.02,2.0,2000.0,25.0,0.1,60.0,0.6,97.7,0.391,2.266,0.227,2.092,0.209,0.361,1.111,3.502,1.001,5.407,3.639,0.954,10.0,Sample
248,0 days 02:25:22,37.0,F12,206079,F,12,GFP-Gext,Plate 1,2026-03-19 14:27:56,Cytation5,12,5.0,1.8,1.8,25.0,60.0,97.5,2.3,2.1,0.3605,3.5,50.0,0.0,0.0,1.0,1.0,1.0,0.02,2.0,2000.0,25.0,0.1,60.0,0.6,97.7,0.391,2.266,0.227,2.092,0.209,0.361,1.111,3.502,1.001,5.407,3.639,0.954,10.0,Sample
249,0 days 02:30:22,37.1,F12,209270,F,12,GFP-Gext,Plate 1,2026-03-19 14:32:56,Cytation5,12,5.0,1.8,1.8,25.0,60.0,97.5,2.3,2.1,0.3605,3.5,50.0,0.0,0.0,1.0,1.0,1.0,0.02,2.0,2000.0,25.0,0.1,60.0,0.6,97.7,0.391,2.266,0.227,2.092,0.209,0.361,1.111,3.502,1.001,5.407,3.639,0.954,10.0,Sample
250,0 days 02:35:22,37.0,F12,212832,F,12,GFP-Gext,Plate 1,2026-03-19 14:37:56,Cytation5,12,5.0,1.8,1.8,25.0,60.0,97.5,2.3,2.1,0.3605,3.5,50.0,0.0,0.0,1.0,1.0,1.0,0.02,2.0,2000.0,25.0,0.1,60.0,0.6,97.7,0.391,2.266,0.227,2.092,0.209,0.361,1.111,3.502,1.001,5.407,3.639,0.954,10.0,Sample
251,0 days 02:40:22,37.0,F12,216395,F,12,GFP-Gext,Plate 1,2026-03-19 14:42:56,Cytation5,12,5.0,1.8,1.8,25.0,60.0,97.5,2.3,2.1,0.3605,3.5,50.0,0.0,0.0,1.0,1.0,1.0,0.02,2.0,2000.0,25.0,0.1,60.0,0.6,97.7,0.391,2.266,0.227,2.092,0.209,0.361,1.111,3.502,1.001,5.407,3.639,0.954,10.0,Sample
252,0 days 02:45:22,37.1,F12,217862,F,12,GFP-Gext,Plate 1,2026-03-19 14:47:56,Cytation5,12,5.0,1.8,1.8,25.0,60.0,97.5,2.3,2.1,0.3605,3.5,50.0,0.0,0.0,1.0,1.0,1.0,0.02,2.0,2000.0,25.0,0.1,60.0,0.6,97.7,0.391,2.266,0.227,2.092,0.209,0.361,1.111,3.502,1.001,5.407,3.639,0.954,10.0,Sample
253,0 days 02:50:22,37.0,F12,222512,F,12,GFP-Gext,Plate 1,2026-03-19 14:52:56,Cytation5,12,5.0,1.8,1.8,25.0,60.0,97.5,2.3,2.1,0.3605,3.5,50.0,0.0,0.0,1.0,1.0,1.0,0.02,2.0,2000.0,25.0,0.1,60.0,0.6,97.7,0.391,2.266,0.227,2.092,0.209,0.361,1.111,3.502,1.001,5.407,3.639,0.954,10.0,Sample
254,0 days 02:55:22,37.0,F12,223775,F,12,GFP-Gext,Plate 1,2026-03-19 14:57:56,Cytation5,12,5.0,1.8,1.8,25.0,60.0,97.5,2.3,2.1,0.3605,3.5,50.0,0.0,0.0,1.0,1.0,1.0,0.02,2.0,2000.0,25.0,0.1,60.0,0.6,97.7,0.391,2.266,0.227,2.092,0.209,0.361,1.111,3.502,1.001,5.407,3.639,0.954,10.0,Sample
255,0 days 03:00:22,37.0,F12,227533,F,12,GFP-Gext,Plate 1,2026-03-19 15:02:56,Cytation5,12,5.0,1.8,1.8,25.0,60.0,97.5,2.3,2.1,0.3605,3.5,50.0,0.0,0.0,1.0,1.0,1.0,0.02,2.0,2000.0,25.0,0.1,60.0,0.6,97.7,0.391,2.266,0.227,2.092,0.209,0.361,1.111,3.502,1.001,5.407,3.639,0.954,10.0,Sample
256,0 days 03:05:22,37.0,F12,228750,F,12,GFP-Gext,Plate 1,2026-03-19 15:07:56,Cytation5,12,5.0,1.8,1.8,25.0,60.0,97.5,2.3,2.1,0.3605,3.5,50.0,0.0,0.0,1.0,1.0,1.0,0.02,2.0,2000.0,25.0,0.1,60.0,0.6,97.7,0.391,2.266,0.227,2.092,0.209,0.361,1.111,3.502,1.001,5.407,3.639,0.954,10.0,Sample
257,0 days 03:10:22,37.0,F12,230549,F,12,GFP-Gext,Plate 1,2026-03-19 15:12:56,Cytation5,12,5.0,1.8,1.8,25.0,60.0,97.5,2.3,2.1,0.3605,3.5,50.0,0.0,0.0,1.0,1.0,1.0,0.02,2.0,2000.0,25.0,0.1,60.0,0.6,97.7,0.391,2.266,0.227,2.092,0.209,0.361,1.111,3.502,1.001,5.407,3.639,0.954,10.0,Sample
258,0 days 03:15:22,37.0,F12,232799,F,12,GFP-Gext,Plate 1,2026-03-19 15:17:56,Cytation5,12,5.0,1.8,1.8,25.0,60.0,97.5,2.3,2.1,0.3605,3.5,50.0,0.0,0.0,1.0,1.0,1.0,0.02,2.0,2000.0,25.0,0.1,60.0,0.6,97.7,0.391,2.266,0.227,2.092,0.209,0.361,1.111,3.502,1.001,5.407,3.639,0.954,10.0,Sample
259,0 days 03:20:22,37.0,F12,234547,F,12,GFP-Gext,Plate 1,2026-03-19 15:22:56,Cytation5,12,5.0,1.8,1.8,25.0,60.0,97.5,2.3,2.1,0.3605,3.5,50.0,0.0,0.0,1.0,1.0,1.0,0.02,2.0,2000.0,25.0,0.1,60.0,0.6,97.7,0.391,2.266,0.227,2.092,0.209,0.361,1.111,3.502,1.001,5.407,3.639,0.954,10.0,Sample
260,0 days 03:25:22,37.1,F12,235413,F,12,GFP-Gext,Plate 1,2026-03-19 15:27:56,Cytation5,12,5.0,1.8,1.8,25.0,60.0,97.5,2.3,2.1,0.3605,3.5,50.0,0.0,0.0,1.0,1.0,1.0,0.02,2.0,2000.0,25.0,0.1,60.0,0.6,97.7,0.391,2.266,0.227,2.092,0.209,0.361,1.111,3.502,1.001,5.407,3.639,0.954,10.0,Sample
261,0 days 03:30:22,36.9,F12,237144,F,12,GFP-Gext,Plate 1,2026-03-19 15:32:56,Cytation5,12,5.0,1.8,1.8,25.0,60.0,97.5,2.3,2.1,0.3605,3.5,50.0,0.0,0.0,1.0,1.0,1.0,0.02,2.0,2000.0,25.0,0.1,60.0,0.6,97.7,0.391,2.266,0.227,2.092,0.209,0.361,1.111,3.502,1.001,5.407,3.639,0.954,10.0,Sample
262,0 days 03:35:22,37.1,F12,238581,F,12,GFP-Gext,Plate 1,2026-03-19 15:37:56,Cytation5,12,5.0,1.8,1.8,25.0,60.0,97.5,2.3,2.1,0.3605,3.5,50.0,0.0,0.0,1.0,1.0,1.0,0.02,2.0,2000.0,25.0,0.1,60.0,0.6,97.7,0.391,2.266,0.227,2.092,0.209,0.361,1.111,3.502,1.001,5.407,3.639,0.954,10.0,Sample
263,0 days 03:40:22,37.0,F12,238964,F,12,GFP-Gext,Plate 1,2026-03-19 15:42:56,Cytation5,12,5.0,1.8,1.8,25.0,60.0,97.5,2.3,2.1,0.3605,3.5,50.0,0.0,0.0,1.0,1.0,1.0,0.02,2.0,2000.0,25.0,0.1,60.0,0.6,97.7,0.391,2.266,0.227,2.092,0.209,0.361,1.111,3.502,1.001,5.407,3.639,0.954,10.0,Sample
264,0 days 03:45:22,37.0,F12,242194,F,12,GFP-Gext,Plate 1,2026-03-19 15:47:56,Cytation5,12,5.0,1.8,1.8,25.0,60.0,97.5,2.3,2.1,0.3605,3.5,50.0,0.0,0.0,1.0,1.0,1.0,0.02,2.0,2000.0,25.0,0.1,60.0,0.6,97.7,0.391,2.266,0.227,2.092,0.209,0.361,1.111,3.502,1.001,5.407,3.639,0.954,10.0,Sample
265,0 days 03:50:22,37.0,F12,242213,F,12,GFP-Gext,Plate 1,2026-03-19 15:52:56,Cytation5,12,5.0,1.8,1.8,25.0,60.0,97.5,2.3,2.1,0.3605,3.5,50.0,0.0,0.0,1.0,1.0,1.0,0.02,2.0,2000.0,25.0,0.1,60.0,0.6,97.7,0.391,2.266,0.227,2.092,0.209,0.361,1.111,3.502,1.001,5.407,3.639,0.954,10.0,Sample
266,0 days 03:55:22,37.1,F12,244406,F,12,GFP-Gext,Plate 1,2026-03-19 15:57:56,Cytation5,12,5.0,1.8,1.8,25.0,60.0,97.5,2.3,2.1,0.3605,3.5,50.0,0.0,0.0,1.0,1.0,1.0,0.02,2.0,2000.0,25.0,0.1,60.0,0.6,97.7,0.391,2.266,0.227,2.092,0.209,0.361,1.111,3.502,1.001,5.407,3.639,0.954,10.0,Sample
267,0 days 04:00:22,37.0,F12,243193,F,12,GFP-Gext,Plate 1,2026-03-19 16:02:56,Cytation5,12,5.0,1.8,1.8,25.0,60.0,97.5,2.3,2.1,0.3605,3.5,50.0,0.0,0.0,1.0,1.0,1.0,0.02,2.0,2000.0,25.0,0.1,60.0,0.6,97.7,0.391,2.266,0.227,2.092,0.209,0.361,1.111,3.502,1.001,5.407,3.639,0.954,10.0,Sample
268,0 days 04:05:22,37.1,F12,244684,F,12,GFP-Gext,Plate 1,2026-03-19 16:07:56,Cytation5,12,5.0,1.8,1.8,25.0,60.0,97.5,2.3,2.1,0.3605,3.5,50.0,0.0,0.0,1.0,1.0,1.0,0.02,2.0,2000.0,25.0,0.1,60.0,0.6,97.7,0.391,2.266,0.227,2.092,0.209,0.361,1.111,3.502,1.001,5.407,3.639,0.954,10.0,Sample
269,0 days 04:10:22,37.0,F12,245502,F,12,GFP-Gext,Plate 1,2026-03-19 16:12:56,Cytation5,12,5.0,1.8,1.8,25.0,60.0,97.5,2.3,2.1,0.3605,3.5,50.0,0.0,0.0,1.0,1.0,1.0,0.02,2.0,2000.0,25.0,0.1,60.0,0.6,97.7,0.391,2.266,0.227,2.092,0.209,0.361,1.111,3.502,1.001,5.407,3.639,0.954,10.0,Sample
270,0 days 04:15:22,37.0,F12,245877,F,12,GFP-Gext,Plate 1,2026-03-19 16:17:56,Cytation5,12,5.0,1.8,1.8,25.0,60.0,97.5,2.3,2.1,0.3605,3.5,50.0,0.0,0.0,1.0,1.0,1.0,0.02,2.0,2000.0,25.0,0.1,60.0,0.6,97.7,0.391,2.266,0.227,2.092,0.209,0.361,1.111,3.502,1.001,5.407,3.639,0.954,10.0,Sample
271,0 days 04:20:22,37.0,F12,246442,F,12,GFP-Gext,Plate 1,2026-03-19 16:22:56,Cytation5,12,5.0,1.8,1.8,25.0,60.0,97.5,2.3,2.1,0.3605,3.5,50.0,0.0,0.0,1.0,1.0,1.0,0.02,2.0,2000.0,25.0,0.1,60.0,0.6,97.7,0.391,2.266,0.227,2.092,0.209,0.361,1.111,3.502,1.001,5.407,3.639,0.954,10.0,Sample
272,0 days 04:25:22,37.1,F12,246910,F,12,GFP-Gext,Plate 1,2026-03-19 16:27:56,Cytation5,12,5.0,1.8,1.8,25.0,60.0,97.5,2.3,2.1,0.3605,3.5,50.0,0.0,0.0,1.0,1.0,1.0,0.02,2.0,2000.0,25.0,0.1,60.0,0.6,97.7,0.391,2.266,0.227,2.092,0.209,0.361,1.111,3.502,1.001,5.407,3.639,0.954,10.0,Sample
273,0 days 04:30:22,37.0,F12,248195,F,12,GFP-Gext,Plate 1,2026-03-19 16:32:56,Cytation5,12,5.0,1.8,1.8,25.0,60.0,97.5,2.3,2.1,0.3605,3.5,50.0,0.0,0.0,1.0,1.0,1.0,0.02,2.0,2000.0,25.0,0.1,60.0,0.6,97.7,0.391,2.266,0.227,2.092,0.209,0.361,1.111,3.502,1.001,5.407,3.639,0.954,10.0,Sample
274,0 days 04:35:22,37.0,F12,247660,F,12,GFP-Gext,Plate 1,2026-03-19 16:37:56,Cytation5,12,5.0,1.8,1.8,25.0,60.0,97.5,2.3,2.1,0.3605,3.5,50.0,0.0,0.0,1.0,1.0,1.0,0.02,2.0,2000.0,25.0,0.1,60.0,0.6,97.7,0.391,2.266,0.227,2.092,0.209,0.361,1.111,3.502,1.001,5.407,3.639,0.954,10.0,Sample
275,0 days 04:40:22,37.0,F12,248214,F,12,GFP-Gext,Plate 1,2026-03-19 16:42:56,Cytation5,12,5.0,1.8,1.8,25.0,60.0,97.5,2.3,2.1,0.3605,3.5,50.0,0.0,0.0,1.0,1.0,1.0,0.02,2.0,2000.0,25.0,0.1,60.0,0.6,97.7,0.391,2.266,0.227,2.092,0.209,0.361,1.111,3.502,1.001,5.407,3.639,0.954,10.0,Sample
276,0 days 04:45:22,37.0,F12,247549,F,12,GFP-Gext,Plate 1,2026-03-19 16:47:56,Cytation5,12,5.0,1.8,1.8,25.0,60.0,97.5,2.3,2.1,0.3605,3.5,50.0,0.0,0.0,1.0,1.0,1.0,0.02,2.0,2000.0,25.0,0.1,60.0,0.6,97.7,0.391,2.266,0.227,2.092,0.209,0.361,1.111,3.502,1.001,5.407,3.639,0.954,10.0,Sample
277,0 days 04:50:22,37.0,F12,249422,F,12,GFP-Gext,Plate 1,2026-03-19 16:52:56,Cytation5,12,5.0,1.8,1.8,25.0,60.0,97.5,2.3,2.1,0.3605,3.5,50.0,0.0,0.0,1.0,1.0,1.0,0.02,2.0,2000.0,25.0,0.1,60.0,0.6,97.7,0.391,2.266,0.227,2.092,0.209,0.361,1.111,3.502,1.001,5.407,3.639,0.954,10.0,Sample
278,0 days 04:55:22,37.1,F12,249874,F,12,GFP-Gext,Plate 1,2026-03-19 16:57:56,Cytation5,12,5.0,1.8,1.8,25.0,60.0,97.5,2.3,2.1,0.3605,3.5,50.0,0.0,0.0,1.0,1.0,1.0,0.02,2.0,2000.0,25.0,0.1,60.0,0.6,97.7,0.391,2.266,0.227,2.092,0.209,0.361,1.111,3.502,1.001,5.407,3.639,0.954,10.0,Sample
279,0 days 05:00:22,37.1,F12,250444,F,12,GFP-Gext,Plate 1,2026-03-19 17:02:56,Cytation5,12,5.0,1.8,1.8,25.0,60.0,97.5,2.3,2.1,0.3605,3.5,50.0,0.0,0.0,1.0,1.0,1.0,0.02,2.0,2000.0,25.0,0.1,60.0,0.6,97.7,0.391,2.266,0.227,2.092,0.209,0.361,1.111,3.502,1.001,5.407,3.639,0.954,10.0,Sample
280,0 days 05:05:22,37.0,F12,249867,F,12,GFP-Gext,Plate 1,2026-03-19 17:07:56,Cytation5,12,5.0,1.8,1.8,25.0,60.0,97.5,2.3,2.1,0.3605,3.5,50.0,0.0,0.0,1.0,1.0,1.0,0.02,2.0,2000.0,25.0,0.1,60.0,0.6,97.7,0.391,2.266,0.227,2.092,0.209,0.361,1.111,3.502,1.001,5.407,3.639,0.954,10.0,Sample
281,0 days 05:10:22,37.0,F12,250358,F,12,GFP-Gext,Plate 1,2026-03-19 17:12:56,Cytation5,12,5.0,1.8,1.8,25.0,60.0,97.5,2.3,2.1,0.3605,3.5,50.0,0.0,0.0,1.0,1.0,1.0,0.02,2.0,2000.0,25.0,0.1,60.0,0.6,97.7,0.391,2.266,0.227,2.092,0.209,0.361,1.111,3.502,1.001,5.407,3.639,0.954,10.0,Sample
282,0 days 05:15:22,37.1,F12,249541,F,12,GFP-Gext,Plate 1,2026-03-19 17:17:56,Cytation5,12,5.0,1.8,1.8,25.0,60.0,97.5,2.3,2.1,0.3605,3.5,50.0,0.0,0.0,1.0,1.0,1.0,0.02,2.0,2000.0,25.0,0.1,60.0,0.6,97.7,0.391,2.266,0.227,2.092,0.209,0.361,1.111,3.502,1.001,5.407,3.639,0.954,10.0,Sample
283,0 days 05:20:22,37.0,F12,250850,F,12,GFP-Gext,Plate 1,2026-03-19 17:22:56,Cytation5,12,5.0,1.8,1.8,25.0,60.0,97.5,2.3,2.1,0.3605,3.5,50.0,0.0,0.0,1.0,1.0,1.0,0.02,2.0,2000.0,25.0,0.1,60.0,0.6,97.7,0.391,2.266,0.227,2.092,0.209,0.361,1.111,3.502,1.001,5.407,3.639,0.954,10.0,Sample
284,0 days 05:25:22,37.0,F12,250349,F,12,GFP-Gext,Plate 1,2026-03-19 17:27:56,Cytation5,12,5.0,1.8,1.8,25.0,60.0,97.5,2.3,2.1,0.3605,3.5,50.0,0.0,0.0,1.0,1.0,1.0,0.02,2.0,2000.0,25.0,0.1,60.0,0.6,97.7,0.391,2.266,0.227,2.092,0.209,0.361,1.111,3.502,1.001,5.407,3.639,0.954,10.0,Sample
285,0 days 05:30:22,37.0,F12,251115,F,12,GFP-Gext,Plate 1,2026-03-19 17:32:56,Cytation5,12,5.0,1.8,1.8,25.0,60.0,97.5,2.3,2.1,0.3605,3.5,50.0,0.0,0.0,1.0,1.0,1.0,0.02,2.0,2000.0,25.0,0.1,60.0,0.6,97.7,0.391,2.266,0.227,2.092,0.209,0.361,1.111,3.502,1.001,5.407,3.639,0.954,10.0,Sample
286,0 days 05:35:22,37.0,F12,252841,F,12,GFP-Gext,Plate 1,2026-03-19 17:37:56,Cytation5,12,5.0,1.8,1.8,25.0,60.0,97.5,2.3,2.1,0.3605,3.5,50.0,0.0,0.0,1.0,1.0,1.0,0.02,2.0,2000.0,25.0,0.1,60.0,0.6,97.7,0.391,2.266,0.227,2.092,0.209,0.361,1.111,3.502,1.001,5.407,3.639,0.954,10.0,Sample
287,0 days 05:40:22,37.0,F12,250710,F,12,GFP-Gext,Plate 1,2026-03-19 17:42:56,Cytation5,12,5.0,1.8,1.8,25.0,60.0,97.5,2.3,2.1,0.3605,3.5,50.0,0.0,0.0,1.0,1.0,1.0,0.02,2.0,2000.0,25.0,0.1,60.0,0.6,97.7,0.391,2.266,0.227,2.092,0.209,0.361,1.111,3.502,1.001,5.407,3.639,0.954,10.0,Sample
288,0 days 05:45:22,37.0,F12,250829,F,12,GFP-Gext,Plate 1,2026-03-19 17:47:56,Cytation5,12,5.0,1.8,1.8,25.0,60.0,97.5,2.3,2.1,0.3605,3.5,50.0,0.0,0.0,1.0,1.0,1.0,0.02,2.0,2000.0,25.0,0.1,60.0,0.6,97.7,0.391,2.266,0.227,2.092,0.209,0.361,1.111,3.502,1.001,5.407,3.639,0.954,10.0,Sample
289,0 days 05:50:22,37.0,F12,252063,F,12,GFP-Gext,Plate 1,2026-03-19 17:52:56,Cytation5,12,5.0,1.8,1.8,25.0,60.0,97.5,2.3,2.1,0.3605,3.5,50.0,0.0,0.0,1.0,1.0,1.0,0.02,2.0,2000.0,25.0,0.1,60.0,0.6,97.7,0.391,2.266,0.227,2.092,0.209,0.361,1.111,3.502,1.001,5.407,3.639,0.954,10.0,Sample
290,0 days 05:55:22,37.0,F12,253390,F,12,GFP-Gext,Plate 1,2026-03-19 17:57:56,Cytation5,12,5.0,1.8,1.8,25.0,60.0,97.5,2.3,2.1,0.3605,3.5,50.0,0.0,0.0,1.0,1.0,1.0,0.02,2.0,2000.0,25.0,0.1,60.0,0.6,97.7,0.391,2.266,0.227,2.092,0.209,0.361,1.111,3.502,1.001,5.407,3.639,0.954,10.0,Sample
291,0 days 06:00:22,37.0,F12,252248,F,12,GFP-Gext,Plate 1,2026-03-19 18:02:56,Cytation5,12,5.0,1.8,1.8,25.0,60.0,97.5,2.3,2.1,0.3605,3.5,50.0,0.0,0.0,1.0,1.0,1.0,0.02,2.0,2000.0,25.0,0.1,60.0,0.6,97.7,0.391,2.266,0.227,2.092,0.209,0.361,1.111,3.502,1.001,5.407,3.639,0.954,10.0,Sample
292,0 days 00:00:22,27.7,F13,531,F,13,GFP-Gext,Plate 1,2026-03-19 12:02:56,Cytation5,34,5.0,1.8,1.8,8.0,0.0,107.5,2.6,2.5,0.399,3.255,50.0,0.0,0.0,1.0,1.0,1.0,0.02,2.0,2000.0,7.5,0.03,0.0,0.0,108.5,0.434,2.65,0.265,2.521,0.252,0.4,1.231,3.25,0.929,5.407,3.141,1.452,10.0,Sample
293,0 days 00:05:22,33.8,F13,484,F,13,GFP-Gext,Plate 1,2026-03-19 12:07:56,Cytation5,34,5.0,1.8,1.8,8.0,0.0,107.5,2.6,2.5,0.399,3.255,50.0,0.0,0.0,1.0,1.0,1.0,0.02,2.0,2000.0,7.5,0.03,0.0,0.0,108.5,0.434,2.65,0.265,2.521,0.252,0.4,1.231,3.25,0.929,5.407,3.141,1.452,10.0,Sample
294,0 days 00:10:22,37.0,F13,499,F,13,GFP-Gext,Plate 1,2026-03-19 12:12:56,Cytation5,34,5.0,1.8,1.8,8.0,0.0,107.5,2.6,2.5,0.399,3.255,50.0,0.0,0.0,1.0,1.0,1.0,0.02,2.0,2000.0,7.5,0.03,0.0,0.0,108.5,0.434,2.65,0.265,2.521,0.252,0.4,1.231,3.25,0.929,5.407,3.141,1.452,10.0,Sample
295,0 days 00:15:22,37.0,F13,879,F,13,GFP-Gext,Plate 1,2026-03-19 12:17:56,Cytation5,34,5.0,1.8,1.8,8.0,0.0,107.5,2.6,2.5,0.399,3.255,50.0,0.0,0.0,1.0,1.0,1.0,0.02,2.0,2000.0,7.5,0.03,0.0,0.0,108.5,0.434,2.65,0.265,2.521,0.252,0.4,1.231,3.25,0.929,5.407,3.141,1.452,10.0,Sample
296,0 days 00:20:22,37.0,F13,2464,F,13,GFP-Gext,Plate 1,2026-03-19 12:22:56,Cytation5,34,5.0,1.8,1.8,8.0,0.0,107.5,2.6,2.5,0.399,3.255,50.0,0.0,0.0,1.0,1.0,1.0,0.02,2.0,2000.0,7.5,0.03,0.0,0.0,108.5,0.434,2.65,0.265,2.521,0.252,0.4,1.231,3.25,0.929,5.407,3.141,1.452,10.0,Sample
297,0 days 00:25:22,37.1,F13,5480,F,13,GFP-Gext,Plate 1,2026-03-19 12:27:56,Cytation5,34,5.0,1.8,1.8,8.0,0.0,107.5,2.6,2.5,0.399,3.255,50.0,0.0,0.0,1.0,1.0,1.0,0.02,2.0,2000.0,7.5,0.03,0.0,0.0,108.5,0.434,2.65,0.265,2.521,0.252,0.4,1.231,3.25,0.929,5.407,3.141,1.452,10.0,Sample
298,0 days 00:30:22,37.0,F13,9537,F,13,GFP-Gext,Plate 1,2026-03-19 12:32:56,Cytation5,34,5.0,1.8,1.8,8.0,0.0,107.5,2.6,2.5,0.399,3.255,50.0,0.0,0.0,1.0,1.0,1.0,0.02,2.0,2000.0,7.5,0.03,0.0,0.0,108.5,0.434,2.65,0.265,2.521,0.252,0.4,1.231,3.25,0.929,5.407,3.141,1.452,10.0,Sample
299,0 days 00:35:22,37.0,F13,13989,F,13,GFP-Gext,Plate 1,2026-03-19 12:37:56,Cytation5,34,5.0,1.8,1.8,8.0,0.0,107.5,2.6,2.5,0.399,3.255,50.0,0.0,0.0,1.0,1.0,1.0,0.02,2.0,2000.0,7.5,0.03,0.0,0.0,108.5,0.434,2.65,0.265,2.521,0.252,0.4,1.231,3.25,0.929,5.407,3.141,1.452,10.0,Sample
300,0 days 00:40:22,37.0,F13,18682,F,13,GFP-Gext,Plate 1,2026-03-19 12:42:56,Cytation5,34,5.0,1.8,1.8,8.0,0.0,107.5,2.6,2.5,0.399,3.255,50.0,0.0,0.0,1.0,1.0,1.0,0.02,2.0,2000.0,7.5,0.03,0.0,0.0,108.5,0.434,2.65,0.265,2.521,0.252,0.4,1.231,3.25,0.929,5.407,3.141,1.452,10.0,Sample
301,0 days 00:45:22,36.9,F13,23916,F,13,GFP-Gext,Plate 1,2026-03-19 12:47:56,Cytation5,34,5.0,1.8,1.8,8.0,0.0,107.5,2.6,2.5,0.399,3.255,50.0,0.0,0.0,1.0,1.0,1.0,0.02,2.0,2000.0,7.5,0.03,0.0,0.0,108.5,0.434,2.65,0.265,2.521,0.252,0.4,1.231,3.25,0.929,5.407,3.141,1.452,10.0,Sample
302,0 days 00:50:22,37.0,F13,29066,F,13,GFP-Gext,Plate 1,2026-03-19 12:52:56,Cytation5,34,5.0,1.8,1.8,8.0,0.0,107.5,2.6,2.5,0.399,3.255,50.0,0.0,0.0,1.0,1.0,1.0,0.02,2.0,2000.0,7.5,0.03,0.0,0.0,108.5,0.434,2.65,0.265,2.521,0.252,0.4,1.231,3.25,0.929,5.407,3.141,1.452,10.0,Sample
303,0 days 00:55:22,37.0,F13,34382,F,13,GFP-Gext,Plate 1,2026-03-19 12:57:56,Cytation5,34,5.0,1.8,1.8,8.0,0.0,107.5,2.6,2.5,0.399,3.255,50.0,0.0,0.0,1.0,1.0,1.0,0.02,2.0,2000.0,7.5,0.03,0.0,0.0,108.5,0.434,2.65,0.265,2.521,0.252,0.4,1.231,3.25,0.929,5.407,3.141,1.452,10.0,Sample
304,0 days 01:00:22,37.0,F13,39282,F,13,GFP-Gext,Plate 1,2026-03-19 13:02:56,Cytation5,34,5.0,1.8,1.8,8.0,0.0,107.5,2.6,2.5,0.399,3.255,50.0,0.0,0.0,1.0,1.0,1.0,0.02,2.0,2000.0,7.5,0.03,0.0,0.0,108.5,0.434,2.65,0.265,2.521,0.252,0.4,1.231,3.25,0.929,5.407,3.141,1.452,10.0,Sample
305,0 days 01:05:22,37.0,F13,44493,F,13,GFP-Gext,Plate 1,2026-03-19 13:07:56,Cytation5,34,5.0,1.8,1.8,8.0,0.0,107.5,2.6,2.5,0.399,3.255,50.0,0.0,0.0,1.0,1.0,1.0,0.02,2.0,2000.0,7.5,0.03,0.0,0.0,108.5,0.434,2.65,0.265,2.521,0.252,0.4,1.231,3.25,0.929,5.407,3.141,1.452,10.0,Sample
306,0 days 01:10:22,37.0,F13,49076,F,13,GFP-Gext,Plate 1,2026-03-19 13:12:56,Cytation5,34,5.0,1.8,1.8,8.0,0.0,107.5,2.6,2.5,0.399,3.255,50.0,0.0,0.0,1.0,1.0,1.0,0.02,2.0,2000.0,7.5,0.03,0.0,0.0,108.5,0.434,2.65,0.265,2.521,0.252,0.4,1.231,3.25,0.929,5.407,3.141,1.452,10.0,Sample
307,0 days 01:15:22,37.0,F13,53429,F,13,GFP-Gext,Plate 1,2026-03-19 13:17:56,Cytation5,34,5.0,1.8,1.8,8.0,0.0,107.5,2.6,2.5,0.399,3.255,50.0,0.0,0.0,1.0,1.0,1.0,0.02,2.0,2000.0,7.5,0.03,0.0,0.0,108.5,0.434,2.65,0.265,2.521,0.252,0.4,1.231,3.25,0.929,5.407,3.141,1.452,10.0,Sample
308,0 days 01:20:22,37.0,F13,57496,F,13,GFP-Gext,Plate 1,2026-03-19 13:22:56,Cytation5,34,5.0,1.8,1.8,8.0,0.0,107.5,2.6,2.5,0.399,3.255,50.0,0.0,0.0,1.0,1.0,1.0,0.02,2.0,2000.0,7.5,0.03,0.0,0.0,108.5,0.434,2.65,0.265,2.521,0.252,0.4,1.231,3.25,0.929,5.407,3.141,1.452,10.0,Sample
309,0 days 01:25:22,37.1,F13,60955,F,13,GFP-Gext,Plate 1,2026-03-19 13:27:56,Cytation5,34,5.0,1.8,1.8,8.0,0.0,107.5,2.6,2.5,0.399,3.255,50.0,0.0,0.0,1.0,1.0,1.0,0.02,2.0,2000.0,7.5,0.03,0.0,0.0,108.5,0.434,2.65,0.265,2.521,0.252,0.4,1.231,3.25,0.929,5.407,3.141,1.452,10.0,Sample
310,0 days 01:30:22,37.1,F13,64266,F,13,GFP-Gext,Plate 1,2026-03-19 13:32:56,Cytation5,34,5.0,1.8,1.8,8.0,0.0,107.5,2.6,2.5,0.399,3.255,50.0,0.0,0.0,1.0,1.0,1.0,0.02,2.0,2000.0,7.5,0.03,0.0,0.0,108.5,0.434,2.65,0.265,2.521,0.252,0.4,1.231,3.25,0.929,5.407,3.141,1.452,10.0,Sample
311,0 days 01:35:22,37.0,F13,66742,F,13,GFP-Gext,Plate 1,2026-03-19 13:37:56,Cytation5,34,5.0,1.8,1.8,8.0,0.0,107.5,2.6,2.5,0.399,3.255,50.0,0.0,0.0,1.0,1.0,1.0,0.02,2.0,2000.0,7.5,0.03,0.0,0.0,108.5,0.434,2.65,0.265,2.521,0.252,0.4,1.231,3.25,0.929,5.407,3.141,1.452,10.0,Sample
312,0 days 01:40:22,37.0,F13,69132,F,13,GFP-Gext,Plate 1,2026-03-19 13:42:56,Cytation5,34,5.0,1.8,1.8,8.0,0.0,107.5,2.6,2.5,0.399,3.255,50.0,0.0,0.0,1.0,1.0,1.0,0.02,2.0,2000.0,7.5,0.03,0.0,0.0,108.5,0.434,2.65,0.265,2.521,0.252,0.4,1.231,3.25,0.929,5.407,3.141,1.452,10.0,Sample
313,0 days 01:45:22,37.0,F13,71214,F,13,GFP-Gext,Plate 1,2026-03-19 13:47:56,Cytation5,34,5.0,1.8,1.8,8.0,0.0,107.5,2.6,2.5,0.399,3.255,50.0,0.0,0.0,1.0,1.0,1.0,0.02,2.0,2000.0,7.5,0.03,0.0,0.0,108.5,0.434,2.65,0.265,2.521,0.252,0.4,1.231,3.25,0.929,5.407,3.141,1.452,10.0,Sample
314,0 days 01:50:22,36.9,F13,73304,F,13,GFP-Gext,Plate 1,2026-03-19 13:52:56,Cytation5,34,5.0,1.8,1.8,8.0,0.0,107.5,2.6,2.5,0.399,3.255,50.0,0.0,0.0,1.0,1.0,1.0,0.02,2.0,2000.0,7.5,0.03,0.0,0.0,108.5,0.434,2.65,0.265,2.521,0.252,0.4,1.231,3.25,0.929,5.407,3.141,1.452,10.0,Sample
315,0 days 01:55:22,37.0,F13,74758,F,13,GFP-Gext,Plate 1,2026-03-19 13:57:56,Cytation5,34,5.0,1.8,1.8,8.0,0.0,107.5,2.6,2.5,0.399,3.255,50.0,0.0,0.0,1.0,1.0,1.0,0.02,2.0,2000.0,7.5,0.03,0.0,0.0,108.5,0.434,2.65,0.265,2.521,0.252,0.4,1.231,3.25,0.929,5.407,3.141,1.452,10.0,Sample
316,0 days 02:00:22,37.0,F13,75291,F,13,GFP-Gext,Plate 1,2026-03-19 14:02:56,Cytation5,34,5.0,1.8,1.8,8.0,0.0,107.5,2.6,2.5,0.399,3.255,50.0,0.0,0.0,1.0,1.0,1.0,0.02,2.0,2000.0,7.5,0.03,0.0,0.0,108.5,0.434,2.65,0.265,2.521,0.252,0.4,1.231,3.25,0.929,5.407,3.141,1.452,10.0,Sample
317,0 days 02:05:22,37.0,F13,76208,F,13,GFP-Gext,Plate 1,2026-03-19 14:07:56,Cytation5,34,5.0,1.8,1.8,8.0,0.0,107.5,2.6,2.5,0.399,3.255,50.0,0.0,0.0,1.0,1.0,1.0,0.02,2.0,2000.0,7.5,0.03,0.0,0.0,108.5,0.434,2.65,0.265,2.521,0.252,0.4,1.231,3.25,0.929,5.407,3.141,1.452,10.0,Sample
318,0 days 02:10:22,37.0,F13,77020,F,13,GFP-Gext,Plate 1,2026-03-19 14:12:56,Cytation5,34,5.0,1.8,1.8,8.0,0.0,107.5,2.6,2.5,0.399,3.255,50.0,0.0,0.0,1.0,1.0,1.0,0.02,2.0,2000.0,7.5,0.03,0.0,0.0,108.5,0.434,2.65,0.265,2.521,0.252,0.4,1.231,3.25,0.929,5.407,3.141,1.452,10.0,Sample
319,0 days 02:15:22,37.0,F13,78234,F,13,GFP-Gext,Plate 1,2026-03-19 14:17:56,Cytation5,34,5.0,1.8,1.8,8.0,0.0,107.5,2.6,2.5,0.399,3.255,50.0,0.0,0.0,1.0,1.0,1.0,0.02,2.0,2000.0,7.5,0.03,0.0,0.0,108.5,0.434,2.65,0.265,2.521,0.252,0.4,1.231,3.25,0.929,5.407,3.141,1.452,10.0,Sample
320,0 days 02:20:22,37.0,F13,78320,F,13,GFP-Gext,Plate 1,2026-03-19 14:22:56,Cytation5,34,5.0,1.8,1.8,8.0,0.0,107.5,2.6,2.5,0.399,3.255,50.0,0.0,0.0,1.0,1.0,1.0,0.02,2.0,2000.0,7.5,0.03,0.0,0.0,108.5,0.434,2.65,0.265,2.521,0.252,0.4,1.231,3.25,0.929,5.407,3.141,1.452,10.0,Sample
321,0 days 02:25:22,37.0,F13,78820,F,13,GFP-Gext,Plate 1,2026-03-19 14:27:56,Cytation5,34,5.0,1.8,1.8,8.0,0.0,107.5,2.6,2.5,0.399,3.255,50.0,0.0,0.0,1.0,1.0,1.0,0.02,2.0,2000.0,7.5,0.03,0.0,0.0,108.5,0.434,2.65,0.265,2.521,0.252,0.4,1.231,3.25,0.929,5.407,3.141,1.452,10.0,Sample
322,0 days 02:30:22,37.1,F13,79235,F,13,GFP-Gext,Plate 1,2026-03-19 14:32:56,Cytation5,34,5.0,1.8,1.8,8.0,0.0,107.5,2.6,2.5,0.399,3.255,50.0,0.0,0.0,1.0,1.0,1.0,0.02,2.0,2000.0,7.5,0.03,0.0,0.0,108.5,0.434,2.65,0.265,2.521,0.252,0.4,1.231,3.25,0.929,5.407,3.141,1.452,10.0,Sample
323,0 days 02:35:22,37.0,F13,79584,F,13,GFP-Gext,Plate 1,2026-03-19 14:37:56,Cytation5,34,5.0,1.8,1.8,8.0,0.0,107.5,2.6,2.5,0.399,3.255,50.0,0.0,0.0,1.0,1.0,1.0,0.02,2.0,2000.0,7.5,0.03,0.0,0.0,108.5,0.434,2.65,0.265,2.521,0.252,0.4,1.231,3.25,0.929,5.407,3.141,1.452,10.0,Sample
324,0 days 02:40:22,37.0,F13,79611,F,13,GFP-Gext,Plate 1,2026-03-19 14:42:56,Cytation5,34,5.0,1.8,1.8,8.0,0.0,107.5,2.6,2.5,0.399,3.255,50.0,0.0,0.0,1.0,1.0,1.0,0.02,2.0,2000.0,7.5,0.03,0.0,0.0,108.5,0.434,2.65,0.265,2.521,0.252,0.4,1.231,3.25,0.929,5.407,3.141,1.452,10.0,Sample
325,0 days 02:45:22,37.1,F13,80437,F,13,GFP-Gext,Plate 1,2026-03-19 14:47:56,Cytation5,34,5.0,1.8,1.8,8.0,0.0,107.5,2.6,2.5,0.399,3.255,50.0,0.0,0.0,1.0,1.0,1.0,0.02,2.0,2000.0,7.5,0.03,0.0,0.0,108.5,0.434,2.65,0.265,2.521,0.252,0.4,1.231,3.25,0.929,5.407,3.141,1.452,10.0,Sample
326,0 days 02:50:22,37.0,F13,80223,F,13,GFP-Gext,Plate 1,2026-03-19 14:52:56,Cytation5,34,5.0,1.8,1.8,8.0,0.0,107.5,2.6,2.5,0.399,3.255,50.0,0.0,0.0,1.0,1.0,1.0,0.02,2.0,2000.0,7.5,0.03,0.0,0.0,108.5,0.434,2.65,0.265,2.521,0.252,0.4,1.231,3.25,0.929,5.407,3.141,1.452,10.0,Sample
327,0 days 02:55:22,37.0,F13,80640,F,13,GFP-Gext,Plate 1,2026-03-19 14:57:56,Cytation5,34,5.0,1.8,1.8,8.0,0.0,107.5,2.6,2.5,0.399,3.255,50.0,0.0,0.0,1.0,1.0,1.0,0.02,2.0,2000.0,7.5,0.03,0.0,0.0,108.5,0.434,2.65,0.265,2.521,0.252,0.4,1.231,3.25,0.929,5.407,3.141,1.452,10.0,Sample
328,0 days 03:00:22,37.0,F13,80705,F,13,GFP-Gext,Plate 1,2026-03-19 15:02:56,Cytation5,34,5.0,1.8,1.8,8.0,0.0,107.5,2.6,2.5,0.399,3.255,50.0,0.0,0.0,1.0,1.0,1.0,0.02,2.0,2000.0,7.5,0.03,0.0,0.0,108.5,0.434,2.65,0.265,2.521,0.252,0.4,1.231,3.25,0.929,5.407,3.141,1.452,10.0,Sample
329,0 days 03:05:22,37.0,F13,81201,F,13,GFP-Gext,Plate 1,2026-03-19 15:07:56,Cytation5,34,5.0,1.8,1.8,8.0,0.0,107.5,2.6,2.5,0.399,3.255,50.0,0.0,0.0,1.0,1.0,1.0,0.02,2.0,2000.0,7.5,0.03,0.0,0.0,108.5,0.434,2.65,0.265,2.521,0.252,0.4,1.231,3.25,0.929,5.407,3.141,1.452,10.0,Sample
330,0 days 03:10:22,37.0,F13,80982,F,13,GFP-Gext,Plate 1,2026-03-19 15:12:56,Cytation5,34,5.0,1.8,1.8,8.0,0.0,107.5,2.6,2.5,0.399,3.255,50.0,0.0,0.0,1.0,1.0,1.0,0.02,2.0,2000.0,7.5,0.03,0.0,0.0,108.5,0.434,2.65,0.265,2.521,0.252,0.4,1.231,3.25,0.929,5.407,3.141,1.452,10.0,Sample
331,0 days 03:15:22,37.0,F13,80713,F,13,GFP-Gext,Plate 1,2026-03-19 15:17:56,Cytation5,34,5.0,1.8,1.8,8.0,0.0,107.5,2.6,2.5,0.399,3.255,50.0,0.0,0.0,1.0,1.0,1.0,0.02,2.0,2000.0,7.5,0.03,0.0,0.0,108.5,0.434,2.65,0.265,2.521,0.252,0.4,1.231,3.25,0.929,5.407,3.141,1.452,10.0,Sample
332,0 days 03:20:22,37.0,F13,81150,F,13,GFP-Gext,Plate 1,2026-03-19 15:22:56,Cytation5,34,5.0,1.8,1.8,8.0,0.0,107.5,2.6,2.5,0.399,3.255,50.0,0.0,0.0,1.0,1.0,1.0,0.02,2.0,2000.0,7.5,0.03,0.0,0.0,108.5,0.434,2.65,0.265,2.521,0.252,0.4,1.231,3.25,0.929,5.407,3.141,1.452,10.0,Sample
333,0 days 03:25:22,37.1,F13,81053,F,13,GFP-Gext,Plate 1,2026-03-19 15:27:56,Cytation5,34,5.0,1.8,1.8,8.0,0.0,107.5,2.6,2.5,0.399,3.255,50.0,0.0,0.0,1.0,1.0,1.0,0.02,2.0,2000.0,7.5,0.03,0.0,0.0,108.5,0.434,2.65,0.265,2.521,0.252,0.4,1.231,3.25,0.929,5.407,3.141,1.452,10.0,Sample
334,0 days 03:30:22,36.9,F13,80743,F,13,GFP-Gext,Plate 1,2026-03-19 15:32:56,Cytation5,34,5.0,1.8,1.8,8.0,0.0,107.5,2.6,2.5,0.399,3.255,50.0,0.0,0.0,1.0,1.0,1.0,0.02,2.0,2000.0,7.5,0.03,0.0,0.0,108.5,0.434,2.65,0.265,2.521,0.252,0.4,1.231,3.25,0.929,5.407,3.141,1.452,10.0,Sample
335,0 days 03:35:22,37.1,F13,81201,F,13,GFP-Gext,Plate 1,2026-03-19 15:37:56,Cytation5,34,5.0,1.8,1.8,8.0,0.0,107.5,2.6,2.5,0.399,3.255,50.0,0.0,0.0,1.0,1.0,1.0,0.02,2.0,2000.0,7.5,0.03,0.0,0.0,108.5,0.434,2.65,0.265,2.521,0.252,0.4,1.231,3.25,0.929,5.407,3.141,1.452,10.0,Sample
336,0 days 03:40:22,37.0,F13,81061,F,13,GFP-Gext,Plate 1,2026-03-19 15:42:56,Cytation5,34,5.0,1.8,1.8,8.0,0.0,107.5,2.6,2.5,0.399,3.255,50.0,0.0,0.0,1.0,1.0,1.0,0.02,2.0,2000.0,7.5,0.03,0.0,0.0,108.5,0.434,2.65,0.265,2.521,0.252,0.4,1.231,3.25,0.929,5.407,3.141,1.452,10.0,Sample
337,0 days 03:45:22,37.0,F13,80689,F,13,GFP-Gext,Plate 1,2026-03-19 15:47:56,Cytation5,34,5.0,1.8,1.8,8.0,0.0,107.5,2.6,2.5,0.399,3.255,50.0,0.0,0.0,1.0,1.0,1.0,0.02,2.0,2000.0,7.5,0.03,0.0,0.0,108.5,0.434,2.65,0.265,2.521,0.252,0.4,1.231,3.25,0.929,5.407,3.141,1.452,10.0,Sample
338,0 days 03:50:22,37.0,F13,80898,F,13,GFP-Gext,Plate 1,2026-03-19 15:52:56,Cytation5,34,5.0,1.8,1.8,8.0,0.0,107.5,2.6,2.5,0.399,3.255,50.0,0.0,0.0,1.0,1.0,1.0,0.02,2.0,2000.0,7.5,0.03,0.0,0.0,108.5,0.434,2.65,0.265,2.521,0.252,0.4,1.231,3.25,0.929,5.407,3.141,1.452,10.0,Sample
339,0 days 03:55:22,37.1,F13,81508,F,13,GFP-Gext,Plate 1,2026-03-19 15:57:56,Cytation5,34,5.0,1.8,1.8,8.0,0.0,107.5,2.6,2.5,0.399,3.255,50.0,0.0,0.0,1.0,1.0,1.0,0.02,2.0,2000.0,7.5,0.03,0.0,0.0,108.5,0.434,2.65,0.265,2.521,0.252,0.4,1.231,3.25,0.929,5.407,3.141,1.452,10.0,Sample
340,0 days 04:00:22,37.0,F13,81449,F,13,GFP-Gext,Plate 1,2026-03-19 16:02:56,Cytation5,34,5.0,1.8,1.8,8.0,0.0,107.5,2.6,2.5,0.399,3.255,50.0,0.0,0.0,1.0,1.0,1.0,0.02,2.0,2000.0,7.5,0.03,0.0,0.0,108.5,0.434,2.65,0.265,2.521,0.252,0.4,1.231,3.25,0.929,5.407,3.141,1.452,10.0,Sample
341,0 days 04:05:22,37.1,F13,81357,F,13,GFP-Gext,Plate 1,2026-03-19 16:07:56,Cytation5,34,5.0,1.8,1.8,8.0,0.0,107.5,2.6,2.5,0.399,3.255,50.0,0.0,0.0,1.0,1.0,1.0,0.02,2.0,2000.0,7.5,0.03,0.0,0.0,108.5,0.434,2.65,0.265,2.521,0.252,0.4,1.231,3.25,0.929,5.407,3.141,1.452,10.0,Sample
342,0 days 04:10:22,37.0,F13,80837,F,13,GFP-Gext,Plate 1,2026-03-19 16:12:56,Cytation5,34,5.0,1.8,1.8,8.0,0.0,107.5,2.6,2.5,0.399,3.255,50.0,0.0,0.0,1.0,1.0,1.0,0.02,2.0,2000.0,7.5,0.03,0.0,0.0,108.5,0.434,2.65,0.265,2.521,0.252,0.4,1.231,3.25,0.929,5.407,3.141,1.452,10.0,Sample
343,0 days 04:15:22,37.0,F13,80301,F,13,GFP-Gext,Plate 1,2026-03-19 16:17:56,Cytation5,34,5.0,1.8,1.8,8.0,0.0,107.5,2.6,2.5,0.399,3.255,50.0,0.0,0.0,1.0,1.0,1.0,0.02,2.0,2000.0,7.5,0.03,0.0,0.0,108.5,0.434,2.65,0.265,2.521,0.252,0.4,1.231,3.25,0.929,5.407,3.141,1.452,10.0,Sample
344,0 days 04:20:22,37.0,F13,80863,F,13,GFP-Gext,Plate 1,2026-03-19 16:22:56,Cytation5,34,5.0,1.8,1.8,8.0,0.0,107.5,2.6,2.5,0.399,3.255,50.0,0.0,0.0,1.0,1.0,1.0,0.02,2.0,2000.0,7.5,0.03,0.0,0.0,108.5,0.434,2.65,0.265,2.521,0.252,0.4,1.231,3.25,0.929,5.407,3.141,1.452,10.0,Sample
345,0 days 04:25:22,37.1,F13,81029,F,13,GFP-Gext,Plate 1,2026-03-19 16:27:56,Cytation5,34,5.0,1.8,1.8,8.0,0.0,107.5,2.6,2.5,0.399,3.255,50.0,0.0,0.0,1.0,1.0,1.0,0.02,2.0,2000.0,7.5,0.03,0.0,0.0,108.5,0.434,2.65,0.265,2.521,0.252,0.4,1.231,3.25,0.929,5.407,3.141,1.452,10.0,Sample
346,0 days 04:30:22,37.0,F13,80395,F,13,GFP-Gext,Plate 1,2026-03-19 16:32:56,Cytation5,34,5.0,1.8,1.8,8.0,0.0,107.5,2.6,2.5,0.399,3.255,50.0,0.0,0.0,1.0,1.0,1.0,0.02,2.0,2000.0,7.5,0.03,0.0,0.0,108.5,0.434,2.65,0.265,2.521,0.252,0.4,1.231,3.25,0.929,5.407,3.141,1.452,10.0,Sample
347,0 days 04:35:22,37.0,F13,80631,F,13,GFP-Gext,Plate 1,2026-03-19 16:37:56,Cytation5,34,5.0,1.8,1.8,8.0,0.0,107.5,2.6,2.5,0.399,3.255,50.0,0.0,0.0,1.0,1.0,1.0,0.02,2.0,2000.0,7.5,0.03,0.0,0.0,108.5,0.434,2.65,0.265,2.521,0.252,0.4,1.231,3.25,0.929,5.407,3.141,1.452,10.0,Sample
348,0 days 04:40:22,37.0,F13,81067,F,13,GFP-Gext,Plate 1,2026-03-19 16:42:56,Cytation5,34,5.0,1.8,1.8,8.0,0.0,107.5,2.6,2.5,0.399,3.255,50.0,0.0,0.0,1.0,1.0,1.0,0.02,2.0,2000.0,7.5,0.03,0.0,0.0,108.5,0.434,2.65,0.265,2.521,0.252,0.4,1.231,3.25,0.929,5.407,3.141,1.452,10.0,Sample
349,0 days 04:45:22,37.0,F13,80752,F,13,GFP-Gext,Plate 1,2026-03-19 16:47:56,Cytation5,34,5.0,1.8,1.8,8.0,0.0,107.5,2.6,2.5,0.399,3.255,50.0,0.0,0.0,1.0,1.0,1.0,0.02,2.0,2000.0,7.5,0.03,0.0,0.0,108.5,0.434,2.65,0.265,2.521,0.252,0.4,1.231,3.25,0.929,5.407,3.141,1.452,10.0,Sample
350,0 days 04:50:22,37.0,F13,80996,F,13,GFP-Gext,Plate 1,2026-03-19 16:52:56,Cytation5,34,5.0,1.8,1.8,8.0,0.0,107.5,2.6,2.5,0.399,3.255,50.0,0.0,0.0,1.0,1.0,1.0,0.02,2.0,2000.0,7.5,0.03,0.0,0.0,108.5,0.434,2.65,0.265,2.521,0.252,0.4,1.231,3.25,0.929,5.407,3.141,1.452,10.0,Sample
351,0 days 04:55:22,37.1,F13,80806,F,13,GFP-Gext,Plate 1,2026-03-19 16:57:56,Cytation5,34,5.0,1.8,1.8,8.0,0.0,107.5,2.6,2.5,0.399,3.255,50.0,0.0,0.0,1.0,1.0,1.0,0.02,2.0,2000.0,7.5,0.03,0.0,0.0,108.5,0.434,2.65,0.265,2.521,0.252,0.4,1.231,3.25,0.929,5.407,3.141,1.452,10.0,Sample
352,0 days 05:00:22,37.1,F13,81074,F,13,GFP-Gext,Plate 1,2026-03-19 17:02:56,Cytation5,34,5.0,1.8,1.8,8.0,0.0,107.5,2.6,2.5,0.399,3.255,50.0,0.0,0.0,1.0,1.0,1.0,0.02,2.0,2000.0,7.5,0.03,0.0,0.0,108.5,0.434,2.65,0.265,2.521,0.252,0.4,1.231,3.25,0.929,5.407,3.141,1.452,10.0,Sample
353,0 days 05:05:22,37.0,F13,81210,F,13,GFP-Gext,Plate 1,2026-03-19 17:07:56,Cytation5,34,5.0,1.8,1.8,8.0,0.0,107.5,2.6,2.5,0.399,3.255,50.0,0.0,0.0,1.0,1.0,1.0,0.02,2.0,2000.0,7.5,0.03,0.0,0.0,108.5,0.434,2.65,0.265,2.521,0.252,0.4,1.231,3.25,0.929,5.407,3.141,1.452,10.0,Sample
354,0 days 05:10:22,37.0,F13,80935,F,13,GFP-Gext,Plate 1,2026-03-19 17:12:56,Cytation5,34,5.0,1.8,1.8,8.0,0.0,107.5,2.6,2.5,0.399,3.255,50.0,0.0,0.0,1.0,1.0,1.0,0.02,2.0,2000.0,7.5,0.03,0.0,0.0,108.5,0.434,2.65,0.265,2.521,0.252,0.4,1.231,3.25,0.929,5.407,3.141,1.452,10.0,Sample
355,0 days 05:15:22,37.1,F13,81699,F,13,GFP-Gext,Plate 1,2026-03-19 17:17:56,Cytation5,34,5.0,1.8,1.8,8.0,0.0,107.5,2.6,2.5,0.399,3.255,50.0,0.0,0.0,1.0,1.0,1.0,0.02,2.0,2000.0,7.5,0.03,0.0,0.0,108.5,0.434,2.65,0.265,2.521,0.252,0.4,1.231,3.25,0.929,5.407,3.141,1.452,10.0,Sample
356,0 days 05:20:22,37.0,F13,81328,F,13,GFP-Gext,Plate 1,2026-03-19 17:22:56,Cytation5,34,5.0,1.8,1.8,8.0,0.0,107.5,2.6,2.5,0.399,3.255,50.0,0.0,0.0,1.0,1.0,1.0,0.02,2.0,2000.0,7.5,0.03,0.0,0.0,108.5,0.434,2.65,0.265,2.521,0.252,0.4,1.231,3.25,0.929,5.407,3.141,1.452,10.0,Sample
357,0 days 05:25:22,37.0,F13,80973,F,13,GFP-Gext,Plate 1,2026-03-19 17:27:56,Cytation5,34,5.0,1.8,1.8,8.0,0.0,107.5,2.6,2.5,0.399,3.255,50.0,0.0,0.0,1.0,1.0,1.0,0.02,2.0,2000.0,7.5,0.03,0.0,0.0,108.5,0.434,2.65,0.265,2.521,0.252,0.4,1.231,3.25,0.929,5.407,3.141,1.452,10.0,Sample
358,0 days 05:30:22,37.0,F13,80952,F,13,GFP-Gext,Plate 1,2026-03-19 17:32:56,Cytation5,34,5.0,1.8,1.8,8.0,0.0,107.5,2.6,2.5,0.399,3.255,50.0,0.0,0.0,1.0,1.0,1.0,0.02,2.0,2000.0,7.5,0.03,0.0,0.0,108.5,0.434,2.65,0.265,2.521,0.252,0.4,1.231,3.25,0.929,5.407,3.141,1.452,10.0,Sample
359,0 days 05:35:22,37.0,F13,80929,F,13,GFP-Gext,Plate 1,2026-03-19 17:37:56,Cytation5,34,5.0,1.8,1.8,8.0,0.0,107.5,2.6,2.5,0.399,3.255,50.0,0.0,0.0,1.0,1.0,1.0,0.02,2.0,2000.0,7.5,0.03,0.0,0.0,108.5,0.434,2.65,0.265,2.521,0.252,0.4,1.231,3.25,0.929,5.407,3.141,1.452,10.0,Sample
360,0 days 05:40:22,37.0,F13,81130,F,13,GFP-Gext,Plate 1,2026-03-19 17:42:56,Cytation5,34,5.0,1.8,1.8,8.0,0.0,107.5,2.6,2.5,0.399,3.255,50.0,0.0,0.0,1.0,1.0,1.0,0.02,2.0,2000.0,7.5,0.03,0.0,0.0,108.5,0.434,2.65,0.265,2.521,0.252,0.4,1.231,3.25,0.929,5.407,3.141,1.452,10.0,Sample
361,0 days 05:45:22,37.0,F13,81124,F,13,GFP-Gext,Plate 1,2026-03-19 17:47:56,Cytation5,34,5.0,1.8,1.8,8.0,0.0,107.5,2.6,2.5,0.399,3.255,50.0,0.0,0.0,1.0,1.0,1.0,0.02,2.0,2000.0,7.5,0.03,0.0,0.0,108.5,0.434,2.65,0.265,2.521,0.252,0.4,1.231,3.25,0.929,5.407,3.141,1.452,10.0,Sample
362,0 days 05:50:22,37.0,F13,80890,F,13,GFP-Gext,Plate 1,2026-03-19 17:52:56,Cytation5,34,5.0,1.8,1.8,8.0,0.0,107.5,2.6,2.5,0.399,3.255,50.0,0.0,0.0,1.0,1.0,1.0,0.02,2.0,2000.0,7.5,0.03,0.0,0.0,108.5,0.434,2.65,0.265,2.521,0.252,0.4,1.231,3.25,0.929,5.407,3.141,1.452,10.0,Sample
363,0 days 05:55:22,37.0,F13,81137,F,13,GFP-Gext,Plate 1,2026-03-19 17:57:56,Cytation5,34,5.0,1.8,1.8,8.0,0.0,107.5,2.6,2.5,0.399,3.255,50.0,0.0,0.0,1.0,1.0,1.0,0.02,2.0,2000.0,7.5,0.03,0.0,0.0,108.5,0.434,2.65,0.265,2.521,0.252,0.4,1.231,3.25,0.929,5.407,3.141,1.452,10.0,Sample
364,0 days 06:00:22,37.0,F13,80793,F,13,GFP-Gext,Plate 1,2026-03-19 18:02:56,Cytation5,34,5.0,1.8,1.8,8.0,0.0,107.5,2.6,2.5,0.399,3.255,50.0,0.0,0.0,1.0,1.0,1.0,0.02,2.0,2000.0,7.5,0.03,0.0,0.0,108.5,0.434,2.65,0.265,2.521,0.252,0.4,1.231,3.25,0.929,5.407,3.141,1.452,10.0,Sample
365,0 days 00:00:22,27.7,F14,589,F,14,GFP-Gext,Plate 1,2026-03-19 12:02:56,Cytation5,18,5.0,1.8,1.8,4.0,24.0,82.5,1.9,2.3,0.3045,3.955,50.0,0.0,0.0,1.0,1.0,1.0,0.02,2.0,2000.0,4.3,0.017,23.7,0.237,82.7,0.331,1.928,0.193,2.35,0.235,0.304,0.935,3.953,1.129,5.407,3.077,1.516,10.0,Sample
366,0 days 00:05:22,33.8,F14,731,F,14,GFP-Gext,Plate 1,2026-03-19 12:07:56,Cytation5,18,5.0,1.8,1.8,4.0,24.0,82.5,1.9,2.3,0.3045,3.955,50.0,0.0,0.0,1.0,1.0,1.0,0.02,2.0,2000.0,4.3,0.017,23.7,0.237,82.7,0.331,1.928,0.193,2.35,0.235,0.304,0.935,3.953,1.129,5.407,3.077,1.516,10.0,Sample
367,0 days 00:10:22,37.0,F14,1590,F,14,GFP-Gext,Plate 1,2026-03-19 12:12:56,Cytation5,18,5.0,1.8,1.8,4.0,24.0,82.5,1.9,2.3,0.3045,3.955,50.0,0.0,0.0,1.0,1.0,1.0,0.02,2.0,2000.0,4.3,0.017,23.7,0.237,82.7,0.331,1.928,0.193,2.35,0.235,0.304,0.935,3.953,1.129,5.407,3.077,1.516,10.0,Sample
368,0 days 00:15:22,37.0,F14,4339,F,14,GFP-Gext,Plate 1,2026-03-19 12:17:56,Cytation5,18,5.0,1.8,1.8,4.0,24.0,82.5,1.9,2.3,0.3045,3.955,50.0,0.0,0.0,1.0,1.0,1.0,0.02,2.0,2000.0,4.3,0.017,23.7,0.237,82.7,0.331,1.928,0.193,2.35,0.235,0.304,0.935,3.953,1.129,5.407,3.077,1.516,10.0,Sample
369,0 days 00:20:22,37.0,F14,8772,F,14,GFP-Gext,Plate 1,2026-03-19 12:22:56,Cytation5,18,5.0,1.8,1.8,4.0,24.0,82.5,1.9,2.3,0.3045,3.955,50.0,0.0,0.0,1.0,1.0,1.0,0.02,2.0,2000.0,4.3,0.017,23.7,0.237,82.7,0.331,1.928,0.193,2.35,0.235,0.304,0.935,3.953,1.129,5.407,3.077,1.516,10.0,Sample
370,0 days 00:25:22,37.1,F14,13808,F,14,GFP-Gext,Plate 1,2026-03-19 12:27:56,Cytation5,18,5.0,1.8,1.8,4.0,24.0,82.5,1.9,2.3,0.3045,3.955,50.0,0.0,0.0,1.0,1.0,1.0,0.02,2.0,2000.0,4.3,0.017,23.7,0.237,82.7,0.331,1.928,0.193,2.35,0.235,0.304,0.935,3.953,1.129,5.407,3.077,1.516,10.0,Sample
371,0 days 00:30:22,37.0,F14,19086,F,14,GFP-Gext,Plate 1,2026-03-19 12:32:56,Cytation5,18,5.0,1.8,1.8,4.0,24.0,82.5,1.9,2.3,0.3045,3.955,50.0,0.0,0.0,1.0,1.0,1.0,0.02,2.0,2000.0,4.3,0.017,23.7,0.237,82.7,0.331,1.928,0.193,2.35,0.235,0.304,0.935,3.953,1.129,5.407,3.077,1.516,10.0,Sample
372,0 days 00:35:22,37.0,F14,24611,F,14,GFP-Gext,Plate 1,2026-03-19 12:37:56,Cytation5,18,5.0,1.8,1.8,4.0,24.0,82.5,1.9,2.3,0.3045,3.955,50.0,0.0,0.0,1.0,1.0,1.0,0.02,2.0,2000.0,4.3,0.017,23.7,0.237,82.7,0.331,1.928,0.193,2.35,0.235,0.304,0.935,3.953,1.129,5.407,3.077,1.516,10.0,Sample
373,0 days 00:40:22,37.0,F14,29822,F,14,GFP-Gext,Plate 1,2026-03-19 12:42:56,Cytation5,18,5.0,1.8,1.8,4.0,24.0,82.5,1.9,2.3,0.3045,3.955,50.0,0.0,0.0,1.0,1.0,1.0,0.02,2.0,2000.0,4.3,0.017,23.7,0.237,82.7,0.331,1.928,0.193,2.35,0.235,0.304,0.935,3.953,1.129,5.407,3.077,1.516,10.0,Sample
374,0 days 00:45:22,36.9,F14,34642,F,14,GFP-Gext,Plate 1,2026-03-19 12:47:56,Cytation5,18,5.0,1.8,1.8,4.0,24.0,82.5,1.9,2.3,0.3045,3.955,50.0,0.0,0.0,1.0,1.0,1.0,0.02,2.0,2000.0,4.3,0.017,23.7,0.237,82.7,0.331,1.928,0.193,2.35,0.235,0.304,0.935,3.953,1.129,5.407,3.077,1.516,10.0,Sample
375,0 days 00:50:22,37.0,F14,39283,F,14,GFP-Gext,Plate 1,2026-03-19 12:52:56,Cytation5,18,5.0,1.8,1.8,4.0,24.0,82.5,1.9,2.3,0.3045,3.955,50.0,0.0,0.0,1.0,1.0,1.0,0.02,2.0,2000.0,4.3,0.017,23.7,0.237,82.7,0.331,1.928,0.193,2.35,0.235,0.304,0.935,3.953,1.129,5.407,3.077,1.516,10.0,Sample
376,0 days 00:55:22,37.0,F14,42306,F,14,GFP-Gext,Plate 1,2026-03-19 12:57:56,Cytation5,18,5.0,1.8,1.8,4.0,24.0,82.5,1.9,2.3,0.3045,3.955,50.0,0.0,0.0,1.0,1.0,1.0,0.02,2.0,2000.0,4.3,0.017,23.7,0.237,82.7,0.331,1.928,0.193,2.35,0.235,0.304,0.935,3.953,1.129,5.407,3.077,1.516,10.0,Sample
377,0 days 01:00:22,37.0,F14,44767,F,14,GFP-Gext,Plate 1,2026-03-19 13:02:56,Cytation5,18,5.0,1.8,1.8,4.0,24.0,82.5,1.9,2.3,0.3045,3.955,50.0,0.0,0.0,1.0,1.0,1.0,0.02,2.0,2000.0,4.3,0.017,23.7,0.237,82.7,0.331,1.928,0.193,2.35,0.235,0.304,0.935,3.953,1.129,5.407,3.077,1.516,10.0,Sample
378,0 days 01:05:22,37.0,F14,46117,F,14,GFP-Gext,Plate 1,2026-03-19 13:07:56,Cytation5,18,5.0,1.8,1.8,4.0,24.0,82.5,1.9,2.3,0.3045,3.955,50.0,0.0,0.0,1.0,1.0,1.0,0.02,2.0,2000.0,4.3,0.017,23.7,0.237,82.7,0.331,1.928,0.193,2.35,0.235,0.304,0.935,3.953,1.129,5.407,3.077,1.516,10.0,Sample
379,0 days 01:10:22,37.0,F14,47281,F,14,GFP-Gext,Plate 1,2026-03-19 13:12:56,Cytation5,18,5.0,1.8,1.8,4.0,24.0,82.5,1.9,2.3,0.3045,3.955,50.0,0.0,0.0,1.0,1.0,1.0,0.02,2.0,2000.0,4.3,0.017,23.7,0.237,82.7,0.331,1.928,0.193,2.35,0.235,0.304,0.935,3.953,1.129,5.407,3.077,1.516,10.0,Sample
380,0 days 01:15:22,37.0,F14,49343,F,14,GFP-Gext,Plate 1,2026-03-19 13:17:56,Cytation5,18,5.0,1.8,1.8,4.0,24.0,82.5,1.9,2.3,0.3045,3.955,50.0,0.0,0.0,1.0,1.0,1.0,0.02,2.0,2000.0,4.3,0.017,23.7,0.237,82.7,0.331,1.928,0.193,2.35,0.235,0.304,0.935,3.953,1.129,5.407,3.077,1.516,10.0,Sample
381,0 days 01:20:22,37.0,F14,50123,F,14,GFP-Gext,Plate 1,2026-03-19 13:22:56,Cytation5,18,5.0,1.8,1.8,4.0,24.0,82.5,1.9,2.3,0.3045,3.955,50.0,0.0,0.0,1.0,1.0,1.0,0.02,2.0,2000.0,4.3,0.017,23.7,0.237,82.7,0.331,1.928,0.193,2.35,0.235,0.304,0.935,3.953,1.129,5.407,3.077,1.516,10.0,Sample
382,0 days 01:25:22,37.1,F14,50976,F,14,GFP-Gext,Plate 1,2026-03-19 13:27:56,Cytation5,18,5.0,1.8,1.8,4.0,24.0,82.5,1.9,2.3,0.3045,3.955,50.0,0.0,0.0,1.0,1.0,1.0,0.02,2.0,2000.0,4.3,0.017,23.7,0.237,82.7,0.331,1.928,0.193,2.35,0.235,0.304,0.935,3.953,1.129,5.407,3.077,1.516,10.0,Sample
383,0 days 01:30:22,37.1,F14,51599,F,14,GFP-Gext,Plate 1,2026-03-19 13:32:56,Cytation5,18,5.0,1.8,1.8,4.0,24.0,82.5,1.9,2.3,0.3045,3.955,50.0,0.0,0.0,1.0,1.0,1.0,0.02,2.0,2000.0,4.3,0.017,23.7,0.237,82.7,0.331,1.928,0.193,2.35,0.235,0.304,0.935,3.953,1.129,5.407,3.077,1.516,10.0,Sample
384,0 days 01:35:22,37.0,F14,52214,F,14,GFP-Gext,Plate 1,2026-03-19 13:37:56,Cytation5,18,5.0,1.8,1.8,4.0,24.0,82.5,1.9,2.3,0.3045,3.955,50.0,0.0,0.0,1.0,1.0,1.0,0.02,2.0,2000.0,4.3,0.017,23.7,0.237,82.7,0.331,1.928,0.193,2.35,0.235,0.304,0.935,3.953,1.129,5.407,3.077,1.516,10.0,Sample
385,0 days 01:40:22,37.0,F14,52844,F,14,GFP-Gext,Plate 1,2026-03-19 13:42:56,Cytation5,18,5.0,1.8,1.8,4.0,24.0,82.5,1.9,2.3,0.3045,3.955,50.0,0.0,0.0,1.0,1.0,1.0,0.02,2.0,2000.0,4.3,0.017,23.7,0.237,82.7,0.331,1.928,0.193,2.35,0.235,0.304,0.935,3.953,1.129,5.407,3.077,1.516,10.0,Sample
386,0 days 01:45:22,37.0,F14,53055,F,14,GFP-Gext,Plate 1,2026-03-19 13:47:56,Cytation5,18,5.0,1.8,1.8,4.0,24.0,82.5,1.9,2.3,0.3045,3.955,50.0,0.0,0.0,1.0,1.0,1.0,0.02,2.0,2000.0,4.3,0.017,23.7,0.237,82.7,0.331,1.928,0.193,2.35,0.235,0.304,0.935,3.953,1.129,5.407,3.077,1.516,10.0,Sample
387,0 days 01:50:22,36.9,F14,53249,F,14,GFP-Gext,Plate 1,2026-03-19 13:52:56,Cytation5,18,5.0,1.8,1.8,4.0,24.0,82.5,1.9,2.3,0.3045,3.955,50.0,0.0,0.0,1.0,1.0,1.0,0.02,2.0,2000.0,4.3,0.017,23.7,0.237,82.7,0.331,1.928,0.193,2.35,0.235,0.304,0.935,3.953,1.129,5.407,3.077,1.516,10.0,Sample
388,0 days 01:55:22,37.0,F14,52978,F,14,GFP-Gext,Plate 1,2026-03-19 13:57:56,Cytation5,18,5.0,1.8,1.8,4.0,24.0,82.5,1.9,2.3,0.3045,3.955,50.0,0.0,0.0,1.0,1.0,1.0,0.02,2.0,2000.0,4.3,0.017,23.7,0.237,82.7,0.331,1.928,0.193,2.35,0.235,0.304,0.935,3.953,1.129,5.407,3.077,1.516,10.0,Sample
389,0 days 02:00:22,37.0,F14,53380,F,14,GFP-Gext,Plate 1,2026-03-19 14:02:56,Cytation5,18,5.0,1.8,1.8,4.0,24.0,82.5,1.9,2.3,0.3045,3.955,50.0,0.0,0.0,1.0,1.0,1.0,0.02,2.0,2000.0,4.3,0.017,23.7,0.237,82.7,0.331,1.928,0.193,2.35,0.235,0.304,0.935,3.953,1.129,5.407,3.077,1.516,10.0,Sample
390,0 days 02:05:22,37.0,F14,53200,F,14,GFP-Gext,Plate 1,2026-03-19 14:07:56,Cytation5,18,5.0,1.8,1.8,4.0,24.0,82.5,1.9,2.3,0.3045,3.955,50.0,0.0,0.0,1.0,1.0,1.0,0.02,2.0,2000.0,4.3,0.017,23.7,0.237,82.7,0.331,1.928,0.193,2.35,0.235,0.304,0.935,3.953,1.129,5.407,3.077,1.516,10.0,Sample
391,0 days 02:10:22,37.0,F14,53589,F,14,GFP-Gext,Plate 1,2026-03-19 14:12:56,Cytation5,18,5.0,1.8,1.8,4.0,24.0,82.5,1.9,2.3,0.3045,3.955,50.0,0.0,0.0,1.0,1.0,1.0,0.02,2.0,2000.0,4.3,0.017,23.7,0.237,82.7,0.331,1.928,0.193,2.35,0.235,0.304,0.935,3.953,1.129,5.407,3.077,1.516,10.0,Sample
392,0 days 02:15:22,37.0,F14,53064,F,14,GFP-Gext,Plate 1,2026-03-19 14:17:56,Cytation5,18,5.0,1.8,1.8,4.0,24.0,82.5,1.9,2.3,0.3045,3.955,50.0,0.0,0.0,1.0,1.0,1.0,0.02,2.0,2000.0,4.3,0.017,23.7,0.237,82.7,0.331,1.928,0.193,2.35,0.235,0.304,0.935,3.953,1.129,5.407,3.077,1.516,10.0,Sample
393,0 days 02:20:22,37.0,F14,53117,F,14,GFP-Gext,Plate 1,2026-03-19 14:22:56,Cytation5,18,5.0,1.8,1.8,4.0,24.0,82.5,1.9,2.3,0.3045,3.955,50.0,0.0,0.0,1.0,1.0,1.0,0.02,2.0,2000.0,4.3,0.017,23.7,0.237,82.7,0.331,1.928,0.193,2.35,0.235,0.304,0.935,3.953,1.129,5.407,3.077,1.516,10.0,Sample
394,0 days 02:25:22,37.0,F14,53033,F,14,GFP-Gext,Plate 1,2026-03-19 14:27:56,Cytation5,18,5.0,1.8,1.8,4.0,24.0,82.5,1.9,2.3,0.3045,3.955,50.0,0.0,0.0,1.0,1.0,1.0,0.02,2.0,2000.0,4.3,0.017,23.7,0.237,82.7,0.331,1.928,0.193,2.35,0.235,0.304,0.935,3.953,1.129,5.407,3.077,1.516,10.0,Sample
395,0 days 02:30:22,37.1,F14,53111,F,14,GFP-Gext,Plate 1,2026-03-19 14:32:56,Cytation5,18,5.0,1.8,1.8,4.0,24.0,82.5,1.9,2.3,0.3045,3.955,50.0,0.0,0.0,1.0,1.0,1.0,0.02,2.0,2000.0,4.3,0.017,23.7,0.237,82.7,0.331,1.928,0.193,2.35,0.235,0.304,0.935,3.953,1.129,5.407,3.077,1.516,10.0,Sample
396,0 days 02:35:22,37.0,F14,53334,F,14,GFP-Gext,Plate 1,2026-03-19 14:37:56,Cytation5,18,5.0,1.8,1.8,4.0,24.0,82.5,1.9,2.3,0.3045,3.955,50.0,0.0,0.0,1.0,1.0,1.0,0.02,2.0,2000.0,4.3,0.017,23.7,0.237,82.7,0.331,1.928,0.193,2.35,0.235,0.304,0.935,3.953,1.129,5.407,3.077,1.516,10.0,Sample
397,0 days 02:40:22,37.0,F14,53757,F,14,GFP-Gext,Plate 1,2026-03-19 14:42:56,Cytation5,18,5.0,1.8,1.8,4.0,24.0,82.5,1.9,2.3,0.3045,3.955,50.0,0.0,0.0,1.0,1.0,1.0,0.02,2.0,2000.0,4.3,0.017,23.7,0.237,82.7,0.331,1.928,0.193,2.35,0.235,0.304,0.935,3.953,1.129,5.407,3.077,1.516,10.0,Sample
398,0 days 02:45:22,37.1,F14,53328,F,14,GFP-Gext,Plate 1,2026-03-19 14:47:56,Cytation5,18,5.0,1.8,1.8,4.0,24.0,82.5,1.9,2.3,0.3045,3.955,50.0,0.0,0.0,1.0,1.0,1.0,0.02,2.0,2000.0,4.3,0.017,23.7,0.237,82.7,0.331,1.928,0.193,2.35,0.235,0.304,0.935,3.953,1.129,5.407,3.077,1.516,10.0,Sample
399,0 days 02:50:22,37.0,F14,53035,F,14,GFP-Gext,Plate 1,2026-03-19 14:52:56,Cytation5,18,5.0,1.8,1.8,4.0,24.0,82.5,1.9,2.3,0.3045,3.955,50.0,0.0,0.0,1.0,1.0,1.0,0.02,2.0,2000.0,4.3,0.017,23.7,0.237,82.7,0.331,1.928,0.193,2.35,0.235,0.304,0.935,3.953,1.129,5.407,3.077,1.516,10.0,Sample
400,0 days 02:55:22,37.0,F14,53059,F,14,GFP-Gext,Plate 1,2026-03-19 14:57:56,Cytation5,18,5.0,1.8,1.8,4.0,24.0,82.5,1.9,2.3,0.3045,3.955,50.0,0.0,0.0,1.0,1.0,1.0,0.02,2.0,2000.0,4.3,0.017,23.7,0.237,82.7,0.331,1.928,0.193,2.35,0.235,0.304,0.935,3.953,1.129,5.407,3.077,1.516,10.0,Sample
401,0 days 03:00:22,37.0,F14,53507,F,14,GFP-Gext,Plate 1,2026-03-19 15:02:56,Cytation5,18,5.0,1.8,1.8,4.0,24.0,82.5,1.9,2.3,0.3045,3.955,50.0,0.0,0.0,1.0,1.0,1.0,0.02,2.0,2000.0,4.3,0.017,23.7,0.237,82.7,0.331,1.928,0.193,2.35,0.235,0.304,0.935,3.953,1.129,5.407,3.077,1.516,10.0,Sample
402,0 days 03:05:22,37.0,F14,53510,F,14,GFP-Gext,Plate 1,2026-03-19 15:07:56,Cytation5,18,5.0,1.8,1.8,4.0,24.0,82.5,1.9,2.3,0.3045,3.955,50.0,0.0,0.0,1.0,1.0,1.0,0.02,2.0,2000.0,4.3,0.017,23.7,0.237,82.7,0.331,1.928,0.193,2.35,0.235,0.304,0.935,3.953,1.129,5.407,3.077,1.516,10.0,Sample
403,0 days 03:10:22,37.0,F14,53336,F,14,GFP-Gext,Plate 1,2026-03-19 15:12:56,Cytation5,18,5.0,1.8,1.8,4.0,24.0,82.5,1.9,2.3,0.3045,3.955,50.0,0.0,0.0,1.0,1.0,1.0,0.02,2.0,2000.0,4.3,0.017,23.7,0.237,82.7,0.331,1.928,0.193,2.35,0.235,0.304,0.935,3.953,1.129,5.407,3.077,1.516,10.0,Sample
404,0 days 03:15:22,37.0,F14,53523,F,14,GFP-Gext,Plate 1,2026-03-19 15:17:56,Cytation5,18,5.0,1.8,1.8,4.0,24.0,82.5,1.9,2.3,0.3045,3.955,50.0,0.0,0.0,1.0,1.0,1.0,0.02,2.0,2000.0,4.3,0.017,23.7,0.237,82.7,0.331,1.928,0.193,2.35,0.235,0.304,0.935,3.953,1.129,5.407,3.077,1.516,10.0,Sample
405,0 days 03:20:22,37.0,F14,53640,F,14,GFP-Gext,Plate 1,2026-03-19 15:22:56,Cytation5,18,5.0,1.8,1.8,4.0,24.0,82.5,1.9,2.3,0.3045,3.955,50.0,0.0,0.0,1.0,1.0,1.0,0.02,2.0,2000.0,4.3,0.017,23.7,0.237,82.7,0.331,1.928,0.193,2.35,0.235,0.304,0.935,3.953,1.129,5.407,3.077,1.516,10.0,Sample
406,0 days 03:25:22,37.1,F14,53391,F,14,GFP-Gext,Plate 1,2026-03-19 15:27:56,Cytation5,18,5.0,1.8,1.8,4.0,24.0,82.5,1.9,2.3,0.3045,3.955,50.0,0.0,0.0,1.0,1.0,1.0,0.02,2.0,2000.0,4.3,0.017,23.7,0.237,82.7,0.331,1.928,0.193,2.35,0.235,0.304,0.935,3.953,1.129,5.407,3.077,1.516,10.0,Sample
407,0 days 03:30:22,36.9,F14,53312,F,14,GFP-Gext,Plate 1,2026-03-19 15:32:56,Cytation5,18,5.0,1.8,1.8,4.0,24.0,82.5,1.9,2.3,0.3045,3.955,50.0,0.0,0.0,1.0,1.0,1.0,0.02,2.0,2000.0,4.3,0.017,23.7,0.237,82.7,0.331,1.928,0.193,2.35,0.235,0.304,0.935,3.953,1.129,5.407,3.077,1.516,10.0,Sample
408,0 days 03:35:22,37.1,F14,53420,F,14,GFP-Gext,Plate 1,2026-03-19 15:37:56,Cytation5,18,5.0,1.8,1.8,4.0,24.0,82.5,1.9,2.3,0.3045,3.955,50.0,0.0,0.0,1.0,1.0,1.0,0.02,2.0,2000.0,4.3,0.017,23.7,0.237,82.7,0.331,1.928,0.193,2.35,0.235,0.304,0.935,3.953,1.129,5.407,3.077,1.516,10.0,Sample
409,0 days 03:40:22,37.0,F14,53520,F,14,GFP-Gext,Plate 1,2026-03-19 15:42:56,Cytation5,18,5.0,1.8,1.8,4.0,24.0,82.5,1.9,2.3,0.3045,3.955,50.0,0.0,0.0,1.0,1.0,1.0,0.02,2.0,2000.0,4.3,0.017,23.7,0.237,82.7,0.331,1.928,0.193,2.35,0.235,0.304,0.935,3.953,1.129,5.407,3.077,1.516,10.0,Sample
410,0 days 03:45:22,37.0,F14,53686,F,14,GFP-Gext,Plate 1,2026-03-19 15:47:56,Cytation5,18,5.0,1.8,1.8,4.0,24.0,82.5,1.9,2.3,0.3045,3.955,50.0,0.0,0.0,1.0,1.0,1.0,0.02,2.0,2000.0,4.3,0.017,23.7,0.237,82.7,0.331,1.928,0.193,2.35,0.235,0.304,0.935,3.953,1.129,5.407,3.077,1.516,10.0,Sample
411,0 days 03:50:22,37.0,F14,53747,F,14,GFP-Gext,Plate 1,2026-03-19 15:52:56,Cytation5,18,5.0,1.8,1.8,4.0,24.0,82.5,1.9,2.3,0.3045,3.955,50.0,0.0,0.0,1.0,1.0,1.0,0.02,2.0,2000.0,4.3,0.017,23.7,0.237,82.7,0.331,1.928,0.193,2.35,0.235,0.304,0.935,3.953,1.129,5.407,3.077,1.516,10.0,Sample
412,0 days 03:55:22,37.1,F14,53920,F,14,GFP-Gext,Plate 1,2026-03-19 15:57:56,Cytation5,18,5.0,1.8,1.8,4.0,24.0,82.5,1.9,2.3,0.3045,3.955,50.0,0.0,0.0,1.0,1.0,1.0,0.02,2.0,2000.0,4.3,0.017,23.7,0.237,82.7,0.331,1.928,0.193,2.35,0.235,0.304,0.935,3.953,1.129,5.407,3.077,1.516,10.0,Sample
413,0 days 04:00:22,37.0,F14,53641,F,14,GFP-Gext,Plate 1,2026-03-19 16:02:56,Cytation5,18,5.0,1.8,1.8,4.0,24.0,82.5,1.9,2.3,0.3045,3.955,50.0,0.0,0.0,1.0,1.0,1.0,0.02,2.0,2000.0,4.3,0.017,23.7,0.237,82.7,0.331,1.928,0.193,2.35,0.235,0.304,0.935,3.953,1.129,5.407,3.077,1.516,10.0,Sample
414,0 days 04:05:22,37.1,F14,53712,F,14,GFP-Gext,Plate 1,2026-03-19 16:07:56,Cytation5,18,5.0,1.8,1.8,4.0,24.0,82.5,1.9,2.3,0.3045,3.955,50.0,0.0,0.0,1.0,1.0,1.0,0.02,2.0,2000.0,4.3,0.017,23.7,0.237,82.7,0.331,1.928,0.193,2.35,0.235,0.304,0.935,3.953,1.129,5.407,3.077,1.516,10.0,Sample
415,0 days 04:10:22,37.0,F14,53890,F,14,GFP-Gext,Plate 1,2026-03-19 16:12:56,Cytation5,18,5.0,1.8,1.8,4.0,24.0,82.5,1.9,2.3,0.3045,3.955,50.0,0.0,0.0,1.0,1.0,1.0,0.02,2.0,2000.0,4.3,0.017,23.7,0.237,82.7,0.331,1.928,0.193,2.35,0.235,0.304,0.935,3.953,1.129,5.407,3.077,1.516,10.0,Sample
416,0 days 04:15:22,37.0,F14,53521,F,14,GFP-Gext,Plate 1,2026-03-19 16:17:56,Cytation5,18,5.0,1.8,1.8,4.0,24.0,82.5,1.9,2.3,0.3045,3.955,50.0,0.0,0.0,1.0,1.0,1.0,0.02,2.0,2000.0,4.3,0.017,23.7,0.237,82.7,0.331,1.928,0.193,2.35,0.235,0.304,0.935,3.953,1.129,5.407,3.077,1.516,10.0,Sample
417,0 days 04:20:22,37.0,F14,53871,F,14,GFP-Gext,Plate 1,2026-03-19 16:22:56,Cytation5,18,5.0,1.8,1.8,4.0,24.0,82.5,1.9,2.3,0.3045,3.955,50.0,0.0,0.0,1.0,1.0,1.0,0.02,2.0,2000.0,4.3,0.017,23.7,0.237,82.7,0.331,1.928,0.193,2.35,0.235,0.304,0.935,3.953,1.129,5.407,3.077,1.516,10.0,Sample
418,0 days 04:25:22,37.1,F14,53947,F,14,GFP-Gext,Plate 1,2026-03-19 16:27:56,Cytation5,18,5.0,1.8,1.8,4.0,24.0,82.5,1.9,2.3,0.3045,3.955,50.0,0.0,0.0,1.0,1.0,1.0,0.02,2.0,2000.0,4.3,0.017,23.7,0.237,82.7,0.331,1.928,0.193,2.35,0.235,0.304,0.935,3.953,1.129,5.407,3.077,1.516,10.0,Sample
419,0 days 04:30:22,37.0,F14,53772,F,14,GFP-Gext,Plate 1,2026-03-19 16:32:56,Cytation5,18,5.0,1.8,1.8,4.0,24.0,82.5,1.9,2.3,0.3045,3.955,50.0,0.0,0.0,1.0,1.0,1.0,0.02,2.0,2000.0,4.3,0.017,23.7,0.237,82.7,0.331,1.928,0.193,2.35,0.235,0.304,0.935,3.953,1.129,5.407,3.077,1.516,10.0,Sample
420,0 days 04:35:22,37.0,F14,53909,F,14,GFP-Gext,Plate 1,2026-03-19 16:37:56,Cytation5,18,5.0,1.8,1.8,4.0,24.0,82.5,1.9,2.3,0.3045,3.955,50.0,0.0,0.0,1.0,1.0,1.0,0.02,2.0,2000.0,4.3,0.017,23.7,0.237,82.7,0.331,1.928,0.193,2.35,0.235,0.304,0.935,3.953,1.129,5.407,3.077,1.516,10.0,Sample
421,0 days 04:40:22,37.0,F14,53790,F,14,GFP-Gext,Plate 1,2026-03-19 16:42:56,Cytation5,18,5.0,1.8,1.8,4.0,24.0,82.5,1.9,2.3,0.3045,3.955,50.0,0.0,0.0,1.0,1.0,1.0,0.02,2.0,2000.0,4.3,0.017,23.7,0.237,82.7,0.331,1.928,0.193,2.35,0.235,0.304,0.935,3.953,1.129,5.407,3.077,1.516,10.0,Sample
422,0 days 04:45:22,37.0,F14,53726,F,14,GFP-Gext,Plate 1,2026-03-19 16:47:56,Cytation5,18,5.0,1.8,1.8,4.0,24.0,82.5,1.9,2.3,0.3045,3.955,50.0,0.0,0.0,1.0,1.0,1.0,0.02,2.0,2000.0,4.3,0.017,23.7,0.237,82.7,0.331,1.928,0.193,2.35,0.235,0.304,0.935,3.953,1.129,5.407,3.077,1.516,10.0,Sample
423,0 days 04:50:22,37.0,F14,53960,F,14,GFP-Gext,Plate 1,2026-03-19 16:52:56,Cytation5,18,5.0,1.8,1.8,4.0,24.0,82.5,1.9,2.3,0.3045,3.955,50.0,0.0,0.0,1.0,1.0,1.0,0.02,2.0,2000.0,4.3,0.017,23.7,0.237,82.7,0.331,1.928,0.193,2.35,0.235,0.304,0.935,3.953,1.129,5.407,3.077,1.516,10.0,Sample
424,0 days 04:55:22,37.1,F14,54028,F,14,GFP-Gext,Plate 1,2026-03-19 16:57:56,Cytation5,18,5.0,1.8,1.8,4.0,24.0,82.5,1.9,2.3,0.3045,3.955,50.0,0.0,0.0,1.0,1.0,1.0,0.02,2.0,2000.0,4.3,0.017,23.7,0.237,82.7,0.331,1.928,0.193,2.35,0.235,0.304,0.935,3.953,1.129,5.407,3.077,1.516,10.0,Sample
425,0 days 05:00:22,37.1,F14,54197,F,14,GFP-Gext,Plate 1,2026-03-19 17:02:56,Cytation5,18,5.0,1.8,1.8,4.0,24.0,82.5,1.9,2.3,0.3045,3.955,50.0,0.0,0.0,1.0,1.0,1.0,0.02,2.0,2000.0,4.3,0.017,23.7,0.237,82.7,0.331,1.928,0.193,2.35,0.235,0.304,0.935,3.953,1.129,5.407,3.077,1.516,10.0,Sample
426,0 days 05:05:22,37.0,F14,53604,F,14,GFP-Gext,Plate 1,2026-03-19 17:07:56,Cytation5,18,5.0,1.8,1.8,4.0,24.0,82.5,1.9,2.3,0.3045,3.955,50.0,0.0,0.0,1.0,1.0,1.0,0.02,2.0,2000.0,4.3,0.017,23.7,0.237,82.7,0.331,1.928,0.193,2.35,0.235,0.304,0.935,3.953,1.129,5.407,3.077,1.516,10.0,Sample
427,0 days 05:10:22,37.0,F14,53628,F,14,GFP-Gext,Plate 1,2026-03-19 17:12:56,Cytation5,18,5.0,1.8,1.8,4.0,24.0,82.5,1.9,2.3,0.3045,3.955,50.0,0.0,0.0,1.0,1.0,1.0,0.02,2.0,2000.0,4.3,0.017,23.7,0.237,82.7,0.331,1.928,0.193,2.35,0.235,0.304,0.935,3.953,1.129,5.407,3.077,1.516,10.0,Sample
428,0 days 05:15:22,37.1,F14,53802,F,14,GFP-Gext,Plate 1,2026-03-19 17:17:56,Cytation5,18,5.0,1.8,1.8,4.0,24.0,82.5,1.9,2.3,0.3045,3.955,50.0,0.0,0.0,1.0,1.0,1.0,0.02,2.0,2000.0,4.3,0.017,23.7,0.237,82.7,0.331,1.928,0.193,2.35,0.235,0.304,0.935,3.953,1.129,5.407,3.077,1.516,10.0,Sample
429,0 days 05:20:22,37.0,F14,54137,F,14,GFP-Gext,Plate 1,2026-03-19 17:22:56,Cytation5,18,5.0,1.8,1.8,4.0,24.0,82.5,1.9,2.3,0.3045,3.955,50.0,0.0,0.0,1.0,1.0,1.0,0.02,2.0,2000.0,4.3,0.017,23.7,0.237,82.7,0.331,1.928,0.193,2.35,0.235,0.304,0.935,3.953,1.129,5.407,3.077,1.516,10.0,Sample
430,0 days 05:25:22,37.0,F14,53593,F,14,GFP-Gext,Plate 1,2026-03-19 17:27:56,Cytation5,18,5.0,1.8,1.8,4.0,24.0,82.5,1.9,2.3,0.3045,3.955,50.0,0.0,0.0,1.0,1.0,1.0,0.02,2.0,2000.0,4.3,0.017,23.7,0.237,82.7,0.331,1.928,0.193,2.35,0.235,0.304,0.935,3.953,1.129,5.407,3.077,1.516,10.0,Sample
431,0 days 05:30:22,37.0,F14,53988,F,14,GFP-Gext,Plate 1,2026-03-19 17:32:56,Cytation5,18,5.0,1.8,1.8,4.0,24.0,82.5,1.9,2.3,0.3045,3.955,50.0,0.0,0.0,1.0,1.0,1.0,0.02,2.0,2000.0,4.3,0.017,23.7,0.237,82.7,0.331,1.928,0.193,2.35,0.235,0.304,0.935,3.953,1.129,5.407,3.077,1.516,10.0,Sample
432,0 days 05:35:22,37.0,F14,53895,F,14,GFP-Gext,Plate 1,2026-03-19 17:37:56,Cytation5,18,5.0,1.8,1.8,4.0,24.0,82.5,1.9,2.3,0.3045,3.955,50.0,0.0,0.0,1.0,1.0,1.0,0.02,2.0,2000.0,4.3,0.017,23.7,0.237,82.7,0.331,1.928,0.193,2.35,0.235,0.304,0.935,3.953,1.129,5.407,3.077,1.516,10.0,Sample
433,0 days 05:40:22,37.0,F14,54031,F,14,GFP-Gext,Plate 1,2026-03-19 17:42:56,Cytation5,18,5.0,1.8,1.8,4.0,24.0,82.5,1.9,2.3,0.3045,3.955,50.0,0.0,0.0,1.0,1.0,1.0,0.02,2.0,2000.0,4.3,0.017,23.7,0.237,82.7,0.331,1.928,0.193,2.35,0.235,0.304,0.935,3.953,1.129,5.407,3.077,1.516,10.0,Sample
434,0 days 05:45:22,37.0,F14,54274,F,14,GFP-Gext,Plate 1,2026-03-19 17:47:56,Cytation5,18,5.0,1.8,1.8,4.0,24.0,82.5,1.9,2.3,0.3045,3.955,50.0,0.0,0.0,1.0,1.0,1.0,0.02,2.0,2000.0,4.3,0.017,23.7,0.237,82.7,0.331,1.928,0.193,2.35,0.235,0.304,0.935,3.953,1.129,5.407,3.077,1.516,10.0,Sample
435,0 days 05:50:22,37.0,F14,53736,F,14,GFP-Gext,Plate 1,2026-03-19 17:52:56,Cytation5,18,5.0,1.8,1.8,4.0,24.0,82.5,1.9,2.3,0.3045,3.955,50.0,0.0,0.0,1.0,1.0,1.0,0.02,2.0,2000.0,4.3,0.017,23.7,0.237,82.7,0.331,1.928,0.193,2.35,0.235,0.304,0.935,3.953,1.129,5.407,3.077,1.516,10.0,Sample
436,0 days 05:55:22,37.0,F14,53855,F,14,GFP-Gext,Plate 1,2026-03-19 17:57:56,Cytation5,18,5.0,1.8,1.8,4.0,24.0,82.5,1.9,2.3,0.3045,3.955,50.0,0.0,0.0,1.0,1.0,1.0,0.02,2.0,2000.0,4.3,0.017,23.7,0.237,82.7,0.331,1.928,0.193,2.35,0.235,0.304,0.935,3.953,1.129,5.407,3.077,1.516,10.0,Sample
437,0 days 06:00:22,37.0,F14,53878,F,14,GFP-Gext,Plate 1,2026-03-19 18:02:56,Cytation5,18,5.0,1.8,1.8,4.0,24.0,82.5,1.9,2.3,0.3045,3.955,50.0,0.0,0.0,1.0,1.0,1.0,0.02,2.0,2000.0,4.3,0.017,23.7,0.237,82.7,0.331,1.928,0.193,2.35,0.235,0.304,0.935,3.953,1.129,5.407,3.077,1.516,10.0,Sample
438,0 days 00:00:22,27.7,F15,688,F,15,GFP-Gext,Plate 1,2026-03-19 12:02:56,Cytation5,29,5.0,1.8,1.8,4.0,0.0,57.5,2.6,1.8,0.399,2.135,50.0,0.0,0.0,1.0,1.0,1.0,0.02,2.0,2000.0,3.7,0.015,0.0,0.0,56.3,0.225,2.596,0.26,1.775,0.178,0.4,1.231,2.124,0.607,5.407,2.516,2.077,10.0,Sample
439,0 days 00:05:22,33.8,F15,674,F,15,GFP-Gext,Plate 1,2026-03-19 12:07:56,Cytation5,29,5.0,1.8,1.8,4.0,0.0,57.5,2.6,1.8,0.399,2.135,50.0,0.0,0.0,1.0,1.0,1.0,0.02,2.0,2000.0,3.7,0.015,0.0,0.0,56.3,0.225,2.596,0.26,1.775,0.178,0.4,1.231,2.124,0.607,5.407,2.516,2.077,10.0,Sample
440,0 days 00:10:22,37.0,F15,653,F,15,GFP-Gext,Plate 1,2026-03-19 12:12:56,Cytation5,29,5.0,1.8,1.8,4.0,0.0,57.5,2.6,1.8,0.399,2.135,50.0,0.0,0.0,1.0,1.0,1.0,0.02,2.0,2000.0,3.7,0.015,0.0,0.0,56.3,0.225,2.596,0.26,1.775,0.178,0.4,1.231,2.124,0.607,5.407,2.516,2.077,10.0,Sample
441,0 days 00:15:22,37.0,F15,809,F,15,GFP-Gext,Plate 1,2026-03-19 12:17:56,Cytation5,29,5.0,1.8,1.8,4.0,0.0,57.5,2.6,1.8,0.399,2.135,50.0,0.0,0.0,1.0,1.0,1.0,0.02,2.0,2000.0,3.7,0.015,0.0,0.0,56.3,0.225,2.596,0.26,1.775,0.178,0.4,1.231,2.124,0.607,5.407,2.516,2.077,10.0,Sample
442,0 days 00:20:22,37.0,F15,1759,F,15,GFP-Gext,Plate 1,2026-03-19 12:22:56,Cytation5,29,5.0,1.8,1.8,4.0,0.0,57.5,2.6,1.8,0.399,2.135,50.0,0.0,0.0,1.0,1.0,1.0,0.02,2.0,2000.0,3.7,0.015,0.0,0.0,56.3,0.225,2.596,0.26,1.775,0.178,0.4,1.231,2.124,0.607,5.407,2.516,2.077,10.0,Sample
443,0 days 00:25:22,37.1,F15,3332,F,15,GFP-Gext,Plate 1,2026-03-19 12:27:56,Cytation5,29,5.0,1.8,1.8,4.0,0.0,57.5,2.6,1.8,0.399,2.135,50.0,0.0,0.0,1.0,1.0,1.0,0.02,2.0,2000.0,3.7,0.015,0.0,0.0,56.3,0.225,2.596,0.26,1.775,0.178,0.4,1.231,2.124,0.607,5.407,2.516,2.077,10.0,Sample
444,0 days 00:30:22,37.0,F15,5426,F,15,GFP-Gext,Plate 1,2026-03-19 12:32:56,Cytation5,29,5.0,1.8,1.8,4.0,0.0,57.5,2.6,1.8,0.399,2.135,50.0,0.0,0.0,1.0,1.0,1.0,0.02,2.0,2000.0,3.7,0.015,0.0,0.0,56.3,0.225,2.596,0.26,1.775,0.178,0.4,1.231,2.124,0.607,5.407,2.516,2.077,10.0,Sample
445,0 days 00:35:22,37.0,F15,7559,F,15,GFP-Gext,Plate 1,2026-03-19 12:37:56,Cytation5,29,5.0,1.8,1.8,4.0,0.0,57.5,2.6,1.8,0.399,2.135,50.0,0.0,0.0,1.0,1.0,1.0,0.02,2.0,2000.0,3.7,0.015,0.0,0.0,56.3,0.225,2.596,0.26,1.775,0.178,0.4,1.231,2.124,0.607,5.407,2.516,2.077,10.0,Sample
446,0 days 00:40:22,37.0,F15,9702,F,15,GFP-Gext,Plate 1,2026-03-19 12:42:56,Cytation5,29,5.0,1.8,1.8,4.0,0.0,57.5,2.6,1.8,0.399,2.135,50.0,0.0,0.0,1.0,1.0,1.0,0.02,2.0,2000.0,3.7,0.015,0.0,0.0,56.3,0.225,2.596,0.26,1.775,0.178,0.4,1.231,2.124,0.607,5.407,2.516,2.077,10.0,Sample
447,0 days 00:45:22,36.9,F15,12213,F,15,GFP-Gext,Plate 1,2026-03-19 12:47:56,Cytation5,29,5.0,1.8,1.8,4.0,0.0,57.5,2.6,1.8,0.399,2.135,50.0,0.0,0.0,1.0,1.0,1.0,0.02,2.0,2000.0,3.7,0.015,0.0,0.0,56.3,0.225,2.596,0.26,1.775,0.178,0.4,1.231,2.124,0.607,5.407,2.516,2.077,10.0,Sample
448,0 days 00:50:22,37.0,F15,14660,F,15,GFP-Gext,Plate 1,2026-03-19 12:52:56,Cytation5,29,5.0,1.8,1.8,4.0,0.0,57.5,2.6,1.8,0.399,2.135,50.0,0.0,0.0,1.0,1.0,1.0,0.02,2.0,2000.0,3.7,0.015,0.0,0.0,56.3,0.225,2.596,0.26,1.775,0.178,0.4,1.231,2.124,0.607,5.407,2.516,2.077,10.0,Sample
449,0 days 00:55:22,37.0,F15,16865,F,15,GFP-Gext,Plate 1,2026-03-19 12:57:56,Cytation5,29,5.0,1.8,1.8,4.0,0.0,57.5,2.6,1.8,0.399,2.135,50.0,0.0,0.0,1.0,1.0,1.0,0.02,2.0,2000.0,3.7,0.015,0.0,0.0,56.3,0.225,2.596,0.26,1.775,0.178,0.4,1.231,2.124,0.607,5.407,2.516,2.077,10.0,Sample
450,0 days 01:00:22,37.0,F15,19062,F,15,GFP-Gext,Plate 1,2026-03-19 13:02:56,Cytation5,29,5.0,1.8,1.8,4.0,0.0,57.5,2.6,1.8,0.399,2.135,50.0,0.0,0.0,1.0,1.0,1.0,0.02,2.0,2000.0,3.7,0.015,0.0,0.0,56.3,0.225,2.596,0.26,1.775,0.178,0.4,1.231,2.124,0.607,5.407,2.516,2.077,10.0,Sample
451,0 days 01:05:22,37.0,F15,21560,F,15,GFP-Gext,Plate 1,2026-03-19 13:07:56,Cytation5,29,5.0,1.8,1.8,4.0,0.0,57.5,2.6,1.8,0.399,2.135,50.0,0.0,0.0,1.0,1.0,1.0,0.02,2.0,2000.0,3.7,0.015,0.0,0.0,56.3,0.225,2.596,0.26,1.775,0.178,0.4,1.231,2.124,0.607,5.407,2.516,2.077,10.0,Sample
452,0 days 01:10:22,37.0,F15,23317,F,15,GFP-Gext,Plate 1,2026-03-19 13:12:56,Cytation5,29,5.0,1.8,1.8,4.0,0.0,57.5,2.6,1.8,0.399,2.135,50.0,0.0,0.0,1.0,1.0,1.0,0.02,2.0,2000.0,3.7,0.015,0.0,0.0,56.3,0.225,2.596,0.26,1.775,0.178,0.4,1.231,2.124,0.607,5.407,2.516,2.077,10.0,Sample
453,0 days 01:15:22,37.0,F15,25539,F,15,GFP-Gext,Plate 1,2026-03-19 13:17:56,Cytation5,29,5.0,1.8,1.8,4.0,0.0,57.5,2.6,1.8,0.399,2.135,50.0,0.0,0.0,1.0,1.0,1.0,0.02,2.0,2000.0,3.7,0.015,0.0,0.0,56.3,0.225,2.596,0.26,1.775,0.178,0.4,1.231,2.124,0.607,5.407,2.516,2.077,10.0,Sample
454,0 days 01:20:22,37.0,F15,27498,F,15,GFP-Gext,Plate 1,2026-03-19 13:22:56,Cytation5,29,5.0,1.8,1.8,4.0,0.0,57.5,2.6,1.8,0.399,2.135,50.0,0.0,0.0,1.0,1.0,1.0,0.02,2.0,2000.0,3.7,0.015,0.0,0.0,56.3,0.225,2.596,0.26,1.775,0.178,0.4,1.231,2.124,0.607,5.407,2.516,2.077,10.0,Sample
455,0 days 01:25:22,37.1,F15,29540,F,15,GFP-Gext,Plate 1,2026-03-19 13:27:56,Cytation5,29,5.0,1.8,1.8,4.0,0.0,57.5,2.6,1.8,0.399,2.135,50.0,0.0,0.0,1.0,1.0,1.0,0.02,2.0,2000.0,3.7,0.015,0.0,0.0,56.3,0.225,2.596,0.26,1.775,0.178,0.4,1.231,2.124,0.607,5.407,2.516,2.077,10.0,Sample
456,0 days 01:30:22,37.1,F15,30759,F,15,GFP-Gext,Plate 1,2026-03-19 13:32:56,Cytation5,29,5.0,1.8,1.8,4.0,0.0,57.5,2.6,1.8,0.399,2.135,50.0,0.0,0.0,1.0,1.0,1.0,0.02,2.0,2000.0,3.7,0.015,0.0,0.0,56.3,0.225,2.596,0.26,1.775,0.178,0.4,1.231,2.124,0.607,5.407,2.516,2.077,10.0,Sample
457,0 days 01:35:22,37.0,F15,32494,F,15,GFP-Gext,Plate 1,2026-03-19 13:37:56,Cytation5,29,5.0,1.8,1.8,4.0,0.0,57.5,2.6,1.8,0.399,2.135,50.0,0.0,0.0,1.0,1.0,1.0,0.02,2.0,2000.0,3.7,0.015,0.0,0.0,56.3,0.225,2.596,0.26,1.775,0.178,0.4,1.231,2.124,0.607,5.407,2.516,2.077,10.0,Sample
458,0 days 01:40:22,37.0,F15,33999,F,15,GFP-Gext,Plate 1,2026-03-19 13:42:56,Cytation5,29,5.0,1.8,1.8,4.0,0.0,57.5,2.6,1.8,0.399,2.135,50.0,0.0,0.0,1.0,1.0,1.0,0.02,2.0,2000.0,3.7,0.015,0.0,0.0,56.3,0.225,2.596,0.26,1.775,0.178,0.4,1.231,2.124,0.607,5.407,2.516,2.077,10.0,Sample
459,0 days 01:45:22,37.0,F15,34785,F,15,GFP-Gext,Plate 1,2026-03-19 13:47:56,Cytation5,29,5.0,1.8,1.8,4.0,0.0,57.5,2.6,1.8,0.399,2.135,50.0,0.0,0.0,1.0,1.0,1.0,0.02,2.0,2000.0,3.7,0.015,0.0,0.0,56.3,0.225,2.596,0.26,1.775,0.178,0.4,1.231,2.124,0.607,5.407,2.516,2.077,10.0,Sample
460,0 days 01:50:22,36.9,F15,36015,F,15,GFP-Gext,Plate 1,2026-03-19 13:52:56,Cytation5,29,5.0,1.8,1.8,4.0,0.0,57.5,2.6,1.8,0.399,2.135,50.0,0.0,0.0,1.0,1.0,1.0,0.02,2.0,2000.0,3.7,0.015,0.0,0.0,56.3,0.225,2.596,0.26,1.775,0.178,0.4,1.231,2.124,0.607,5.407,2.516,2.077,10.0,Sample
461,0 days 01:55:22,37.0,F15,37078,F,15,GFP-Gext,Plate 1,2026-03-19 13:57:56,Cytation5,29,5.0,1.8,1.8,4.0,0.0,57.5,2.6,1.8,0.399,2.135,50.0,0.0,0.0,1.0,1.0,1.0,0.02,2.0,2000.0,3.7,0.015,0.0,0.0,56.3,0.225,2.596,0.26,1.775,0.178,0.4,1.231,2.124,0.607,5.407,2.516,2.077,10.0,Sample
462,0 days 02:00:22,37.0,F15,37948,F,15,GFP-Gext,Plate 1,2026-03-19 14:02:56,Cytation5,29,5.0,1.8,1.8,4.0,0.0,57.5,2.6,1.8,0.399,2.135,50.0,0.0,0.0,1.0,1.0,1.0,0.02,2.0,2000.0,3.7,0.015,0.0,0.0,56.3,0.225,2.596,0.26,1.775,0.178,0.4,1.231,2.124,0.607,5.407,2.516,2.077,10.0,Sample
463,0 days 02:05:22,37.0,F15,38259,F,15,GFP-Gext,Plate 1,2026-03-19 14:07:56,Cytation5,29,5.0,1.8,1.8,4.0,0.0,57.5,2.6,1.8,0.399,2.135,50.0,0.0,0.0,1.0,1.0,1.0,0.02,2.0,2000.0,3.7,0.015,0.0,0.0,56.3,0.225,2.596,0.26,1.775,0.178,0.4,1.231,2.124,0.607,5.407,2.516,2.077,10.0,Sample
464,0 days 02:10:22,37.0,F15,39062,F,15,GFP-Gext,Plate 1,2026-03-19 14:12:56,Cytation5,29,5.0,1.8,1.8,4.0,0.0,57.5,2.6,1.8,0.399,2.135,50.0,0.0,0.0,1.0,1.0,1.0,0.02,2.0,2000.0,3.7,0.015,0.0,0.0,56.3,0.225,2.596,0.26,1.775,0.178,0.4,1.231,2.124,0.607,5.407,2.516,2.077,10.0,Sample
465,0 days 02:15:22,37.0,F15,39150,F,15,GFP-Gext,Plate 1,2026-03-19 14:17:56,Cytation5,29,5.0,1.8,1.8,4.0,0.0,57.5,2.6,1.8,0.399,2.135,50.0,0.0,0.0,1.0,1.0,1.0,0.02,2.0,2000.0,3.7,0.015,0.0,0.0,56.3,0.225,2.596,0.26,1.775,0.178,0.4,1.231,2.124,0.607,5.407,2.516,2.077,10.0,Sample
466,0 days 02:20:22,37.0,F15,39366,F,15,GFP-Gext,Plate 1,2026-03-19 14:22:56,Cytation5,29,5.0,1.8,1.8,4.0,0.0,57.5,2.6,1.8,0.399,2.135,50.0,0.0,0.0,1.0,1.0,1.0,0.02,2.0,2000.0,3.7,0.015,0.0,0.0,56.3,0.225,2.596,0.26,1.775,0.178,0.4,1.231,2.124,0.607,5.407,2.516,2.077,10.0,Sample
467,0 days 02:25:22,37.0,F15,39822,F,15,GFP-Gext,Plate 1,2026-03-19 14:27:56,Cytation5,29,5.0,1.8,1.8,4.0,0.0,57.5,2.6,1.8,0.399,2.135,50.0,0.0,0.0,1.0,1.0,1.0,0.02,2.0,2000.0,3.7,0.015,0.0,0.0,56.3,0.225,2.596,0.26,1.775,0.178,0.4,1.231,2.124,0.607,5.407,2.516,2.077,10.0,Sample
468,0 days 02:30:22,37.1,F15,39731,F,15,GFP-Gext,Plate 1,2026-03-19 14:32:56,Cytation5,29,5.0,1.8,1.8,4.0,0.0,57.5,2.6,1.8,0.399,2.135,50.0,0.0,0.0,1.0,1.0,1.0,0.02,2.0,2000.0,3.7,0.015,0.0,0.0,56.3,0.225,2.596,0.26,1.775,0.178,0.4,1.231,2.124,0.607,5.407,2.516,2.077,10.0,Sample
469,0 days 02:35:22,37.0,F15,40561,F,15,GFP-Gext,Plate 1,2026-03-19 14:37:56,Cytation5,29,5.0,1.8,1.8,4.0,0.0,57.5,2.6,1.8,0.399,2.135,50.0,0.0,0.0,1.0,1.0,1.0,0.02,2.0,2000.0,3.7,0.015,0.0,0.0,56.3,0.225,2.596,0.26,1.775,0.178,0.4,1.231,2.124,0.607,5.407,2.516,2.077,10.0,Sample
470,0 days 02:40:22,37.0,F15,40777,F,15,GFP-Gext,Plate 1,2026-03-19 14:42:56,Cytation5,29,5.0,1.8,1.8,4.0,0.0,57.5,2.6,1.8,0.399,2.135,50.0,0.0,0.0,1.0,1.0,1.0,0.02,2.0,2000.0,3.7,0.015,0.0,0.0,56.3,0.225,2.596,0.26,1.775,0.178,0.4,1.231,2.124,0.607,5.407,2.516,2.077,10.0,Sample
471,0 days 02:45:22,37.1,F15,40649,F,15,GFP-Gext,Plate 1,2026-03-19 14:47:56,Cytation5,29,5.0,1.8,1.8,4.0,0.0,57.5,2.6,1.8,0.399,2.135,50.0,0.0,0.0,1.0,1.0,1.0,0.02,2.0,2000.0,3.7,0.015,0.0,0.0,56.3,0.225,2.596,0.26,1.775,0.178,0.4,1.231,2.124,0.607,5.407,2.516,2.077,10.0,Sample
472,0 days 02:50:22,37.0,F15,40911,F,15,GFP-Gext,Plate 1,2026-03-19 14:52:56,Cytation5,29,5.0,1.8,1.8,4.0,0.0,57.5,2.6,1.8,0.399,2.135,50.0,0.0,0.0,1.0,1.0,1.0,0.02,2.0,2000.0,3.7,0.015,0.0,0.0,56.3,0.225,2.596,0.26,1.775,0.178,0.4,1.231,2.124,0.607,5.407,2.516,2.077,10.0,Sample
473,0 days 02:55:22,37.0,F15,41080,F,15,GFP-Gext,Plate 1,2026-03-19 14:57:56,Cytation5,29,5.0,1.8,1.8,4.0,0.0,57.5,2.6,1.8,0.399,2.135,50.0,0.0,0.0,1.0,1.0,1.0,0.02,2.0,2000.0,3.7,0.015,0.0,0.0,56.3,0.225,2.596,0.26,1.775,0.178,0.4,1.231,2.124,0.607,5.407,2.516,2.077,10.0,Sample
474,0 days 03:00:22,37.0,F15,41123,F,15,GFP-Gext,Plate 1,2026-03-19 15:02:56,Cytation5,29,5.0,1.8,1.8,4.0,0.0,57.5,2.6,1.8,0.399,2.135,50.0,0.0,0.0,1.0,1.0,1.0,0.02,2.0,2000.0,3.7,0.015,0.0,0.0,56.3,0.225,2.596,0.26,1.775,0.178,0.4,1.231,2.124,0.607,5.407,2.516,2.077,10.0,Sample
475,0 days 03:05:22,37.0,F15,41432,F,15,GFP-Gext,Plate 1,2026-03-19 15:07:56,Cytation5,29,5.0,1.8,1.8,4.0,0.0,57.5,2.6,1.8,0.399,2.135,50.0,0.0,0.0,1.0,1.0,1.0,0.02,2.0,2000.0,3.7,0.015,0.0,0.0,56.3,0.225,2.596,0.26,1.775,0.178,0.4,1.231,2.124,0.607,5.407,2.516,2.077,10.0,Sample
476,0 days 03:10:22,37.0,F15,41523,F,15,GFP-Gext,Plate 1,2026-03-19 15:12:56,Cytation5,29,5.0,1.8,1.8,4.0,0.0,57.5,2.6,1.8,0.399,2.135,50.0,0.0,0.0,1.0,1.0,1.0,0.02,2.0,2000.0,3.7,0.015,0.0,0.0,56.3,0.225,2.596,0.26,1.775,0.178,0.4,1.231,2.124,0.607,5.407,2.516,2.077,10.0,Sample
477,0 days 03:15:22,37.0,F15,41221,F,15,GFP-Gext,Plate 1,2026-03-19 15:17:56,Cytation5,29,5.0,1.8,1.8,4.0,0.0,57.5,2.6,1.8,0.399,2.135,50.0,0.0,0.0,1.0,1.0,1.0,0.02,2.0,2000.0,3.7,0.015,0.0,0.0,56.3,0.225,2.596,0.26,1.775,0.178,0.4,1.231,2.124,0.607,5.407,2.516,2.077,10.0,Sample
478,0 days 03:20:22,37.0,F15,41815,F,15,GFP-Gext,Plate 1,2026-03-19 15:22:56,Cytation5,29,5.0,1.8,1.8,4.0,0.0,57.5,2.6,1.8,0.399,2.135,50.0,0.0,0.0,1.0,1.0,1.0,0.02,2.0,2000.0,3.7,0.015,0.0,0.0,56.3,0.225,2.596,0.26,1.775,0.178,0.4,1.231,2.124,0.607,5.407,2.516,2.077,10.0,Sample
479,0 days 03:25:22,37.1,F15,41309,F,15,GFP-Gext,Plate 1,2026-03-19 15:27:56,Cytation5,29,5.0,1.8,1.8,4.0,0.0,57.5,2.6,1.8,0.399,2.135,50.0,0.0,0.0,1.0,1.0,1.0,0.02,2.0,2000.0,3.7,0.015,0.0,0.0,56.3,0.225,2.596,0.26,1.775,0.178,0.4,1.231,2.124,0.607,5.407,2.516,2.077,10.0,Sample
480,0 days 03:30:22,36.9,F15,41412,F,15,GFP-Gext,Plate 1,2026-03-19 15:32:56,Cytation5,29,5.0,1.8,1.8,4.0,0.0,57.5,2.6,1.8,0.399,2.135,50.0,0.0,0.0,1.0,1.0,1.0,0.02,2.0,2000.0,3.7,0.015,0.0,0.0,56.3,0.225,2.596,0.26,1.775,0.178,0.4,1.231,2.124,0.607,5.407,2.516,2.077,10.0,Sample
481,0 days 03:35:22,37.1,F15,41518,F,15,GFP-Gext,Plate 1,2026-03-19 15:37:56,Cytation5,29,5.0,1.8,1.8,4.0,0.0,57.5,2.6,1.8,0.399,2.135,50.0,0.0,0.0,1.0,1.0,1.0,0.02,2.0,2000.0,3.7,0.015,0.0,0.0,56.3,0.225,2.596,0.26,1.775,0.178,0.4,1.231,2.124,0.607,5.407,2.516,2.077,10.0,Sample
482,0 days 03:40:22,37.0,F15,41659,F,15,GFP-Gext,Plate 1,2026-03-19 15:42:56,Cytation5,29,5.0,1.8,1.8,4.0,0.0,57.5,2.6,1.8,0.399,2.135,50.0,0.0,0.0,1.0,1.0,1.0,0.02,2.0,2000.0,3.7,0.015,0.0,0.0,56.3,0.225,2.596,0.26,1.775,0.178,0.4,1.231,2.124,0.607,5.407,2.516,2.077,10.0,Sample
483,0 days 03:45:22,37.0,F15,41988,F,15,GFP-Gext,Plate 1,2026-03-19 15:47:56,Cytation5,29,5.0,1.8,1.8,4.0,0.0,57.5,2.6,1.8,0.399,2.135,50.0,0.0,0.0,1.0,1.0,1.0,0.02,2.0,2000.0,3.7,0.015,0.0,0.0,56.3,0.225,2.596,0.26,1.775,0.178,0.4,1.231,2.124,0.607,5.407,2.516,2.077,10.0,Sample
484,0 days 03:50:22,37.0,F15,41964,F,15,GFP-Gext,Plate 1,2026-03-19 15:52:56,Cytation5,29,5.0,1.8,1.8,4.0,0.0,57.5,2.6,1.8,0.399,2.135,50.0,0.0,0.0,1.0,1.0,1.0,0.02,2.0,2000.0,3.7,0.015,0.0,0.0,56.3,0.225,2.596,0.26,1.775,0.178,0.4,1.231,2.124,0.607,5.407,2.516,2.077,10.0,Sample
485,0 days 03:55:22,37.1,F15,42241,F,15,GFP-Gext,Plate 1,2026-03-19 15:57:56,Cytation5,29,5.0,1.8,1.8,4.0,0.0,57.5,2.6,1.8,0.399,2.135,50.0,0.0,0.0,1.0,1.0,1.0,0.02,2.0,2000.0,3.7,0.015,0.0,0.0,56.3,0.225,2.596,0.26,1.775,0.178,0.4,1.231,2.124,0.607,5.407,2.516,2.077,10.0,Sample
486,0 days 04:00:22,37.0,F15,41995,F,15,GFP-Gext,Plate 1,2026-03-19 16:02:56,Cytation5,29,5.0,1.8,1.8,4.0,0.0,57.5,2.6,1.8,0.399,2.135,50.0,0.0,0.0,1.0,1.0,1.0,0.02,2.0,2000.0,3.7,0.015,0.0,0.0,56.3,0.225,2.596,0.26,1.775,0.178,0.4,1.231,2.124,0.607,5.407,2.516,2.077,10.0,Sample
487,0 days 04:05:22,37.1,F15,41840,F,15,GFP-Gext,Plate 1,2026-03-19 16:07:56,Cytation5,29,5.0,1.8,1.8,4.0,0.0,57.5,2.6,1.8,0.399,2.135,50.0,0.0,0.0,1.0,1.0,1.0,0.02,2.0,2000.0,3.7,0.015,0.0,0.0,56.3,0.225,2.596,0.26,1.775,0.178,0.4,1.231,2.124,0.607,5.407,2.516,2.077,10.0,Sample
488,0 days 04:10:22,37.0,F15,41991,F,15,GFP-Gext,Plate 1,2026-03-19 16:12:56,Cytation5,29,5.0,1.8,1.8,4.0,0.0,57.5,2.6,1.8,0.399,2.135,50.0,0.0,0.0,1.0,1.0,1.0,0.02,2.0,2000.0,3.7,0.015,0.0,0.0,56.3,0.225,2.596,0.26,1.775,0.178,0.4,1.231,2.124,0.607,5.407,2.516,2.077,10.0,Sample
489,0 days 04:15:22,37.0,F15,41806,F,15,GFP-Gext,Plate 1,2026-03-19 16:17:56,Cytation5,29,5.0,1.8,1.8,4.0,0.0,57.5,2.6,1.8,0.399,2.135,50.0,0.0,0.0,1.0,1.0,1.0,0.02,2.0,2000.0,3.7,0.015,0.0,0.0,56.3,0.225,2.596,0.26,1.775,0.178,0.4,1.231,2.124,0.607,5.407,2.516,2.077,10.0,Sample
490,0 days 04:20:22,37.0,F15,42036,F,15,GFP-Gext,Plate 1,2026-03-19 16:22:56,Cytation5,29,5.0,1.8,1.8,4.0,0.0,57.5,2.6,1.8,0.399,2.135,50.0,0.0,0.0,1.0,1.0,1.0,0.02,2.0,2000.0,3.7,0.015,0.0,0.0,56.3,0.225,2.596,0.26,1.775,0.178,0.4,1.231,2.124,0.607,5.407,2.516,2.077,10.0,Sample
491,0 days 04:25:22,37.1,F15,41941,F,15,GFP-Gext,Plate 1,2026-03-19 16:27:56,Cytation5,29,5.0,1.8,1.8,4.0,0.0,57.5,2.6,1.8,0.399,2.135,50.0,0.0,0.0,1.0,1.0,1.0,0.02,2.0,2000.0,3.7,0.015,0.0,0.0,56.3,0.225,2.596,0.26,1.775,0.178,0.4,1.231,2.124,0.607,5.407,2.516,2.077,10.0,Sample
492,0 days 04:30:22,37.0,F15,41775,F,15,GFP-Gext,Plate 1,2026-03-19 16:32:56,Cytation5,29,5.0,1.8,1.8,4.0,0.0,57.5,2.6,1.8,0.399,2.135,50.0,0.0,0.0,1.0,1.0,1.0,0.02,2.0,2000.0,3.7,0.015,0.0,0.0,56.3,0.225,2.596,0.26,1.775,0.178,0.4,1.231,2.124,0.607,5.407,2.516,2.077,10.0,Sample
493,0 days 04:35:22,37.0,F15,42047,F,15,GFP-Gext,Plate 1,2026-03-19 16:37:56,Cytation5,29,5.0,1.8,1.8,4.0,0.0,57.5,2.6,1.8,0.399,2.135,50.0,0.0,0.0,1.0,1.0,1.0,0.02,2.0,2000.0,3.7,0.015,0.0,0.0,56.3,0.225,2.596,0.26,1.775,0.178,0.4,1.231,2.124,0.607,5.407,2.516,2.077,10.0,Sample
494,0 days 04:40:22,37.0,F15,41865,F,15,GFP-Gext,Plate 1,2026-03-19 16:42:56,Cytation5,29,5.0,1.8,1.8,4.0,0.0,57.5,2.6,1.8,0.399,2.135,50.0,0.0,0.0,1.0,1.0,1.0,0.02,2.0,2000.0,3.7,0.015,0.0,0.0,56.3,0.225,2.596,0.26,1.775,0.178,0.4,1.231,2.124,0.607,5.407,2.516,2.077,10.0,Sample
495,0 days 04:45:22,37.0,F15,41690,F,15,GFP-Gext,Plate 1,2026-03-19 16:47:56,Cytation5,29,5.0,1.8,1.8,4.0,0.0,57.5,2.6,1.8,0.399,2.135,50.0,0.0,0.0,1.0,1.0,1.0,0.02,2.0,2000.0,3.7,0.015,0.0,0.0,56.3,0.225,2.596,0.26,1.775,0.178,0.4,1.231,2.124,0.607,5.407,2.516,2.077,10.0,Sample
496,0 days 04:50:22,37.0,F15,41935,F,15,GFP-Gext,Plate 1,2026-03-19 16:52:56,Cytation5,29,5.0,1.8,1.8,4.0,0.0,57.5,2.6,1.8,0.399,2.135,50.0,0.0,0.0,1.0,1.0,1.0,0.02,2.0,2000.0,3.7,0.015,0.0,0.0,56.3,0.225,2.596,0.26,1.775,0.178,0.4,1.231,2.124,0.607,5.407,2.516,2.077,10.0,Sample
497,0 days 04:55:22,37.1,F15,41815,F,15,GFP-Gext,Plate 1,2026-03-19 16:57:56,Cytation5,29,5.0,1.8,1.8,4.0,0.0,57.5,2.6,1.8,0.399,2.135,50.0,0.0,0.0,1.0,1.0,1.0,0.02,2.0,2000.0,3.7,0.015,0.0,0.0,56.3,0.225,2.596,0.26,1.775,0.178,0.4,1.231,2.124,0.607,5.407,2.516,2.077,10.0,Sample
498,0 days 05:00:22,37.1,F15,42034,F,15,GFP-Gext,Plate 1,2026-03-19 17:02:56,Cytation5,29,5.0,1.8,1.8,4.0,0.0,57.5,2.6,1.8,0.399,2.135,50.0,0.0,0.0,1.0,1.0,1.0,0.02,2.0,2000.0,3.7,0.015,0.0,0.0,56.3,0.225,2.596,0.26,1.775,0.178,0.4,1.231,2.124,0.607,5.407,2.516,2.077,10.0,Sample
499,0 days 05:05:22,37.0,F15,41654,F,15,GFP-Gext,Plate 1,2026-03-19 17:07:56,Cytation5,29,5.0,1.8,1.8,4.0,0.0,57.5,2.6,1.8,0.399,2.135,50.0,0.0,0.0,1.0,1.0,1.0,0.02,2.0,2000.0,3.7,0.015,0.0,0.0,56.3,0.225,2.596,0.26,1.775,0.178,0.4,1.231,2.124,0.607,5.407,2.516,2.077,10.0,Sample
500,0 days 05:10:22,37.0,F15,41668,F,15,GFP-Gext,Plate 1,2026-03-19 17:12:56,Cytation5,29,5.0,1.8,1.8,4.0,0.0,57.5,2.6,1.8,0.399,2.135,50.0,0.0,0.0,1.0,1.0,1.0,0.02,2.0,2000.0,3.7,0.015,0.0,0.0,56.3,0.225,2.596,0.26,1.775,0.178,0.4,1.231,2.124,0.607,5.407,2.516,2.077,10.0,Sample
501,0 days 05:15:22,37.1,F15,41430,F,15,GFP-Gext,Plate 1,2026-03-19 17:17:56,Cytation5,29,5.0,1.8,1.8,4.0,0.0,57.5,2.6,1.8,0.399,2.135,50.0,0.0,0.0,1.0,1.0,1.0,0.02,2.0,2000.0,3.7,0.015,0.0,0.0,56.3,0.225,2.596,0.26,1.775,0.178,0.4,1.231,2.124,0.607,5.407,2.516,2.077,10.0,Sample
502,0 days 05:20:22,37.0,F15,42078,F,15,GFP-Gext,Plate 1,2026-03-19 17:22:56,Cytation5,29,5.0,1.8,1.8,4.0,0.0,57.5,2.6,1.8,0.399,2.135,50.0,0.0,0.0,1.0,1.0,1.0,0.02,2.0,2000.0,3.7,0.015,0.0,0.0,56.3,0.225,2.596,0.26,1.775,0.178,0.4,1.231,2.124,0.607,5.407,2.516,2.077,10.0,Sample
503,0 days 05:25:22,37.0,F15,41946,F,15,GFP-Gext,Plate 1,2026-03-19 17:27:56,Cytation5,29,5.0,1.8,1.8,4.0,0.0,57.5,2.6,1.8,0.399,2.135,50.0,0.0,0.0,1.0,1.0,1.0,0.02,2.0,2000.0,3.7,0.015,0.0,0.0,56.3,0.225,2.596,0.26,1.775,0.178,0.4,1.231,2.124,0.607,5.407,2.516,2.077,10.0,Sample
504,0 days 05:30:22,37.0,F15,41677,F,15,GFP-Gext,Plate 1,2026-03-19 17:32:56,Cytation5,29,5.0,1.8,1.8,4.0,0.0,57.5,2.6,1.8,0.399,2.135,50.0,0.0,0.0,1.0,1.0,1.0,0.02,2.0,2000.0,3.7,0.015,0.0,0.0,56.3,0.225,2.596,0.26,1.775,0.178,0.4,1.231,2.124,0.607,5.407,2.516,2.077,10.0,Sample
505,0 days 05:35:22,37.0,F15,42223,F,15,GFP-Gext,Plate 1,2026-03-19 17:37:56,Cytation5,29,5.0,1.8,1.8,4.0,0.0,57.5,2.6,1.8,0.399,2.135,50.0,0.0,0.0,1.0,1.0,1.0,0.02,2.0,2000.0,3.7,0.015,0.0,0.0,56.3,0.225,2.596,0.26,1.775,0.178,0.4,1.231,2.124,0.607,5.407,2.516,2.077,10.0,Sample
506,0 days 05:40:22,37.0,F15,41594,F,15,GFP-Gext,Plate 1,2026-03-19 17:42:56,Cytation5,29,5.0,1.8,1.8,4.0,0.0,57.5,2.6,1.8,0.399,2.135,50.0,0.0,0.0,1.0,1.0,1.0,0.02,2.0,2000.0,3.7,0.015,0.0,0.0,56.3,0.225,2.596,0.26,1.775,0.178,0.4,1.231,2.124,0.607,5.407,2.516,2.077,10.0,Sample
507,0 days 05:45:22,37.0,F15,41676,F,15,GFP-Gext,Plate 1,2026-03-19 17:47:56,Cytation5,29,5.0,1.8,1.8,4.0,0.0,57.5,2.6,1.8,0.399,2.135,50.0,0.0,0.0,1.0,1.0,1.0,0.02,2.0,2000.0,3.7,0.015,0.0,0.0,56.3,0.225,2.596,0.26,1.775,0.178,0.4,1.231,2.124,0.607,5.407,2.516,2.077,10.0,Sample
508,0 days 05:50:22,37.0,F15,41854,F,15,GFP-Gext,Plate 1,2026-03-19 17:52:56,Cytation5,29,5.0,1.8,1.8,4.0,0.0,57.5,2.6,1.8,0.399,2.135,50.0,0.0,0.0,1.0,1.0,1.0,0.02,2.0,2000.0,3.7,0.015,0.0,0.0,56.3,0.225,2.596,0.26,1.775,0.178,0.4,1.231,2.124,0.607,5.407,2.516,2.077,10.0,Sample
509,0 days 05:55:22,37.0,F15,42150,F,15,GFP-Gext,Plate 1,2026-03-19 17:57:56,Cytation5,29,5.0,1.8,1.8,4.0,0.0,57.5,2.6,1.8,0.399,2.135,50.0,0.0,0.0,1.0,1.0,1.0,0.02,2.0,2000.0,3.7,0.015,0.0,0.0,56.3,0.225,2.596,0.26,1.775,0.178,0.4,1.231,2.124,0.607,5.407,2.516,2.077,10.0,Sample
510,0 days 06:00:22,37.0,F15,41748,F,15,GFP-Gext,Plate 1,2026-03-19 18:02:56,Cytation5,29,5.0,1.8,1.8,4.0,0.0,57.5,2.6,1.8,0.399,2.135,50.0,0.0,0.0,1.0,1.0,1.0,0.02,2.0,2000.0,3.7,0.015,0.0,0.0,56.3,0.225,2.596,0.26,1.775,0.178,0.4,1.231,2.124,0.607,5.407,2.516,2.077,10.0,Sample
511,0 days 00:00:22,27.7,G9,452,G,9,GFP-Gext,Plate 1,2026-03-19 12:02:56,Cytation5,2,5.0,1.8,1.8,1.0,60.0,40.0,3.0,1.4,0.2905,2.345,50.0,0.0,0.0,1.0,1.0,1.0,0.02,2.0,2000.0,1.0,0.004,60.0,0.6,40.0,0.16,3.042,0.304,1.403,0.14,0.289,0.889,2.338,0.668,5.407,2.765,1.828,10.0,Sample
512,0 days 00:05:22,33.8,G9,431,G,9,GFP-Gext,Plate 1,2026-03-19 12:07:56,Cytation5,2,5.0,1.8,1.8,1.0,60.0,40.0,3.0,1.4,0.2905,2.345,50.0,0.0,0.0,1.0,1.0,1.0,0.02,2.0,2000.0,1.0,0.004,60.0,0.6,40.0,0.16,3.042,0.304,1.403,0.14,0.289,0.889,2.338,0.668,5.407,2.765,1.828,10.0,Sample
513,0 days 00:10:22,37.0,G9,419,G,9,GFP-Gext,Plate 1,2026-03-19 12:12:56,Cytation5,2,5.0,1.8,1.8,1.0,60.0,40.0,3.0,1.4,0.2905,2.345,50.0,0.0,0.0,1.0,1.0,1.0,0.02,2.0,2000.0,1.0,0.004,60.0,0.6,40.0,0.16,3.042,0.304,1.403,0.14,0.289,0.889,2.338,0.668,5.407,2.765,1.828,10.0,Sample
514,0 days 00:15:22,37.0,G9,427,G,9,GFP-Gext,Plate 1,2026-03-19 12:17:56,Cytation5,2,5.0,1.8,1.8,1.0,60.0,40.0,3.0,1.4,0.2905,2.345,50.0,0.0,0.0,1.0,1.0,1.0,0.02,2.0,2000.0,1.0,0.004,60.0,0.6,40.0,0.16,3.042,0.304,1.403,0.14,0.289,0.889,2.338,0.668,5.407,2.765,1.828,10.0,Sample
515,0 days 00:20:22,37.0,G9,426,G,9,GFP-Gext,Plate 1,2026-03-19 12:22:56,Cytation5,2,5.0,1.8,1.8,1.0,60.0,40.0,3.0,1.4,0.2905,2.345,50.0,0.0,0.0,1.0,1.0,1.0,0.02,2.0,2000.0,1.0,0.004,60.0,0.6,40.0,0.16,3.042,0.304,1.403,0.14,0.289,0.889,2.338,0.668,5.407,2.765,1.828,10.0,Sample
516,0 days 00:25:22,37.1,G9,400,G,9,GFP-Gext,Plate 1,2026-03-19 12:27:56,Cytation5,2,5.0,1.8,1.8,1.0,60.0,40.0,3.0,1.4,0.2905,2.345,50.0,0.0,0.0,1.0,1.0,1.0,0.02,2.0,2000.0,1.0,0.004,60.0,0.6,40.0,0.16,3.042,0.304,1.403,0.14,0.289,0.889,2.338,0.668,5.407,2.765,1.828,10.0,Sample
517,0 days 00:30:22,37.0,G9,415,G,9,GFP-Gext,Plate 1,2026-03-19 12:32:56,Cytation5,2,5.0,1.8,1.8,1.0,60.0,40.0,3.0,1.4,0.2905,2.345,50.0,0.0,0.0,1.0,1.0,1.0,0.02,2.0,2000.0,1.0,0.004,60.0,0.6,40.0,0.16,3.042,0.304,1.403,0.14,0.289,0.889,2.338,0.668,5.407,2.765,1.828,10.0,Sample
518,0 days 00:35:22,37.0,G9,430,G,9,GFP-Gext,Plate 1,2026-03-19 12:37:56,Cytation5,2,5.0,1.8,1.8,1.0,60.0,40.0,3.0,1.4,0.2905,2.345,50.0,0.0,0.0,1.0,1.0,1.0,0.02,2.0,2000.0,1.0,0.004,60.0,0.6,40.0,0.16,3.042,0.304,1.403,0.14,0.289,0.889,2.338,0.668,5.407,2.765,1.828,10.0,Sample
519,0 days 00:40:22,37.0,G9,437,G,9,GFP-Gext,Plate 1,2026-03-19 12:42:56,Cytation5,2,5.0,1.8,1.8,1.0,60.0,40.0,3.0,1.4,0.2905,2.345,50.0,0.0,0.0,1.0,1.0,1.0,0.02,2.0,2000.0,1.0,0.004,60.0,0.6,40.0,0.16,3.042,0.304,1.403,0.14,0.289,0.889,2.338,0.668,5.407,2.765,1.828,10.0,Sample
520,0 days 00:45:22,36.9,G9,447,G,9,GFP-Gext,Plate 1,2026-03-19 12:47:56,Cytation5,2,5.0,1.8,1.8,1.0,60.0,40.0,3.0,1.4,0.2905,2.345,50.0,0.0,0.0,1.0,1.0,1.0,0.02,2.0,2000.0,1.0,0.004,60.0,0.6,40.0,0.16,3.042,0.304,1.403,0.14,0.289,0.889,2.338,0.668,5.407,2.765,1.828,10.0,Sample
521,0 days 00:50:22,37.0,G9,449,G,9,GFP-Gext,Plate 1,2026-03-19 12:52:56,Cytation5,2,5.0,1.8,1.8,1.0,60.0,40.0,3.0,1.4,0.2905,2.345,50.0,0.0,0.0,1.0,1.0,1.0,0.02,2.0,2000.0,1.0,0.004,60.0,0.6,40.0,0.16,3.042,0.304,1.403,0.14,0.289,0.889,2.338,0.668,5.407,2.765,1.828,10.0,Sample
522,0 days 00:55:22,37.0,G9,467,G,9,GFP-Gext,Plate 1,2026-03-19 12:57:56,Cytation5,2,5.0,1.8,1.8,1.0,60.0,40.0,3.0,1.4,0.2905,2.345,50.0,0.0,0.0,1.0,1.0,1.0,0.02,2.0,2000.0,1.0,0.004,60.0,0.6,40.0,0.16,3.042,0.304,1.403,0.14,0.289,0.889,2.338,0.668,5.407,2.765,1.828,10.0,Sample
523,0 days 01:00:22,37.0,G9,456,G,9,GFP-Gext,Plate 1,2026-03-19 13:02:56,Cytation5,2,5.0,1.8,1.8,1.0,60.0,40.0,3.0,1.4,0.2905,2.345,50.0,0.0,0.0,1.0,1.0,1.0,0.02,2.0,2000.0,1.0,0.004,60.0,0.6,40.0,0.16,3.042,0.304,1.403,0.14,0.289,0.889,2.338,0.668,5.407,2.765,1.828,10.0,Sample
524,0 days 01:05:22,37.0,G9,478,G,9,GFP-Gext,Plate 1,2026-03-19 13:07:56,Cytation5,2,5.0,1.8,1.8,1.0,60.0,40.0,3.0,1.4,0.2905,2.345,50.0,0.0,0.0,1.0,1.0,1.0,0.02,2.0,2000.0,1.0,0.004,60.0,0.6,40.0,0.16,3.042,0.304,1.403,0.14,0.289,0.889,2.338,0.668,5.407,2.765,1.828,10.0,Sample
525,0 days 01:10:22,37.0,G9,497,G,9,GFP-Gext,Plate 1,2026-03-19 13:12:56,Cytation5,2,5.0,1.8,1.8,1.0,60.0,40.0,3.0,1.4,0.2905,2.345,50.0,0.0,0.0,1.0,1.0,1.0,0.02,2.0,2000.0,1.0,0.004,60.0,0.6,40.0,0.16,3.042,0.304,1.403,0.14,0.289,0.889,2.338,0.668,5.407,2.765,1.828,10.0,Sample
526,0 days 01:15:22,37.0,G9,518,G,9,GFP-Gext,Plate 1,2026-03-19 13:17:56,Cytation5,2,5.0,1.8,1.8,1.0,60.0,40.0,3.0,1.4,0.2905,2.345,50.0,0.0,0.0,1.0,1.0,1.0,0.02,2.0,2000.0,1.0,0.004,60.0,0.6,40.0,0.16,3.042,0.304,1.403,0.14,0.289,0.889,2.338,0.668,5.407,2.765,1.828,10.0,Sample
527,0 days 01:20:22,37.0,G9,492,G,9,GFP-Gext,Plate 1,2026-03-19 13:22:56,Cytation5,2,5.0,1.8,1.8,1.0,60.0,40.0,3.0,1.4,0.2905,2.345,50.0,0.0,0.0,1.0,1.0,1.0,0.02,2.0,2000.0,1.0,0.004,60.0,0.6,40.0,0.16,3.042,0.304,1.403,0.14,0.289,0.889,2.338,0.668,5.407,2.765,1.828,10.0,Sample
528,0 days 01:25:22,37.1,G9,552,G,9,GFP-Gext,Plate 1,2026-03-19 13:27:56,Cytation5,2,5.0,1.8,1.8,1.0,60.0,40.0,3.0,1.4,0.2905,2.345,50.0,0.0,0.0,1.0,1.0,1.0,0.02,2.0,2000.0,1.0,0.004,60.0,0.6,40.0,0.16,3.042,0.304,1.403,0.14,0.289,0.889,2.338,0.668,5.407,2.765,1.828,10.0,Sample
529,0 days 01:30:22,37.1,G9,517,G,9,GFP-Gext,Plate 1,2026-03-19 13:32:56,Cytation5,2,5.0,1.8,1.8,1.0,60.0,40.0,3.0,1.4,0.2905,2.345,50.0,0.0,0.0,1.0,1.0,1.0,0.02,2.0,2000.0,1.0,0.004,60.0,0.6,40.0,0.16,3.042,0.304,1.403,0.14,0.289,0.889,2.338,0.668,5.407,2.765,1.828,10.0,Sample
530,0 days 01:35:22,37.0,G9,566,G,9,GFP-Gext,Plate 1,2026-03-19 13:37:56,Cytation5,2,5.0,1.8,1.8,1.0,60.0,40.0,3.0,1.4,0.2905,2.345,50.0,0.0,0.0,1.0,1.0,1.0,0.02,2.0,2000.0,1.0,0.004,60.0,0.6,40.0,0.16,3.042,0.304,1.403,0.14,0.289,0.889,2.338,0.668,5.407,2.765,1.828,10.0,Sample
531,0 days 01:40:22,37.0,G9,538,G,9,GFP-Gext,Plate 1,2026-03-19 13:42:56,Cytation5,2,5.0,1.8,1.8,1.0,60.0,40.0,3.0,1.4,0.2905,2.345,50.0,0.0,0.0,1.0,1.0,1.0,0.02,2.0,2000.0,1.0,0.004,60.0,0.6,40.0,0.16,3.042,0.304,1.403,0.14,0.289,0.889,2.338,0.668,5.407,2.765,1.828,10.0,Sample
532,0 days 01:45:22,37.0,G9,553,G,9,GFP-Gext,Plate 1,2026-03-19 13:47:56,Cytation5,2,5.0,1.8,1.8,1.0,60.0,40.0,3.0,1.4,0.2905,2.345,50.0,0.0,0.0,1.0,1.0,1.0,0.02,2.0,2000.0,1.0,0.004,60.0,0.6,40.0,0.16,3.042,0.304,1.403,0.14,0.289,0.889,2.338,0.668,5.407,2.765,1.828,10.0,Sample
533,0 days 01:50:22,36.9,G9,618,G,9,GFP-Gext,Plate 1,2026-03-19 13:52:56,Cytation5,2,5.0,1.8,1.8,1.0,60.0,40.0,3.0,1.4,0.2905,2.345,50.0,0.0,0.0,1.0,1.0,1.0,0.02,2.0,2000.0,1.0,0.004,60.0,0.6,40.0,0.16,3.042,0.304,1.403,0.14,0.289,0.889,2.338,0.668,5.407,2.765,1.828,10.0,Sample
534,0 days 01:55:22,37.0,G9,581,G,9,GFP-Gext,Plate 1,2026-03-19 13:57:56,Cytation5,2,5.0,1.8,1.8,1.0,60.0,40.0,3.0,1.4,0.2905,2.345,50.0,0.0,0.0,1.0,1.0,1.0,0.02,2.0,2000.0,1.0,0.004,60.0,0.6,40.0,0.16,3.042,0.304,1.403,0.14,0.289,0.889,2.338,0.668,5.407,2.765,1.828,10.0,Sample
535,0 days 02:00:22,37.0,G9,636,G,9,GFP-Gext,Plate 1,2026-03-19 14:02:56,Cytation5,2,5.0,1.8,1.8,1.0,60.0,40.0,3.0,1.4,0.2905,2.345,50.0,0.0,0.0,1.0,1.0,1.0,0.02,2.0,2000.0,1.0,0.004,60.0,0.6,40.0,0.16,3.042,0.304,1.403,0.14,0.289,0.889,2.338,0.668,5.407,2.765,1.828,10.0,Sample
536,0 days 02:05:22,37.0,G9,646,G,9,GFP-Gext,Plate 1,2026-03-19 14:07:56,Cytation5,2,5.0,1.8,1.8,1.0,60.0,40.0,3.0,1.4,0.2905,2.345,50.0,0.0,0.0,1.0,1.0,1.0,0.02,2.0,2000.0,1.0,0.004,60.0,0.6,40.0,0.16,3.042,0.304,1.403,0.14,0.289,0.889,2.338,0.668,5.407,2.765,1.828,10.0,Sample
537,0 days 02:10:22,37.0,G9,667,G,9,GFP-Gext,Plate 1,2026-03-19 14:12:56,Cytation5,2,5.0,1.8,1.8,1.0,60.0,40.0,3.0,1.4,0.2905,2.345,50.0,0.0,0.0,1.0,1.0,1.0,0.02,2.0,2000.0,1.0,0.004,60.0,0.6,40.0,0.16,3.042,0.304,1.403,0.14,0.289,0.889,2.338,0.668,5.407,2.765,1.828,10.0,Sample
538,0 days 02:15:22,37.0,G9,667,G,9,GFP-Gext,Plate 1,2026-03-19 14:17:56,Cytation5,2,5.0,1.8,1.8,1.0,60.0,40.0,3.0,1.4,0.2905,2.345,50.0,0.0,0.0,1.0,1.0,1.0,0.02,2.0,2000.0,1.0,0.004,60.0,0.6,40.0,0.16,3.042,0.304,1.403,0.14,0.289,0.889,2.338,0.668,5.407,2.765,1.828,10.0,Sample
539,0 days 02:20:22,37.0,G9,714,G,9,GFP-Gext,Plate 1,2026-03-19 14:22:56,Cytation5,2,5.0,1.8,1.8,1.0,60.0,40.0,3.0,1.4,0.2905,2.345,50.0,0.0,0.0,1.0,1.0,1.0,0.02,2.0,2000.0,1.0,0.004,60.0,0.6,40.0,0.16,3.042,0.304,1.403,0.14,0.289,0.889,2.338,0.668,5.407,2.765,1.828,10.0,Sample
540,0 days 02:25:22,37.0,G9,737,G,9,GFP-Gext,Plate 1,2026-03-19 14:27:56,Cytation5,2,5.0,1.8,1.8,1.0,60.0,40.0,3.0,1.4,0.2905,2.345,50.0,0.0,0.0,1.0,1.0,1.0,0.02,2.0,2000.0,1.0,0.004,60.0,0.6,40.0,0.16,3.042,0.304,1.403,0.14,0.289,0.889,2.338,0.668,5.407,2.765,1.828,10.0,Sample
541,0 days 02:30:22,37.1,G9,777,G,9,GFP-Gext,Plate 1,2026-03-19 14:32:56,Cytation5,2,5.0,1.8,1.8,1.0,60.0,40.0,3.0,1.4,0.2905,2.345,50.0,0.0,0.0,1.0,1.0,1.0,0.02,2.0,2000.0,1.0,0.004,60.0,0.6,40.0,0.16,3.042,0.304,1.403,0.14,0.289,0.889,2.338,0.668,5.407,2.765,1.828,10.0,Sample
542,0 days 02:35:22,37.0,G9,781,G,9,GFP-Gext,Plate 1,2026-03-19 14:37:56,Cytation5,2,5.0,1.8,1.8,1.0,60.0,40.0,3.0,1.4,0.2905,2.345,50.0,0.0,0.0,1.0,1.0,1.0,0.02,2.0,2000.0,1.0,0.004,60.0,0.6,40.0,0.16,3.042,0.304,1.403,0.14,0.289,0.889,2.338,0.668,5.407,2.765,1.828,10.0,Sample
543,0 days 02:40:22,37.0,G9,776,G,9,GFP-Gext,Plate 1,2026-03-19 14:42:56,Cytation5,2,5.0,1.8,1.8,1.0,60.0,40.0,3.0,1.4,0.2905,2.345,50.0,0.0,0.0,1.0,1.0,1.0,0.02,2.0,2000.0,1.0,0.004,60.0,0.6,40.0,0.16,3.042,0.304,1.403,0.14,0.289,0.889,2.338,0.668,5.407,2.765,1.828,10.0,Sample
544,0 days 02:45:22,37.1,G9,808,G,9,GFP-Gext,Plate 1,2026-03-19 14:47:56,Cytation5,2,5.0,1.8,1.8,1.0,60.0,40.0,3.0,1.4,0.2905,2.345,50.0,0.0,0.0,1.0,1.0,1.0,0.02,2.0,2000.0,1.0,0.004,60.0,0.6,40.0,0.16,3.042,0.304,1.403,0.14,0.289,0.889,2.338,0.668,5.407,2.765,1.828,10.0,Sample
545,0 days 02:50:22,37.0,G9,871,G,9,GFP-Gext,Plate 1,2026-03-19 14:52:56,Cytation5,2,5.0,1.8,1.8,1.0,60.0,40.0,3.0,1.4,0.2905,2.345,50.0,0.0,0.0,1.0,1.0,1.0,0.02,2.0,2000.0,1.0,0.004,60.0,0.6,40.0,0.16,3.042,0.304,1.403,0.14,0.289,0.889,2.338,0.668,5.407,2.765,1.828,10.0,Sample
546,0 days 02:55:22,37.0,G9,871,G,9,GFP-Gext,Plate 1,2026-03-19 14:57:56,Cytation5,2,5.0,1.8,1.8,1.0,60.0,40.0,3.0,1.4,0.2905,2.345,50.0,0.0,0.0,1.0,1.0,1.0,0.02,2.0,2000.0,1.0,0.004,60.0,0.6,40.0,0.16,3.042,0.304,1.403,0.14,0.289,0.889,2.338,0.668,5.407,2.765,1.828,10.0,Sample
547,0 days 03:00:22,37.0,G9,857,G,9,GFP-Gext,Plate 1,2026-03-19 15:02:56,Cytation5,2,5.0,1.8,1.8,1.0,60.0,40.0,3.0,1.4,0.2905,2.345,50.0,0.0,0.0,1.0,1.0,1.0,0.02,2.0,2000.0,1.0,0.004,60.0,0.6,40.0,0.16,3.042,0.304,1.403,0.14,0.289,0.889,2.338,0.668,5.407,2.765,1.828,10.0,Sample
548,0 days 03:05:22,37.0,G9,900,G,9,GFP-Gext,Plate 1,2026-03-19 15:07:56,Cytation5,2,5.0,1.8,1.8,1.0,60.0,40.0,3.0,1.4,0.2905,2.345,50.0,0.0,0.0,1.0,1.0,1.0,0.02,2.0,2000.0,1.0,0.004,60.0,0.6,40.0,0.16,3.042,0.304,1.403,0.14,0.289,0.889,2.338,0.668,5.407,2.765,1.828,10.0,Sample
549,0 days 03:10:22,37.0,G9,921,G,9,GFP-Gext,Plate 1,2026-03-19 15:12:56,Cytation5,2,5.0,1.8,1.8,1.0,60.0,40.0,3.0,1.4,0.2905,2.345,50.0,0.0,0.0,1.0,1.0,1.0,0.02,2.0,2000.0,1.0,0.004,60.0,0.6,40.0,0.16,3.042,0.304,1.403,0.14,0.289,0.889,2.338,0.668,5.407,2.765,1.828,10.0,Sample
550,0 days 03:15:22,37.0,G9,916,G,9,GFP-Gext,Plate 1,2026-03-19 15:17:56,Cytation5,2,5.0,1.8,1.8,1.0,60.0,40.0,3.0,1.4,0.2905,2.345,50.0,0.0,0.0,1.0,1.0,1.0,0.02,2.0,2000.0,1.0,0.004,60.0,0.6,40.0,0.16,3.042,0.304,1.403,0.14,0.289,0.889,2.338,0.668,5.407,2.765,1.828,10.0,Sample
551,0 days 03:20:22,37.0,G9,1002,G,9,GFP-Gext,Plate 1,2026-03-19 15:22:56,Cytation5,2,5.0,1.8,1.8,1.0,60.0,40.0,3.0,1.4,0.2905,2.345,50.0,0.0,0.0,1.0,1.0,1.0,0.02,2.0,2000.0,1.0,0.004,60.0,0.6,40.0,0.16,3.042,0.304,1.403,0.14,0.289,0.889,2.338,0.668,5.407,2.765,1.828,10.0,Sample
552,0 days 03:25:22,37.1,G9,1023,G,9,GFP-Gext,Plate 1,2026-03-19 15:27:56,Cytation5,2,5.0,1.8,1.8,1.0,60.0,40.0,3.0,1.4,0.2905,2.345,50.0,0.0,0.0,1.0,1.0,1.0,0.02,2.0,2000.0,1.0,0.004,60.0,0.6,40.0,0.16,3.042,0.304,1.403,0.14,0.289,0.889,2.338,0.668,5.407,2.765,1.828,10.0,Sample
553,0 days 03:30:22,36.9,G9,1032,G,9,GFP-Gext,Plate 1,2026-03-19 15:32:56,Cytation5,2,5.0,1.8,1.8,1.0,60.0,40.0,3.0,1.4,0.2905,2.345,50.0,0.0,0.0,1.0,1.0,1.0,0.02,2.0,2000.0,1.0,0.004,60.0,0.6,40.0,0.16,3.042,0.304,1.403,0.14,0.289,0.889,2.338,0.668,5.407,2.765,1.828,10.0,Sample
554,0 days 03:35:22,37.1,G9,1063,G,9,GFP-Gext,Plate 1,2026-03-19 15:37:56,Cytation5,2,5.0,1.8,1.8,1.0,60.0,40.0,3.0,1.4,0.2905,2.345,50.0,0.0,0.0,1.0,1.0,1.0,0.02,2.0,2000.0,1.0,0.004,60.0,0.6,40.0,0.16,3.042,0.304,1.403,0.14,0.289,0.889,2.338,0.668,5.407,2.765,1.828,10.0,Sample
555,0 days 03:40:22,37.0,G9,1074,G,9,GFP-Gext,Plate 1,2026-03-19 15:42:56,Cytation5,2,5.0,1.8,1.8,1.0,60.0,40.0,3.0,1.4,0.2905,2.345,50.0,0.0,0.0,1.0,1.0,1.0,0.02,2.0,2000.0,1.0,0.004,60.0,0.6,40.0,0.16,3.042,0.304,1.403,0.14,0.289,0.889,2.338,0.668,5.407,2.765,1.828,10.0,Sample
556,0 days 03:45:22,37.0,G9,1097,G,9,GFP-Gext,Plate 1,2026-03-19 15:47:56,Cytation5,2,5.0,1.8,1.8,1.0,60.0,40.0,3.0,1.4,0.2905,2.345,50.0,0.0,0.0,1.0,1.0,1.0,0.02,2.0,2000.0,1.0,0.004,60.0,0.6,40.0,0.16,3.042,0.304,1.403,0.14,0.289,0.889,2.338,0.668,5.407,2.765,1.828,10.0,Sample
557,0 days 03:50:22,37.0,G9,1180,G,9,GFP-Gext,Plate 1,2026-03-19 15:52:56,Cytation5,2,5.0,1.8,1.8,1.0,60.0,40.0,3.0,1.4,0.2905,2.345,50.0,0.0,0.0,1.0,1.0,1.0,0.02,2.0,2000.0,1.0,0.004,60.0,0.6,40.0,0.16,3.042,0.304,1.403,0.14,0.289,0.889,2.338,0.668,5.407,2.765,1.828,10.0,Sample
558,0 days 03:55:22,37.1,G9,1175,G,9,GFP-Gext,Plate 1,2026-03-19 15:57:56,Cytation5,2,5.0,1.8,1.8,1.0,60.0,40.0,3.0,1.4,0.2905,2.345,50.0,0.0,0.0,1.0,1.0,1.0,0.02,2.0,2000.0,1.0,0.004,60.0,0.6,40.0,0.16,3.042,0.304,1.403,0.14,0.289,0.889,2.338,0.668,5.407,2.765,1.828,10.0,Sample
559,0 days 04:00:22,37.0,G9,1228,G,9,GFP-Gext,Plate 1,2026-03-19 16:02:56,Cytation5,2,5.0,1.8,1.8,1.0,60.0,40.0,3.0,1.4,0.2905,2.345,50.0,0.0,0.0,1.0,1.0,1.0,0.02,2.0,2000.0,1.0,0.004,60.0,0.6,40.0,0.16,3.042,0.304,1.403,0.14,0.289,0.889,2.338,0.668,5.407,2.765,1.828,10.0,Sample
560,0 days 04:05:22,37.1,G9,1246,G,9,GFP-Gext,Plate 1,2026-03-19 16:07:56,Cytation5,2,5.0,1.8,1.8,1.0,60.0,40.0,3.0,1.4,0.2905,2.345,50.0,0.0,0.0,1.0,1.0,1.0,0.02,2.0,2000.0,1.0,0.004,60.0,0.6,40.0,0.16,3.042,0.304,1.403,0.14,0.289,0.889,2.338,0.668,5.407,2.765,1.828,10.0,Sample
561,0 days 04:10:22,37.0,G9,1281,G,9,GFP-Gext,Plate 1,2026-03-19 16:12:56,Cytation5,2,5.0,1.8,1.8,1.0,60.0,40.0,3.0,1.4,0.2905,2.345,50.0,0.0,0.0,1.0,1.0,1.0,0.02,2.0,2000.0,1.0,0.004,60.0,0.6,40.0,0.16,3.042,0.304,1.403,0.14,0.289,0.889,2.338,0.668,5.407,2.765,1.828,10.0,Sample
562,0 days 04:15:22,37.0,G9,1271,G,9,GFP-Gext,Plate 1,2026-03-19 16:17:56,Cytation5,2,5.0,1.8,1.8,1.0,60.0,40.0,3.0,1.4,0.2905,2.345,50.0,0.0,0.0,1.0,1.0,1.0,0.02,2.0,2000.0,1.0,0.004,60.0,0.6,40.0,0.16,3.042,0.304,1.403,0.14,0.289,0.889,2.338,0.668,5.407,2.765,1.828,10.0,Sample
563,0 days 04:20:22,37.0,G9,1312,G,9,GFP-Gext,Plate 1,2026-03-19 16:22:56,Cytation5,2,5.0,1.8,1.8,1.0,60.0,40.0,3.0,1.4,0.2905,2.345,50.0,0.0,0.0,1.0,1.0,1.0,0.02,2.0,2000.0,1.0,0.004,60.0,0.6,40.0,0.16,3.042,0.304,1.403,0.14,0.289,0.889,2.338,0.668,5.407,2.765,1.828,10.0,Sample
564,0 days 04:25:22,37.1,G9,1449,G,9,GFP-Gext,Plate 1,2026-03-19 16:27:56,Cytation5,2,5.0,1.8,1.8,1.0,60.0,40.0,3.0,1.4,0.2905,2.345,50.0,0.0,0.0,1.0,1.0,1.0,0.02,2.0,2000.0,1.0,0.004,60.0,0.6,40.0,0.16,3.042,0.304,1.403,0.14,0.289,0.889,2.338,0.668,5.407,2.765,1.828,10.0,Sample
565,0 days 04:30:22,37.0,G9,1399,G,9,GFP-Gext,Plate 1,2026-03-19 16:32:56,Cytation5,2,5.0,1.8,1.8,1.0,60.0,40.0,3.0,1.4,0.2905,2.345,50.0,0.0,0.0,1.0,1.0,1.0,0.02,2.0,2000.0,1.0,0.004,60.0,0.6,40.0,0.16,3.042,0.304,1.403,0.14,0.289,0.889,2.338,0.668,5.407,2.765,1.828,10.0,Sample
566,0 days 04:35:22,37.0,G9,1456,G,9,GFP-Gext,Plate 1,2026-03-19 16:37:56,Cytation5,2,5.0,1.8,1.8,1.0,60.0,40.0,3.0,1.4,0.2905,2.345,50.0,0.0,0.0,1.0,1.0,1.0,0.02,2.0,2000.0,1.0,0.004,60.0,0.6,40.0,0.16,3.042,0.304,1.403,0.14,0.289,0.889,2.338,0.668,5.407,2.765,1.828,10.0,Sample
567,0 days 04:40:22,37.0,G9,1445,G,9,GFP-Gext,Plate 1,2026-03-19 16:42:56,Cytation5,2,5.0,1.8,1.8,1.0,60.0,40.0,3.0,1.4,0.2905,2.345,50.0,0.0,0.0,1.0,1.0,1.0,0.02,2.0,2000.0,1.0,0.004,60.0,0.6,40.0,0.16,3.042,0.304,1.403,0.14,0.289,0.889,2.338,0.668,5.407,2.765,1.828,10.0,Sample
568,0 days 04:45:22,37.0,G9,1519,G,9,GFP-Gext,Plate 1,2026-03-19 16:47:56,Cytation5,2,5.0,1.8,1.8,1.0,60.0,40.0,3.0,1.4,0.2905,2.345,50.0,0.0,0.0,1.0,1.0,1.0,0.02,2.0,2000.0,1.0,0.004,60.0,0.6,40.0,0.16,3.042,0.304,1.403,0.14,0.289,0.889,2.338,0.668,5.407,2.765,1.828,10.0,Sample
569,0 days 04:50:22,37.0,G9,1555,G,9,GFP-Gext,Plate 1,2026-03-19 16:52:56,Cytation5,2,5.0,1.8,1.8,1.0,60.0,40.0,3.0,1.4,0.2905,2.345,50.0,0.0,0.0,1.0,1.0,1.0,0.02,2.0,2000.0,1.0,0.004,60.0,0.6,40.0,0.16,3.042,0.304,1.403,0.14,0.289,0.889,2.338,0.668,5.407,2.765,1.828,10.0,Sample
570,0 days 04:55:22,37.1,G9,1562,G,9,GFP-Gext,Plate 1,2026-03-19 16:57:56,Cytation5,2,5.0,1.8,1.8,1.0,60.0,40.0,3.0,1.4,0.2905,2.345,50.0,0.0,0.0,1.0,1.0,1.0,0.02,2.0,2000.0,1.0,0.004,60.0,0.6,40.0,0.16,3.042,0.304,1.403,0.14,0.289,0.889,2.338,0.668,5.407,2.765,1.828,10.0,Sample
571,0 days 05:00:22,37.1,G9,1582,G,9,GFP-Gext,Plate 1,2026-03-19 17:02:56,Cytation5,2,5.0,1.8,1.8,1.0,60.0,40.0,3.0,1.4,0.2905,2.345,50.0,0.0,0.0,1.0,1.0,1.0,0.02,2.0,2000.0,1.0,0.004,60.0,0.6,40.0,0.16,3.042,0.304,1.403,0.14,0.289,0.889,2.338,0.668,5.407,2.765,1.828,10.0,Sample
572,0 days 05:05:22,37.0,G9,1612,G,9,GFP-Gext,Plate 1,2026-03-19 17:07:56,Cytation5,2,5.0,1.8,1.8,1.0,60.0,40.0,3.0,1.4,0.2905,2.345,50.0,0.0,0.0,1.0,1.0,1.0,0.02,2.0,2000.0,1.0,0.004,60.0,0.6,40.0,0.16,3.042,0.304,1.403,0.14,0.289,0.889,2.338,0.668,5.407,2.765,1.828,10.0,Sample
573,0 days 05:10:22,37.0,G9,1636,G,9,GFP-Gext,Plate 1,2026-03-19 17:12:56,Cytation5,2,5.0,1.8,1.8,1.0,60.0,40.0,3.0,1.4,0.2905,2.345,50.0,0.0,0.0,1.0,1.0,1.0,0.02,2.0,2000.0,1.0,0.004,60.0,0.6,40.0,0.16,3.042,0.304,1.403,0.14,0.289,0.889,2.338,0.668,5.407,2.765,1.828,10.0,Sample
574,0 days 05:15:22,37.1,G9,1741,G,9,GFP-Gext,Plate 1,2026-03-19 17:17:56,Cytation5,2,5.0,1.8,1.8,1.0,60.0,40.0,3.0,1.4,0.2905,2.345,50.0,0.0,0.0,1.0,1.0,1.0,0.02,2.0,2000.0,1.0,0.004,60.0,0.6,40.0,0.16,3.042,0.304,1.403,0.14,0.289,0.889,2.338,0.668,5.407,2.765,1.828,10.0,Sample
575,0 days 05:20:22,37.0,G9,1700,G,9,GFP-Gext,Plate 1,2026-03-19 17:22:56,Cytation5,2,5.0,1.8,1.8,1.0,60.0,40.0,3.0,1.4,0.2905,2.345,50.0,0.0,0.0,1.0,1.0,1.0,0.02,2.0,2000.0,1.0,0.004,60.0,0.6,40.0,0.16,3.042,0.304,1.403,0.14,0.289,0.889,2.338,0.668,5.407,2.765,1.828,10.0,Sample
576,0 days 05:25:22,37.0,G9,1753,G,9,GFP-Gext,Plate 1,2026-03-19 17:27:56,Cytation5,2,5.0,1.8,1.8,1.0,60.0,40.0,3.0,1.4,0.2905,2.345,50.0,0.0,0.0,1.0,1.0,1.0,0.02,2.0,2000.0,1.0,0.004,60.0,0.6,40.0,0.16,3.042,0.304,1.403,0.14,0.289,0.889,2.338,0.668,5.407,2.765,1.828,10.0,Sample
577,0 days 05:30:22,37.0,G9,1772,G,9,GFP-Gext,Plate 1,2026-03-19 17:32:56,Cytation5,2,5.0,1.8,1.8,1.0,60.0,40.0,3.0,1.4,0.2905,2.345,50.0,0.0,0.0,1.0,1.0,1.0,0.02,2.0,2000.0,1.0,0.004,60.0,0.6,40.0,0.16,3.042,0.304,1.403,0.14,0.289,0.889,2.338,0.668,5.407,2.765,1.828,10.0,Sample
578,0 days 05:35:22,37.0,G9,1848,G,9,GFP-Gext,Plate 1,2026-03-19 17:37:56,Cytation5,2,5.0,1.8,1.8,1.0,60.0,40.0,3.0,1.4,0.2905,2.345,50.0,0.0,0.0,1.0,1.0,1.0,0.02,2.0,2000.0,1.0,0.004,60.0,0.6,40.0,0.16,3.042,0.304,1.403,0.14,0.289,0.889,2.338,0.668,5.407,2.765,1.828,10.0,Sample
579,0 days 05:40:22,37.0,G9,1898,G,9,GFP-Gext,Plate 1,2026-03-19 17:42:56,Cytation5,2,5.0,1.8,1.8,1.0,60.0,40.0,3.0,1.4,0.2905,2.345,50.0,0.0,0.0,1.0,1.0,1.0,0.02,2.0,2000.0,1.0,0.004,60.0,0.6,40.0,0.16,3.042,0.304,1.403,0.14,0.289,0.889,2.338,0.668,5.407,2.765,1.828,10.0,Sample
580,0 days 05:45:22,37.0,G9,2004,G,9,GFP-Gext,Plate 1,2026-03-19 17:47:56,Cytation5,2,5.0,1.8,1.8,1.0,60.0,40.0,3.0,1.4,0.2905,2.345,50.0,0.0,0.0,1.0,1.0,1.0,0.02,2.0,2000.0,1.0,0.004,60.0,0.6,40.0,0.16,3.042,0.304,1.403,0.14,0.289,0.889,2.338,0.668,5.407,2.765,1.828,10.0,Sample
581,0 days 05:50:22,37.0,G9,1899,G,9,GFP-Gext,Plate 1,2026-03-19 17:52:56,Cytation5,2,5.0,1.8,1.8,1.0,60.0,40.0,3.0,1.4,0.2905,2.345,50.0,0.0,0.0,1.0,1.0,1.0,0.02,2.0,2000.0,1.0,0.004,60.0,0.6,40.0,0.16,3.042,0.304,1.403,0.14,0.289,0.889,2.338,0.668,5.407,2.765,1.828,10.0,Sample
582,0 days 05:55:22,37.0,G9,1905,G,9,GFP-Gext,Plate 1,2026-03-19 17:57:56,Cytation5,2,5.0,1.8,1.8,1.0,60.0,40.0,3.0,1.4,0.2905,2.345,50.0,0.0,0.0,1.0,1.0,1.0,0.02,2.0,2000.0,1.0,0.004,60.0,0.6,40.0,0.16,3.042,0.304,1.403,0.14,0.289,0.889,2.338,0.668,5.407,2.765,1.828,10.0,Sample
583,0 days 06:00:22,37.0,G9,2098,G,9,GFP-Gext,Plate 1,2026-03-19 18:02:56,Cytation5,2,5.0,1.8,1.8,1.0,60.0,40.0,3.0,1.4,0.2905,2.345,50.0,0.0,0.0,1.0,1.0,1.0,0.02,2.0,2000.0,1.0,0.004,60.0,0.6,40.0,0.16,3.042,0.304,1.403,0.14,0.289,0.889,2.338,0.668,5.407,2.765,1.828,10.0,Sample
584,0 days 00:00:22,27.7,G10,455,G,10,GFP-Gext,Plate 1,2026-03-19 12:02:56,Cytation5,15,5.0,1.8,1.8,22.0,0.0,180.0,2.5,2.6,0.1925,2.87,50.0,0.0,0.0,1.0,1.0,1.0,0.02,2.0,2000.0,21.5,0.086,0.0,0.0,179.5,0.718,2.472,0.247,2.612,0.261,0.191,0.588,2.88,0.823,5.407,2.723,1.87,10.0,Sample
585,0 days 00:05:22,33.8,G10,411,G,10,GFP-Gext,Plate 1,2026-03-19 12:07:56,Cytation5,15,5.0,1.8,1.8,22.0,0.0,180.0,2.5,2.6,0.1925,2.87,50.0,0.0,0.0,1.0,1.0,1.0,0.02,2.0,2000.0,21.5,0.086,0.0,0.0,179.5,0.718,2.472,0.247,2.612,0.261,0.191,0.588,2.88,0.823,5.407,2.723,1.87,10.0,Sample
586,0 days 00:10:22,37.0,G10,411,G,10,GFP-Gext,Plate 1,2026-03-19 12:12:56,Cytation5,15,5.0,1.8,1.8,22.0,0.0,180.0,2.5,2.6,0.1925,2.87,50.0,0.0,0.0,1.0,1.0,1.0,0.02,2.0,2000.0,21.5,0.086,0.0,0.0,179.5,0.718,2.472,0.247,2.612,0.261,0.191,0.588,2.88,0.823,5.407,2.723,1.87,10.0,Sample
587,0 days 00:15:22,37.0,G10,418,G,10,GFP-Gext,Plate 1,2026-03-19 12:17:56,Cytation5,15,5.0,1.8,1.8,22.0,0.0,180.0,2.5,2.6,0.1925,2.87,50.0,0.0,0.0,1.0,1.0,1.0,0.02,2.0,2000.0,21.5,0.086,0.0,0.0,179.5,0.718,2.472,0.247,2.612,0.261,0.191,0.588,2.88,0.823,5.407,2.723,1.87,10.0,Sample
588,0 days 00:20:22,37.0,G10,508,G,10,GFP-Gext,Plate 1,2026-03-19 12:22:56,Cytation5,15,5.0,1.8,1.8,22.0,0.0,180.0,2.5,2.6,0.1925,2.87,50.0,0.0,0.0,1.0,1.0,1.0,0.02,2.0,2000.0,21.5,0.086,0.0,0.0,179.5,0.718,2.472,0.247,2.612,0.261,0.191,0.588,2.88,0.823,5.407,2.723,1.87,10.0,Sample
589,0 days 00:25:22,37.1,G10,750,G,10,GFP-Gext,Plate 1,2026-03-19 12:27:56,Cytation5,15,5.0,1.8,1.8,22.0,0.0,180.0,2.5,2.6,0.1925,2.87,50.0,0.0,0.0,1.0,1.0,1.0,0.02,2.0,2000.0,21.5,0.086,0.0,0.0,179.5,0.718,2.472,0.247,2.612,0.261,0.191,0.588,2.88,0.823,5.407,2.723,1.87,10.0,Sample
590,0 days 00:30:22,37.0,G10,1042,G,10,GFP-Gext,Plate 1,2026-03-19 12:32:56,Cytation5,15,5.0,1.8,1.8,22.0,0.0,180.0,2.5,2.6,0.1925,2.87,50.0,0.0,0.0,1.0,1.0,1.0,0.02,2.0,2000.0,21.5,0.086,0.0,0.0,179.5,0.718,2.472,0.247,2.612,0.261,0.191,0.588,2.88,0.823,5.407,2.723,1.87,10.0,Sample
591,0 days 00:35:22,37.0,G10,1377,G,10,GFP-Gext,Plate 1,2026-03-19 12:37:56,Cytation5,15,5.0,1.8,1.8,22.0,0.0,180.0,2.5,2.6,0.1925,2.87,50.0,0.0,0.0,1.0,1.0,1.0,0.02,2.0,2000.0,21.5,0.086,0.0,0.0,179.5,0.718,2.472,0.247,2.612,0.261,0.191,0.588,2.88,0.823,5.407,2.723,1.87,10.0,Sample
592,0 days 00:40:22,37.0,G10,1657,G,10,GFP-Gext,Plate 1,2026-03-19 12:42:56,Cytation5,15,5.0,1.8,1.8,22.0,0.0,180.0,2.5,2.6,0.1925,2.87,50.0,0.0,0.0,1.0,1.0,1.0,0.02,2.0,2000.0,21.5,0.086,0.0,0.0,179.5,0.718,2.472,0.247,2.612,0.261,0.191,0.588,2.88,0.823,5.407,2.723,1.87,10.0,Sample
593,0 days 00:45:22,36.9,G10,1932,G,10,GFP-Gext,Plate 1,2026-03-19 12:47:56,Cytation5,15,5.0,1.8,1.8,22.0,0.0,180.0,2.5,2.6,0.1925,2.87,50.0,0.0,0.0,1.0,1.0,1.0,0.02,2.0,2000.0,21.5,0.086,0.0,0.0,179.5,0.718,2.472,0.247,2.612,0.261,0.191,0.588,2.88,0.823,5.407,2.723,1.87,10.0,Sample
594,0 days 00:50:22,37.0,G10,2163,G,10,GFP-Gext,Plate 1,2026-03-19 12:52:56,Cytation5,15,5.0,1.8,1.8,22.0,0.0,180.0,2.5,2.6,0.1925,2.87,50.0,0.0,0.0,1.0,1.0,1.0,0.02,2.0,2000.0,21.5,0.086,0.0,0.0,179.5,0.718,2.472,0.247,2.612,0.261,0.191,0.588,2.88,0.823,5.407,2.723,1.87,10.0,Sample
595,0 days 00:55:22,37.0,G10,2361,G,10,GFP-Gext,Plate 1,2026-03-19 12:57:56,Cytation5,15,5.0,1.8,1.8,22.0,0.0,180.0,2.5,2.6,0.1925,2.87,50.0,0.0,0.0,1.0,1.0,1.0,0.02,2.0,2000.0,21.5,0.086,0.0,0.0,179.5,0.718,2.472,0.247,2.612,0.261,0.191,0.588,2.88,0.823,5.407,2.723,1.87,10.0,Sample
596,0 days 01:00:22,37.0,G10,2667,G,10,GFP-Gext,Plate 1,2026-03-19 13:02:56,Cytation5,15,5.0,1.8,1.8,22.0,0.0,180.0,2.5,2.6,0.1925,2.87,50.0,0.0,0.0,1.0,1.0,1.0,0.02,2.0,2000.0,21.5,0.086,0.0,0.0,179.5,0.718,2.472,0.247,2.612,0.261,0.191,0.588,2.88,0.823,5.407,2.723,1.87,10.0,Sample
597,0 days 01:05:22,37.0,G10,2851,G,10,GFP-Gext,Plate 1,2026-03-19 13:07:56,Cytation5,15,5.0,1.8,1.8,22.0,0.0,180.0,2.5,2.6,0.1925,2.87,50.0,0.0,0.0,1.0,1.0,1.0,0.02,2.0,2000.0,21.5,0.086,0.0,0.0,179.5,0.718,2.472,0.247,2.612,0.261,0.191,0.588,2.88,0.823,5.407,2.723,1.87,10.0,Sample
598,0 days 01:10:22,37.0,G10,3075,G,10,GFP-Gext,Plate 1,2026-03-19 13:12:56,Cytation5,15,5.0,1.8,1.8,22.0,0.0,180.0,2.5,2.6,0.1925,2.87,50.0,0.0,0.0,1.0,1.0,1.0,0.02,2.0,2000.0,21.5,0.086,0.0,0.0,179.5,0.718,2.472,0.247,2.612,0.261,0.191,0.588,2.88,0.823,5.407,2.723,1.87,10.0,Sample
599,0 days 01:15:22,37.0,G10,3094,G,10,GFP-Gext,Plate 1,2026-03-19 13:17:56,Cytation5,15,5.0,1.8,1.8,22.0,0.0,180.0,2.5,2.6,0.1925,2.87,50.0,0.0,0.0,1.0,1.0,1.0,0.02,2.0,2000.0,21.5,0.086,0.0,0.0,179.5,0.718,2.472,0.247,2.612,0.261,0.191,0.588,2.88,0.823,5.407,2.723,1.87,10.0,Sample
600,0 days 01:20:22,37.0,G10,3279,G,10,GFP-Gext,Plate 1,2026-03-19 13:22:56,Cytation5,15,5.0,1.8,1.8,22.0,0.0,180.0,2.5,2.6,0.1925,2.87,50.0,0.0,0.0,1.0,1.0,1.0,0.02,2.0,2000.0,21.5,0.086,0.0,0.0,179.5,0.718,2.472,0.247,2.612,0.261,0.191,0.588,2.88,0.823,5.407,2.723,1.87,10.0,Sample
601,0 days 01:25:22,37.1,G10,3537,G,10,GFP-Gext,Plate 1,2026-03-19 13:27:56,Cytation5,15,5.0,1.8,1.8,22.0,0.0,180.0,2.5,2.6,0.1925,2.87,50.0,0.0,0.0,1.0,1.0,1.0,0.02,2.0,2000.0,21.5,0.086,0.0,0.0,179.5,0.718,2.472,0.247,2.612,0.261,0.191,0.588,2.88,0.823,5.407,2.723,1.87,10.0,Sample
602,0 days 01:30:22,37.1,G10,3534,G,10,GFP-Gext,Plate 1,2026-03-19 13:32:56,Cytation5,15,5.0,1.8,1.8,22.0,0.0,180.0,2.5,2.6,0.1925,2.87,50.0,0.0,0.0,1.0,1.0,1.0,0.02,2.0,2000.0,21.5,0.086,0.0,0.0,179.5,0.718,2.472,0.247,2.612,0.261,0.191,0.588,2.88,0.823,5.407,2.723,1.87,10.0,Sample
603,0 days 01:35:22,37.0,G10,3747,G,10,GFP-Gext,Plate 1,2026-03-19 13:37:56,Cytation5,15,5.0,1.8,1.8,22.0,0.0,180.0,2.5,2.6,0.1925,2.87,50.0,0.0,0.0,1.0,1.0,1.0,0.02,2.0,2000.0,21.5,0.086,0.0,0.0,179.5,0.718,2.472,0.247,2.612,0.261,0.191,0.588,2.88,0.823,5.407,2.723,1.87,10.0,Sample
604,0 days 01:40:22,37.0,G10,3820,G,10,GFP-Gext,Plate 1,2026-03-19 13:42:56,Cytation5,15,5.0,1.8,1.8,22.0,0.0,180.0,2.5,2.6,0.1925,2.87,50.0,0.0,0.0,1.0,1.0,1.0,0.02,2.0,2000.0,21.5,0.086,0.0,0.0,179.5,0.718,2.472,0.247,2.612,0.261,0.191,0.588,2.88,0.823,5.407,2.723,1.87,10.0,Sample
605,0 days 01:45:22,37.0,G10,3883,G,10,GFP-Gext,Plate 1,2026-03-19 13:47:56,Cytation5,15,5.0,1.8,1.8,22.0,0.0,180.0,2.5,2.6,0.1925,2.87,50.0,0.0,0.0,1.0,1.0,1.0,0.02,2.0,2000.0,21.5,0.086,0.0,0.0,179.5,0.718,2.472,0.247,2.612,0.261,0.191,0.588,2.88,0.823,5.407,2.723,1.87,10.0,Sample
606,0 days 01:50:22,36.9,G10,4012,G,10,GFP-Gext,Plate 1,2026-03-19 13:52:56,Cytation5,15,5.0,1.8,1.8,22.0,0.0,180.0,2.5,2.6,0.1925,2.87,50.0,0.0,0.0,1.0,1.0,1.0,0.02,2.0,2000.0,21.5,0.086,0.0,0.0,179.5,0.718,2.472,0.247,2.612,0.261,0.191,0.588,2.88,0.823,5.407,2.723,1.87,10.0,Sample
607,0 days 01:55:22,37.0,G10,4077,G,10,GFP-Gext,Plate 1,2026-03-19 13:57:56,Cytation5,15,5.0,1.8,1.8,22.0,0.0,180.0,2.5,2.6,0.1925,2.87,50.0,0.0,0.0,1.0,1.0,1.0,0.02,2.0,2000.0,21.5,0.086,0.0,0.0,179.5,0.718,2.472,0.247,2.612,0.261,0.191,0.588,2.88,0.823,5.407,2.723,1.87,10.0,Sample
608,0 days 02:00:22,37.0,G10,4074,G,10,GFP-Gext,Plate 1,2026-03-19 14:02:56,Cytation5,15,5.0,1.8,1.8,22.0,0.0,180.0,2.5,2.6,0.1925,2.87,50.0,0.0,0.0,1.0,1.0,1.0,0.02,2.0,2000.0,21.5,0.086,0.0,0.0,179.5,0.718,2.472,0.247,2.612,0.261,0.191,0.588,2.88,0.823,5.407,2.723,1.87,10.0,Sample
609,0 days 02:05:22,37.0,G10,4065,G,10,GFP-Gext,Plate 1,2026-03-19 14:07:56,Cytation5,15,5.0,1.8,1.8,22.0,0.0,180.0,2.5,2.6,0.1925,2.87,50.0,0.0,0.0,1.0,1.0,1.0,0.02,2.0,2000.0,21.5,0.086,0.0,0.0,179.5,0.718,2.472,0.247,2.612,0.261,0.191,0.588,2.88,0.823,5.407,2.723,1.87,10.0,Sample
610,0 days 02:10:22,37.0,G10,4209,G,10,GFP-Gext,Plate 1,2026-03-19 14:12:56,Cytation5,15,5.0,1.8,1.8,22.0,0.0,180.0,2.5,2.6,0.1925,2.87,50.0,0.0,0.0,1.0,1.0,1.0,0.02,2.0,2000.0,21.5,0.086,0.0,0.0,179.5,0.718,2.472,0.247,2.612,0.261,0.191,0.588,2.88,0.823,5.407,2.723,1.87,10.0,Sample
611,0 days 02:15:22,37.0,G10,4225,G,10,GFP-Gext,Plate 1,2026-03-19 14:17:56,Cytation5,15,5.0,1.8,1.8,22.0,0.0,180.0,2.5,2.6,0.1925,2.87,50.0,0.0,0.0,1.0,1.0,1.0,0.02,2.0,2000.0,21.5,0.086,0.0,0.0,179.5,0.718,2.472,0.247,2.612,0.261,0.191,0.588,2.88,0.823,5.407,2.723,1.87,10.0,Sample
612,0 days 02:20:22,37.0,G10,4341,G,10,GFP-Gext,Plate 1,2026-03-19 14:22:56,Cytation5,15,5.0,1.8,1.8,22.0,0.0,180.0,2.5,2.6,0.1925,2.87,50.0,0.0,0.0,1.0,1.0,1.0,0.02,2.0,2000.0,21.5,0.086,0.0,0.0,179.5,0.718,2.472,0.247,2.612,0.261,0.191,0.588,2.88,0.823,5.407,2.723,1.87,10.0,Sample
613,0 days 02:25:22,37.0,G10,4265,G,10,GFP-Gext,Plate 1,2026-03-19 14:27:56,Cytation5,15,5.0,1.8,1.8,22.0,0.0,180.0,2.5,2.6,0.1925,2.87,50.0,0.0,0.0,1.0,1.0,1.0,0.02,2.0,2000.0,21.5,0.086,0.0,0.0,179.5,0.718,2.472,0.247,2.612,0.261,0.191,0.588,2.88,0.823,5.407,2.723,1.87,10.0,Sample
614,0 days 02:30:22,37.1,G10,4314,G,10,GFP-Gext,Plate 1,2026-03-19 14:32:56,Cytation5,15,5.0,1.8,1.8,22.0,0.0,180.0,2.5,2.6,0.1925,2.87,50.0,0.0,0.0,1.0,1.0,1.0,0.02,2.0,2000.0,21.5,0.086,0.0,0.0,179.5,0.718,2.472,0.247,2.612,0.261,0.191,0.588,2.88,0.823,5.407,2.723,1.87,10.0,Sample
615,0 days 02:35:22,37.0,G10,4350,G,10,GFP-Gext,Plate 1,2026-03-19 14:37:56,Cytation5,15,5.0,1.8,1.8,22.0,0.0,180.0,2.5,2.6,0.1925,2.87,50.0,0.0,0.0,1.0,1.0,1.0,0.02,2.0,2000.0,21.5,0.086,0.0,0.0,179.5,0.718,2.472,0.247,2.612,0.261,0.191,0.588,2.88,0.823,5.407,2.723,1.87,10.0,Sample
616,0 days 02:40:22,37.0,G10,4393,G,10,GFP-Gext,Plate 1,2026-03-19 14:42:56,Cytation5,15,5.0,1.8,1.8,22.0,0.0,180.0,2.5,2.6,0.1925,2.87,50.0,0.0,0.0,1.0,1.0,1.0,0.02,2.0,2000.0,21.5,0.086,0.0,0.0,179.5,0.718,2.472,0.247,2.612,0.261,0.191,0.588,2.88,0.823,5.407,2.723,1.87,10.0,Sample
617,0 days 02:45:22,37.1,G10,4369,G,10,GFP-Gext,Plate 1,2026-03-19 14:47:56,Cytation5,15,5.0,1.8,1.8,22.0,0.0,180.0,2.5,2.6,0.1925,2.87,50.0,0.0,0.0,1.0,1.0,1.0,0.02,2.0,2000.0,21.5,0.086,0.0,0.0,179.5,0.718,2.472,0.247,2.612,0.261,0.191,0.588,2.88,0.823,5.407,2.723,1.87,10.0,Sample
618,0 days 02:50:22,37.0,G10,4456,G,10,GFP-Gext,Plate 1,2026-03-19 14:52:56,Cytation5,15,5.0,1.8,1.8,22.0,0.0,180.0,2.5,2.6,0.1925,2.87,50.0,0.0,0.0,1.0,1.0,1.0,0.02,2.0,2000.0,21.5,0.086,0.0,0.0,179.5,0.718,2.472,0.247,2.612,0.261,0.191,0.588,2.88,0.823,5.407,2.723,1.87,10.0,Sample
619,0 days 02:55:22,37.0,G10,4508,G,10,GFP-Gext,Plate 1,2026-03-19 14:57:56,Cytation5,15,5.0,1.8,1.8,22.0,0.0,180.0,2.5,2.6,0.1925,2.87,50.0,0.0,0.0,1.0,1.0,1.0,0.02,2.0,2000.0,21.5,0.086,0.0,0.0,179.5,0.718,2.472,0.247,2.612,0.261,0.191,0.588,2.88,0.823,5.407,2.723,1.87,10.0,Sample
620,0 days 03:00:22,37.0,G10,4513,G,10,GFP-Gext,Plate 1,2026-03-19 15:02:56,Cytation5,15,5.0,1.8,1.8,22.0,0.0,180.0,2.5,2.6,0.1925,2.87,50.0,0.0,0.0,1.0,1.0,1.0,0.02,2.0,2000.0,21.5,0.086,0.0,0.0,179.5,0.718,2.472,0.247,2.612,0.261,0.191,0.588,2.88,0.823,5.407,2.723,1.87,10.0,Sample
621,0 days 03:05:22,37.0,G10,4460,G,10,GFP-Gext,Plate 1,2026-03-19 15:07:56,Cytation5,15,5.0,1.8,1.8,22.0,0.0,180.0,2.5,2.6,0.1925,2.87,50.0,0.0,0.0,1.0,1.0,1.0,0.02,2.0,2000.0,21.5,0.086,0.0,0.0,179.5,0.718,2.472,0.247,2.612,0.261,0.191,0.588,2.88,0.823,5.407,2.723,1.87,10.0,Sample
622,0 days 03:10:22,37.0,G10,4485,G,10,GFP-Gext,Plate 1,2026-03-19 15:12:56,Cytation5,15,5.0,1.8,1.8,22.0,0.0,180.0,2.5,2.6,0.1925,2.87,50.0,0.0,0.0,1.0,1.0,1.0,0.02,2.0,2000.0,21.5,0.086,0.0,0.0,179.5,0.718,2.472,0.247,2.612,0.261,0.191,0.588,2.88,0.823,5.407,2.723,1.87,10.0,Sample
623,0 days 03:15:22,37.0,G10,4444,G,10,GFP-Gext,Plate 1,2026-03-19 15:17:56,Cytation5,15,5.0,1.8,1.8,22.0,0.0,180.0,2.5,2.6,0.1925,2.87,50.0,0.0,0.0,1.0,1.0,1.0,0.02,2.0,2000.0,21.5,0.086,0.0,0.0,179.5,0.718,2.472,0.247,2.612,0.261,0.191,0.588,2.88,0.823,5.407,2.723,1.87,10.0,Sample
624,0 days 03:20:22,37.0,G10,4567,G,10,GFP-Gext,Plate 1,2026-03-19 15:22:56,Cytation5,15,5.0,1.8,1.8,22.0,0.0,180.0,2.5,2.6,0.1925,2.87,50.0,0.0,0.0,1.0,1.0,1.0,0.02,2.0,2000.0,21.5,0.086,0.0,0.0,179.5,0.718,2.472,0.247,2.612,0.261,0.191,0.588,2.88,0.823,5.407,2.723,1.87,10.0,Sample
625,0 days 03:25:22,37.1,G10,4577,G,10,GFP-Gext,Plate 1,2026-03-19 15:27:56,Cytation5,15,5.0,1.8,1.8,22.0,0.0,180.0,2.5,2.6,0.1925,2.87,50.0,0.0,0.0,1.0,1.0,1.0,0.02,2.0,2000.0,21.5,0.086,0.0,0.0,179.5,0.718,2.472,0.247,2.612,0.261,0.191,0.588,2.88,0.823,5.407,2.723,1.87,10.0,Sample
626,0 days 03:30:22,36.9,G10,4519,G,10,GFP-Gext,Plate 1,2026-03-19 15:32:56,Cytation5,15,5.0,1.8,1.8,22.0,0.0,180.0,2.5,2.6,0.1925,2.87,50.0,0.0,0.0,1.0,1.0,1.0,0.02,2.0,2000.0,21.5,0.086,0.0,0.0,179.5,0.718,2.472,0.247,2.612,0.261,0.191,0.588,2.88,0.823,5.407,2.723,1.87,10.0,Sample
627,0 days 03:35:22,37.1,G10,4579,G,10,GFP-Gext,Plate 1,2026-03-19 15:37:56,Cytation5,15,5.0,1.8,1.8,22.0,0.0,180.0,2.5,2.6,0.1925,2.87,50.0,0.0,0.0,1.0,1.0,1.0,0.02,2.0,2000.0,21.5,0.086,0.0,0.0,179.5,0.718,2.472,0.247,2.612,0.261,0.191,0.588,2.88,0.823,5.407,2.723,1.87,10.0,Sample
628,0 days 03:40:22,37.0,G10,4639,G,10,GFP-Gext,Plate 1,2026-03-19 15:42:56,Cytation5,15,5.0,1.8,1.8,22.0,0.0,180.0,2.5,2.6,0.1925,2.87,50.0,0.0,0.0,1.0,1.0,1.0,0.02,2.0,2000.0,21.5,0.086,0.0,0.0,179.5,0.718,2.472,0.247,2.612,0.261,0.191,0.588,2.88,0.823,5.407,2.723,1.87,10.0,Sample
629,0 days 03:45:22,37.0,G10,4671,G,10,GFP-Gext,Plate 1,2026-03-19 15:47:56,Cytation5,15,5.0,1.8,1.8,22.0,0.0,180.0,2.5,2.6,0.1925,2.87,50.0,0.0,0.0,1.0,1.0,1.0,0.02,2.0,2000.0,21.5,0.086,0.0,0.0,179.5,0.718,2.472,0.247,2.612,0.261,0.191,0.588,2.88,0.823,5.407,2.723,1.87,10.0,Sample
630,0 days 03:50:22,37.0,G10,4544,G,10,GFP-Gext,Plate 1,2026-03-19 15:52:56,Cytation5,15,5.0,1.8,1.8,22.0,0.0,180.0,2.5,2.6,0.1925,2.87,50.0,0.0,0.0,1.0,1.0,1.0,0.02,2.0,2000.0,21.5,0.086,0.0,0.0,179.5,0.718,2.472,0.247,2.612,0.261,0.191,0.588,2.88,0.823,5.407,2.723,1.87,10.0,Sample
631,0 days 03:55:22,37.1,G10,4552,G,10,GFP-Gext,Plate 1,2026-03-19 15:57:56,Cytation5,15,5.0,1.8,1.8,22.0,0.0,180.0,2.5,2.6,0.1925,2.87,50.0,0.0,0.0,1.0,1.0,1.0,0.02,2.0,2000.0,21.5,0.086,0.0,0.0,179.5,0.718,2.472,0.247,2.612,0.261,0.191,0.588,2.88,0.823,5.407,2.723,1.87,10.0,Sample
632,0 days 04:00:22,37.0,G10,4574,G,10,GFP-Gext,Plate 1,2026-03-19 16:02:56,Cytation5,15,5.0,1.8,1.8,22.0,0.0,180.0,2.5,2.6,0.1925,2.87,50.0,0.0,0.0,1.0,1.0,1.0,0.02,2.0,2000.0,21.5,0.086,0.0,0.0,179.5,0.718,2.472,0.247,2.612,0.261,0.191,0.588,2.88,0.823,5.407,2.723,1.87,10.0,Sample
633,0 days 04:05:22,37.1,G10,4640,G,10,GFP-Gext,Plate 1,2026-03-19 16:07:56,Cytation5,15,5.0,1.8,1.8,22.0,0.0,180.0,2.5,2.6,0.1925,2.87,50.0,0.0,0.0,1.0,1.0,1.0,0.02,2.0,2000.0,21.5,0.086,0.0,0.0,179.5,0.718,2.472,0.247,2.612,0.261,0.191,0.588,2.88,0.823,5.407,2.723,1.87,10.0,Sample
634,0 days 04:10:22,37.0,G10,4646,G,10,GFP-Gext,Plate 1,2026-03-19 16:12:56,Cytation5,15,5.0,1.8,1.8,22.0,0.0,180.0,2.5,2.6,0.1925,2.87,50.0,0.0,0.0,1.0,1.0,1.0,0.02,2.0,2000.0,21.5,0.086,0.0,0.0,179.5,0.718,2.472,0.247,2.612,0.261,0.191,0.588,2.88,0.823,5.407,2.723,1.87,10.0,Sample
635,0 days 04:15:22,37.0,G10,4625,G,10,GFP-Gext,Plate 1,2026-03-19 16:17:56,Cytation5,15,5.0,1.8,1.8,22.0,0.0,180.0,2.5,2.6,0.1925,2.87,50.0,0.0,0.0,1.0,1.0,1.0,0.02,2.0,2000.0,21.5,0.086,0.0,0.0,179.5,0.718,2.472,0.247,2.612,0.261,0.191,0.588,2.88,0.823,5.407,2.723,1.87,10.0,Sample
636,0 days 04:20:22,37.0,G10,4720,G,10,GFP-Gext,Plate 1,2026-03-19 16:22:56,Cytation5,15,5.0,1.8,1.8,22.0,0.0,180.0,2.5,2.6,0.1925,2.87,50.0,0.0,0.0,1.0,1.0,1.0,0.02,2.0,2000.0,21.5,0.086,0.0,0.0,179.5,0.718,2.472,0.247,2.612,0.261,0.191,0.588,2.88,0.823,5.407,2.723,1.87,10.0,Sample
637,0 days 04:25:22,37.1,G10,4628,G,10,GFP-Gext,Plate 1,2026-03-19 16:27:56,Cytation5,15,5.0,1.8,1.8,22.0,0.0,180.0,2.5,2.6,0.1925,2.87,50.0,0.0,0.0,1.0,1.0,1.0,0.02,2.0,2000.0,21.5,0.086,0.0,0.0,179.5,0.718,2.472,0.247,2.612,0.261,0.191,0.588,2.88,0.823,5.407,2.723,1.87,10.0,Sample
638,0 days 04:30:22,37.0,G10,4705,G,10,GFP-Gext,Plate 1,2026-03-19 16:32:56,Cytation5,15,5.0,1.8,1.8,22.0,0.0,180.0,2.5,2.6,0.1925,2.87,50.0,0.0,0.0,1.0,1.0,1.0,0.02,2.0,2000.0,21.5,0.086,0.0,0.0,179.5,0.718,2.472,0.247,2.612,0.261,0.191,0.588,2.88,0.823,5.407,2.723,1.87,10.0,Sample
639,0 days 04:35:22,37.0,G10,4756,G,10,GFP-Gext,Plate 1,2026-03-19 16:37:56,Cytation5,15,5.0,1.8,1.8,22.0,0.0,180.0,2.5,2.6,0.1925,2.87,50.0,0.0,0.0,1.0,1.0,1.0,0.02,2.0,2000.0,21.5,0.086,0.0,0.0,179.5,0.718,2.472,0.247,2.612,0.261,0.191,0.588,2.88,0.823,5.407,2.723,1.87,10.0,Sample
640,0 days 04:40:22,37.0,G10,4786,G,10,GFP-Gext,Plate 1,2026-03-19 16:42:56,Cytation5,15,5.0,1.8,1.8,22.0,0.0,180.0,2.5,2.6,0.1925,2.87,50.0,0.0,0.0,1.0,1.0,1.0,0.02,2.0,2000.0,21.5,0.086,0.0,0.0,179.5,0.718,2.472,0.247,2.612,0.261,0.191,0.588,2.88,0.823,5.407,2.723,1.87,10.0,Sample
641,0 days 04:45:22,37.0,G10,4751,G,10,GFP-Gext,Plate 1,2026-03-19 16:47:56,Cytation5,15,5.0,1.8,1.8,22.0,0.0,180.0,2.5,2.6,0.1925,2.87,50.0,0.0,0.0,1.0,1.0,1.0,0.02,2.0,2000.0,21.5,0.086,0.0,0.0,179.5,0.718,2.472,0.247,2.612,0.261,0.191,0.588,2.88,0.823,5.407,2.723,1.87,10.0,Sample
642,0 days 04:50:22,37.0,G10,4694,G,10,GFP-Gext,Plate 1,2026-03-19 16:52:56,Cytation5,15,5.0,1.8,1.8,22.0,0.0,180.0,2.5,2.6,0.1925,2.87,50.0,0.0,0.0,1.0,1.0,1.0,0.02,2.0,2000.0,21.5,0.086,0.0,0.0,179.5,0.718,2.472,0.247,2.612,0.261,0.191,0.588,2.88,0.823,5.407,2.723,1.87,10.0,Sample
643,0 days 04:55:22,37.1,G10,4836,G,10,GFP-Gext,Plate 1,2026-03-19 16:57:56,Cytation5,15,5.0,1.8,1.8,22.0,0.0,180.0,2.5,2.6,0.1925,2.87,50.0,0.0,0.0,1.0,1.0,1.0,0.02,2.0,2000.0,21.5,0.086,0.0,0.0,179.5,0.718,2.472,0.247,2.612,0.261,0.191,0.588,2.88,0.823,5.407,2.723,1.87,10.0,Sample
644,0 days 05:00:22,37.1,G10,4864,G,10,GFP-Gext,Plate 1,2026-03-19 17:02:56,Cytation5,15,5.0,1.8,1.8,22.0,0.0,180.0,2.5,2.6,0.1925,2.87,50.0,0.0,0.0,1.0,1.0,1.0,0.02,2.0,2000.0,21.5,0.086,0.0,0.0,179.5,0.718,2.472,0.247,2.612,0.261,0.191,0.588,2.88,0.823,5.407,2.723,1.87,10.0,Sample
645,0 days 05:05:22,37.0,G10,4863,G,10,GFP-Gext,Plate 1,2026-03-19 17:07:56,Cytation5,15,5.0,1.8,1.8,22.0,0.0,180.0,2.5,2.6,0.1925,2.87,50.0,0.0,0.0,1.0,1.0,1.0,0.02,2.0,2000.0,21.5,0.086,0.0,0.0,179.5,0.718,2.472,0.247,2.612,0.261,0.191,0.588,2.88,0.823,5.407,2.723,1.87,10.0,Sample
646,0 days 05:10:22,37.0,G10,4852,G,10,GFP-Gext,Plate 1,2026-03-19 17:12:56,Cytation5,15,5.0,1.8,1.8,22.0,0.0,180.0,2.5,2.6,0.1925,2.87,50.0,0.0,0.0,1.0,1.0,1.0,0.02,2.0,2000.0,21.5,0.086,0.0,0.0,179.5,0.718,2.472,0.247,2.612,0.261,0.191,0.588,2.88,0.823,5.407,2.723,1.87,10.0,Sample
647,0 days 05:15:22,37.1,G10,4871,G,10,GFP-Gext,Plate 1,2026-03-19 17:17:56,Cytation5,15,5.0,1.8,1.8,22.0,0.0,180.0,2.5,2.6,0.1925,2.87,50.0,0.0,0.0,1.0,1.0,1.0,0.02,2.0,2000.0,21.5,0.086,0.0,0.0,179.5,0.718,2.472,0.247,2.612,0.261,0.191,0.588,2.88,0.823,5.407,2.723,1.87,10.0,Sample
648,0 days 05:20:22,37.0,G10,4878,G,10,GFP-Gext,Plate 1,2026-03-19 17:22:56,Cytation5,15,5.0,1.8,1.8,22.0,0.0,180.0,2.5,2.6,0.1925,2.87,50.0,0.0,0.0,1.0,1.0,1.0,0.02,2.0,2000.0,21.5,0.086,0.0,0.0,179.5,0.718,2.472,0.247,2.612,0.261,0.191,0.588,2.88,0.823,5.407,2.723,1.87,10.0,Sample
649,0 days 05:25:22,37.0,G10,4872,G,10,GFP-Gext,Plate 1,2026-03-19 17:27:56,Cytation5,15,5.0,1.8,1.8,22.0,0.0,180.0,2.5,2.6,0.1925,2.87,50.0,0.0,0.0,1.0,1.0,1.0,0.02,2.0,2000.0,21.5,0.086,0.0,0.0,179.5,0.718,2.472,0.247,2.612,0.261,0.191,0.588,2.88,0.823,5.407,2.723,1.87,10.0,Sample
650,0 days 05:30:22,37.0,G10,4846,G,10,GFP-Gext,Plate 1,2026-03-19 17:32:56,Cytation5,15,5.0,1.8,1.8,22.0,0.0,180.0,2.5,2.6,0.1925,2.87,50.0,0.0,0.0,1.0,1.0,1.0,0.02,2.0,2000.0,21.5,0.086,0.0,0.0,179.5,0.718,2.472,0.247,2.612,0.261,0.191,0.588,2.88,0.823,5.407,2.723,1.87,10.0,Sample
651,0 days 05:35:22,37.0,G10,4839,G,10,GFP-Gext,Plate 1,2026-03-19 17:37:56,Cytation5,15,5.0,1.8,1.8,22.0,0.0,180.0,2.5,2.6,0.1925,2.87,50.0,0.0,0.0,1.0,1.0,1.0,0.02,2.0,2000.0,21.5,0.086,0.0,0.0,179.5,0.718,2.472,0.247,2.612,0.261,0.191,0.588,2.88,0.823,5.407,2.723,1.87,10.0,Sample
652,0 days 05:40:22,37.0,G10,4947,G,10,GFP-Gext,Plate 1,2026-03-19 17:42:56,Cytation5,15,5.0,1.8,1.8,22.0,0.0,180.0,2.5,2.6,0.1925,2.87,50.0,0.0,0.0,1.0,1.0,1.0,0.02,2.0,2000.0,21.5,0.086,0.0,0.0,179.5,0.718,2.472,0.247,2.612,0.261,0.191,0.588,2.88,0.823,5.407,2.723,1.87,10.0,Sample
653,0 days 05:45:22,37.0,G10,4976,G,10,GFP-Gext,Plate 1,2026-03-19 17:47:56,Cytation5,15,5.0,1.8,1.8,22.0,0.0,180.0,2.5,2.6,0.1925,2.87,50.0,0.0,0.0,1.0,1.0,1.0,0.02,2.0,2000.0,21.5,0.086,0.0,0.0,179.5,0.718,2.472,0.247,2.612,0.261,0.191,0.588,2.88,0.823,5.407,2.723,1.87,10.0,Sample
654,0 days 05:50:22,37.0,G10,4989,G,10,GFP-Gext,Plate 1,2026-03-19 17:52:56,Cytation5,15,5.0,1.8,1.8,22.0,0.0,180.0,2.5,2.6,0.1925,2.87,50.0,0.0,0.0,1.0,1.0,1.0,0.02,2.0,2000.0,21.5,0.086,0.0,0.0,179.5,0.718,2.472,0.247,2.612,0.261,0.191,0.588,2.88,0.823,5.407,2.723,1.87,10.0,Sample
655,0 days 05:55:22,37.0,G10,4994,G,10,GFP-Gext,Plate 1,2026-03-19 17:57:56,Cytation5,15,5.0,1.8,1.8,22.0,0.0,180.0,2.5,2.6,0.1925,2.87,50.0,0.0,0.0,1.0,1.0,1.0,0.02,2.0,2000.0,21.5,0.086,0.0,0.0,179.5,0.718,2.472,0.247,2.612,0.261,0.191,0.588,2.88,0.823,5.407,2.723,1.87,10.0,Sample
656,0 days 06:00:22,37.0,G10,4895,G,10,GFP-Gext,Plate 1,2026-03-19 18:02:56,Cytation5,15,5.0,1.8,1.8,22.0,0.0,180.0,2.5,2.6,0.1925,2.87,50.0,0.0,0.0,1.0,1.0,1.0,0.02,2.0,2000.0,21.5,0.086,0.0,0.0,179.5,0.718,2.472,0.247,2.612,0.261,0.191,0.588,2.88,0.823,5.407,2.723,1.87,10.0,Sample
657,0 days 00:00:22,27.7,G11,432,G,11,GFP-Gext,Plate 1,2026-03-19 12:02:56,Cytation5,35,5.0,1.8,1.8,12.0,60.0,40.0,2.0,3.1,0.399,3.22,50.0,0.0,0.0,1.0,1.0,1.0,0.02,2.0,2000.0,11.9,0.048,60.0,0.6,40.0,0.16,2.028,0.203,3.126,0.313,0.4,1.231,3.225,0.921,5.407,3.476,1.117,10.0,Sample
658,0 days 00:05:22,33.8,G11,504,G,11,GFP-Gext,Plate 1,2026-03-19 12:07:56,Cytation5,35,5.0,1.8,1.8,12.0,60.0,40.0,2.0,3.1,0.399,3.22,50.0,0.0,0.0,1.0,1.0,1.0,0.02,2.0,2000.0,11.9,0.048,60.0,0.6,40.0,0.16,2.028,0.203,3.126,0.313,0.4,1.231,3.225,0.921,5.407,3.476,1.117,10.0,Sample
659,0 days 00:10:22,37.0,G11,943,G,11,GFP-Gext,Plate 1,2026-03-19 12:12:56,Cytation5,35,5.0,1.8,1.8,12.0,60.0,40.0,2.0,3.1,0.399,3.22,50.0,0.0,0.0,1.0,1.0,1.0,0.02,2.0,2000.0,11.9,0.048,60.0,0.6,40.0,0.16,2.028,0.203,3.126,0.313,0.4,1.231,3.225,0.921,5.407,3.476,1.117,10.0,Sample
660,0 days 00:15:22,37.0,G11,2734,G,11,GFP-Gext,Plate 1,2026-03-19 12:17:56,Cytation5,35,5.0,1.8,1.8,12.0,60.0,40.0,2.0,3.1,0.399,3.22,50.0,0.0,0.0,1.0,1.0,1.0,0.02,2.0,2000.0,11.9,0.048,60.0,0.6,40.0,0.16,2.028,0.203,3.126,0.313,0.4,1.231,3.225,0.921,5.407,3.476,1.117,10.0,Sample
661,0 days 00:20:22,37.0,G11,6010,G,11,GFP-Gext,Plate 1,2026-03-19 12:22:56,Cytation5,35,5.0,1.8,1.8,12.0,60.0,40.0,2.0,3.1,0.399,3.22,50.0,0.0,0.0,1.0,1.0,1.0,0.02,2.0,2000.0,11.9,0.048,60.0,0.6,40.0,0.16,2.028,0.203,3.126,0.313,0.4,1.231,3.225,0.921,5.407,3.476,1.117,10.0,Sample
662,0 days 00:25:22,37.1,G11,10647,G,11,GFP-Gext,Plate 1,2026-03-19 12:27:56,Cytation5,35,5.0,1.8,1.8,12.0,60.0,40.0,2.0,3.1,0.399,3.22,50.0,0.0,0.0,1.0,1.0,1.0,0.02,2.0,2000.0,11.9,0.048,60.0,0.6,40.0,0.16,2.028,0.203,3.126,0.313,0.4,1.231,3.225,0.921,5.407,3.476,1.117,10.0,Sample
663,0 days 00:30:22,37.0,G11,16140,G,11,GFP-Gext,Plate 1,2026-03-19 12:32:56,Cytation5,35,5.0,1.8,1.8,12.0,60.0,40.0,2.0,3.1,0.399,3.22,50.0,0.0,0.0,1.0,1.0,1.0,0.02,2.0,2000.0,11.9,0.048,60.0,0.6,40.0,0.16,2.028,0.203,3.126,0.313,0.4,1.231,3.225,0.921,5.407,3.476,1.117,10.0,Sample
664,0 days 00:35:22,37.0,G11,22518,G,11,GFP-Gext,Plate 1,2026-03-19 12:37:56,Cytation5,35,5.0,1.8,1.8,12.0,60.0,40.0,2.0,3.1,0.399,3.22,50.0,0.0,0.0,1.0,1.0,1.0,0.02,2.0,2000.0,11.9,0.048,60.0,0.6,40.0,0.16,2.028,0.203,3.126,0.313,0.4,1.231,3.225,0.921,5.407,3.476,1.117,10.0,Sample
665,0 days 00:40:22,37.0,G11,30617,G,11,GFP-Gext,Plate 1,2026-03-19 12:42:56,Cytation5,35,5.0,1.8,1.8,12.0,60.0,40.0,2.0,3.1,0.399,3.22,50.0,0.0,0.0,1.0,1.0,1.0,0.02,2.0,2000.0,11.9,0.048,60.0,0.6,40.0,0.16,2.028,0.203,3.126,0.313,0.4,1.231,3.225,0.921,5.407,3.476,1.117,10.0,Sample
666,0 days 00:45:22,36.9,G11,38678,G,11,GFP-Gext,Plate 1,2026-03-19 12:47:56,Cytation5,35,5.0,1.8,1.8,12.0,60.0,40.0,2.0,3.1,0.399,3.22,50.0,0.0,0.0,1.0,1.0,1.0,0.02,2.0,2000.0,11.9,0.048,60.0,0.6,40.0,0.16,2.028,0.203,3.126,0.313,0.4,1.231,3.225,0.921,5.407,3.476,1.117,10.0,Sample
667,0 days 00:50:22,37.0,G11,48446,G,11,GFP-Gext,Plate 1,2026-03-19 12:52:56,Cytation5,35,5.0,1.8,1.8,12.0,60.0,40.0,2.0,3.1,0.399,3.22,50.0,0.0,0.0,1.0,1.0,1.0,0.02,2.0,2000.0,11.9,0.048,60.0,0.6,40.0,0.16,2.028,0.203,3.126,0.313,0.4,1.231,3.225,0.921,5.407,3.476,1.117,10.0,Sample
668,0 days 00:55:22,37.0,G11,58498,G,11,GFP-Gext,Plate 1,2026-03-19 12:57:56,Cytation5,35,5.0,1.8,1.8,12.0,60.0,40.0,2.0,3.1,0.399,3.22,50.0,0.0,0.0,1.0,1.0,1.0,0.02,2.0,2000.0,11.9,0.048,60.0,0.6,40.0,0.16,2.028,0.203,3.126,0.313,0.4,1.231,3.225,0.921,5.407,3.476,1.117,10.0,Sample
669,0 days 01:00:22,37.0,G11,67852,G,11,GFP-Gext,Plate 1,2026-03-19 13:02:56,Cytation5,35,5.0,1.8,1.8,12.0,60.0,40.0,2.0,3.1,0.399,3.22,50.0,0.0,0.0,1.0,1.0,1.0,0.02,2.0,2000.0,11.9,0.048,60.0,0.6,40.0,0.16,2.028,0.203,3.126,0.313,0.4,1.231,3.225,0.921,5.407,3.476,1.117,10.0,Sample
670,0 days 01:05:22,37.0,G11,76358,G,11,GFP-Gext,Plate 1,2026-03-19 13:07:56,Cytation5,35,5.0,1.8,1.8,12.0,60.0,40.0,2.0,3.1,0.399,3.22,50.0,0.0,0.0,1.0,1.0,1.0,0.02,2.0,2000.0,11.9,0.048,60.0,0.6,40.0,0.16,2.028,0.203,3.126,0.313,0.4,1.231,3.225,0.921,5.407,3.476,1.117,10.0,Sample
671,0 days 01:10:22,37.0,G11,83940,G,11,GFP-Gext,Plate 1,2026-03-19 13:12:56,Cytation5,35,5.0,1.8,1.8,12.0,60.0,40.0,2.0,3.1,0.399,3.22,50.0,0.0,0.0,1.0,1.0,1.0,0.02,2.0,2000.0,11.9,0.048,60.0,0.6,40.0,0.16,2.028,0.203,3.126,0.313,0.4,1.231,3.225,0.921,5.407,3.476,1.117,10.0,Sample
672,0 days 01:15:22,37.0,G11,88909,G,11,GFP-Gext,Plate 1,2026-03-19 13:17:56,Cytation5,35,5.0,1.8,1.8,12.0,60.0,40.0,2.0,3.1,0.399,3.22,50.0,0.0,0.0,1.0,1.0,1.0,0.02,2.0,2000.0,11.9,0.048,60.0,0.6,40.0,0.16,2.028,0.203,3.126,0.313,0.4,1.231,3.225,0.921,5.407,3.476,1.117,10.0,Sample
673,0 days 01:20:22,37.0,G11,93884,G,11,GFP-Gext,Plate 1,2026-03-19 13:22:56,Cytation5,35,5.0,1.8,1.8,12.0,60.0,40.0,2.0,3.1,0.399,3.22,50.0,0.0,0.0,1.0,1.0,1.0,0.02,2.0,2000.0,11.9,0.048,60.0,0.6,40.0,0.16,2.028,0.203,3.126,0.313,0.4,1.231,3.225,0.921,5.407,3.476,1.117,10.0,Sample
674,0 days 01:25:22,37.1,G11,98396,G,11,GFP-Gext,Plate 1,2026-03-19 13:27:56,Cytation5,35,5.0,1.8,1.8,12.0,60.0,40.0,2.0,3.1,0.399,3.22,50.0,0.0,0.0,1.0,1.0,1.0,0.02,2.0,2000.0,11.9,0.048,60.0,0.6,40.0,0.16,2.028,0.203,3.126,0.313,0.4,1.231,3.225,0.921,5.407,3.476,1.117,10.0,Sample
675,0 days 01:30:22,37.1,G11,101390,G,11,GFP-Gext,Plate 1,2026-03-19 13:32:56,Cytation5,35,5.0,1.8,1.8,12.0,60.0,40.0,2.0,3.1,0.399,3.22,50.0,0.0,0.0,1.0,1.0,1.0,0.02,2.0,2000.0,11.9,0.048,60.0,0.6,40.0,0.16,2.028,0.203,3.126,0.313,0.4,1.231,3.225,0.921,5.407,3.476,1.117,10.0,Sample
676,0 days 01:35:22,37.0,G11,106046,G,11,GFP-Gext,Plate 1,2026-03-19 13:37:56,Cytation5,35,5.0,1.8,1.8,12.0,60.0,40.0,2.0,3.1,0.399,3.22,50.0,0.0,0.0,1.0,1.0,1.0,0.02,2.0,2000.0,11.9,0.048,60.0,0.6,40.0,0.16,2.028,0.203,3.126,0.313,0.4,1.231,3.225,0.921,5.407,3.476,1.117,10.0,Sample
677,0 days 01:40:22,37.0,G11,109060,G,11,GFP-Gext,Plate 1,2026-03-19 13:42:56,Cytation5,35,5.0,1.8,1.8,12.0,60.0,40.0,2.0,3.1,0.399,3.22,50.0,0.0,0.0,1.0,1.0,1.0,0.02,2.0,2000.0,11.9,0.048,60.0,0.6,40.0,0.16,2.028,0.203,3.126,0.313,0.4,1.231,3.225,0.921,5.407,3.476,1.117,10.0,Sample
678,0 days 01:45:22,37.0,G11,111799,G,11,GFP-Gext,Plate 1,2026-03-19 13:47:56,Cytation5,35,5.0,1.8,1.8,12.0,60.0,40.0,2.0,3.1,0.399,3.22,50.0,0.0,0.0,1.0,1.0,1.0,0.02,2.0,2000.0,11.9,0.048,60.0,0.6,40.0,0.16,2.028,0.203,3.126,0.313,0.4,1.231,3.225,0.921,5.407,3.476,1.117,10.0,Sample
679,0 days 01:50:22,36.9,G11,114499,G,11,GFP-Gext,Plate 1,2026-03-19 13:52:56,Cytation5,35,5.0,1.8,1.8,12.0,60.0,40.0,2.0,3.1,0.399,3.22,50.0,0.0,0.0,1.0,1.0,1.0,0.02,2.0,2000.0,11.9,0.048,60.0,0.6,40.0,0.16,2.028,0.203,3.126,0.313,0.4,1.231,3.225,0.921,5.407,3.476,1.117,10.0,Sample
680,0 days 01:55:22,37.0,G11,117717,G,11,GFP-Gext,Plate 1,2026-03-19 13:57:56,Cytation5,35,5.0,1.8,1.8,12.0,60.0,40.0,2.0,3.1,0.399,3.22,50.0,0.0,0.0,1.0,1.0,1.0,0.02,2.0,2000.0,11.9,0.048,60.0,0.6,40.0,0.16,2.028,0.203,3.126,0.313,0.4,1.231,3.225,0.921,5.407,3.476,1.117,10.0,Sample
681,0 days 02:00:22,37.0,G11,121104,G,11,GFP-Gext,Plate 1,2026-03-19 14:02:56,Cytation5,35,5.0,1.8,1.8,12.0,60.0,40.0,2.0,3.1,0.399,3.22,50.0,0.0,0.0,1.0,1.0,1.0,0.02,2.0,2000.0,11.9,0.048,60.0,0.6,40.0,0.16,2.028,0.203,3.126,0.313,0.4,1.231,3.225,0.921,5.407,3.476,1.117,10.0,Sample
682,0 days 02:05:22,37.0,G11,123136,G,11,GFP-Gext,Plate 1,2026-03-19 14:07:56,Cytation5,35,5.0,1.8,1.8,12.0,60.0,40.0,2.0,3.1,0.399,3.22,50.0,0.0,0.0,1.0,1.0,1.0,0.02,2.0,2000.0,11.9,0.048,60.0,0.6,40.0,0.16,2.028,0.203,3.126,0.313,0.4,1.231,3.225,0.921,5.407,3.476,1.117,10.0,Sample
683,0 days 02:10:22,37.0,G11,125789,G,11,GFP-Gext,Plate 1,2026-03-19 14:12:56,Cytation5,35,5.0,1.8,1.8,12.0,60.0,40.0,2.0,3.1,0.399,3.22,50.0,0.0,0.0,1.0,1.0,1.0,0.02,2.0,2000.0,11.9,0.048,60.0,0.6,40.0,0.16,2.028,0.203,3.126,0.313,0.4,1.231,3.225,0.921,5.407,3.476,1.117,10.0,Sample
684,0 days 02:15:22,37.0,G11,127770,G,11,GFP-Gext,Plate 1,2026-03-19 14:17:56,Cytation5,35,5.0,1.8,1.8,12.0,60.0,40.0,2.0,3.1,0.399,3.22,50.0,0.0,0.0,1.0,1.0,1.0,0.02,2.0,2000.0,11.9,0.048,60.0,0.6,40.0,0.16,2.028,0.203,3.126,0.313,0.4,1.231,3.225,0.921,5.407,3.476,1.117,10.0,Sample
685,0 days 02:20:22,37.0,G11,130300,G,11,GFP-Gext,Plate 1,2026-03-19 14:22:56,Cytation5,35,5.0,1.8,1.8,12.0,60.0,40.0,2.0,3.1,0.399,3.22,50.0,0.0,0.0,1.0,1.0,1.0,0.02,2.0,2000.0,11.9,0.048,60.0,0.6,40.0,0.16,2.028,0.203,3.126,0.313,0.4,1.231,3.225,0.921,5.407,3.476,1.117,10.0,Sample
686,0 days 02:25:22,37.0,G11,131860,G,11,GFP-Gext,Plate 1,2026-03-19 14:27:56,Cytation5,35,5.0,1.8,1.8,12.0,60.0,40.0,2.0,3.1,0.399,3.22,50.0,0.0,0.0,1.0,1.0,1.0,0.02,2.0,2000.0,11.9,0.048,60.0,0.6,40.0,0.16,2.028,0.203,3.126,0.313,0.4,1.231,3.225,0.921,5.407,3.476,1.117,10.0,Sample
687,0 days 02:30:22,37.1,G11,133359,G,11,GFP-Gext,Plate 1,2026-03-19 14:32:56,Cytation5,35,5.0,1.8,1.8,12.0,60.0,40.0,2.0,3.1,0.399,3.22,50.0,0.0,0.0,1.0,1.0,1.0,0.02,2.0,2000.0,11.9,0.048,60.0,0.6,40.0,0.16,2.028,0.203,3.126,0.313,0.4,1.231,3.225,0.921,5.407,3.476,1.117,10.0,Sample
688,0 days 02:35:22,37.0,G11,134822,G,11,GFP-Gext,Plate 1,2026-03-19 14:37:56,Cytation5,35,5.0,1.8,1.8,12.0,60.0,40.0,2.0,3.1,0.399,3.22,50.0,0.0,0.0,1.0,1.0,1.0,0.02,2.0,2000.0,11.9,0.048,60.0,0.6,40.0,0.16,2.028,0.203,3.126,0.313,0.4,1.231,3.225,0.921,5.407,3.476,1.117,10.0,Sample
689,0 days 02:40:22,37.0,G11,136206,G,11,GFP-Gext,Plate 1,2026-03-19 14:42:56,Cytation5,35,5.0,1.8,1.8,12.0,60.0,40.0,2.0,3.1,0.399,3.22,50.0,0.0,0.0,1.0,1.0,1.0,0.02,2.0,2000.0,11.9,0.048,60.0,0.6,40.0,0.16,2.028,0.203,3.126,0.313,0.4,1.231,3.225,0.921,5.407,3.476,1.117,10.0,Sample
690,0 days 02:45:22,37.1,G11,138098,G,11,GFP-Gext,Plate 1,2026-03-19 14:47:56,Cytation5,35,5.0,1.8,1.8,12.0,60.0,40.0,2.0,3.1,0.399,3.22,50.0,0.0,0.0,1.0,1.0,1.0,0.02,2.0,2000.0,11.9,0.048,60.0,0.6,40.0,0.16,2.028,0.203,3.126,0.313,0.4,1.231,3.225,0.921,5.407,3.476,1.117,10.0,Sample
691,0 days 02:50:22,37.0,G11,139383,G,11,GFP-Gext,Plate 1,2026-03-19 14:52:56,Cytation5,35,5.0,1.8,1.8,12.0,60.0,40.0,2.0,3.1,0.399,3.22,50.0,0.0,0.0,1.0,1.0,1.0,0.02,2.0,2000.0,11.9,0.048,60.0,0.6,40.0,0.16,2.028,0.203,3.126,0.313,0.4,1.231,3.225,0.921,5.407,3.476,1.117,10.0,Sample
692,0 days 02:55:22,37.0,G11,141084,G,11,GFP-Gext,Plate 1,2026-03-19 14:57:56,Cytation5,35,5.0,1.8,1.8,12.0,60.0,40.0,2.0,3.1,0.399,3.22,50.0,0.0,0.0,1.0,1.0,1.0,0.02,2.0,2000.0,11.9,0.048,60.0,0.6,40.0,0.16,2.028,0.203,3.126,0.313,0.4,1.231,3.225,0.921,5.407,3.476,1.117,10.0,Sample
693,0 days 03:00:22,37.0,G11,140669,G,11,GFP-Gext,Plate 1,2026-03-19 15:02:56,Cytation5,35,5.0,1.8,1.8,12.0,60.0,40.0,2.0,3.1,0.399,3.22,50.0,0.0,0.0,1.0,1.0,1.0,0.02,2.0,2000.0,11.9,0.048,60.0,0.6,40.0,0.16,2.028,0.203,3.126,0.313,0.4,1.231,3.225,0.921,5.407,3.476,1.117,10.0,Sample
694,0 days 03:05:22,37.0,G11,142959,G,11,GFP-Gext,Plate 1,2026-03-19 15:07:56,Cytation5,35,5.0,1.8,1.8,12.0,60.0,40.0,2.0,3.1,0.399,3.22,50.0,0.0,0.0,1.0,1.0,1.0,0.02,2.0,2000.0,11.9,0.048,60.0,0.6,40.0,0.16,2.028,0.203,3.126,0.313,0.4,1.231,3.225,0.921,5.407,3.476,1.117,10.0,Sample
695,0 days 03:10:22,37.0,G11,143502,G,11,GFP-Gext,Plate 1,2026-03-19 15:12:56,Cytation5,35,5.0,1.8,1.8,12.0,60.0,40.0,2.0,3.1,0.399,3.22,50.0,0.0,0.0,1.0,1.0,1.0,0.02,2.0,2000.0,11.9,0.048,60.0,0.6,40.0,0.16,2.028,0.203,3.126,0.313,0.4,1.231,3.225,0.921,5.407,3.476,1.117,10.0,Sample
696,0 days 03:15:22,37.0,G11,144725,G,11,GFP-Gext,Plate 1,2026-03-19 15:17:56,Cytation5,35,5.0,1.8,1.8,12.0,60.0,40.0,2.0,3.1,0.399,3.22,50.0,0.0,0.0,1.0,1.0,1.0,0.02,2.0,2000.0,11.9,0.048,60.0,0.6,40.0,0.16,2.028,0.203,3.126,0.313,0.4,1.231,3.225,0.921,5.407,3.476,1.117,10.0,Sample
697,0 days 03:20:22,37.0,G11,146067,G,11,GFP-Gext,Plate 1,2026-03-19 15:22:56,Cytation5,35,5.0,1.8,1.8,12.0,60.0,40.0,2.0,3.1,0.399,3.22,50.0,0.0,0.0,1.0,1.0,1.0,0.02,2.0,2000.0,11.9,0.048,60.0,0.6,40.0,0.16,2.028,0.203,3.126,0.313,0.4,1.231,3.225,0.921,5.407,3.476,1.117,10.0,Sample
698,0 days 03:25:22,37.1,G11,146502,G,11,GFP-Gext,Plate 1,2026-03-19 15:27:56,Cytation5,35,5.0,1.8,1.8,12.0,60.0,40.0,2.0,3.1,0.399,3.22,50.0,0.0,0.0,1.0,1.0,1.0,0.02,2.0,2000.0,11.9,0.048,60.0,0.6,40.0,0.16,2.028,0.203,3.126,0.313,0.4,1.231,3.225,0.921,5.407,3.476,1.117,10.0,Sample
699,0 days 03:30:22,36.9,G11,146912,G,11,GFP-Gext,Plate 1,2026-03-19 15:32:56,Cytation5,35,5.0,1.8,1.8,12.0,60.0,40.0,2.0,3.1,0.399,3.22,50.0,0.0,0.0,1.0,1.0,1.0,0.02,2.0,2000.0,11.9,0.048,60.0,0.6,40.0,0.16,2.028,0.203,3.126,0.313,0.4,1.231,3.225,0.921,5.407,3.476,1.117,10.0,Sample
700,0 days 03:35:22,37.1,G11,148032,G,11,GFP-Gext,Plate 1,2026-03-19 15:37:56,Cytation5,35,5.0,1.8,1.8,12.0,60.0,40.0,2.0,3.1,0.399,3.22,50.0,0.0,0.0,1.0,1.0,1.0,0.02,2.0,2000.0,11.9,0.048,60.0,0.6,40.0,0.16,2.028,0.203,3.126,0.313,0.4,1.231,3.225,0.921,5.407,3.476,1.117,10.0,Sample
701,0 days 03:40:22,37.0,G11,149011,G,11,GFP-Gext,Plate 1,2026-03-19 15:42:56,Cytation5,35,5.0,1.8,1.8,12.0,60.0,40.0,2.0,3.1,0.399,3.22,50.0,0.0,0.0,1.0,1.0,1.0,0.02,2.0,2000.0,11.9,0.048,60.0,0.6,40.0,0.16,2.028,0.203,3.126,0.313,0.4,1.231,3.225,0.921,5.407,3.476,1.117,10.0,Sample
702,0 days 03:45:22,37.0,G11,148681,G,11,GFP-Gext,Plate 1,2026-03-19 15:47:56,Cytation5,35,5.0,1.8,1.8,12.0,60.0,40.0,2.0,3.1,0.399,3.22,50.0,0.0,0.0,1.0,1.0,1.0,0.02,2.0,2000.0,11.9,0.048,60.0,0.6,40.0,0.16,2.028,0.203,3.126,0.313,0.4,1.231,3.225,0.921,5.407,3.476,1.117,10.0,Sample
703,0 days 03:50:22,37.0,G11,149151,G,11,GFP-Gext,Plate 1,2026-03-19 15:52:56,Cytation5,35,5.0,1.8,1.8,12.0,60.0,40.0,2.0,3.1,0.399,3.22,50.0,0.0,0.0,1.0,1.0,1.0,0.02,2.0,2000.0,11.9,0.048,60.0,0.6,40.0,0.16,2.028,0.203,3.126,0.313,0.4,1.231,3.225,0.921,5.407,3.476,1.117,10.0,Sample
704,0 days 03:55:22,37.1,G11,150078,G,11,GFP-Gext,Plate 1,2026-03-19 15:57:56,Cytation5,35,5.0,1.8,1.8,12.0,60.0,40.0,2.0,3.1,0.399,3.22,50.0,0.0,0.0,1.0,1.0,1.0,0.02,2.0,2000.0,11.9,0.048,60.0,0.6,40.0,0.16,2.028,0.203,3.126,0.313,0.4,1.231,3.225,0.921,5.407,3.476,1.117,10.0,Sample
705,0 days 04:00:22,37.0,G11,150436,G,11,GFP-Gext,Plate 1,2026-03-19 16:02:56,Cytation5,35,5.0,1.8,1.8,12.0,60.0,40.0,2.0,3.1,0.399,3.22,50.0,0.0,0.0,1.0,1.0,1.0,0.02,2.0,2000.0,11.9,0.048,60.0,0.6,40.0,0.16,2.028,0.203,3.126,0.313,0.4,1.231,3.225,0.921,5.407,3.476,1.117,10.0,Sample
706,0 days 04:05:22,37.1,G11,149774,G,11,GFP-Gext,Plate 1,2026-03-19 16:07:56,Cytation5,35,5.0,1.8,1.8,12.0,60.0,40.0,2.0,3.1,0.399,3.22,50.0,0.0,0.0,1.0,1.0,1.0,0.02,2.0,2000.0,11.9,0.048,60.0,0.6,40.0,0.16,2.028,0.203,3.126,0.313,0.4,1.231,3.225,0.921,5.407,3.476,1.117,10.0,Sample
707,0 days 04:10:22,37.0,G11,151642,G,11,GFP-Gext,Plate 1,2026-03-19 16:12:56,Cytation5,35,5.0,1.8,1.8,12.0,60.0,40.0,2.0,3.1,0.399,3.22,50.0,0.0,0.0,1.0,1.0,1.0,0.02,2.0,2000.0,11.9,0.048,60.0,0.6,40.0,0.16,2.028,0.203,3.126,0.313,0.4,1.231,3.225,0.921,5.407,3.476,1.117,10.0,Sample
708,0 days 04:15:22,37.0,G11,151329,G,11,GFP-Gext,Plate 1,2026-03-19 16:17:56,Cytation5,35,5.0,1.8,1.8,12.0,60.0,40.0,2.0,3.1,0.399,3.22,50.0,0.0,0.0,1.0,1.0,1.0,0.02,2.0,2000.0,11.9,0.048,60.0,0.6,40.0,0.16,2.028,0.203,3.126,0.313,0.4,1.231,3.225,0.921,5.407,3.476,1.117,10.0,Sample
709,0 days 04:20:22,37.0,G11,151776,G,11,GFP-Gext,Plate 1,2026-03-19 16:22:56,Cytation5,35,5.0,1.8,1.8,12.0,60.0,40.0,2.0,3.1,0.399,3.22,50.0,0.0,0.0,1.0,1.0,1.0,0.02,2.0,2000.0,11.9,0.048,60.0,0.6,40.0,0.16,2.028,0.203,3.126,0.313,0.4,1.231,3.225,0.921,5.407,3.476,1.117,10.0,Sample
710,0 days 04:25:22,37.1,G11,151308,G,11,GFP-Gext,Plate 1,2026-03-19 16:27:56,Cytation5,35,5.0,1.8,1.8,12.0,60.0,40.0,2.0,3.1,0.399,3.22,50.0,0.0,0.0,1.0,1.0,1.0,0.02,2.0,2000.0,11.9,0.048,60.0,0.6,40.0,0.16,2.028,0.203,3.126,0.313,0.4,1.231,3.225,0.921,5.407,3.476,1.117,10.0,Sample
711,0 days 04:30:22,37.0,G11,151973,G,11,GFP-Gext,Plate 1,2026-03-19 16:32:56,Cytation5,35,5.0,1.8,1.8,12.0,60.0,40.0,2.0,3.1,0.399,3.22,50.0,0.0,0.0,1.0,1.0,1.0,0.02,2.0,2000.0,11.9,0.048,60.0,0.6,40.0,0.16,2.028,0.203,3.126,0.313,0.4,1.231,3.225,0.921,5.407,3.476,1.117,10.0,Sample
712,0 days 04:35:22,37.0,G11,151825,G,11,GFP-Gext,Plate 1,2026-03-19 16:37:56,Cytation5,35,5.0,1.8,1.8,12.0,60.0,40.0,2.0,3.1,0.399,3.22,50.0,0.0,0.0,1.0,1.0,1.0,0.02,2.0,2000.0,11.9,0.048,60.0,0.6,40.0,0.16,2.028,0.203,3.126,0.313,0.4,1.231,3.225,0.921,5.407,3.476,1.117,10.0,Sample
713,0 days 04:40:22,37.0,G11,152699,G,11,GFP-Gext,Plate 1,2026-03-19 16:42:56,Cytation5,35,5.0,1.8,1.8,12.0,60.0,40.0,2.0,3.1,0.399,3.22,50.0,0.0,0.0,1.0,1.0,1.0,0.02,2.0,2000.0,11.9,0.048,60.0,0.6,40.0,0.16,2.028,0.203,3.126,0.313,0.4,1.231,3.225,0.921,5.407,3.476,1.117,10.0,Sample
714,0 days 04:45:22,37.0,G11,151459,G,11,GFP-Gext,Plate 1,2026-03-19 16:47:56,Cytation5,35,5.0,1.8,1.8,12.0,60.0,40.0,2.0,3.1,0.399,3.22,50.0,0.0,0.0,1.0,1.0,1.0,0.02,2.0,2000.0,11.9,0.048,60.0,0.6,40.0,0.16,2.028,0.203,3.126,0.313,0.4,1.231,3.225,0.921,5.407,3.476,1.117,10.0,Sample
715,0 days 04:50:22,37.0,G11,152666,G,11,GFP-Gext,Plate 1,2026-03-19 16:52:56,Cytation5,35,5.0,1.8,1.8,12.0,60.0,40.0,2.0,3.1,0.399,3.22,50.0,0.0,0.0,1.0,1.0,1.0,0.02,2.0,2000.0,11.9,0.048,60.0,0.6,40.0,0.16,2.028,0.203,3.126,0.313,0.4,1.231,3.225,0.921,5.407,3.476,1.117,10.0,Sample
716,0 days 04:55:22,37.1,G11,152756,G,11,GFP-Gext,Plate 1,2026-03-19 16:57:56,Cytation5,35,5.0,1.8,1.8,12.0,60.0,40.0,2.0,3.1,0.399,3.22,50.0,0.0,0.0,1.0,1.0,1.0,0.02,2.0,2000.0,11.9,0.048,60.0,0.6,40.0,0.16,2.028,0.203,3.126,0.313,0.4,1.231,3.225,0.921,5.407,3.476,1.117,10.0,Sample
717,0 days 05:00:22,37.1,G11,152484,G,11,GFP-Gext,Plate 1,2026-03-19 17:02:56,Cytation5,35,5.0,1.8,1.8,12.0,60.0,40.0,2.0,3.1,0.399,3.22,50.0,0.0,0.0,1.0,1.0,1.0,0.02,2.0,2000.0,11.9,0.048,60.0,0.6,40.0,0.16,2.028,0.203,3.126,0.313,0.4,1.231,3.225,0.921,5.407,3.476,1.117,10.0,Sample
718,0 days 05:05:22,37.0,G11,152099,G,11,GFP-Gext,Plate 1,2026-03-19 17:07:56,Cytation5,35,5.0,1.8,1.8,12.0,60.0,40.0,2.0,3.1,0.399,3.22,50.0,0.0,0.0,1.0,1.0,1.0,0.02,2.0,2000.0,11.9,0.048,60.0,0.6,40.0,0.16,2.028,0.203,3.126,0.313,0.4,1.231,3.225,0.921,5.407,3.476,1.117,10.0,Sample
719,0 days 05:10:22,37.0,G11,151972,G,11,GFP-Gext,Plate 1,2026-03-19 17:12:56,Cytation5,35,5.0,1.8,1.8,12.0,60.0,40.0,2.0,3.1,0.399,3.22,50.0,0.0,0.0,1.0,1.0,1.0,0.02,2.0,2000.0,11.9,0.048,60.0,0.6,40.0,0.16,2.028,0.203,3.126,0.313,0.4,1.231,3.225,0.921,5.407,3.476,1.117,10.0,Sample
720,0 days 05:15:22,37.1,G11,151565,G,11,GFP-Gext,Plate 1,2026-03-19 17:17:56,Cytation5,35,5.0,1.8,1.8,12.0,60.0,40.0,2.0,3.1,0.399,3.22,50.0,0.0,0.0,1.0,1.0,1.0,0.02,2.0,2000.0,11.9,0.048,60.0,0.6,40.0,0.16,2.028,0.203,3.126,0.313,0.4,1.231,3.225,0.921,5.407,3.476,1.117,10.0,Sample
721,0 days 05:20:22,37.0,G11,151868,G,11,GFP-Gext,Plate 1,2026-03-19 17:22:56,Cytation5,35,5.0,1.8,1.8,12.0,60.0,40.0,2.0,3.1,0.399,3.22,50.0,0.0,0.0,1.0,1.0,1.0,0.02,2.0,2000.0,11.9,0.048,60.0,0.6,40.0,0.16,2.028,0.203,3.126,0.313,0.4,1.231,3.225,0.921,5.407,3.476,1.117,10.0,Sample
722,0 days 05:25:22,37.0,G11,152097,G,11,GFP-Gext,Plate 1,2026-03-19 17:27:56,Cytation5,35,5.0,1.8,1.8,12.0,60.0,40.0,2.0,3.1,0.399,3.22,50.0,0.0,0.0,1.0,1.0,1.0,0.02,2.0,2000.0,11.9,0.048,60.0,0.6,40.0,0.16,2.028,0.203,3.126,0.313,0.4,1.231,3.225,0.921,5.407,3.476,1.117,10.0,Sample
723,0 days 05:30:22,37.0,G11,152620,G,11,GFP-Gext,Plate 1,2026-03-19 17:32:56,Cytation5,35,5.0,1.8,1.8,12.0,60.0,40.0,2.0,3.1,0.399,3.22,50.0,0.0,0.0,1.0,1.0,1.0,0.02,2.0,2000.0,11.9,0.048,60.0,0.6,40.0,0.16,2.028,0.203,3.126,0.313,0.4,1.231,3.225,0.921,5.407,3.476,1.117,10.0,Sample
724,0 days 05:35:22,37.0,G11,152812,G,11,GFP-Gext,Plate 1,2026-03-19 17:37:56,Cytation5,35,5.0,1.8,1.8,12.0,60.0,40.0,2.0,3.1,0.399,3.22,50.0,0.0,0.0,1.0,1.0,1.0,0.02,2.0,2000.0,11.9,0.048,60.0,0.6,40.0,0.16,2.028,0.203,3.126,0.313,0.4,1.231,3.225,0.921,5.407,3.476,1.117,10.0,Sample
725,0 days 05:40:22,37.0,G11,152764,G,11,GFP-Gext,Plate 1,2026-03-19 17:42:56,Cytation5,35,5.0,1.8,1.8,12.0,60.0,40.0,2.0,3.1,0.399,3.22,50.0,0.0,0.0,1.0,1.0,1.0,0.02,2.0,2000.0,11.9,0.048,60.0,0.6,40.0,0.16,2.028,0.203,3.126,0.313,0.4,1.231,3.225,0.921,5.407,3.476,1.117,10.0,Sample
726,0 days 05:45:22,37.0,G11,152403,G,11,GFP-Gext,Plate 1,2026-03-19 17:47:56,Cytation5,35,5.0,1.8,1.8,12.0,60.0,40.0,2.0,3.1,0.399,3.22,50.0,0.0,0.0,1.0,1.0,1.0,0.02,2.0,2000.0,11.9,0.048,60.0,0.6,40.0,0.16,2.028,0.203,3.126,0.313,0.4,1.231,3.225,0.921,5.407,3.476,1.117,10.0,Sample
727,0 days 05:50:22,37.0,G11,153201,G,11,GFP-Gext,Plate 1,2026-03-19 17:52:56,Cytation5,35,5.0,1.8,1.8,12.0,60.0,40.0,2.0,3.1,0.399,3.22,50.0,0.0,0.0,1.0,1.0,1.0,0.02,2.0,2000.0,11.9,0.048,60.0,0.6,40.0,0.16,2.028,0.203,3.126,0.313,0.4,1.231,3.225,0.921,5.407,3.476,1.117,10.0,Sample
728,0 days 05:55:22,37.0,G11,152170,G,11,GFP-Gext,Plate 1,2026-03-19 17:57:56,Cytation5,35,5.0,1.8,1.8,12.0,60.0,40.0,2.0,3.1,0.399,3.22,50.0,0.0,0.0,1.0,1.0,1.0,0.02,2.0,2000.0,11.9,0.048,60.0,0.6,40.0,0.16,2.028,0.203,3.126,0.313,0.4,1.231,3.225,0.921,5.407,3.476,1.117,10.0,Sample
729,0 days 06:00:22,37.0,G11,153327,G,11,GFP-Gext,Plate 1,2026-03-19 18:02:56,Cytation5,35,5.0,1.8,1.8,12.0,60.0,40.0,2.0,3.1,0.399,3.22,50.0,0.0,0.0,1.0,1.0,1.0,0.02,2.0,2000.0,11.9,0.048,60.0,0.6,40.0,0.16,2.028,0.203,3.126,0.313,0.4,1.231,3.225,0.921,5.407,3.476,1.117,10.0,Sample
730,0 days 00:00:22,27.7,G12,423,G,12,GFP-Gext,Plate 1,2026-03-19 12:02:56,Cytation5,8,5.0,1.8,1.8,6.0,60.0,55.0,2.6,3.0,0.259,3.99,50.0,0.0,0.0,1.0,1.0,1.0,0.02,2.0,2000.0,6.5,0.026,60.0,0.6,56.0,0.224,2.612,0.261,2.991,0.299,0.26,0.8,4.0,1.143,5.407,3.353,1.24,10.0,Sample
731,0 days 00:05:22,33.8,G12,427,G,12,GFP-Gext,Plate 1,2026-03-19 12:07:56,Cytation5,8,5.0,1.8,1.8,6.0,60.0,55.0,2.6,3.0,0.259,3.99,50.0,0.0,0.0,1.0,1.0,1.0,0.02,2.0,2000.0,6.5,0.026,60.0,0.6,56.0,0.224,2.612,0.261,2.991,0.299,0.26,0.8,4.0,1.143,5.407,3.353,1.24,10.0,Sample
732,0 days 00:10:22,37.0,G12,530,G,12,GFP-Gext,Plate 1,2026-03-19 12:12:56,Cytation5,8,5.0,1.8,1.8,6.0,60.0,55.0,2.6,3.0,0.259,3.99,50.0,0.0,0.0,1.0,1.0,1.0,0.02,2.0,2000.0,6.5,0.026,60.0,0.6,56.0,0.224,2.612,0.261,2.991,0.299,0.26,0.8,4.0,1.143,5.407,3.353,1.24,10.0,Sample
733,0 days 00:15:22,37.0,G12,949,G,12,GFP-Gext,Plate 1,2026-03-19 12:17:56,Cytation5,8,5.0,1.8,1.8,6.0,60.0,55.0,2.6,3.0,0.259,3.99,50.0,0.0,0.0,1.0,1.0,1.0,0.02,2.0,2000.0,6.5,0.026,60.0,0.6,56.0,0.224,2.612,0.261,2.991,0.299,0.26,0.8,4.0,1.143,5.407,3.353,1.24,10.0,Sample
734,0 days 00:20:22,37.0,G12,1646,G,12,GFP-Gext,Plate 1,2026-03-19 12:22:56,Cytation5,8,5.0,1.8,1.8,6.0,60.0,55.0,2.6,3.0,0.259,3.99,50.0,0.0,0.0,1.0,1.0,1.0,0.02,2.0,2000.0,6.5,0.026,60.0,0.6,56.0,0.224,2.612,0.261,2.991,0.299,0.26,0.8,4.0,1.143,5.407,3.353,1.24,10.0,Sample
735,0 days 00:25:22,37.1,G12,2523,G,12,GFP-Gext,Plate 1,2026-03-19 12:27:56,Cytation5,8,5.0,1.8,1.8,6.0,60.0,55.0,2.6,3.0,0.259,3.99,50.0,0.0,0.0,1.0,1.0,1.0,0.02,2.0,2000.0,6.5,0.026,60.0,0.6,56.0,0.224,2.612,0.261,2.991,0.299,0.26,0.8,4.0,1.143,5.407,3.353,1.24,10.0,Sample
736,0 days 00:30:22,37.0,G12,3257,G,12,GFP-Gext,Plate 1,2026-03-19 12:32:56,Cytation5,8,5.0,1.8,1.8,6.0,60.0,55.0,2.6,3.0,0.259,3.99,50.0,0.0,0.0,1.0,1.0,1.0,0.02,2.0,2000.0,6.5,0.026,60.0,0.6,56.0,0.224,2.612,0.261,2.991,0.299,0.26,0.8,4.0,1.143,5.407,3.353,1.24,10.0,Sample
737,0 days 00:35:22,37.0,G12,3991,G,12,GFP-Gext,Plate 1,2026-03-19 12:37:56,Cytation5,8,5.0,1.8,1.8,6.0,60.0,55.0,2.6,3.0,0.259,3.99,50.0,0.0,0.0,1.0,1.0,1.0,0.02,2.0,2000.0,6.5,0.026,60.0,0.6,56.0,0.224,2.612,0.261,2.991,0.299,0.26,0.8,4.0,1.143,5.407,3.353,1.24,10.0,Sample
738,0 days 00:40:22,37.0,G12,4895,G,12,GFP-Gext,Plate 1,2026-03-19 12:42:56,Cytation5,8,5.0,1.8,1.8,6.0,60.0,55.0,2.6,3.0,0.259,3.99,50.0,0.0,0.0,1.0,1.0,1.0,0.02,2.0,2000.0,6.5,0.026,60.0,0.6,56.0,0.224,2.612,0.261,2.991,0.299,0.26,0.8,4.0,1.143,5.407,3.353,1.24,10.0,Sample
739,0 days 00:45:22,36.9,G12,5677,G,12,GFP-Gext,Plate 1,2026-03-19 12:47:56,Cytation5,8,5.0,1.8,1.8,6.0,60.0,55.0,2.6,3.0,0.259,3.99,50.0,0.0,0.0,1.0,1.0,1.0,0.02,2.0,2000.0,6.5,0.026,60.0,0.6,56.0,0.224,2.612,0.261,2.991,0.299,0.26,0.8,4.0,1.143,5.407,3.353,1.24,10.0,Sample
740,0 days 00:50:22,37.0,G12,6391,G,12,GFP-Gext,Plate 1,2026-03-19 12:52:56,Cytation5,8,5.0,1.8,1.8,6.0,60.0,55.0,2.6,3.0,0.259,3.99,50.0,0.0,0.0,1.0,1.0,1.0,0.02,2.0,2000.0,6.5,0.026,60.0,0.6,56.0,0.224,2.612,0.261,2.991,0.299,0.26,0.8,4.0,1.143,5.407,3.353,1.24,10.0,Sample
741,0 days 00:55:22,37.0,G12,6803,G,12,GFP-Gext,Plate 1,2026-03-19 12:57:56,Cytation5,8,5.0,1.8,1.8,6.0,60.0,55.0,2.6,3.0,0.259,3.99,50.0,0.0,0.0,1.0,1.0,1.0,0.02,2.0,2000.0,6.5,0.026,60.0,0.6,56.0,0.224,2.612,0.261,2.991,0.299,0.26,0.8,4.0,1.143,5.407,3.353,1.24,10.0,Sample
742,0 days 01:00:22,37.0,G12,6980,G,12,GFP-Gext,Plate 1,2026-03-19 13:02:56,Cytation5,8,5.0,1.8,1.8,6.0,60.0,55.0,2.6,3.0,0.259,3.99,50.0,0.0,0.0,1.0,1.0,1.0,0.02,2.0,2000.0,6.5,0.026,60.0,0.6,56.0,0.224,2.612,0.261,2.991,0.299,0.26,0.8,4.0,1.143,5.407,3.353,1.24,10.0,Sample
743,0 days 01:05:22,37.0,G12,7283,G,12,GFP-Gext,Plate 1,2026-03-19 13:07:56,Cytation5,8,5.0,1.8,1.8,6.0,60.0,55.0,2.6,3.0,0.259,3.99,50.0,0.0,0.0,1.0,1.0,1.0,0.02,2.0,2000.0,6.5,0.026,60.0,0.6,56.0,0.224,2.612,0.261,2.991,0.299,0.26,0.8,4.0,1.143,5.407,3.353,1.24,10.0,Sample
744,0 days 01:10:22,37.0,G12,7397,G,12,GFP-Gext,Plate 1,2026-03-19 13:12:56,Cytation5,8,5.0,1.8,1.8,6.0,60.0,55.0,2.6,3.0,0.259,3.99,50.0,0.0,0.0,1.0,1.0,1.0,0.02,2.0,2000.0,6.5,0.026,60.0,0.6,56.0,0.224,2.612,0.261,2.991,0.299,0.26,0.8,4.0,1.143,5.407,3.353,1.24,10.0,Sample
745,0 days 01:15:22,37.0,G12,7578,G,12,GFP-Gext,Plate 1,2026-03-19 13:17:56,Cytation5,8,5.0,1.8,1.8,6.0,60.0,55.0,2.6,3.0,0.259,3.99,50.0,0.0,0.0,1.0,1.0,1.0,0.02,2.0,2000.0,6.5,0.026,60.0,0.6,56.0,0.224,2.612,0.261,2.991,0.299,0.26,0.8,4.0,1.143,5.407,3.353,1.24,10.0,Sample
746,0 days 01:20:22,37.0,G12,7741,G,12,GFP-Gext,Plate 1,2026-03-19 13:22:56,Cytation5,8,5.0,1.8,1.8,6.0,60.0,55.0,2.6,3.0,0.259,3.99,50.0,0.0,0.0,1.0,1.0,1.0,0.02,2.0,2000.0,6.5,0.026,60.0,0.6,56.0,0.224,2.612,0.261,2.991,0.299,0.26,0.8,4.0,1.143,5.407,3.353,1.24,10.0,Sample
747,0 days 01:25:22,37.1,G12,7729,G,12,GFP-Gext,Plate 1,2026-03-19 13:27:56,Cytation5,8,5.0,1.8,1.8,6.0,60.0,55.0,2.6,3.0,0.259,3.99,50.0,0.0,0.0,1.0,1.0,1.0,0.02,2.0,2000.0,6.5,0.026,60.0,0.6,56.0,0.224,2.612,0.261,2.991,0.299,0.26,0.8,4.0,1.143,5.407,3.353,1.24,10.0,Sample
748,0 days 01:30:22,37.1,G12,7743,G,12,GFP-Gext,Plate 1,2026-03-19 13:32:56,Cytation5,8,5.0,1.8,1.8,6.0,60.0,55.0,2.6,3.0,0.259,3.99,50.0,0.0,0.0,1.0,1.0,1.0,0.02,2.0,2000.0,6.5,0.026,60.0,0.6,56.0,0.224,2.612,0.261,2.991,0.299,0.26,0.8,4.0,1.143,5.407,3.353,1.24,10.0,Sample
749,0 days 01:35:22,37.0,G12,7875,G,12,GFP-Gext,Plate 1,2026-03-19 13:37:56,Cytation5,8,5.0,1.8,1.8,6.0,60.0,55.0,2.6,3.0,0.259,3.99,50.0,0.0,0.0,1.0,1.0,1.0,0.02,2.0,2000.0,6.5,0.026,60.0,0.6,56.0,0.224,2.612,0.261,2.991,0.299,0.26,0.8,4.0,1.143,5.407,3.353,1.24,10.0,Sample
750,0 days 01:40:22,37.0,G12,7859,G,12,GFP-Gext,Plate 1,2026-03-19 13:42:56,Cytation5,8,5.0,1.8,1.8,6.0,60.0,55.0,2.6,3.0,0.259,3.99,50.0,0.0,0.0,1.0,1.0,1.0,0.02,2.0,2000.0,6.5,0.026,60.0,0.6,56.0,0.224,2.612,0.261,2.991,0.299,0.26,0.8,4.0,1.143,5.407,3.353,1.24,10.0,Sample
751,0 days 01:45:22,37.0,G12,7947,G,12,GFP-Gext,Plate 1,2026-03-19 13:47:56,Cytation5,8,5.0,1.8,1.8,6.0,60.0,55.0,2.6,3.0,0.259,3.99,50.0,0.0,0.0,1.0,1.0,1.0,0.02,2.0,2000.0,6.5,0.026,60.0,0.6,56.0,0.224,2.612,0.261,2.991,0.299,0.26,0.8,4.0,1.143,5.407,3.353,1.24,10.0,Sample
752,0 days 01:50:22,36.9,G12,7968,G,12,GFP-Gext,Plate 1,2026-03-19 13:52:56,Cytation5,8,5.0,1.8,1.8,6.0,60.0,55.0,2.6,3.0,0.259,3.99,50.0,0.0,0.0,1.0,1.0,1.0,0.02,2.0,2000.0,6.5,0.026,60.0,0.6,56.0,0.224,2.612,0.261,2.991,0.299,0.26,0.8,4.0,1.143,5.407,3.353,1.24,10.0,Sample
753,0 days 01:55:22,37.0,G12,7893,G,12,GFP-Gext,Plate 1,2026-03-19 13:57:56,Cytation5,8,5.0,1.8,1.8,6.0,60.0,55.0,2.6,3.0,0.259,3.99,50.0,0.0,0.0,1.0,1.0,1.0,0.02,2.0,2000.0,6.5,0.026,60.0,0.6,56.0,0.224,2.612,0.261,2.991,0.299,0.26,0.8,4.0,1.143,5.407,3.353,1.24,10.0,Sample
754,0 days 02:00:22,37.0,G12,8006,G,12,GFP-Gext,Plate 1,2026-03-19 14:02:56,Cytation5,8,5.0,1.8,1.8,6.0,60.0,55.0,2.6,3.0,0.259,3.99,50.0,0.0,0.0,1.0,1.0,1.0,0.02,2.0,2000.0,6.5,0.026,60.0,0.6,56.0,0.224,2.612,0.261,2.991,0.299,0.26,0.8,4.0,1.143,5.407,3.353,1.24,10.0,Sample
755,0 days 02:05:22,37.0,G12,8044,G,12,GFP-Gext,Plate 1,2026-03-19 14:07:56,Cytation5,8,5.0,1.8,1.8,6.0,60.0,55.0,2.6,3.0,0.259,3.99,50.0,0.0,0.0,1.0,1.0,1.0,0.02,2.0,2000.0,6.5,0.026,60.0,0.6,56.0,0.224,2.612,0.261,2.991,0.299,0.26,0.8,4.0,1.143,5.407,3.353,1.24,10.0,Sample
756,0 days 02:10:22,37.0,G12,8070,G,12,GFP-Gext,Plate 1,2026-03-19 14:12:56,Cytation5,8,5.0,1.8,1.8,6.0,60.0,55.0,2.6,3.0,0.259,3.99,50.0,0.0,0.0,1.0,1.0,1.0,0.02,2.0,2000.0,6.5,0.026,60.0,0.6,56.0,0.224,2.612,0.261,2.991,0.299,0.26,0.8,4.0,1.143,5.407,3.353,1.24,10.0,Sample
757,0 days 02:15:22,37.0,G12,7997,G,12,GFP-Gext,Plate 1,2026-03-19 14:17:56,Cytation5,8,5.0,1.8,1.8,6.0,60.0,55.0,2.6,3.0,0.259,3.99,50.0,0.0,0.0,1.0,1.0,1.0,0.02,2.0,2000.0,6.5,0.026,60.0,0.6,56.0,0.224,2.612,0.261,2.991,0.299,0.26,0.8,4.0,1.143,5.407,3.353,1.24,10.0,Sample
758,0 days 02:20:22,37.0,G12,8109,G,12,GFP-Gext,Plate 1,2026-03-19 14:22:56,Cytation5,8,5.0,1.8,1.8,6.0,60.0,55.0,2.6,3.0,0.259,3.99,50.0,0.0,0.0,1.0,1.0,1.0,0.02,2.0,2000.0,6.5,0.026,60.0,0.6,56.0,0.224,2.612,0.261,2.991,0.299,0.26,0.8,4.0,1.143,5.407,3.353,1.24,10.0,Sample
759,0 days 02:25:22,37.0,G12,8159,G,12,GFP-Gext,Plate 1,2026-03-19 14:27:56,Cytation5,8,5.0,1.8,1.8,6.0,60.0,55.0,2.6,3.0,0.259,3.99,50.0,0.0,0.0,1.0,1.0,1.0,0.02,2.0,2000.0,6.5,0.026,60.0,0.6,56.0,0.224,2.612,0.261,2.991,0.299,0.26,0.8,4.0,1.143,5.407,3.353,1.24,10.0,Sample
760,0 days 02:30:22,37.1,G12,8123,G,12,GFP-Gext,Plate 1,2026-03-19 14:32:56,Cytation5,8,5.0,1.8,1.8,6.0,60.0,55.0,2.6,3.0,0.259,3.99,50.0,0.0,0.0,1.0,1.0,1.0,0.02,2.0,2000.0,6.5,0.026,60.0,0.6,56.0,0.224,2.612,0.261,2.991,0.299,0.26,0.8,4.0,1.143,5.407,3.353,1.24,10.0,Sample
761,0 days 02:35:22,37.0,G12,8170,G,12,GFP-Gext,Plate 1,2026-03-19 14:37:56,Cytation5,8,5.0,1.8,1.8,6.0,60.0,55.0,2.6,3.0,0.259,3.99,50.0,0.0,0.0,1.0,1.0,1.0,0.02,2.0,2000.0,6.5,0.026,60.0,0.6,56.0,0.224,2.612,0.261,2.991,0.299,0.26,0.8,4.0,1.143,5.407,3.353,1.24,10.0,Sample
762,0 days 02:40:22,37.0,G12,8266,G,12,GFP-Gext,Plate 1,2026-03-19 14:42:56,Cytation5,8,5.0,1.8,1.8,6.0,60.0,55.0,2.6,3.0,0.259,3.99,50.0,0.0,0.0,1.0,1.0,1.0,0.02,2.0,2000.0,6.5,0.026,60.0,0.6,56.0,0.224,2.612,0.261,2.991,0.299,0.26,0.8,4.0,1.143,5.407,3.353,1.24,10.0,Sample
763,0 days 02:45:22,37.1,G12,8105,G,12,GFP-Gext,Plate 1,2026-03-19 14:47:56,Cytation5,8,5.0,1.8,1.8,6.0,60.0,55.0,2.6,3.0,0.259,3.99,50.0,0.0,0.0,1.0,1.0,1.0,0.02,2.0,2000.0,6.5,0.026,60.0,0.6,56.0,0.224,2.612,0.261,2.991,0.299,0.26,0.8,4.0,1.143,5.407,3.353,1.24,10.0,Sample
764,0 days 02:50:22,37.0,G12,8179,G,12,GFP-Gext,Plate 1,2026-03-19 14:52:56,Cytation5,8,5.0,1.8,1.8,6.0,60.0,55.0,2.6,3.0,0.259,3.99,50.0,0.0,0.0,1.0,1.0,1.0,0.02,2.0,2000.0,6.5,0.026,60.0,0.6,56.0,0.224,2.612,0.261,2.991,0.299,0.26,0.8,4.0,1.143,5.407,3.353,1.24,10.0,Sample
765,0 days 02:55:22,37.0,G12,8204,G,12,GFP-Gext,Plate 1,2026-03-19 14:57:56,Cytation5,8,5.0,1.8,1.8,6.0,60.0,55.0,2.6,3.0,0.259,3.99,50.0,0.0,0.0,1.0,1.0,1.0,0.02,2.0,2000.0,6.5,0.026,60.0,0.6,56.0,0.224,2.612,0.261,2.991,0.299,0.26,0.8,4.0,1.143,5.407,3.353,1.24,10.0,Sample
766,0 days 03:00:22,37.0,G12,8137,G,12,GFP-Gext,Plate 1,2026-03-19 15:02:56,Cytation5,8,5.0,1.8,1.8,6.0,60.0,55.0,2.6,3.0,0.259,3.99,50.0,0.0,0.0,1.0,1.0,1.0,0.02,2.0,2000.0,6.5,0.026,60.0,0.6,56.0,0.224,2.612,0.261,2.991,0.299,0.26,0.8,4.0,1.143,5.407,3.353,1.24,10.0,Sample
767,0 days 03:05:22,37.0,G12,8172,G,12,GFP-Gext,Plate 1,2026-03-19 15:07:56,Cytation5,8,5.0,1.8,1.8,6.0,60.0,55.0,2.6,3.0,0.259,3.99,50.0,0.0,0.0,1.0,1.0,1.0,0.02,2.0,2000.0,6.5,0.026,60.0,0.6,56.0,0.224,2.612,0.261,2.991,0.299,0.26,0.8,4.0,1.143,5.407,3.353,1.24,10.0,Sample
768,0 days 03:10:22,37.0,G12,8217,G,12,GFP-Gext,Plate 1,2026-03-19 15:12:56,Cytation5,8,5.0,1.8,1.8,6.0,60.0,55.0,2.6,3.0,0.259,3.99,50.0,0.0,0.0,1.0,1.0,1.0,0.02,2.0,2000.0,6.5,0.026,60.0,0.6,56.0,0.224,2.612,0.261,2.991,0.299,0.26,0.8,4.0,1.143,5.407,3.353,1.24,10.0,Sample
769,0 days 03:15:22,37.0,G12,8354,G,12,GFP-Gext,Plate 1,2026-03-19 15:17:56,Cytation5,8,5.0,1.8,1.8,6.0,60.0,55.0,2.6,3.0,0.259,3.99,50.0,0.0,0.0,1.0,1.0,1.0,0.02,2.0,2000.0,6.5,0.026,60.0,0.6,56.0,0.224,2.612,0.261,2.991,0.299,0.26,0.8,4.0,1.143,5.407,3.353,1.24,10.0,Sample
770,0 days 03:20:22,37.0,G12,8298,G,12,GFP-Gext,Plate 1,2026-03-19 15:22:56,Cytation5,8,5.0,1.8,1.8,6.0,60.0,55.0,2.6,3.0,0.259,3.99,50.0,0.0,0.0,1.0,1.0,1.0,0.02,2.0,2000.0,6.5,0.026,60.0,0.6,56.0,0.224,2.612,0.261,2.991,0.299,0.26,0.8,4.0,1.143,5.407,3.353,1.24,10.0,Sample
771,0 days 03:25:22,37.1,G12,8385,G,12,GFP-Gext,Plate 1,2026-03-19 15:27:56,Cytation5,8,5.0,1.8,1.8,6.0,60.0,55.0,2.6,3.0,0.259,3.99,50.0,0.0,0.0,1.0,1.0,1.0,0.02,2.0,2000.0,6.5,0.026,60.0,0.6,56.0,0.224,2.612,0.261,2.991,0.299,0.26,0.8,4.0,1.143,5.407,3.353,1.24,10.0,Sample
772,0 days 03:30:22,36.9,G12,8342,G,12,GFP-Gext,Plate 1,2026-03-19 15:32:56,Cytation5,8,5.0,1.8,1.8,6.0,60.0,55.0,2.6,3.0,0.259,3.99,50.0,0.0,0.0,1.0,1.0,1.0,0.02,2.0,2000.0,6.5,0.026,60.0,0.6,56.0,0.224,2.612,0.261,2.991,0.299,0.26,0.8,4.0,1.143,5.407,3.353,1.24,10.0,Sample
773,0 days 03:35:22,37.1,G12,8452,G,12,GFP-Gext,Plate 1,2026-03-19 15:37:56,Cytation5,8,5.0,1.8,1.8,6.0,60.0,55.0,2.6,3.0,0.259,3.99,50.0,0.0,0.0,1.0,1.0,1.0,0.02,2.0,2000.0,6.5,0.026,60.0,0.6,56.0,0.224,2.612,0.261,2.991,0.299,0.26,0.8,4.0,1.143,5.407,3.353,1.24,10.0,Sample
774,0 days 03:40:22,37.0,G12,8348,G,12,GFP-Gext,Plate 1,2026-03-19 15:42:56,Cytation5,8,5.0,1.8,1.8,6.0,60.0,55.0,2.6,3.0,0.259,3.99,50.0,0.0,0.0,1.0,1.0,1.0,0.02,2.0,2000.0,6.5,0.026,60.0,0.6,56.0,0.224,2.612,0.261,2.991,0.299,0.26,0.8,4.0,1.143,5.407,3.353,1.24,10.0,Sample
775,0 days 03:45:22,37.0,G12,8452,G,12,GFP-Gext,Plate 1,2026-03-19 15:47:56,Cytation5,8,5.0,1.8,1.8,6.0,60.0,55.0,2.6,3.0,0.259,3.99,50.0,0.0,0.0,1.0,1.0,1.0,0.02,2.0,2000.0,6.5,0.026,60.0,0.6,56.0,0.224,2.612,0.261,2.991,0.299,0.26,0.8,4.0,1.143,5.407,3.353,1.24,10.0,Sample
776,0 days 03:50:22,37.0,G12,8492,G,12,GFP-Gext,Plate 1,2026-03-19 15:52:56,Cytation5,8,5.0,1.8,1.8,6.0,60.0,55.0,2.6,3.0,0.259,3.99,50.0,0.0,0.0,1.0,1.0,1.0,0.02,2.0,2000.0,6.5,0.026,60.0,0.6,56.0,0.224,2.612,0.261,2.991,0.299,0.26,0.8,4.0,1.143,5.407,3.353,1.24,10.0,Sample
777,0 days 03:55:22,37.1,G12,8463,G,12,GFP-Gext,Plate 1,2026-03-19 15:57:56,Cytation5,8,5.0,1.8,1.8,6.0,60.0,55.0,2.6,3.0,0.259,3.99,50.0,0.0,0.0,1.0,1.0,1.0,0.02,2.0,2000.0,6.5,0.026,60.0,0.6,56.0,0.224,2.612,0.261,2.991,0.299,0.26,0.8,4.0,1.143,5.407,3.353,1.24,10.0,Sample
778,0 days 04:00:22,37.0,G12,8482,G,12,GFP-Gext,Plate 1,2026-03-19 16:02:56,Cytation5,8,5.0,1.8,1.8,6.0,60.0,55.0,2.6,3.0,0.259,3.99,50.0,0.0,0.0,1.0,1.0,1.0,0.02,2.0,2000.0,6.5,0.026,60.0,0.6,56.0,0.224,2.612,0.261,2.991,0.299,0.26,0.8,4.0,1.143,5.407,3.353,1.24,10.0,Sample
779,0 days 04:05:22,37.1,G12,8497,G,12,GFP-Gext,Plate 1,2026-03-19 16:07:56,Cytation5,8,5.0,1.8,1.8,6.0,60.0,55.0,2.6,3.0,0.259,3.99,50.0,0.0,0.0,1.0,1.0,1.0,0.02,2.0,2000.0,6.5,0.026,60.0,0.6,56.0,0.224,2.612,0.261,2.991,0.299,0.26,0.8,4.0,1.143,5.407,3.353,1.24,10.0,Sample
780,0 days 04:10:22,37.0,G12,8509,G,12,GFP-Gext,Plate 1,2026-03-19 16:12:56,Cytation5,8,5.0,1.8,1.8,6.0,60.0,55.0,2.6,3.0,0.259,3.99,50.0,0.0,0.0,1.0,1.0,1.0,0.02,2.0,2000.0,6.5,0.026,60.0,0.6,56.0,0.224,2.612,0.261,2.991,0.299,0.26,0.8,4.0,1.143,5.407,3.353,1.24,10.0,Sample
781,0 days 04:15:22,37.0,G12,8588,G,12,GFP-Gext,Plate 1,2026-03-19 16:17:56,Cytation5,8,5.0,1.8,1.8,6.0,60.0,55.0,2.6,3.0,0.259,3.99,50.0,0.0,0.0,1.0,1.0,1.0,0.02,2.0,2000.0,6.5,0.026,60.0,0.6,56.0,0.224,2.612,0.261,2.991,0.299,0.26,0.8,4.0,1.143,5.407,3.353,1.24,10.0,Sample
782,0 days 04:20:22,37.0,G12,8587,G,12,GFP-Gext,Plate 1,2026-03-19 16:22:56,Cytation5,8,5.0,1.8,1.8,6.0,60.0,55.0,2.6,3.0,0.259,3.99,50.0,0.0,0.0,1.0,1.0,1.0,0.02,2.0,2000.0,6.5,0.026,60.0,0.6,56.0,0.224,2.612,0.261,2.991,0.299,0.26,0.8,4.0,1.143,5.407,3.353,1.24,10.0,Sample
783,0 days 04:25:22,37.1,G12,8728,G,12,GFP-Gext,Plate 1,2026-03-19 16:27:56,Cytation5,8,5.0,1.8,1.8,6.0,60.0,55.0,2.6,3.0,0.259,3.99,50.0,0.0,0.0,1.0,1.0,1.0,0.02,2.0,2000.0,6.5,0.026,60.0,0.6,56.0,0.224,2.612,0.261,2.991,0.299,0.26,0.8,4.0,1.143,5.407,3.353,1.24,10.0,Sample
784,0 days 04:30:22,37.0,G12,8644,G,12,GFP-Gext,Plate 1,2026-03-19 16:32:56,Cytation5,8,5.0,1.8,1.8,6.0,60.0,55.0,2.6,3.0,0.259,3.99,50.0,0.0,0.0,1.0,1.0,1.0,0.02,2.0,2000.0,6.5,0.026,60.0,0.6,56.0,0.224,2.612,0.261,2.991,0.299,0.26,0.8,4.0,1.143,5.407,3.353,1.24,10.0,Sample
785,0 days 04:35:22,37.0,G12,8778,G,12,GFP-Gext,Plate 1,2026-03-19 16:37:56,Cytation5,8,5.0,1.8,1.8,6.0,60.0,55.0,2.6,3.0,0.259,3.99,50.0,0.0,0.0,1.0,1.0,1.0,0.02,2.0,2000.0,6.5,0.026,60.0,0.6,56.0,0.224,2.612,0.261,2.991,0.299,0.26,0.8,4.0,1.143,5.407,3.353,1.24,10.0,Sample
786,0 days 04:40:22,37.0,G12,8799,G,12,GFP-Gext,Plate 1,2026-03-19 16:42:56,Cytation5,8,5.0,1.8,1.8,6.0,60.0,55.0,2.6,3.0,0.259,3.99,50.0,0.0,0.0,1.0,1.0,1.0,0.02,2.0,2000.0,6.5,0.026,60.0,0.6,56.0,0.224,2.612,0.261,2.991,0.299,0.26,0.8,4.0,1.143,5.407,3.353,1.24,10.0,Sample
787,0 days 04:45:22,37.0,G12,8721,G,12,GFP-Gext,Plate 1,2026-03-19 16:47:56,Cytation5,8,5.0,1.8,1.8,6.0,60.0,55.0,2.6,3.0,0.259,3.99,50.0,0.0,0.0,1.0,1.0,1.0,0.02,2.0,2000.0,6.5,0.026,60.0,0.6,56.0,0.224,2.612,0.261,2.991,0.299,0.26,0.8,4.0,1.143,5.407,3.353,1.24,10.0,Sample
788,0 days 04:50:22,37.0,G12,8960,G,12,GFP-Gext,Plate 1,2026-03-19 16:52:56,Cytation5,8,5.0,1.8,1.8,6.0,60.0,55.0,2.6,3.0,0.259,3.99,50.0,0.0,0.0,1.0,1.0,1.0,0.02,2.0,2000.0,6.5,0.026,60.0,0.6,56.0,0.224,2.612,0.261,2.991,0.299,0.26,0.8,4.0,1.143,5.407,3.353,1.24,10.0,Sample
789,0 days 04:55:22,37.1,G12,8812,G,12,GFP-Gext,Plate 1,2026-03-19 16:57:56,Cytation5,8,5.0,1.8,1.8,6.0,60.0,55.0,2.6,3.0,0.259,3.99,50.0,0.0,0.0,1.0,1.0,1.0,0.02,2.0,2000.0,6.5,0.026,60.0,0.6,56.0,0.224,2.612,0.261,2.991,0.299,0.26,0.8,4.0,1.143,5.407,3.353,1.24,10.0,Sample
790,0 days 05:00:22,37.1,G12,8925,G,12,GFP-Gext,Plate 1,2026-03-19 17:02:56,Cytation5,8,5.0,1.8,1.8,6.0,60.0,55.0,2.6,3.0,0.259,3.99,50.0,0.0,0.0,1.0,1.0,1.0,0.02,2.0,2000.0,6.5,0.026,60.0,0.6,56.0,0.224,2.612,0.261,2.991,0.299,0.26,0.8,4.0,1.143,5.407,3.353,1.24,10.0,Sample
791,0 days 05:05:22,37.0,G12,9028,G,12,GFP-Gext,Plate 1,2026-03-19 17:07:56,Cytation5,8,5.0,1.8,1.8,6.0,60.0,55.0,2.6,3.0,0.259,3.99,50.0,0.0,0.0,1.0,1.0,1.0,0.02,2.0,2000.0,6.5,0.026,60.0,0.6,56.0,0.224,2.612,0.261,2.991,0.299,0.26,0.8,4.0,1.143,5.407,3.353,1.24,10.0,Sample
792,0 days 05:10:22,37.0,G12,8984,G,12,GFP-Gext,Plate 1,2026-03-19 17:12:56,Cytation5,8,5.0,1.8,1.8,6.0,60.0,55.0,2.6,3.0,0.259,3.99,50.0,0.0,0.0,1.0,1.0,1.0,0.02,2.0,2000.0,6.5,0.026,60.0,0.6,56.0,0.224,2.612,0.261,2.991,0.299,0.26,0.8,4.0,1.143,5.407,3.353,1.24,10.0,Sample
793,0 days 05:15:22,37.1,G12,9055,G,12,GFP-Gext,Plate 1,2026-03-19 17:17:56,Cytation5,8,5.0,1.8,1.8,6.0,60.0,55.0,2.6,3.0,0.259,3.99,50.0,0.0,0.0,1.0,1.0,1.0,0.02,2.0,2000.0,6.5,0.026,60.0,0.6,56.0,0.224,2.612,0.261,2.991,0.299,0.26,0.8,4.0,1.143,5.407,3.353,1.24,10.0,Sample
794,0 days 05:20:22,37.0,G12,9100,G,12,GFP-Gext,Plate 1,2026-03-19 17:22:56,Cytation5,8,5.0,1.8,1.8,6.0,60.0,55.0,2.6,3.0,0.259,3.99,50.0,0.0,0.0,1.0,1.0,1.0,0.02,2.0,2000.0,6.5,0.026,60.0,0.6,56.0,0.224,2.612,0.261,2.991,0.299,0.26,0.8,4.0,1.143,5.407,3.353,1.24,10.0,Sample
795,0 days 05:25:22,37.0,G12,9073,G,12,GFP-Gext,Plate 1,2026-03-19 17:27:56,Cytation5,8,5.0,1.8,1.8,6.0,60.0,55.0,2.6,3.0,0.259,3.99,50.0,0.0,0.0,1.0,1.0,1.0,0.02,2.0,2000.0,6.5,0.026,60.0,0.6,56.0,0.224,2.612,0.261,2.991,0.299,0.26,0.8,4.0,1.143,5.407,3.353,1.24,10.0,Sample
796,0 days 05:30:22,37.0,G12,9162,G,12,GFP-Gext,Plate 1,2026-03-19 17:32:56,Cytation5,8,5.0,1.8,1.8,6.0,60.0,55.0,2.6,3.0,0.259,3.99,50.0,0.0,0.0,1.0,1.0,1.0,0.02,2.0,2000.0,6.5,0.026,60.0,0.6,56.0,0.224,2.612,0.261,2.991,0.299,0.26,0.8,4.0,1.143,5.407,3.353,1.24,10.0,Sample
797,0 days 05:35:22,37.0,G12,9164,G,12,GFP-Gext,Plate 1,2026-03-19 17:37:56,Cytation5,8,5.0,1.8,1.8,6.0,60.0,55.0,2.6,3.0,0.259,3.99,50.0,0.0,0.0,1.0,1.0,1.0,0.02,2.0,2000.0,6.5,0.026,60.0,0.6,56.0,0.224,2.612,0.261,2.991,0.299,0.26,0.8,4.0,1.143,5.407,3.353,1.24,10.0,Sample
798,0 days 05:40:22,37.0,G12,9221,G,12,GFP-Gext,Plate 1,2026-03-19 17:42:56,Cytation5,8,5.0,1.8,1.8,6.0,60.0,55.0,2.6,3.0,0.259,3.99,50.0,0.0,0.0,1.0,1.0,1.0,0.02,2.0,2000.0,6.5,0.026,60.0,0.6,56.0,0.224,2.612,0.261,2.991,0.299,0.26,0.8,4.0,1.143,5.407,3.353,1.24,10.0,Sample
799,0 days 05:45:22,37.0,G12,9291,G,12,GFP-Gext,Plate 1,2026-03-19 17:47:56,Cytation5,8,5.0,1.8,1.8,6.0,60.0,55.0,2.6,3.0,0.259,3.99,50.0,0.0,0.0,1.0,1.0,1.0,0.02,2.0,2000.0,6.5,0.026,60.0,0.6,56.0,0.224,2.612,0.261,2.991,0.299,0.26,0.8,4.0,1.143,5.407,3.353,1.24,10.0,Sample
800,0 days 05:50:22,37.0,G12,9191,G,12,GFP-Gext,Plate 1,2026-03-19 17:52:56,Cytation5,8,5.0,1.8,1.8,6.0,60.0,55.0,2.6,3.0,0.259,3.99,50.0,0.0,0.0,1.0,1.0,1.0,0.02,2.0,2000.0,6.5,0.026,60.0,0.6,56.0,0.224,2.612,0.261,2.991,0.299,0.26,0.8,4.0,1.143,5.407,3.353,1.24,10.0,Sample
801,0 days 05:55:22,37.0,G12,9257,G,12,GFP-Gext,Plate 1,2026-03-19 17:57:56,Cytation5,8,5.0,1.8,1.8,6.0,60.0,55.0,2.6,3.0,0.259,3.99,50.0,0.0,0.0,1.0,1.0,1.0,0.02,2.0,2000.0,6.5,0.026,60.0,0.6,56.0,0.224,2.612,0.261,2.991,0.299,0.26,0.8,4.0,1.143,5.407,3.353,1.24,10.0,Sample
802,0 days 06:00:22,37.0,G12,9302,G,12,GFP-Gext,Plate 1,2026-03-19 18:02:56,Cytation5,8,5.0,1.8,1.8,6.0,60.0,55.0,2.6,3.0,0.259,3.99,50.0,0.0,0.0,1.0,1.0,1.0,0.02,2.0,2000.0,6.5,0.026,60.0,0.6,56.0,0.224,2.612,0.261,2.991,0.299,0.26,0.8,4.0,1.143,5.407,3.353,1.24,10.0,Sample
803,0 days 00:00:22,27.7,G13,398,G,13,GFP-Gext,Plate 1,2026-03-19 12:02:56,Cytation5,28,5.0,1.8,1.8,6.0,30.0,65.0,1.9,1.9,0.399,2.135,50.0,0.0,0.0,1.0,1.0,1.0,0.02,2.0,2000.0,6.3,0.025,30.1,0.301,65.9,0.264,1.924,0.192,1.946,0.195,0.4,1.231,2.126,0.607,5.407,2.815,1.778,10.0,Sample
804,0 days 00:05:22,33.8,G13,469,G,13,GFP-Gext,Plate 1,2026-03-19 12:07:56,Cytation5,28,5.0,1.8,1.8,6.0,30.0,65.0,1.9,1.9,0.399,2.135,50.0,0.0,0.0,1.0,1.0,1.0,0.02,2.0,2000.0,6.3,0.025,30.1,0.301,65.9,0.264,1.924,0.192,1.946,0.195,0.4,1.231,2.126,0.607,5.407,2.815,1.778,10.0,Sample
805,0 days 00:10:22,37.0,G13,1167,G,13,GFP-Gext,Plate 1,2026-03-19 12:12:56,Cytation5,28,5.0,1.8,1.8,6.0,30.0,65.0,1.9,1.9,0.399,2.135,50.0,0.0,0.0,1.0,1.0,1.0,0.02,2.0,2000.0,6.3,0.025,30.1,0.301,65.9,0.264,1.924,0.192,1.946,0.195,0.4,1.231,2.126,0.607,5.407,2.815,1.778,10.0,Sample
806,0 days 00:15:22,37.0,G13,3435,G,13,GFP-Gext,Plate 1,2026-03-19 12:17:56,Cytation5,28,5.0,1.8,1.8,6.0,30.0,65.0,1.9,1.9,0.399,2.135,50.0,0.0,0.0,1.0,1.0,1.0,0.02,2.0,2000.0,6.3,0.025,30.1,0.301,65.9,0.264,1.924,0.192,1.946,0.195,0.4,1.231,2.126,0.607,5.407,2.815,1.778,10.0,Sample
807,0 days 00:20:22,37.0,G13,7187,G,13,GFP-Gext,Plate 1,2026-03-19 12:22:56,Cytation5,28,5.0,1.8,1.8,6.0,30.0,65.0,1.9,1.9,0.399,2.135,50.0,0.0,0.0,1.0,1.0,1.0,0.02,2.0,2000.0,6.3,0.025,30.1,0.301,65.9,0.264,1.924,0.192,1.946,0.195,0.4,1.231,2.126,0.607,5.407,2.815,1.778,10.0,Sample
808,0 days 00:25:22,37.1,G13,11937,G,13,GFP-Gext,Plate 1,2026-03-19 12:27:56,Cytation5,28,5.0,1.8,1.8,6.0,30.0,65.0,1.9,1.9,0.399,2.135,50.0,0.0,0.0,1.0,1.0,1.0,0.02,2.0,2000.0,6.3,0.025,30.1,0.301,65.9,0.264,1.924,0.192,1.946,0.195,0.4,1.231,2.126,0.607,5.407,2.815,1.778,10.0,Sample
809,0 days 00:30:22,37.0,G13,17592,G,13,GFP-Gext,Plate 1,2026-03-19 12:32:56,Cytation5,28,5.0,1.8,1.8,6.0,30.0,65.0,1.9,1.9,0.399,2.135,50.0,0.0,0.0,1.0,1.0,1.0,0.02,2.0,2000.0,6.3,0.025,30.1,0.301,65.9,0.264,1.924,0.192,1.946,0.195,0.4,1.231,2.126,0.607,5.407,2.815,1.778,10.0,Sample
810,0 days 00:35:22,37.0,G13,23431,G,13,GFP-Gext,Plate 1,2026-03-19 12:37:56,Cytation5,28,5.0,1.8,1.8,6.0,30.0,65.0,1.9,1.9,0.399,2.135,50.0,0.0,0.0,1.0,1.0,1.0,0.02,2.0,2000.0,6.3,0.025,30.1,0.301,65.9,0.264,1.924,0.192,1.946,0.195,0.4,1.231,2.126,0.607,5.407,2.815,1.778,10.0,Sample
811,0 days 00:40:22,37.0,G13,29294,G,13,GFP-Gext,Plate 1,2026-03-19 12:42:56,Cytation5,28,5.0,1.8,1.8,6.0,30.0,65.0,1.9,1.9,0.399,2.135,50.0,0.0,0.0,1.0,1.0,1.0,0.02,2.0,2000.0,6.3,0.025,30.1,0.301,65.9,0.264,1.924,0.192,1.946,0.195,0.4,1.231,2.126,0.607,5.407,2.815,1.778,10.0,Sample
812,0 days 00:45:22,36.9,G13,36186,G,13,GFP-Gext,Plate 1,2026-03-19 12:47:56,Cytation5,28,5.0,1.8,1.8,6.0,30.0,65.0,1.9,1.9,0.399,2.135,50.0,0.0,0.0,1.0,1.0,1.0,0.02,2.0,2000.0,6.3,0.025,30.1,0.301,65.9,0.264,1.924,0.192,1.946,0.195,0.4,1.231,2.126,0.607,5.407,2.815,1.778,10.0,Sample
813,0 days 00:50:22,37.0,G13,43318,G,13,GFP-Gext,Plate 1,2026-03-19 12:52:56,Cytation5,28,5.0,1.8,1.8,6.0,30.0,65.0,1.9,1.9,0.399,2.135,50.0,0.0,0.0,1.0,1.0,1.0,0.02,2.0,2000.0,6.3,0.025,30.1,0.301,65.9,0.264,1.924,0.192,1.946,0.195,0.4,1.231,2.126,0.607,5.407,2.815,1.778,10.0,Sample
814,0 days 00:55:22,37.0,G13,48325,G,13,GFP-Gext,Plate 1,2026-03-19 12:57:56,Cytation5,28,5.0,1.8,1.8,6.0,30.0,65.0,1.9,1.9,0.399,2.135,50.0,0.0,0.0,1.0,1.0,1.0,0.02,2.0,2000.0,6.3,0.025,30.1,0.301,65.9,0.264,1.924,0.192,1.946,0.195,0.4,1.231,2.126,0.607,5.407,2.815,1.778,10.0,Sample
815,0 days 01:00:22,37.0,G13,51998,G,13,GFP-Gext,Plate 1,2026-03-19 13:02:56,Cytation5,28,5.0,1.8,1.8,6.0,30.0,65.0,1.9,1.9,0.399,2.135,50.0,0.0,0.0,1.0,1.0,1.0,0.02,2.0,2000.0,6.3,0.025,30.1,0.301,65.9,0.264,1.924,0.192,1.946,0.195,0.4,1.231,2.126,0.607,5.407,2.815,1.778,10.0,Sample
816,0 days 01:05:22,37.0,G13,55697,G,13,GFP-Gext,Plate 1,2026-03-19 13:07:56,Cytation5,28,5.0,1.8,1.8,6.0,30.0,65.0,1.9,1.9,0.399,2.135,50.0,0.0,0.0,1.0,1.0,1.0,0.02,2.0,2000.0,6.3,0.025,30.1,0.301,65.9,0.264,1.924,0.192,1.946,0.195,0.4,1.231,2.126,0.607,5.407,2.815,1.778,10.0,Sample
817,0 days 01:10:22,37.0,G13,58979,G,13,GFP-Gext,Plate 1,2026-03-19 13:12:56,Cytation5,28,5.0,1.8,1.8,6.0,30.0,65.0,1.9,1.9,0.399,2.135,50.0,0.0,0.0,1.0,1.0,1.0,0.02,2.0,2000.0,6.3,0.025,30.1,0.301,65.9,0.264,1.924,0.192,1.946,0.195,0.4,1.231,2.126,0.607,5.407,2.815,1.778,10.0,Sample
818,0 days 01:15:22,37.0,G13,61394,G,13,GFP-Gext,Plate 1,2026-03-19 13:17:56,Cytation5,28,5.0,1.8,1.8,6.0,30.0,65.0,1.9,1.9,0.399,2.135,50.0,0.0,0.0,1.0,1.0,1.0,0.02,2.0,2000.0,6.3,0.025,30.1,0.301,65.9,0.264,1.924,0.192,1.946,0.195,0.4,1.231,2.126,0.607,5.407,2.815,1.778,10.0,Sample
819,0 days 01:20:22,37.0,G13,65422,G,13,GFP-Gext,Plate 1,2026-03-19 13:22:56,Cytation5,28,5.0,1.8,1.8,6.0,30.0,65.0,1.9,1.9,0.399,2.135,50.0,0.0,0.0,1.0,1.0,1.0,0.02,2.0,2000.0,6.3,0.025,30.1,0.301,65.9,0.264,1.924,0.192,1.946,0.195,0.4,1.231,2.126,0.607,5.407,2.815,1.778,10.0,Sample
820,0 days 01:25:22,37.1,G13,67591,G,13,GFP-Gext,Plate 1,2026-03-19 13:27:56,Cytation5,28,5.0,1.8,1.8,6.0,30.0,65.0,1.9,1.9,0.399,2.135,50.0,0.0,0.0,1.0,1.0,1.0,0.02,2.0,2000.0,6.3,0.025,30.1,0.301,65.9,0.264,1.924,0.192,1.946,0.195,0.4,1.231,2.126,0.607,5.407,2.815,1.778,10.0,Sample
821,0 days 01:30:22,37.1,G13,68220,G,13,GFP-Gext,Plate 1,2026-03-19 13:32:56,Cytation5,28,5.0,1.8,1.8,6.0,30.0,65.0,1.9,1.9,0.399,2.135,50.0,0.0,0.0,1.0,1.0,1.0,0.02,2.0,2000.0,6.3,0.025,30.1,0.301,65.9,0.264,1.924,0.192,1.946,0.195,0.4,1.231,2.126,0.607,5.407,2.815,1.778,10.0,Sample
822,0 days 01:35:22,37.0,G13,70753,G,13,GFP-Gext,Plate 1,2026-03-19 13:37:56,Cytation5,28,5.0,1.8,1.8,6.0,30.0,65.0,1.9,1.9,0.399,2.135,50.0,0.0,0.0,1.0,1.0,1.0,0.02,2.0,2000.0,6.3,0.025,30.1,0.301,65.9,0.264,1.924,0.192,1.946,0.195,0.4,1.231,2.126,0.607,5.407,2.815,1.778,10.0,Sample
823,0 days 01:40:22,37.0,G13,73877,G,13,GFP-Gext,Plate 1,2026-03-19 13:42:56,Cytation5,28,5.0,1.8,1.8,6.0,30.0,65.0,1.9,1.9,0.399,2.135,50.0,0.0,0.0,1.0,1.0,1.0,0.02,2.0,2000.0,6.3,0.025,30.1,0.301,65.9,0.264,1.924,0.192,1.946,0.195,0.4,1.231,2.126,0.607,5.407,2.815,1.778,10.0,Sample
824,0 days 01:45:22,37.0,G13,77487,G,13,GFP-Gext,Plate 1,2026-03-19 13:47:56,Cytation5,28,5.0,1.8,1.8,6.0,30.0,65.0,1.9,1.9,0.399,2.135,50.0,0.0,0.0,1.0,1.0,1.0,0.02,2.0,2000.0,6.3,0.025,30.1,0.301,65.9,0.264,1.924,0.192,1.946,0.195,0.4,1.231,2.126,0.607,5.407,2.815,1.778,10.0,Sample
825,0 days 01:50:22,36.9,G13,80146,G,13,GFP-Gext,Plate 1,2026-03-19 13:52:56,Cytation5,28,5.0,1.8,1.8,6.0,30.0,65.0,1.9,1.9,0.399,2.135,50.0,0.0,0.0,1.0,1.0,1.0,0.02,2.0,2000.0,6.3,0.025,30.1,0.301,65.9,0.264,1.924,0.192,1.946,0.195,0.4,1.231,2.126,0.607,5.407,2.815,1.778,10.0,Sample
826,0 days 01:55:22,37.0,G13,82329,G,13,GFP-Gext,Plate 1,2026-03-19 13:57:56,Cytation5,28,5.0,1.8,1.8,6.0,30.0,65.0,1.9,1.9,0.399,2.135,50.0,0.0,0.0,1.0,1.0,1.0,0.02,2.0,2000.0,6.3,0.025,30.1,0.301,65.9,0.264,1.924,0.192,1.946,0.195,0.4,1.231,2.126,0.607,5.407,2.815,1.778,10.0,Sample
827,0 days 02:00:22,37.0,G13,84953,G,13,GFP-Gext,Plate 1,2026-03-19 14:02:56,Cytation5,28,5.0,1.8,1.8,6.0,30.0,65.0,1.9,1.9,0.399,2.135,50.0,0.0,0.0,1.0,1.0,1.0,0.02,2.0,2000.0,6.3,0.025,30.1,0.301,65.9,0.264,1.924,0.192,1.946,0.195,0.4,1.231,2.126,0.607,5.407,2.815,1.778,10.0,Sample
828,0 days 02:05:22,37.0,G13,85545,G,13,GFP-Gext,Plate 1,2026-03-19 14:07:56,Cytation5,28,5.0,1.8,1.8,6.0,30.0,65.0,1.9,1.9,0.399,2.135,50.0,0.0,0.0,1.0,1.0,1.0,0.02,2.0,2000.0,6.3,0.025,30.1,0.301,65.9,0.264,1.924,0.192,1.946,0.195,0.4,1.231,2.126,0.607,5.407,2.815,1.778,10.0,Sample
829,0 days 02:10:22,37.0,G13,88393,G,13,GFP-Gext,Plate 1,2026-03-19 14:12:56,Cytation5,28,5.0,1.8,1.8,6.0,30.0,65.0,1.9,1.9,0.399,2.135,50.0,0.0,0.0,1.0,1.0,1.0,0.02,2.0,2000.0,6.3,0.025,30.1,0.301,65.9,0.264,1.924,0.192,1.946,0.195,0.4,1.231,2.126,0.607,5.407,2.815,1.778,10.0,Sample
830,0 days 02:15:22,37.0,G13,89477,G,13,GFP-Gext,Plate 1,2026-03-19 14:17:56,Cytation5,28,5.0,1.8,1.8,6.0,30.0,65.0,1.9,1.9,0.399,2.135,50.0,0.0,0.0,1.0,1.0,1.0,0.02,2.0,2000.0,6.3,0.025,30.1,0.301,65.9,0.264,1.924,0.192,1.946,0.195,0.4,1.231,2.126,0.607,5.407,2.815,1.778,10.0,Sample
831,0 days 02:20:22,37.0,G13,91739,G,13,GFP-Gext,Plate 1,2026-03-19 14:22:56,Cytation5,28,5.0,1.8,1.8,6.0,30.0,65.0,1.9,1.9,0.399,2.135,50.0,0.0,0.0,1.0,1.0,1.0,0.02,2.0,2000.0,6.3,0.025,30.1,0.301,65.9,0.264,1.924,0.192,1.946,0.195,0.4,1.231,2.126,0.607,5.407,2.815,1.778,10.0,Sample
832,0 days 02:25:22,37.0,G13,93875,G,13,GFP-Gext,Plate 1,2026-03-19 14:27:56,Cytation5,28,5.0,1.8,1.8,6.0,30.0,65.0,1.9,1.9,0.399,2.135,50.0,0.0,0.0,1.0,1.0,1.0,0.02,2.0,2000.0,6.3,0.025,30.1,0.301,65.9,0.264,1.924,0.192,1.946,0.195,0.4,1.231,2.126,0.607,5.407,2.815,1.778,10.0,Sample
833,0 days 02:30:22,37.1,G13,94992,G,13,GFP-Gext,Plate 1,2026-03-19 14:32:56,Cytation5,28,5.0,1.8,1.8,6.0,30.0,65.0,1.9,1.9,0.399,2.135,50.0,0.0,0.0,1.0,1.0,1.0,0.02,2.0,2000.0,6.3,0.025,30.1,0.301,65.9,0.264,1.924,0.192,1.946,0.195,0.4,1.231,2.126,0.607,5.407,2.815,1.778,10.0,Sample
834,0 days 02:35:22,37.0,G13,96509,G,13,GFP-Gext,Plate 1,2026-03-19 14:37:56,Cytation5,28,5.0,1.8,1.8,6.0,30.0,65.0,1.9,1.9,0.399,2.135,50.0,0.0,0.0,1.0,1.0,1.0,0.02,2.0,2000.0,6.3,0.025,30.1,0.301,65.9,0.264,1.924,0.192,1.946,0.195,0.4,1.231,2.126,0.607,5.407,2.815,1.778,10.0,Sample
835,0 days 02:40:22,37.0,G13,98144,G,13,GFP-Gext,Plate 1,2026-03-19 14:42:56,Cytation5,28,5.0,1.8,1.8,6.0,30.0,65.0,1.9,1.9,0.399,2.135,50.0,0.0,0.0,1.0,1.0,1.0,0.02,2.0,2000.0,6.3,0.025,30.1,0.301,65.9,0.264,1.924,0.192,1.946,0.195,0.4,1.231,2.126,0.607,5.407,2.815,1.778,10.0,Sample
836,0 days 02:45:22,37.1,G13,98867,G,13,GFP-Gext,Plate 1,2026-03-19 14:47:56,Cytation5,28,5.0,1.8,1.8,6.0,30.0,65.0,1.9,1.9,0.399,2.135,50.0,0.0,0.0,1.0,1.0,1.0,0.02,2.0,2000.0,6.3,0.025,30.1,0.301,65.9,0.264,1.924,0.192,1.946,0.195,0.4,1.231,2.126,0.607,5.407,2.815,1.778,10.0,Sample
837,0 days 02:50:22,37.0,G13,100188,G,13,GFP-Gext,Plate 1,2026-03-19 14:52:56,Cytation5,28,5.0,1.8,1.8,6.0,30.0,65.0,1.9,1.9,0.399,2.135,50.0,0.0,0.0,1.0,1.0,1.0,0.02,2.0,2000.0,6.3,0.025,30.1,0.301,65.9,0.264,1.924,0.192,1.946,0.195,0.4,1.231,2.126,0.607,5.407,2.815,1.778,10.0,Sample
838,0 days 02:55:22,37.0,G13,101821,G,13,GFP-Gext,Plate 1,2026-03-19 14:57:56,Cytation5,28,5.0,1.8,1.8,6.0,30.0,65.0,1.9,1.9,0.399,2.135,50.0,0.0,0.0,1.0,1.0,1.0,0.02,2.0,2000.0,6.3,0.025,30.1,0.301,65.9,0.264,1.924,0.192,1.946,0.195,0.4,1.231,2.126,0.607,5.407,2.815,1.778,10.0,Sample
839,0 days 03:00:22,37.0,G13,103025,G,13,GFP-Gext,Plate 1,2026-03-19 15:02:56,Cytation5,28,5.0,1.8,1.8,6.0,30.0,65.0,1.9,1.9,0.399,2.135,50.0,0.0,0.0,1.0,1.0,1.0,0.02,2.0,2000.0,6.3,0.025,30.1,0.301,65.9,0.264,1.924,0.192,1.946,0.195,0.4,1.231,2.126,0.607,5.407,2.815,1.778,10.0,Sample
840,0 days 03:05:22,37.0,G13,103630,G,13,GFP-Gext,Plate 1,2026-03-19 15:07:56,Cytation5,28,5.0,1.8,1.8,6.0,30.0,65.0,1.9,1.9,0.399,2.135,50.0,0.0,0.0,1.0,1.0,1.0,0.02,2.0,2000.0,6.3,0.025,30.1,0.301,65.9,0.264,1.924,0.192,1.946,0.195,0.4,1.231,2.126,0.607,5.407,2.815,1.778,10.0,Sample
841,0 days 03:10:22,37.0,G13,105226,G,13,GFP-Gext,Plate 1,2026-03-19 15:12:56,Cytation5,28,5.0,1.8,1.8,6.0,30.0,65.0,1.9,1.9,0.399,2.135,50.0,0.0,0.0,1.0,1.0,1.0,0.02,2.0,2000.0,6.3,0.025,30.1,0.301,65.9,0.264,1.924,0.192,1.946,0.195,0.4,1.231,2.126,0.607,5.407,2.815,1.778,10.0,Sample
842,0 days 03:15:22,37.0,G13,105443,G,13,GFP-Gext,Plate 1,2026-03-19 15:17:56,Cytation5,28,5.0,1.8,1.8,6.0,30.0,65.0,1.9,1.9,0.399,2.135,50.0,0.0,0.0,1.0,1.0,1.0,0.02,2.0,2000.0,6.3,0.025,30.1,0.301,65.9,0.264,1.924,0.192,1.946,0.195,0.4,1.231,2.126,0.607,5.407,2.815,1.778,10.0,Sample
843,0 days 03:20:22,37.0,G13,107307,G,13,GFP-Gext,Plate 1,2026-03-19 15:22:56,Cytation5,28,5.0,1.8,1.8,6.0,30.0,65.0,1.9,1.9,0.399,2.135,50.0,0.0,0.0,1.0,1.0,1.0,0.02,2.0,2000.0,6.3,0.025,30.1,0.301,65.9,0.264,1.924,0.192,1.946,0.195,0.4,1.231,2.126,0.607,5.407,2.815,1.778,10.0,Sample
844,0 days 03:25:22,37.1,G13,107178,G,13,GFP-Gext,Plate 1,2026-03-19 15:27:56,Cytation5,28,5.0,1.8,1.8,6.0,30.0,65.0,1.9,1.9,0.399,2.135,50.0,0.0,0.0,1.0,1.0,1.0,0.02,2.0,2000.0,6.3,0.025,30.1,0.301,65.9,0.264,1.924,0.192,1.946,0.195,0.4,1.231,2.126,0.607,5.407,2.815,1.778,10.0,Sample
845,0 days 03:30:22,36.9,G13,107766,G,13,GFP-Gext,Plate 1,2026-03-19 15:32:56,Cytation5,28,5.0,1.8,1.8,6.0,30.0,65.0,1.9,1.9,0.399,2.135,50.0,0.0,0.0,1.0,1.0,1.0,0.02,2.0,2000.0,6.3,0.025,30.1,0.301,65.9,0.264,1.924,0.192,1.946,0.195,0.4,1.231,2.126,0.607,5.407,2.815,1.778,10.0,Sample
846,0 days 03:35:22,37.1,G13,108643,G,13,GFP-Gext,Plate 1,2026-03-19 15:37:56,Cytation5,28,5.0,1.8,1.8,6.0,30.0,65.0,1.9,1.9,0.399,2.135,50.0,0.0,0.0,1.0,1.0,1.0,0.02,2.0,2000.0,6.3,0.025,30.1,0.301,65.9,0.264,1.924,0.192,1.946,0.195,0.4,1.231,2.126,0.607,5.407,2.815,1.778,10.0,Sample
847,0 days 03:40:22,37.0,G13,110041,G,13,GFP-Gext,Plate 1,2026-03-19 15:42:56,Cytation5,28,5.0,1.8,1.8,6.0,30.0,65.0,1.9,1.9,0.399,2.135,50.0,0.0,0.0,1.0,1.0,1.0,0.02,2.0,2000.0,6.3,0.025,30.1,0.301,65.9,0.264,1.924,0.192,1.946,0.195,0.4,1.231,2.126,0.607,5.407,2.815,1.778,10.0,Sample
848,0 days 03:45:22,37.0,G13,109119,G,13,GFP-Gext,Plate 1,2026-03-19 15:47:56,Cytation5,28,5.0,1.8,1.8,6.0,30.0,65.0,1.9,1.9,0.399,2.135,50.0,0.0,0.0,1.0,1.0,1.0,0.02,2.0,2000.0,6.3,0.025,30.1,0.301,65.9,0.264,1.924,0.192,1.946,0.195,0.4,1.231,2.126,0.607,5.407,2.815,1.778,10.0,Sample
849,0 days 03:50:22,37.0,G13,109300,G,13,GFP-Gext,Plate 1,2026-03-19 15:52:56,Cytation5,28,5.0,1.8,1.8,6.0,30.0,65.0,1.9,1.9,0.399,2.135,50.0,0.0,0.0,1.0,1.0,1.0,0.02,2.0,2000.0,6.3,0.025,30.1,0.301,65.9,0.264,1.924,0.192,1.946,0.195,0.4,1.231,2.126,0.607,5.407,2.815,1.778,10.0,Sample
850,0 days 03:55:22,37.1,G13,110767,G,13,GFP-Gext,Plate 1,2026-03-19 15:57:56,Cytation5,28,5.0,1.8,1.8,6.0,30.0,65.0,1.9,1.9,0.399,2.135,50.0,0.0,0.0,1.0,1.0,1.0,0.02,2.0,2000.0,6.3,0.025,30.1,0.301,65.9,0.264,1.924,0.192,1.946,0.195,0.4,1.231,2.126,0.607,5.407,2.815,1.778,10.0,Sample
851,0 days 04:00:22,37.0,G13,110010,G,13,GFP-Gext,Plate 1,2026-03-19 16:02:56,Cytation5,28,5.0,1.8,1.8,6.0,30.0,65.0,1.9,1.9,0.399,2.135,50.0,0.0,0.0,1.0,1.0,1.0,0.02,2.0,2000.0,6.3,0.025,30.1,0.301,65.9,0.264,1.924,0.192,1.946,0.195,0.4,1.231,2.126,0.607,5.407,2.815,1.778,10.0,Sample
852,0 days 04:05:22,37.1,G13,110765,G,13,GFP-Gext,Plate 1,2026-03-19 16:07:56,Cytation5,28,5.0,1.8,1.8,6.0,30.0,65.0,1.9,1.9,0.399,2.135,50.0,0.0,0.0,1.0,1.0,1.0,0.02,2.0,2000.0,6.3,0.025,30.1,0.301,65.9,0.264,1.924,0.192,1.946,0.195,0.4,1.231,2.126,0.607,5.407,2.815,1.778,10.0,Sample
853,0 days 04:10:22,37.0,G13,110805,G,13,GFP-Gext,Plate 1,2026-03-19 16:12:56,Cytation5,28,5.0,1.8,1.8,6.0,30.0,65.0,1.9,1.9,0.399,2.135,50.0,0.0,0.0,1.0,1.0,1.0,0.02,2.0,2000.0,6.3,0.025,30.1,0.301,65.9,0.264,1.924,0.192,1.946,0.195,0.4,1.231,2.126,0.607,5.407,2.815,1.778,10.0,Sample
854,0 days 04:15:22,37.0,G13,111075,G,13,GFP-Gext,Plate 1,2026-03-19 16:17:56,Cytation5,28,5.0,1.8,1.8,6.0,30.0,65.0,1.9,1.9,0.399,2.135,50.0,0.0,0.0,1.0,1.0,1.0,0.02,2.0,2000.0,6.3,0.025,30.1,0.301,65.9,0.264,1.924,0.192,1.946,0.195,0.4,1.231,2.126,0.607,5.407,2.815,1.778,10.0,Sample
855,0 days 04:20:22,37.0,G13,111832,G,13,GFP-Gext,Plate 1,2026-03-19 16:22:56,Cytation5,28,5.0,1.8,1.8,6.0,30.0,65.0,1.9,1.9,0.399,2.135,50.0,0.0,0.0,1.0,1.0,1.0,0.02,2.0,2000.0,6.3,0.025,30.1,0.301,65.9,0.264,1.924,0.192,1.946,0.195,0.4,1.231,2.126,0.607,5.407,2.815,1.778,10.0,Sample
856,0 days 04:25:22,37.1,G13,111765,G,13,GFP-Gext,Plate 1,2026-03-19 16:27:56,Cytation5,28,5.0,1.8,1.8,6.0,30.0,65.0,1.9,1.9,0.399,2.135,50.0,0.0,0.0,1.0,1.0,1.0,0.02,2.0,2000.0,6.3,0.025,30.1,0.301,65.9,0.264,1.924,0.192,1.946,0.195,0.4,1.231,2.126,0.607,5.407,2.815,1.778,10.0,Sample
857,0 days 04:30:22,37.0,G13,111214,G,13,GFP-Gext,Plate 1,2026-03-19 16:32:56,Cytation5,28,5.0,1.8,1.8,6.0,30.0,65.0,1.9,1.9,0.399,2.135,50.0,0.0,0.0,1.0,1.0,1.0,0.02,2.0,2000.0,6.3,0.025,30.1,0.301,65.9,0.264,1.924,0.192,1.946,0.195,0.4,1.231,2.126,0.607,5.407,2.815,1.778,10.0,Sample
858,0 days 04:35:22,37.0,G13,112197,G,13,GFP-Gext,Plate 1,2026-03-19 16:37:56,Cytation5,28,5.0,1.8,1.8,6.0,30.0,65.0,1.9,1.9,0.399,2.135,50.0,0.0,0.0,1.0,1.0,1.0,0.02,2.0,2000.0,6.3,0.025,30.1,0.301,65.9,0.264,1.924,0.192,1.946,0.195,0.4,1.231,2.126,0.607,5.407,2.815,1.778,10.0,Sample
859,0 days 04:40:22,37.0,G13,111907,G,13,GFP-Gext,Plate 1,2026-03-19 16:42:56,Cytation5,28,5.0,1.8,1.8,6.0,30.0,65.0,1.9,1.9,0.399,2.135,50.0,0.0,0.0,1.0,1.0,1.0,0.02,2.0,2000.0,6.3,0.025,30.1,0.301,65.9,0.264,1.924,0.192,1.946,0.195,0.4,1.231,2.126,0.607,5.407,2.815,1.778,10.0,Sample
860,0 days 04:45:22,37.0,G13,111739,G,13,GFP-Gext,Plate 1,2026-03-19 16:47:56,Cytation5,28,5.0,1.8,1.8,6.0,30.0,65.0,1.9,1.9,0.399,2.135,50.0,0.0,0.0,1.0,1.0,1.0,0.02,2.0,2000.0,6.3,0.025,30.1,0.301,65.9,0.264,1.924,0.192,1.946,0.195,0.4,1.231,2.126,0.607,5.407,2.815,1.778,10.0,Sample
861,0 days 04:50:22,37.0,G13,112359,G,13,GFP-Gext,Plate 1,2026-03-19 16:52:56,Cytation5,28,5.0,1.8,1.8,6.0,30.0,65.0,1.9,1.9,0.399,2.135,50.0,0.0,0.0,1.0,1.0,1.0,0.02,2.0,2000.0,6.3,0.025,30.1,0.301,65.9,0.264,1.924,0.192,1.946,0.195,0.4,1.231,2.126,0.607,5.407,2.815,1.778,10.0,Sample
862,0 days 04:55:22,37.1,G13,111912,G,13,GFP-Gext,Plate 1,2026-03-19 16:57:56,Cytation5,28,5.0,1.8,1.8,6.0,30.0,65.0,1.9,1.9,0.399,2.135,50.0,0.0,0.0,1.0,1.0,1.0,0.02,2.0,2000.0,6.3,0.025,30.1,0.301,65.9,0.264,1.924,0.192,1.946,0.195,0.4,1.231,2.126,0.607,5.407,2.815,1.778,10.0,Sample
863,0 days 05:00:22,37.1,G13,111826,G,13,GFP-Gext,Plate 1,2026-03-19 17:02:56,Cytation5,28,5.0,1.8,1.8,6.0,30.0,65.0,1.9,1.9,0.399,2.135,50.0,0.0,0.0,1.0,1.0,1.0,0.02,2.0,2000.0,6.3,0.025,30.1,0.301,65.9,0.264,1.924,0.192,1.946,0.195,0.4,1.231,2.126,0.607,5.407,2.815,1.778,10.0,Sample
864,0 days 05:05:22,37.0,G13,111825,G,13,GFP-Gext,Plate 1,2026-03-19 17:07:56,Cytation5,28,5.0,1.8,1.8,6.0,30.0,65.0,1.9,1.9,0.399,2.135,50.0,0.0,0.0,1.0,1.0,1.0,0.02,2.0,2000.0,6.3,0.025,30.1,0.301,65.9,0.264,1.924,0.192,1.946,0.195,0.4,1.231,2.126,0.607,5.407,2.815,1.778,10.0,Sample
865,0 days 05:10:22,37.0,G13,112413,G,13,GFP-Gext,Plate 1,2026-03-19 17:12:56,Cytation5,28,5.0,1.8,1.8,6.0,30.0,65.0,1.9,1.9,0.399,2.135,50.0,0.0,0.0,1.0,1.0,1.0,0.02,2.0,2000.0,6.3,0.025,30.1,0.301,65.9,0.264,1.924,0.192,1.946,0.195,0.4,1.231,2.126,0.607,5.407,2.815,1.778,10.0,Sample
866,0 days 05:15:22,37.1,G13,111620,G,13,GFP-Gext,Plate 1,2026-03-19 17:17:56,Cytation5,28,5.0,1.8,1.8,6.0,30.0,65.0,1.9,1.9,0.399,2.135,50.0,0.0,0.0,1.0,1.0,1.0,0.02,2.0,2000.0,6.3,0.025,30.1,0.301,65.9,0.264,1.924,0.192,1.946,0.195,0.4,1.231,2.126,0.607,5.407,2.815,1.778,10.0,Sample
867,0 days 05:20:22,37.0,G13,112483,G,13,GFP-Gext,Plate 1,2026-03-19 17:22:56,Cytation5,28,5.0,1.8,1.8,6.0,30.0,65.0,1.9,1.9,0.399,2.135,50.0,0.0,0.0,1.0,1.0,1.0,0.02,2.0,2000.0,6.3,0.025,30.1,0.301,65.9,0.264,1.924,0.192,1.946,0.195,0.4,1.231,2.126,0.607,5.407,2.815,1.778,10.0,Sample
868,0 days 05:25:22,37.0,G13,111449,G,13,GFP-Gext,Plate 1,2026-03-19 17:27:56,Cytation5,28,5.0,1.8,1.8,6.0,30.0,65.0,1.9,1.9,0.399,2.135,50.0,0.0,0.0,1.0,1.0,1.0,0.02,2.0,2000.0,6.3,0.025,30.1,0.301,65.9,0.264,1.924,0.192,1.946,0.195,0.4,1.231,2.126,0.607,5.407,2.815,1.778,10.0,Sample
869,0 days 05:30:22,37.0,G13,112085,G,13,GFP-Gext,Plate 1,2026-03-19 17:32:56,Cytation5,28,5.0,1.8,1.8,6.0,30.0,65.0,1.9,1.9,0.399,2.135,50.0,0.0,0.0,1.0,1.0,1.0,0.02,2.0,2000.0,6.3,0.025,30.1,0.301,65.9,0.264,1.924,0.192,1.946,0.195,0.4,1.231,2.126,0.607,5.407,2.815,1.778,10.0,Sample
870,0 days 05:35:22,37.0,G13,111915,G,13,GFP-Gext,Plate 1,2026-03-19 17:37:56,Cytation5,28,5.0,1.8,1.8,6.0,30.0,65.0,1.9,1.9,0.399,2.135,50.0,0.0,0.0,1.0,1.0,1.0,0.02,2.0,2000.0,6.3,0.025,30.1,0.301,65.9,0.264,1.924,0.192,1.946,0.195,0.4,1.231,2.126,0.607,5.407,2.815,1.778,10.0,Sample
871,0 days 05:40:22,37.0,G13,112530,G,13,GFP-Gext,Plate 1,2026-03-19 17:42:56,Cytation5,28,5.0,1.8,1.8,6.0,30.0,65.0,1.9,1.9,0.399,2.135,50.0,0.0,0.0,1.0,1.0,1.0,0.02,2.0,2000.0,6.3,0.025,30.1,0.301,65.9,0.264,1.924,0.192,1.946,0.195,0.4,1.231,2.126,0.607,5.407,2.815,1.778,10.0,Sample
872,0 days 05:45:22,37.0,G13,112179,G,13,GFP-Gext,Plate 1,2026-03-19 17:47:56,Cytation5,28,5.0,1.8,1.8,6.0,30.0,65.0,1.9,1.9,0.399,2.135,50.0,0.0,0.0,1.0,1.0,1.0,0.02,2.0,2000.0,6.3,0.025,30.1,0.301,65.9,0.264,1.924,0.192,1.946,0.195,0.4,1.231,2.126,0.607,5.407,2.815,1.778,10.0,Sample
873,0 days 05:50:22,37.0,G13,111812,G,13,GFP-Gext,Plate 1,2026-03-19 17:52:56,Cytation5,28,5.0,1.8,1.8,6.0,30.0,65.0,1.9,1.9,0.399,2.135,50.0,0.0,0.0,1.0,1.0,1.0,0.02,2.0,2000.0,6.3,0.025,30.1,0.301,65.9,0.264,1.924,0.192,1.946,0.195,0.4,1.231,2.126,0.607,5.407,2.815,1.778,10.0,Sample
874,0 days 05:55:22,37.0,G13,111471,G,13,GFP-Gext,Plate 1,2026-03-19 17:57:56,Cytation5,28,5.0,1.8,1.8,6.0,30.0,65.0,1.9,1.9,0.399,2.135,50.0,0.0,0.0,1.0,1.0,1.0,0.02,2.0,2000.0,6.3,0.025,30.1,0.301,65.9,0.264,1.924,0.192,1.946,0.195,0.4,1.231,2.126,0.607,5.407,2.815,1.778,10.0,Sample
875,0 days 06:00:22,37.0,G13,112468,G,13,GFP-Gext,Plate 1,2026-03-19 18:02:56,Cytation5,28,5.0,1.8,1.8,6.0,30.0,65.0,1.9,1.9,0.399,2.135,50.0,0.0,0.0,1.0,1.0,1.0,0.02,2.0,2000.0,6.3,0.025,30.1,0.301,65.9,0.264,1.924,0.192,1.946,0.195,0.4,1.231,2.126,0.607,5.407,2.815,1.778,10.0,Sample
876,0 days 00:00:22,27.7,G14,406,G,14,GFP-Gext,Plate 1,2026-03-19 12:02:56,Cytation5,32,5.0,1.8,1.8,9.0,0.0,160.0,2.4,2.2,0.3115,1.925,50.0,0.0,0.0,1.0,1.0,1.0,0.02,2.0,2000.0,9.1,0.036,0.0,0.0,159.2,0.637,2.423,0.242,2.225,0.222,0.312,0.96,1.927,0.551,5.407,2.648,1.945,10.0,Sample
877,0 days 00:05:22,33.8,G14,412,G,14,GFP-Gext,Plate 1,2026-03-19 12:07:56,Cytation5,32,5.0,1.8,1.8,9.0,0.0,160.0,2.4,2.2,0.3115,1.925,50.0,0.0,0.0,1.0,1.0,1.0,0.02,2.0,2000.0,9.1,0.036,0.0,0.0,159.2,0.637,2.423,0.242,2.225,0.222,0.312,0.96,1.927,0.551,5.407,2.648,1.945,10.0,Sample
878,0 days 00:10:22,37.0,G14,507,G,14,GFP-Gext,Plate 1,2026-03-19 12:12:56,Cytation5,32,5.0,1.8,1.8,9.0,0.0,160.0,2.4,2.2,0.3115,1.925,50.0,0.0,0.0,1.0,1.0,1.0,0.02,2.0,2000.0,9.1,0.036,0.0,0.0,159.2,0.637,2.423,0.242,2.225,0.222,0.312,0.96,1.927,0.551,5.407,2.648,1.945,10.0,Sample
879,0 days 00:15:22,37.0,G14,2291,G,14,GFP-Gext,Plate 1,2026-03-19 12:17:56,Cytation5,32,5.0,1.8,1.8,9.0,0.0,160.0,2.4,2.2,0.3115,1.925,50.0,0.0,0.0,1.0,1.0,1.0,0.02,2.0,2000.0,9.1,0.036,0.0,0.0,159.2,0.637,2.423,0.242,2.225,0.222,0.312,0.96,1.927,0.551,5.407,2.648,1.945,10.0,Sample
880,0 days 00:20:22,37.0,G14,7443,G,14,GFP-Gext,Plate 1,2026-03-19 12:22:56,Cytation5,32,5.0,1.8,1.8,9.0,0.0,160.0,2.4,2.2,0.3115,1.925,50.0,0.0,0.0,1.0,1.0,1.0,0.02,2.0,2000.0,9.1,0.036,0.0,0.0,159.2,0.637,2.423,0.242,2.225,0.222,0.312,0.96,1.927,0.551,5.407,2.648,1.945,10.0,Sample
881,0 days 00:25:22,37.1,G14,15216,G,14,GFP-Gext,Plate 1,2026-03-19 12:27:56,Cytation5,32,5.0,1.8,1.8,9.0,0.0,160.0,2.4,2.2,0.3115,1.925,50.0,0.0,0.0,1.0,1.0,1.0,0.02,2.0,2000.0,9.1,0.036,0.0,0.0,159.2,0.637,2.423,0.242,2.225,0.222,0.312,0.96,1.927,0.551,5.407,2.648,1.945,10.0,Sample
882,0 days 00:30:22,37.0,G14,24183,G,14,GFP-Gext,Plate 1,2026-03-19 12:32:56,Cytation5,32,5.0,1.8,1.8,9.0,0.0,160.0,2.4,2.2,0.3115,1.925,50.0,0.0,0.0,1.0,1.0,1.0,0.02,2.0,2000.0,9.1,0.036,0.0,0.0,159.2,0.637,2.423,0.242,2.225,0.222,0.312,0.96,1.927,0.551,5.407,2.648,1.945,10.0,Sample
883,0 days 00:35:22,37.0,G14,33948,G,14,GFP-Gext,Plate 1,2026-03-19 12:37:56,Cytation5,32,5.0,1.8,1.8,9.0,0.0,160.0,2.4,2.2,0.3115,1.925,50.0,0.0,0.0,1.0,1.0,1.0,0.02,2.0,2000.0,9.1,0.036,0.0,0.0,159.2,0.637,2.423,0.242,2.225,0.222,0.312,0.96,1.927,0.551,5.407,2.648,1.945,10.0,Sample
884,0 days 00:40:22,37.0,G14,43430,G,14,GFP-Gext,Plate 1,2026-03-19 12:42:56,Cytation5,32,5.0,1.8,1.8,9.0,0.0,160.0,2.4,2.2,0.3115,1.925,50.0,0.0,0.0,1.0,1.0,1.0,0.02,2.0,2000.0,9.1,0.036,0.0,0.0,159.2,0.637,2.423,0.242,2.225,0.222,0.312,0.96,1.927,0.551,5.407,2.648,1.945,10.0,Sample
885,0 days 00:45:22,36.9,G14,52795,G,14,GFP-Gext,Plate 1,2026-03-19 12:47:56,Cytation5,32,5.0,1.8,1.8,9.0,0.0,160.0,2.4,2.2,0.3115,1.925,50.0,0.0,0.0,1.0,1.0,1.0,0.02,2.0,2000.0,9.1,0.036,0.0,0.0,159.2,0.637,2.423,0.242,2.225,0.222,0.312,0.96,1.927,0.551,5.407,2.648,1.945,10.0,Sample
886,0 days 00:50:22,37.0,G14,60765,G,14,GFP-Gext,Plate 1,2026-03-19 12:52:56,Cytation5,32,5.0,1.8,1.8,9.0,0.0,160.0,2.4,2.2,0.3115,1.925,50.0,0.0,0.0,1.0,1.0,1.0,0.02,2.0,2000.0,9.1,0.036,0.0,0.0,159.2,0.637,2.423,0.242,2.225,0.222,0.312,0.96,1.927,0.551,5.407,2.648,1.945,10.0,Sample
887,0 days 00:55:22,37.0,G14,69412,G,14,GFP-Gext,Plate 1,2026-03-19 12:57:56,Cytation5,32,5.0,1.8,1.8,9.0,0.0,160.0,2.4,2.2,0.3115,1.925,50.0,0.0,0.0,1.0,1.0,1.0,0.02,2.0,2000.0,9.1,0.036,0.0,0.0,159.2,0.637,2.423,0.242,2.225,0.222,0.312,0.96,1.927,0.551,5.407,2.648,1.945,10.0,Sample
888,0 days 01:00:22,37.0,G14,76389,G,14,GFP-Gext,Plate 1,2026-03-19 13:02:56,Cytation5,32,5.0,1.8,1.8,9.0,0.0,160.0,2.4,2.2,0.3115,1.925,50.0,0.0,0.0,1.0,1.0,1.0,0.02,2.0,2000.0,9.1,0.036,0.0,0.0,159.2,0.637,2.423,0.242,2.225,0.222,0.312,0.96,1.927,0.551,5.407,2.648,1.945,10.0,Sample
889,0 days 01:05:22,37.0,G14,82855,G,14,GFP-Gext,Plate 1,2026-03-19 13:07:56,Cytation5,32,5.0,1.8,1.8,9.0,0.0,160.0,2.4,2.2,0.3115,1.925,50.0,0.0,0.0,1.0,1.0,1.0,0.02,2.0,2000.0,9.1,0.036,0.0,0.0,159.2,0.637,2.423,0.242,2.225,0.222,0.312,0.96,1.927,0.551,5.407,2.648,1.945,10.0,Sample
890,0 days 01:10:22,37.0,G14,88121,G,14,GFP-Gext,Plate 1,2026-03-19 13:12:56,Cytation5,32,5.0,1.8,1.8,9.0,0.0,160.0,2.4,2.2,0.3115,1.925,50.0,0.0,0.0,1.0,1.0,1.0,0.02,2.0,2000.0,9.1,0.036,0.0,0.0,159.2,0.637,2.423,0.242,2.225,0.222,0.312,0.96,1.927,0.551,5.407,2.648,1.945,10.0,Sample
891,0 days 01:15:22,37.0,G14,93164,G,14,GFP-Gext,Plate 1,2026-03-19 13:17:56,Cytation5,32,5.0,1.8,1.8,9.0,0.0,160.0,2.4,2.2,0.3115,1.925,50.0,0.0,0.0,1.0,1.0,1.0,0.02,2.0,2000.0,9.1,0.036,0.0,0.0,159.2,0.637,2.423,0.242,2.225,0.222,0.312,0.96,1.927,0.551,5.407,2.648,1.945,10.0,Sample
892,0 days 01:20:22,37.0,G14,96967,G,14,GFP-Gext,Plate 1,2026-03-19 13:22:56,Cytation5,32,5.0,1.8,1.8,9.0,0.0,160.0,2.4,2.2,0.3115,1.925,50.0,0.0,0.0,1.0,1.0,1.0,0.02,2.0,2000.0,9.1,0.036,0.0,0.0,159.2,0.637,2.423,0.242,2.225,0.222,0.312,0.96,1.927,0.551,5.407,2.648,1.945,10.0,Sample
893,0 days 01:25:22,37.1,G14,100409,G,14,GFP-Gext,Plate 1,2026-03-19 13:27:56,Cytation5,32,5.0,1.8,1.8,9.0,0.0,160.0,2.4,2.2,0.3115,1.925,50.0,0.0,0.0,1.0,1.0,1.0,0.02,2.0,2000.0,9.1,0.036,0.0,0.0,159.2,0.637,2.423,0.242,2.225,0.222,0.312,0.96,1.927,0.551,5.407,2.648,1.945,10.0,Sample
894,0 days 01:30:22,37.1,G14,103503,G,14,GFP-Gext,Plate 1,2026-03-19 13:32:56,Cytation5,32,5.0,1.8,1.8,9.0,0.0,160.0,2.4,2.2,0.3115,1.925,50.0,0.0,0.0,1.0,1.0,1.0,0.02,2.0,2000.0,9.1,0.036,0.0,0.0,159.2,0.637,2.423,0.242,2.225,0.222,0.312,0.96,1.927,0.551,5.407,2.648,1.945,10.0,Sample
895,0 days 01:35:22,37.0,G14,106158,G,14,GFP-Gext,Plate 1,2026-03-19 13:37:56,Cytation5,32,5.0,1.8,1.8,9.0,0.0,160.0,2.4,2.2,0.3115,1.925,50.0,0.0,0.0,1.0,1.0,1.0,0.02,2.0,2000.0,9.1,0.036,0.0,0.0,159.2,0.637,2.423,0.242,2.225,0.222,0.312,0.96,1.927,0.551,5.407,2.648,1.945,10.0,Sample
896,0 days 01:40:22,37.0,G14,108366,G,14,GFP-Gext,Plate 1,2026-03-19 13:42:56,Cytation5,32,5.0,1.8,1.8,9.0,0.0,160.0,2.4,2.2,0.3115,1.925,50.0,0.0,0.0,1.0,1.0,1.0,0.02,2.0,2000.0,9.1,0.036,0.0,0.0,159.2,0.637,2.423,0.242,2.225,0.222,0.312,0.96,1.927,0.551,5.407,2.648,1.945,10.0,Sample
897,0 days 01:45:22,37.0,G14,110553,G,14,GFP-Gext,Plate 1,2026-03-19 13:47:56,Cytation5,32,5.0,1.8,1.8,9.0,0.0,160.0,2.4,2.2,0.3115,1.925,50.0,0.0,0.0,1.0,1.0,1.0,0.02,2.0,2000.0,9.1,0.036,0.0,0.0,159.2,0.637,2.423,0.242,2.225,0.222,0.312,0.96,1.927,0.551,5.407,2.648,1.945,10.0,Sample
898,0 days 01:50:22,36.9,G14,111480,G,14,GFP-Gext,Plate 1,2026-03-19 13:52:56,Cytation5,32,5.0,1.8,1.8,9.0,0.0,160.0,2.4,2.2,0.3115,1.925,50.0,0.0,0.0,1.0,1.0,1.0,0.02,2.0,2000.0,9.1,0.036,0.0,0.0,159.2,0.637,2.423,0.242,2.225,0.222,0.312,0.96,1.927,0.551,5.407,2.648,1.945,10.0,Sample
899,0 days 01:55:22,37.0,G14,113203,G,14,GFP-Gext,Plate 1,2026-03-19 13:57:56,Cytation5,32,5.0,1.8,1.8,9.0,0.0,160.0,2.4,2.2,0.3115,1.925,50.0,0.0,0.0,1.0,1.0,1.0,0.02,2.0,2000.0,9.1,0.036,0.0,0.0,159.2,0.637,2.423,0.242,2.225,0.222,0.312,0.96,1.927,0.551,5.407,2.648,1.945,10.0,Sample
900,0 days 02:00:22,37.0,G14,114485,G,14,GFP-Gext,Plate 1,2026-03-19 14:02:56,Cytation5,32,5.0,1.8,1.8,9.0,0.0,160.0,2.4,2.2,0.3115,1.925,50.0,0.0,0.0,1.0,1.0,1.0,0.02,2.0,2000.0,9.1,0.036,0.0,0.0,159.2,0.637,2.423,0.242,2.225,0.222,0.312,0.96,1.927,0.551,5.407,2.648,1.945,10.0,Sample
901,0 days 02:05:22,37.0,G14,113853,G,14,GFP-Gext,Plate 1,2026-03-19 14:07:56,Cytation5,32,5.0,1.8,1.8,9.0,0.0,160.0,2.4,2.2,0.3115,1.925,50.0,0.0,0.0,1.0,1.0,1.0,0.02,2.0,2000.0,9.1,0.036,0.0,0.0,159.2,0.637,2.423,0.242,2.225,0.222,0.312,0.96,1.927,0.551,5.407,2.648,1.945,10.0,Sample
902,0 days 02:10:22,37.0,G14,115476,G,14,GFP-Gext,Plate 1,2026-03-19 14:12:56,Cytation5,32,5.0,1.8,1.8,9.0,0.0,160.0,2.4,2.2,0.3115,1.925,50.0,0.0,0.0,1.0,1.0,1.0,0.02,2.0,2000.0,9.1,0.036,0.0,0.0,159.2,0.637,2.423,0.242,2.225,0.222,0.312,0.96,1.927,0.551,5.407,2.648,1.945,10.0,Sample
903,0 days 02:15:22,37.0,G14,115745,G,14,GFP-Gext,Plate 1,2026-03-19 14:17:56,Cytation5,32,5.0,1.8,1.8,9.0,0.0,160.0,2.4,2.2,0.3115,1.925,50.0,0.0,0.0,1.0,1.0,1.0,0.02,2.0,2000.0,9.1,0.036,0.0,0.0,159.2,0.637,2.423,0.242,2.225,0.222,0.312,0.96,1.927,0.551,5.407,2.648,1.945,10.0,Sample
904,0 days 02:20:22,37.0,G14,116619,G,14,GFP-Gext,Plate 1,2026-03-19 14:22:56,Cytation5,32,5.0,1.8,1.8,9.0,0.0,160.0,2.4,2.2,0.3115,1.925,50.0,0.0,0.0,1.0,1.0,1.0,0.02,2.0,2000.0,9.1,0.036,0.0,0.0,159.2,0.637,2.423,0.242,2.225,0.222,0.312,0.96,1.927,0.551,5.407,2.648,1.945,10.0,Sample
905,0 days 02:25:22,37.0,G14,115705,G,14,GFP-Gext,Plate 1,2026-03-19 14:27:56,Cytation5,32,5.0,1.8,1.8,9.0,0.0,160.0,2.4,2.2,0.3115,1.925,50.0,0.0,0.0,1.0,1.0,1.0,0.02,2.0,2000.0,9.1,0.036,0.0,0.0,159.2,0.637,2.423,0.242,2.225,0.222,0.312,0.96,1.927,0.551,5.407,2.648,1.945,10.0,Sample
906,0 days 02:30:22,37.1,G14,116842,G,14,GFP-Gext,Plate 1,2026-03-19 14:32:56,Cytation5,32,5.0,1.8,1.8,9.0,0.0,160.0,2.4,2.2,0.3115,1.925,50.0,0.0,0.0,1.0,1.0,1.0,0.02,2.0,2000.0,9.1,0.036,0.0,0.0,159.2,0.637,2.423,0.242,2.225,0.222,0.312,0.96,1.927,0.551,5.407,2.648,1.945,10.0,Sample
907,0 days 02:35:22,37.0,G14,117203,G,14,GFP-Gext,Plate 1,2026-03-19 14:37:56,Cytation5,32,5.0,1.8,1.8,9.0,0.0,160.0,2.4,2.2,0.3115,1.925,50.0,0.0,0.0,1.0,1.0,1.0,0.02,2.0,2000.0,9.1,0.036,0.0,0.0,159.2,0.637,2.423,0.242,2.225,0.222,0.312,0.96,1.927,0.551,5.407,2.648,1.945,10.0,Sample
908,0 days 02:40:22,37.0,G14,117748,G,14,GFP-Gext,Plate 1,2026-03-19 14:42:56,Cytation5,32,5.0,1.8,1.8,9.0,0.0,160.0,2.4,2.2,0.3115,1.925,50.0,0.0,0.0,1.0,1.0,1.0,0.02,2.0,2000.0,9.1,0.036,0.0,0.0,159.2,0.637,2.423,0.242,2.225,0.222,0.312,0.96,1.927,0.551,5.407,2.648,1.945,10.0,Sample
909,0 days 02:45:22,37.1,G14,117288,G,14,GFP-Gext,Plate 1,2026-03-19 14:47:56,Cytation5,32,5.0,1.8,1.8,9.0,0.0,160.0,2.4,2.2,0.3115,1.925,50.0,0.0,0.0,1.0,1.0,1.0,0.02,2.0,2000.0,9.1,0.036,0.0,0.0,159.2,0.637,2.423,0.242,2.225,0.222,0.312,0.96,1.927,0.551,5.407,2.648,1.945,10.0,Sample
910,0 days 02:50:22,37.0,G14,117767,G,14,GFP-Gext,Plate 1,2026-03-19 14:52:56,Cytation5,32,5.0,1.8,1.8,9.0,0.0,160.0,2.4,2.2,0.3115,1.925,50.0,0.0,0.0,1.0,1.0,1.0,0.02,2.0,2000.0,9.1,0.036,0.0,0.0,159.2,0.637,2.423,0.242,2.225,0.222,0.312,0.96,1.927,0.551,5.407,2.648,1.945,10.0,Sample
911,0 days 02:55:22,37.0,G14,118057,G,14,GFP-Gext,Plate 1,2026-03-19 14:57:56,Cytation5,32,5.0,1.8,1.8,9.0,0.0,160.0,2.4,2.2,0.3115,1.925,50.0,0.0,0.0,1.0,1.0,1.0,0.02,2.0,2000.0,9.1,0.036,0.0,0.0,159.2,0.637,2.423,0.242,2.225,0.222,0.312,0.96,1.927,0.551,5.407,2.648,1.945,10.0,Sample
912,0 days 03:00:22,37.0,G14,118428,G,14,GFP-Gext,Plate 1,2026-03-19 15:02:56,Cytation5,32,5.0,1.8,1.8,9.0,0.0,160.0,2.4,2.2,0.3115,1.925,50.0,0.0,0.0,1.0,1.0,1.0,0.02,2.0,2000.0,9.1,0.036,0.0,0.0,159.2,0.637,2.423,0.242,2.225,0.222,0.312,0.96,1.927,0.551,5.407,2.648,1.945,10.0,Sample
913,0 days 03:05:22,37.0,G14,117872,G,14,GFP-Gext,Plate 1,2026-03-19 15:07:56,Cytation5,32,5.0,1.8,1.8,9.0,0.0,160.0,2.4,2.2,0.3115,1.925,50.0,0.0,0.0,1.0,1.0,1.0,0.02,2.0,2000.0,9.1,0.036,0.0,0.0,159.2,0.637,2.423,0.242,2.225,0.222,0.312,0.96,1.927,0.551,5.407,2.648,1.945,10.0,Sample
914,0 days 03:10:22,37.0,G14,117749,G,14,GFP-Gext,Plate 1,2026-03-19 15:12:56,Cytation5,32,5.0,1.8,1.8,9.0,0.0,160.0,2.4,2.2,0.3115,1.925,50.0,0.0,0.0,1.0,1.0,1.0,0.02,2.0,2000.0,9.1,0.036,0.0,0.0,159.2,0.637,2.423,0.242,2.225,0.222,0.312,0.96,1.927,0.551,5.407,2.648,1.945,10.0,Sample
915,0 days 03:15:22,37.0,G14,117726,G,14,GFP-Gext,Plate 1,2026-03-19 15:17:56,Cytation5,32,5.0,1.8,1.8,9.0,0.0,160.0,2.4,2.2,0.3115,1.925,50.0,0.0,0.0,1.0,1.0,1.0,0.02,2.0,2000.0,9.1,0.036,0.0,0.0,159.2,0.637,2.423,0.242,2.225,0.222,0.312,0.96,1.927,0.551,5.407,2.648,1.945,10.0,Sample
916,0 days 03:20:22,37.0,G14,119041,G,14,GFP-Gext,Plate 1,2026-03-19 15:22:56,Cytation5,32,5.0,1.8,1.8,9.0,0.0,160.0,2.4,2.2,0.3115,1.925,50.0,0.0,0.0,1.0,1.0,1.0,0.02,2.0,2000.0,9.1,0.036,0.0,0.0,159.2,0.637,2.423,0.242,2.225,0.222,0.312,0.96,1.927,0.551,5.407,2.648,1.945,10.0,Sample
917,0 days 03:25:22,37.1,G14,118122,G,14,GFP-Gext,Plate 1,2026-03-19 15:27:56,Cytation5,32,5.0,1.8,1.8,9.0,0.0,160.0,2.4,2.2,0.3115,1.925,50.0,0.0,0.0,1.0,1.0,1.0,0.02,2.0,2000.0,9.1,0.036,0.0,0.0,159.2,0.637,2.423,0.242,2.225,0.222,0.312,0.96,1.927,0.551,5.407,2.648,1.945,10.0,Sample
918,0 days 03:30:22,36.9,G14,118300,G,14,GFP-Gext,Plate 1,2026-03-19 15:32:56,Cytation5,32,5.0,1.8,1.8,9.0,0.0,160.0,2.4,2.2,0.3115,1.925,50.0,0.0,0.0,1.0,1.0,1.0,0.02,2.0,2000.0,9.1,0.036,0.0,0.0,159.2,0.637,2.423,0.242,2.225,0.222,0.312,0.96,1.927,0.551,5.407,2.648,1.945,10.0,Sample
919,0 days 03:35:22,37.1,G14,118186,G,14,GFP-Gext,Plate 1,2026-03-19 15:37:56,Cytation5,32,5.0,1.8,1.8,9.0,0.0,160.0,2.4,2.2,0.3115,1.925,50.0,0.0,0.0,1.0,1.0,1.0,0.02,2.0,2000.0,9.1,0.036,0.0,0.0,159.2,0.637,2.423,0.242,2.225,0.222,0.312,0.96,1.927,0.551,5.407,2.648,1.945,10.0,Sample
920,0 days 03:40:22,37.0,G14,118169,G,14,GFP-Gext,Plate 1,2026-03-19 15:42:56,Cytation5,32,5.0,1.8,1.8,9.0,0.0,160.0,2.4,2.2,0.3115,1.925,50.0,0.0,0.0,1.0,1.0,1.0,0.02,2.0,2000.0,9.1,0.036,0.0,0.0,159.2,0.637,2.423,0.242,2.225,0.222,0.312,0.96,1.927,0.551,5.407,2.648,1.945,10.0,Sample
921,0 days 03:45:22,37.0,G14,118104,G,14,GFP-Gext,Plate 1,2026-03-19 15:47:56,Cytation5,32,5.0,1.8,1.8,9.0,0.0,160.0,2.4,2.2,0.3115,1.925,50.0,0.0,0.0,1.0,1.0,1.0,0.02,2.0,2000.0,9.1,0.036,0.0,0.0,159.2,0.637,2.423,0.242,2.225,0.222,0.312,0.96,1.927,0.551,5.407,2.648,1.945,10.0,Sample
922,0 days 03:50:22,37.0,G14,118490,G,14,GFP-Gext,Plate 1,2026-03-19 15:52:56,Cytation5,32,5.0,1.8,1.8,9.0,0.0,160.0,2.4,2.2,0.3115,1.925,50.0,0.0,0.0,1.0,1.0,1.0,0.02,2.0,2000.0,9.1,0.036,0.0,0.0,159.2,0.637,2.423,0.242,2.225,0.222,0.312,0.96,1.927,0.551,5.407,2.648,1.945,10.0,Sample
923,0 days 03:55:22,37.1,G14,118446,G,14,GFP-Gext,Plate 1,2026-03-19 15:57:56,Cytation5,32,5.0,1.8,1.8,9.0,0.0,160.0,2.4,2.2,0.3115,1.925,50.0,0.0,0.0,1.0,1.0,1.0,0.02,2.0,2000.0,9.1,0.036,0.0,0.0,159.2,0.637,2.423,0.242,2.225,0.222,0.312,0.96,1.927,0.551,5.407,2.648,1.945,10.0,Sample
924,0 days 04:00:22,37.0,G14,118357,G,14,GFP-Gext,Plate 1,2026-03-19 16:02:56,Cytation5,32,5.0,1.8,1.8,9.0,0.0,160.0,2.4,2.2,0.3115,1.925,50.0,0.0,0.0,1.0,1.0,1.0,0.02,2.0,2000.0,9.1,0.036,0.0,0.0,159.2,0.637,2.423,0.242,2.225,0.222,0.312,0.96,1.927,0.551,5.407,2.648,1.945,10.0,Sample
925,0 days 04:05:22,37.1,G14,118546,G,14,GFP-Gext,Plate 1,2026-03-19 16:07:56,Cytation5,32,5.0,1.8,1.8,9.0,0.0,160.0,2.4,2.2,0.3115,1.925,50.0,0.0,0.0,1.0,1.0,1.0,0.02,2.0,2000.0,9.1,0.036,0.0,0.0,159.2,0.637,2.423,0.242,2.225,0.222,0.312,0.96,1.927,0.551,5.407,2.648,1.945,10.0,Sample
926,0 days 04:10:22,37.0,G14,118204,G,14,GFP-Gext,Plate 1,2026-03-19 16:12:56,Cytation5,32,5.0,1.8,1.8,9.0,0.0,160.0,2.4,2.2,0.3115,1.925,50.0,0.0,0.0,1.0,1.0,1.0,0.02,2.0,2000.0,9.1,0.036,0.0,0.0,159.2,0.637,2.423,0.242,2.225,0.222,0.312,0.96,1.927,0.551,5.407,2.648,1.945,10.0,Sample
927,0 days 04:15:22,37.0,G14,117906,G,14,GFP-Gext,Plate 1,2026-03-19 16:17:56,Cytation5,32,5.0,1.8,1.8,9.0,0.0,160.0,2.4,2.2,0.3115,1.925,50.0,0.0,0.0,1.0,1.0,1.0,0.02,2.0,2000.0,9.1,0.036,0.0,0.0,159.2,0.637,2.423,0.242,2.225,0.222,0.312,0.96,1.927,0.551,5.407,2.648,1.945,10.0,Sample
928,0 days 04:20:22,37.0,G14,117558,G,14,GFP-Gext,Plate 1,2026-03-19 16:22:56,Cytation5,32,5.0,1.8,1.8,9.0,0.0,160.0,2.4,2.2,0.3115,1.925,50.0,0.0,0.0,1.0,1.0,1.0,0.02,2.0,2000.0,9.1,0.036,0.0,0.0,159.2,0.637,2.423,0.242,2.225,0.222,0.312,0.96,1.927,0.551,5.407,2.648,1.945,10.0,Sample
929,0 days 04:25:22,37.1,G14,118948,G,14,GFP-Gext,Plate 1,2026-03-19 16:27:56,Cytation5,32,5.0,1.8,1.8,9.0,0.0,160.0,2.4,2.2,0.3115,1.925,50.0,0.0,0.0,1.0,1.0,1.0,0.02,2.0,2000.0,9.1,0.036,0.0,0.0,159.2,0.637,2.423,0.242,2.225,0.222,0.312,0.96,1.927,0.551,5.407,2.648,1.945,10.0,Sample
930,0 days 04:30:22,37.0,G14,117984,G,14,GFP-Gext,Plate 1,2026-03-19 16:32:56,Cytation5,32,5.0,1.8,1.8,9.0,0.0,160.0,2.4,2.2,0.3115,1.925,50.0,0.0,0.0,1.0,1.0,1.0,0.02,2.0,2000.0,9.1,0.036,0.0,0.0,159.2,0.637,2.423,0.242,2.225,0.222,0.312,0.96,1.927,0.551,5.407,2.648,1.945,10.0,Sample
931,0 days 04:35:22,37.0,G14,118918,G,14,GFP-Gext,Plate 1,2026-03-19 16:37:56,Cytation5,32,5.0,1.8,1.8,9.0,0.0,160.0,2.4,2.2,0.3115,1.925,50.0,0.0,0.0,1.0,1.0,1.0,0.02,2.0,2000.0,9.1,0.036,0.0,0.0,159.2,0.637,2.423,0.242,2.225,0.222,0.312,0.96,1.927,0.551,5.407,2.648,1.945,10.0,Sample
932,0 days 04:40:22,37.0,G14,118488,G,14,GFP-Gext,Plate 1,2026-03-19 16:42:56,Cytation5,32,5.0,1.8,1.8,9.0,0.0,160.0,2.4,2.2,0.3115,1.925,50.0,0.0,0.0,1.0,1.0,1.0,0.02,2.0,2000.0,9.1,0.036,0.0,0.0,159.2,0.637,2.423,0.242,2.225,0.222,0.312,0.96,1.927,0.551,5.407,2.648,1.945,10.0,Sample
933,0 days 04:45:22,37.0,G14,118242,G,14,GFP-Gext,Plate 1,2026-03-19 16:47:56,Cytation5,32,5.0,1.8,1.8,9.0,0.0,160.0,2.4,2.2,0.3115,1.925,50.0,0.0,0.0,1.0,1.0,1.0,0.02,2.0,2000.0,9.1,0.036,0.0,0.0,159.2,0.637,2.423,0.242,2.225,0.222,0.312,0.96,1.927,0.551,5.407,2.648,1.945,10.0,Sample
934,0 days 04:50:22,37.0,G14,117956,G,14,GFP-Gext,Plate 1,2026-03-19 16:52:56,Cytation5,32,5.0,1.8,1.8,9.0,0.0,160.0,2.4,2.2,0.3115,1.925,50.0,0.0,0.0,1.0,1.0,1.0,0.02,2.0,2000.0,9.1,0.036,0.0,0.0,159.2,0.637,2.423,0.242,2.225,0.222,0.312,0.96,1.927,0.551,5.407,2.648,1.945,10.0,Sample
935,0 days 04:55:22,37.1,G14,118171,G,14,GFP-Gext,Plate 1,2026-03-19 16:57:56,Cytation5,32,5.0,1.8,1.8,9.0,0.0,160.0,2.4,2.2,0.3115,1.925,50.0,0.0,0.0,1.0,1.0,1.0,0.02,2.0,2000.0,9.1,0.036,0.0,0.0,159.2,0.637,2.423,0.242,2.225,0.222,0.312,0.96,1.927,0.551,5.407,2.648,1.945,10.0,Sample
936,0 days 05:00:22,37.1,G14,118349,G,14,GFP-Gext,Plate 1,2026-03-19 17:02:56,Cytation5,32,5.0,1.8,1.8,9.0,0.0,160.0,2.4,2.2,0.3115,1.925,50.0,0.0,0.0,1.0,1.0,1.0,0.02,2.0,2000.0,9.1,0.036,0.0,0.0,159.2,0.637,2.423,0.242,2.225,0.222,0.312,0.96,1.927,0.551,5.407,2.648,1.945,10.0,Sample
937,0 days 05:05:22,37.0,G14,117887,G,14,GFP-Gext,Plate 1,2026-03-19 17:07:56,Cytation5,32,5.0,1.8,1.8,9.0,0.0,160.0,2.4,2.2,0.3115,1.925,50.0,0.0,0.0,1.0,1.0,1.0,0.02,2.0,2000.0,9.1,0.036,0.0,0.0,159.2,0.637,2.423,0.242,2.225,0.222,0.312,0.96,1.927,0.551,5.407,2.648,1.945,10.0,Sample
938,0 days 05:10:22,37.0,G14,117484,G,14,GFP-Gext,Plate 1,2026-03-19 17:12:56,Cytation5,32,5.0,1.8,1.8,9.0,0.0,160.0,2.4,2.2,0.3115,1.925,50.0,0.0,0.0,1.0,1.0,1.0,0.02,2.0,2000.0,9.1,0.036,0.0,0.0,159.2,0.637,2.423,0.242,2.225,0.222,0.312,0.96,1.927,0.551,5.407,2.648,1.945,10.0,Sample
939,0 days 05:15:22,37.1,G14,117830,G,14,GFP-Gext,Plate 1,2026-03-19 17:17:56,Cytation5,32,5.0,1.8,1.8,9.0,0.0,160.0,2.4,2.2,0.3115,1.925,50.0,0.0,0.0,1.0,1.0,1.0,0.02,2.0,2000.0,9.1,0.036,0.0,0.0,159.2,0.637,2.423,0.242,2.225,0.222,0.312,0.96,1.927,0.551,5.407,2.648,1.945,10.0,Sample
940,0 days 05:20:22,37.0,G14,117274,G,14,GFP-Gext,Plate 1,2026-03-19 17:22:56,Cytation5,32,5.0,1.8,1.8,9.0,0.0,160.0,2.4,2.2,0.3115,1.925,50.0,0.0,0.0,1.0,1.0,1.0,0.02,2.0,2000.0,9.1,0.036,0.0,0.0,159.2,0.637,2.423,0.242,2.225,0.222,0.312,0.96,1.927,0.551,5.407,2.648,1.945,10.0,Sample
941,0 days 05:25:22,37.0,G14,117331,G,14,GFP-Gext,Plate 1,2026-03-19 17:27:56,Cytation5,32,5.0,1.8,1.8,9.0,0.0,160.0,2.4,2.2,0.3115,1.925,50.0,0.0,0.0,1.0,1.0,1.0,0.02,2.0,2000.0,9.1,0.036,0.0,0.0,159.2,0.637,2.423,0.242,2.225,0.222,0.312,0.96,1.927,0.551,5.407,2.648,1.945,10.0,Sample
942,0 days 05:30:22,37.0,G14,118263,G,14,GFP-Gext,Plate 1,2026-03-19 17:32:56,Cytation5,32,5.0,1.8,1.8,9.0,0.0,160.0,2.4,2.2,0.3115,1.925,50.0,0.0,0.0,1.0,1.0,1.0,0.02,2.0,2000.0,9.1,0.036,0.0,0.0,159.2,0.637,2.423,0.242,2.225,0.222,0.312,0.96,1.927,0.551,5.407,2.648,1.945,10.0,Sample
943,0 days 05:35:22,37.0,G14,118073,G,14,GFP-Gext,Plate 1,2026-03-19 17:37:56,Cytation5,32,5.0,1.8,1.8,9.0,0.0,160.0,2.4,2.2,0.3115,1.925,50.0,0.0,0.0,1.0,1.0,1.0,0.02,2.0,2000.0,9.1,0.036,0.0,0.0,159.2,0.637,2.423,0.242,2.225,0.222,0.312,0.96,1.927,0.551,5.407,2.648,1.945,10.0,Sample
944,0 days 05:40:22,37.0,G14,117849,G,14,GFP-Gext,Plate 1,2026-03-19 17:42:56,Cytation5,32,5.0,1.8,1.8,9.0,0.0,160.0,2.4,2.2,0.3115,1.925,50.0,0.0,0.0,1.0,1.0,1.0,0.02,2.0,2000.0,9.1,0.036,0.0,0.0,159.2,0.637,2.423,0.242,2.225,0.222,0.312,0.96,1.927,0.551,5.407,2.648,1.945,10.0,Sample
945,0 days 05:45:22,37.0,G14,117770,G,14,GFP-Gext,Plate 1,2026-03-19 17:47:56,Cytation5,32,5.0,1.8,1.8,9.0,0.0,160.0,2.4,2.2,0.3115,1.925,50.0,0.0,0.0,1.0,1.0,1.0,0.02,2.0,2000.0,9.1,0.036,0.0,0.0,159.2,0.637,2.423,0.242,2.225,0.222,0.312,0.96,1.927,0.551,5.407,2.648,1.945,10.0,Sample
946,0 days 05:50:22,37.0,G14,118497,G,14,GFP-Gext,Plate 1,2026-03-19 17:52:56,Cytation5,32,5.0,1.8,1.8,9.0,0.0,160.0,2.4,2.2,0.3115,1.925,50.0,0.0,0.0,1.0,1.0,1.0,0.02,2.0,2000.0,9.1,0.036,0.0,0.0,159.2,0.637,2.423,0.242,2.225,0.222,0.312,0.96,1.927,0.551,5.407,2.648,1.945,10.0,Sample
947,0 days 05:55:22,37.0,G14,117511,G,14,GFP-Gext,Plate 1,2026-03-19 17:57:56,Cytation5,32,5.0,1.8,1.8,9.0,0.0,160.0,2.4,2.2,0.3115,1.925,50.0,0.0,0.0,1.0,1.0,1.0,0.02,2.0,2000.0,9.1,0.036,0.0,0.0,159.2,0.637,2.423,0.242,2.225,0.222,0.312,0.96,1.927,0.551,5.407,2.648,1.945,10.0,Sample
948,0 days 06:00:22,37.0,G14,117761,G,14,GFP-Gext,Plate 1,2026-03-19 18:02:56,Cytation5,32,5.0,1.8,1.8,9.0,0.0,160.0,2.4,2.2,0.3115,1.925,50.0,0.0,0.0,1.0,1.0,1.0,0.02,2.0,2000.0,9.1,0.036,0.0,0.0,159.2,0.637,2.423,0.242,2.225,0.222,0.312,0.96,1.927,0.551,5.407,2.648,1.945,10.0,Sample
949,0 days 00:00:22,27.7,G15,429,G,15,GFP-Gext,Plate 1,2026-03-19 12:02:56,Cytation5,31,5.0,1.8,1.8,5.0,31.0,40.0,2.7,3.3,0.287,3.885,50.0,0.0,0.0,1.0,1.0,1.0,0.02,2.0,2000.0,4.6,0.018,30.9,0.309,40.0,0.16,2.738,0.274,3.339,0.334,0.286,0.88,3.892,1.112,5.407,3.087,1.506,10.0,Sample
950,0 days 00:05:22,33.8,G15,400,G,15,GFP-Gext,Plate 1,2026-03-19 12:07:56,Cytation5,31,5.0,1.8,1.8,5.0,31.0,40.0,2.7,3.3,0.287,3.885,50.0,0.0,0.0,1.0,1.0,1.0,0.02,2.0,2000.0,4.6,0.018,30.9,0.309,40.0,0.16,2.738,0.274,3.339,0.334,0.286,0.88,3.892,1.112,5.407,3.087,1.506,10.0,Sample
951,0 days 00:10:22,37.0,G15,831,G,15,GFP-Gext,Plate 1,2026-03-19 12:12:56,Cytation5,31,5.0,1.8,1.8,5.0,31.0,40.0,2.7,3.3,0.287,3.885,50.0,0.0,0.0,1.0,1.0,1.0,0.02,2.0,2000.0,4.6,0.018,30.9,0.309,40.0,0.16,2.738,0.274,3.339,0.334,0.286,0.88,3.892,1.112,5.407,3.087,1.506,10.0,Sample
952,0 days 00:15:22,37.0,G15,2187,G,15,GFP-Gext,Plate 1,2026-03-19 12:17:56,Cytation5,31,5.0,1.8,1.8,5.0,31.0,40.0,2.7,3.3,0.287,3.885,50.0,0.0,0.0,1.0,1.0,1.0,0.02,2.0,2000.0,4.6,0.018,30.9,0.309,40.0,0.16,2.738,0.274,3.339,0.334,0.286,0.88,3.892,1.112,5.407,3.087,1.506,10.0,Sample
953,0 days 00:20:22,37.0,G15,4300,G,15,GFP-Gext,Plate 1,2026-03-19 12:22:56,Cytation5,31,5.0,1.8,1.8,5.0,31.0,40.0,2.7,3.3,0.287,3.885,50.0,0.0,0.0,1.0,1.0,1.0,0.02,2.0,2000.0,4.6,0.018,30.9,0.309,40.0,0.16,2.738,0.274,3.339,0.334,0.286,0.88,3.892,1.112,5.407,3.087,1.506,10.0,Sample
954,0 days 00:25:22,37.1,G15,6641,G,15,GFP-Gext,Plate 1,2026-03-19 12:27:56,Cytation5,31,5.0,1.8,1.8,5.0,31.0,40.0,2.7,3.3,0.287,3.885,50.0,0.0,0.0,1.0,1.0,1.0,0.02,2.0,2000.0,4.6,0.018,30.9,0.309,40.0,0.16,2.738,0.274,3.339,0.334,0.286,0.88,3.892,1.112,5.407,3.087,1.506,10.0,Sample
955,0 days 00:30:22,37.0,G15,8910,G,15,GFP-Gext,Plate 1,2026-03-19 12:32:56,Cytation5,31,5.0,1.8,1.8,5.0,31.0,40.0,2.7,3.3,0.287,3.885,50.0,0.0,0.0,1.0,1.0,1.0,0.02,2.0,2000.0,4.6,0.018,30.9,0.309,40.0,0.16,2.738,0.274,3.339,0.334,0.286,0.88,3.892,1.112,5.407,3.087,1.506,10.0,Sample
956,0 days 00:35:22,37.0,G15,11076,G,15,GFP-Gext,Plate 1,2026-03-19 12:37:56,Cytation5,31,5.0,1.8,1.8,5.0,31.0,40.0,2.7,3.3,0.287,3.885,50.0,0.0,0.0,1.0,1.0,1.0,0.02,2.0,2000.0,4.6,0.018,30.9,0.309,40.0,0.16,2.738,0.274,3.339,0.334,0.286,0.88,3.892,1.112,5.407,3.087,1.506,10.0,Sample
957,0 days 00:40:22,37.0,G15,13894,G,15,GFP-Gext,Plate 1,2026-03-19 12:42:56,Cytation5,31,5.0,1.8,1.8,5.0,31.0,40.0,2.7,3.3,0.287,3.885,50.0,0.0,0.0,1.0,1.0,1.0,0.02,2.0,2000.0,4.6,0.018,30.9,0.309,40.0,0.16,2.738,0.274,3.339,0.334,0.286,0.88,3.892,1.112,5.407,3.087,1.506,10.0,Sample
958,0 days 00:45:22,36.9,G15,16426,G,15,GFP-Gext,Plate 1,2026-03-19 12:47:56,Cytation5,31,5.0,1.8,1.8,5.0,31.0,40.0,2.7,3.3,0.287,3.885,50.0,0.0,0.0,1.0,1.0,1.0,0.02,2.0,2000.0,4.6,0.018,30.9,0.309,40.0,0.16,2.738,0.274,3.339,0.334,0.286,0.88,3.892,1.112,5.407,3.087,1.506,10.0,Sample
959,0 days 00:50:22,37.0,G15,18929,G,15,GFP-Gext,Plate 1,2026-03-19 12:52:56,Cytation5,31,5.0,1.8,1.8,5.0,31.0,40.0,2.7,3.3,0.287,3.885,50.0,0.0,0.0,1.0,1.0,1.0,0.02,2.0,2000.0,4.6,0.018,30.9,0.309,40.0,0.16,2.738,0.274,3.339,0.334,0.286,0.88,3.892,1.112,5.407,3.087,1.506,10.0,Sample
960,0 days 00:55:22,37.0,G15,18900,G,15,GFP-Gext,Plate 1,2026-03-19 12:57:56,Cytation5,31,5.0,1.8,1.8,5.0,31.0,40.0,2.7,3.3,0.287,3.885,50.0,0.0,0.0,1.0,1.0,1.0,0.02,2.0,2000.0,4.6,0.018,30.9,0.309,40.0,0.16,2.738,0.274,3.339,0.334,0.286,0.88,3.892,1.112,5.407,3.087,1.506,10.0,Sample
961,0 days 01:00:22,37.0,G15,18435,G,15,GFP-Gext,Plate 1,2026-03-19 13:02:56,Cytation5,31,5.0,1.8,1.8,5.0,31.0,40.0,2.7,3.3,0.287,3.885,50.0,0.0,0.0,1.0,1.0,1.0,0.02,2.0,2000.0,4.6,0.018,30.9,0.309,40.0,0.16,2.738,0.274,3.339,0.334,0.286,0.88,3.892,1.112,5.407,3.087,1.506,10.0,Sample
962,0 days 01:05:22,37.0,G15,18643,G,15,GFP-Gext,Plate 1,2026-03-19 13:07:56,Cytation5,31,5.0,1.8,1.8,5.0,31.0,40.0,2.7,3.3,0.287,3.885,50.0,0.0,0.0,1.0,1.0,1.0,0.02,2.0,2000.0,4.6,0.018,30.9,0.309,40.0,0.16,2.738,0.274,3.339,0.334,0.286,0.88,3.892,1.112,5.407,3.087,1.506,10.0,Sample
963,0 days 01:10:22,37.0,G15,19242,G,15,GFP-Gext,Plate 1,2026-03-19 13:12:56,Cytation5,31,5.0,1.8,1.8,5.0,31.0,40.0,2.7,3.3,0.287,3.885,50.0,0.0,0.0,1.0,1.0,1.0,0.02,2.0,2000.0,4.6,0.018,30.9,0.309,40.0,0.16,2.738,0.274,3.339,0.334,0.286,0.88,3.892,1.112,5.407,3.087,1.506,10.0,Sample
964,0 days 01:15:22,37.0,G15,19328,G,15,GFP-Gext,Plate 1,2026-03-19 13:17:56,Cytation5,31,5.0,1.8,1.8,5.0,31.0,40.0,2.7,3.3,0.287,3.885,50.0,0.0,0.0,1.0,1.0,1.0,0.02,2.0,2000.0,4.6,0.018,30.9,0.309,40.0,0.16,2.738,0.274,3.339,0.334,0.286,0.88,3.892,1.112,5.407,3.087,1.506,10.0,Sample
965,0 days 01:20:22,37.0,G15,19659,G,15,GFP-Gext,Plate 1,2026-03-19 13:22:56,Cytation5,31,5.0,1.8,1.8,5.0,31.0,40.0,2.7,3.3,0.287,3.885,50.0,0.0,0.0,1.0,1.0,1.0,0.02,2.0,2000.0,4.6,0.018,30.9,0.309,40.0,0.16,2.738,0.274,3.339,0.334,0.286,0.88,3.892,1.112,5.407,3.087,1.506,10.0,Sample
966,0 days 01:25:22,37.1,G15,20042,G,15,GFP-Gext,Plate 1,2026-03-19 13:27:56,Cytation5,31,5.0,1.8,1.8,5.0,31.0,40.0,2.7,3.3,0.287,3.885,50.0,0.0,0.0,1.0,1.0,1.0,0.02,2.0,2000.0,4.6,0.018,30.9,0.309,40.0,0.16,2.738,0.274,3.339,0.334,0.286,0.88,3.892,1.112,5.407,3.087,1.506,10.0,Sample
967,0 days 01:30:22,37.1,G15,20128,G,15,GFP-Gext,Plate 1,2026-03-19 13:32:56,Cytation5,31,5.0,1.8,1.8,5.0,31.0,40.0,2.7,3.3,0.287,3.885,50.0,0.0,0.0,1.0,1.0,1.0,0.02,2.0,2000.0,4.6,0.018,30.9,0.309,40.0,0.16,2.738,0.274,3.339,0.334,0.286,0.88,3.892,1.112,5.407,3.087,1.506,10.0,Sample
968,0 days 01:35:22,37.0,G15,20401,G,15,GFP-Gext,Plate 1,2026-03-19 13:37:56,Cytation5,31,5.0,1.8,1.8,5.0,31.0,40.0,2.7,3.3,0.287,3.885,50.0,0.0,0.0,1.0,1.0,1.0,0.02,2.0,2000.0,4.6,0.018,30.9,0.309,40.0,0.16,2.738,0.274,3.339,0.334,0.286,0.88,3.892,1.112,5.407,3.087,1.506,10.0,Sample
969,0 days 01:40:22,37.0,G15,20383,G,15,GFP-Gext,Plate 1,2026-03-19 13:42:56,Cytation5,31,5.0,1.8,1.8,5.0,31.0,40.0,2.7,3.3,0.287,3.885,50.0,0.0,0.0,1.0,1.0,1.0,0.02,2.0,2000.0,4.6,0.018,30.9,0.309,40.0,0.16,2.738,0.274,3.339,0.334,0.286,0.88,3.892,1.112,5.407,3.087,1.506,10.0,Sample
970,0 days 01:45:22,37.0,G15,20154,G,15,GFP-Gext,Plate 1,2026-03-19 13:47:56,Cytation5,31,5.0,1.8,1.8,5.0,31.0,40.0,2.7,3.3,0.287,3.885,50.0,0.0,0.0,1.0,1.0,1.0,0.02,2.0,2000.0,4.6,0.018,30.9,0.309,40.0,0.16,2.738,0.274,3.339,0.334,0.286,0.88,3.892,1.112,5.407,3.087,1.506,10.0,Sample
971,0 days 01:50:22,36.9,G15,20640,G,15,GFP-Gext,Plate 1,2026-03-19 13:52:56,Cytation5,31,5.0,1.8,1.8,5.0,31.0,40.0,2.7,3.3,0.287,3.885,50.0,0.0,0.0,1.0,1.0,1.0,0.02,2.0,2000.0,4.6,0.018,30.9,0.309,40.0,0.16,2.738,0.274,3.339,0.334,0.286,0.88,3.892,1.112,5.407,3.087,1.506,10.0,Sample
972,0 days 01:55:22,37.0,G15,20428,G,15,GFP-Gext,Plate 1,2026-03-19 13:57:56,Cytation5,31,5.0,1.8,1.8,5.0,31.0,40.0,2.7,3.3,0.287,3.885,50.0,0.0,0.0,1.0,1.0,1.0,0.02,2.0,2000.0,4.6,0.018,30.9,0.309,40.0,0.16,2.738,0.274,3.339,0.334,0.286,0.88,3.892,1.112,5.407,3.087,1.506,10.0,Sample
973,0 days 02:00:22,37.0,G15,20803,G,15,GFP-Gext,Plate 1,2026-03-19 14:02:56,Cytation5,31,5.0,1.8,1.8,5.0,31.0,40.0,2.7,3.3,0.287,3.885,50.0,0.0,0.0,1.0,1.0,1.0,0.02,2.0,2000.0,4.6,0.018,30.9,0.309,40.0,0.16,2.738,0.274,3.339,0.334,0.286,0.88,3.892,1.112,5.407,3.087,1.506,10.0,Sample
974,0 days 02:05:22,37.0,G15,20436,G,15,GFP-Gext,Plate 1,2026-03-19 14:07:56,Cytation5,31,5.0,1.8,1.8,5.0,31.0,40.0,2.7,3.3,0.287,3.885,50.0,0.0,0.0,1.0,1.0,1.0,0.02,2.0,2000.0,4.6,0.018,30.9,0.309,40.0,0.16,2.738,0.274,3.339,0.334,0.286,0.88,3.892,1.112,5.407,3.087,1.506,10.0,Sample
975,0 days 02:10:22,37.0,G15,20644,G,15,GFP-Gext,Plate 1,2026-03-19 14:12:56,Cytation5,31,5.0,1.8,1.8,5.0,31.0,40.0,2.7,3.3,0.287,3.885,50.0,0.0,0.0,1.0,1.0,1.0,0.02,2.0,2000.0,4.6,0.018,30.9,0.309,40.0,0.16,2.738,0.274,3.339,0.334,0.286,0.88,3.892,1.112,5.407,3.087,1.506,10.0,Sample
976,0 days 02:15:22,37.0,G15,20507,G,15,GFP-Gext,Plate 1,2026-03-19 14:17:56,Cytation5,31,5.0,1.8,1.8,5.0,31.0,40.0,2.7,3.3,0.287,3.885,50.0,0.0,0.0,1.0,1.0,1.0,0.02,2.0,2000.0,4.6,0.018,30.9,0.309,40.0,0.16,2.738,0.274,3.339,0.334,0.286,0.88,3.892,1.112,5.407,3.087,1.506,10.0,Sample
977,0 days 02:20:22,37.0,G15,20674,G,15,GFP-Gext,Plate 1,2026-03-19 14:22:56,Cytation5,31,5.0,1.8,1.8,5.0,31.0,40.0,2.7,3.3,0.287,3.885,50.0,0.0,0.0,1.0,1.0,1.0,0.02,2.0,2000.0,4.6,0.018,30.9,0.309,40.0,0.16,2.738,0.274,3.339,0.334,0.286,0.88,3.892,1.112,5.407,3.087,1.506,10.0,Sample
978,0 days 02:25:22,37.0,G15,20212,G,15,GFP-Gext,Plate 1,2026-03-19 14:27:56,Cytation5,31,5.0,1.8,1.8,5.0,31.0,40.0,2.7,3.3,0.287,3.885,50.0,0.0,0.0,1.0,1.0,1.0,0.02,2.0,2000.0,4.6,0.018,30.9,0.309,40.0,0.16,2.738,0.274,3.339,0.334,0.286,0.88,3.892,1.112,5.407,3.087,1.506,10.0,Sample
979,0 days 02:30:22,37.1,G15,20156,G,15,GFP-Gext,Plate 1,2026-03-19 14:32:56,Cytation5,31,5.0,1.8,1.8,5.0,31.0,40.0,2.7,3.3,0.287,3.885,50.0,0.0,0.0,1.0,1.0,1.0,0.02,2.0,2000.0,4.6,0.018,30.9,0.309,40.0,0.16,2.738,0.274,3.339,0.334,0.286,0.88,3.892,1.112,5.407,3.087,1.506,10.0,Sample
980,0 days 02:35:22,37.0,G15,20426,G,15,GFP-Gext,Plate 1,2026-03-19 14:37:56,Cytation5,31,5.0,1.8,1.8,5.0,31.0,40.0,2.7,3.3,0.287,3.885,50.0,0.0,0.0,1.0,1.0,1.0,0.02,2.0,2000.0,4.6,0.018,30.9,0.309,40.0,0.16,2.738,0.274,3.339,0.334,0.286,0.88,3.892,1.112,5.407,3.087,1.506,10.0,Sample
981,0 days 02:40:22,37.0,G15,20329,G,15,GFP-Gext,Plate 1,2026-03-19 14:42:56,Cytation5,31,5.0,1.8,1.8,5.0,31.0,40.0,2.7,3.3,0.287,3.885,50.0,0.0,0.0,1.0,1.0,1.0,0.02,2.0,2000.0,4.6,0.018,30.9,0.309,40.0,0.16,2.738,0.274,3.339,0.334,0.286,0.88,3.892,1.112,5.407,3.087,1.506,10.0,Sample
982,0 days 02:45:22,37.1,G15,20321,G,15,GFP-Gext,Plate 1,2026-03-19 14:47:56,Cytation5,31,5.0,1.8,1.8,5.0,31.0,40.0,2.7,3.3,0.287,3.885,50.0,0.0,0.0,1.0,1.0,1.0,0.02,2.0,2000.0,4.6,0.018,30.9,0.309,40.0,0.16,2.738,0.274,3.339,0.334,0.286,0.88,3.892,1.112,5.407,3.087,1.506,10.0,Sample
983,0 days 02:50:22,37.0,G15,20259,G,15,GFP-Gext,Plate 1,2026-03-19 14:52:56,Cytation5,31,5.0,1.8,1.8,5.0,31.0,40.0,2.7,3.3,0.287,3.885,50.0,0.0,0.0,1.0,1.0,1.0,0.02,2.0,2000.0,4.6,0.018,30.9,0.309,40.0,0.16,2.738,0.274,3.339,0.334,0.286,0.88,3.892,1.112,5.407,3.087,1.506,10.0,Sample
984,0 days 02:55:22,37.0,G15,20305,G,15,GFP-Gext,Plate 1,2026-03-19 14:57:56,Cytation5,31,5.0,1.8,1.8,5.0,31.0,40.0,2.7,3.3,0.287,3.885,50.0,0.0,0.0,1.0,1.0,1.0,0.02,2.0,2000.0,4.6,0.018,30.9,0.309,40.0,0.16,2.738,0.274,3.339,0.334,0.286,0.88,3.892,1.112,5.407,3.087,1.506,10.0,Sample
985,0 days 03:00:22,37.0,G15,20626,G,15,GFP-Gext,Plate 1,2026-03-19 15:02:56,Cytation5,31,5.0,1.8,1.8,5.0,31.0,40.0,2.7,3.3,0.287,3.885,50.0,0.0,0.0,1.0,1.0,1.0,0.02,2.0,2000.0,4.6,0.018,30.9,0.309,40.0,0.16,2.738,0.274,3.339,0.334,0.286,0.88,3.892,1.112,5.407,3.087,1.506,10.0,Sample
986,0 days 03:05:22,37.0,G15,20185,G,15,GFP-Gext,Plate 1,2026-03-19 15:07:56,Cytation5,31,5.0,1.8,1.8,5.0,31.0,40.0,2.7,3.3,0.287,3.885,50.0,0.0,0.0,1.0,1.0,1.0,0.02,2.0,2000.0,4.6,0.018,30.9,0.309,40.0,0.16,2.738,0.274,3.339,0.334,0.286,0.88,3.892,1.112,5.407,3.087,1.506,10.0,Sample
987,0 days 03:10:22,37.0,G15,20068,G,15,GFP-Gext,Plate 1,2026-03-19 15:12:56,Cytation5,31,5.0,1.8,1.8,5.0,31.0,40.0,2.7,3.3,0.287,3.885,50.0,0.0,0.0,1.0,1.0,1.0,0.02,2.0,2000.0,4.6,0.018,30.9,0.309,40.0,0.16,2.738,0.274,3.339,0.334,0.286,0.88,3.892,1.112,5.407,3.087,1.506,10.0,Sample
988,0 days 03:15:22,37.0,G15,20459,G,15,GFP-Gext,Plate 1,2026-03-19 15:17:56,Cytation5,31,5.0,1.8,1.8,5.0,31.0,40.0,2.7,3.3,0.287,3.885,50.0,0.0,0.0,1.0,1.0,1.0,0.02,2.0,2000.0,4.6,0.018,30.9,0.309,40.0,0.16,2.738,0.274,3.339,0.334,0.286,0.88,3.892,1.112,5.407,3.087,1.506,10.0,Sample
989,0 days 03:20:22,37.0,G15,20360,G,15,GFP-Gext,Plate 1,2026-03-19 15:22:56,Cytation5,31,5.0,1.8,1.8,5.0,31.0,40.0,2.7,3.3,0.287,3.885,50.0,0.0,0.0,1.0,1.0,1.0,0.02,2.0,2000.0,4.6,0.018,30.9,0.309,40.0,0.16,2.738,0.274,3.339,0.334,0.286,0.88,3.892,1.112,5.407,3.087,1.506,10.0,Sample
990,0 days 03:25:22,37.1,G15,20305,G,15,GFP-Gext,Plate 1,2026-03-19 15:27:56,Cytation5,31,5.0,1.8,1.8,5.0,31.0,40.0,2.7,3.3,0.287,3.885,50.0,0.0,0.0,1.0,1.0,1.0,0.02,2.0,2000.0,4.6,0.018,30.9,0.309,40.0,0.16,2.738,0.274,3.339,0.334,0.286,0.88,3.892,1.112,5.407,3.087,1.506,10.0,Sample
991,0 days 03:30:22,36.9,G15,20377,G,15,GFP-Gext,Plate 1,2026-03-19 15:32:56,Cytation5,31,5.0,1.8,1.8,5.0,31.0,40.0,2.7,3.3,0.287,3.885,50.0,0.0,0.0,1.0,1.0,1.0,0.02,2.0,2000.0,4.6,0.018,30.9,0.309,40.0,0.16,2.738,0.274,3.339,0.334,0.286,0.88,3.892,1.112,5.407,3.087,1.506,10.0,Sample
992,0 days 03:35:22,37.1,G15,20176,G,15,GFP-Gext,Plate 1,2026-03-19 15:37:56,Cytation5,31,5.0,1.8,1.8,5.0,31.0,40.0,2.7,3.3,0.287,3.885,50.0,0.0,0.0,1.0,1.0,1.0,0.02,2.0,2000.0,4.6,0.018,30.9,0.309,40.0,0.16,2.738,0.274,3.339,0.334,0.286,0.88,3.892,1.112,5.407,3.087,1.506,10.0,Sample
993,0 days 03:40:22,37.0,G15,20322,G,15,GFP-Gext,Plate 1,2026-03-19 15:42:56,Cytation5,31,5.0,1.8,1.8,5.0,31.0,40.0,2.7,3.3,0.287,3.885,50.0,0.0,0.0,1.0,1.0,1.0,0.02,2.0,2000.0,4.6,0.018,30.9,0.309,40.0,0.16,2.738,0.274,3.339,0.334,0.286,0.88,3.892,1.112,5.407,3.087,1.506,10.0,Sample
994,0 days 03:45:22,37.0,G15,20412,G,15,GFP-Gext,Plate 1,2026-03-19 15:47:56,Cytation5,31,5.0,1.8,1.8,5.0,31.0,40.0,2.7,3.3,0.287,3.885,50.0,0.0,0.0,1.0,1.0,1.0,0.02,2.0,2000.0,4.6,0.018,30.9,0.309,40.0,0.16,2.738,0.274,3.339,0.334,0.286,0.88,3.892,1.112,5.407,3.087,1.506,10.0,Sample
995,0 days 03:50:22,37.0,G15,20379,G,15,GFP-Gext,Plate 1,2026-03-19 15:52:56,Cytation5,31,5.0,1.8,1.8,5.0,31.0,40.0,2.7,3.3,0.287,3.885,50.0,0.0,0.0,1.0,1.0,1.0,0.02,2.0,2000.0,4.6,0.018,30.9,0.309,40.0,0.16,2.738,0.274,3.339,0.334,0.286,0.88,3.892,1.112,5.407,3.087,1.506,10.0,Sample
996,0 days 03:55:22,37.1,G15,20483,G,15,GFP-Gext,Plate 1,2026-03-19 15:57:56,Cytation5,31,5.0,1.8,1.8,5.0,31.0,40.0,2.7,3.3,0.287,3.885,50.0,0.0,0.0,1.0,1.0,1.0,0.02,2.0,2000.0,4.6,0.018,30.9,0.309,40.0,0.16,2.738,0.274,3.339,0.334,0.286,0.88,3.892,1.112,5.407,3.087,1.506,10.0,Sample
997,0 days 04:00:22,37.0,G15,20624,G,15,GFP-Gext,Plate 1,2026-03-19 16:02:56,Cytation5,31,5.0,1.8,1.8,5.0,31.0,40.0,2.7,3.3,0.287,3.885,50.0,0.0,0.0,1.0,1.0,1.0,0.02,2.0,2000.0,4.6,0.018,30.9,0.309,40.0,0.16,2.738,0.274,3.339,0.334,0.286,0.88,3.892,1.112,5.407,3.087,1.506,10.0,Sample
998,0 days 04:05:22,37.1,G15,20476,G,15,GFP-Gext,Plate 1,2026-03-19 16:07:56,Cytation5,31,5.0,1.8,1.8,5.0,31.0,40.0,2.7,3.3,0.287,3.885,50.0,0.0,0.0,1.0,1.0,1.0,0.02,2.0,2000.0,4.6,0.018,30.9,0.309,40.0,0.16,2.738,0.274,3.339,0.334,0.286,0.88,3.892,1.112,5.407,3.087,1.506,10.0,Sample
999,0 days 04:10:22,37.0,G15,20343,G,15,GFP-Gext,Plate 1,2026-03-19 16:12:56,Cytation5,31,5.0,1.8,1.8,5.0,31.0,40.0,2.7,3.3,0.287,3.885,50.0,0.0,0.0,1.0,1.0,1.0,0.02,2.0,2000.0,4.6,0.018,30.9,0.309,40.0,0.16,2.738,0.274,3.339,0.334,0.286,0.88,3.892,1.112,5.407,3.087,1.506,10.0,Sample
1000,0 days 04:15:22,37.0,G15,20509,G,15,GFP-Gext,Plate 1,2026-03-19 16:17:56,Cytation5,31,5.0,1.8,1.8,5.0,31.0,40.0,2.7,3.3,0.287,3.885,50.0,0.0,0.0,1.0,1.0,1.0,0.02,2.0,2000.0,4.6,0.018,30.9,0.309,40.0,0.16,2.738,0.274,3.339,0.334,0.286,0.88,3.892,1.112,5.407,3.087,1.506,10.0,Sample
1001,0 days 04:20:22,37.0,G15,20455,G,15,GFP-Gext,Plate 1,2026-03-19 16:22:56,Cytation5,31,5.0,1.8,1.8,5.0,31.0,40.0,2.7,3.3,0.287,3.885,50.0,0.0,0.0,1.0,1.0,1.0,0.02,2.0,2000.0,4.6,0.018,30.9,0.309,40.0,0.16,2.738,0.274,3.339,0.334,0.286,0.88,3.892,1.112,5.407,3.087,1.506,10.0,Sample
1002,0 days 04:25:22,37.1,G15,20458,G,15,GFP-Gext,Plate 1,2026-03-19 16:27:56,Cytation5,31,5.0,1.8,1.8,5.0,31.0,40.0,2.7,3.3,0.287,3.885,50.0,0.0,0.0,1.0,1.0,1.0,0.02,2.0,2000.0,4.6,0.018,30.9,0.309,40.0,0.16,2.738,0.274,3.339,0.334,0.286,0.88,3.892,1.112,5.407,3.087,1.506,10.0,Sample
1003,0 days 04:30:22,37.0,G15,20530,G,15,GFP-Gext,Plate 1,2026-03-19 16:32:56,Cytation5,31,5.0,1.8,1.8,5.0,31.0,40.0,2.7,3.3,0.287,3.885,50.0,0.0,0.0,1.0,1.0,1.0,0.02,2.0,2000.0,4.6,0.018,30.9,0.309,40.0,0.16,2.738,0.274,3.339,0.334,0.286,0.88,3.892,1.112,5.407,3.087,1.506,10.0,Sample
1004,0 days 04:35:22,37.0,G15,20760,G,15,GFP-Gext,Plate 1,2026-03-19 16:37:56,Cytation5,31,5.0,1.8,1.8,5.0,31.0,40.0,2.7,3.3,0.287,3.885,50.0,0.0,0.0,1.0,1.0,1.0,0.02,2.0,2000.0,4.6,0.018,30.9,0.309,40.0,0.16,2.738,0.274,3.339,0.334,0.286,0.88,3.892,1.112,5.407,3.087,1.506,10.0,Sample
1005,0 days 04:40:22,37.0,G15,20586,G,15,GFP-Gext,Plate 1,2026-03-19 16:42:56,Cytation5,31,5.0,1.8,1.8,5.0,31.0,40.0,2.7,3.3,0.287,3.885,50.0,0.0,0.0,1.0,1.0,1.0,0.02,2.0,2000.0,4.6,0.018,30.9,0.309,40.0,0.16,2.738,0.274,3.339,0.334,0.286,0.88,3.892,1.112,5.407,3.087,1.506,10.0,Sample
1006,0 days 04:45:22,37.0,G15,20539,G,15,GFP-Gext,Plate 1,2026-03-19 16:47:56,Cytation5,31,5.0,1.8,1.8,5.0,31.0,40.0,2.7,3.3,0.287,3.885,50.0,0.0,0.0,1.0,1.0,1.0,0.02,2.0,2000.0,4.6,0.018,30.9,0.309,40.0,0.16,2.738,0.274,3.339,0.334,0.286,0.88,3.892,1.112,5.407,3.087,1.506,10.0,Sample
1007,0 days 04:50:22,37.0,G15,20754,G,15,GFP-Gext,Plate 1,2026-03-19 16:52:56,Cytation5,31,5.0,1.8,1.8,5.0,31.0,40.0,2.7,3.3,0.287,3.885,50.0,0.0,0.0,1.0,1.0,1.0,0.02,2.0,2000.0,4.6,0.018,30.9,0.309,40.0,0.16,2.738,0.274,3.339,0.334,0.286,0.88,3.892,1.112,5.407,3.087,1.506,10.0,Sample
1008,0 days 04:55:22,37.1,G15,20773,G,15,GFP-Gext,Plate 1,2026-03-19 16:57:56,Cytation5,31,5.0,1.8,1.8,5.0,31.0,40.0,2.7,3.3,0.287,3.885,50.0,0.0,0.0,1.0,1.0,1.0,0.02,2.0,2000.0,4.6,0.018,30.9,0.309,40.0,0.16,2.738,0.274,3.339,0.334,0.286,0.88,3.892,1.112,5.407,3.087,1.506,10.0,Sample
1009,0 days 05:00:22,37.1,G15,20689,G,15,GFP-Gext,Plate 1,2026-03-19 17:02:56,Cytation5,31,5.0,1.8,1.8,5.0,31.0,40.0,2.7,3.3,0.287,3.885,50.0,0.0,0.0,1.0,1.0,1.0,0.02,2.0,2000.0,4.6,0.018,30.9,0.309,40.0,0.16,2.738,0.274,3.339,0.334,0.286,0.88,3.892,1.112,5.407,3.087,1.506,10.0,Sample
1010,0 days 05:05:22,37.0,G15,20861,G,15,GFP-Gext,Plate 1,2026-03-19 17:07:56,Cytation5,31,5.0,1.8,1.8,5.0,31.0,40.0,2.7,3.3,0.287,3.885,50.0,0.0,0.0,1.0,1.0,1.0,0.02,2.0,2000.0,4.6,0.018,30.9,0.309,40.0,0.16,2.738,0.274,3.339,0.334,0.286,0.88,3.892,1.112,5.407,3.087,1.506,10.0,Sample
1011,0 days 05:10:22,37.0,G15,20766,G,15,GFP-Gext,Plate 1,2026-03-19 17:12:56,Cytation5,31,5.0,1.8,1.8,5.0,31.0,40.0,2.7,3.3,0.287,3.885,50.0,0.0,0.0,1.0,1.0,1.0,0.02,2.0,2000.0,4.6,0.018,30.9,0.309,40.0,0.16,2.738,0.274,3.339,0.334,0.286,0.88,3.892,1.112,5.407,3.087,1.506,10.0,Sample
1012,0 days 05:15:22,37.1,G15,20752,G,15,GFP-Gext,Plate 1,2026-03-19 17:17:56,Cytation5,31,5.0,1.8,1.8,5.0,31.0,40.0,2.7,3.3,0.287,3.885,50.0,0.0,0.0,1.0,1.0,1.0,0.02,2.0,2000.0,4.6,0.018,30.9,0.309,40.0,0.16,2.738,0.274,3.339,0.334,0.286,0.88,3.892,1.112,5.407,3.087,1.506,10.0,Sample
1013,0 days 05:20:22,37.0,G15,20880,G,15,GFP-Gext,Plate 1,2026-03-19 17:22:56,Cytation5,31,5.0,1.8,1.8,5.0,31.0,40.0,2.7,3.3,0.287,3.885,50.0,0.0,0.0,1.0,1.0,1.0,0.02,2.0,2000.0,4.6,0.018,30.9,0.309,40.0,0.16,2.738,0.274,3.339,0.334,0.286,0.88,3.892,1.112,5.407,3.087,1.506,10.0,Sample
1014,0 days 05:25:22,37.0,G15,20861,G,15,GFP-Gext,Plate 1,2026-03-19 17:27:56,Cytation5,31,5.0,1.8,1.8,5.0,31.0,40.0,2.7,3.3,0.287,3.885,50.0,0.0,0.0,1.0,1.0,1.0,0.02,2.0,2000.0,4.6,0.018,30.9,0.309,40.0,0.16,2.738,0.274,3.339,0.334,0.286,0.88,3.892,1.112,5.407,3.087,1.506,10.0,Sample
1015,0 days 05:30:22,37.0,G15,20811,G,15,GFP-Gext,Plate 1,2026-03-19 17:32:56,Cytation5,31,5.0,1.8,1.8,5.0,31.0,40.0,2.7,3.3,0.287,3.885,50.0,0.0,0.0,1.0,1.0,1.0,0.02,2.0,2000.0,4.6,0.018,30.9,0.309,40.0,0.16,2.738,0.274,3.339,0.334,0.286,0.88,3.892,1.112,5.407,3.087,1.506,10.0,Sample
1016,0 days 05:35:22,37.0,G15,20851,G,15,GFP-Gext,Plate 1,2026-03-19 17:37:56,Cytation5,31,5.0,1.8,1.8,5.0,31.0,40.0,2.7,3.3,0.287,3.885,50.0,0.0,0.0,1.0,1.0,1.0,0.02,2.0,2000.0,4.6,0.018,30.9,0.309,40.0,0.16,2.738,0.274,3.339,0.334,0.286,0.88,3.892,1.112,5.407,3.087,1.506,10.0,Sample
1017,0 days 05:40:22,37.0,G15,21052,G,15,GFP-Gext,Plate 1,2026-03-19 17:42:56,Cytation5,31,5.0,1.8,1.8,5.0,31.0,40.0,2.7,3.3,0.287,3.885,50.0,0.0,0.0,1.0,1.0,1.0,0.02,2.0,2000.0,4.6,0.018,30.9,0.309,40.0,0.16,2.738,0.274,3.339,0.334,0.286,0.88,3.892,1.112,5.407,3.087,1.506,10.0,Sample
1018,0 days 05:45:22,37.0,G15,20761,G,15,GFP-Gext,Plate 1,2026-03-19 17:47:56,Cytation5,31,5.0,1.8,1.8,5.0,31.0,40.0,2.7,3.3,0.287,3.885,50.0,0.0,0.0,1.0,1.0,1.0,0.02,2.0,2000.0,4.6,0.018,30.9,0.309,40.0,0.16,2.738,0.274,3.339,0.334,0.286,0.88,3.892,1.112,5.407,3.087,1.506,10.0,Sample
1019,0 days 05:50:22,37.0,G15,20926,G,15,GFP-Gext,Plate 1,2026-03-19 17:52:56,Cytation5,31,5.0,1.8,1.8,5.0,31.0,40.0,2.7,3.3,0.287,3.885,50.0,0.0,0.0,1.0,1.0,1.0,0.02,2.0,2000.0,4.6,0.018,30.9,0.309,40.0,0.16,2.738,0.274,3.339,0.334,0.286,0.88,3.892,1.112,5.407,3.087,1.506,10.0,Sample
1020,0 days 05:55:22,37.0,G15,21074,G,15,GFP-Gext,Plate 1,2026-03-19 17:57:56,Cytation5,31,5.0,1.8,1.8,5.0,31.0,40.0,2.7,3.3,0.287,3.885,50.0,0.0,0.0,1.0,1.0,1.0,0.02,2.0,2000.0,4.6,0.018,30.9,0.309,40.0,0.16,2.738,0.274,3.339,0.334,0.286,0.88,3.892,1.112,5.407,3.087,1.506,10.0,Sample
1021,0 days 06:00:22,37.0,G15,21259,G,15,GFP-Gext,Plate 1,2026-03-19 18:02:56,Cytation5,31,5.0,1.8,1.8,5.0,31.0,40.0,2.7,3.3,0.287,3.885,50.0,0.0,0.0,1.0,1.0,1.0,0.02,2.0,2000.0,4.6,0.018,30.9,0.309,40.0,0.16,2.738,0.274,3.339,0.334,0.286,0.88,3.892,1.112,5.407,3.087,1.506,10.0,Sample
1022,0 days 00:00:22,27.7,H9,393,H,9,GFP-Gext,Plate 1,2026-03-19 12:02:56,Cytation5,19,5.0,1.8,1.8,22.0,60.0,67.5,3.6,2.0,0.252,3.325,50.0,0.0,0.0,1.0,1.0,1.0,0.02,2.0,2000.0,22.3,0.089,60.0,0.6,67.9,0.272,3.618,0.362,1.992,0.199,0.253,0.778,3.338,0.954,5.407,3.254,1.339,10.0,Sample
1023,0 days 00:05:22,33.8,H9,412,H,9,GFP-Gext,Plate 1,2026-03-19 12:07:56,Cytation5,19,5.0,1.8,1.8,22.0,60.0,67.5,3.6,2.0,0.252,3.325,50.0,0.0,0.0,1.0,1.0,1.0,0.02,2.0,2000.0,22.3,0.089,60.0,0.6,67.9,0.272,3.618,0.362,1.992,0.199,0.253,0.778,3.338,0.954,5.407,3.254,1.339,10.0,Sample
1024,0 days 00:10:22,37.0,H9,486,H,9,GFP-Gext,Plate 1,2026-03-19 12:12:56,Cytation5,19,5.0,1.8,1.8,22.0,60.0,67.5,3.6,2.0,0.252,3.325,50.0,0.0,0.0,1.0,1.0,1.0,0.02,2.0,2000.0,22.3,0.089,60.0,0.6,67.9,0.272,3.618,0.362,1.992,0.199,0.253,0.778,3.338,0.954,5.407,3.254,1.339,10.0,Sample
1025,0 days 00:15:22,37.0,H9,1197,H,9,GFP-Gext,Plate 1,2026-03-19 12:17:56,Cytation5,19,5.0,1.8,1.8,22.0,60.0,67.5,3.6,2.0,0.252,3.325,50.0,0.0,0.0,1.0,1.0,1.0,0.02,2.0,2000.0,22.3,0.089,60.0,0.6,67.9,0.272,3.618,0.362,1.992,0.199,0.253,0.778,3.338,0.954,5.407,3.254,1.339,10.0,Sample
1026,0 days 00:20:22,37.0,H9,3767,H,9,GFP-Gext,Plate 1,2026-03-19 12:22:56,Cytation5,19,5.0,1.8,1.8,22.0,60.0,67.5,3.6,2.0,0.252,3.325,50.0,0.0,0.0,1.0,1.0,1.0,0.02,2.0,2000.0,22.3,0.089,60.0,0.6,67.9,0.272,3.618,0.362,1.992,0.199,0.253,0.778,3.338,0.954,5.407,3.254,1.339,10.0,Sample
1027,0 days 00:25:22,37.1,H9,9701,H,9,GFP-Gext,Plate 1,2026-03-19 12:27:56,Cytation5,19,5.0,1.8,1.8,22.0,60.0,67.5,3.6,2.0,0.252,3.325,50.0,0.0,0.0,1.0,1.0,1.0,0.02,2.0,2000.0,22.3,0.089,60.0,0.6,67.9,0.272,3.618,0.362,1.992,0.199,0.253,0.778,3.338,0.954,5.407,3.254,1.339,10.0,Sample
1028,0 days 00:30:22,37.0,H9,19302,H,9,GFP-Gext,Plate 1,2026-03-19 12:32:56,Cytation5,19,5.0,1.8,1.8,22.0,60.0,67.5,3.6,2.0,0.252,3.325,50.0,0.0,0.0,1.0,1.0,1.0,0.02,2.0,2000.0,22.3,0.089,60.0,0.6,67.9,0.272,3.618,0.362,1.992,0.199,0.253,0.778,3.338,0.954,5.407,3.254,1.339,10.0,Sample
1029,0 days 00:35:22,37.0,H9,31781,H,9,GFP-Gext,Plate 1,2026-03-19 12:37:56,Cytation5,19,5.0,1.8,1.8,22.0,60.0,67.5,3.6,2.0,0.252,3.325,50.0,0.0,0.0,1.0,1.0,1.0,0.02,2.0,2000.0,22.3,0.089,60.0,0.6,67.9,0.272,3.618,0.362,1.992,0.199,0.253,0.778,3.338,0.954,5.407,3.254,1.339,10.0,Sample
1030,0 days 00:40:22,37.0,H9,47299,H,9,GFP-Gext,Plate 1,2026-03-19 12:42:56,Cytation5,19,5.0,1.8,1.8,22.0,60.0,67.5,3.6,2.0,0.252,3.325,50.0,0.0,0.0,1.0,1.0,1.0,0.02,2.0,2000.0,22.3,0.089,60.0,0.6,67.9,0.272,3.618,0.362,1.992,0.199,0.253,0.778,3.338,0.954,5.407,3.254,1.339,10.0,Sample
1031,0 days 00:45:22,36.9,H9,63484,H,9,GFP-Gext,Plate 1,2026-03-19 12:47:56,Cytation5,19,5.0,1.8,1.8,22.0,60.0,67.5,3.6,2.0,0.252,3.325,50.0,0.0,0.0,1.0,1.0,1.0,0.02,2.0,2000.0,22.3,0.089,60.0,0.6,67.9,0.272,3.618,0.362,1.992,0.199,0.253,0.778,3.338,0.954,5.407,3.254,1.339,10.0,Sample
1032,0 days 00:50:22,37.0,H9,80672,H,9,GFP-Gext,Plate 1,2026-03-19 12:52:56,Cytation5,19,5.0,1.8,1.8,22.0,60.0,67.5,3.6,2.0,0.252,3.325,50.0,0.0,0.0,1.0,1.0,1.0,0.02,2.0,2000.0,22.3,0.089,60.0,0.6,67.9,0.272,3.618,0.362,1.992,0.199,0.253,0.778,3.338,0.954,5.407,3.254,1.339,10.0,Sample
1033,0 days 00:55:22,37.0,H9,98032,H,9,GFP-Gext,Plate 1,2026-03-19 12:57:56,Cytation5,19,5.0,1.8,1.8,22.0,60.0,67.5,3.6,2.0,0.252,3.325,50.0,0.0,0.0,1.0,1.0,1.0,0.02,2.0,2000.0,22.3,0.089,60.0,0.6,67.9,0.272,3.618,0.362,1.992,0.199,0.253,0.778,3.338,0.954,5.407,3.254,1.339,10.0,Sample
1034,0 days 01:00:22,37.0,H9,116335,H,9,GFP-Gext,Plate 1,2026-03-19 13:02:56,Cytation5,19,5.0,1.8,1.8,22.0,60.0,67.5,3.6,2.0,0.252,3.325,50.0,0.0,0.0,1.0,1.0,1.0,0.02,2.0,2000.0,22.3,0.089,60.0,0.6,67.9,0.272,3.618,0.362,1.992,0.199,0.253,0.778,3.338,0.954,5.407,3.254,1.339,10.0,Sample
1035,0 days 01:05:22,37.0,H9,133668,H,9,GFP-Gext,Plate 1,2026-03-19 13:07:56,Cytation5,19,5.0,1.8,1.8,22.0,60.0,67.5,3.6,2.0,0.252,3.325,50.0,0.0,0.0,1.0,1.0,1.0,0.02,2.0,2000.0,22.3,0.089,60.0,0.6,67.9,0.272,3.618,0.362,1.992,0.199,0.253,0.778,3.338,0.954,5.407,3.254,1.339,10.0,Sample
1036,0 days 01:10:22,37.0,H9,150383,H,9,GFP-Gext,Plate 1,2026-03-19 13:12:56,Cytation5,19,5.0,1.8,1.8,22.0,60.0,67.5,3.6,2.0,0.252,3.325,50.0,0.0,0.0,1.0,1.0,1.0,0.02,2.0,2000.0,22.3,0.089,60.0,0.6,67.9,0.272,3.618,0.362,1.992,0.199,0.253,0.778,3.338,0.954,5.407,3.254,1.339,10.0,Sample
1037,0 days 01:15:22,37.0,H9,167294,H,9,GFP-Gext,Plate 1,2026-03-19 13:17:56,Cytation5,19,5.0,1.8,1.8,22.0,60.0,67.5,3.6,2.0,0.252,3.325,50.0,0.0,0.0,1.0,1.0,1.0,0.02,2.0,2000.0,22.3,0.089,60.0,0.6,67.9,0.272,3.618,0.362,1.992,0.199,0.253,0.778,3.338,0.954,5.407,3.254,1.339,10.0,Sample
1038,0 days 01:20:22,37.0,H9,182935,H,9,GFP-Gext,Plate 1,2026-03-19 13:22:56,Cytation5,19,5.0,1.8,1.8,22.0,60.0,67.5,3.6,2.0,0.252,3.325,50.0,0.0,0.0,1.0,1.0,1.0,0.02,2.0,2000.0,22.3,0.089,60.0,0.6,67.9,0.272,3.618,0.362,1.992,0.199,0.253,0.778,3.338,0.954,5.407,3.254,1.339,10.0,Sample
1039,0 days 01:25:22,37.1,H9,196721,H,9,GFP-Gext,Plate 1,2026-03-19 13:27:56,Cytation5,19,5.0,1.8,1.8,22.0,60.0,67.5,3.6,2.0,0.252,3.325,50.0,0.0,0.0,1.0,1.0,1.0,0.02,2.0,2000.0,22.3,0.089,60.0,0.6,67.9,0.272,3.618,0.362,1.992,0.199,0.253,0.778,3.338,0.954,5.407,3.254,1.339,10.0,Sample
1040,0 days 01:30:22,37.1,H9,211649,H,9,GFP-Gext,Plate 1,2026-03-19 13:32:56,Cytation5,19,5.0,1.8,1.8,22.0,60.0,67.5,3.6,2.0,0.252,3.325,50.0,0.0,0.0,1.0,1.0,1.0,0.02,2.0,2000.0,22.3,0.089,60.0,0.6,67.9,0.272,3.618,0.362,1.992,0.199,0.253,0.778,3.338,0.954,5.407,3.254,1.339,10.0,Sample
1041,0 days 01:35:22,37.0,H9,224030,H,9,GFP-Gext,Plate 1,2026-03-19 13:37:56,Cytation5,19,5.0,1.8,1.8,22.0,60.0,67.5,3.6,2.0,0.252,3.325,50.0,0.0,0.0,1.0,1.0,1.0,0.02,2.0,2000.0,22.3,0.089,60.0,0.6,67.9,0.272,3.618,0.362,1.992,0.199,0.253,0.778,3.338,0.954,5.407,3.254,1.339,10.0,Sample
1042,0 days 01:40:22,37.0,H9,237645,H,9,GFP-Gext,Plate 1,2026-03-19 13:42:56,Cytation5,19,5.0,1.8,1.8,22.0,60.0,67.5,3.6,2.0,0.252,3.325,50.0,0.0,0.0,1.0,1.0,1.0,0.02,2.0,2000.0,22.3,0.089,60.0,0.6,67.9,0.272,3.618,0.362,1.992,0.199,0.253,0.778,3.338,0.954,5.407,3.254,1.339,10.0,Sample
1043,0 days 01:45:22,37.0,H9,248502,H,9,GFP-Gext,Plate 1,2026-03-19 13:47:56,Cytation5,19,5.0,1.8,1.8,22.0,60.0,67.5,3.6,2.0,0.252,3.325,50.0,0.0,0.0,1.0,1.0,1.0,0.02,2.0,2000.0,22.3,0.089,60.0,0.6,67.9,0.272,3.618,0.362,1.992,0.199,0.253,0.778,3.338,0.954,5.407,3.254,1.339,10.0,Sample
1044,0 days 01:50:22,36.9,H9,261182,H,9,GFP-Gext,Plate 1,2026-03-19 13:52:56,Cytation5,19,5.0,1.8,1.8,22.0,60.0,67.5,3.6,2.0,0.252,3.325,50.0,0.0,0.0,1.0,1.0,1.0,0.02,2.0,2000.0,22.3,0.089,60.0,0.6,67.9,0.272,3.618,0.362,1.992,0.199,0.253,0.778,3.338,0.954,5.407,3.254,1.339,10.0,Sample
1045,0 days 01:55:22,37.0,H9,270725,H,9,GFP-Gext,Plate 1,2026-03-19 13:57:56,Cytation5,19,5.0,1.8,1.8,22.0,60.0,67.5,3.6,2.0,0.252,3.325,50.0,0.0,0.0,1.0,1.0,1.0,0.02,2.0,2000.0,22.3,0.089,60.0,0.6,67.9,0.272,3.618,0.362,1.992,0.199,0.253,0.778,3.338,0.954,5.407,3.254,1.339,10.0,Sample
1046,0 days 02:00:22,37.0,H9,281111,H,9,GFP-Gext,Plate 1,2026-03-19 14:02:56,Cytation5,19,5.0,1.8,1.8,22.0,60.0,67.5,3.6,2.0,0.252,3.325,50.0,0.0,0.0,1.0,1.0,1.0,0.02,2.0,2000.0,22.3,0.089,60.0,0.6,67.9,0.272,3.618,0.362,1.992,0.199,0.253,0.778,3.338,0.954,5.407,3.254,1.339,10.0,Sample
1047,0 days 02:05:22,37.0,H9,288697,H,9,GFP-Gext,Plate 1,2026-03-19 14:07:56,Cytation5,19,5.0,1.8,1.8,22.0,60.0,67.5,3.6,2.0,0.252,3.325,50.0,0.0,0.0,1.0,1.0,1.0,0.02,2.0,2000.0,22.3,0.089,60.0,0.6,67.9,0.272,3.618,0.362,1.992,0.199,0.253,0.778,3.338,0.954,5.407,3.254,1.339,10.0,Sample
1048,0 days 02:10:22,37.0,H9,296572,H,9,GFP-Gext,Plate 1,2026-03-19 14:12:56,Cytation5,19,5.0,1.8,1.8,22.0,60.0,67.5,3.6,2.0,0.252,3.325,50.0,0.0,0.0,1.0,1.0,1.0,0.02,2.0,2000.0,22.3,0.089,60.0,0.6,67.9,0.272,3.618,0.362,1.992,0.199,0.253,0.778,3.338,0.954,5.407,3.254,1.339,10.0,Sample
1049,0 days 02:15:22,37.0,H9,303793,H,9,GFP-Gext,Plate 1,2026-03-19 14:17:56,Cytation5,19,5.0,1.8,1.8,22.0,60.0,67.5,3.6,2.0,0.252,3.325,50.0,0.0,0.0,1.0,1.0,1.0,0.02,2.0,2000.0,22.3,0.089,60.0,0.6,67.9,0.272,3.618,0.362,1.992,0.199,0.253,0.778,3.338,0.954,5.407,3.254,1.339,10.0,Sample
1050,0 days 02:20:22,37.0,H9,311236,H,9,GFP-Gext,Plate 1,2026-03-19 14:22:56,Cytation5,19,5.0,1.8,1.8,22.0,60.0,67.5,3.6,2.0,0.252,3.325,50.0,0.0,0.0,1.0,1.0,1.0,0.02,2.0,2000.0,22.3,0.089,60.0,0.6,67.9,0.272,3.618,0.362,1.992,0.199,0.253,0.778,3.338,0.954,5.407,3.254,1.339,10.0,Sample
1051,0 days 02:25:22,37.0,H9,318061,H,9,GFP-Gext,Plate 1,2026-03-19 14:27:56,Cytation5,19,5.0,1.8,1.8,22.0,60.0,67.5,3.6,2.0,0.252,3.325,50.0,0.0,0.0,1.0,1.0,1.0,0.02,2.0,2000.0,22.3,0.089,60.0,0.6,67.9,0.272,3.618,0.362,1.992,0.199,0.253,0.778,3.338,0.954,5.407,3.254,1.339,10.0,Sample
1052,0 days 02:30:22,37.1,H9,325264,H,9,GFP-Gext,Plate 1,2026-03-19 14:32:56,Cytation5,19,5.0,1.8,1.8,22.0,60.0,67.5,3.6,2.0,0.252,3.325,50.0,0.0,0.0,1.0,1.0,1.0,0.02,2.0,2000.0,22.3,0.089,60.0,0.6,67.9,0.272,3.618,0.362,1.992,0.199,0.253,0.778,3.338,0.954,5.407,3.254,1.339,10.0,Sample
1053,0 days 02:35:22,37.0,H9,330703,H,9,GFP-Gext,Plate 1,2026-03-19 14:37:56,Cytation5,19,5.0,1.8,1.8,22.0,60.0,67.5,3.6,2.0,0.252,3.325,50.0,0.0,0.0,1.0,1.0,1.0,0.02,2.0,2000.0,22.3,0.089,60.0,0.6,67.9,0.272,3.618,0.362,1.992,0.199,0.253,0.778,3.338,0.954,5.407,3.254,1.339,10.0,Sample
1054,0 days 02:40:22,37.0,H9,336119,H,9,GFP-Gext,Plate 1,2026-03-19 14:42:56,Cytation5,19,5.0,1.8,1.8,22.0,60.0,67.5,3.6,2.0,0.252,3.325,50.0,0.0,0.0,1.0,1.0,1.0,0.02,2.0,2000.0,22.3,0.089,60.0,0.6,67.9,0.272,3.618,0.362,1.992,0.199,0.253,0.778,3.338,0.954,5.407,3.254,1.339,10.0,Sample
1055,0 days 02:45:22,37.1,H9,340859,H,9,GFP-Gext,Plate 1,2026-03-19 14:47:56,Cytation5,19,5.0,1.8,1.8,22.0,60.0,67.5,3.6,2.0,0.252,3.325,50.0,0.0,0.0,1.0,1.0,1.0,0.02,2.0,2000.0,22.3,0.089,60.0,0.6,67.9,0.272,3.618,0.362,1.992,0.199,0.253,0.778,3.338,0.954,5.407,3.254,1.339,10.0,Sample
1056,0 days 02:50:22,37.0,H9,346172,H,9,GFP-Gext,Plate 1,2026-03-19 14:52:56,Cytation5,19,5.0,1.8,1.8,22.0,60.0,67.5,3.6,2.0,0.252,3.325,50.0,0.0,0.0,1.0,1.0,1.0,0.02,2.0,2000.0,22.3,0.089,60.0,0.6,67.9,0.272,3.618,0.362,1.992,0.199,0.253,0.778,3.338,0.954,5.407,3.254,1.339,10.0,Sample
1057,0 days 02:55:22,37.0,H9,351106,H,9,GFP-Gext,Plate 1,2026-03-19 14:57:56,Cytation5,19,5.0,1.8,1.8,22.0,60.0,67.5,3.6,2.0,0.252,3.325,50.0,0.0,0.0,1.0,1.0,1.0,0.02,2.0,2000.0,22.3,0.089,60.0,0.6,67.9,0.272,3.618,0.362,1.992,0.199,0.253,0.778,3.338,0.954,5.407,3.254,1.339,10.0,Sample
1058,0 days 03:00:22,37.0,H9,355331,H,9,GFP-Gext,Plate 1,2026-03-19 15:02:56,Cytation5,19,5.0,1.8,1.8,22.0,60.0,67.5,3.6,2.0,0.252,3.325,50.0,0.0,0.0,1.0,1.0,1.0,0.02,2.0,2000.0,22.3,0.089,60.0,0.6,67.9,0.272,3.618,0.362,1.992,0.199,0.253,0.778,3.338,0.954,5.407,3.254,1.339,10.0,Sample
1059,0 days 03:05:22,37.0,H9,358045,H,9,GFP-Gext,Plate 1,2026-03-19 15:07:56,Cytation5,19,5.0,1.8,1.8,22.0,60.0,67.5,3.6,2.0,0.252,3.325,50.0,0.0,0.0,1.0,1.0,1.0,0.02,2.0,2000.0,22.3,0.089,60.0,0.6,67.9,0.272,3.618,0.362,1.992,0.199,0.253,0.778,3.338,0.954,5.407,3.254,1.339,10.0,Sample
1060,0 days 03:10:22,37.0,H9,361864,H,9,GFP-Gext,Plate 1,2026-03-19 15:12:56,Cytation5,19,5.0,1.8,1.8,22.0,60.0,67.5,3.6,2.0,0.252,3.325,50.0,0.0,0.0,1.0,1.0,1.0,0.02,2.0,2000.0,22.3,0.089,60.0,0.6,67.9,0.272,3.618,0.362,1.992,0.199,0.253,0.778,3.338,0.954,5.407,3.254,1.339,10.0,Sample
1061,0 days 03:15:22,37.0,H9,365075,H,9,GFP-Gext,Plate 1,2026-03-19 15:17:56,Cytation5,19,5.0,1.8,1.8,22.0,60.0,67.5,3.6,2.0,0.252,3.325,50.0,0.0,0.0,1.0,1.0,1.0,0.02,2.0,2000.0,22.3,0.089,60.0,0.6,67.9,0.272,3.618,0.362,1.992,0.199,0.253,0.778,3.338,0.954,5.407,3.254,1.339,10.0,Sample
1062,0 days 03:20:22,37.0,H9,399918,H,9,GFP-Gext,Plate 1,2026-03-19 15:22:56,Cytation5,19,5.0,1.8,1.8,22.0,60.0,67.5,3.6,2.0,0.252,3.325,50.0,0.0,0.0,1.0,1.0,1.0,0.02,2.0,2000.0,22.3,0.089,60.0,0.6,67.9,0.272,3.618,0.362,1.992,0.199,0.253,0.778,3.338,0.954,5.407,3.254,1.339,10.0,Sample
1063,0 days 03:25:22,37.1,H9,398115,H,9,GFP-Gext,Plate 1,2026-03-19 15:27:56,Cytation5,19,5.0,1.8,1.8,22.0,60.0,67.5,3.6,2.0,0.252,3.325,50.0,0.0,0.0,1.0,1.0,1.0,0.02,2.0,2000.0,22.3,0.089,60.0,0.6,67.9,0.272,3.618,0.362,1.992,0.199,0.253,0.778,3.338,0.954,5.407,3.254,1.339,10.0,Sample
1064,0 days 03:30:22,36.9,H9,402877,H,9,GFP-Gext,Plate 1,2026-03-19 15:32:56,Cytation5,19,5.0,1.8,1.8,22.0,60.0,67.5,3.6,2.0,0.252,3.325,50.0,0.0,0.0,1.0,1.0,1.0,0.02,2.0,2000.0,22.3,0.089,60.0,0.6,67.9,0.272,3.618,0.362,1.992,0.199,0.253,0.778,3.338,0.954,5.407,3.254,1.339,10.0,Sample
1065,0 days 03:35:22,37.1,H9,404999,H,9,GFP-Gext,Plate 1,2026-03-19 15:37:56,Cytation5,19,5.0,1.8,1.8,22.0,60.0,67.5,3.6,2.0,0.252,3.325,50.0,0.0,0.0,1.0,1.0,1.0,0.02,2.0,2000.0,22.3,0.089,60.0,0.6,67.9,0.272,3.618,0.362,1.992,0.199,0.253,0.778,3.338,0.954,5.407,3.254,1.339,10.0,Sample
1066,0 days 03:40:22,37.0,H9,408070,H,9,GFP-Gext,Plate 1,2026-03-19 15:42:56,Cytation5,19,5.0,1.8,1.8,22.0,60.0,67.5,3.6,2.0,0.252,3.325,50.0,0.0,0.0,1.0,1.0,1.0,0.02,2.0,2000.0,22.3,0.089,60.0,0.6,67.9,0.272,3.618,0.362,1.992,0.199,0.253,0.778,3.338,0.954,5.407,3.254,1.339,10.0,Sample
1067,0 days 03:45:22,37.0,H9,409107,H,9,GFP-Gext,Plate 1,2026-03-19 15:47:56,Cytation5,19,5.0,1.8,1.8,22.0,60.0,67.5,3.6,2.0,0.252,3.325,50.0,0.0,0.0,1.0,1.0,1.0,0.02,2.0,2000.0,22.3,0.089,60.0,0.6,67.9,0.272,3.618,0.362,1.992,0.199,0.253,0.778,3.338,0.954,5.407,3.254,1.339,10.0,Sample
1068,0 days 03:50:22,37.0,H9,409889,H,9,GFP-Gext,Plate 1,2026-03-19 15:52:56,Cytation5,19,5.0,1.8,1.8,22.0,60.0,67.5,3.6,2.0,0.252,3.325,50.0,0.0,0.0,1.0,1.0,1.0,0.02,2.0,2000.0,22.3,0.089,60.0,0.6,67.9,0.272,3.618,0.362,1.992,0.199,0.253,0.778,3.338,0.954,5.407,3.254,1.339,10.0,Sample
1069,0 days 03:55:22,37.1,H9,411874,H,9,GFP-Gext,Plate 1,2026-03-19 15:57:56,Cytation5,19,5.0,1.8,1.8,22.0,60.0,67.5,3.6,2.0,0.252,3.325,50.0,0.0,0.0,1.0,1.0,1.0,0.02,2.0,2000.0,22.3,0.089,60.0,0.6,67.9,0.272,3.618,0.362,1.992,0.199,0.253,0.778,3.338,0.954,5.407,3.254,1.339,10.0,Sample
1070,0 days 04:00:22,37.0,H9,414591,H,9,GFP-Gext,Plate 1,2026-03-19 16:02:56,Cytation5,19,5.0,1.8,1.8,22.0,60.0,67.5,3.6,2.0,0.252,3.325,50.0,0.0,0.0,1.0,1.0,1.0,0.02,2.0,2000.0,22.3,0.089,60.0,0.6,67.9,0.272,3.618,0.362,1.992,0.199,0.253,0.778,3.338,0.954,5.407,3.254,1.339,10.0,Sample
1071,0 days 04:05:22,37.1,H9,416558,H,9,GFP-Gext,Plate 1,2026-03-19 16:07:56,Cytation5,19,5.0,1.8,1.8,22.0,60.0,67.5,3.6,2.0,0.252,3.325,50.0,0.0,0.0,1.0,1.0,1.0,0.02,2.0,2000.0,22.3,0.089,60.0,0.6,67.9,0.272,3.618,0.362,1.992,0.199,0.253,0.778,3.338,0.954,5.407,3.254,1.339,10.0,Sample
1072,0 days 04:10:22,37.0,H9,419107,H,9,GFP-Gext,Plate 1,2026-03-19 16:12:56,Cytation5,19,5.0,1.8,1.8,22.0,60.0,67.5,3.6,2.0,0.252,3.325,50.0,0.0,0.0,1.0,1.0,1.0,0.02,2.0,2000.0,22.3,0.089,60.0,0.6,67.9,0.272,3.618,0.362,1.992,0.199,0.253,0.778,3.338,0.954,5.407,3.254,1.339,10.0,Sample
1073,0 days 04:15:22,37.0,H9,417993,H,9,GFP-Gext,Plate 1,2026-03-19 16:17:56,Cytation5,19,5.0,1.8,1.8,22.0,60.0,67.5,3.6,2.0,0.252,3.325,50.0,0.0,0.0,1.0,1.0,1.0,0.02,2.0,2000.0,22.3,0.089,60.0,0.6,67.9,0.272,3.618,0.362,1.992,0.199,0.253,0.778,3.338,0.954,5.407,3.254,1.339,10.0,Sample
1074,0 days 04:20:22,37.0,H9,419745,H,9,GFP-Gext,Plate 1,2026-03-19 16:22:56,Cytation5,19,5.0,1.8,1.8,22.0,60.0,67.5,3.6,2.0,0.252,3.325,50.0,0.0,0.0,1.0,1.0,1.0,0.02,2.0,2000.0,22.3,0.089,60.0,0.6,67.9,0.272,3.618,0.362,1.992,0.199,0.253,0.778,3.338,0.954,5.407,3.254,1.339,10.0,Sample
1075,0 days 04:25:22,37.1,H9,419380,H,9,GFP-Gext,Plate 1,2026-03-19 16:27:56,Cytation5,19,5.0,1.8,1.8,22.0,60.0,67.5,3.6,2.0,0.252,3.325,50.0,0.0,0.0,1.0,1.0,1.0,0.02,2.0,2000.0,22.3,0.089,60.0,0.6,67.9,0.272,3.618,0.362,1.992,0.199,0.253,0.778,3.338,0.954,5.407,3.254,1.339,10.0,Sample
1076,0 days 04:30:22,37.0,H9,417863,H,9,GFP-Gext,Plate 1,2026-03-19 16:32:56,Cytation5,19,5.0,1.8,1.8,22.0,60.0,67.5,3.6,2.0,0.252,3.325,50.0,0.0,0.0,1.0,1.0,1.0,0.02,2.0,2000.0,22.3,0.089,60.0,0.6,67.9,0.272,3.618,0.362,1.992,0.199,0.253,0.778,3.338,0.954,5.407,3.254,1.339,10.0,Sample
1077,0 days 04:35:22,37.0,H9,422172,H,9,GFP-Gext,Plate 1,2026-03-19 16:37:56,Cytation5,19,5.0,1.8,1.8,22.0,60.0,67.5,3.6,2.0,0.252,3.325,50.0,0.0,0.0,1.0,1.0,1.0,0.02,2.0,2000.0,22.3,0.089,60.0,0.6,67.9,0.272,3.618,0.362,1.992,0.199,0.253,0.778,3.338,0.954,5.407,3.254,1.339,10.0,Sample
1078,0 days 04:40:22,37.0,H9,421523,H,9,GFP-Gext,Plate 1,2026-03-19 16:42:56,Cytation5,19,5.0,1.8,1.8,22.0,60.0,67.5,3.6,2.0,0.252,3.325,50.0,0.0,0.0,1.0,1.0,1.0,0.02,2.0,2000.0,22.3,0.089,60.0,0.6,67.9,0.272,3.618,0.362,1.992,0.199,0.253,0.778,3.338,0.954,5.407,3.254,1.339,10.0,Sample
1079,0 days 04:45:22,37.0,H9,423839,H,9,GFP-Gext,Plate 1,2026-03-19 16:47:56,Cytation5,19,5.0,1.8,1.8,22.0,60.0,67.5,3.6,2.0,0.252,3.325,50.0,0.0,0.0,1.0,1.0,1.0,0.02,2.0,2000.0,22.3,0.089,60.0,0.6,67.9,0.272,3.618,0.362,1.992,0.199,0.253,0.778,3.338,0.954,5.407,3.254,1.339,10.0,Sample
1080,0 days 04:50:22,37.0,H9,422810,H,9,GFP-Gext,Plate 1,2026-03-19 16:52:56,Cytation5,19,5.0,1.8,1.8,22.0,60.0,67.5,3.6,2.0,0.252,3.325,50.0,0.0,0.0,1.0,1.0,1.0,0.02,2.0,2000.0,22.3,0.089,60.0,0.6,67.9,0.272,3.618,0.362,1.992,0.199,0.253,0.778,3.338,0.954,5.407,3.254,1.339,10.0,Sample
1081,0 days 04:55:22,37.1,H9,421886,H,9,GFP-Gext,Plate 1,2026-03-19 16:57:56,Cytation5,19,5.0,1.8,1.8,22.0,60.0,67.5,3.6,2.0,0.252,3.325,50.0,0.0,0.0,1.0,1.0,1.0,0.02,2.0,2000.0,22.3,0.089,60.0,0.6,67.9,0.272,3.618,0.362,1.992,0.199,0.253,0.778,3.338,0.954,5.407,3.254,1.339,10.0,Sample
1082,0 days 05:00:22,37.1,H9,421683,H,9,GFP-Gext,Plate 1,2026-03-19 17:02:56,Cytation5,19,5.0,1.8,1.8,22.0,60.0,67.5,3.6,2.0,0.252,3.325,50.0,0.0,0.0,1.0,1.0,1.0,0.02,2.0,2000.0,22.3,0.089,60.0,0.6,67.9,0.272,3.618,0.362,1.992,0.199,0.253,0.778,3.338,0.954,5.407,3.254,1.339,10.0,Sample
1083,0 days 05:05:22,37.0,H9,427004,H,9,GFP-Gext,Plate 1,2026-03-19 17:07:56,Cytation5,19,5.0,1.8,1.8,22.0,60.0,67.5,3.6,2.0,0.252,3.325,50.0,0.0,0.0,1.0,1.0,1.0,0.02,2.0,2000.0,22.3,0.089,60.0,0.6,67.9,0.272,3.618,0.362,1.992,0.199,0.253,0.778,3.338,0.954,5.407,3.254,1.339,10.0,Sample
1084,0 days 05:10:22,37.0,H9,425009,H,9,GFP-Gext,Plate 1,2026-03-19 17:12:56,Cytation5,19,5.0,1.8,1.8,22.0,60.0,67.5,3.6,2.0,0.252,3.325,50.0,0.0,0.0,1.0,1.0,1.0,0.02,2.0,2000.0,22.3,0.089,60.0,0.6,67.9,0.272,3.618,0.362,1.992,0.199,0.253,0.778,3.338,0.954,5.407,3.254,1.339,10.0,Sample
1085,0 days 05:15:22,37.1,H9,425328,H,9,GFP-Gext,Plate 1,2026-03-19 17:17:56,Cytation5,19,5.0,1.8,1.8,22.0,60.0,67.5,3.6,2.0,0.252,3.325,50.0,0.0,0.0,1.0,1.0,1.0,0.02,2.0,2000.0,22.3,0.089,60.0,0.6,67.9,0.272,3.618,0.362,1.992,0.199,0.253,0.778,3.338,0.954,5.407,3.254,1.339,10.0,Sample
1086,0 days 05:20:22,37.0,H9,426892,H,9,GFP-Gext,Plate 1,2026-03-19 17:22:56,Cytation5,19,5.0,1.8,1.8,22.0,60.0,67.5,3.6,2.0,0.252,3.325,50.0,0.0,0.0,1.0,1.0,1.0,0.02,2.0,2000.0,22.3,0.089,60.0,0.6,67.9,0.272,3.618,0.362,1.992,0.199,0.253,0.778,3.338,0.954,5.407,3.254,1.339,10.0,Sample
1087,0 days 05:25:22,37.0,H9,427335,H,9,GFP-Gext,Plate 1,2026-03-19 17:27:56,Cytation5,19,5.0,1.8,1.8,22.0,60.0,67.5,3.6,2.0,0.252,3.325,50.0,0.0,0.0,1.0,1.0,1.0,0.02,2.0,2000.0,22.3,0.089,60.0,0.6,67.9,0.272,3.618,0.362,1.992,0.199,0.253,0.778,3.338,0.954,5.407,3.254,1.339,10.0,Sample
1088,0 days 05:30:22,37.0,H9,426529,H,9,GFP-Gext,Plate 1,2026-03-19 17:32:56,Cytation5,19,5.0,1.8,1.8,22.0,60.0,67.5,3.6,2.0,0.252,3.325,50.0,0.0,0.0,1.0,1.0,1.0,0.02,2.0,2000.0,22.3,0.089,60.0,0.6,67.9,0.272,3.618,0.362,1.992,0.199,0.253,0.778,3.338,0.954,5.407,3.254,1.339,10.0,Sample
1089,0 days 05:35:22,37.0,H9,427876,H,9,GFP-Gext,Plate 1,2026-03-19 17:37:56,Cytation5,19,5.0,1.8,1.8,22.0,60.0,67.5,3.6,2.0,0.252,3.325,50.0,0.0,0.0,1.0,1.0,1.0,0.02,2.0,2000.0,22.3,0.089,60.0,0.6,67.9,0.272,3.618,0.362,1.992,0.199,0.253,0.778,3.338,0.954,5.407,3.254,1.339,10.0,Sample
1090,0 days 05:40:22,37.0,H9,426975,H,9,GFP-Gext,Plate 1,2026-03-19 17:42:56,Cytation5,19,5.0,1.8,1.8,22.0,60.0,67.5,3.6,2.0,0.252,3.325,50.0,0.0,0.0,1.0,1.0,1.0,0.02,2.0,2000.0,22.3,0.089,60.0,0.6,67.9,0.272,3.618,0.362,1.992,0.199,0.253,0.778,3.338,0.954,5.407,3.254,1.339,10.0,Sample
1091,0 days 05:45:22,37.0,H9,424911,H,9,GFP-Gext,Plate 1,2026-03-19 17:47:56,Cytation5,19,5.0,1.8,1.8,22.0,60.0,67.5,3.6,2.0,0.252,3.325,50.0,0.0,0.0,1.0,1.0,1.0,0.02,2.0,2000.0,22.3,0.089,60.0,0.6,67.9,0.272,3.618,0.362,1.992,0.199,0.253,0.778,3.338,0.954,5.407,3.254,1.339,10.0,Sample
1092,0 days 05:50:22,37.0,H9,426915,H,9,GFP-Gext,Plate 1,2026-03-19 17:52:56,Cytation5,19,5.0,1.8,1.8,22.0,60.0,67.5,3.6,2.0,0.252,3.325,50.0,0.0,0.0,1.0,1.0,1.0,0.02,2.0,2000.0,22.3,0.089,60.0,0.6,67.9,0.272,3.618,0.362,1.992,0.199,0.253,0.778,3.338,0.954,5.407,3.254,1.339,10.0,Sample
1093,0 days 05:55:22,37.0,H9,427694,H,9,GFP-Gext,Plate 1,2026-03-19 17:57:56,Cytation5,19,5.0,1.8,1.8,22.0,60.0,67.5,3.6,2.0,0.252,3.325,50.0,0.0,0.0,1.0,1.0,1.0,0.02,2.0,2000.0,22.3,0.089,60.0,0.6,67.9,0.272,3.618,0.362,1.992,0.199,0.253,0.778,3.338,0.954,5.407,3.254,1.339,10.0,Sample
1094,0 days 06:00:22,37.0,H9,428058,H,9,GFP-Gext,Plate 1,2026-03-19 18:02:56,Cytation5,19,5.0,1.8,1.8,22.0,60.0,67.5,3.6,2.0,0.252,3.325,50.0,0.0,0.0,1.0,1.0,1.0,0.02,2.0,2000.0,22.3,0.089,60.0,0.6,67.9,0.272,3.618,0.362,1.992,0.199,0.253,0.778,3.338,0.954,5.407,3.254,1.339,10.0,Sample
1095,0 days 00:00:22,27.7,H10,408,H,10,GFP-Gext,Plate 1,2026-03-19 12:02:56,Cytation5,24,5.0,1.8,1.8,2.0,3.0,75.0,2.8,1.7,0.3465,2.555,50.0,0.0,0.0,1.0,1.0,1.0,0.02,2.0,2000.0,2.4,0.01,3.2,0.032,75.5,0.302,2.843,0.284,1.702,0.17,0.347,1.068,2.543,0.727,5.407,2.593,2.0,10.0,Sample
1096,0 days 00:05:22,33.8,H10,393,H,10,GFP-Gext,Plate 1,2026-03-19 12:07:56,Cytation5,24,5.0,1.8,1.8,2.0,3.0,75.0,2.8,1.7,0.3465,2.555,50.0,0.0,0.0,1.0,1.0,1.0,0.02,2.0,2000.0,2.4,0.01,3.2,0.032,75.5,0.302,2.843,0.284,1.702,0.17,0.347,1.068,2.543,0.727,5.407,2.593,2.0,10.0,Sample
1097,0 days 00:10:22,37.0,H10,750,H,10,GFP-Gext,Plate 1,2026-03-19 12:12:56,Cytation5,24,5.0,1.8,1.8,2.0,3.0,75.0,2.8,1.7,0.3465,2.555,50.0,0.0,0.0,1.0,1.0,1.0,0.02,2.0,2000.0,2.4,0.01,3.2,0.032,75.5,0.302,2.843,0.284,1.702,0.17,0.347,1.068,2.543,0.727,5.407,2.593,2.0,10.0,Sample
1098,0 days 00:15:22,37.0,H10,2384,H,10,GFP-Gext,Plate 1,2026-03-19 12:17:56,Cytation5,24,5.0,1.8,1.8,2.0,3.0,75.0,2.8,1.7,0.3465,2.555,50.0,0.0,0.0,1.0,1.0,1.0,0.02,2.0,2000.0,2.4,0.01,3.2,0.032,75.5,0.302,2.843,0.284,1.702,0.17,0.347,1.068,2.543,0.727,5.407,2.593,2.0,10.0,Sample
1099,0 days 00:20:22,37.0,H10,5012,H,10,GFP-Gext,Plate 1,2026-03-19 12:22:56,Cytation5,24,5.0,1.8,1.8,2.0,3.0,75.0,2.8,1.7,0.3465,2.555,50.0,0.0,0.0,1.0,1.0,1.0,0.02,2.0,2000.0,2.4,0.01,3.2,0.032,75.5,0.302,2.843,0.284,1.702,0.17,0.347,1.068,2.543,0.727,5.407,2.593,2.0,10.0,Sample
1100,0 days 00:25:22,37.1,H10,7855,H,10,GFP-Gext,Plate 1,2026-03-19 12:27:56,Cytation5,24,5.0,1.8,1.8,2.0,3.0,75.0,2.8,1.7,0.3465,2.555,50.0,0.0,0.0,1.0,1.0,1.0,0.02,2.0,2000.0,2.4,0.01,3.2,0.032,75.5,0.302,2.843,0.284,1.702,0.17,0.347,1.068,2.543,0.727,5.407,2.593,2.0,10.0,Sample
1101,0 days 00:30:22,37.0,H10,11356,H,10,GFP-Gext,Plate 1,2026-03-19 12:32:56,Cytation5,24,5.0,1.8,1.8,2.0,3.0,75.0,2.8,1.7,0.3465,2.555,50.0,0.0,0.0,1.0,1.0,1.0,0.02,2.0,2000.0,2.4,0.01,3.2,0.032,75.5,0.302,2.843,0.284,1.702,0.17,0.347,1.068,2.543,0.727,5.407,2.593,2.0,10.0,Sample
1102,0 days 00:35:22,37.0,H10,15041,H,10,GFP-Gext,Plate 1,2026-03-19 12:37:56,Cytation5,24,5.0,1.8,1.8,2.0,3.0,75.0,2.8,1.7,0.3465,2.555,50.0,0.0,0.0,1.0,1.0,1.0,0.02,2.0,2000.0,2.4,0.01,3.2,0.032,75.5,0.302,2.843,0.284,1.702,0.17,0.347,1.068,2.543,0.727,5.407,2.593,2.0,10.0,Sample
1103,0 days 00:40:22,37.0,H10,17970,H,10,GFP-Gext,Plate 1,2026-03-19 12:42:56,Cytation5,24,5.0,1.8,1.8,2.0,3.0,75.0,2.8,1.7,0.3465,2.555,50.0,0.0,0.0,1.0,1.0,1.0,0.02,2.0,2000.0,2.4,0.01,3.2,0.032,75.5,0.302,2.843,0.284,1.702,0.17,0.347,1.068,2.543,0.727,5.407,2.593,2.0,10.0,Sample
1104,0 days 00:45:22,36.9,H10,19233,H,10,GFP-Gext,Plate 1,2026-03-19 12:47:56,Cytation5,24,5.0,1.8,1.8,2.0,3.0,75.0,2.8,1.7,0.3465,2.555,50.0,0.0,0.0,1.0,1.0,1.0,0.02,2.0,2000.0,2.4,0.01,3.2,0.032,75.5,0.302,2.843,0.284,1.702,0.17,0.347,1.068,2.543,0.727,5.407,2.593,2.0,10.0,Sample
1105,0 days 00:50:22,37.0,H10,20053,H,10,GFP-Gext,Plate 1,2026-03-19 12:52:56,Cytation5,24,5.0,1.8,1.8,2.0,3.0,75.0,2.8,1.7,0.3465,2.555,50.0,0.0,0.0,1.0,1.0,1.0,0.02,2.0,2000.0,2.4,0.01,3.2,0.032,75.5,0.302,2.843,0.284,1.702,0.17,0.347,1.068,2.543,0.727,5.407,2.593,2.0,10.0,Sample
1106,0 days 00:55:22,37.0,H10,21222,H,10,GFP-Gext,Plate 1,2026-03-19 12:57:56,Cytation5,24,5.0,1.8,1.8,2.0,3.0,75.0,2.8,1.7,0.3465,2.555,50.0,0.0,0.0,1.0,1.0,1.0,0.02,2.0,2000.0,2.4,0.01,3.2,0.032,75.5,0.302,2.843,0.284,1.702,0.17,0.347,1.068,2.543,0.727,5.407,2.593,2.0,10.0,Sample
1107,0 days 01:00:22,37.0,H10,22298,H,10,GFP-Gext,Plate 1,2026-03-19 13:02:56,Cytation5,24,5.0,1.8,1.8,2.0,3.0,75.0,2.8,1.7,0.3465,2.555,50.0,0.0,0.0,1.0,1.0,1.0,0.02,2.0,2000.0,2.4,0.01,3.2,0.032,75.5,0.302,2.843,0.284,1.702,0.17,0.347,1.068,2.543,0.727,5.407,2.593,2.0,10.0,Sample
1108,0 days 01:05:22,37.0,H10,22014,H,10,GFP-Gext,Plate 1,2026-03-19 13:07:56,Cytation5,24,5.0,1.8,1.8,2.0,3.0,75.0,2.8,1.7,0.3465,2.555,50.0,0.0,0.0,1.0,1.0,1.0,0.02,2.0,2000.0,2.4,0.01,3.2,0.032,75.5,0.302,2.843,0.284,1.702,0.17,0.347,1.068,2.543,0.727,5.407,2.593,2.0,10.0,Sample
1109,0 days 01:10:22,37.0,H10,22915,H,10,GFP-Gext,Plate 1,2026-03-19 13:12:56,Cytation5,24,5.0,1.8,1.8,2.0,3.0,75.0,2.8,1.7,0.3465,2.555,50.0,0.0,0.0,1.0,1.0,1.0,0.02,2.0,2000.0,2.4,0.01,3.2,0.032,75.5,0.302,2.843,0.284,1.702,0.17,0.347,1.068,2.543,0.727,5.407,2.593,2.0,10.0,Sample
1110,0 days 01:15:22,37.0,H10,23190,H,10,GFP-Gext,Plate 1,2026-03-19 13:17:56,Cytation5,24,5.0,1.8,1.8,2.0,3.0,75.0,2.8,1.7,0.3465,2.555,50.0,0.0,0.0,1.0,1.0,1.0,0.02,2.0,2000.0,2.4,0.01,3.2,0.032,75.5,0.302,2.843,0.284,1.702,0.17,0.347,1.068,2.543,0.727,5.407,2.593,2.0,10.0,Sample
1111,0 days 01:20:22,37.0,H10,24030,H,10,GFP-Gext,Plate 1,2026-03-19 13:22:56,Cytation5,24,5.0,1.8,1.8,2.0,3.0,75.0,2.8,1.7,0.3465,2.555,50.0,0.0,0.0,1.0,1.0,1.0,0.02,2.0,2000.0,2.4,0.01,3.2,0.032,75.5,0.302,2.843,0.284,1.702,0.17,0.347,1.068,2.543,0.727,5.407,2.593,2.0,10.0,Sample
1112,0 days 01:25:22,37.1,H10,24499,H,10,GFP-Gext,Plate 1,2026-03-19 13:27:56,Cytation5,24,5.0,1.8,1.8,2.0,3.0,75.0,2.8,1.7,0.3465,2.555,50.0,0.0,0.0,1.0,1.0,1.0,0.02,2.0,2000.0,2.4,0.01,3.2,0.032,75.5,0.302,2.843,0.284,1.702,0.17,0.347,1.068,2.543,0.727,5.407,2.593,2.0,10.0,Sample
1113,0 days 01:30:22,37.1,H10,24939,H,10,GFP-Gext,Plate 1,2026-03-19 13:32:56,Cytation5,24,5.0,1.8,1.8,2.0,3.0,75.0,2.8,1.7,0.3465,2.555,50.0,0.0,0.0,1.0,1.0,1.0,0.02,2.0,2000.0,2.4,0.01,3.2,0.032,75.5,0.302,2.843,0.284,1.702,0.17,0.347,1.068,2.543,0.727,5.407,2.593,2.0,10.0,Sample
1114,0 days 01:35:22,37.0,H10,25201,H,10,GFP-Gext,Plate 1,2026-03-19 13:37:56,Cytation5,24,5.0,1.8,1.8,2.0,3.0,75.0,2.8,1.7,0.3465,2.555,50.0,0.0,0.0,1.0,1.0,1.0,0.02,2.0,2000.0,2.4,0.01,3.2,0.032,75.5,0.302,2.843,0.284,1.702,0.17,0.347,1.068,2.543,0.727,5.407,2.593,2.0,10.0,Sample
1115,0 days 01:40:22,37.0,H10,25170,H,10,GFP-Gext,Plate 1,2026-03-19 13:42:56,Cytation5,24,5.0,1.8,1.8,2.0,3.0,75.0,2.8,1.7,0.3465,2.555,50.0,0.0,0.0,1.0,1.0,1.0,0.02,2.0,2000.0,2.4,0.01,3.2,0.032,75.5,0.302,2.843,0.284,1.702,0.17,0.347,1.068,2.543,0.727,5.407,2.593,2.0,10.0,Sample
1116,0 days 01:45:22,37.0,H10,25479,H,10,GFP-Gext,Plate 1,2026-03-19 13:47:56,Cytation5,24,5.0,1.8,1.8,2.0,3.0,75.0,2.8,1.7,0.3465,2.555,50.0,0.0,0.0,1.0,1.0,1.0,0.02,2.0,2000.0,2.4,0.01,3.2,0.032,75.5,0.302,2.843,0.284,1.702,0.17,0.347,1.068,2.543,0.727,5.407,2.593,2.0,10.0,Sample
1117,0 days 01:50:22,36.9,H10,25856,H,10,GFP-Gext,Plate 1,2026-03-19 13:52:56,Cytation5,24,5.0,1.8,1.8,2.0,3.0,75.0,2.8,1.7,0.3465,2.555,50.0,0.0,0.0,1.0,1.0,1.0,0.02,2.0,2000.0,2.4,0.01,3.2,0.032,75.5,0.302,2.843,0.284,1.702,0.17,0.347,1.068,2.543,0.727,5.407,2.593,2.0,10.0,Sample
1118,0 days 01:55:22,37.0,H10,25863,H,10,GFP-Gext,Plate 1,2026-03-19 13:57:56,Cytation5,24,5.0,1.8,1.8,2.0,3.0,75.0,2.8,1.7,0.3465,2.555,50.0,0.0,0.0,1.0,1.0,1.0,0.02,2.0,2000.0,2.4,0.01,3.2,0.032,75.5,0.302,2.843,0.284,1.702,0.17,0.347,1.068,2.543,0.727,5.407,2.593,2.0,10.0,Sample
1119,0 days 02:00:22,37.0,H10,25842,H,10,GFP-Gext,Plate 1,2026-03-19 14:02:56,Cytation5,24,5.0,1.8,1.8,2.0,3.0,75.0,2.8,1.7,0.3465,2.555,50.0,0.0,0.0,1.0,1.0,1.0,0.02,2.0,2000.0,2.4,0.01,3.2,0.032,75.5,0.302,2.843,0.284,1.702,0.17,0.347,1.068,2.543,0.727,5.407,2.593,2.0,10.0,Sample
1120,0 days 02:05:22,37.0,H10,25878,H,10,GFP-Gext,Plate 1,2026-03-19 14:07:56,Cytation5,24,5.0,1.8,1.8,2.0,3.0,75.0,2.8,1.7,0.3465,2.555,50.0,0.0,0.0,1.0,1.0,1.0,0.02,2.0,2000.0,2.4,0.01,3.2,0.032,75.5,0.302,2.843,0.284,1.702,0.17,0.347,1.068,2.543,0.727,5.407,2.593,2.0,10.0,Sample
1121,0 days 02:10:22,37.0,H10,25979,H,10,GFP-Gext,Plate 1,2026-03-19 14:12:56,Cytation5,24,5.0,1.8,1.8,2.0,3.0,75.0,2.8,1.7,0.3465,2.555,50.0,0.0,0.0,1.0,1.0,1.0,0.02,2.0,2000.0,2.4,0.01,3.2,0.032,75.5,0.302,2.843,0.284,1.702,0.17,0.347,1.068,2.543,0.727,5.407,2.593,2.0,10.0,Sample
1122,0 days 02:15:22,37.0,H10,25973,H,10,GFP-Gext,Plate 1,2026-03-19 14:17:56,Cytation5,24,5.0,1.8,1.8,2.0,3.0,75.0,2.8,1.7,0.3465,2.555,50.0,0.0,0.0,1.0,1.0,1.0,0.02,2.0,2000.0,2.4,0.01,3.2,0.032,75.5,0.302,2.843,0.284,1.702,0.17,0.347,1.068,2.543,0.727,5.407,2.593,2.0,10.0,Sample
1123,0 days 02:20:22,37.0,H10,25950,H,10,GFP-Gext,Plate 1,2026-03-19 14:22:56,Cytation5,24,5.0,1.8,1.8,2.0,3.0,75.0,2.8,1.7,0.3465,2.555,50.0,0.0,0.0,1.0,1.0,1.0,0.02,2.0,2000.0,2.4,0.01,3.2,0.032,75.5,0.302,2.843,0.284,1.702,0.17,0.347,1.068,2.543,0.727,5.407,2.593,2.0,10.0,Sample
1124,0 days 02:25:22,37.0,H10,26048,H,10,GFP-Gext,Plate 1,2026-03-19 14:27:56,Cytation5,24,5.0,1.8,1.8,2.0,3.0,75.0,2.8,1.7,0.3465,2.555,50.0,0.0,0.0,1.0,1.0,1.0,0.02,2.0,2000.0,2.4,0.01,3.2,0.032,75.5,0.302,2.843,0.284,1.702,0.17,0.347,1.068,2.543,0.727,5.407,2.593,2.0,10.0,Sample
1125,0 days 02:30:22,37.1,H10,25999,H,10,GFP-Gext,Plate 1,2026-03-19 14:32:56,Cytation5,24,5.0,1.8,1.8,2.0,3.0,75.0,2.8,1.7,0.3465,2.555,50.0,0.0,0.0,1.0,1.0,1.0,0.02,2.0,2000.0,2.4,0.01,3.2,0.032,75.5,0.302,2.843,0.284,1.702,0.17,0.347,1.068,2.543,0.727,5.407,2.593,2.0,10.0,Sample
1126,0 days 02:35:22,37.0,H10,25879,H,10,GFP-Gext,Plate 1,2026-03-19 14:37:56,Cytation5,24,5.0,1.8,1.8,2.0,3.0,75.0,2.8,1.7,0.3465,2.555,50.0,0.0,0.0,1.0,1.0,1.0,0.02,2.0,2000.0,2.4,0.01,3.2,0.032,75.5,0.302,2.843,0.284,1.702,0.17,0.347,1.068,2.543,0.727,5.407,2.593,2.0,10.0,Sample
1127,0 days 02:40:22,37.0,H10,25832,H,10,GFP-Gext,Plate 1,2026-03-19 14:42:56,Cytation5,24,5.0,1.8,1.8,2.0,3.0,75.0,2.8,1.7,0.3465,2.555,50.0,0.0,0.0,1.0,1.0,1.0,0.02,2.0,2000.0,2.4,0.01,3.2,0.032,75.5,0.302,2.843,0.284,1.702,0.17,0.347,1.068,2.543,0.727,5.407,2.593,2.0,10.0,Sample
1128,0 days 02:45:22,37.1,H10,25829,H,10,GFP-Gext,Plate 1,2026-03-19 14:47:56,Cytation5,24,5.0,1.8,1.8,2.0,3.0,75.0,2.8,1.7,0.3465,2.555,50.0,0.0,0.0,1.0,1.0,1.0,0.02,2.0,2000.0,2.4,0.01,3.2,0.032,75.5,0.302,2.843,0.284,1.702,0.17,0.347,1.068,2.543,0.727,5.407,2.593,2.0,10.0,Sample
1129,0 days 02:50:22,37.0,H10,25739,H,10,GFP-Gext,Plate 1,2026-03-19 14:52:56,Cytation5,24,5.0,1.8,1.8,2.0,3.0,75.0,2.8,1.7,0.3465,2.555,50.0,0.0,0.0,1.0,1.0,1.0,0.02,2.0,2000.0,2.4,0.01,3.2,0.032,75.5,0.302,2.843,0.284,1.702,0.17,0.347,1.068,2.543,0.727,5.407,2.593,2.0,10.0,Sample
1130,0 days 02:55:22,37.0,H10,25939,H,10,GFP-Gext,Plate 1,2026-03-19 14:57:56,Cytation5,24,5.0,1.8,1.8,2.0,3.0,75.0,2.8,1.7,0.3465,2.555,50.0,0.0,0.0,1.0,1.0,1.0,0.02,2.0,2000.0,2.4,0.01,3.2,0.032,75.5,0.302,2.843,0.284,1.702,0.17,0.347,1.068,2.543,0.727,5.407,2.593,2.0,10.0,Sample
1131,0 days 03:00:22,37.0,H10,26023,H,10,GFP-Gext,Plate 1,2026-03-19 15:02:56,Cytation5,24,5.0,1.8,1.8,2.0,3.0,75.0,2.8,1.7,0.3465,2.555,50.0,0.0,0.0,1.0,1.0,1.0,0.02,2.0,2000.0,2.4,0.01,3.2,0.032,75.5,0.302,2.843,0.284,1.702,0.17,0.347,1.068,2.543,0.727,5.407,2.593,2.0,10.0,Sample
1132,0 days 03:05:22,37.0,H10,25974,H,10,GFP-Gext,Plate 1,2026-03-19 15:07:56,Cytation5,24,5.0,1.8,1.8,2.0,3.0,75.0,2.8,1.7,0.3465,2.555,50.0,0.0,0.0,1.0,1.0,1.0,0.02,2.0,2000.0,2.4,0.01,3.2,0.032,75.5,0.302,2.843,0.284,1.702,0.17,0.347,1.068,2.543,0.727,5.407,2.593,2.0,10.0,Sample
1133,0 days 03:10:22,37.0,H10,25727,H,10,GFP-Gext,Plate 1,2026-03-19 15:12:56,Cytation5,24,5.0,1.8,1.8,2.0,3.0,75.0,2.8,1.7,0.3465,2.555,50.0,0.0,0.0,1.0,1.0,1.0,0.02,2.0,2000.0,2.4,0.01,3.2,0.032,75.5,0.302,2.843,0.284,1.702,0.17,0.347,1.068,2.543,0.727,5.407,2.593,2.0,10.0,Sample
1134,0 days 03:15:22,37.0,H10,25584,H,10,GFP-Gext,Plate 1,2026-03-19 15:17:56,Cytation5,24,5.0,1.8,1.8,2.0,3.0,75.0,2.8,1.7,0.3465,2.555,50.0,0.0,0.0,1.0,1.0,1.0,0.02,2.0,2000.0,2.4,0.01,3.2,0.032,75.5,0.302,2.843,0.284,1.702,0.17,0.347,1.068,2.543,0.727,5.407,2.593,2.0,10.0,Sample
1135,0 days 03:20:22,37.0,H10,25985,H,10,GFP-Gext,Plate 1,2026-03-19 15:22:56,Cytation5,24,5.0,1.8,1.8,2.0,3.0,75.0,2.8,1.7,0.3465,2.555,50.0,0.0,0.0,1.0,1.0,1.0,0.02,2.0,2000.0,2.4,0.01,3.2,0.032,75.5,0.302,2.843,0.284,1.702,0.17,0.347,1.068,2.543,0.727,5.407,2.593,2.0,10.0,Sample
1136,0 days 03:25:22,37.1,H10,25822,H,10,GFP-Gext,Plate 1,2026-03-19 15:27:56,Cytation5,24,5.0,1.8,1.8,2.0,3.0,75.0,2.8,1.7,0.3465,2.555,50.0,0.0,0.0,1.0,1.0,1.0,0.02,2.0,2000.0,2.4,0.01,3.2,0.032,75.5,0.302,2.843,0.284,1.702,0.17,0.347,1.068,2.543,0.727,5.407,2.593,2.0,10.0,Sample
1137,0 days 03:30:22,36.9,H10,25857,H,10,GFP-Gext,Plate 1,2026-03-19 15:32:56,Cytation5,24,5.0,1.8,1.8,2.0,3.0,75.0,2.8,1.7,0.3465,2.555,50.0,0.0,0.0,1.0,1.0,1.0,0.02,2.0,2000.0,2.4,0.01,3.2,0.032,75.5,0.302,2.843,0.284,1.702,0.17,0.347,1.068,2.543,0.727,5.407,2.593,2.0,10.0,Sample
1138,0 days 03:35:22,37.1,H10,25799,H,10,GFP-Gext,Plate 1,2026-03-19 15:37:56,Cytation5,24,5.0,1.8,1.8,2.0,3.0,75.0,2.8,1.7,0.3465,2.555,50.0,0.0,0.0,1.0,1.0,1.0,0.02,2.0,2000.0,2.4,0.01,3.2,0.032,75.5,0.302,2.843,0.284,1.702,0.17,0.347,1.068,2.543,0.727,5.407,2.593,2.0,10.0,Sample
1139,0 days 03:40:22,37.0,H10,25744,H,10,GFP-Gext,Plate 1,2026-03-19 15:42:56,Cytation5,24,5.0,1.8,1.8,2.0,3.0,75.0,2.8,1.7,0.3465,2.555,50.0,0.0,0.0,1.0,1.0,1.0,0.02,2.0,2000.0,2.4,0.01,3.2,0.032,75.5,0.302,2.843,0.284,1.702,0.17,0.347,1.068,2.543,0.727,5.407,2.593,2.0,10.0,Sample
1140,0 days 03:45:22,37.0,H10,25830,H,10,GFP-Gext,Plate 1,2026-03-19 15:47:56,Cytation5,24,5.0,1.8,1.8,2.0,3.0,75.0,2.8,1.7,0.3465,2.555,50.0,0.0,0.0,1.0,1.0,1.0,0.02,2.0,2000.0,2.4,0.01,3.2,0.032,75.5,0.302,2.843,0.284,1.702,0.17,0.347,1.068,2.543,0.727,5.407,2.593,2.0,10.0,Sample
1141,0 days 03:50:22,37.0,H10,25844,H,10,GFP-Gext,Plate 1,2026-03-19 15:52:56,Cytation5,24,5.0,1.8,1.8,2.0,3.0,75.0,2.8,1.7,0.3465,2.555,50.0,0.0,0.0,1.0,1.0,1.0,0.02,2.0,2000.0,2.4,0.01,3.2,0.032,75.5,0.302,2.843,0.284,1.702,0.17,0.347,1.068,2.543,0.727,5.407,2.593,2.0,10.0,Sample
1142,0 days 03:55:22,37.1,H10,25709,H,10,GFP-Gext,Plate 1,2026-03-19 15:57:56,Cytation5,24,5.0,1.8,1.8,2.0,3.0,75.0,2.8,1.7,0.3465,2.555,50.0,0.0,0.0,1.0,1.0,1.0,0.02,2.0,2000.0,2.4,0.01,3.2,0.032,75.5,0.302,2.843,0.284,1.702,0.17,0.347,1.068,2.543,0.727,5.407,2.593,2.0,10.0,Sample
1143,0 days 04:00:22,37.0,H10,25848,H,10,GFP-Gext,Plate 1,2026-03-19 16:02:56,Cytation5,24,5.0,1.8,1.8,2.0,3.0,75.0,2.8,1.7,0.3465,2.555,50.0,0.0,0.0,1.0,1.0,1.0,0.02,2.0,2000.0,2.4,0.01,3.2,0.032,75.5,0.302,2.843,0.284,1.702,0.17,0.347,1.068,2.543,0.727,5.407,2.593,2.0,10.0,Sample
1144,0 days 04:05:22,37.1,H10,25564,H,10,GFP-Gext,Plate 1,2026-03-19 16:07:56,Cytation5,24,5.0,1.8,1.8,2.0,3.0,75.0,2.8,1.7,0.3465,2.555,50.0,0.0,0.0,1.0,1.0,1.0,0.02,2.0,2000.0,2.4,0.01,3.2,0.032,75.5,0.302,2.843,0.284,1.702,0.17,0.347,1.068,2.543,0.727,5.407,2.593,2.0,10.0,Sample
1145,0 days 04:10:22,37.0,H10,25454,H,10,GFP-Gext,Plate 1,2026-03-19 16:12:56,Cytation5,24,5.0,1.8,1.8,2.0,3.0,75.0,2.8,1.7,0.3465,2.555,50.0,0.0,0.0,1.0,1.0,1.0,0.02,2.0,2000.0,2.4,0.01,3.2,0.032,75.5,0.302,2.843,0.284,1.702,0.17,0.347,1.068,2.543,0.727,5.407,2.593,2.0,10.0,Sample
1146,0 days 04:15:22,37.0,H10,25632,H,10,GFP-Gext,Plate 1,2026-03-19 16:17:56,Cytation5,24,5.0,1.8,1.8,2.0,3.0,75.0,2.8,1.7,0.3465,2.555,50.0,0.0,0.0,1.0,1.0,1.0,0.02,2.0,2000.0,2.4,0.01,3.2,0.032,75.5,0.302,2.843,0.284,1.702,0.17,0.347,1.068,2.543,0.727,5.407,2.593,2.0,10.0,Sample
1147,0 days 04:20:22,37.0,H10,25523,H,10,GFP-Gext,Plate 1,2026-03-19 16:22:56,Cytation5,24,5.0,1.8,1.8,2.0,3.0,75.0,2.8,1.7,0.3465,2.555,50.0,0.0,0.0,1.0,1.0,1.0,0.02,2.0,2000.0,2.4,0.01,3.2,0.032,75.5,0.302,2.843,0.284,1.702,0.17,0.347,1.068,2.543,0.727,5.407,2.593,2.0,10.0,Sample
1148,0 days 04:25:22,37.1,H10,25471,H,10,GFP-Gext,Plate 1,2026-03-19 16:27:56,Cytation5,24,5.0,1.8,1.8,2.0,3.0,75.0,2.8,1.7,0.3465,2.555,50.0,0.0,0.0,1.0,1.0,1.0,0.02,2.0,2000.0,2.4,0.01,3.2,0.032,75.5,0.302,2.843,0.284,1.702,0.17,0.347,1.068,2.543,0.727,5.407,2.593,2.0,10.0,Sample
1149,0 days 04:30:22,37.0,H10,25232,H,10,GFP-Gext,Plate 1,2026-03-19 16:32:56,Cytation5,24,5.0,1.8,1.8,2.0,3.0,75.0,2.8,1.7,0.3465,2.555,50.0,0.0,0.0,1.0,1.0,1.0,0.02,2.0,2000.0,2.4,0.01,3.2,0.032,75.5,0.302,2.843,0.284,1.702,0.17,0.347,1.068,2.543,0.727,5.407,2.593,2.0,10.0,Sample
1150,0 days 04:35:22,37.0,H10,25579,H,10,GFP-Gext,Plate 1,2026-03-19 16:37:56,Cytation5,24,5.0,1.8,1.8,2.0,3.0,75.0,2.8,1.7,0.3465,2.555,50.0,0.0,0.0,1.0,1.0,1.0,0.02,2.0,2000.0,2.4,0.01,3.2,0.032,75.5,0.302,2.843,0.284,1.702,0.17,0.347,1.068,2.543,0.727,5.407,2.593,2.0,10.0,Sample
1151,0 days 04:40:22,37.0,H10,25380,H,10,GFP-Gext,Plate 1,2026-03-19 16:42:56,Cytation5,24,5.0,1.8,1.8,2.0,3.0,75.0,2.8,1.7,0.3465,2.555,50.0,0.0,0.0,1.0,1.0,1.0,0.02,2.0,2000.0,2.4,0.01,3.2,0.032,75.5,0.302,2.843,0.284,1.702,0.17,0.347,1.068,2.543,0.727,5.407,2.593,2.0,10.0,Sample
1152,0 days 04:45:22,37.0,H10,25568,H,10,GFP-Gext,Plate 1,2026-03-19 16:47:56,Cytation5,24,5.0,1.8,1.8,2.0,3.0,75.0,2.8,1.7,0.3465,2.555,50.0,0.0,0.0,1.0,1.0,1.0,0.02,2.0,2000.0,2.4,0.01,3.2,0.032,75.5,0.302,2.843,0.284,1.702,0.17,0.347,1.068,2.543,0.727,5.407,2.593,2.0,10.0,Sample
1153,0 days 04:50:22,37.0,H10,25437,H,10,GFP-Gext,Plate 1,2026-03-19 16:52:56,Cytation5,24,5.0,1.8,1.8,2.0,3.0,75.0,2.8,1.7,0.3465,2.555,50.0,0.0,0.0,1.0,1.0,1.0,0.02,2.0,2000.0,2.4,0.01,3.2,0.032,75.5,0.302,2.843,0.284,1.702,0.17,0.347,1.068,2.543,0.727,5.407,2.593,2.0,10.0,Sample
1154,0 days 04:55:22,37.1,H10,25615,H,10,GFP-Gext,Plate 1,2026-03-19 16:57:56,Cytation5,24,5.0,1.8,1.8,2.0,3.0,75.0,2.8,1.7,0.3465,2.555,50.0,0.0,0.0,1.0,1.0,1.0,0.02,2.0,2000.0,2.4,0.01,3.2,0.032,75.5,0.302,2.843,0.284,1.702,0.17,0.347,1.068,2.543,0.727,5.407,2.593,2.0,10.0,Sample
1155,0 days 05:00:22,37.1,H10,25477,H,10,GFP-Gext,Plate 1,2026-03-19 17:02:56,Cytation5,24,5.0,1.8,1.8,2.0,3.0,75.0,2.8,1.7,0.3465,2.555,50.0,0.0,0.0,1.0,1.0,1.0,0.02,2.0,2000.0,2.4,0.01,3.2,0.032,75.5,0.302,2.843,0.284,1.702,0.17,0.347,1.068,2.543,0.727,5.407,2.593,2.0,10.0,Sample
1156,0 days 05:05:22,37.0,H10,25460,H,10,GFP-Gext,Plate 1,2026-03-19 17:07:56,Cytation5,24,5.0,1.8,1.8,2.0,3.0,75.0,2.8,1.7,0.3465,2.555,50.0,0.0,0.0,1.0,1.0,1.0,0.02,2.0,2000.0,2.4,0.01,3.2,0.032,75.5,0.302,2.843,0.284,1.702,0.17,0.347,1.068,2.543,0.727,5.407,2.593,2.0,10.0,Sample
1157,0 days 05:10:22,37.0,H10,25427,H,10,GFP-Gext,Plate 1,2026-03-19 17:12:56,Cytation5,24,5.0,1.8,1.8,2.0,3.0,75.0,2.8,1.7,0.3465,2.555,50.0,0.0,0.0,1.0,1.0,1.0,0.02,2.0,2000.0,2.4,0.01,3.2,0.032,75.5,0.302,2.843,0.284,1.702,0.17,0.347,1.068,2.543,0.727,5.407,2.593,2.0,10.0,Sample
1158,0 days 05:15:22,37.1,H10,25291,H,10,GFP-Gext,Plate 1,2026-03-19 17:17:56,Cytation5,24,5.0,1.8,1.8,2.0,3.0,75.0,2.8,1.7,0.3465,2.555,50.0,0.0,0.0,1.0,1.0,1.0,0.02,2.0,2000.0,2.4,0.01,3.2,0.032,75.5,0.302,2.843,0.284,1.702,0.17,0.347,1.068,2.543,0.727,5.407,2.593,2.0,10.0,Sample
1159,0 days 05:20:22,37.0,H10,25427,H,10,GFP-Gext,Plate 1,2026-03-19 17:22:56,Cytation5,24,5.0,1.8,1.8,2.0,3.0,75.0,2.8,1.7,0.3465,2.555,50.0,0.0,0.0,1.0,1.0,1.0,0.02,2.0,2000.0,2.4,0.01,3.2,0.032,75.5,0.302,2.843,0.284,1.702,0.17,0.347,1.068,2.543,0.727,5.407,2.593,2.0,10.0,Sample
1160,0 days 05:25:22,37.0,H10,25315,H,10,GFP-Gext,Plate 1,2026-03-19 17:27:56,Cytation5,24,5.0,1.8,1.8,2.0,3.0,75.0,2.8,1.7,0.3465,2.555,50.0,0.0,0.0,1.0,1.0,1.0,0.02,2.0,2000.0,2.4,0.01,3.2,0.032,75.5,0.302,2.843,0.284,1.702,0.17,0.347,1.068,2.543,0.727,5.407,2.593,2.0,10.0,Sample
1161,0 days 05:30:22,37.0,H10,25504,H,10,GFP-Gext,Plate 1,2026-03-19 17:32:56,Cytation5,24,5.0,1.8,1.8,2.0,3.0,75.0,2.8,1.7,0.3465,2.555,50.0,0.0,0.0,1.0,1.0,1.0,0.02,2.0,2000.0,2.4,0.01,3.2,0.032,75.5,0.302,2.843,0.284,1.702,0.17,0.347,1.068,2.543,0.727,5.407,2.593,2.0,10.0,Sample
1162,0 days 05:35:22,37.0,H10,25451,H,10,GFP-Gext,Plate 1,2026-03-19 17:37:56,Cytation5,24,5.0,1.8,1.8,2.0,3.0,75.0,2.8,1.7,0.3465,2.555,50.0,0.0,0.0,1.0,1.0,1.0,0.02,2.0,2000.0,2.4,0.01,3.2,0.032,75.5,0.302,2.843,0.284,1.702,0.17,0.347,1.068,2.543,0.727,5.407,2.593,2.0,10.0,Sample
1163,0 days 05:40:22,37.0,H10,25444,H,10,GFP-Gext,Plate 1,2026-03-19 17:42:56,Cytation5,24,5.0,1.8,1.8,2.0,3.0,75.0,2.8,1.7,0.3465,2.555,50.0,0.0,0.0,1.0,1.0,1.0,0.02,2.0,2000.0,2.4,0.01,3.2,0.032,75.5,0.302,2.843,0.284,1.702,0.17,0.347,1.068,2.543,0.727,5.407,2.593,2.0,10.0,Sample
1164,0 days 05:45:22,37.0,H10,25325,H,10,GFP-Gext,Plate 1,2026-03-19 17:47:56,Cytation5,24,5.0,1.8,1.8,2.0,3.0,75.0,2.8,1.7,0.3465,2.555,50.0,0.0,0.0,1.0,1.0,1.0,0.02,2.0,2000.0,2.4,0.01,3.2,0.032,75.5,0.302,2.843,0.284,1.702,0.17,0.347,1.068,2.543,0.727,5.407,2.593,2.0,10.0,Sample
1165,0 days 05:50:22,37.0,H10,25337,H,10,GFP-Gext,Plate 1,2026-03-19 17:52:56,Cytation5,24,5.0,1.8,1.8,2.0,3.0,75.0,2.8,1.7,0.3465,2.555,50.0,0.0,0.0,1.0,1.0,1.0,0.02,2.0,2000.0,2.4,0.01,3.2,0.032,75.5,0.302,2.843,0.284,1.702,0.17,0.347,1.068,2.543,0.727,5.407,2.593,2.0,10.0,Sample
1166,0 days 05:55:22,37.0,H10,25267,H,10,GFP-Gext,Plate 1,2026-03-19 17:57:56,Cytation5,24,5.0,1.8,1.8,2.0,3.0,75.0,2.8,1.7,0.3465,2.555,50.0,0.0,0.0,1.0,1.0,1.0,0.02,2.0,2000.0,2.4,0.01,3.2,0.032,75.5,0.302,2.843,0.284,1.702,0.17,0.347,1.068,2.543,0.727,5.407,2.593,2.0,10.0,Sample
1167,0 days 06:00:22,37.0,H10,25329,H,10,GFP-Gext,Plate 1,2026-03-19 18:02:56,Cytation5,24,5.0,1.8,1.8,2.0,3.0,75.0,2.8,1.7,0.3465,2.555,50.0,0.0,0.0,1.0,1.0,1.0,0.02,2.0,2000.0,2.4,0.01,3.2,0.032,75.5,0.302,2.843,0.284,1.702,0.17,0.347,1.068,2.543,0.727,5.407,2.593,2.0,10.0,Sample
1168,0 days 00:00:22,27.7,H11,386,H,11,GFP-Gext,Plate 1,2026-03-19 12:02:56,Cytation5,9,5.0,1.8,1.8,6.0,8.0,95.0,2.4,2.7,0.2275,3.78,50.0,0.0,0.0,1.0,1.0,1.0,0.02,2.0,2000.0,6.4,0.026,7.9,0.079,95.8,0.383,2.42,0.242,2.685,0.268,0.227,0.698,3.783,1.081,5.407,2.777,1.816,10.0,Sample
1169,0 days 00:05:22,33.8,H11,410,H,11,GFP-Gext,Plate 1,2026-03-19 12:07:56,Cytation5,9,5.0,1.8,1.8,6.0,8.0,95.0,2.4,2.7,0.2275,3.78,50.0,0.0,0.0,1.0,1.0,1.0,0.02,2.0,2000.0,6.4,0.026,7.9,0.079,95.8,0.383,2.42,0.242,2.685,0.268,0.227,0.698,3.783,1.081,5.407,2.777,1.816,10.0,Sample
1170,0 days 00:10:22,37.0,H11,726,H,11,GFP-Gext,Plate 1,2026-03-19 12:12:56,Cytation5,9,5.0,1.8,1.8,6.0,8.0,95.0,2.4,2.7,0.2275,3.78,50.0,0.0,0.0,1.0,1.0,1.0,0.02,2.0,2000.0,6.4,0.026,7.9,0.079,95.8,0.383,2.42,0.242,2.685,0.268,0.227,0.698,3.783,1.081,5.407,2.777,1.816,10.0,Sample
1171,0 days 00:15:22,37.0,H11,3074,H,11,GFP-Gext,Plate 1,2026-03-19 12:17:56,Cytation5,9,5.0,1.8,1.8,6.0,8.0,95.0,2.4,2.7,0.2275,3.78,50.0,0.0,0.0,1.0,1.0,1.0,0.02,2.0,2000.0,6.4,0.026,7.9,0.079,95.8,0.383,2.42,0.242,2.685,0.268,0.227,0.698,3.783,1.081,5.407,2.777,1.816,10.0,Sample
1172,0 days 00:20:22,37.0,H11,8156,H,11,GFP-Gext,Plate 1,2026-03-19 12:22:56,Cytation5,9,5.0,1.8,1.8,6.0,8.0,95.0,2.4,2.7,0.2275,3.78,50.0,0.0,0.0,1.0,1.0,1.0,0.02,2.0,2000.0,6.4,0.026,7.9,0.079,95.8,0.383,2.42,0.242,2.685,0.268,0.227,0.698,3.783,1.081,5.407,2.777,1.816,10.0,Sample
1173,0 days 00:25:22,37.1,H11,15246,H,11,GFP-Gext,Plate 1,2026-03-19 12:27:56,Cytation5,9,5.0,1.8,1.8,6.0,8.0,95.0,2.4,2.7,0.2275,3.78,50.0,0.0,0.0,1.0,1.0,1.0,0.02,2.0,2000.0,6.4,0.026,7.9,0.079,95.8,0.383,2.42,0.242,2.685,0.268,0.227,0.698,3.783,1.081,5.407,2.777,1.816,10.0,Sample
1174,0 days 00:30:22,37.0,H11,23659,H,11,GFP-Gext,Plate 1,2026-03-19 12:32:56,Cytation5,9,5.0,1.8,1.8,6.0,8.0,95.0,2.4,2.7,0.2275,3.78,50.0,0.0,0.0,1.0,1.0,1.0,0.02,2.0,2000.0,6.4,0.026,7.9,0.079,95.8,0.383,2.42,0.242,2.685,0.268,0.227,0.698,3.783,1.081,5.407,2.777,1.816,10.0,Sample
1175,0 days 00:35:22,37.0,H11,34950,H,11,GFP-Gext,Plate 1,2026-03-19 12:37:56,Cytation5,9,5.0,1.8,1.8,6.0,8.0,95.0,2.4,2.7,0.2275,3.78,50.0,0.0,0.0,1.0,1.0,1.0,0.02,2.0,2000.0,6.4,0.026,7.9,0.079,95.8,0.383,2.42,0.242,2.685,0.268,0.227,0.698,3.783,1.081,5.407,2.777,1.816,10.0,Sample
1176,0 days 00:40:22,37.0,H11,46931,H,11,GFP-Gext,Plate 1,2026-03-19 12:42:56,Cytation5,9,5.0,1.8,1.8,6.0,8.0,95.0,2.4,2.7,0.2275,3.78,50.0,0.0,0.0,1.0,1.0,1.0,0.02,2.0,2000.0,6.4,0.026,7.9,0.079,95.8,0.383,2.42,0.242,2.685,0.268,0.227,0.698,3.783,1.081,5.407,2.777,1.816,10.0,Sample
1177,0 days 00:45:22,36.9,H11,57426,H,11,GFP-Gext,Plate 1,2026-03-19 12:47:56,Cytation5,9,5.0,1.8,1.8,6.0,8.0,95.0,2.4,2.7,0.2275,3.78,50.0,0.0,0.0,1.0,1.0,1.0,0.02,2.0,2000.0,6.4,0.026,7.9,0.079,95.8,0.383,2.42,0.242,2.685,0.268,0.227,0.698,3.783,1.081,5.407,2.777,1.816,10.0,Sample
1178,0 days 00:50:22,37.0,H11,67540,H,11,GFP-Gext,Plate 1,2026-03-19 12:52:56,Cytation5,9,5.0,1.8,1.8,6.0,8.0,95.0,2.4,2.7,0.2275,3.78,50.0,0.0,0.0,1.0,1.0,1.0,0.02,2.0,2000.0,6.4,0.026,7.9,0.079,95.8,0.383,2.42,0.242,2.685,0.268,0.227,0.698,3.783,1.081,5.407,2.777,1.816,10.0,Sample
1179,0 days 00:55:22,37.0,H11,76735,H,11,GFP-Gext,Plate 1,2026-03-19 12:57:56,Cytation5,9,5.0,1.8,1.8,6.0,8.0,95.0,2.4,2.7,0.2275,3.78,50.0,0.0,0.0,1.0,1.0,1.0,0.02,2.0,2000.0,6.4,0.026,7.9,0.079,95.8,0.383,2.42,0.242,2.685,0.268,0.227,0.698,3.783,1.081,5.407,2.777,1.816,10.0,Sample
1180,0 days 01:00:22,37.0,H11,84881,H,11,GFP-Gext,Plate 1,2026-03-19 13:02:56,Cytation5,9,5.0,1.8,1.8,6.0,8.0,95.0,2.4,2.7,0.2275,3.78,50.0,0.0,0.0,1.0,1.0,1.0,0.02,2.0,2000.0,6.4,0.026,7.9,0.079,95.8,0.383,2.42,0.242,2.685,0.268,0.227,0.698,3.783,1.081,5.407,2.777,1.816,10.0,Sample
1181,0 days 01:05:22,37.0,H11,92056,H,11,GFP-Gext,Plate 1,2026-03-19 13:07:56,Cytation5,9,5.0,1.8,1.8,6.0,8.0,95.0,2.4,2.7,0.2275,3.78,50.0,0.0,0.0,1.0,1.0,1.0,0.02,2.0,2000.0,6.4,0.026,7.9,0.079,95.8,0.383,2.42,0.242,2.685,0.268,0.227,0.698,3.783,1.081,5.407,2.777,1.816,10.0,Sample
1182,0 days 01:10:22,37.0,H11,98930,H,11,GFP-Gext,Plate 1,2026-03-19 13:12:56,Cytation5,9,5.0,1.8,1.8,6.0,8.0,95.0,2.4,2.7,0.2275,3.78,50.0,0.0,0.0,1.0,1.0,1.0,0.02,2.0,2000.0,6.4,0.026,7.9,0.079,95.8,0.383,2.42,0.242,2.685,0.268,0.227,0.698,3.783,1.081,5.407,2.777,1.816,10.0,Sample
1183,0 days 01:15:22,37.0,H11,105066,H,11,GFP-Gext,Plate 1,2026-03-19 13:17:56,Cytation5,9,5.0,1.8,1.8,6.0,8.0,95.0,2.4,2.7,0.2275,3.78,50.0,0.0,0.0,1.0,1.0,1.0,0.02,2.0,2000.0,6.4,0.026,7.9,0.079,95.8,0.383,2.42,0.242,2.685,0.268,0.227,0.698,3.783,1.081,5.407,2.777,1.816,10.0,Sample
1184,0 days 01:20:22,37.0,H11,110278,H,11,GFP-Gext,Plate 1,2026-03-19 13:22:56,Cytation5,9,5.0,1.8,1.8,6.0,8.0,95.0,2.4,2.7,0.2275,3.78,50.0,0.0,0.0,1.0,1.0,1.0,0.02,2.0,2000.0,6.4,0.026,7.9,0.079,95.8,0.383,2.42,0.242,2.685,0.268,0.227,0.698,3.783,1.081,5.407,2.777,1.816,10.0,Sample
1185,0 days 01:25:22,37.1,H11,115521,H,11,GFP-Gext,Plate 1,2026-03-19 13:27:56,Cytation5,9,5.0,1.8,1.8,6.0,8.0,95.0,2.4,2.7,0.2275,3.78,50.0,0.0,0.0,1.0,1.0,1.0,0.02,2.0,2000.0,6.4,0.026,7.9,0.079,95.8,0.383,2.42,0.242,2.685,0.268,0.227,0.698,3.783,1.081,5.407,2.777,1.816,10.0,Sample
1186,0 days 01:30:22,37.1,H11,119129,H,11,GFP-Gext,Plate 1,2026-03-19 13:32:56,Cytation5,9,5.0,1.8,1.8,6.0,8.0,95.0,2.4,2.7,0.2275,3.78,50.0,0.0,0.0,1.0,1.0,1.0,0.02,2.0,2000.0,6.4,0.026,7.9,0.079,95.8,0.383,2.42,0.242,2.685,0.268,0.227,0.698,3.783,1.081,5.407,2.777,1.816,10.0,Sample
1187,0 days 01:35:22,37.0,H11,122781,H,11,GFP-Gext,Plate 1,2026-03-19 13:37:56,Cytation5,9,5.0,1.8,1.8,6.0,8.0,95.0,2.4,2.7,0.2275,3.78,50.0,0.0,0.0,1.0,1.0,1.0,0.02,2.0,2000.0,6.4,0.026,7.9,0.079,95.8,0.383,2.42,0.242,2.685,0.268,0.227,0.698,3.783,1.081,5.407,2.777,1.816,10.0,Sample
1188,0 days 01:40:22,37.0,H11,125593,H,11,GFP-Gext,Plate 1,2026-03-19 13:42:56,Cytation5,9,5.0,1.8,1.8,6.0,8.0,95.0,2.4,2.7,0.2275,3.78,50.0,0.0,0.0,1.0,1.0,1.0,0.02,2.0,2000.0,6.4,0.026,7.9,0.079,95.8,0.383,2.42,0.242,2.685,0.268,0.227,0.698,3.783,1.081,5.407,2.777,1.816,10.0,Sample
1189,0 days 01:45:22,37.0,H11,128863,H,11,GFP-Gext,Plate 1,2026-03-19 13:47:56,Cytation5,9,5.0,1.8,1.8,6.0,8.0,95.0,2.4,2.7,0.2275,3.78,50.0,0.0,0.0,1.0,1.0,1.0,0.02,2.0,2000.0,6.4,0.026,7.9,0.079,95.8,0.383,2.42,0.242,2.685,0.268,0.227,0.698,3.783,1.081,5.407,2.777,1.816,10.0,Sample
1190,0 days 01:50:22,36.9,H11,130380,H,11,GFP-Gext,Plate 1,2026-03-19 13:52:56,Cytation5,9,5.0,1.8,1.8,6.0,8.0,95.0,2.4,2.7,0.2275,3.78,50.0,0.0,0.0,1.0,1.0,1.0,0.02,2.0,2000.0,6.4,0.026,7.9,0.079,95.8,0.383,2.42,0.242,2.685,0.268,0.227,0.698,3.783,1.081,5.407,2.777,1.816,10.0,Sample
1191,0 days 01:55:22,37.0,H11,131765,H,11,GFP-Gext,Plate 1,2026-03-19 13:57:56,Cytation5,9,5.0,1.8,1.8,6.0,8.0,95.0,2.4,2.7,0.2275,3.78,50.0,0.0,0.0,1.0,1.0,1.0,0.02,2.0,2000.0,6.4,0.026,7.9,0.079,95.8,0.383,2.42,0.242,2.685,0.268,0.227,0.698,3.783,1.081,5.407,2.777,1.816,10.0,Sample
1192,0 days 02:00:22,37.0,H11,133357,H,11,GFP-Gext,Plate 1,2026-03-19 14:02:56,Cytation5,9,5.0,1.8,1.8,6.0,8.0,95.0,2.4,2.7,0.2275,3.78,50.0,0.0,0.0,1.0,1.0,1.0,0.02,2.0,2000.0,6.4,0.026,7.9,0.079,95.8,0.383,2.42,0.242,2.685,0.268,0.227,0.698,3.783,1.081,5.407,2.777,1.816,10.0,Sample
1193,0 days 02:05:22,37.0,H11,134966,H,11,GFP-Gext,Plate 1,2026-03-19 14:07:56,Cytation5,9,5.0,1.8,1.8,6.0,8.0,95.0,2.4,2.7,0.2275,3.78,50.0,0.0,0.0,1.0,1.0,1.0,0.02,2.0,2000.0,6.4,0.026,7.9,0.079,95.8,0.383,2.42,0.242,2.685,0.268,0.227,0.698,3.783,1.081,5.407,2.777,1.816,10.0,Sample
1194,0 days 02:10:22,37.0,H11,135852,H,11,GFP-Gext,Plate 1,2026-03-19 14:12:56,Cytation5,9,5.0,1.8,1.8,6.0,8.0,95.0,2.4,2.7,0.2275,3.78,50.0,0.0,0.0,1.0,1.0,1.0,0.02,2.0,2000.0,6.4,0.026,7.9,0.079,95.8,0.383,2.42,0.242,2.685,0.268,0.227,0.698,3.783,1.081,5.407,2.777,1.816,10.0,Sample
1195,0 days 02:15:22,37.0,H11,136731,H,11,GFP-Gext,Plate 1,2026-03-19 14:17:56,Cytation5,9,5.0,1.8,1.8,6.0,8.0,95.0,2.4,2.7,0.2275,3.78,50.0,0.0,0.0,1.0,1.0,1.0,0.02,2.0,2000.0,6.4,0.026,7.9,0.079,95.8,0.383,2.42,0.242,2.685,0.268,0.227,0.698,3.783,1.081,5.407,2.777,1.816,10.0,Sample
1196,0 days 02:20:22,37.0,H11,138070,H,11,GFP-Gext,Plate 1,2026-03-19 14:22:56,Cytation5,9,5.0,1.8,1.8,6.0,8.0,95.0,2.4,2.7,0.2275,3.78,50.0,0.0,0.0,1.0,1.0,1.0,0.02,2.0,2000.0,6.4,0.026,7.9,0.079,95.8,0.383,2.42,0.242,2.685,0.268,0.227,0.698,3.783,1.081,5.407,2.777,1.816,10.0,Sample
1197,0 days 02:25:22,37.0,H11,138599,H,11,GFP-Gext,Plate 1,2026-03-19 14:27:56,Cytation5,9,5.0,1.8,1.8,6.0,8.0,95.0,2.4,2.7,0.2275,3.78,50.0,0.0,0.0,1.0,1.0,1.0,0.02,2.0,2000.0,6.4,0.026,7.9,0.079,95.8,0.383,2.42,0.242,2.685,0.268,0.227,0.698,3.783,1.081,5.407,2.777,1.816,10.0,Sample
1198,0 days 02:30:22,37.1,H11,139130,H,11,GFP-Gext,Plate 1,2026-03-19 14:32:56,Cytation5,9,5.0,1.8,1.8,6.0,8.0,95.0,2.4,2.7,0.2275,3.78,50.0,0.0,0.0,1.0,1.0,1.0,0.02,2.0,2000.0,6.4,0.026,7.9,0.079,95.8,0.383,2.42,0.242,2.685,0.268,0.227,0.698,3.783,1.081,5.407,2.777,1.816,10.0,Sample
1199,0 days 02:35:22,37.0,H11,139303,H,11,GFP-Gext,Plate 1,2026-03-19 14:37:56,Cytation5,9,5.0,1.8,1.8,6.0,8.0,95.0,2.4,2.7,0.2275,3.78,50.0,0.0,0.0,1.0,1.0,1.0,0.02,2.0,2000.0,6.4,0.026,7.9,0.079,95.8,0.383,2.42,0.242,2.685,0.268,0.227,0.698,3.783,1.081,5.407,2.777,1.816,10.0,Sample
1200,0 days 02:40:22,37.0,H11,139998,H,11,GFP-Gext,Plate 1,2026-03-19 14:42:56,Cytation5,9,5.0,1.8,1.8,6.0,8.0,95.0,2.4,2.7,0.2275,3.78,50.0,0.0,0.0,1.0,1.0,1.0,0.02,2.0,2000.0,6.4,0.026,7.9,0.079,95.8,0.383,2.42,0.242,2.685,0.268,0.227,0.698,3.783,1.081,5.407,2.777,1.816,10.0,Sample
1201,0 days 02:45:22,37.1,H11,140820,H,11,GFP-Gext,Plate 1,2026-03-19 14:47:56,Cytation5,9,5.0,1.8,1.8,6.0,8.0,95.0,2.4,2.7,0.2275,3.78,50.0,0.0,0.0,1.0,1.0,1.0,0.02,2.0,2000.0,6.4,0.026,7.9,0.079,95.8,0.383,2.42,0.242,2.685,0.268,0.227,0.698,3.783,1.081,5.407,2.777,1.816,10.0,Sample
1202,0 days 02:50:22,37.0,H11,141215,H,11,GFP-Gext,Plate 1,2026-03-19 14:52:56,Cytation5,9,5.0,1.8,1.8,6.0,8.0,95.0,2.4,2.7,0.2275,3.78,50.0,0.0,0.0,1.0,1.0,1.0,0.02,2.0,2000.0,6.4,0.026,7.9,0.079,95.8,0.383,2.42,0.242,2.685,0.268,0.227,0.698,3.783,1.081,5.407,2.777,1.816,10.0,Sample
1203,0 days 02:55:22,37.0,H11,141048,H,11,GFP-Gext,Plate 1,2026-03-19 14:57:56,Cytation5,9,5.0,1.8,1.8,6.0,8.0,95.0,2.4,2.7,0.2275,3.78,50.0,0.0,0.0,1.0,1.0,1.0,0.02,2.0,2000.0,6.4,0.026,7.9,0.079,95.8,0.383,2.42,0.242,2.685,0.268,0.227,0.698,3.783,1.081,5.407,2.777,1.816,10.0,Sample
1204,0 days 03:00:22,37.0,H11,141221,H,11,GFP-Gext,Plate 1,2026-03-19 15:02:56,Cytation5,9,5.0,1.8,1.8,6.0,8.0,95.0,2.4,2.7,0.2275,3.78,50.0,0.0,0.0,1.0,1.0,1.0,0.02,2.0,2000.0,6.4,0.026,7.9,0.079,95.8,0.383,2.42,0.242,2.685,0.268,0.227,0.698,3.783,1.081,5.407,2.777,1.816,10.0,Sample
1205,0 days 03:05:22,37.0,H11,141783,H,11,GFP-Gext,Plate 1,2026-03-19 15:07:56,Cytation5,9,5.0,1.8,1.8,6.0,8.0,95.0,2.4,2.7,0.2275,3.78,50.0,0.0,0.0,1.0,1.0,1.0,0.02,2.0,2000.0,6.4,0.026,7.9,0.079,95.8,0.383,2.42,0.242,2.685,0.268,0.227,0.698,3.783,1.081,5.407,2.777,1.816,10.0,Sample
1206,0 days 03:10:22,37.0,H11,141252,H,11,GFP-Gext,Plate 1,2026-03-19 15:12:56,Cytation5,9,5.0,1.8,1.8,6.0,8.0,95.0,2.4,2.7,0.2275,3.78,50.0,0.0,0.0,1.0,1.0,1.0,0.02,2.0,2000.0,6.4,0.026,7.9,0.079,95.8,0.383,2.42,0.242,2.685,0.268,0.227,0.698,3.783,1.081,5.407,2.777,1.816,10.0,Sample
1207,0 days 03:15:22,37.0,H11,141232,H,11,GFP-Gext,Plate 1,2026-03-19 15:17:56,Cytation5,9,5.0,1.8,1.8,6.0,8.0,95.0,2.4,2.7,0.2275,3.78,50.0,0.0,0.0,1.0,1.0,1.0,0.02,2.0,2000.0,6.4,0.026,7.9,0.079,95.8,0.383,2.42,0.242,2.685,0.268,0.227,0.698,3.783,1.081,5.407,2.777,1.816,10.0,Sample
1208,0 days 03:20:22,37.0,H11,141517,H,11,GFP-Gext,Plate 1,2026-03-19 15:22:56,Cytation5,9,5.0,1.8,1.8,6.0,8.0,95.0,2.4,2.7,0.2275,3.78,50.0,0.0,0.0,1.0,1.0,1.0,0.02,2.0,2000.0,6.4,0.026,7.9,0.079,95.8,0.383,2.42,0.242,2.685,0.268,0.227,0.698,3.783,1.081,5.407,2.777,1.816,10.0,Sample
1209,0 days 03:25:22,37.1,H11,141917,H,11,GFP-Gext,Plate 1,2026-03-19 15:27:56,Cytation5,9,5.0,1.8,1.8,6.0,8.0,95.0,2.4,2.7,0.2275,3.78,50.0,0.0,0.0,1.0,1.0,1.0,0.02,2.0,2000.0,6.4,0.026,7.9,0.079,95.8,0.383,2.42,0.242,2.685,0.268,0.227,0.698,3.783,1.081,5.407,2.777,1.816,10.0,Sample
1210,0 days 03:30:22,36.9,H11,141202,H,11,GFP-Gext,Plate 1,2026-03-19 15:32:56,Cytation5,9,5.0,1.8,1.8,6.0,8.0,95.0,2.4,2.7,0.2275,3.78,50.0,0.0,0.0,1.0,1.0,1.0,0.02,2.0,2000.0,6.4,0.026,7.9,0.079,95.8,0.383,2.42,0.242,2.685,0.268,0.227,0.698,3.783,1.081,5.407,2.777,1.816,10.0,Sample
1211,0 days 03:35:22,37.1,H11,141400,H,11,GFP-Gext,Plate 1,2026-03-19 15:37:56,Cytation5,9,5.0,1.8,1.8,6.0,8.0,95.0,2.4,2.7,0.2275,3.78,50.0,0.0,0.0,1.0,1.0,1.0,0.02,2.0,2000.0,6.4,0.026,7.9,0.079,95.8,0.383,2.42,0.242,2.685,0.268,0.227,0.698,3.783,1.081,5.407,2.777,1.816,10.0,Sample
1212,0 days 03:40:22,37.0,H11,141669,H,11,GFP-Gext,Plate 1,2026-03-19 15:42:56,Cytation5,9,5.0,1.8,1.8,6.0,8.0,95.0,2.4,2.7,0.2275,3.78,50.0,0.0,0.0,1.0,1.0,1.0,0.02,2.0,2000.0,6.4,0.026,7.9,0.079,95.8,0.383,2.42,0.242,2.685,0.268,0.227,0.698,3.783,1.081,5.407,2.777,1.816,10.0,Sample
1213,0 days 03:45:22,37.0,H11,141363,H,11,GFP-Gext,Plate 1,2026-03-19 15:47:56,Cytation5,9,5.0,1.8,1.8,6.0,8.0,95.0,2.4,2.7,0.2275,3.78,50.0,0.0,0.0,1.0,1.0,1.0,0.02,2.0,2000.0,6.4,0.026,7.9,0.079,95.8,0.383,2.42,0.242,2.685,0.268,0.227,0.698,3.783,1.081,5.407,2.777,1.816,10.0,Sample
1214,0 days 03:50:22,37.0,H11,140392,H,11,GFP-Gext,Plate 1,2026-03-19 15:52:56,Cytation5,9,5.0,1.8,1.8,6.0,8.0,95.0,2.4,2.7,0.2275,3.78,50.0,0.0,0.0,1.0,1.0,1.0,0.02,2.0,2000.0,6.4,0.026,7.9,0.079,95.8,0.383,2.42,0.242,2.685,0.268,0.227,0.698,3.783,1.081,5.407,2.777,1.816,10.0,Sample
1215,0 days 03:55:22,37.1,H11,141414,H,11,GFP-Gext,Plate 1,2026-03-19 15:57:56,Cytation5,9,5.0,1.8,1.8,6.0,8.0,95.0,2.4,2.7,0.2275,3.78,50.0,0.0,0.0,1.0,1.0,1.0,0.02,2.0,2000.0,6.4,0.026,7.9,0.079,95.8,0.383,2.42,0.242,2.685,0.268,0.227,0.698,3.783,1.081,5.407,2.777,1.816,10.0,Sample
1216,0 days 04:00:22,37.0,H11,140799,H,11,GFP-Gext,Plate 1,2026-03-19 16:02:56,Cytation5,9,5.0,1.8,1.8,6.0,8.0,95.0,2.4,2.7,0.2275,3.78,50.0,0.0,0.0,1.0,1.0,1.0,0.02,2.0,2000.0,6.4,0.026,7.9,0.079,95.8,0.383,2.42,0.242,2.685,0.268,0.227,0.698,3.783,1.081,5.407,2.777,1.816,10.0,Sample
1217,0 days 04:05:22,37.1,H11,140458,H,11,GFP-Gext,Plate 1,2026-03-19 16:07:56,Cytation5,9,5.0,1.8,1.8,6.0,8.0,95.0,2.4,2.7,0.2275,3.78,50.0,0.0,0.0,1.0,1.0,1.0,0.02,2.0,2000.0,6.4,0.026,7.9,0.079,95.8,0.383,2.42,0.242,2.685,0.268,0.227,0.698,3.783,1.081,5.407,2.777,1.816,10.0,Sample
1218,0 days 04:10:22,37.0,H11,140730,H,11,GFP-Gext,Plate 1,2026-03-19 16:12:56,Cytation5,9,5.0,1.8,1.8,6.0,8.0,95.0,2.4,2.7,0.2275,3.78,50.0,0.0,0.0,1.0,1.0,1.0,0.02,2.0,2000.0,6.4,0.026,7.9,0.079,95.8,0.383,2.42,0.242,2.685,0.268,0.227,0.698,3.783,1.081,5.407,2.777,1.816,10.0,Sample
1219,0 days 04:15:22,37.0,H11,140277,H,11,GFP-Gext,Plate 1,2026-03-19 16:17:56,Cytation5,9,5.0,1.8,1.8,6.0,8.0,95.0,2.4,2.7,0.2275,3.78,50.0,0.0,0.0,1.0,1.0,1.0,0.02,2.0,2000.0,6.4,0.026,7.9,0.079,95.8,0.383,2.42,0.242,2.685,0.268,0.227,0.698,3.783,1.081,5.407,2.777,1.816,10.0,Sample
1220,0 days 04:20:22,37.0,H11,140672,H,11,GFP-Gext,Plate 1,2026-03-19 16:22:56,Cytation5,9,5.0,1.8,1.8,6.0,8.0,95.0,2.4,2.7,0.2275,3.78,50.0,0.0,0.0,1.0,1.0,1.0,0.02,2.0,2000.0,6.4,0.026,7.9,0.079,95.8,0.383,2.42,0.242,2.685,0.268,0.227,0.698,3.783,1.081,5.407,2.777,1.816,10.0,Sample
1221,0 days 04:25:22,37.1,H11,139860,H,11,GFP-Gext,Plate 1,2026-03-19 16:27:56,Cytation5,9,5.0,1.8,1.8,6.0,8.0,95.0,2.4,2.7,0.2275,3.78,50.0,0.0,0.0,1.0,1.0,1.0,0.02,2.0,2000.0,6.4,0.026,7.9,0.079,95.8,0.383,2.42,0.242,2.685,0.268,0.227,0.698,3.783,1.081,5.407,2.777,1.816,10.0,Sample
1222,0 days 04:30:22,37.0,H11,140398,H,11,GFP-Gext,Plate 1,2026-03-19 16:32:56,Cytation5,9,5.0,1.8,1.8,6.0,8.0,95.0,2.4,2.7,0.2275,3.78,50.0,0.0,0.0,1.0,1.0,1.0,0.02,2.0,2000.0,6.4,0.026,7.9,0.079,95.8,0.383,2.42,0.242,2.685,0.268,0.227,0.698,3.783,1.081,5.407,2.777,1.816,10.0,Sample
1223,0 days 04:35:22,37.0,H11,140111,H,11,GFP-Gext,Plate 1,2026-03-19 16:37:56,Cytation5,9,5.0,1.8,1.8,6.0,8.0,95.0,2.4,2.7,0.2275,3.78,50.0,0.0,0.0,1.0,1.0,1.0,0.02,2.0,2000.0,6.4,0.026,7.9,0.079,95.8,0.383,2.42,0.242,2.685,0.268,0.227,0.698,3.783,1.081,5.407,2.777,1.816,10.0,Sample
1224,0 days 04:40:22,37.0,H11,139552,H,11,GFP-Gext,Plate 1,2026-03-19 16:42:56,Cytation5,9,5.0,1.8,1.8,6.0,8.0,95.0,2.4,2.7,0.2275,3.78,50.0,0.0,0.0,1.0,1.0,1.0,0.02,2.0,2000.0,6.4,0.026,7.9,0.079,95.8,0.383,2.42,0.242,2.685,0.268,0.227,0.698,3.783,1.081,5.407,2.777,1.816,10.0,Sample
1225,0 days 04:45:22,37.0,H11,140175,H,11,GFP-Gext,Plate 1,2026-03-19 16:47:56,Cytation5,9,5.0,1.8,1.8,6.0,8.0,95.0,2.4,2.7,0.2275,3.78,50.0,0.0,0.0,1.0,1.0,1.0,0.02,2.0,2000.0,6.4,0.026,7.9,0.079,95.8,0.383,2.42,0.242,2.685,0.268,0.227,0.698,3.783,1.081,5.407,2.777,1.816,10.0,Sample
1226,0 days 04:50:22,37.0,H11,139637,H,11,GFP-Gext,Plate 1,2026-03-19 16:52:56,Cytation5,9,5.0,1.8,1.8,6.0,8.0,95.0,2.4,2.7,0.2275,3.78,50.0,0.0,0.0,1.0,1.0,1.0,0.02,2.0,2000.0,6.4,0.026,7.9,0.079,95.8,0.383,2.42,0.242,2.685,0.268,0.227,0.698,3.783,1.081,5.407,2.777,1.816,10.0,Sample
1227,0 days 04:55:22,37.1,H11,139419,H,11,GFP-Gext,Plate 1,2026-03-19 16:57:56,Cytation5,9,5.0,1.8,1.8,6.0,8.0,95.0,2.4,2.7,0.2275,3.78,50.0,0.0,0.0,1.0,1.0,1.0,0.02,2.0,2000.0,6.4,0.026,7.9,0.079,95.8,0.383,2.42,0.242,2.685,0.268,0.227,0.698,3.783,1.081,5.407,2.777,1.816,10.0,Sample
1228,0 days 05:00:22,37.1,H11,139273,H,11,GFP-Gext,Plate 1,2026-03-19 17:02:56,Cytation5,9,5.0,1.8,1.8,6.0,8.0,95.0,2.4,2.7,0.2275,3.78,50.0,0.0,0.0,1.0,1.0,1.0,0.02,2.0,2000.0,6.4,0.026,7.9,0.079,95.8,0.383,2.42,0.242,2.685,0.268,0.227,0.698,3.783,1.081,5.407,2.777,1.816,10.0,Sample
1229,0 days 05:05:22,37.0,H11,139102,H,11,GFP-Gext,Plate 1,2026-03-19 17:07:56,Cytation5,9,5.0,1.8,1.8,6.0,8.0,95.0,2.4,2.7,0.2275,3.78,50.0,0.0,0.0,1.0,1.0,1.0,0.02,2.0,2000.0,6.4,0.026,7.9,0.079,95.8,0.383,2.42,0.242,2.685,0.268,0.227,0.698,3.783,1.081,5.407,2.777,1.816,10.0,Sample
1230,0 days 05:10:22,37.0,H11,138978,H,11,GFP-Gext,Plate 1,2026-03-19 17:12:56,Cytation5,9,5.0,1.8,1.8,6.0,8.0,95.0,2.4,2.7,0.2275,3.78,50.0,0.0,0.0,1.0,1.0,1.0,0.02,2.0,2000.0,6.4,0.026,7.9,0.079,95.8,0.383,2.42,0.242,2.685,0.268,0.227,0.698,3.783,1.081,5.407,2.777,1.816,10.0,Sample
1231,0 days 05:15:22,37.1,H11,139353,H,11,GFP-Gext,Plate 1,2026-03-19 17:17:56,Cytation5,9,5.0,1.8,1.8,6.0,8.0,95.0,2.4,2.7,0.2275,3.78,50.0,0.0,0.0,1.0,1.0,1.0,0.02,2.0,2000.0,6.4,0.026,7.9,0.079,95.8,0.383,2.42,0.242,2.685,0.268,0.227,0.698,3.783,1.081,5.407,2.777,1.816,10.0,Sample
1232,0 days 05:20:22,37.0,H11,139583,H,11,GFP-Gext,Plate 1,2026-03-19 17:22:56,Cytation5,9,5.0,1.8,1.8,6.0,8.0,95.0,2.4,2.7,0.2275,3.78,50.0,0.0,0.0,1.0,1.0,1.0,0.02,2.0,2000.0,6.4,0.026,7.9,0.079,95.8,0.383,2.42,0.242,2.685,0.268,0.227,0.698,3.783,1.081,5.407,2.777,1.816,10.0,Sample
1233,0 days 05:25:22,37.0,H11,139074,H,11,GFP-Gext,Plate 1,2026-03-19 17:27:56,Cytation5,9,5.0,1.8,1.8,6.0,8.0,95.0,2.4,2.7,0.2275,3.78,50.0,0.0,0.0,1.0,1.0,1.0,0.02,2.0,2000.0,6.4,0.026,7.9,0.079,95.8,0.383,2.42,0.242,2.685,0.268,0.227,0.698,3.783,1.081,5.407,2.777,1.816,10.0,Sample
1234,0 days 05:30:22,37.0,H11,138728,H,11,GFP-Gext,Plate 1,2026-03-19 17:32:56,Cytation5,9,5.0,1.8,1.8,6.0,8.0,95.0,2.4,2.7,0.2275,3.78,50.0,0.0,0.0,1.0,1.0,1.0,0.02,2.0,2000.0,6.4,0.026,7.9,0.079,95.8,0.383,2.42,0.242,2.685,0.268,0.227,0.698,3.783,1.081,5.407,2.777,1.816,10.0,Sample
1235,0 days 05:35:22,37.0,H11,138395,H,11,GFP-Gext,Plate 1,2026-03-19 17:37:56,Cytation5,9,5.0,1.8,1.8,6.0,8.0,95.0,2.4,2.7,0.2275,3.78,50.0,0.0,0.0,1.0,1.0,1.0,0.02,2.0,2000.0,6.4,0.026,7.9,0.079,95.8,0.383,2.42,0.242,2.685,0.268,0.227,0.698,3.783,1.081,5.407,2.777,1.816,10.0,Sample
1236,0 days 05:40:22,37.0,H11,138323,H,11,GFP-Gext,Plate 1,2026-03-19 17:42:56,Cytation5,9,5.0,1.8,1.8,6.0,8.0,95.0,2.4,2.7,0.2275,3.78,50.0,0.0,0.0,1.0,1.0,1.0,0.02,2.0,2000.0,6.4,0.026,7.9,0.079,95.8,0.383,2.42,0.242,2.685,0.268,0.227,0.698,3.783,1.081,5.407,2.777,1.816,10.0,Sample
1237,0 days 05:45:22,37.0,H11,138505,H,11,GFP-Gext,Plate 1,2026-03-19 17:47:56,Cytation5,9,5.0,1.8,1.8,6.0,8.0,95.0,2.4,2.7,0.2275,3.78,50.0,0.0,0.0,1.0,1.0,1.0,0.02,2.0,2000.0,6.4,0.026,7.9,0.079,95.8,0.383,2.42,0.242,2.685,0.268,0.227,0.698,3.783,1.081,5.407,2.777,1.816,10.0,Sample
1238,0 days 05:50:22,37.0,H11,138571,H,11,GFP-Gext,Plate 1,2026-03-19 17:52:56,Cytation5,9,5.0,1.8,1.8,6.0,8.0,95.0,2.4,2.7,0.2275,3.78,50.0,0.0,0.0,1.0,1.0,1.0,0.02,2.0,2000.0,6.4,0.026,7.9,0.079,95.8,0.383,2.42,0.242,2.685,0.268,0.227,0.698,3.783,1.081,5.407,2.777,1.816,10.0,Sample
1239,0 days 05:55:22,37.0,H11,138091,H,11,GFP-Gext,Plate 1,2026-03-19 17:57:56,Cytation5,9,5.0,1.8,1.8,6.0,8.0,95.0,2.4,2.7,0.2275,3.78,50.0,0.0,0.0,1.0,1.0,1.0,0.02,2.0,2000.0,6.4,0.026,7.9,0.079,95.8,0.383,2.42,0.242,2.685,0.268,0.227,0.698,3.783,1.081,5.407,2.777,1.816,10.0,Sample
1240,0 days 06:00:22,37.0,H11,138632,H,11,GFP-Gext,Plate 1,2026-03-19 18:02:56,Cytation5,9,5.0,1.8,1.8,6.0,8.0,95.0,2.4,2.7,0.2275,3.78,50.0,0.0,0.0,1.0,1.0,1.0,0.02,2.0,2000.0,6.4,0.026,7.9,0.079,95.8,0.383,2.42,0.242,2.685,0.268,0.227,0.698,3.783,1.081,5.407,2.777,1.816,10.0,Sample
1241,0 days 00:00:22,27.7,H12,412,H,12,GFP-Gext,Plate 1,2026-03-19 12:02:56,Cytation5,14,5.0,1.8,1.8,25.0,60.0,180.0,2.7,2.6,0.399,1.995,50.0,0.0,0.0,1.0,1.0,1.0,0.02,2.0,2000.0,25.0,0.1,60.0,0.6,178.9,0.716,2.664,0.266,2.557,0.256,0.4,1.231,1.978,0.565,5.407,3.734,0.859,10.0,Sample
1242,0 days 00:05:22,33.8,H12,415,H,12,GFP-Gext,Plate 1,2026-03-19 12:07:56,Cytation5,14,5.0,1.8,1.8,25.0,60.0,180.0,2.7,2.6,0.399,1.995,50.0,0.0,0.0,1.0,1.0,1.0,0.02,2.0,2000.0,25.0,0.1,60.0,0.6,178.9,0.716,2.664,0.266,2.557,0.256,0.4,1.231,1.978,0.565,5.407,3.734,0.859,10.0,Sample
1243,0 days 00:10:22,37.0,H12,416,H,12,GFP-Gext,Plate 1,2026-03-19 12:12:56,Cytation5,14,5.0,1.8,1.8,25.0,60.0,180.0,2.7,2.6,0.399,1.995,50.0,0.0,0.0,1.0,1.0,1.0,0.02,2.0,2000.0,25.0,0.1,60.0,0.6,178.9,0.716,2.664,0.266,2.557,0.256,0.4,1.231,1.978,0.565,5.407,3.734,0.859,10.0,Sample
1244,0 days 00:15:22,37.0,H12,855,H,12,GFP-Gext,Plate 1,2026-03-19 12:17:56,Cytation5,14,5.0,1.8,1.8,25.0,60.0,180.0,2.7,2.6,0.399,1.995,50.0,0.0,0.0,1.0,1.0,1.0,0.02,2.0,2000.0,25.0,0.1,60.0,0.6,178.9,0.716,2.664,0.266,2.557,0.256,0.4,1.231,1.978,0.565,5.407,3.734,0.859,10.0,Sample
1245,0 days 00:20:22,37.0,H12,2587,H,12,GFP-Gext,Plate 1,2026-03-19 12:22:56,Cytation5,14,5.0,1.8,1.8,25.0,60.0,180.0,2.7,2.6,0.399,1.995,50.0,0.0,0.0,1.0,1.0,1.0,0.02,2.0,2000.0,25.0,0.1,60.0,0.6,178.9,0.716,2.664,0.266,2.557,0.256,0.4,1.231,1.978,0.565,5.407,3.734,0.859,10.0,Sample
1246,0 days 00:25:22,37.1,H12,5944,H,12,GFP-Gext,Plate 1,2026-03-19 12:27:56,Cytation5,14,5.0,1.8,1.8,25.0,60.0,180.0,2.7,2.6,0.399,1.995,50.0,0.0,0.0,1.0,1.0,1.0,0.02,2.0,2000.0,25.0,0.1,60.0,0.6,178.9,0.716,2.664,0.266,2.557,0.256,0.4,1.231,1.978,0.565,5.407,3.734,0.859,10.0,Sample
1247,0 days 00:30:22,37.0,H12,10347,H,12,GFP-Gext,Plate 1,2026-03-19 12:32:56,Cytation5,14,5.0,1.8,1.8,25.0,60.0,180.0,2.7,2.6,0.399,1.995,50.0,0.0,0.0,1.0,1.0,1.0,0.02,2.0,2000.0,25.0,0.1,60.0,0.6,178.9,0.716,2.664,0.266,2.557,0.256,0.4,1.231,1.978,0.565,5.407,3.734,0.859,10.0,Sample
1248,0 days 00:35:22,37.0,H12,15758,H,12,GFP-Gext,Plate 1,2026-03-19 12:37:56,Cytation5,14,5.0,1.8,1.8,25.0,60.0,180.0,2.7,2.6,0.399,1.995,50.0,0.0,0.0,1.0,1.0,1.0,0.02,2.0,2000.0,25.0,0.1,60.0,0.6,178.9,0.716,2.664,0.266,2.557,0.256,0.4,1.231,1.978,0.565,5.407,3.734,0.859,10.0,Sample
1249,0 days 00:40:22,37.0,H12,21554,H,12,GFP-Gext,Plate 1,2026-03-19 12:42:56,Cytation5,14,5.0,1.8,1.8,25.0,60.0,180.0,2.7,2.6,0.399,1.995,50.0,0.0,0.0,1.0,1.0,1.0,0.02,2.0,2000.0,25.0,0.1,60.0,0.6,178.9,0.716,2.664,0.266,2.557,0.256,0.4,1.231,1.978,0.565,5.407,3.734,0.859,10.0,Sample
1250,0 days 00:45:22,36.9,H12,27669,H,12,GFP-Gext,Plate 1,2026-03-19 12:47:56,Cytation5,14,5.0,1.8,1.8,25.0,60.0,180.0,2.7,2.6,0.399,1.995,50.0,0.0,0.0,1.0,1.0,1.0,0.02,2.0,2000.0,25.0,0.1,60.0,0.6,178.9,0.716,2.664,0.266,2.557,0.256,0.4,1.231,1.978,0.565,5.407,3.734,0.859,10.0,Sample
1251,0 days 00:50:22,37.0,H12,33966,H,12,GFP-Gext,Plate 1,2026-03-19 12:52:56,Cytation5,14,5.0,1.8,1.8,25.0,60.0,180.0,2.7,2.6,0.399,1.995,50.0,0.0,0.0,1.0,1.0,1.0,0.02,2.0,2000.0,25.0,0.1,60.0,0.6,178.9,0.716,2.664,0.266,2.557,0.256,0.4,1.231,1.978,0.565,5.407,3.734,0.859,10.0,Sample
1252,0 days 00:55:22,37.0,H12,40093,H,12,GFP-Gext,Plate 1,2026-03-19 12:57:56,Cytation5,14,5.0,1.8,1.8,25.0,60.0,180.0,2.7,2.6,0.399,1.995,50.0,0.0,0.0,1.0,1.0,1.0,0.02,2.0,2000.0,25.0,0.1,60.0,0.6,178.9,0.716,2.664,0.266,2.557,0.256,0.4,1.231,1.978,0.565,5.407,3.734,0.859,10.0,Sample
1253,0 days 01:00:22,37.0,H12,46238,H,12,GFP-Gext,Plate 1,2026-03-19 13:02:56,Cytation5,14,5.0,1.8,1.8,25.0,60.0,180.0,2.7,2.6,0.399,1.995,50.0,0.0,0.0,1.0,1.0,1.0,0.02,2.0,2000.0,25.0,0.1,60.0,0.6,178.9,0.716,2.664,0.266,2.557,0.256,0.4,1.231,1.978,0.565,5.407,3.734,0.859,10.0,Sample
1254,0 days 01:05:22,37.0,H12,52387,H,12,GFP-Gext,Plate 1,2026-03-19 13:07:56,Cytation5,14,5.0,1.8,1.8,25.0,60.0,180.0,2.7,2.6,0.399,1.995,50.0,0.0,0.0,1.0,1.0,1.0,0.02,2.0,2000.0,25.0,0.1,60.0,0.6,178.9,0.716,2.664,0.266,2.557,0.256,0.4,1.231,1.978,0.565,5.407,3.734,0.859,10.0,Sample
1255,0 days 01:10:22,37.0,H12,58374,H,12,GFP-Gext,Plate 1,2026-03-19 13:12:56,Cytation5,14,5.0,1.8,1.8,25.0,60.0,180.0,2.7,2.6,0.399,1.995,50.0,0.0,0.0,1.0,1.0,1.0,0.02,2.0,2000.0,25.0,0.1,60.0,0.6,178.9,0.716,2.664,0.266,2.557,0.256,0.4,1.231,1.978,0.565,5.407,3.734,0.859,10.0,Sample
1256,0 days 01:15:22,37.0,H12,64227,H,12,GFP-Gext,Plate 1,2026-03-19 13:17:56,Cytation5,14,5.0,1.8,1.8,25.0,60.0,180.0,2.7,2.6,0.399,1.995,50.0,0.0,0.0,1.0,1.0,1.0,0.02,2.0,2000.0,25.0,0.1,60.0,0.6,178.9,0.716,2.664,0.266,2.557,0.256,0.4,1.231,1.978,0.565,5.407,3.734,0.859,10.0,Sample
1257,0 days 01:20:22,37.0,H12,69944,H,12,GFP-Gext,Plate 1,2026-03-19 13:22:56,Cytation5,14,5.0,1.8,1.8,25.0,60.0,180.0,2.7,2.6,0.399,1.995,50.0,0.0,0.0,1.0,1.0,1.0,0.02,2.0,2000.0,25.0,0.1,60.0,0.6,178.9,0.716,2.664,0.266,2.557,0.256,0.4,1.231,1.978,0.565,5.407,3.734,0.859,10.0,Sample
1258,0 days 01:25:22,37.1,H12,75851,H,12,GFP-Gext,Plate 1,2026-03-19 13:27:56,Cytation5,14,5.0,1.8,1.8,25.0,60.0,180.0,2.7,2.6,0.399,1.995,50.0,0.0,0.0,1.0,1.0,1.0,0.02,2.0,2000.0,25.0,0.1,60.0,0.6,178.9,0.716,2.664,0.266,2.557,0.256,0.4,1.231,1.978,0.565,5.407,3.734,0.859,10.0,Sample
1259,0 days 01:30:22,37.1,H12,80822,H,12,GFP-Gext,Plate 1,2026-03-19 13:32:56,Cytation5,14,5.0,1.8,1.8,25.0,60.0,180.0,2.7,2.6,0.399,1.995,50.0,0.0,0.0,1.0,1.0,1.0,0.02,2.0,2000.0,25.0,0.1,60.0,0.6,178.9,0.716,2.664,0.266,2.557,0.256,0.4,1.231,1.978,0.565,5.407,3.734,0.859,10.0,Sample
1260,0 days 01:35:22,37.0,H12,86624,H,12,GFP-Gext,Plate 1,2026-03-19 13:37:56,Cytation5,14,5.0,1.8,1.8,25.0,60.0,180.0,2.7,2.6,0.399,1.995,50.0,0.0,0.0,1.0,1.0,1.0,0.02,2.0,2000.0,25.0,0.1,60.0,0.6,178.9,0.716,2.664,0.266,2.557,0.256,0.4,1.231,1.978,0.565,5.407,3.734,0.859,10.0,Sample
1261,0 days 01:40:22,37.0,H12,90951,H,12,GFP-Gext,Plate 1,2026-03-19 13:42:56,Cytation5,14,5.0,1.8,1.8,25.0,60.0,180.0,2.7,2.6,0.399,1.995,50.0,0.0,0.0,1.0,1.0,1.0,0.02,2.0,2000.0,25.0,0.1,60.0,0.6,178.9,0.716,2.664,0.266,2.557,0.256,0.4,1.231,1.978,0.565,5.407,3.734,0.859,10.0,Sample
1262,0 days 01:45:22,37.0,H12,95819,H,12,GFP-Gext,Plate 1,2026-03-19 13:47:56,Cytation5,14,5.0,1.8,1.8,25.0,60.0,180.0,2.7,2.6,0.399,1.995,50.0,0.0,0.0,1.0,1.0,1.0,0.02,2.0,2000.0,25.0,0.1,60.0,0.6,178.9,0.716,2.664,0.266,2.557,0.256,0.4,1.231,1.978,0.565,5.407,3.734,0.859,10.0,Sample
1263,0 days 01:50:22,36.9,H12,100162,H,12,GFP-Gext,Plate 1,2026-03-19 13:52:56,Cytation5,14,5.0,1.8,1.8,25.0,60.0,180.0,2.7,2.6,0.399,1.995,50.0,0.0,0.0,1.0,1.0,1.0,0.02,2.0,2000.0,25.0,0.1,60.0,0.6,178.9,0.716,2.664,0.266,2.557,0.256,0.4,1.231,1.978,0.565,5.407,3.734,0.859,10.0,Sample
1264,0 days 01:55:22,37.0,H12,104697,H,12,GFP-Gext,Plate 1,2026-03-19 13:57:56,Cytation5,14,5.0,1.8,1.8,25.0,60.0,180.0,2.7,2.6,0.399,1.995,50.0,0.0,0.0,1.0,1.0,1.0,0.02,2.0,2000.0,25.0,0.1,60.0,0.6,178.9,0.716,2.664,0.266,2.557,0.256,0.4,1.231,1.978,0.565,5.407,3.734,0.859,10.0,Sample
1265,0 days 02:00:22,37.0,H12,109232,H,12,GFP-Gext,Plate 1,2026-03-19 14:02:56,Cytation5,14,5.0,1.8,1.8,25.0,60.0,180.0,2.7,2.6,0.399,1.995,50.0,0.0,0.0,1.0,1.0,1.0,0.02,2.0,2000.0,25.0,0.1,60.0,0.6,178.9,0.716,2.664,0.266,2.557,0.256,0.4,1.231,1.978,0.565,5.407,3.734,0.859,10.0,Sample
1266,0 days 02:05:22,37.0,H12,111815,H,12,GFP-Gext,Plate 1,2026-03-19 14:07:56,Cytation5,14,5.0,1.8,1.8,25.0,60.0,180.0,2.7,2.6,0.399,1.995,50.0,0.0,0.0,1.0,1.0,1.0,0.02,2.0,2000.0,25.0,0.1,60.0,0.6,178.9,0.716,2.664,0.266,2.557,0.256,0.4,1.231,1.978,0.565,5.407,3.734,0.859,10.0,Sample
1267,0 days 02:10:22,37.0,H12,115864,H,12,GFP-Gext,Plate 1,2026-03-19 14:12:56,Cytation5,14,5.0,1.8,1.8,25.0,60.0,180.0,2.7,2.6,0.399,1.995,50.0,0.0,0.0,1.0,1.0,1.0,0.02,2.0,2000.0,25.0,0.1,60.0,0.6,178.9,0.716,2.664,0.266,2.557,0.256,0.4,1.231,1.978,0.565,5.407,3.734,0.859,10.0,Sample
1268,0 days 02:15:22,37.0,H12,119766,H,12,GFP-Gext,Plate 1,2026-03-19 14:17:56,Cytation5,14,5.0,1.8,1.8,25.0,60.0,180.0,2.7,2.6,0.399,1.995,50.0,0.0,0.0,1.0,1.0,1.0,0.02,2.0,2000.0,25.0,0.1,60.0,0.6,178.9,0.716,2.664,0.266,2.557,0.256,0.4,1.231,1.978,0.565,5.407,3.734,0.859,10.0,Sample
1269,0 days 02:20:22,37.0,H12,122485,H,12,GFP-Gext,Plate 1,2026-03-19 14:22:56,Cytation5,14,5.0,1.8,1.8,25.0,60.0,180.0,2.7,2.6,0.399,1.995,50.0,0.0,0.0,1.0,1.0,1.0,0.02,2.0,2000.0,25.0,0.1,60.0,0.6,178.9,0.716,2.664,0.266,2.557,0.256,0.4,1.231,1.978,0.565,5.407,3.734,0.859,10.0,Sample
1270,0 days 02:25:22,37.0,H12,126861,H,12,GFP-Gext,Plate 1,2026-03-19 14:27:56,Cytation5,14,5.0,1.8,1.8,25.0,60.0,180.0,2.7,2.6,0.399,1.995,50.0,0.0,0.0,1.0,1.0,1.0,0.02,2.0,2000.0,25.0,0.1,60.0,0.6,178.9,0.716,2.664,0.266,2.557,0.256,0.4,1.231,1.978,0.565,5.407,3.734,0.859,10.0,Sample
1271,0 days 02:30:22,37.1,H12,129188,H,12,GFP-Gext,Plate 1,2026-03-19 14:32:56,Cytation5,14,5.0,1.8,1.8,25.0,60.0,180.0,2.7,2.6,0.399,1.995,50.0,0.0,0.0,1.0,1.0,1.0,0.02,2.0,2000.0,25.0,0.1,60.0,0.6,178.9,0.716,2.664,0.266,2.557,0.256,0.4,1.231,1.978,0.565,5.407,3.734,0.859,10.0,Sample
1272,0 days 02:35:22,37.0,H12,132485,H,12,GFP-Gext,Plate 1,2026-03-19 14:37:56,Cytation5,14,5.0,1.8,1.8,25.0,60.0,180.0,2.7,2.6,0.399,1.995,50.0,0.0,0.0,1.0,1.0,1.0,0.02,2.0,2000.0,25.0,0.1,60.0,0.6,178.9,0.716,2.664,0.266,2.557,0.256,0.4,1.231,1.978,0.565,5.407,3.734,0.859,10.0,Sample
1273,0 days 02:40:22,37.0,H12,135524,H,12,GFP-Gext,Plate 1,2026-03-19 14:42:56,Cytation5,14,5.0,1.8,1.8,25.0,60.0,180.0,2.7,2.6,0.399,1.995,50.0,0.0,0.0,1.0,1.0,1.0,0.02,2.0,2000.0,25.0,0.1,60.0,0.6,178.9,0.716,2.664,0.266,2.557,0.256,0.4,1.231,1.978,0.565,5.407,3.734,0.859,10.0,Sample
1274,0 days 02:45:22,37.1,H12,137791,H,12,GFP-Gext,Plate 1,2026-03-19 14:47:56,Cytation5,14,5.0,1.8,1.8,25.0,60.0,180.0,2.7,2.6,0.399,1.995,50.0,0.0,0.0,1.0,1.0,1.0,0.02,2.0,2000.0,25.0,0.1,60.0,0.6,178.9,0.716,2.664,0.266,2.557,0.256,0.4,1.231,1.978,0.565,5.407,3.734,0.859,10.0,Sample
1275,0 days 02:50:22,37.0,H12,141040,H,12,GFP-Gext,Plate 1,2026-03-19 14:52:56,Cytation5,14,5.0,1.8,1.8,25.0,60.0,180.0,2.7,2.6,0.399,1.995,50.0,0.0,0.0,1.0,1.0,1.0,0.02,2.0,2000.0,25.0,0.1,60.0,0.6,178.9,0.716,2.664,0.266,2.557,0.256,0.4,1.231,1.978,0.565,5.407,3.734,0.859,10.0,Sample
1276,0 days 02:55:22,37.0,H12,143041,H,12,GFP-Gext,Plate 1,2026-03-19 14:57:56,Cytation5,14,5.0,1.8,1.8,25.0,60.0,180.0,2.7,2.6,0.399,1.995,50.0,0.0,0.0,1.0,1.0,1.0,0.02,2.0,2000.0,25.0,0.1,60.0,0.6,178.9,0.716,2.664,0.266,2.557,0.256,0.4,1.231,1.978,0.565,5.407,3.734,0.859,10.0,Sample
1277,0 days 03:00:22,37.0,H12,144986,H,12,GFP-Gext,Plate 1,2026-03-19 15:02:56,Cytation5,14,5.0,1.8,1.8,25.0,60.0,180.0,2.7,2.6,0.399,1.995,50.0,0.0,0.0,1.0,1.0,1.0,0.02,2.0,2000.0,25.0,0.1,60.0,0.6,178.9,0.716,2.664,0.266,2.557,0.256,0.4,1.231,1.978,0.565,5.407,3.734,0.859,10.0,Sample
1278,0 days 03:05:22,37.0,H12,148636,H,12,GFP-Gext,Plate 1,2026-03-19 15:07:56,Cytation5,14,5.0,1.8,1.8,25.0,60.0,180.0,2.7,2.6,0.399,1.995,50.0,0.0,0.0,1.0,1.0,1.0,0.02,2.0,2000.0,25.0,0.1,60.0,0.6,178.9,0.716,2.664,0.266,2.557,0.256,0.4,1.231,1.978,0.565,5.407,3.734,0.859,10.0,Sample
1279,0 days 03:10:22,37.0,H12,150666,H,12,GFP-Gext,Plate 1,2026-03-19 15:12:56,Cytation5,14,5.0,1.8,1.8,25.0,60.0,180.0,2.7,2.6,0.399,1.995,50.0,0.0,0.0,1.0,1.0,1.0,0.02,2.0,2000.0,25.0,0.1,60.0,0.6,178.9,0.716,2.664,0.266,2.557,0.256,0.4,1.231,1.978,0.565,5.407,3.734,0.859,10.0,Sample
1280,0 days 03:15:22,37.0,H12,152460,H,12,GFP-Gext,Plate 1,2026-03-19 15:17:56,Cytation5,14,5.0,1.8,1.8,25.0,60.0,180.0,2.7,2.6,0.399,1.995,50.0,0.0,0.0,1.0,1.0,1.0,0.02,2.0,2000.0,25.0,0.1,60.0,0.6,178.9,0.716,2.664,0.266,2.557,0.256,0.4,1.231,1.978,0.565,5.407,3.734,0.859,10.0,Sample
1281,0 days 03:20:22,37.0,H12,154221,H,12,GFP-Gext,Plate 1,2026-03-19 15:22:56,Cytation5,14,5.0,1.8,1.8,25.0,60.0,180.0,2.7,2.6,0.399,1.995,50.0,0.0,0.0,1.0,1.0,1.0,0.02,2.0,2000.0,25.0,0.1,60.0,0.6,178.9,0.716,2.664,0.266,2.557,0.256,0.4,1.231,1.978,0.565,5.407,3.734,0.859,10.0,Sample
1282,0 days 03:25:22,37.1,H12,156186,H,12,GFP-Gext,Plate 1,2026-03-19 15:27:56,Cytation5,14,5.0,1.8,1.8,25.0,60.0,180.0,2.7,2.6,0.399,1.995,50.0,0.0,0.0,1.0,1.0,1.0,0.02,2.0,2000.0,25.0,0.1,60.0,0.6,178.9,0.716,2.664,0.266,2.557,0.256,0.4,1.231,1.978,0.565,5.407,3.734,0.859,10.0,Sample
1283,0 days 03:30:22,36.9,H12,157827,H,12,GFP-Gext,Plate 1,2026-03-19 15:32:56,Cytation5,14,5.0,1.8,1.8,25.0,60.0,180.0,2.7,2.6,0.399,1.995,50.0,0.0,0.0,1.0,1.0,1.0,0.02,2.0,2000.0,25.0,0.1,60.0,0.6,178.9,0.716,2.664,0.266,2.557,0.256,0.4,1.231,1.978,0.565,5.407,3.734,0.859,10.0,Sample
1284,0 days 03:35:22,37.1,H12,159596,H,12,GFP-Gext,Plate 1,2026-03-19 15:37:56,Cytation5,14,5.0,1.8,1.8,25.0,60.0,180.0,2.7,2.6,0.399,1.995,50.0,0.0,0.0,1.0,1.0,1.0,0.02,2.0,2000.0,25.0,0.1,60.0,0.6,178.9,0.716,2.664,0.266,2.557,0.256,0.4,1.231,1.978,0.565,5.407,3.734,0.859,10.0,Sample
1285,0 days 03:40:22,37.0,H12,161489,H,12,GFP-Gext,Plate 1,2026-03-19 15:42:56,Cytation5,14,5.0,1.8,1.8,25.0,60.0,180.0,2.7,2.6,0.399,1.995,50.0,0.0,0.0,1.0,1.0,1.0,0.02,2.0,2000.0,25.0,0.1,60.0,0.6,178.9,0.716,2.664,0.266,2.557,0.256,0.4,1.231,1.978,0.565,5.407,3.734,0.859,10.0,Sample
1286,0 days 03:45:22,37.0,H12,162642,H,12,GFP-Gext,Plate 1,2026-03-19 15:47:56,Cytation5,14,5.0,1.8,1.8,25.0,60.0,180.0,2.7,2.6,0.399,1.995,50.0,0.0,0.0,1.0,1.0,1.0,0.02,2.0,2000.0,25.0,0.1,60.0,0.6,178.9,0.716,2.664,0.266,2.557,0.256,0.4,1.231,1.978,0.565,5.407,3.734,0.859,10.0,Sample
1287,0 days 03:50:22,37.0,H12,163871,H,12,GFP-Gext,Plate 1,2026-03-19 15:52:56,Cytation5,14,5.0,1.8,1.8,25.0,60.0,180.0,2.7,2.6,0.399,1.995,50.0,0.0,0.0,1.0,1.0,1.0,0.02,2.0,2000.0,25.0,0.1,60.0,0.6,178.9,0.716,2.664,0.266,2.557,0.256,0.4,1.231,1.978,0.565,5.407,3.734,0.859,10.0,Sample
1288,0 days 03:55:22,37.1,H12,165695,H,12,GFP-Gext,Plate 1,2026-03-19 15:57:56,Cytation5,14,5.0,1.8,1.8,25.0,60.0,180.0,2.7,2.6,0.399,1.995,50.0,0.0,0.0,1.0,1.0,1.0,0.02,2.0,2000.0,25.0,0.1,60.0,0.6,178.9,0.716,2.664,0.266,2.557,0.256,0.4,1.231,1.978,0.565,5.407,3.734,0.859,10.0,Sample
1289,0 days 04:00:22,37.0,H12,167205,H,12,GFP-Gext,Plate 1,2026-03-19 16:02:56,Cytation5,14,5.0,1.8,1.8,25.0,60.0,180.0,2.7,2.6,0.399,1.995,50.0,0.0,0.0,1.0,1.0,1.0,0.02,2.0,2000.0,25.0,0.1,60.0,0.6,178.9,0.716,2.664,0.266,2.557,0.256,0.4,1.231,1.978,0.565,5.407,3.734,0.859,10.0,Sample
1290,0 days 04:05:22,37.1,H12,167339,H,12,GFP-Gext,Plate 1,2026-03-19 16:07:56,Cytation5,14,5.0,1.8,1.8,25.0,60.0,180.0,2.7,2.6,0.399,1.995,50.0,0.0,0.0,1.0,1.0,1.0,0.02,2.0,2000.0,25.0,0.1,60.0,0.6,178.9,0.716,2.664,0.266,2.557,0.256,0.4,1.231,1.978,0.565,5.407,3.734,0.859,10.0,Sample
1291,0 days 04:10:22,37.0,H12,168444,H,12,GFP-Gext,Plate 1,2026-03-19 16:12:56,Cytation5,14,5.0,1.8,1.8,25.0,60.0,180.0,2.7,2.6,0.399,1.995,50.0,0.0,0.0,1.0,1.0,1.0,0.02,2.0,2000.0,25.0,0.1,60.0,0.6,178.9,0.716,2.664,0.266,2.557,0.256,0.4,1.231,1.978,0.565,5.407,3.734,0.859,10.0,Sample
1292,0 days 04:15:22,37.0,H12,170326,H,12,GFP-Gext,Plate 1,2026-03-19 16:17:56,Cytation5,14,5.0,1.8,1.8,25.0,60.0,180.0,2.7,2.6,0.399,1.995,50.0,0.0,0.0,1.0,1.0,1.0,0.02,2.0,2000.0,25.0,0.1,60.0,0.6,178.9,0.716,2.664,0.266,2.557,0.256,0.4,1.231,1.978,0.565,5.407,3.734,0.859,10.0,Sample
1293,0 days 04:20:22,37.0,H12,171101,H,12,GFP-Gext,Plate 1,2026-03-19 16:22:56,Cytation5,14,5.0,1.8,1.8,25.0,60.0,180.0,2.7,2.6,0.399,1.995,50.0,0.0,0.0,1.0,1.0,1.0,0.02,2.0,2000.0,25.0,0.1,60.0,0.6,178.9,0.716,2.664,0.266,2.557,0.256,0.4,1.231,1.978,0.565,5.407,3.734,0.859,10.0,Sample
1294,0 days 04:25:22,37.1,H12,172270,H,12,GFP-Gext,Plate 1,2026-03-19 16:27:56,Cytation5,14,5.0,1.8,1.8,25.0,60.0,180.0,2.7,2.6,0.399,1.995,50.0,0.0,0.0,1.0,1.0,1.0,0.02,2.0,2000.0,25.0,0.1,60.0,0.6,178.9,0.716,2.664,0.266,2.557,0.256,0.4,1.231,1.978,0.565,5.407,3.734,0.859,10.0,Sample
1295,0 days 04:30:22,37.0,H12,172439,H,12,GFP-Gext,Plate 1,2026-03-19 16:32:56,Cytation5,14,5.0,1.8,1.8,25.0,60.0,180.0,2.7,2.6,0.399,1.995,50.0,0.0,0.0,1.0,1.0,1.0,0.02,2.0,2000.0,25.0,0.1,60.0,0.6,178.9,0.716,2.664,0.266,2.557,0.256,0.4,1.231,1.978,0.565,5.407,3.734,0.859,10.0,Sample
1296,0 days 04:35:22,37.0,H12,173837,H,12,GFP-Gext,Plate 1,2026-03-19 16:37:56,Cytation5,14,5.0,1.8,1.8,25.0,60.0,180.0,2.7,2.6,0.399,1.995,50.0,0.0,0.0,1.0,1.0,1.0,0.02,2.0,2000.0,25.0,0.1,60.0,0.6,178.9,0.716,2.664,0.266,2.557,0.256,0.4,1.231,1.978,0.565,5.407,3.734,0.859,10.0,Sample
1297,0 days 04:40:22,37.0,H12,174111,H,12,GFP-Gext,Plate 1,2026-03-19 16:42:56,Cytation5,14,5.0,1.8,1.8,25.0,60.0,180.0,2.7,2.6,0.399,1.995,50.0,0.0,0.0,1.0,1.0,1.0,0.02,2.0,2000.0,25.0,0.1,60.0,0.6,178.9,0.716,2.664,0.266,2.557,0.256,0.4,1.231,1.978,0.565,5.407,3.734,0.859,10.0,Sample
1298,0 days 04:45:22,37.0,H12,175058,H,12,GFP-Gext,Plate 1,2026-03-19 16:47:56,Cytation5,14,5.0,1.8,1.8,25.0,60.0,180.0,2.7,2.6,0.399,1.995,50.0,0.0,0.0,1.0,1.0,1.0,0.02,2.0,2000.0,25.0,0.1,60.0,0.6,178.9,0.716,2.664,0.266,2.557,0.256,0.4,1.231,1.978,0.565,5.407,3.734,0.859,10.0,Sample
1299,0 days 04:50:22,37.0,H12,175847,H,12,GFP-Gext,Plate 1,2026-03-19 16:52:56,Cytation5,14,5.0,1.8,1.8,25.0,60.0,180.0,2.7,2.6,0.399,1.995,50.0,0.0,0.0,1.0,1.0,1.0,0.02,2.0,2000.0,25.0,0.1,60.0,0.6,178.9,0.716,2.664,0.266,2.557,0.256,0.4,1.231,1.978,0.565,5.407,3.734,0.859,10.0,Sample
1300,0 days 04:55:22,37.1,H12,175851,H,12,GFP-Gext,Plate 1,2026-03-19 16:57:56,Cytation5,14,5.0,1.8,1.8,25.0,60.0,180.0,2.7,2.6,0.399,1.995,50.0,0.0,0.0,1.0,1.0,1.0,0.02,2.0,2000.0,25.0,0.1,60.0,0.6,178.9,0.716,2.664,0.266,2.557,0.256,0.4,1.231,1.978,0.565,5.407,3.734,0.859,10.0,Sample
1301,0 days 05:00:22,37.1,H12,176246,H,12,GFP-Gext,Plate 1,2026-03-19 17:02:56,Cytation5,14,5.0,1.8,1.8,25.0,60.0,180.0,2.7,2.6,0.399,1.995,50.0,0.0,0.0,1.0,1.0,1.0,0.02,2.0,2000.0,25.0,0.1,60.0,0.6,178.9,0.716,2.664,0.266,2.557,0.256,0.4,1.231,1.978,0.565,5.407,3.734,0.859,10.0,Sample
1302,0 days 05:05:22,37.0,H12,177657,H,12,GFP-Gext,Plate 1,2026-03-19 17:07:56,Cytation5,14,5.0,1.8,1.8,25.0,60.0,180.0,2.7,2.6,0.399,1.995,50.0,0.0,0.0,1.0,1.0,1.0,0.02,2.0,2000.0,25.0,0.1,60.0,0.6,178.9,0.716,2.664,0.266,2.557,0.256,0.4,1.231,1.978,0.565,5.407,3.734,0.859,10.0,Sample
1303,0 days 05:10:22,37.0,H12,177264,H,12,GFP-Gext,Plate 1,2026-03-19 17:12:56,Cytation5,14,5.0,1.8,1.8,25.0,60.0,180.0,2.7,2.6,0.399,1.995,50.0,0.0,0.0,1.0,1.0,1.0,0.02,2.0,2000.0,25.0,0.1,60.0,0.6,178.9,0.716,2.664,0.266,2.557,0.256,0.4,1.231,1.978,0.565,5.407,3.734,0.859,10.0,Sample
1304,0 days 05:15:22,37.1,H12,178312,H,12,GFP-Gext,Plate 1,2026-03-19 17:17:56,Cytation5,14,5.0,1.8,1.8,25.0,60.0,180.0,2.7,2.6,0.399,1.995,50.0,0.0,0.0,1.0,1.0,1.0,0.02,2.0,2000.0,25.0,0.1,60.0,0.6,178.9,0.716,2.664,0.266,2.557,0.256,0.4,1.231,1.978,0.565,5.407,3.734,0.859,10.0,Sample
1305,0 days 05:20:22,37.0,H12,179088,H,12,GFP-Gext,Plate 1,2026-03-19 17:22:56,Cytation5,14,5.0,1.8,1.8,25.0,60.0,180.0,2.7,2.6,0.399,1.995,50.0,0.0,0.0,1.0,1.0,1.0,0.02,2.0,2000.0,25.0,0.1,60.0,0.6,178.9,0.716,2.664,0.266,2.557,0.256,0.4,1.231,1.978,0.565,5.407,3.734,0.859,10.0,Sample
1306,0 days 05:25:22,37.0,H12,178512,H,12,GFP-Gext,Plate 1,2026-03-19 17:27:56,Cytation5,14,5.0,1.8,1.8,25.0,60.0,180.0,2.7,2.6,0.399,1.995,50.0,0.0,0.0,1.0,1.0,1.0,0.02,2.0,2000.0,25.0,0.1,60.0,0.6,178.9,0.716,2.664,0.266,2.557,0.256,0.4,1.231,1.978,0.565,5.407,3.734,0.859,10.0,Sample
1307,0 days 05:30:22,37.0,H12,179988,H,12,GFP-Gext,Plate 1,2026-03-19 17:32:56,Cytation5,14,5.0,1.8,1.8,25.0,60.0,180.0,2.7,2.6,0.399,1.995,50.0,0.0,0.0,1.0,1.0,1.0,0.02,2.0,2000.0,25.0,0.1,60.0,0.6,178.9,0.716,2.664,0.266,2.557,0.256,0.4,1.231,1.978,0.565,5.407,3.734,0.859,10.0,Sample
1308,0 days 05:35:22,37.0,H12,179916,H,12,GFP-Gext,Plate 1,2026-03-19 17:37:56,Cytation5,14,5.0,1.8,1.8,25.0,60.0,180.0,2.7,2.6,0.399,1.995,50.0,0.0,0.0,1.0,1.0,1.0,0.02,2.0,2000.0,25.0,0.1,60.0,0.6,178.9,0.716,2.664,0.266,2.557,0.256,0.4,1.231,1.978,0.565,5.407,3.734,0.859,10.0,Sample
1309,0 days 05:40:22,37.0,H12,179250,H,12,GFP-Gext,Plate 1,2026-03-19 17:42:56,Cytation5,14,5.0,1.8,1.8,25.0,60.0,180.0,2.7,2.6,0.399,1.995,50.0,0.0,0.0,1.0,1.0,1.0,0.02,2.0,2000.0,25.0,0.1,60.0,0.6,178.9,0.716,2.664,0.266,2.557,0.256,0.4,1.231,1.978,0.565,5.407,3.734,0.859,10.0,Sample
1310,0 days 05:45:22,37.0,H12,179949,H,12,GFP-Gext,Plate 1,2026-03-19 17:47:56,Cytation5,14,5.0,1.8,1.8,25.0,60.0,180.0,2.7,2.6,0.399,1.995,50.0,0.0,0.0,1.0,1.0,1.0,0.02,2.0,2000.0,25.0,0.1,60.0,0.6,178.9,0.716,2.664,0.266,2.557,0.256,0.4,1.231,1.978,0.565,5.407,3.734,0.859,10.0,Sample
1311,0 days 05:50:22,37.0,H12,180628,H,12,GFP-Gext,Plate 1,2026-03-19 17:52:56,Cytation5,14,5.0,1.8,1.8,25.0,60.0,180.0,2.7,2.6,0.399,1.995,50.0,0.0,0.0,1.0,1.0,1.0,0.02,2.0,2000.0,25.0,0.1,60.0,0.6,178.9,0.716,2.664,0.266,2.557,0.256,0.4,1.231,1.978,0.565,5.407,3.734,0.859,10.0,Sample
1312,0 days 05:55:22,37.0,H12,180391,H,12,GFP-Gext,Plate 1,2026-03-19 17:57:56,Cytation5,14,5.0,1.8,1.8,25.0,60.0,180.0,2.7,2.6,0.399,1.995,50.0,0.0,0.0,1.0,1.0,1.0,0.02,2.0,2000.0,25.0,0.1,60.0,0.6,178.9,0.716,2.664,0.266,2.557,0.256,0.4,1.231,1.978,0.565,5.407,3.734,0.859,10.0,Sample
1313,0 days 06:00:22,37.0,H12,180945,H,12,GFP-Gext,Plate 1,2026-03-19 18:02:56,Cytation5,14,5.0,1.8,1.8,25.0,60.0,180.0,2.7,2.6,0.399,1.995,50.0,0.0,0.0,1.0,1.0,1.0,0.02,2.0,2000.0,25.0,0.1,60.0,0.6,178.9,0.716,2.664,0.266,2.557,0.256,0.4,1.231,1.978,0.565,5.407,3.734,0.859,10.0,Sample
1314,0 days 00:00:22,27.7,H13,428,H,13,GFP-Gext,Plate 1,2026-03-19 12:02:56,Cytation5,7,5.0,1.8,1.8,24.0,60.0,85.0,3.7,2.9,0.2765,2.24,50.0,0.0,0.0,1.0,1.0,1.0,0.02,2.0,2000.0,24.3,0.097,60.0,0.6,86.2,0.345,3.705,0.37,2.861,0.286,0.276,0.849,2.237,0.639,5.407,3.186,1.407,10.0,Sample
1315,0 days 00:05:22,33.8,H13,431,H,13,GFP-Gext,Plate 1,2026-03-19 12:07:56,Cytation5,7,5.0,1.8,1.8,24.0,60.0,85.0,3.7,2.9,0.2765,2.24,50.0,0.0,0.0,1.0,1.0,1.0,0.02,2.0,2000.0,24.3,0.097,60.0,0.6,86.2,0.345,3.705,0.37,2.861,0.286,0.276,0.849,2.237,0.639,5.407,3.186,1.407,10.0,Sample
1316,0 days 00:10:22,37.0,H13,479,H,13,GFP-Gext,Plate 1,2026-03-19 12:12:56,Cytation5,7,5.0,1.8,1.8,24.0,60.0,85.0,3.7,2.9,0.2765,2.24,50.0,0.0,0.0,1.0,1.0,1.0,0.02,2.0,2000.0,24.3,0.097,60.0,0.6,86.2,0.345,3.705,0.37,2.861,0.286,0.276,0.849,2.237,0.639,5.407,3.186,1.407,10.0,Sample
1317,0 days 00:15:22,37.0,H13,1219,H,13,GFP-Gext,Plate 1,2026-03-19 12:17:56,Cytation5,7,5.0,1.8,1.8,24.0,60.0,85.0,3.7,2.9,0.2765,2.24,50.0,0.0,0.0,1.0,1.0,1.0,0.02,2.0,2000.0,24.3,0.097,60.0,0.6,86.2,0.345,3.705,0.37,2.861,0.286,0.276,0.849,2.237,0.639,5.407,3.186,1.407,10.0,Sample
1318,0 days 00:20:22,37.0,H13,4199,H,13,GFP-Gext,Plate 1,2026-03-19 12:22:56,Cytation5,7,5.0,1.8,1.8,24.0,60.0,85.0,3.7,2.9,0.2765,2.24,50.0,0.0,0.0,1.0,1.0,1.0,0.02,2.0,2000.0,24.3,0.097,60.0,0.6,86.2,0.345,3.705,0.37,2.861,0.286,0.276,0.849,2.237,0.639,5.407,3.186,1.407,10.0,Sample
1319,0 days 00:25:22,37.1,H13,10734,H,13,GFP-Gext,Plate 1,2026-03-19 12:27:56,Cytation5,7,5.0,1.8,1.8,24.0,60.0,85.0,3.7,2.9,0.2765,2.24,50.0,0.0,0.0,1.0,1.0,1.0,0.02,2.0,2000.0,24.3,0.097,60.0,0.6,86.2,0.345,3.705,0.37,2.861,0.286,0.276,0.849,2.237,0.639,5.407,3.186,1.407,10.0,Sample
1320,0 days 00:30:22,37.0,H13,21032,H,13,GFP-Gext,Plate 1,2026-03-19 12:32:56,Cytation5,7,5.0,1.8,1.8,24.0,60.0,85.0,3.7,2.9,0.2765,2.24,50.0,0.0,0.0,1.0,1.0,1.0,0.02,2.0,2000.0,24.3,0.097,60.0,0.6,86.2,0.345,3.705,0.37,2.861,0.286,0.276,0.849,2.237,0.639,5.407,3.186,1.407,10.0,Sample
1321,0 days 00:35:22,37.0,H13,33865,H,13,GFP-Gext,Plate 1,2026-03-19 12:37:56,Cytation5,7,5.0,1.8,1.8,24.0,60.0,85.0,3.7,2.9,0.2765,2.24,50.0,0.0,0.0,1.0,1.0,1.0,0.02,2.0,2000.0,24.3,0.097,60.0,0.6,86.2,0.345,3.705,0.37,2.861,0.286,0.276,0.849,2.237,0.639,5.407,3.186,1.407,10.0,Sample
1322,0 days 00:40:22,37.0,H13,48590,H,13,GFP-Gext,Plate 1,2026-03-19 12:42:56,Cytation5,7,5.0,1.8,1.8,24.0,60.0,85.0,3.7,2.9,0.2765,2.24,50.0,0.0,0.0,1.0,1.0,1.0,0.02,2.0,2000.0,24.3,0.097,60.0,0.6,86.2,0.345,3.705,0.37,2.861,0.286,0.276,0.849,2.237,0.639,5.407,3.186,1.407,10.0,Sample
1323,0 days 00:45:22,36.9,H13,65225,H,13,GFP-Gext,Plate 1,2026-03-19 12:47:56,Cytation5,7,5.0,1.8,1.8,24.0,60.0,85.0,3.7,2.9,0.2765,2.24,50.0,0.0,0.0,1.0,1.0,1.0,0.02,2.0,2000.0,24.3,0.097,60.0,0.6,86.2,0.345,3.705,0.37,2.861,0.286,0.276,0.849,2.237,0.639,5.407,3.186,1.407,10.0,Sample
1324,0 days 00:50:22,37.0,H13,82580,H,13,GFP-Gext,Plate 1,2026-03-19 12:52:56,Cytation5,7,5.0,1.8,1.8,24.0,60.0,85.0,3.7,2.9,0.2765,2.24,50.0,0.0,0.0,1.0,1.0,1.0,0.02,2.0,2000.0,24.3,0.097,60.0,0.6,86.2,0.345,3.705,0.37,2.861,0.286,0.276,0.849,2.237,0.639,5.407,3.186,1.407,10.0,Sample
1325,0 days 00:55:22,37.0,H13,99269,H,13,GFP-Gext,Plate 1,2026-03-19 12:57:56,Cytation5,7,5.0,1.8,1.8,24.0,60.0,85.0,3.7,2.9,0.2765,2.24,50.0,0.0,0.0,1.0,1.0,1.0,0.02,2.0,2000.0,24.3,0.097,60.0,0.6,86.2,0.345,3.705,0.37,2.861,0.286,0.276,0.849,2.237,0.639,5.407,3.186,1.407,10.0,Sample
1326,0 days 01:00:22,37.0,H13,116401,H,13,GFP-Gext,Plate 1,2026-03-19 13:02:56,Cytation5,7,5.0,1.8,1.8,24.0,60.0,85.0,3.7,2.9,0.2765,2.24,50.0,0.0,0.0,1.0,1.0,1.0,0.02,2.0,2000.0,24.3,0.097,60.0,0.6,86.2,0.345,3.705,0.37,2.861,0.286,0.276,0.849,2.237,0.639,5.407,3.186,1.407,10.0,Sample
1327,0 days 01:05:22,37.0,H13,132068,H,13,GFP-Gext,Plate 1,2026-03-19 13:07:56,Cytation5,7,5.0,1.8,1.8,24.0,60.0,85.0,3.7,2.9,0.2765,2.24,50.0,0.0,0.0,1.0,1.0,1.0,0.02,2.0,2000.0,24.3,0.097,60.0,0.6,86.2,0.345,3.705,0.37,2.861,0.286,0.276,0.849,2.237,0.639,5.407,3.186,1.407,10.0,Sample
1328,0 days 01:10:22,37.0,H13,148217,H,13,GFP-Gext,Plate 1,2026-03-19 13:12:56,Cytation5,7,5.0,1.8,1.8,24.0,60.0,85.0,3.7,2.9,0.2765,2.24,50.0,0.0,0.0,1.0,1.0,1.0,0.02,2.0,2000.0,24.3,0.097,60.0,0.6,86.2,0.345,3.705,0.37,2.861,0.286,0.276,0.849,2.237,0.639,5.407,3.186,1.407,10.0,Sample
1329,0 days 01:15:22,37.0,H13,163219,H,13,GFP-Gext,Plate 1,2026-03-19 13:17:56,Cytation5,7,5.0,1.8,1.8,24.0,60.0,85.0,3.7,2.9,0.2765,2.24,50.0,0.0,0.0,1.0,1.0,1.0,0.02,2.0,2000.0,24.3,0.097,60.0,0.6,86.2,0.345,3.705,0.37,2.861,0.286,0.276,0.849,2.237,0.639,5.407,3.186,1.407,10.0,Sample
1330,0 days 01:20:22,37.0,H13,178778,H,13,GFP-Gext,Plate 1,2026-03-19 13:22:56,Cytation5,7,5.0,1.8,1.8,24.0,60.0,85.0,3.7,2.9,0.2765,2.24,50.0,0.0,0.0,1.0,1.0,1.0,0.02,2.0,2000.0,24.3,0.097,60.0,0.6,86.2,0.345,3.705,0.37,2.861,0.286,0.276,0.849,2.237,0.639,5.407,3.186,1.407,10.0,Sample
1331,0 days 01:25:22,37.1,H13,192474,H,13,GFP-Gext,Plate 1,2026-03-19 13:27:56,Cytation5,7,5.0,1.8,1.8,24.0,60.0,85.0,3.7,2.9,0.2765,2.24,50.0,0.0,0.0,1.0,1.0,1.0,0.02,2.0,2000.0,24.3,0.097,60.0,0.6,86.2,0.345,3.705,0.37,2.861,0.286,0.276,0.849,2.237,0.639,5.407,3.186,1.407,10.0,Sample
1332,0 days 01:30:22,37.1,H13,206431,H,13,GFP-Gext,Plate 1,2026-03-19 13:32:56,Cytation5,7,5.0,1.8,1.8,24.0,60.0,85.0,3.7,2.9,0.2765,2.24,50.0,0.0,0.0,1.0,1.0,1.0,0.02,2.0,2000.0,24.3,0.097,60.0,0.6,86.2,0.345,3.705,0.37,2.861,0.286,0.276,0.849,2.237,0.639,5.407,3.186,1.407,10.0,Sample
1333,0 days 01:35:22,37.0,H13,217653,H,13,GFP-Gext,Plate 1,2026-03-19 13:37:56,Cytation5,7,5.0,1.8,1.8,24.0,60.0,85.0,3.7,2.9,0.2765,2.24,50.0,0.0,0.0,1.0,1.0,1.0,0.02,2.0,2000.0,24.3,0.097,60.0,0.6,86.2,0.345,3.705,0.37,2.861,0.286,0.276,0.849,2.237,0.639,5.407,3.186,1.407,10.0,Sample
1334,0 days 01:40:22,37.0,H13,229727,H,13,GFP-Gext,Plate 1,2026-03-19 13:42:56,Cytation5,7,5.0,1.8,1.8,24.0,60.0,85.0,3.7,2.9,0.2765,2.24,50.0,0.0,0.0,1.0,1.0,1.0,0.02,2.0,2000.0,24.3,0.097,60.0,0.6,86.2,0.345,3.705,0.37,2.861,0.286,0.276,0.849,2.237,0.639,5.407,3.186,1.407,10.0,Sample
1335,0 days 01:45:22,37.0,H13,239753,H,13,GFP-Gext,Plate 1,2026-03-19 13:47:56,Cytation5,7,5.0,1.8,1.8,24.0,60.0,85.0,3.7,2.9,0.2765,2.24,50.0,0.0,0.0,1.0,1.0,1.0,0.02,2.0,2000.0,24.3,0.097,60.0,0.6,86.2,0.345,3.705,0.37,2.861,0.286,0.276,0.849,2.237,0.639,5.407,3.186,1.407,10.0,Sample
1336,0 days 01:50:22,36.9,H13,249610,H,13,GFP-Gext,Plate 1,2026-03-19 13:52:56,Cytation5,7,5.0,1.8,1.8,24.0,60.0,85.0,3.7,2.9,0.2765,2.24,50.0,0.0,0.0,1.0,1.0,1.0,0.02,2.0,2000.0,24.3,0.097,60.0,0.6,86.2,0.345,3.705,0.37,2.861,0.286,0.276,0.849,2.237,0.639,5.407,3.186,1.407,10.0,Sample
1337,0 days 01:55:22,37.0,H13,259410,H,13,GFP-Gext,Plate 1,2026-03-19 13:57:56,Cytation5,7,5.0,1.8,1.8,24.0,60.0,85.0,3.7,2.9,0.2765,2.24,50.0,0.0,0.0,1.0,1.0,1.0,0.02,2.0,2000.0,24.3,0.097,60.0,0.6,86.2,0.345,3.705,0.37,2.861,0.286,0.276,0.849,2.237,0.639,5.407,3.186,1.407,10.0,Sample
1338,0 days 02:00:22,37.0,H13,268522,H,13,GFP-Gext,Plate 1,2026-03-19 14:02:56,Cytation5,7,5.0,1.8,1.8,24.0,60.0,85.0,3.7,2.9,0.2765,2.24,50.0,0.0,0.0,1.0,1.0,1.0,0.02,2.0,2000.0,24.3,0.097,60.0,0.6,86.2,0.345,3.705,0.37,2.861,0.286,0.276,0.849,2.237,0.639,5.407,3.186,1.407,10.0,Sample
1339,0 days 02:05:22,37.0,H13,274652,H,13,GFP-Gext,Plate 1,2026-03-19 14:07:56,Cytation5,7,5.0,1.8,1.8,24.0,60.0,85.0,3.7,2.9,0.2765,2.24,50.0,0.0,0.0,1.0,1.0,1.0,0.02,2.0,2000.0,24.3,0.097,60.0,0.6,86.2,0.345,3.705,0.37,2.861,0.286,0.276,0.849,2.237,0.639,5.407,3.186,1.407,10.0,Sample
1340,0 days 02:10:22,37.0,H13,282417,H,13,GFP-Gext,Plate 1,2026-03-19 14:12:56,Cytation5,7,5.0,1.8,1.8,24.0,60.0,85.0,3.7,2.9,0.2765,2.24,50.0,0.0,0.0,1.0,1.0,1.0,0.02,2.0,2000.0,24.3,0.097,60.0,0.6,86.2,0.345,3.705,0.37,2.861,0.286,0.276,0.849,2.237,0.639,5.407,3.186,1.407,10.0,Sample
1341,0 days 02:15:22,37.0,H13,288250,H,13,GFP-Gext,Plate 1,2026-03-19 14:17:56,Cytation5,7,5.0,1.8,1.8,24.0,60.0,85.0,3.7,2.9,0.2765,2.24,50.0,0.0,0.0,1.0,1.0,1.0,0.02,2.0,2000.0,24.3,0.097,60.0,0.6,86.2,0.345,3.705,0.37,2.861,0.286,0.276,0.849,2.237,0.639,5.407,3.186,1.407,10.0,Sample
1342,0 days 02:20:22,37.0,H13,295503,H,13,GFP-Gext,Plate 1,2026-03-19 14:22:56,Cytation5,7,5.0,1.8,1.8,24.0,60.0,85.0,3.7,2.9,0.2765,2.24,50.0,0.0,0.0,1.0,1.0,1.0,0.02,2.0,2000.0,24.3,0.097,60.0,0.6,86.2,0.345,3.705,0.37,2.861,0.286,0.276,0.849,2.237,0.639,5.407,3.186,1.407,10.0,Sample
1343,0 days 02:25:22,37.0,H13,301639,H,13,GFP-Gext,Plate 1,2026-03-19 14:27:56,Cytation5,7,5.0,1.8,1.8,24.0,60.0,85.0,3.7,2.9,0.2765,2.24,50.0,0.0,0.0,1.0,1.0,1.0,0.02,2.0,2000.0,24.3,0.097,60.0,0.6,86.2,0.345,3.705,0.37,2.861,0.286,0.276,0.849,2.237,0.639,5.407,3.186,1.407,10.0,Sample
1344,0 days 02:30:22,37.1,H13,305703,H,13,GFP-Gext,Plate 1,2026-03-19 14:32:56,Cytation5,7,5.0,1.8,1.8,24.0,60.0,85.0,3.7,2.9,0.2765,2.24,50.0,0.0,0.0,1.0,1.0,1.0,0.02,2.0,2000.0,24.3,0.097,60.0,0.6,86.2,0.345,3.705,0.37,2.861,0.286,0.276,0.849,2.237,0.639,5.407,3.186,1.407,10.0,Sample
1345,0 days 02:35:22,37.0,H13,311414,H,13,GFP-Gext,Plate 1,2026-03-19 14:37:56,Cytation5,7,5.0,1.8,1.8,24.0,60.0,85.0,3.7,2.9,0.2765,2.24,50.0,0.0,0.0,1.0,1.0,1.0,0.02,2.0,2000.0,24.3,0.097,60.0,0.6,86.2,0.345,3.705,0.37,2.861,0.286,0.276,0.849,2.237,0.639,5.407,3.186,1.407,10.0,Sample
1346,0 days 02:40:22,37.0,H13,316475,H,13,GFP-Gext,Plate 1,2026-03-19 14:42:56,Cytation5,7,5.0,1.8,1.8,24.0,60.0,85.0,3.7,2.9,0.2765,2.24,50.0,0.0,0.0,1.0,1.0,1.0,0.02,2.0,2000.0,24.3,0.097,60.0,0.6,86.2,0.345,3.705,0.37,2.861,0.286,0.276,0.849,2.237,0.639,5.407,3.186,1.407,10.0,Sample
1347,0 days 02:45:22,37.1,H13,319499,H,13,GFP-Gext,Plate 1,2026-03-19 14:47:56,Cytation5,7,5.0,1.8,1.8,24.0,60.0,85.0,3.7,2.9,0.2765,2.24,50.0,0.0,0.0,1.0,1.0,1.0,0.02,2.0,2000.0,24.3,0.097,60.0,0.6,86.2,0.345,3.705,0.37,2.861,0.286,0.276,0.849,2.237,0.639,5.407,3.186,1.407,10.0,Sample
1348,0 days 02:50:22,37.0,H13,323815,H,13,GFP-Gext,Plate 1,2026-03-19 14:52:56,Cytation5,7,5.0,1.8,1.8,24.0,60.0,85.0,3.7,2.9,0.2765,2.24,50.0,0.0,0.0,1.0,1.0,1.0,0.02,2.0,2000.0,24.3,0.097,60.0,0.6,86.2,0.345,3.705,0.37,2.861,0.286,0.276,0.849,2.237,0.639,5.407,3.186,1.407,10.0,Sample
1349,0 days 02:55:22,37.0,H13,326584,H,13,GFP-Gext,Plate 1,2026-03-19 14:57:56,Cytation5,7,5.0,1.8,1.8,24.0,60.0,85.0,3.7,2.9,0.2765,2.24,50.0,0.0,0.0,1.0,1.0,1.0,0.02,2.0,2000.0,24.3,0.097,60.0,0.6,86.2,0.345,3.705,0.37,2.861,0.286,0.276,0.849,2.237,0.639,5.407,3.186,1.407,10.0,Sample
1350,0 days 03:00:22,37.0,H13,330457,H,13,GFP-Gext,Plate 1,2026-03-19 15:02:56,Cytation5,7,5.0,1.8,1.8,24.0,60.0,85.0,3.7,2.9,0.2765,2.24,50.0,0.0,0.0,1.0,1.0,1.0,0.02,2.0,2000.0,24.3,0.097,60.0,0.6,86.2,0.345,3.705,0.37,2.861,0.286,0.276,0.849,2.237,0.639,5.407,3.186,1.407,10.0,Sample
1351,0 days 03:05:22,37.0,H13,334390,H,13,GFP-Gext,Plate 1,2026-03-19 15:07:56,Cytation5,7,5.0,1.8,1.8,24.0,60.0,85.0,3.7,2.9,0.2765,2.24,50.0,0.0,0.0,1.0,1.0,1.0,0.02,2.0,2000.0,24.3,0.097,60.0,0.6,86.2,0.345,3.705,0.37,2.861,0.286,0.276,0.849,2.237,0.639,5.407,3.186,1.407,10.0,Sample
1352,0 days 03:10:22,37.0,H13,338029,H,13,GFP-Gext,Plate 1,2026-03-19 15:12:56,Cytation5,7,5.0,1.8,1.8,24.0,60.0,85.0,3.7,2.9,0.2765,2.24,50.0,0.0,0.0,1.0,1.0,1.0,0.02,2.0,2000.0,24.3,0.097,60.0,0.6,86.2,0.345,3.705,0.37,2.861,0.286,0.276,0.849,2.237,0.639,5.407,3.186,1.407,10.0,Sample
1353,0 days 03:15:22,37.0,H13,338568,H,13,GFP-Gext,Plate 1,2026-03-19 15:17:56,Cytation5,7,5.0,1.8,1.8,24.0,60.0,85.0,3.7,2.9,0.2765,2.24,50.0,0.0,0.0,1.0,1.0,1.0,0.02,2.0,2000.0,24.3,0.097,60.0,0.6,86.2,0.345,3.705,0.37,2.861,0.286,0.276,0.849,2.237,0.639,5.407,3.186,1.407,10.0,Sample
1354,0 days 03:20:22,37.0,H13,342805,H,13,GFP-Gext,Plate 1,2026-03-19 15:22:56,Cytation5,7,5.0,1.8,1.8,24.0,60.0,85.0,3.7,2.9,0.2765,2.24,50.0,0.0,0.0,1.0,1.0,1.0,0.02,2.0,2000.0,24.3,0.097,60.0,0.6,86.2,0.345,3.705,0.37,2.861,0.286,0.276,0.849,2.237,0.639,5.407,3.186,1.407,10.0,Sample
1355,0 days 03:25:22,37.1,H13,343306,H,13,GFP-Gext,Plate 1,2026-03-19 15:27:56,Cytation5,7,5.0,1.8,1.8,24.0,60.0,85.0,3.7,2.9,0.2765,2.24,50.0,0.0,0.0,1.0,1.0,1.0,0.02,2.0,2000.0,24.3,0.097,60.0,0.6,86.2,0.345,3.705,0.37,2.861,0.286,0.276,0.849,2.237,0.639,5.407,3.186,1.407,10.0,Sample
1356,0 days 03:30:22,36.9,H13,346197,H,13,GFP-Gext,Plate 1,2026-03-19 15:32:56,Cytation5,7,5.0,1.8,1.8,24.0,60.0,85.0,3.7,2.9,0.2765,2.24,50.0,0.0,0.0,1.0,1.0,1.0,0.02,2.0,2000.0,24.3,0.097,60.0,0.6,86.2,0.345,3.705,0.37,2.861,0.286,0.276,0.849,2.237,0.639,5.407,3.186,1.407,10.0,Sample
1357,0 days 03:35:22,37.1,H13,347650,H,13,GFP-Gext,Plate 1,2026-03-19 15:37:56,Cytation5,7,5.0,1.8,1.8,24.0,60.0,85.0,3.7,2.9,0.2765,2.24,50.0,0.0,0.0,1.0,1.0,1.0,0.02,2.0,2000.0,24.3,0.097,60.0,0.6,86.2,0.345,3.705,0.37,2.861,0.286,0.276,0.849,2.237,0.639,5.407,3.186,1.407,10.0,Sample
1358,0 days 03:40:22,37.0,H13,350716,H,13,GFP-Gext,Plate 1,2026-03-19 15:42:56,Cytation5,7,5.0,1.8,1.8,24.0,60.0,85.0,3.7,2.9,0.2765,2.24,50.0,0.0,0.0,1.0,1.0,1.0,0.02,2.0,2000.0,24.3,0.097,60.0,0.6,86.2,0.345,3.705,0.37,2.861,0.286,0.276,0.849,2.237,0.639,5.407,3.186,1.407,10.0,Sample
1359,0 days 03:45:22,37.0,H13,350147,H,13,GFP-Gext,Plate 1,2026-03-19 15:47:56,Cytation5,7,5.0,1.8,1.8,24.0,60.0,85.0,3.7,2.9,0.2765,2.24,50.0,0.0,0.0,1.0,1.0,1.0,0.02,2.0,2000.0,24.3,0.097,60.0,0.6,86.2,0.345,3.705,0.37,2.861,0.286,0.276,0.849,2.237,0.639,5.407,3.186,1.407,10.0,Sample
1360,0 days 03:50:22,37.0,H13,351920,H,13,GFP-Gext,Plate 1,2026-03-19 15:52:56,Cytation5,7,5.0,1.8,1.8,24.0,60.0,85.0,3.7,2.9,0.2765,2.24,50.0,0.0,0.0,1.0,1.0,1.0,0.02,2.0,2000.0,24.3,0.097,60.0,0.6,86.2,0.345,3.705,0.37,2.861,0.286,0.276,0.849,2.237,0.639,5.407,3.186,1.407,10.0,Sample
1361,0 days 03:55:22,37.1,H13,352429,H,13,GFP-Gext,Plate 1,2026-03-19 15:57:56,Cytation5,7,5.0,1.8,1.8,24.0,60.0,85.0,3.7,2.9,0.2765,2.24,50.0,0.0,0.0,1.0,1.0,1.0,0.02,2.0,2000.0,24.3,0.097,60.0,0.6,86.2,0.345,3.705,0.37,2.861,0.286,0.276,0.849,2.237,0.639,5.407,3.186,1.407,10.0,Sample
1362,0 days 04:00:22,37.0,H13,353947,H,13,GFP-Gext,Plate 1,2026-03-19 16:02:56,Cytation5,7,5.0,1.8,1.8,24.0,60.0,85.0,3.7,2.9,0.2765,2.24,50.0,0.0,0.0,1.0,1.0,1.0,0.02,2.0,2000.0,24.3,0.097,60.0,0.6,86.2,0.345,3.705,0.37,2.861,0.286,0.276,0.849,2.237,0.639,5.407,3.186,1.407,10.0,Sample
1363,0 days 04:05:22,37.1,H13,352736,H,13,GFP-Gext,Plate 1,2026-03-19 16:07:56,Cytation5,7,5.0,1.8,1.8,24.0,60.0,85.0,3.7,2.9,0.2765,2.24,50.0,0.0,0.0,1.0,1.0,1.0,0.02,2.0,2000.0,24.3,0.097,60.0,0.6,86.2,0.345,3.705,0.37,2.861,0.286,0.276,0.849,2.237,0.639,5.407,3.186,1.407,10.0,Sample
1364,0 days 04:10:22,37.0,H13,353859,H,13,GFP-Gext,Plate 1,2026-03-19 16:12:56,Cytation5,7,5.0,1.8,1.8,24.0,60.0,85.0,3.7,2.9,0.2765,2.24,50.0,0.0,0.0,1.0,1.0,1.0,0.02,2.0,2000.0,24.3,0.097,60.0,0.6,86.2,0.345,3.705,0.37,2.861,0.286,0.276,0.849,2.237,0.639,5.407,3.186,1.407,10.0,Sample
1365,0 days 04:15:22,37.0,H13,354752,H,13,GFP-Gext,Plate 1,2026-03-19 16:17:56,Cytation5,7,5.0,1.8,1.8,24.0,60.0,85.0,3.7,2.9,0.2765,2.24,50.0,0.0,0.0,1.0,1.0,1.0,0.02,2.0,2000.0,24.3,0.097,60.0,0.6,86.2,0.345,3.705,0.37,2.861,0.286,0.276,0.849,2.237,0.639,5.407,3.186,1.407,10.0,Sample
1366,0 days 04:20:22,37.0,H13,354988,H,13,GFP-Gext,Plate 1,2026-03-19 16:22:56,Cytation5,7,5.0,1.8,1.8,24.0,60.0,85.0,3.7,2.9,0.2765,2.24,50.0,0.0,0.0,1.0,1.0,1.0,0.02,2.0,2000.0,24.3,0.097,60.0,0.6,86.2,0.345,3.705,0.37,2.861,0.286,0.276,0.849,2.237,0.639,5.407,3.186,1.407,10.0,Sample
1367,0 days 04:25:22,37.1,H13,356662,H,13,GFP-Gext,Plate 1,2026-03-19 16:27:56,Cytation5,7,5.0,1.8,1.8,24.0,60.0,85.0,3.7,2.9,0.2765,2.24,50.0,0.0,0.0,1.0,1.0,1.0,0.02,2.0,2000.0,24.3,0.097,60.0,0.6,86.2,0.345,3.705,0.37,2.861,0.286,0.276,0.849,2.237,0.639,5.407,3.186,1.407,10.0,Sample
1368,0 days 04:30:22,37.0,H13,355904,H,13,GFP-Gext,Plate 1,2026-03-19 16:32:56,Cytation5,7,5.0,1.8,1.8,24.0,60.0,85.0,3.7,2.9,0.2765,2.24,50.0,0.0,0.0,1.0,1.0,1.0,0.02,2.0,2000.0,24.3,0.097,60.0,0.6,86.2,0.345,3.705,0.37,2.861,0.286,0.276,0.849,2.237,0.639,5.407,3.186,1.407,10.0,Sample
1369,0 days 04:35:22,37.0,H13,357358,H,13,GFP-Gext,Plate 1,2026-03-19 16:37:56,Cytation5,7,5.0,1.8,1.8,24.0,60.0,85.0,3.7,2.9,0.2765,2.24,50.0,0.0,0.0,1.0,1.0,1.0,0.02,2.0,2000.0,24.3,0.097,60.0,0.6,86.2,0.345,3.705,0.37,2.861,0.286,0.276,0.849,2.237,0.639,5.407,3.186,1.407,10.0,Sample
1370,0 days 04:40:22,37.0,H13,357244,H,13,GFP-Gext,Plate 1,2026-03-19 16:42:56,Cytation5,7,5.0,1.8,1.8,24.0,60.0,85.0,3.7,2.9,0.2765,2.24,50.0,0.0,0.0,1.0,1.0,1.0,0.02,2.0,2000.0,24.3,0.097,60.0,0.6,86.2,0.345,3.705,0.37,2.861,0.286,0.276,0.849,2.237,0.639,5.407,3.186,1.407,10.0,Sample
1371,0 days 04:45:22,37.0,H13,357828,H,13,GFP-Gext,Plate 1,2026-03-19 16:47:56,Cytation5,7,5.0,1.8,1.8,24.0,60.0,85.0,3.7,2.9,0.2765,2.24,50.0,0.0,0.0,1.0,1.0,1.0,0.02,2.0,2000.0,24.3,0.097,60.0,0.6,86.2,0.345,3.705,0.37,2.861,0.286,0.276,0.849,2.237,0.639,5.407,3.186,1.407,10.0,Sample
1372,0 days 04:50:22,37.0,H13,359139,H,13,GFP-Gext,Plate 1,2026-03-19 16:52:56,Cytation5,7,5.0,1.8,1.8,24.0,60.0,85.0,3.7,2.9,0.2765,2.24,50.0,0.0,0.0,1.0,1.0,1.0,0.02,2.0,2000.0,24.3,0.097,60.0,0.6,86.2,0.345,3.705,0.37,2.861,0.286,0.276,0.849,2.237,0.639,5.407,3.186,1.407,10.0,Sample
1373,0 days 04:55:22,37.1,H13,358992,H,13,GFP-Gext,Plate 1,2026-03-19 16:57:56,Cytation5,7,5.0,1.8,1.8,24.0,60.0,85.0,3.7,2.9,0.2765,2.24,50.0,0.0,0.0,1.0,1.0,1.0,0.02,2.0,2000.0,24.3,0.097,60.0,0.6,86.2,0.345,3.705,0.37,2.861,0.286,0.276,0.849,2.237,0.639,5.407,3.186,1.407,10.0,Sample
1374,0 days 05:00:22,37.1,H13,359998,H,13,GFP-Gext,Plate 1,2026-03-19 17:02:56,Cytation5,7,5.0,1.8,1.8,24.0,60.0,85.0,3.7,2.9,0.2765,2.24,50.0,0.0,0.0,1.0,1.0,1.0,0.02,2.0,2000.0,24.3,0.097,60.0,0.6,86.2,0.345,3.705,0.37,2.861,0.286,0.276,0.849,2.237,0.639,5.407,3.186,1.407,10.0,Sample
1375,0 days 05:05:22,37.0,H13,360818,H,13,GFP-Gext,Plate 1,2026-03-19 17:07:56,Cytation5,7,5.0,1.8,1.8,24.0,60.0,85.0,3.7,2.9,0.2765,2.24,50.0,0.0,0.0,1.0,1.0,1.0,0.02,2.0,2000.0,24.3,0.097,60.0,0.6,86.2,0.345,3.705,0.37,2.861,0.286,0.276,0.849,2.237,0.639,5.407,3.186,1.407,10.0,Sample
1376,0 days 05:10:22,37.0,H13,359391,H,13,GFP-Gext,Plate 1,2026-03-19 17:12:56,Cytation5,7,5.0,1.8,1.8,24.0,60.0,85.0,3.7,2.9,0.2765,2.24,50.0,0.0,0.0,1.0,1.0,1.0,0.02,2.0,2000.0,24.3,0.097,60.0,0.6,86.2,0.345,3.705,0.37,2.861,0.286,0.276,0.849,2.237,0.639,5.407,3.186,1.407,10.0,Sample
1377,0 days 05:15:22,37.1,H13,360850,H,13,GFP-Gext,Plate 1,2026-03-19 17:17:56,Cytation5,7,5.0,1.8,1.8,24.0,60.0,85.0,3.7,2.9,0.2765,2.24,50.0,0.0,0.0,1.0,1.0,1.0,0.02,2.0,2000.0,24.3,0.097,60.0,0.6,86.2,0.345,3.705,0.37,2.861,0.286,0.276,0.849,2.237,0.639,5.407,3.186,1.407,10.0,Sample
1378,0 days 05:20:22,37.0,H13,362669,H,13,GFP-Gext,Plate 1,2026-03-19 17:22:56,Cytation5,7,5.0,1.8,1.8,24.0,60.0,85.0,3.7,2.9,0.2765,2.24,50.0,0.0,0.0,1.0,1.0,1.0,0.02,2.0,2000.0,24.3,0.097,60.0,0.6,86.2,0.345,3.705,0.37,2.861,0.286,0.276,0.849,2.237,0.639,5.407,3.186,1.407,10.0,Sample
1379,0 days 05:25:22,37.0,H13,361136,H,13,GFP-Gext,Plate 1,2026-03-19 17:27:56,Cytation5,7,5.0,1.8,1.8,24.0,60.0,85.0,3.7,2.9,0.2765,2.24,50.0,0.0,0.0,1.0,1.0,1.0,0.02,2.0,2000.0,24.3,0.097,60.0,0.6,86.2,0.345,3.705,0.37,2.861,0.286,0.276,0.849,2.237,0.639,5.407,3.186,1.407,10.0,Sample
1380,0 days 05:30:22,37.0,H13,361780,H,13,GFP-Gext,Plate 1,2026-03-19 17:32:56,Cytation5,7,5.0,1.8,1.8,24.0,60.0,85.0,3.7,2.9,0.2765,2.24,50.0,0.0,0.0,1.0,1.0,1.0,0.02,2.0,2000.0,24.3,0.097,60.0,0.6,86.2,0.345,3.705,0.37,2.861,0.286,0.276,0.849,2.237,0.639,5.407,3.186,1.407,10.0,Sample
1381,0 days 05:35:22,37.0,H13,362480,H,13,GFP-Gext,Plate 1,2026-03-19 17:37:56,Cytation5,7,5.0,1.8,1.8,24.0,60.0,85.0,3.7,2.9,0.2765,2.24,50.0,0.0,0.0,1.0,1.0,1.0,0.02,2.0,2000.0,24.3,0.097,60.0,0.6,86.2,0.345,3.705,0.37,2.861,0.286,0.276,0.849,2.237,0.639,5.407,3.186,1.407,10.0,Sample
1382,0 days 05:40:22,37.0,H13,392581,H,13,GFP-Gext,Plate 1,2026-03-19 17:42:56,Cytation5,7,5.0,1.8,1.8,24.0,60.0,85.0,3.7,2.9,0.2765,2.24,50.0,0.0,0.0,1.0,1.0,1.0,0.02,2.0,2000.0,24.3,0.097,60.0,0.6,86.2,0.345,3.705,0.37,2.861,0.286,0.276,0.849,2.237,0.639,5.407,3.186,1.407,10.0,Sample
1383,0 days 05:45:22,37.0,H13,362357,H,13,GFP-Gext,Plate 1,2026-03-19 17:47:56,Cytation5,7,5.0,1.8,1.8,24.0,60.0,85.0,3.7,2.9,0.2765,2.24,50.0,0.0,0.0,1.0,1.0,1.0,0.02,2.0,2000.0,24.3,0.097,60.0,0.6,86.2,0.345,3.705,0.37,2.861,0.286,0.276,0.849,2.237,0.639,5.407,3.186,1.407,10.0,Sample
1384,0 days 05:50:22,37.0,H13,362220,H,13,GFP-Gext,Plate 1,2026-03-19 17:52:56,Cytation5,7,5.0,1.8,1.8,24.0,60.0,85.0,3.7,2.9,0.2765,2.24,50.0,0.0,0.0,1.0,1.0,1.0,0.02,2.0,2000.0,24.3,0.097,60.0,0.6,86.2,0.345,3.705,0.37,2.861,0.286,0.276,0.849,2.237,0.639,5.407,3.186,1.407,10.0,Sample
1385,0 days 05:55:22,37.0,H13,395434,H,13,GFP-Gext,Plate 1,2026-03-19 17:57:56,Cytation5,7,5.0,1.8,1.8,24.0,60.0,85.0,3.7,2.9,0.2765,2.24,50.0,0.0,0.0,1.0,1.0,1.0,0.02,2.0,2000.0,24.3,0.097,60.0,0.6,86.2,0.345,3.705,0.37,2.861,0.286,0.276,0.849,2.237,0.639,5.407,3.186,1.407,10.0,Sample
1386,0 days 06:00:22,37.0,H13,364390,H,13,GFP-Gext,Plate 1,2026-03-19 18:02:56,Cytation5,7,5.0,1.8,1.8,24.0,60.0,85.0,3.7,2.9,0.2765,2.24,50.0,0.0,0.0,1.0,1.0,1.0,0.02,2.0,2000.0,24.3,0.097,60.0,0.6,86.2,0.345,3.705,0.37,2.861,0.286,0.276,0.849,2.237,0.639,5.407,3.186,1.407,10.0,Sample
1387,0 days 00:00:22,27.7,H14,413,H,14,GFP-Gext,Plate 1,2026-03-19 12:02:56,Cytation5,25,5.0,1.8,1.8,4.0,0.0,112.5,2.1,2.2,0.3465,3.29,50.0,0.0,0.0,1.0,1.0,1.0,0.02,2.0,2000.0,4.3,0.017,0.0,0.0,111.9,0.448,2.142,0.214,2.18,0.218,0.346,1.065,3.281,0.937,5.407,2.899,1.694,10.0,Sample
1388,0 days 00:05:22,33.8,H14,378,H,14,GFP-Gext,Plate 1,2026-03-19 12:07:56,Cytation5,25,5.0,1.8,1.8,4.0,0.0,112.5,2.1,2.2,0.3465,3.29,50.0,0.0,0.0,1.0,1.0,1.0,0.02,2.0,2000.0,4.3,0.017,0.0,0.0,111.9,0.448,2.142,0.214,2.18,0.218,0.346,1.065,3.281,0.937,5.407,2.899,1.694,10.0,Sample
1389,0 days 00:10:22,37.0,H14,436,H,14,GFP-Gext,Plate 1,2026-03-19 12:12:56,Cytation5,25,5.0,1.8,1.8,4.0,0.0,112.5,2.1,2.2,0.3465,3.29,50.0,0.0,0.0,1.0,1.0,1.0,0.02,2.0,2000.0,4.3,0.017,0.0,0.0,111.9,0.448,2.142,0.214,2.18,0.218,0.346,1.065,3.281,0.937,5.407,2.899,1.694,10.0,Sample
1390,0 days 00:15:22,37.0,H14,1073,H,14,GFP-Gext,Plate 1,2026-03-19 12:17:56,Cytation5,25,5.0,1.8,1.8,4.0,0.0,112.5,2.1,2.2,0.3465,3.29,50.0,0.0,0.0,1.0,1.0,1.0,0.02,2.0,2000.0,4.3,0.017,0.0,0.0,111.9,0.448,2.142,0.214,2.18,0.218,0.346,1.065,3.281,0.937,5.407,2.899,1.694,10.0,Sample
1391,0 days 00:20:22,37.0,H14,3414,H,14,GFP-Gext,Plate 1,2026-03-19 12:22:56,Cytation5,25,5.0,1.8,1.8,4.0,0.0,112.5,2.1,2.2,0.3465,3.29,50.0,0.0,0.0,1.0,1.0,1.0,0.02,2.0,2000.0,4.3,0.017,0.0,0.0,111.9,0.448,2.142,0.214,2.18,0.218,0.346,1.065,3.281,0.937,5.407,2.899,1.694,10.0,Sample
1392,0 days 00:25:22,37.1,H14,6578,H,14,GFP-Gext,Plate 1,2026-03-19 12:27:56,Cytation5,25,5.0,1.8,1.8,4.0,0.0,112.5,2.1,2.2,0.3465,3.29,50.0,0.0,0.0,1.0,1.0,1.0,0.02,2.0,2000.0,4.3,0.017,0.0,0.0,111.9,0.448,2.142,0.214,2.18,0.218,0.346,1.065,3.281,0.937,5.407,2.899,1.694,10.0,Sample
1393,0 days 00:30:22,37.0,H14,10448,H,14,GFP-Gext,Plate 1,2026-03-19 12:32:56,Cytation5,25,5.0,1.8,1.8,4.0,0.0,112.5,2.1,2.2,0.3465,3.29,50.0,0.0,0.0,1.0,1.0,1.0,0.02,2.0,2000.0,4.3,0.017,0.0,0.0,111.9,0.448,2.142,0.214,2.18,0.218,0.346,1.065,3.281,0.937,5.407,2.899,1.694,10.0,Sample
1394,0 days 00:35:22,37.0,H14,14995,H,14,GFP-Gext,Plate 1,2026-03-19 12:37:56,Cytation5,25,5.0,1.8,1.8,4.0,0.0,112.5,2.1,2.2,0.3465,3.29,50.0,0.0,0.0,1.0,1.0,1.0,0.02,2.0,2000.0,4.3,0.017,0.0,0.0,111.9,0.448,2.142,0.214,2.18,0.218,0.346,1.065,3.281,0.937,5.407,2.899,1.694,10.0,Sample
1395,0 days 00:40:22,37.0,H14,19526,H,14,GFP-Gext,Plate 1,2026-03-19 12:42:56,Cytation5,25,5.0,1.8,1.8,4.0,0.0,112.5,2.1,2.2,0.3465,3.29,50.0,0.0,0.0,1.0,1.0,1.0,0.02,2.0,2000.0,4.3,0.017,0.0,0.0,111.9,0.448,2.142,0.214,2.18,0.218,0.346,1.065,3.281,0.937,5.407,2.899,1.694,10.0,Sample
1396,0 days 00:45:22,36.9,H14,23727,H,14,GFP-Gext,Plate 1,2026-03-19 12:47:56,Cytation5,25,5.0,1.8,1.8,4.0,0.0,112.5,2.1,2.2,0.3465,3.29,50.0,0.0,0.0,1.0,1.0,1.0,0.02,2.0,2000.0,4.3,0.017,0.0,0.0,111.9,0.448,2.142,0.214,2.18,0.218,0.346,1.065,3.281,0.937,5.407,2.899,1.694,10.0,Sample
1397,0 days 00:50:22,37.0,H14,27574,H,14,GFP-Gext,Plate 1,2026-03-19 12:52:56,Cytation5,25,5.0,1.8,1.8,4.0,0.0,112.5,2.1,2.2,0.3465,3.29,50.0,0.0,0.0,1.0,1.0,1.0,0.02,2.0,2000.0,4.3,0.017,0.0,0.0,111.9,0.448,2.142,0.214,2.18,0.218,0.346,1.065,3.281,0.937,5.407,2.899,1.694,10.0,Sample
1398,0 days 00:55:22,37.0,H14,30595,H,14,GFP-Gext,Plate 1,2026-03-19 12:57:56,Cytation5,25,5.0,1.8,1.8,4.0,0.0,112.5,2.1,2.2,0.3465,3.29,50.0,0.0,0.0,1.0,1.0,1.0,0.02,2.0,2000.0,4.3,0.017,0.0,0.0,111.9,0.448,2.142,0.214,2.18,0.218,0.346,1.065,3.281,0.937,5.407,2.899,1.694,10.0,Sample
1399,0 days 01:00:22,37.0,H14,34597,H,14,GFP-Gext,Plate 1,2026-03-19 13:02:56,Cytation5,25,5.0,1.8,1.8,4.0,0.0,112.5,2.1,2.2,0.3465,3.29,50.0,0.0,0.0,1.0,1.0,1.0,0.02,2.0,2000.0,4.3,0.017,0.0,0.0,111.9,0.448,2.142,0.214,2.18,0.218,0.346,1.065,3.281,0.937,5.407,2.899,1.694,10.0,Sample
1400,0 days 01:05:22,37.0,H14,37298,H,14,GFP-Gext,Plate 1,2026-03-19 13:07:56,Cytation5,25,5.0,1.8,1.8,4.0,0.0,112.5,2.1,2.2,0.3465,3.29,50.0,0.0,0.0,1.0,1.0,1.0,0.02,2.0,2000.0,4.3,0.017,0.0,0.0,111.9,0.448,2.142,0.214,2.18,0.218,0.346,1.065,3.281,0.937,5.407,2.899,1.694,10.0,Sample
1401,0 days 01:10:22,37.0,H14,39376,H,14,GFP-Gext,Plate 1,2026-03-19 13:12:56,Cytation5,25,5.0,1.8,1.8,4.0,0.0,112.5,2.1,2.2,0.3465,3.29,50.0,0.0,0.0,1.0,1.0,1.0,0.02,2.0,2000.0,4.3,0.017,0.0,0.0,111.9,0.448,2.142,0.214,2.18,0.218,0.346,1.065,3.281,0.937,5.407,2.899,1.694,10.0,Sample
1402,0 days 01:15:22,37.0,H14,41097,H,14,GFP-Gext,Plate 1,2026-03-19 13:17:56,Cytation5,25,5.0,1.8,1.8,4.0,0.0,112.5,2.1,2.2,0.3465,3.29,50.0,0.0,0.0,1.0,1.0,1.0,0.02,2.0,2000.0,4.3,0.017,0.0,0.0,111.9,0.448,2.142,0.214,2.18,0.218,0.346,1.065,3.281,0.937,5.407,2.899,1.694,10.0,Sample
1403,0 days 01:20:22,37.0,H14,43182,H,14,GFP-Gext,Plate 1,2026-03-19 13:22:56,Cytation5,25,5.0,1.8,1.8,4.0,0.0,112.5,2.1,2.2,0.3465,3.29,50.0,0.0,0.0,1.0,1.0,1.0,0.02,2.0,2000.0,4.3,0.017,0.0,0.0,111.9,0.448,2.142,0.214,2.18,0.218,0.346,1.065,3.281,0.937,5.407,2.899,1.694,10.0,Sample
1404,0 days 01:25:22,37.1,H14,44932,H,14,GFP-Gext,Plate 1,2026-03-19 13:27:56,Cytation5,25,5.0,1.8,1.8,4.0,0.0,112.5,2.1,2.2,0.3465,3.29,50.0,0.0,0.0,1.0,1.0,1.0,0.02,2.0,2000.0,4.3,0.017,0.0,0.0,111.9,0.448,2.142,0.214,2.18,0.218,0.346,1.065,3.281,0.937,5.407,2.899,1.694,10.0,Sample
1405,0 days 01:30:22,37.1,H14,46734,H,14,GFP-Gext,Plate 1,2026-03-19 13:32:56,Cytation5,25,5.0,1.8,1.8,4.0,0.0,112.5,2.1,2.2,0.3465,3.29,50.0,0.0,0.0,1.0,1.0,1.0,0.02,2.0,2000.0,4.3,0.017,0.0,0.0,111.9,0.448,2.142,0.214,2.18,0.218,0.346,1.065,3.281,0.937,5.407,2.899,1.694,10.0,Sample
1406,0 days 01:35:22,37.0,H14,48366,H,14,GFP-Gext,Plate 1,2026-03-19 13:37:56,Cytation5,25,5.0,1.8,1.8,4.0,0.0,112.5,2.1,2.2,0.3465,3.29,50.0,0.0,0.0,1.0,1.0,1.0,0.02,2.0,2000.0,4.3,0.017,0.0,0.0,111.9,0.448,2.142,0.214,2.18,0.218,0.346,1.065,3.281,0.937,5.407,2.899,1.694,10.0,Sample
1407,0 days 01:40:22,37.0,H14,49645,H,14,GFP-Gext,Plate 1,2026-03-19 13:42:56,Cytation5,25,5.0,1.8,1.8,4.0,0.0,112.5,2.1,2.2,0.3465,3.29,50.0,0.0,0.0,1.0,1.0,1.0,0.02,2.0,2000.0,4.3,0.017,0.0,0.0,111.9,0.448,2.142,0.214,2.18,0.218,0.346,1.065,3.281,0.937,5.407,2.899,1.694,10.0,Sample
1408,0 days 01:45:22,37.0,H14,50624,H,14,GFP-Gext,Plate 1,2026-03-19 13:47:56,Cytation5,25,5.0,1.8,1.8,4.0,0.0,112.5,2.1,2.2,0.3465,3.29,50.0,0.0,0.0,1.0,1.0,1.0,0.02,2.0,2000.0,4.3,0.017,0.0,0.0,111.9,0.448,2.142,0.214,2.18,0.218,0.346,1.065,3.281,0.937,5.407,2.899,1.694,10.0,Sample
1409,0 days 01:50:22,36.9,H14,51368,H,14,GFP-Gext,Plate 1,2026-03-19 13:52:56,Cytation5,25,5.0,1.8,1.8,4.0,0.0,112.5,2.1,2.2,0.3465,3.29,50.0,0.0,0.0,1.0,1.0,1.0,0.02,2.0,2000.0,4.3,0.017,0.0,0.0,111.9,0.448,2.142,0.214,2.18,0.218,0.346,1.065,3.281,0.937,5.407,2.899,1.694,10.0,Sample
1410,0 days 01:55:22,37.0,H14,52202,H,14,GFP-Gext,Plate 1,2026-03-19 13:57:56,Cytation5,25,5.0,1.8,1.8,4.0,0.0,112.5,2.1,2.2,0.3465,3.29,50.0,0.0,0.0,1.0,1.0,1.0,0.02,2.0,2000.0,4.3,0.017,0.0,0.0,111.9,0.448,2.142,0.214,2.18,0.218,0.346,1.065,3.281,0.937,5.407,2.899,1.694,10.0,Sample
1411,0 days 02:00:22,37.0,H14,52975,H,14,GFP-Gext,Plate 1,2026-03-19 14:02:56,Cytation5,25,5.0,1.8,1.8,4.0,0.0,112.5,2.1,2.2,0.3465,3.29,50.0,0.0,0.0,1.0,1.0,1.0,0.02,2.0,2000.0,4.3,0.017,0.0,0.0,111.9,0.448,2.142,0.214,2.18,0.218,0.346,1.065,3.281,0.937,5.407,2.899,1.694,10.0,Sample
1412,0 days 02:05:22,37.0,H14,52598,H,14,GFP-Gext,Plate 1,2026-03-19 14:07:56,Cytation5,25,5.0,1.8,1.8,4.0,0.0,112.5,2.1,2.2,0.3465,3.29,50.0,0.0,0.0,1.0,1.0,1.0,0.02,2.0,2000.0,4.3,0.017,0.0,0.0,111.9,0.448,2.142,0.214,2.18,0.218,0.346,1.065,3.281,0.937,5.407,2.899,1.694,10.0,Sample
1413,0 days 02:10:22,37.0,H14,53133,H,14,GFP-Gext,Plate 1,2026-03-19 14:12:56,Cytation5,25,5.0,1.8,1.8,4.0,0.0,112.5,2.1,2.2,0.3465,3.29,50.0,0.0,0.0,1.0,1.0,1.0,0.02,2.0,2000.0,4.3,0.017,0.0,0.0,111.9,0.448,2.142,0.214,2.18,0.218,0.346,1.065,3.281,0.937,5.407,2.899,1.694,10.0,Sample
1414,0 days 02:15:22,37.0,H14,53384,H,14,GFP-Gext,Plate 1,2026-03-19 14:17:56,Cytation5,25,5.0,1.8,1.8,4.0,0.0,112.5,2.1,2.2,0.3465,3.29,50.0,0.0,0.0,1.0,1.0,1.0,0.02,2.0,2000.0,4.3,0.017,0.0,0.0,111.9,0.448,2.142,0.214,2.18,0.218,0.346,1.065,3.281,0.937,5.407,2.899,1.694,10.0,Sample
1415,0 days 02:20:22,37.0,H14,53728,H,14,GFP-Gext,Plate 1,2026-03-19 14:22:56,Cytation5,25,5.0,1.8,1.8,4.0,0.0,112.5,2.1,2.2,0.3465,3.29,50.0,0.0,0.0,1.0,1.0,1.0,0.02,2.0,2000.0,4.3,0.017,0.0,0.0,111.9,0.448,2.142,0.214,2.18,0.218,0.346,1.065,3.281,0.937,5.407,2.899,1.694,10.0,Sample
1416,0 days 02:25:22,37.0,H14,53590,H,14,GFP-Gext,Plate 1,2026-03-19 14:27:56,Cytation5,25,5.0,1.8,1.8,4.0,0.0,112.5,2.1,2.2,0.3465,3.29,50.0,0.0,0.0,1.0,1.0,1.0,0.02,2.0,2000.0,4.3,0.017,0.0,0.0,111.9,0.448,2.142,0.214,2.18,0.218,0.346,1.065,3.281,0.937,5.407,2.899,1.694,10.0,Sample
1417,0 days 02:30:22,37.1,H14,53985,H,14,GFP-Gext,Plate 1,2026-03-19 14:32:56,Cytation5,25,5.0,1.8,1.8,4.0,0.0,112.5,2.1,2.2,0.3465,3.29,50.0,0.0,0.0,1.0,1.0,1.0,0.02,2.0,2000.0,4.3,0.017,0.0,0.0,111.9,0.448,2.142,0.214,2.18,0.218,0.346,1.065,3.281,0.937,5.407,2.899,1.694,10.0,Sample
1418,0 days 02:35:22,37.0,H14,53806,H,14,GFP-Gext,Plate 1,2026-03-19 14:37:56,Cytation5,25,5.0,1.8,1.8,4.0,0.0,112.5,2.1,2.2,0.3465,3.29,50.0,0.0,0.0,1.0,1.0,1.0,0.02,2.0,2000.0,4.3,0.017,0.0,0.0,111.9,0.448,2.142,0.214,2.18,0.218,0.346,1.065,3.281,0.937,5.407,2.899,1.694,10.0,Sample
1419,0 days 02:40:22,37.0,H14,53671,H,14,GFP-Gext,Plate 1,2026-03-19 14:42:56,Cytation5,25,5.0,1.8,1.8,4.0,0.0,112.5,2.1,2.2,0.3465,3.29,50.0,0.0,0.0,1.0,1.0,1.0,0.02,2.0,2000.0,4.3,0.017,0.0,0.0,111.9,0.448,2.142,0.214,2.18,0.218,0.346,1.065,3.281,0.937,5.407,2.899,1.694,10.0,Sample
1420,0 days 02:45:22,37.1,H14,54211,H,14,GFP-Gext,Plate 1,2026-03-19 14:47:56,Cytation5,25,5.0,1.8,1.8,4.0,0.0,112.5,2.1,2.2,0.3465,3.29,50.0,0.0,0.0,1.0,1.0,1.0,0.02,2.0,2000.0,4.3,0.017,0.0,0.0,111.9,0.448,2.142,0.214,2.18,0.218,0.346,1.065,3.281,0.937,5.407,2.899,1.694,10.0,Sample
1421,0 days 02:50:22,37.0,H14,53928,H,14,GFP-Gext,Plate 1,2026-03-19 14:52:56,Cytation5,25,5.0,1.8,1.8,4.0,0.0,112.5,2.1,2.2,0.3465,3.29,50.0,0.0,0.0,1.0,1.0,1.0,0.02,2.0,2000.0,4.3,0.017,0.0,0.0,111.9,0.448,2.142,0.214,2.18,0.218,0.346,1.065,3.281,0.937,5.407,2.899,1.694,10.0,Sample
1422,0 days 02:55:22,37.0,H14,54223,H,14,GFP-Gext,Plate 1,2026-03-19 14:57:56,Cytation5,25,5.0,1.8,1.8,4.0,0.0,112.5,2.1,2.2,0.3465,3.29,50.0,0.0,0.0,1.0,1.0,1.0,0.02,2.0,2000.0,4.3,0.017,0.0,0.0,111.9,0.448,2.142,0.214,2.18,0.218,0.346,1.065,3.281,0.937,5.407,2.899,1.694,10.0,Sample
1423,0 days 03:00:22,37.0,H14,54226,H,14,GFP-Gext,Plate 1,2026-03-19 15:02:56,Cytation5,25,5.0,1.8,1.8,4.0,0.0,112.5,2.1,2.2,0.3465,3.29,50.0,0.0,0.0,1.0,1.0,1.0,0.02,2.0,2000.0,4.3,0.017,0.0,0.0,111.9,0.448,2.142,0.214,2.18,0.218,0.346,1.065,3.281,0.937,5.407,2.899,1.694,10.0,Sample
1424,0 days 03:05:22,37.0,H14,54038,H,14,GFP-Gext,Plate 1,2026-03-19 15:07:56,Cytation5,25,5.0,1.8,1.8,4.0,0.0,112.5,2.1,2.2,0.3465,3.29,50.0,0.0,0.0,1.0,1.0,1.0,0.02,2.0,2000.0,4.3,0.017,0.0,0.0,111.9,0.448,2.142,0.214,2.18,0.218,0.346,1.065,3.281,0.937,5.407,2.899,1.694,10.0,Sample
1425,0 days 03:10:22,37.0,H14,54043,H,14,GFP-Gext,Plate 1,2026-03-19 15:12:56,Cytation5,25,5.0,1.8,1.8,4.0,0.0,112.5,2.1,2.2,0.3465,3.29,50.0,0.0,0.0,1.0,1.0,1.0,0.02,2.0,2000.0,4.3,0.017,0.0,0.0,111.9,0.448,2.142,0.214,2.18,0.218,0.346,1.065,3.281,0.937,5.407,2.899,1.694,10.0,Sample
1426,0 days 03:15:22,37.0,H14,53977,H,14,GFP-Gext,Plate 1,2026-03-19 15:17:56,Cytation5,25,5.0,1.8,1.8,4.0,0.0,112.5,2.1,2.2,0.3465,3.29,50.0,0.0,0.0,1.0,1.0,1.0,0.02,2.0,2000.0,4.3,0.017,0.0,0.0,111.9,0.448,2.142,0.214,2.18,0.218,0.346,1.065,3.281,0.937,5.407,2.899,1.694,10.0,Sample
1427,0 days 03:20:22,37.0,H14,54021,H,14,GFP-Gext,Plate 1,2026-03-19 15:22:56,Cytation5,25,5.0,1.8,1.8,4.0,0.0,112.5,2.1,2.2,0.3465,3.29,50.0,0.0,0.0,1.0,1.0,1.0,0.02,2.0,2000.0,4.3,0.017,0.0,0.0,111.9,0.448,2.142,0.214,2.18,0.218,0.346,1.065,3.281,0.937,5.407,2.899,1.694,10.0,Sample
1428,0 days 03:25:22,37.1,H14,54360,H,14,GFP-Gext,Plate 1,2026-03-19 15:27:56,Cytation5,25,5.0,1.8,1.8,4.0,0.0,112.5,2.1,2.2,0.3465,3.29,50.0,0.0,0.0,1.0,1.0,1.0,0.02,2.0,2000.0,4.3,0.017,0.0,0.0,111.9,0.448,2.142,0.214,2.18,0.218,0.346,1.065,3.281,0.937,5.407,2.899,1.694,10.0,Sample
1429,0 days 03:30:22,36.9,H14,54220,H,14,GFP-Gext,Plate 1,2026-03-19 15:32:56,Cytation5,25,5.0,1.8,1.8,4.0,0.0,112.5,2.1,2.2,0.3465,3.29,50.0,0.0,0.0,1.0,1.0,1.0,0.02,2.0,2000.0,4.3,0.017,0.0,0.0,111.9,0.448,2.142,0.214,2.18,0.218,0.346,1.065,3.281,0.937,5.407,2.899,1.694,10.0,Sample
1430,0 days 03:35:22,37.1,H14,54125,H,14,GFP-Gext,Plate 1,2026-03-19 15:37:56,Cytation5,25,5.0,1.8,1.8,4.0,0.0,112.5,2.1,2.2,0.3465,3.29,50.0,0.0,0.0,1.0,1.0,1.0,0.02,2.0,2000.0,4.3,0.017,0.0,0.0,111.9,0.448,2.142,0.214,2.18,0.218,0.346,1.065,3.281,0.937,5.407,2.899,1.694,10.0,Sample
1431,0 days 03:40:22,37.0,H14,53734,H,14,GFP-Gext,Plate 1,2026-03-19 15:42:56,Cytation5,25,5.0,1.8,1.8,4.0,0.0,112.5,2.1,2.2,0.3465,3.29,50.0,0.0,0.0,1.0,1.0,1.0,0.02,2.0,2000.0,4.3,0.017,0.0,0.0,111.9,0.448,2.142,0.214,2.18,0.218,0.346,1.065,3.281,0.937,5.407,2.899,1.694,10.0,Sample
1432,0 days 03:45:22,37.0,H14,54090,H,14,GFP-Gext,Plate 1,2026-03-19 15:47:56,Cytation5,25,5.0,1.8,1.8,4.0,0.0,112.5,2.1,2.2,0.3465,3.29,50.0,0.0,0.0,1.0,1.0,1.0,0.02,2.0,2000.0,4.3,0.017,0.0,0.0,111.9,0.448,2.142,0.214,2.18,0.218,0.346,1.065,3.281,0.937,5.407,2.899,1.694,10.0,Sample
1433,0 days 03:50:22,37.0,H14,53648,H,14,GFP-Gext,Plate 1,2026-03-19 15:52:56,Cytation5,25,5.0,1.8,1.8,4.0,0.0,112.5,2.1,2.2,0.3465,3.29,50.0,0.0,0.0,1.0,1.0,1.0,0.02,2.0,2000.0,4.3,0.017,0.0,0.0,111.9,0.448,2.142,0.214,2.18,0.218,0.346,1.065,3.281,0.937,5.407,2.899,1.694,10.0,Sample
1434,0 days 03:55:22,37.1,H14,53699,H,14,GFP-Gext,Plate 1,2026-03-19 15:57:56,Cytation5,25,5.0,1.8,1.8,4.0,0.0,112.5,2.1,2.2,0.3465,3.29,50.0,0.0,0.0,1.0,1.0,1.0,0.02,2.0,2000.0,4.3,0.017,0.0,0.0,111.9,0.448,2.142,0.214,2.18,0.218,0.346,1.065,3.281,0.937,5.407,2.899,1.694,10.0,Sample
1435,0 days 04:00:22,37.0,H14,53927,H,14,GFP-Gext,Plate 1,2026-03-19 16:02:56,Cytation5,25,5.0,1.8,1.8,4.0,0.0,112.5,2.1,2.2,0.3465,3.29,50.0,0.0,0.0,1.0,1.0,1.0,0.02,2.0,2000.0,4.3,0.017,0.0,0.0,111.9,0.448,2.142,0.214,2.18,0.218,0.346,1.065,3.281,0.937,5.407,2.899,1.694,10.0,Sample
1436,0 days 04:05:22,37.1,H14,53430,H,14,GFP-Gext,Plate 1,2026-03-19 16:07:56,Cytation5,25,5.0,1.8,1.8,4.0,0.0,112.5,2.1,2.2,0.3465,3.29,50.0,0.0,0.0,1.0,1.0,1.0,0.02,2.0,2000.0,4.3,0.017,0.0,0.0,111.9,0.448,2.142,0.214,2.18,0.218,0.346,1.065,3.281,0.937,5.407,2.899,1.694,10.0,Sample
1437,0 days 04:10:22,37.0,H14,53322,H,14,GFP-Gext,Plate 1,2026-03-19 16:12:56,Cytation5,25,5.0,1.8,1.8,4.0,0.0,112.5,2.1,2.2,0.3465,3.29,50.0,0.0,0.0,1.0,1.0,1.0,0.02,2.0,2000.0,4.3,0.017,0.0,0.0,111.9,0.448,2.142,0.214,2.18,0.218,0.346,1.065,3.281,0.937,5.407,2.899,1.694,10.0,Sample
1438,0 days 04:15:22,37.0,H14,53505,H,14,GFP-Gext,Plate 1,2026-03-19 16:17:56,Cytation5,25,5.0,1.8,1.8,4.0,0.0,112.5,2.1,2.2,0.3465,3.29,50.0,0.0,0.0,1.0,1.0,1.0,0.02,2.0,2000.0,4.3,0.017,0.0,0.0,111.9,0.448,2.142,0.214,2.18,0.218,0.346,1.065,3.281,0.937,5.407,2.899,1.694,10.0,Sample
1439,0 days 04:20:22,37.0,H14,53960,H,14,GFP-Gext,Plate 1,2026-03-19 16:22:56,Cytation5,25,5.0,1.8,1.8,4.0,0.0,112.5,2.1,2.2,0.3465,3.29,50.0,0.0,0.0,1.0,1.0,1.0,0.02,2.0,2000.0,4.3,0.017,0.0,0.0,111.9,0.448,2.142,0.214,2.18,0.218,0.346,1.065,3.281,0.937,5.407,2.899,1.694,10.0,Sample
1440,0 days 04:25:22,37.1,H14,53917,H,14,GFP-Gext,Plate 1,2026-03-19 16:27:56,Cytation5,25,5.0,1.8,1.8,4.0,0.0,112.5,2.1,2.2,0.3465,3.29,50.0,0.0,0.0,1.0,1.0,1.0,0.02,2.0,2000.0,4.3,0.017,0.0,0.0,111.9,0.448,2.142,0.214,2.18,0.218,0.346,1.065,3.281,0.937,5.407,2.899,1.694,10.0,Sample
1441,0 days 04:30:22,37.0,H14,53574,H,14,GFP-Gext,Plate 1,2026-03-19 16:32:56,Cytation5,25,5.0,1.8,1.8,4.0,0.0,112.5,2.1,2.2,0.3465,3.29,50.0,0.0,0.0,1.0,1.0,1.0,0.02,2.0,2000.0,4.3,0.017,0.0,0.0,111.9,0.448,2.142,0.214,2.18,0.218,0.346,1.065,3.281,0.937,5.407,2.899,1.694,10.0,Sample
1442,0 days 04:35:22,37.0,H14,53498,H,14,GFP-Gext,Plate 1,2026-03-19 16:37:56,Cytation5,25,5.0,1.8,1.8,4.0,0.0,112.5,2.1,2.2,0.3465,3.29,50.0,0.0,0.0,1.0,1.0,1.0,0.02,2.0,2000.0,4.3,0.017,0.0,0.0,111.9,0.448,2.142,0.214,2.18,0.218,0.346,1.065,3.281,0.937,5.407,2.899,1.694,10.0,Sample
1443,0 days 04:40:22,37.0,H14,53474,H,14,GFP-Gext,Plate 1,2026-03-19 16:42:56,Cytation5,25,5.0,1.8,1.8,4.0,0.0,112.5,2.1,2.2,0.3465,3.29,50.0,0.0,0.0,1.0,1.0,1.0,0.02,2.0,2000.0,4.3,0.017,0.0,0.0,111.9,0.448,2.142,0.214,2.18,0.218,0.346,1.065,3.281,0.937,5.407,2.899,1.694,10.0,Sample
1444,0 days 04:45:22,37.0,H14,53661,H,14,GFP-Gext,Plate 1,2026-03-19 16:47:56,Cytation5,25,5.0,1.8,1.8,4.0,0.0,112.5,2.1,2.2,0.3465,3.29,50.0,0.0,0.0,1.0,1.0,1.0,0.02,2.0,2000.0,4.3,0.017,0.0,0.0,111.9,0.448,2.142,0.214,2.18,0.218,0.346,1.065,3.281,0.937,5.407,2.899,1.694,10.0,Sample
1445,0 days 04:50:22,37.0,H14,53496,H,14,GFP-Gext,Plate 1,2026-03-19 16:52:56,Cytation5,25,5.0,1.8,1.8,4.0,0.0,112.5,2.1,2.2,0.3465,3.29,50.0,0.0,0.0,1.0,1.0,1.0,0.02,2.0,2000.0,4.3,0.017,0.0,0.0,111.9,0.448,2.142,0.214,2.18,0.218,0.346,1.065,3.281,0.937,5.407,2.899,1.694,10.0,Sample
1446,0 days 04:55:22,37.1,H14,53167,H,14,GFP-Gext,Plate 1,2026-03-19 16:57:56,Cytation5,25,5.0,1.8,1.8,4.0,0.0,112.5,2.1,2.2,0.3465,3.29,50.0,0.0,0.0,1.0,1.0,1.0,0.02,2.0,2000.0,4.3,0.017,0.0,0.0,111.9,0.448,2.142,0.214,2.18,0.218,0.346,1.065,3.281,0.937,5.407,2.899,1.694,10.0,Sample
1447,0 days 05:00:22,37.1,H14,53515,H,14,GFP-Gext,Plate 1,2026-03-19 17:02:56,Cytation5,25,5.0,1.8,1.8,4.0,0.0,112.5,2.1,2.2,0.3465,3.29,50.0,0.0,0.0,1.0,1.0,1.0,0.02,2.0,2000.0,4.3,0.017,0.0,0.0,111.9,0.448,2.142,0.214,2.18,0.218,0.346,1.065,3.281,0.937,5.407,2.899,1.694,10.0,Sample
1448,0 days 05:05:22,37.0,H14,53458,H,14,GFP-Gext,Plate 1,2026-03-19 17:07:56,Cytation5,25,5.0,1.8,1.8,4.0,0.0,112.5,2.1,2.2,0.3465,3.29,50.0,0.0,0.0,1.0,1.0,1.0,0.02,2.0,2000.0,4.3,0.017,0.0,0.0,111.9,0.448,2.142,0.214,2.18,0.218,0.346,1.065,3.281,0.937,5.407,2.899,1.694,10.0,Sample
1449,0 days 05:10:22,37.0,H14,53540,H,14,GFP-Gext,Plate 1,2026-03-19 17:12:56,Cytation5,25,5.0,1.8,1.8,4.0,0.0,112.5,2.1,2.2,0.3465,3.29,50.0,0.0,0.0,1.0,1.0,1.0,0.02,2.0,2000.0,4.3,0.017,0.0,0.0,111.9,0.448,2.142,0.214,2.18,0.218,0.346,1.065,3.281,0.937,5.407,2.899,1.694,10.0,Sample
1450,0 days 05:15:22,37.1,H14,53198,H,14,GFP-Gext,Plate 1,2026-03-19 17:17:56,Cytation5,25,5.0,1.8,1.8,4.0,0.0,112.5,2.1,2.2,0.3465,3.29,50.0,0.0,0.0,1.0,1.0,1.0,0.02,2.0,2000.0,4.3,0.017,0.0,0.0,111.9,0.448,2.142,0.214,2.18,0.218,0.346,1.065,3.281,0.937,5.407,2.899,1.694,10.0,Sample
1451,0 days 05:20:22,37.0,H14,53628,H,14,GFP-Gext,Plate 1,2026-03-19 17:22:56,Cytation5,25,5.0,1.8,1.8,4.0,0.0,112.5,2.1,2.2,0.3465,3.29,50.0,0.0,0.0,1.0,1.0,1.0,0.02,2.0,2000.0,4.3,0.017,0.0,0.0,111.9,0.448,2.142,0.214,2.18,0.218,0.346,1.065,3.281,0.937,5.407,2.899,1.694,10.0,Sample
1452,0 days 05:25:22,37.0,H14,53066,H,14,GFP-Gext,Plate 1,2026-03-19 17:27:56,Cytation5,25,5.0,1.8,1.8,4.0,0.0,112.5,2.1,2.2,0.3465,3.29,50.0,0.0,0.0,1.0,1.0,1.0,0.02,2.0,2000.0,4.3,0.017,0.0,0.0,111.9,0.448,2.142,0.214,2.18,0.218,0.346,1.065,3.281,0.937,5.407,2.899,1.694,10.0,Sample
1453,0 days 05:30:22,37.0,H14,53187,H,14,GFP-Gext,Plate 1,2026-03-19 17:32:56,Cytation5,25,5.0,1.8,1.8,4.0,0.0,112.5,2.1,2.2,0.3465,3.29,50.0,0.0,0.0,1.0,1.0,1.0,0.02,2.0,2000.0,4.3,0.017,0.0,0.0,111.9,0.448,2.142,0.214,2.18,0.218,0.346,1.065,3.281,0.937,5.407,2.899,1.694,10.0,Sample
1454,0 days 05:35:22,37.0,H14,53222,H,14,GFP-Gext,Plate 1,2026-03-19 17:37:56,Cytation5,25,5.0,1.8,1.8,4.0,0.0,112.5,2.1,2.2,0.3465,3.29,50.0,0.0,0.0,1.0,1.0,1.0,0.02,2.0,2000.0,4.3,0.017,0.0,0.0,111.9,0.448,2.142,0.214,2.18,0.218,0.346,1.065,3.281,0.937,5.407,2.899,1.694,10.0,Sample
1455,0 days 05:40:22,37.0,H14,53237,H,14,GFP-Gext,Plate 1,2026-03-19 17:42:56,Cytation5,25,5.0,1.8,1.8,4.0,0.0,112.5,2.1,2.2,0.3465,3.29,50.0,0.0,0.0,1.0,1.0,1.0,0.02,2.0,2000.0,4.3,0.017,0.0,0.0,111.9,0.448,2.142,0.214,2.18,0.218,0.346,1.065,3.281,0.937,5.407,2.899,1.694,10.0,Sample
1456,0 days 05:45:22,37.0,H14,53144,H,14,GFP-Gext,Plate 1,2026-03-19 17:47:56,Cytation5,25,5.0,1.8,1.8,4.0,0.0,112.5,2.1,2.2,0.3465,3.29,50.0,0.0,0.0,1.0,1.0,1.0,0.02,2.0,2000.0,4.3,0.017,0.0,0.0,111.9,0.448,2.142,0.214,2.18,0.218,0.346,1.065,3.281,0.937,5.407,2.899,1.694,10.0,Sample
1457,0 days 05:50:22,37.0,H14,53170,H,14,GFP-Gext,Plate 1,2026-03-19 17:52:56,Cytation5,25,5.0,1.8,1.8,4.0,0.0,112.5,2.1,2.2,0.3465,3.29,50.0,0.0,0.0,1.0,1.0,1.0,0.02,2.0,2000.0,4.3,0.017,0.0,0.0,111.9,0.448,2.142,0.214,2.18,0.218,0.346,1.065,3.281,0.937,5.407,2.899,1.694,10.0,Sample
1458,0 days 05:55:22,37.0,H14,53489,H,14,GFP-Gext,Plate 1,2026-03-19 17:57:56,Cytation5,25,5.0,1.8,1.8,4.0,0.0,112.5,2.1,2.2,0.3465,3.29,50.0,0.0,0.0,1.0,1.0,1.0,0.02,2.0,2000.0,4.3,0.017,0.0,0.0,111.9,0.448,2.142,0.214,2.18,0.218,0.346,1.065,3.281,0.937,5.407,2.899,1.694,10.0,Sample
1459,0 days 06:00:22,37.0,H14,53463,H,14,GFP-Gext,Plate 1,2026-03-19 18:02:56,Cytation5,25,5.0,1.8,1.8,4.0,0.0,112.5,2.1,2.2,0.3465,3.29,50.0,0.0,0.0,1.0,1.0,1.0,0.02,2.0,2000.0,4.3,0.017,0.0,0.0,111.9,0.448,2.142,0.214,2.18,0.218,0.346,1.065,3.281,0.937,5.407,2.899,1.694,10.0,Sample
1460,0 days 00:00:22,27.7,H15,428,H,15,GFP-Gext,Plate 1,2026-03-19 12:02:56,Cytation5,16,5.0,1.8,1.8,8.0,20.0,100.0,1.9,2.0,0.3535,1.365,50.0,0.0,0.0,1.0,1.0,1.0,0.02,2.0,2000.0,7.9,0.032,19.5,0.195,99.9,0.4,1.929,0.193,1.952,0.195,0.352,1.083,1.355,0.387,5.407,2.485,2.108,10.0,Sample
1461,0 days 00:05:22,33.8,H15,436,H,15,GFP-Gext,Plate 1,2026-03-19 12:07:56,Cytation5,16,5.0,1.8,1.8,8.0,20.0,100.0,1.9,2.0,0.3535,1.365,50.0,0.0,0.0,1.0,1.0,1.0,0.02,2.0,2000.0,7.9,0.032,19.5,0.195,99.9,0.4,1.929,0.193,1.952,0.195,0.352,1.083,1.355,0.387,5.407,2.485,2.108,10.0,Sample
1462,0 days 00:10:22,37.0,H15,1109,H,15,GFP-Gext,Plate 1,2026-03-19 12:12:56,Cytation5,16,5.0,1.8,1.8,8.0,20.0,100.0,1.9,2.0,0.3535,1.365,50.0,0.0,0.0,1.0,1.0,1.0,0.02,2.0,2000.0,7.9,0.032,19.5,0.195,99.9,0.4,1.929,0.193,1.952,0.195,0.352,1.083,1.355,0.387,5.407,2.485,2.108,10.0,Sample
1463,0 days 00:15:22,37.0,H15,4571,H,15,GFP-Gext,Plate 1,2026-03-19 12:17:56,Cytation5,16,5.0,1.8,1.8,8.0,20.0,100.0,1.9,2.0,0.3535,1.365,50.0,0.0,0.0,1.0,1.0,1.0,0.02,2.0,2000.0,7.9,0.032,19.5,0.195,99.9,0.4,1.929,0.193,1.952,0.195,0.352,1.083,1.355,0.387,5.407,2.485,2.108,10.0,Sample
1464,0 days 00:20:22,37.0,H15,12465,H,15,GFP-Gext,Plate 1,2026-03-19 12:22:56,Cytation5,16,5.0,1.8,1.8,8.0,20.0,100.0,1.9,2.0,0.3535,1.365,50.0,0.0,0.0,1.0,1.0,1.0,0.02,2.0,2000.0,7.9,0.032,19.5,0.195,99.9,0.4,1.929,0.193,1.952,0.195,0.352,1.083,1.355,0.387,5.407,2.485,2.108,10.0,Sample
1465,0 days 00:25:22,37.1,H15,23385,H,15,GFP-Gext,Plate 1,2026-03-19 12:27:56,Cytation5,16,5.0,1.8,1.8,8.0,20.0,100.0,1.9,2.0,0.3535,1.365,50.0,0.0,0.0,1.0,1.0,1.0,0.02,2.0,2000.0,7.9,0.032,19.5,0.195,99.9,0.4,1.929,0.193,1.952,0.195,0.352,1.083,1.355,0.387,5.407,2.485,2.108,10.0,Sample
1466,0 days 00:30:22,37.0,H15,37072,H,15,GFP-Gext,Plate 1,2026-03-19 12:32:56,Cytation5,16,5.0,1.8,1.8,8.0,20.0,100.0,1.9,2.0,0.3535,1.365,50.0,0.0,0.0,1.0,1.0,1.0,0.02,2.0,2000.0,7.9,0.032,19.5,0.195,99.9,0.4,1.929,0.193,1.952,0.195,0.352,1.083,1.355,0.387,5.407,2.485,2.108,10.0,Sample
1467,0 days 00:35:22,37.0,H15,52842,H,15,GFP-Gext,Plate 1,2026-03-19 12:37:56,Cytation5,16,5.0,1.8,1.8,8.0,20.0,100.0,1.9,2.0,0.3535,1.365,50.0,0.0,0.0,1.0,1.0,1.0,0.02,2.0,2000.0,7.9,0.032,19.5,0.195,99.9,0.4,1.929,0.193,1.952,0.195,0.352,1.083,1.355,0.387,5.407,2.485,2.108,10.0,Sample
1468,0 days 00:40:22,37.0,H15,70555,H,15,GFP-Gext,Plate 1,2026-03-19 12:42:56,Cytation5,16,5.0,1.8,1.8,8.0,20.0,100.0,1.9,2.0,0.3535,1.365,50.0,0.0,0.0,1.0,1.0,1.0,0.02,2.0,2000.0,7.9,0.032,19.5,0.195,99.9,0.4,1.929,0.193,1.952,0.195,0.352,1.083,1.355,0.387,5.407,2.485,2.108,10.0,Sample
1469,0 days 00:45:22,36.9,H15,88066,H,15,GFP-Gext,Plate 1,2026-03-19 12:47:56,Cytation5,16,5.0,1.8,1.8,8.0,20.0,100.0,1.9,2.0,0.3535,1.365,50.0,0.0,0.0,1.0,1.0,1.0,0.02,2.0,2000.0,7.9,0.032,19.5,0.195,99.9,0.4,1.929,0.193,1.952,0.195,0.352,1.083,1.355,0.387,5.407,2.485,2.108,10.0,Sample
1470,0 days 00:50:22,37.0,H15,106677,H,15,GFP-Gext,Plate 1,2026-03-19 12:52:56,Cytation5,16,5.0,1.8,1.8,8.0,20.0,100.0,1.9,2.0,0.3535,1.365,50.0,0.0,0.0,1.0,1.0,1.0,0.02,2.0,2000.0,7.9,0.032,19.5,0.195,99.9,0.4,1.929,0.193,1.952,0.195,0.352,1.083,1.355,0.387,5.407,2.485,2.108,10.0,Sample
1471,0 days 00:55:22,37.0,H15,125430,H,15,GFP-Gext,Plate 1,2026-03-19 12:57:56,Cytation5,16,5.0,1.8,1.8,8.0,20.0,100.0,1.9,2.0,0.3535,1.365,50.0,0.0,0.0,1.0,1.0,1.0,0.02,2.0,2000.0,7.9,0.032,19.5,0.195,99.9,0.4,1.929,0.193,1.952,0.195,0.352,1.083,1.355,0.387,5.407,2.485,2.108,10.0,Sample
1472,0 days 01:00:22,37.0,H15,144107,H,15,GFP-Gext,Plate 1,2026-03-19 13:02:56,Cytation5,16,5.0,1.8,1.8,8.0,20.0,100.0,1.9,2.0,0.3535,1.365,50.0,0.0,0.0,1.0,1.0,1.0,0.02,2.0,2000.0,7.9,0.032,19.5,0.195,99.9,0.4,1.929,0.193,1.952,0.195,0.352,1.083,1.355,0.387,5.407,2.485,2.108,10.0,Sample
1473,0 days 01:05:22,37.0,H15,162756,H,15,GFP-Gext,Plate 1,2026-03-19 13:07:56,Cytation5,16,5.0,1.8,1.8,8.0,20.0,100.0,1.9,2.0,0.3535,1.365,50.0,0.0,0.0,1.0,1.0,1.0,0.02,2.0,2000.0,7.9,0.032,19.5,0.195,99.9,0.4,1.929,0.193,1.952,0.195,0.352,1.083,1.355,0.387,5.407,2.485,2.108,10.0,Sample
1474,0 days 01:10:22,37.0,H15,180761,H,15,GFP-Gext,Plate 1,2026-03-19 13:12:56,Cytation5,16,5.0,1.8,1.8,8.0,20.0,100.0,1.9,2.0,0.3535,1.365,50.0,0.0,0.0,1.0,1.0,1.0,0.02,2.0,2000.0,7.9,0.032,19.5,0.195,99.9,0.4,1.929,0.193,1.952,0.195,0.352,1.083,1.355,0.387,5.407,2.485,2.108,10.0,Sample
1475,0 days 01:15:22,37.0,H15,199119,H,15,GFP-Gext,Plate 1,2026-03-19 13:17:56,Cytation5,16,5.0,1.8,1.8,8.0,20.0,100.0,1.9,2.0,0.3535,1.365,50.0,0.0,0.0,1.0,1.0,1.0,0.02,2.0,2000.0,7.9,0.032,19.5,0.195,99.9,0.4,1.929,0.193,1.952,0.195,0.352,1.083,1.355,0.387,5.407,2.485,2.108,10.0,Sample
1476,0 days 01:20:22,37.0,H15,216216,H,15,GFP-Gext,Plate 1,2026-03-19 13:22:56,Cytation5,16,5.0,1.8,1.8,8.0,20.0,100.0,1.9,2.0,0.3535,1.365,50.0,0.0,0.0,1.0,1.0,1.0,0.02,2.0,2000.0,7.9,0.032,19.5,0.195,99.9,0.4,1.929,0.193,1.952,0.195,0.352,1.083,1.355,0.387,5.407,2.485,2.108,10.0,Sample
1477,0 days 01:25:22,37.1,H15,232233,H,15,GFP-Gext,Plate 1,2026-03-19 13:27:56,Cytation5,16,5.0,1.8,1.8,8.0,20.0,100.0,1.9,2.0,0.3535,1.365,50.0,0.0,0.0,1.0,1.0,1.0,0.02,2.0,2000.0,7.9,0.032,19.5,0.195,99.9,0.4,1.929,0.193,1.952,0.195,0.352,1.083,1.355,0.387,5.407,2.485,2.108,10.0,Sample
1478,0 days 01:30:22,37.1,H15,246393,H,15,GFP-Gext,Plate 1,2026-03-19 13:32:56,Cytation5,16,5.0,1.8,1.8,8.0,20.0,100.0,1.9,2.0,0.3535,1.365,50.0,0.0,0.0,1.0,1.0,1.0,0.02,2.0,2000.0,7.9,0.032,19.5,0.195,99.9,0.4,1.929,0.193,1.952,0.195,0.352,1.083,1.355,0.387,5.407,2.485,2.108,10.0,Sample
1479,0 days 01:35:22,37.0,H15,260732,H,15,GFP-Gext,Plate 1,2026-03-19 13:37:56,Cytation5,16,5.0,1.8,1.8,8.0,20.0,100.0,1.9,2.0,0.3535,1.365,50.0,0.0,0.0,1.0,1.0,1.0,0.02,2.0,2000.0,7.9,0.032,19.5,0.195,99.9,0.4,1.929,0.193,1.952,0.195,0.352,1.083,1.355,0.387,5.407,2.485,2.108,10.0,Sample
1480,0 days 01:40:22,37.0,H15,272677,H,15,GFP-Gext,Plate 1,2026-03-19 13:42:56,Cytation5,16,5.0,1.8,1.8,8.0,20.0,100.0,1.9,2.0,0.3535,1.365,50.0,0.0,0.0,1.0,1.0,1.0,0.02,2.0,2000.0,7.9,0.032,19.5,0.195,99.9,0.4,1.929,0.193,1.952,0.195,0.352,1.083,1.355,0.387,5.407,2.485,2.108,10.0,Sample
1481,0 days 01:45:22,37.0,H15,285453,H,15,GFP-Gext,Plate 1,2026-03-19 13:47:56,Cytation5,16,5.0,1.8,1.8,8.0,20.0,100.0,1.9,2.0,0.3535,1.365,50.0,0.0,0.0,1.0,1.0,1.0,0.02,2.0,2000.0,7.9,0.032,19.5,0.195,99.9,0.4,1.929,0.193,1.952,0.195,0.352,1.083,1.355,0.387,5.407,2.485,2.108,10.0,Sample
1482,0 days 01:50:22,36.9,H15,296560,H,15,GFP-Gext,Plate 1,2026-03-19 13:52:56,Cytation5,16,5.0,1.8,1.8,8.0,20.0,100.0,1.9,2.0,0.3535,1.365,50.0,0.0,0.0,1.0,1.0,1.0,0.02,2.0,2000.0,7.9,0.032,19.5,0.195,99.9,0.4,1.929,0.193,1.952,0.195,0.352,1.083,1.355,0.387,5.407,2.485,2.108,10.0,Sample
1483,0 days 01:55:22,37.0,H15,305614,H,15,GFP-Gext,Plate 1,2026-03-19 13:57:56,Cytation5,16,5.0,1.8,1.8,8.0,20.0,100.0,1.9,2.0,0.3535,1.365,50.0,0.0,0.0,1.0,1.0,1.0,0.02,2.0,2000.0,7.9,0.032,19.5,0.195,99.9,0.4,1.929,0.193,1.952,0.195,0.352,1.083,1.355,0.387,5.407,2.485,2.108,10.0,Sample
1484,0 days 02:00:22,37.0,H15,316326,H,15,GFP-Gext,Plate 1,2026-03-19 14:02:56,Cytation5,16,5.0,1.8,1.8,8.0,20.0,100.0,1.9,2.0,0.3535,1.365,50.0,0.0,0.0,1.0,1.0,1.0,0.02,2.0,2000.0,7.9,0.032,19.5,0.195,99.9,0.4,1.929,0.193,1.952,0.195,0.352,1.083,1.355,0.387,5.407,2.485,2.108,10.0,Sample
1485,0 days 02:05:22,37.0,H15,321873,H,15,GFP-Gext,Plate 1,2026-03-19 14:07:56,Cytation5,16,5.0,1.8,1.8,8.0,20.0,100.0,1.9,2.0,0.3535,1.365,50.0,0.0,0.0,1.0,1.0,1.0,0.02,2.0,2000.0,7.9,0.032,19.5,0.195,99.9,0.4,1.929,0.193,1.952,0.195,0.352,1.083,1.355,0.387,5.407,2.485,2.108,10.0,Sample
1486,0 days 02:10:22,37.0,H15,329009,H,15,GFP-Gext,Plate 1,2026-03-19 14:12:56,Cytation5,16,5.0,1.8,1.8,8.0,20.0,100.0,1.9,2.0,0.3535,1.365,50.0,0.0,0.0,1.0,1.0,1.0,0.02,2.0,2000.0,7.9,0.032,19.5,0.195,99.9,0.4,1.929,0.193,1.952,0.195,0.352,1.083,1.355,0.387,5.407,2.485,2.108,10.0,Sample
1487,0 days 02:15:22,37.0,H15,334840,H,15,GFP-Gext,Plate 1,2026-03-19 14:17:56,Cytation5,16,5.0,1.8,1.8,8.0,20.0,100.0,1.9,2.0,0.3535,1.365,50.0,0.0,0.0,1.0,1.0,1.0,0.02,2.0,2000.0,7.9,0.032,19.5,0.195,99.9,0.4,1.929,0.193,1.952,0.195,0.352,1.083,1.355,0.387,5.407,2.485,2.108,10.0,Sample
1488,0 days 02:20:22,37.0,H15,340509,H,15,GFP-Gext,Plate 1,2026-03-19 14:22:56,Cytation5,16,5.0,1.8,1.8,8.0,20.0,100.0,1.9,2.0,0.3535,1.365,50.0,0.0,0.0,1.0,1.0,1.0,0.02,2.0,2000.0,7.9,0.032,19.5,0.195,99.9,0.4,1.929,0.193,1.952,0.195,0.352,1.083,1.355,0.387,5.407,2.485,2.108,10.0,Sample
1489,0 days 02:25:22,37.0,H15,346759,H,15,GFP-Gext,Plate 1,2026-03-19 14:27:56,Cytation5,16,5.0,1.8,1.8,8.0,20.0,100.0,1.9,2.0,0.3535,1.365,50.0,0.0,0.0,1.0,1.0,1.0,0.02,2.0,2000.0,7.9,0.032,19.5,0.195,99.9,0.4,1.929,0.193,1.952,0.195,0.352,1.083,1.355,0.387,5.407,2.485,2.108,10.0,Sample
1490,0 days 02:30:22,37.1,H15,350140,H,15,GFP-Gext,Plate 1,2026-03-19 14:32:56,Cytation5,16,5.0,1.8,1.8,8.0,20.0,100.0,1.9,2.0,0.3535,1.365,50.0,0.0,0.0,1.0,1.0,1.0,0.02,2.0,2000.0,7.9,0.032,19.5,0.195,99.9,0.4,1.929,0.193,1.952,0.195,0.352,1.083,1.355,0.387,5.407,2.485,2.108,10.0,Sample
1491,0 days 02:35:22,37.0,H15,355831,H,15,GFP-Gext,Plate 1,2026-03-19 14:37:56,Cytation5,16,5.0,1.8,1.8,8.0,20.0,100.0,1.9,2.0,0.3535,1.365,50.0,0.0,0.0,1.0,1.0,1.0,0.02,2.0,2000.0,7.9,0.032,19.5,0.195,99.9,0.4,1.929,0.193,1.952,0.195,0.352,1.083,1.355,0.387,5.407,2.485,2.108,10.0,Sample
1492,0 days 02:40:22,37.0,H15,357418,H,15,GFP-Gext,Plate 1,2026-03-19 14:42:56,Cytation5,16,5.0,1.8,1.8,8.0,20.0,100.0,1.9,2.0,0.3535,1.365,50.0,0.0,0.0,1.0,1.0,1.0,0.02,2.0,2000.0,7.9,0.032,19.5,0.195,99.9,0.4,1.929,0.193,1.952,0.195,0.352,1.083,1.355,0.387,5.407,2.485,2.108,10.0,Sample
1493,0 days 02:45:22,37.1,H15,360271,H,15,GFP-Gext,Plate 1,2026-03-19 14:47:56,Cytation5,16,5.0,1.8,1.8,8.0,20.0,100.0,1.9,2.0,0.3535,1.365,50.0,0.0,0.0,1.0,1.0,1.0,0.02,2.0,2000.0,7.9,0.032,19.5,0.195,99.9,0.4,1.929,0.193,1.952,0.195,0.352,1.083,1.355,0.387,5.407,2.485,2.108,10.0,Sample
1494,0 days 02:50:22,37.0,H15,362829,H,15,GFP-Gext,Plate 1,2026-03-19 14:52:56,Cytation5,16,5.0,1.8,1.8,8.0,20.0,100.0,1.9,2.0,0.3535,1.365,50.0,0.0,0.0,1.0,1.0,1.0,0.02,2.0,2000.0,7.9,0.032,19.5,0.195,99.9,0.4,1.929,0.193,1.952,0.195,0.352,1.083,1.355,0.387,5.407,2.485,2.108,10.0,Sample
1495,0 days 02:55:22,37.0,H15,394881,H,15,GFP-Gext,Plate 1,2026-03-19 14:57:56,Cytation5,16,5.0,1.8,1.8,8.0,20.0,100.0,1.9,2.0,0.3535,1.365,50.0,0.0,0.0,1.0,1.0,1.0,0.02,2.0,2000.0,7.9,0.032,19.5,0.195,99.9,0.4,1.929,0.193,1.952,0.195,0.352,1.083,1.355,0.387,5.407,2.485,2.108,10.0,Sample
1496,0 days 03:00:22,37.0,H15,398392,H,15,GFP-Gext,Plate 1,2026-03-19 15:02:56,Cytation5,16,5.0,1.8,1.8,8.0,20.0,100.0,1.9,2.0,0.3535,1.365,50.0,0.0,0.0,1.0,1.0,1.0,0.02,2.0,2000.0,7.9,0.032,19.5,0.195,99.9,0.4,1.929,0.193,1.952,0.195,0.352,1.083,1.355,0.387,5.407,2.485,2.108,10.0,Sample
1497,0 days 03:05:22,37.0,H15,369032,H,15,GFP-Gext,Plate 1,2026-03-19 15:07:56,Cytation5,16,5.0,1.8,1.8,8.0,20.0,100.0,1.9,2.0,0.3535,1.365,50.0,0.0,0.0,1.0,1.0,1.0,0.02,2.0,2000.0,7.9,0.032,19.5,0.195,99.9,0.4,1.929,0.193,1.952,0.195,0.352,1.083,1.355,0.387,5.407,2.485,2.108,10.0,Sample
1498,0 days 03:10:22,37.0,H15,399913,H,15,GFP-Gext,Plate 1,2026-03-19 15:12:56,Cytation5,16,5.0,1.8,1.8,8.0,20.0,100.0,1.9,2.0,0.3535,1.365,50.0,0.0,0.0,1.0,1.0,1.0,0.02,2.0,2000.0,7.9,0.032,19.5,0.195,99.9,0.4,1.929,0.193,1.952,0.195,0.352,1.083,1.355,0.387,5.407,2.485,2.108,10.0,Sample
1499,0 days 03:15:22,37.0,H15,401117,H,15,GFP-Gext,Plate 1,2026-03-19 15:17:56,Cytation5,16,5.0,1.8,1.8,8.0,20.0,100.0,1.9,2.0,0.3535,1.365,50.0,0.0,0.0,1.0,1.0,1.0,0.02,2.0,2000.0,7.9,0.032,19.5,0.195,99.9,0.4,1.929,0.193,1.952,0.195,0.352,1.083,1.355,0.387,5.407,2.485,2.108,10.0,Sample
1500,0 days 03:20:22,37.0,H15,403098,H,15,GFP-Gext,Plate 1,2026-03-19 15:22:56,Cytation5,16,5.0,1.8,1.8,8.0,20.0,100.0,1.9,2.0,0.3535,1.365,50.0,0.0,0.0,1.0,1.0,1.0,0.02,2.0,2000.0,7.9,0.032,19.5,0.195,99.9,0.4,1.929,0.193,1.952,0.195,0.352,1.083,1.355,0.387,5.407,2.485,2.108,10.0,Sample
1501,0 days 03:25:22,37.1,H15,400610,H,15,GFP-Gext,Plate 1,2026-03-19 15:27:56,Cytation5,16,5.0,1.8,1.8,8.0,20.0,100.0,1.9,2.0,0.3535,1.365,50.0,0.0,0.0,1.0,1.0,1.0,0.02,2.0,2000.0,7.9,0.032,19.5,0.195,99.9,0.4,1.929,0.193,1.952,0.195,0.352,1.083,1.355,0.387,5.407,2.485,2.108,10.0,Sample
1502,0 days 03:30:22,36.9,H15,402866,H,15,GFP-Gext,Plate 1,2026-03-19 15:32:56,Cytation5,16,5.0,1.8,1.8,8.0,20.0,100.0,1.9,2.0,0.3535,1.365,50.0,0.0,0.0,1.0,1.0,1.0,0.02,2.0,2000.0,7.9,0.032,19.5,0.195,99.9,0.4,1.929,0.193,1.952,0.195,0.352,1.083,1.355,0.387,5.407,2.485,2.108,10.0,Sample
1503,0 days 03:35:22,37.1,H15,403075,H,15,GFP-Gext,Plate 1,2026-03-19 15:37:56,Cytation5,16,5.0,1.8,1.8,8.0,20.0,100.0,1.9,2.0,0.3535,1.365,50.0,0.0,0.0,1.0,1.0,1.0,0.02,2.0,2000.0,7.9,0.032,19.5,0.195,99.9,0.4,1.929,0.193,1.952,0.195,0.352,1.083,1.355,0.387,5.407,2.485,2.108,10.0,Sample
1504,0 days 03:40:22,37.0,H15,404371,H,15,GFP-Gext,Plate 1,2026-03-19 15:42:56,Cytation5,16,5.0,1.8,1.8,8.0,20.0,100.0,1.9,2.0,0.3535,1.365,50.0,0.0,0.0,1.0,1.0,1.0,0.02,2.0,2000.0,7.9,0.032,19.5,0.195,99.9,0.4,1.929,0.193,1.952,0.195,0.352,1.083,1.355,0.387,5.407,2.485,2.108,10.0,Sample
1505,0 days 03:45:22,37.0,H15,404691,H,15,GFP-Gext,Plate 1,2026-03-19 15:47:56,Cytation5,16,5.0,1.8,1.8,8.0,20.0,100.0,1.9,2.0,0.3535,1.365,50.0,0.0,0.0,1.0,1.0,1.0,0.02,2.0,2000.0,7.9,0.032,19.5,0.195,99.9,0.4,1.929,0.193,1.952,0.195,0.352,1.083,1.355,0.387,5.407,2.485,2.108,10.0,Sample
1506,0 days 03:50:22,37.0,H15,403657,H,15,GFP-Gext,Plate 1,2026-03-19 15:52:56,Cytation5,16,5.0,1.8,1.8,8.0,20.0,100.0,1.9,2.0,0.3535,1.365,50.0,0.0,0.0,1.0,1.0,1.0,0.02,2.0,2000.0,7.9,0.032,19.5,0.195,99.9,0.4,1.929,0.193,1.952,0.195,0.352,1.083,1.355,0.387,5.407,2.485,2.108,10.0,Sample
1507,0 days 03:55:22,37.1,H15,405419,H,15,GFP-Gext,Plate 1,2026-03-19 15:57:56,Cytation5,16,5.0,1.8,1.8,8.0,20.0,100.0,1.9,2.0,0.3535,1.365,50.0,0.0,0.0,1.0,1.0,1.0,0.02,2.0,2000.0,7.9,0.032,19.5,0.195,99.9,0.4,1.929,0.193,1.952,0.195,0.352,1.083,1.355,0.387,5.407,2.485,2.108,10.0,Sample
1508,0 days 04:00:22,37.0,H15,406437,H,15,GFP-Gext,Plate 1,2026-03-19 16:02:56,Cytation5,16,5.0,1.8,1.8,8.0,20.0,100.0,1.9,2.0,0.3535,1.365,50.0,0.0,0.0,1.0,1.0,1.0,0.02,2.0,2000.0,7.9,0.032,19.5,0.195,99.9,0.4,1.929,0.193,1.952,0.195,0.352,1.083,1.355,0.387,5.407,2.485,2.108,10.0,Sample
1509,0 days 04:05:22,37.1,H15,404871,H,15,GFP-Gext,Plate 1,2026-03-19 16:07:56,Cytation5,16,5.0,1.8,1.8,8.0,20.0,100.0,1.9,2.0,0.3535,1.365,50.0,0.0,0.0,1.0,1.0,1.0,0.02,2.0,2000.0,7.9,0.032,19.5,0.195,99.9,0.4,1.929,0.193,1.952,0.195,0.352,1.083,1.355,0.387,5.407,2.485,2.108,10.0,Sample
1510,0 days 04:10:22,37.0,H15,402069,H,15,GFP-Gext,Plate 1,2026-03-19 16:12:56,Cytation5,16,5.0,1.8,1.8,8.0,20.0,100.0,1.9,2.0,0.3535,1.365,50.0,0.0,0.0,1.0,1.0,1.0,0.02,2.0,2000.0,7.9,0.032,19.5,0.195,99.9,0.4,1.929,0.193,1.952,0.195,0.352,1.083,1.355,0.387,5.407,2.485,2.108,10.0,Sample
1511,0 days 04:15:22,37.0,H15,403355,H,15,GFP-Gext,Plate 1,2026-03-19 16:17:56,Cytation5,16,5.0,1.8,1.8,8.0,20.0,100.0,1.9,2.0,0.3535,1.365,50.0,0.0,0.0,1.0,1.0,1.0,0.02,2.0,2000.0,7.9,0.032,19.5,0.195,99.9,0.4,1.929,0.193,1.952,0.195,0.352,1.083,1.355,0.387,5.407,2.485,2.108,10.0,Sample
1512,0 days 04:20:22,37.0,H15,404525,H,15,GFP-Gext,Plate 1,2026-03-19 16:22:56,Cytation5,16,5.0,1.8,1.8,8.0,20.0,100.0,1.9,2.0,0.3535,1.365,50.0,0.0,0.0,1.0,1.0,1.0,0.02,2.0,2000.0,7.9,0.032,19.5,0.195,99.9,0.4,1.929,0.193,1.952,0.195,0.352,1.083,1.355,0.387,5.407,2.485,2.108,10.0,Sample
1513,0 days 04:25:22,37.1,H15,402654,H,15,GFP-Gext,Plate 1,2026-03-19 16:27:56,Cytation5,16,5.0,1.8,1.8,8.0,20.0,100.0,1.9,2.0,0.3535,1.365,50.0,0.0,0.0,1.0,1.0,1.0,0.02,2.0,2000.0,7.9,0.032,19.5,0.195,99.9,0.4,1.929,0.193,1.952,0.195,0.352,1.083,1.355,0.387,5.407,2.485,2.108,10.0,Sample
1514,0 days 04:30:22,37.0,H15,401689,H,15,GFP-Gext,Plate 1,2026-03-19 16:32:56,Cytation5,16,5.0,1.8,1.8,8.0,20.0,100.0,1.9,2.0,0.3535,1.365,50.0,0.0,0.0,1.0,1.0,1.0,0.02,2.0,2000.0,7.9,0.032,19.5,0.195,99.9,0.4,1.929,0.193,1.952,0.195,0.352,1.083,1.355,0.387,5.407,2.485,2.108,10.0,Sample
1515,0 days 04:35:22,37.0,H15,403517,H,15,GFP-Gext,Plate 1,2026-03-19 16:37:56,Cytation5,16,5.0,1.8,1.8,8.0,20.0,100.0,1.9,2.0,0.3535,1.365,50.0,0.0,0.0,1.0,1.0,1.0,0.02,2.0,2000.0,7.9,0.032,19.5,0.195,99.9,0.4,1.929,0.193,1.952,0.195,0.352,1.083,1.355,0.387,5.407,2.485,2.108,10.0,Sample
1516,0 days 04:40:22,37.0,H15,401946,H,15,GFP-Gext,Plate 1,2026-03-19 16:42:56,Cytation5,16,5.0,1.8,1.8,8.0,20.0,100.0,1.9,2.0,0.3535,1.365,50.0,0.0,0.0,1.0,1.0,1.0,0.02,2.0,2000.0,7.9,0.032,19.5,0.195,99.9,0.4,1.929,0.193,1.952,0.195,0.352,1.083,1.355,0.387,5.407,2.485,2.108,10.0,Sample
1517,0 days 04:45:22,37.0,H15,404221,H,15,GFP-Gext,Plate 1,2026-03-19 16:47:56,Cytation5,16,5.0,1.8,1.8,8.0,20.0,100.0,1.9,2.0,0.3535,1.365,50.0,0.0,0.0,1.0,1.0,1.0,0.02,2.0,2000.0,7.9,0.032,19.5,0.195,99.9,0.4,1.929,0.193,1.952,0.195,0.352,1.083,1.355,0.387,5.407,2.485,2.108,10.0,Sample
1518,0 days 04:50:22,37.0,H15,402897,H,15,GFP-Gext,Plate 1,2026-03-19 16:52:56,Cytation5,16,5.0,1.8,1.8,8.0,20.0,100.0,1.9,2.0,0.3535,1.365,50.0,0.0,0.0,1.0,1.0,1.0,0.02,2.0,2000.0,7.9,0.032,19.5,0.195,99.9,0.4,1.929,0.193,1.952,0.195,0.352,1.083,1.355,0.387,5.407,2.485,2.108,10.0,Sample
1519,0 days 04:55:22,37.1,H15,403609,H,15,GFP-Gext,Plate 1,2026-03-19 16:57:56,Cytation5,16,5.0,1.8,1.8,8.0,20.0,100.0,1.9,2.0,0.3535,1.365,50.0,0.0,0.0,1.0,1.0,1.0,0.02,2.0,2000.0,7.9,0.032,19.5,0.195,99.9,0.4,1.929,0.193,1.952,0.195,0.352,1.083,1.355,0.387,5.407,2.485,2.108,10.0,Sample
1520,0 days 05:00:22,37.1,H15,401065,H,15,GFP-Gext,Plate 1,2026-03-19 17:02:56,Cytation5,16,5.0,1.8,1.8,8.0,20.0,100.0,1.9,2.0,0.3535,1.365,50.0,0.0,0.0,1.0,1.0,1.0,0.02,2.0,2000.0,7.9,0.032,19.5,0.195,99.9,0.4,1.929,0.193,1.952,0.195,0.352,1.083,1.355,0.387,5.407,2.485,2.108,10.0,Sample
1521,0 days 05:05:22,37.0,H15,403632,H,15,GFP-Gext,Plate 1,2026-03-19 17:07:56,Cytation5,16,5.0,1.8,1.8,8.0,20.0,100.0,1.9,2.0,0.3535,1.365,50.0,0.0,0.0,1.0,1.0,1.0,0.02,2.0,2000.0,7.9,0.032,19.5,0.195,99.9,0.4,1.929,0.193,1.952,0.195,0.352,1.083,1.355,0.387,5.407,2.485,2.108,10.0,Sample
1522,0 days 05:10:22,37.0,H15,404378,H,15,GFP-Gext,Plate 1,2026-03-19 17:12:56,Cytation5,16,5.0,1.8,1.8,8.0,20.0,100.0,1.9,2.0,0.3535,1.365,50.0,0.0,0.0,1.0,1.0,1.0,0.02,2.0,2000.0,7.9,0.032,19.5,0.195,99.9,0.4,1.929,0.193,1.952,0.195,0.352,1.083,1.355,0.387,5.407,2.485,2.108,10.0,Sample
1523,0 days 05:15:22,37.1,H15,402569,H,15,GFP-Gext,Plate 1,2026-03-19 17:17:56,Cytation5,16,5.0,1.8,1.8,8.0,20.0,100.0,1.9,2.0,0.3535,1.365,50.0,0.0,0.0,1.0,1.0,1.0,0.02,2.0,2000.0,7.9,0.032,19.5,0.195,99.9,0.4,1.929,0.193,1.952,0.195,0.352,1.083,1.355,0.387,5.407,2.485,2.108,10.0,Sample
1524,0 days 05:20:22,37.0,H15,406563,H,15,GFP-Gext,Plate 1,2026-03-19 17:22:56,Cytation5,16,5.0,1.8,1.8,8.0,20.0,100.0,1.9,2.0,0.3535,1.365,50.0,0.0,0.0,1.0,1.0,1.0,0.02,2.0,2000.0,7.9,0.032,19.5,0.195,99.9,0.4,1.929,0.193,1.952,0.195,0.352,1.083,1.355,0.387,5.407,2.485,2.108,10.0,Sample
1525,0 days 05:25:22,37.0,H15,401929,H,15,GFP-Gext,Plate 1,2026-03-19 17:27:56,Cytation5,16,5.0,1.8,1.8,8.0,20.0,100.0,1.9,2.0,0.3535,1.365,50.0,0.0,0.0,1.0,1.0,1.0,0.02,2.0,2000.0,7.9,0.032,19.5,0.195,99.9,0.4,1.929,0.193,1.952,0.195,0.352,1.083,1.355,0.387,5.407,2.485,2.108,10.0,Sample
1526,0 days 05:30:22,37.0,H15,400991,H,15,GFP-Gext,Plate 1,2026-03-19 17:32:56,Cytation5,16,5.0,1.8,1.8,8.0,20.0,100.0,1.9,2.0,0.3535,1.365,50.0,0.0,0.0,1.0,1.0,1.0,0.02,2.0,2000.0,7.9,0.032,19.5,0.195,99.9,0.4,1.929,0.193,1.952,0.195,0.352,1.083,1.355,0.387,5.407,2.485,2.108,10.0,Sample
1527,0 days 05:35:22,37.0,H15,402231,H,15,GFP-Gext,Plate 1,2026-03-19 17:37:56,Cytation5,16,5.0,1.8,1.8,8.0,20.0,100.0,1.9,2.0,0.3535,1.365,50.0,0.0,0.0,1.0,1.0,1.0,0.02,2.0,2000.0,7.9,0.032,19.5,0.195,99.9,0.4,1.929,0.193,1.952,0.195,0.352,1.083,1.355,0.387,5.407,2.485,2.108,10.0,Sample
1528,0 days 05:40:22,37.0,H15,403524,H,15,GFP-Gext,Plate 1,2026-03-19 17:42:56,Cytation5,16,5.0,1.8,1.8,8.0,20.0,100.0,1.9,2.0,0.3535,1.365,50.0,0.0,0.0,1.0,1.0,1.0,0.02,2.0,2000.0,7.9,0.032,19.5,0.195,99.9,0.4,1.929,0.193,1.952,0.195,0.352,1.083,1.355,0.387,5.407,2.485,2.108,10.0,Sample
1529,0 days 05:45:22,37.0,H15,402901,H,15,GFP-Gext,Plate 1,2026-03-19 17:47:56,Cytation5,16,5.0,1.8,1.8,8.0,20.0,100.0,1.9,2.0,0.3535,1.365,50.0,0.0,0.0,1.0,1.0,1.0,0.02,2.0,2000.0,7.9,0.032,19.5,0.195,99.9,0.4,1.929,0.193,1.952,0.195,0.352,1.083,1.355,0.387,5.407,2.485,2.108,10.0,Sample
1530,0 days 05:50:22,37.0,H15,403267,H,15,GFP-Gext,Plate 1,2026-03-19 17:52:56,Cytation5,16,5.0,1.8,1.8,8.0,20.0,100.0,1.9,2.0,0.3535,1.365,50.0,0.0,0.0,1.0,1.0,1.0,0.02,2.0,2000.0,7.9,0.032,19.5,0.195,99.9,0.4,1.929,0.193,1.952,0.195,0.352,1.083,1.355,0.387,5.407,2.485,2.108,10.0,Sample
1531,0 days 05:55:22,37.0,H15,400768,H,15,GFP-Gext,Plate 1,2026-03-19 17:57:56,Cytation5,16,5.0,1.8,1.8,8.0,20.0,100.0,1.9,2.0,0.3535,1.365,50.0,0.0,0.0,1.0,1.0,1.0,0.02,2.0,2000.0,7.9,0.032,19.5,0.195,99.9,0.4,1.929,0.193,1.952,0.195,0.352,1.083,1.355,0.387,5.407,2.485,2.108,10.0,Sample
1532,0 days 06:00:22,37.0,H15,405019,H,15,GFP-Gext,Plate 1,2026-03-19 18:02:56,Cytation5,16,5.0,1.8,1.8,8.0,20.0,100.0,1.9,2.0,0.3535,1.365,50.0,0.0,0.0,1.0,1.0,1.0,0.02,2.0,2000.0,7.9,0.032,19.5,0.195,99.9,0.4,1.929,0.193,1.952,0.195,0.352,1.083,1.355,0.387,5.407,2.485,2.108,10.0,Sample
1533,0 days 00:00:22,27.7,I9,411,I,9,GFP-Gext,Plate 1,2026-03-19 12:02:56,Cytation5,5,5.0,1.8,1.8,1.0,44.0,40.0,2.4,2.7,0.259,2.625,50.0,0.0,0.0,1.0,1.0,1.0,0.02,2.0,2000.0,1.0,0.004,43.8,0.438,40.0,0.16,2.399,0.24,2.721,0.272,0.26,0.8,2.623,0.749,5.407,2.663,1.93,10.0,Sample
1534,0 days 00:05:22,33.8,I9,380,I,9,GFP-Gext,Plate 1,2026-03-19 12:07:56,Cytation5,5,5.0,1.8,1.8,1.0,44.0,40.0,2.4,2.7,0.259,2.625,50.0,0.0,0.0,1.0,1.0,1.0,0.02,2.0,2000.0,1.0,0.004,43.8,0.438,40.0,0.16,2.399,0.24,2.721,0.272,0.26,0.8,2.623,0.749,5.407,2.663,1.93,10.0,Sample
1535,0 days 00:10:22,37.0,I9,357,I,9,GFP-Gext,Plate 1,2026-03-19 12:12:56,Cytation5,5,5.0,1.8,1.8,1.0,44.0,40.0,2.4,2.7,0.259,2.625,50.0,0.0,0.0,1.0,1.0,1.0,0.02,2.0,2000.0,1.0,0.004,43.8,0.438,40.0,0.16,2.399,0.24,2.721,0.272,0.26,0.8,2.623,0.749,5.407,2.663,1.93,10.0,Sample
1536,0 days 00:15:22,37.0,I9,340,I,9,GFP-Gext,Plate 1,2026-03-19 12:17:56,Cytation5,5,5.0,1.8,1.8,1.0,44.0,40.0,2.4,2.7,0.259,2.625,50.0,0.0,0.0,1.0,1.0,1.0,0.02,2.0,2000.0,1.0,0.004,43.8,0.438,40.0,0.16,2.399,0.24,2.721,0.272,0.26,0.8,2.623,0.749,5.407,2.663,1.93,10.0,Sample
1537,0 days 00:20:22,37.0,I9,355,I,9,GFP-Gext,Plate 1,2026-03-19 12:22:56,Cytation5,5,5.0,1.8,1.8,1.0,44.0,40.0,2.4,2.7,0.259,2.625,50.0,0.0,0.0,1.0,1.0,1.0,0.02,2.0,2000.0,1.0,0.004,43.8,0.438,40.0,0.16,2.399,0.24,2.721,0.272,0.26,0.8,2.623,0.749,5.407,2.663,1.93,10.0,Sample
1538,0 days 00:25:22,37.1,I9,350,I,9,GFP-Gext,Plate 1,2026-03-19 12:27:56,Cytation5,5,5.0,1.8,1.8,1.0,44.0,40.0,2.4,2.7,0.259,2.625,50.0,0.0,0.0,1.0,1.0,1.0,0.02,2.0,2000.0,1.0,0.004,43.8,0.438,40.0,0.16,2.399,0.24,2.721,0.272,0.26,0.8,2.623,0.749,5.407,2.663,1.93,10.0,Sample
1539,0 days 00:30:22,37.0,I9,357,I,9,GFP-Gext,Plate 1,2026-03-19 12:32:56,Cytation5,5,5.0,1.8,1.8,1.0,44.0,40.0,2.4,2.7,0.259,2.625,50.0,0.0,0.0,1.0,1.0,1.0,0.02,2.0,2000.0,1.0,0.004,43.8,0.438,40.0,0.16,2.399,0.24,2.721,0.272,0.26,0.8,2.623,0.749,5.407,2.663,1.93,10.0,Sample
1540,0 days 00:35:22,37.0,I9,371,I,9,GFP-Gext,Plate 1,2026-03-19 12:37:56,Cytation5,5,5.0,1.8,1.8,1.0,44.0,40.0,2.4,2.7,0.259,2.625,50.0,0.0,0.0,1.0,1.0,1.0,0.02,2.0,2000.0,1.0,0.004,43.8,0.438,40.0,0.16,2.399,0.24,2.721,0.272,0.26,0.8,2.623,0.749,5.407,2.663,1.93,10.0,Sample
1541,0 days 00:40:22,37.0,I9,392,I,9,GFP-Gext,Plate 1,2026-03-19 12:42:56,Cytation5,5,5.0,1.8,1.8,1.0,44.0,40.0,2.4,2.7,0.259,2.625,50.0,0.0,0.0,1.0,1.0,1.0,0.02,2.0,2000.0,1.0,0.004,43.8,0.438,40.0,0.16,2.399,0.24,2.721,0.272,0.26,0.8,2.623,0.749,5.407,2.663,1.93,10.0,Sample
1542,0 days 00:45:22,36.9,I9,407,I,9,GFP-Gext,Plate 1,2026-03-19 12:47:56,Cytation5,5,5.0,1.8,1.8,1.0,44.0,40.0,2.4,2.7,0.259,2.625,50.0,0.0,0.0,1.0,1.0,1.0,0.02,2.0,2000.0,1.0,0.004,43.8,0.438,40.0,0.16,2.399,0.24,2.721,0.272,0.26,0.8,2.623,0.749,5.407,2.663,1.93,10.0,Sample
1543,0 days 00:50:22,37.0,I9,377,I,9,GFP-Gext,Plate 1,2026-03-19 12:52:56,Cytation5,5,5.0,1.8,1.8,1.0,44.0,40.0,2.4,2.7,0.259,2.625,50.0,0.0,0.0,1.0,1.0,1.0,0.02,2.0,2000.0,1.0,0.004,43.8,0.438,40.0,0.16,2.399,0.24,2.721,0.272,0.26,0.8,2.623,0.749,5.407,2.663,1.93,10.0,Sample
1544,0 days 00:55:22,37.0,I9,401,I,9,GFP-Gext,Plate 1,2026-03-19 12:57:56,Cytation5,5,5.0,1.8,1.8,1.0,44.0,40.0,2.4,2.7,0.259,2.625,50.0,0.0,0.0,1.0,1.0,1.0,0.02,2.0,2000.0,1.0,0.004,43.8,0.438,40.0,0.16,2.399,0.24,2.721,0.272,0.26,0.8,2.623,0.749,5.407,2.663,1.93,10.0,Sample
1545,0 days 01:00:22,37.0,I9,397,I,9,GFP-Gext,Plate 1,2026-03-19 13:02:56,Cytation5,5,5.0,1.8,1.8,1.0,44.0,40.0,2.4,2.7,0.259,2.625,50.0,0.0,0.0,1.0,1.0,1.0,0.02,2.0,2000.0,1.0,0.004,43.8,0.438,40.0,0.16,2.399,0.24,2.721,0.272,0.26,0.8,2.623,0.749,5.407,2.663,1.93,10.0,Sample
1546,0 days 01:05:22,37.0,I9,404,I,9,GFP-Gext,Plate 1,2026-03-19 13:07:56,Cytation5,5,5.0,1.8,1.8,1.0,44.0,40.0,2.4,2.7,0.259,2.625,50.0,0.0,0.0,1.0,1.0,1.0,0.02,2.0,2000.0,1.0,0.004,43.8,0.438,40.0,0.16,2.399,0.24,2.721,0.272,0.26,0.8,2.623,0.749,5.407,2.663,1.93,10.0,Sample
1547,0 days 01:10:22,37.0,I9,439,I,9,GFP-Gext,Plate 1,2026-03-19 13:12:56,Cytation5,5,5.0,1.8,1.8,1.0,44.0,40.0,2.4,2.7,0.259,2.625,50.0,0.0,0.0,1.0,1.0,1.0,0.02,2.0,2000.0,1.0,0.004,43.8,0.438,40.0,0.16,2.399,0.24,2.721,0.272,0.26,0.8,2.623,0.749,5.407,2.663,1.93,10.0,Sample
1548,0 days 01:15:22,37.0,I9,458,I,9,GFP-Gext,Plate 1,2026-03-19 13:17:56,Cytation5,5,5.0,1.8,1.8,1.0,44.0,40.0,2.4,2.7,0.259,2.625,50.0,0.0,0.0,1.0,1.0,1.0,0.02,2.0,2000.0,1.0,0.004,43.8,0.438,40.0,0.16,2.399,0.24,2.721,0.272,0.26,0.8,2.623,0.749,5.407,2.663,1.93,10.0,Sample
1549,0 days 01:20:22,37.0,I9,441,I,9,GFP-Gext,Plate 1,2026-03-19 13:22:56,Cytation5,5,5.0,1.8,1.8,1.0,44.0,40.0,2.4,2.7,0.259,2.625,50.0,0.0,0.0,1.0,1.0,1.0,0.02,2.0,2000.0,1.0,0.004,43.8,0.438,40.0,0.16,2.399,0.24,2.721,0.272,0.26,0.8,2.623,0.749,5.407,2.663,1.93,10.0,Sample
1550,0 days 01:25:22,37.1,I9,471,I,9,GFP-Gext,Plate 1,2026-03-19 13:27:56,Cytation5,5,5.0,1.8,1.8,1.0,44.0,40.0,2.4,2.7,0.259,2.625,50.0,0.0,0.0,1.0,1.0,1.0,0.02,2.0,2000.0,1.0,0.004,43.8,0.438,40.0,0.16,2.399,0.24,2.721,0.272,0.26,0.8,2.623,0.749,5.407,2.663,1.93,10.0,Sample
1551,0 days 01:30:22,37.1,I9,489,I,9,GFP-Gext,Plate 1,2026-03-19 13:32:56,Cytation5,5,5.0,1.8,1.8,1.0,44.0,40.0,2.4,2.7,0.259,2.625,50.0,0.0,0.0,1.0,1.0,1.0,0.02,2.0,2000.0,1.0,0.004,43.8,0.438,40.0,0.16,2.399,0.24,2.721,0.272,0.26,0.8,2.623,0.749,5.407,2.663,1.93,10.0,Sample
1552,0 days 01:35:22,37.0,I9,474,I,9,GFP-Gext,Plate 1,2026-03-19 13:37:56,Cytation5,5,5.0,1.8,1.8,1.0,44.0,40.0,2.4,2.7,0.259,2.625,50.0,0.0,0.0,1.0,1.0,1.0,0.02,2.0,2000.0,1.0,0.004,43.8,0.438,40.0,0.16,2.399,0.24,2.721,0.272,0.26,0.8,2.623,0.749,5.407,2.663,1.93,10.0,Sample
1553,0 days 01:40:22,37.0,I9,536,I,9,GFP-Gext,Plate 1,2026-03-19 13:42:56,Cytation5,5,5.0,1.8,1.8,1.0,44.0,40.0,2.4,2.7,0.259,2.625,50.0,0.0,0.0,1.0,1.0,1.0,0.02,2.0,2000.0,1.0,0.004,43.8,0.438,40.0,0.16,2.399,0.24,2.721,0.272,0.26,0.8,2.623,0.749,5.407,2.663,1.93,10.0,Sample
1554,0 days 01:45:22,37.0,I9,507,I,9,GFP-Gext,Plate 1,2026-03-19 13:47:56,Cytation5,5,5.0,1.8,1.8,1.0,44.0,40.0,2.4,2.7,0.259,2.625,50.0,0.0,0.0,1.0,1.0,1.0,0.02,2.0,2000.0,1.0,0.004,43.8,0.438,40.0,0.16,2.399,0.24,2.721,0.272,0.26,0.8,2.623,0.749,5.407,2.663,1.93,10.0,Sample
1555,0 days 01:50:22,36.9,I9,497,I,9,GFP-Gext,Plate 1,2026-03-19 13:52:56,Cytation5,5,5.0,1.8,1.8,1.0,44.0,40.0,2.4,2.7,0.259,2.625,50.0,0.0,0.0,1.0,1.0,1.0,0.02,2.0,2000.0,1.0,0.004,43.8,0.438,40.0,0.16,2.399,0.24,2.721,0.272,0.26,0.8,2.623,0.749,5.407,2.663,1.93,10.0,Sample
1556,0 days 01:55:22,37.0,I9,540,I,9,GFP-Gext,Plate 1,2026-03-19 13:57:56,Cytation5,5,5.0,1.8,1.8,1.0,44.0,40.0,2.4,2.7,0.259,2.625,50.0,0.0,0.0,1.0,1.0,1.0,0.02,2.0,2000.0,1.0,0.004,43.8,0.438,40.0,0.16,2.399,0.24,2.721,0.272,0.26,0.8,2.623,0.749,5.407,2.663,1.93,10.0,Sample
1557,0 days 02:00:22,37.0,I9,572,I,9,GFP-Gext,Plate 1,2026-03-19 14:02:56,Cytation5,5,5.0,1.8,1.8,1.0,44.0,40.0,2.4,2.7,0.259,2.625,50.0,0.0,0.0,1.0,1.0,1.0,0.02,2.0,2000.0,1.0,0.004,43.8,0.438,40.0,0.16,2.399,0.24,2.721,0.272,0.26,0.8,2.623,0.749,5.407,2.663,1.93,10.0,Sample
1558,0 days 02:05:22,37.0,I9,577,I,9,GFP-Gext,Plate 1,2026-03-19 14:07:56,Cytation5,5,5.0,1.8,1.8,1.0,44.0,40.0,2.4,2.7,0.259,2.625,50.0,0.0,0.0,1.0,1.0,1.0,0.02,2.0,2000.0,1.0,0.004,43.8,0.438,40.0,0.16,2.399,0.24,2.721,0.272,0.26,0.8,2.623,0.749,5.407,2.663,1.93,10.0,Sample
1559,0 days 02:10:22,37.0,I9,611,I,9,GFP-Gext,Plate 1,2026-03-19 14:12:56,Cytation5,5,5.0,1.8,1.8,1.0,44.0,40.0,2.4,2.7,0.259,2.625,50.0,0.0,0.0,1.0,1.0,1.0,0.02,2.0,2000.0,1.0,0.004,43.8,0.438,40.0,0.16,2.399,0.24,2.721,0.272,0.26,0.8,2.623,0.749,5.407,2.663,1.93,10.0,Sample
1560,0 days 02:15:22,37.0,I9,614,I,9,GFP-Gext,Plate 1,2026-03-19 14:17:56,Cytation5,5,5.0,1.8,1.8,1.0,44.0,40.0,2.4,2.7,0.259,2.625,50.0,0.0,0.0,1.0,1.0,1.0,0.02,2.0,2000.0,1.0,0.004,43.8,0.438,40.0,0.16,2.399,0.24,2.721,0.272,0.26,0.8,2.623,0.749,5.407,2.663,1.93,10.0,Sample
1561,0 days 02:20:22,37.0,I9,629,I,9,GFP-Gext,Plate 1,2026-03-19 14:22:56,Cytation5,5,5.0,1.8,1.8,1.0,44.0,40.0,2.4,2.7,0.259,2.625,50.0,0.0,0.0,1.0,1.0,1.0,0.02,2.0,2000.0,1.0,0.004,43.8,0.438,40.0,0.16,2.399,0.24,2.721,0.272,0.26,0.8,2.623,0.749,5.407,2.663,1.93,10.0,Sample
1562,0 days 02:25:22,37.0,I9,656,I,9,GFP-Gext,Plate 1,2026-03-19 14:27:56,Cytation5,5,5.0,1.8,1.8,1.0,44.0,40.0,2.4,2.7,0.259,2.625,50.0,0.0,0.0,1.0,1.0,1.0,0.02,2.0,2000.0,1.0,0.004,43.8,0.438,40.0,0.16,2.399,0.24,2.721,0.272,0.26,0.8,2.623,0.749,5.407,2.663,1.93,10.0,Sample
1563,0 days 02:30:22,37.1,I9,693,I,9,GFP-Gext,Plate 1,2026-03-19 14:32:56,Cytation5,5,5.0,1.8,1.8,1.0,44.0,40.0,2.4,2.7,0.259,2.625,50.0,0.0,0.0,1.0,1.0,1.0,0.02,2.0,2000.0,1.0,0.004,43.8,0.438,40.0,0.16,2.399,0.24,2.721,0.272,0.26,0.8,2.623,0.749,5.407,2.663,1.93,10.0,Sample
1564,0 days 02:35:22,37.0,I9,666,I,9,GFP-Gext,Plate 1,2026-03-19 14:37:56,Cytation5,5,5.0,1.8,1.8,1.0,44.0,40.0,2.4,2.7,0.259,2.625,50.0,0.0,0.0,1.0,1.0,1.0,0.02,2.0,2000.0,1.0,0.004,43.8,0.438,40.0,0.16,2.399,0.24,2.721,0.272,0.26,0.8,2.623,0.749,5.407,2.663,1.93,10.0,Sample
1565,0 days 02:40:22,37.0,I9,705,I,9,GFP-Gext,Plate 1,2026-03-19 14:42:56,Cytation5,5,5.0,1.8,1.8,1.0,44.0,40.0,2.4,2.7,0.259,2.625,50.0,0.0,0.0,1.0,1.0,1.0,0.02,2.0,2000.0,1.0,0.004,43.8,0.438,40.0,0.16,2.399,0.24,2.721,0.272,0.26,0.8,2.623,0.749,5.407,2.663,1.93,10.0,Sample
1566,0 days 02:45:22,37.1,I9,752,I,9,GFP-Gext,Plate 1,2026-03-19 14:47:56,Cytation5,5,5.0,1.8,1.8,1.0,44.0,40.0,2.4,2.7,0.259,2.625,50.0,0.0,0.0,1.0,1.0,1.0,0.02,2.0,2000.0,1.0,0.004,43.8,0.438,40.0,0.16,2.399,0.24,2.721,0.272,0.26,0.8,2.623,0.749,5.407,2.663,1.93,10.0,Sample
1567,0 days 02:50:22,37.0,I9,792,I,9,GFP-Gext,Plate 1,2026-03-19 14:52:56,Cytation5,5,5.0,1.8,1.8,1.0,44.0,40.0,2.4,2.7,0.259,2.625,50.0,0.0,0.0,1.0,1.0,1.0,0.02,2.0,2000.0,1.0,0.004,43.8,0.438,40.0,0.16,2.399,0.24,2.721,0.272,0.26,0.8,2.623,0.749,5.407,2.663,1.93,10.0,Sample
1568,0 days 02:55:22,37.0,I9,729,I,9,GFP-Gext,Plate 1,2026-03-19 14:57:56,Cytation5,5,5.0,1.8,1.8,1.0,44.0,40.0,2.4,2.7,0.259,2.625,50.0,0.0,0.0,1.0,1.0,1.0,0.02,2.0,2000.0,1.0,0.004,43.8,0.438,40.0,0.16,2.399,0.24,2.721,0.272,0.26,0.8,2.623,0.749,5.407,2.663,1.93,10.0,Sample
1569,0 days 03:00:22,37.0,I9,814,I,9,GFP-Gext,Plate 1,2026-03-19 15:02:56,Cytation5,5,5.0,1.8,1.8,1.0,44.0,40.0,2.4,2.7,0.259,2.625,50.0,0.0,0.0,1.0,1.0,1.0,0.02,2.0,2000.0,1.0,0.004,43.8,0.438,40.0,0.16,2.399,0.24,2.721,0.272,0.26,0.8,2.623,0.749,5.407,2.663,1.93,10.0,Sample
1570,0 days 03:05:22,37.0,I9,806,I,9,GFP-Gext,Plate 1,2026-03-19 15:07:56,Cytation5,5,5.0,1.8,1.8,1.0,44.0,40.0,2.4,2.7,0.259,2.625,50.0,0.0,0.0,1.0,1.0,1.0,0.02,2.0,2000.0,1.0,0.004,43.8,0.438,40.0,0.16,2.399,0.24,2.721,0.272,0.26,0.8,2.623,0.749,5.407,2.663,1.93,10.0,Sample
1571,0 days 03:10:22,37.0,I9,817,I,9,GFP-Gext,Plate 1,2026-03-19 15:12:56,Cytation5,5,5.0,1.8,1.8,1.0,44.0,40.0,2.4,2.7,0.259,2.625,50.0,0.0,0.0,1.0,1.0,1.0,0.02,2.0,2000.0,1.0,0.004,43.8,0.438,40.0,0.16,2.399,0.24,2.721,0.272,0.26,0.8,2.623,0.749,5.407,2.663,1.93,10.0,Sample
1572,0 days 03:15:22,37.0,I9,884,I,9,GFP-Gext,Plate 1,2026-03-19 15:17:56,Cytation5,5,5.0,1.8,1.8,1.0,44.0,40.0,2.4,2.7,0.259,2.625,50.0,0.0,0.0,1.0,1.0,1.0,0.02,2.0,2000.0,1.0,0.004,43.8,0.438,40.0,0.16,2.399,0.24,2.721,0.272,0.26,0.8,2.623,0.749,5.407,2.663,1.93,10.0,Sample
1573,0 days 03:20:22,37.0,I9,935,I,9,GFP-Gext,Plate 1,2026-03-19 15:22:56,Cytation5,5,5.0,1.8,1.8,1.0,44.0,40.0,2.4,2.7,0.259,2.625,50.0,0.0,0.0,1.0,1.0,1.0,0.02,2.0,2000.0,1.0,0.004,43.8,0.438,40.0,0.16,2.399,0.24,2.721,0.272,0.26,0.8,2.623,0.749,5.407,2.663,1.93,10.0,Sample
1574,0 days 03:25:22,37.1,I9,913,I,9,GFP-Gext,Plate 1,2026-03-19 15:27:56,Cytation5,5,5.0,1.8,1.8,1.0,44.0,40.0,2.4,2.7,0.259,2.625,50.0,0.0,0.0,1.0,1.0,1.0,0.02,2.0,2000.0,1.0,0.004,43.8,0.438,40.0,0.16,2.399,0.24,2.721,0.272,0.26,0.8,2.623,0.749,5.407,2.663,1.93,10.0,Sample
1575,0 days 03:30:22,36.9,I9,924,I,9,GFP-Gext,Plate 1,2026-03-19 15:32:56,Cytation5,5,5.0,1.8,1.8,1.0,44.0,40.0,2.4,2.7,0.259,2.625,50.0,0.0,0.0,1.0,1.0,1.0,0.02,2.0,2000.0,1.0,0.004,43.8,0.438,40.0,0.16,2.399,0.24,2.721,0.272,0.26,0.8,2.623,0.749,5.407,2.663,1.93,10.0,Sample
1576,0 days 03:35:22,37.1,I9,961,I,9,GFP-Gext,Plate 1,2026-03-19 15:37:56,Cytation5,5,5.0,1.8,1.8,1.0,44.0,40.0,2.4,2.7,0.259,2.625,50.0,0.0,0.0,1.0,1.0,1.0,0.02,2.0,2000.0,1.0,0.004,43.8,0.438,40.0,0.16,2.399,0.24,2.721,0.272,0.26,0.8,2.623,0.749,5.407,2.663,1.93,10.0,Sample
1577,0 days 03:40:22,37.0,I9,967,I,9,GFP-Gext,Plate 1,2026-03-19 15:42:56,Cytation5,5,5.0,1.8,1.8,1.0,44.0,40.0,2.4,2.7,0.259,2.625,50.0,0.0,0.0,1.0,1.0,1.0,0.02,2.0,2000.0,1.0,0.004,43.8,0.438,40.0,0.16,2.399,0.24,2.721,0.272,0.26,0.8,2.623,0.749,5.407,2.663,1.93,10.0,Sample
1578,0 days 03:45:22,37.0,I9,1077,I,9,GFP-Gext,Plate 1,2026-03-19 15:47:56,Cytation5,5,5.0,1.8,1.8,1.0,44.0,40.0,2.4,2.7,0.259,2.625,50.0,0.0,0.0,1.0,1.0,1.0,0.02,2.0,2000.0,1.0,0.004,43.8,0.438,40.0,0.16,2.399,0.24,2.721,0.272,0.26,0.8,2.623,0.749,5.407,2.663,1.93,10.0,Sample
1579,0 days 03:50:22,37.0,I9,1031,I,9,GFP-Gext,Plate 1,2026-03-19 15:52:56,Cytation5,5,5.0,1.8,1.8,1.0,44.0,40.0,2.4,2.7,0.259,2.625,50.0,0.0,0.0,1.0,1.0,1.0,0.02,2.0,2000.0,1.0,0.004,43.8,0.438,40.0,0.16,2.399,0.24,2.721,0.272,0.26,0.8,2.623,0.749,5.407,2.663,1.93,10.0,Sample
1580,0 days 03:55:22,37.1,I9,1057,I,9,GFP-Gext,Plate 1,2026-03-19 15:57:56,Cytation5,5,5.0,1.8,1.8,1.0,44.0,40.0,2.4,2.7,0.259,2.625,50.0,0.0,0.0,1.0,1.0,1.0,0.02,2.0,2000.0,1.0,0.004,43.8,0.438,40.0,0.16,2.399,0.24,2.721,0.272,0.26,0.8,2.623,0.749,5.407,2.663,1.93,10.0,Sample
1581,0 days 04:00:22,37.0,I9,1105,I,9,GFP-Gext,Plate 1,2026-03-19 16:02:56,Cytation5,5,5.0,1.8,1.8,1.0,44.0,40.0,2.4,2.7,0.259,2.625,50.0,0.0,0.0,1.0,1.0,1.0,0.02,2.0,2000.0,1.0,0.004,43.8,0.438,40.0,0.16,2.399,0.24,2.721,0.272,0.26,0.8,2.623,0.749,5.407,2.663,1.93,10.0,Sample
1582,0 days 04:05:22,37.1,I9,1171,I,9,GFP-Gext,Plate 1,2026-03-19 16:07:56,Cytation5,5,5.0,1.8,1.8,1.0,44.0,40.0,2.4,2.7,0.259,2.625,50.0,0.0,0.0,1.0,1.0,1.0,0.02,2.0,2000.0,1.0,0.004,43.8,0.438,40.0,0.16,2.399,0.24,2.721,0.272,0.26,0.8,2.623,0.749,5.407,2.663,1.93,10.0,Sample
1583,0 days 04:10:22,37.0,I9,1139,I,9,GFP-Gext,Plate 1,2026-03-19 16:12:56,Cytation5,5,5.0,1.8,1.8,1.0,44.0,40.0,2.4,2.7,0.259,2.625,50.0,0.0,0.0,1.0,1.0,1.0,0.02,2.0,2000.0,1.0,0.004,43.8,0.438,40.0,0.16,2.399,0.24,2.721,0.272,0.26,0.8,2.623,0.749,5.407,2.663,1.93,10.0,Sample
1584,0 days 04:15:22,37.0,I9,1294,I,9,GFP-Gext,Plate 1,2026-03-19 16:17:56,Cytation5,5,5.0,1.8,1.8,1.0,44.0,40.0,2.4,2.7,0.259,2.625,50.0,0.0,0.0,1.0,1.0,1.0,0.02,2.0,2000.0,1.0,0.004,43.8,0.438,40.0,0.16,2.399,0.24,2.721,0.272,0.26,0.8,2.623,0.749,5.407,2.663,1.93,10.0,Sample
1585,0 days 04:20:22,37.0,I9,1237,I,9,GFP-Gext,Plate 1,2026-03-19 16:22:56,Cytation5,5,5.0,1.8,1.8,1.0,44.0,40.0,2.4,2.7,0.259,2.625,50.0,0.0,0.0,1.0,1.0,1.0,0.02,2.0,2000.0,1.0,0.004,43.8,0.438,40.0,0.16,2.399,0.24,2.721,0.272,0.26,0.8,2.623,0.749,5.407,2.663,1.93,10.0,Sample
1586,0 days 04:25:22,37.1,I9,1288,I,9,GFP-Gext,Plate 1,2026-03-19 16:27:56,Cytation5,5,5.0,1.8,1.8,1.0,44.0,40.0,2.4,2.7,0.259,2.625,50.0,0.0,0.0,1.0,1.0,1.0,0.02,2.0,2000.0,1.0,0.004,43.8,0.438,40.0,0.16,2.399,0.24,2.721,0.272,0.26,0.8,2.623,0.749,5.407,2.663,1.93,10.0,Sample
1587,0 days 04:30:22,37.0,I9,1310,I,9,GFP-Gext,Plate 1,2026-03-19 16:32:56,Cytation5,5,5.0,1.8,1.8,1.0,44.0,40.0,2.4,2.7,0.259,2.625,50.0,0.0,0.0,1.0,1.0,1.0,0.02,2.0,2000.0,1.0,0.004,43.8,0.438,40.0,0.16,2.399,0.24,2.721,0.272,0.26,0.8,2.623,0.749,5.407,2.663,1.93,10.0,Sample
1588,0 days 04:35:22,37.0,I9,1330,I,9,GFP-Gext,Plate 1,2026-03-19 16:37:56,Cytation5,5,5.0,1.8,1.8,1.0,44.0,40.0,2.4,2.7,0.259,2.625,50.0,0.0,0.0,1.0,1.0,1.0,0.02,2.0,2000.0,1.0,0.004,43.8,0.438,40.0,0.16,2.399,0.24,2.721,0.272,0.26,0.8,2.623,0.749,5.407,2.663,1.93,10.0,Sample
1589,0 days 04:40:22,37.0,I9,1374,I,9,GFP-Gext,Plate 1,2026-03-19 16:42:56,Cytation5,5,5.0,1.8,1.8,1.0,44.0,40.0,2.4,2.7,0.259,2.625,50.0,0.0,0.0,1.0,1.0,1.0,0.02,2.0,2000.0,1.0,0.004,43.8,0.438,40.0,0.16,2.399,0.24,2.721,0.272,0.26,0.8,2.623,0.749,5.407,2.663,1.93,10.0,Sample
1590,0 days 04:45:22,37.0,I9,1451,I,9,GFP-Gext,Plate 1,2026-03-19 16:47:56,Cytation5,5,5.0,1.8,1.8,1.0,44.0,40.0,2.4,2.7,0.259,2.625,50.0,0.0,0.0,1.0,1.0,1.0,0.02,2.0,2000.0,1.0,0.004,43.8,0.438,40.0,0.16,2.399,0.24,2.721,0.272,0.26,0.8,2.623,0.749,5.407,2.663,1.93,10.0,Sample
1591,0 days 04:50:22,37.0,I9,1457,I,9,GFP-Gext,Plate 1,2026-03-19 16:52:56,Cytation5,5,5.0,1.8,1.8,1.0,44.0,40.0,2.4,2.7,0.259,2.625,50.0,0.0,0.0,1.0,1.0,1.0,0.02,2.0,2000.0,1.0,0.004,43.8,0.438,40.0,0.16,2.399,0.24,2.721,0.272,0.26,0.8,2.623,0.749,5.407,2.663,1.93,10.0,Sample
1592,0 days 04:55:22,37.1,I9,1440,I,9,GFP-Gext,Plate 1,2026-03-19 16:57:56,Cytation5,5,5.0,1.8,1.8,1.0,44.0,40.0,2.4,2.7,0.259,2.625,50.0,0.0,0.0,1.0,1.0,1.0,0.02,2.0,2000.0,1.0,0.004,43.8,0.438,40.0,0.16,2.399,0.24,2.721,0.272,0.26,0.8,2.623,0.749,5.407,2.663,1.93,10.0,Sample
1593,0 days 05:00:22,37.1,I9,1537,I,9,GFP-Gext,Plate 1,2026-03-19 17:02:56,Cytation5,5,5.0,1.8,1.8,1.0,44.0,40.0,2.4,2.7,0.259,2.625,50.0,0.0,0.0,1.0,1.0,1.0,0.02,2.0,2000.0,1.0,0.004,43.8,0.438,40.0,0.16,2.399,0.24,2.721,0.272,0.26,0.8,2.623,0.749,5.407,2.663,1.93,10.0,Sample
1594,0 days 05:05:22,37.0,I9,1547,I,9,GFP-Gext,Plate 1,2026-03-19 17:07:56,Cytation5,5,5.0,1.8,1.8,1.0,44.0,40.0,2.4,2.7,0.259,2.625,50.0,0.0,0.0,1.0,1.0,1.0,0.02,2.0,2000.0,1.0,0.004,43.8,0.438,40.0,0.16,2.399,0.24,2.721,0.272,0.26,0.8,2.623,0.749,5.407,2.663,1.93,10.0,Sample
1595,0 days 05:10:22,37.0,I9,1654,I,9,GFP-Gext,Plate 1,2026-03-19 17:12:56,Cytation5,5,5.0,1.8,1.8,1.0,44.0,40.0,2.4,2.7,0.259,2.625,50.0,0.0,0.0,1.0,1.0,1.0,0.02,2.0,2000.0,1.0,0.004,43.8,0.438,40.0,0.16,2.399,0.24,2.721,0.272,0.26,0.8,2.623,0.749,5.407,2.663,1.93,10.0,Sample
1596,0 days 05:15:22,37.1,I9,1629,I,9,GFP-Gext,Plate 1,2026-03-19 17:17:56,Cytation5,5,5.0,1.8,1.8,1.0,44.0,40.0,2.4,2.7,0.259,2.625,50.0,0.0,0.0,1.0,1.0,1.0,0.02,2.0,2000.0,1.0,0.004,43.8,0.438,40.0,0.16,2.399,0.24,2.721,0.272,0.26,0.8,2.623,0.749,5.407,2.663,1.93,10.0,Sample
1597,0 days 05:20:22,37.0,I9,1671,I,9,GFP-Gext,Plate 1,2026-03-19 17:22:56,Cytation5,5,5.0,1.8,1.8,1.0,44.0,40.0,2.4,2.7,0.259,2.625,50.0,0.0,0.0,1.0,1.0,1.0,0.02,2.0,2000.0,1.0,0.004,43.8,0.438,40.0,0.16,2.399,0.24,2.721,0.272,0.26,0.8,2.623,0.749,5.407,2.663,1.93,10.0,Sample
1598,0 days 05:25:22,37.0,I9,1716,I,9,GFP-Gext,Plate 1,2026-03-19 17:27:56,Cytation5,5,5.0,1.8,1.8,1.0,44.0,40.0,2.4,2.7,0.259,2.625,50.0,0.0,0.0,1.0,1.0,1.0,0.02,2.0,2000.0,1.0,0.004,43.8,0.438,40.0,0.16,2.399,0.24,2.721,0.272,0.26,0.8,2.623,0.749,5.407,2.663,1.93,10.0,Sample
1599,0 days 05:30:22,37.0,I9,1721,I,9,GFP-Gext,Plate 1,2026-03-19 17:32:56,Cytation5,5,5.0,1.8,1.8,1.0,44.0,40.0,2.4,2.7,0.259,2.625,50.0,0.0,0.0,1.0,1.0,1.0,0.02,2.0,2000.0,1.0,0.004,43.8,0.438,40.0,0.16,2.399,0.24,2.721,0.272,0.26,0.8,2.623,0.749,5.407,2.663,1.93,10.0,Sample
1600,0 days 05:35:22,37.0,I9,1791,I,9,GFP-Gext,Plate 1,2026-03-19 17:37:56,Cytation5,5,5.0,1.8,1.8,1.0,44.0,40.0,2.4,2.7,0.259,2.625,50.0,0.0,0.0,1.0,1.0,1.0,0.02,2.0,2000.0,1.0,0.004,43.8,0.438,40.0,0.16,2.399,0.24,2.721,0.272,0.26,0.8,2.623,0.749,5.407,2.663,1.93,10.0,Sample
1601,0 days 05:40:22,37.0,I9,1783,I,9,GFP-Gext,Plate 1,2026-03-19 17:42:56,Cytation5,5,5.0,1.8,1.8,1.0,44.0,40.0,2.4,2.7,0.259,2.625,50.0,0.0,0.0,1.0,1.0,1.0,0.02,2.0,2000.0,1.0,0.004,43.8,0.438,40.0,0.16,2.399,0.24,2.721,0.272,0.26,0.8,2.623,0.749,5.407,2.663,1.93,10.0,Sample
1602,0 days 05:45:22,37.0,I9,1868,I,9,GFP-Gext,Plate 1,2026-03-19 17:47:56,Cytation5,5,5.0,1.8,1.8,1.0,44.0,40.0,2.4,2.7,0.259,2.625,50.0,0.0,0.0,1.0,1.0,1.0,0.02,2.0,2000.0,1.0,0.004,43.8,0.438,40.0,0.16,2.399,0.24,2.721,0.272,0.26,0.8,2.623,0.749,5.407,2.663,1.93,10.0,Sample
1603,0 days 05:50:22,37.0,I9,1910,I,9,GFP-Gext,Plate 1,2026-03-19 17:52:56,Cytation5,5,5.0,1.8,1.8,1.0,44.0,40.0,2.4,2.7,0.259,2.625,50.0,0.0,0.0,1.0,1.0,1.0,0.02,2.0,2000.0,1.0,0.004,43.8,0.438,40.0,0.16,2.399,0.24,2.721,0.272,0.26,0.8,2.623,0.749,5.407,2.663,1.93,10.0,Sample
1604,0 days 05:55:22,37.0,I9,1921,I,9,GFP-Gext,Plate 1,2026-03-19 17:57:56,Cytation5,5,5.0,1.8,1.8,1.0,44.0,40.0,2.4,2.7,0.259,2.625,50.0,0.0,0.0,1.0,1.0,1.0,0.02,2.0,2000.0,1.0,0.004,43.8,0.438,40.0,0.16,2.399,0.24,2.721,0.272,0.26,0.8,2.623,0.749,5.407,2.663,1.93,10.0,Sample
1605,0 days 06:00:22,37.0,I9,1916,I,9,GFP-Gext,Plate 1,2026-03-19 18:02:56,Cytation5,5,5.0,1.8,1.8,1.0,44.0,40.0,2.4,2.7,0.259,2.625,50.0,0.0,0.0,1.0,1.0,1.0,0.02,2.0,2000.0,1.0,0.004,43.8,0.438,40.0,0.16,2.399,0.24,2.721,0.272,0.26,0.8,2.623,0.749,5.407,2.663,1.93,10.0,Sample
1606,0 days 00:00:22,27.7,I10,408,I,10,GFP-Gext,Plate 1,2026-03-19 12:02:56,Cytation5,13,5.0,1.8,1.8,22.0,60.0,42.5,2.2,2.3,0.399,3.185,50.0,0.0,0.0,1.0,1.0,1.0,0.02,2.0,2000.0,21.7,0.087,60.0,0.6,43.1,0.172,2.231,0.223,2.329,0.233,0.4,1.231,3.179,0.908,5.407,3.454,1.139,10.0,Sample
1607,0 days 00:05:22,33.8,I10,387,I,10,GFP-Gext,Plate 1,2026-03-19 12:07:56,Cytation5,13,5.0,1.8,1.8,22.0,60.0,42.5,2.2,2.3,0.399,3.185,50.0,0.0,0.0,1.0,1.0,1.0,0.02,2.0,2000.0,21.7,0.087,60.0,0.6,43.1,0.172,2.231,0.223,2.329,0.233,0.4,1.231,3.179,0.908,5.407,3.454,1.139,10.0,Sample
1608,0 days 00:10:22,37.0,I10,423,I,10,GFP-Gext,Plate 1,2026-03-19 12:12:56,Cytation5,13,5.0,1.8,1.8,22.0,60.0,42.5,2.2,2.3,0.399,3.185,50.0,0.0,0.0,1.0,1.0,1.0,0.02,2.0,2000.0,21.7,0.087,60.0,0.6,43.1,0.172,2.231,0.223,2.329,0.233,0.4,1.231,3.179,0.908,5.407,3.454,1.139,10.0,Sample
1609,0 days 00:15:22,37.0,I10,986,I,10,GFP-Gext,Plate 1,2026-03-19 12:17:56,Cytation5,13,5.0,1.8,1.8,22.0,60.0,42.5,2.2,2.3,0.399,3.185,50.0,0.0,0.0,1.0,1.0,1.0,0.02,2.0,2000.0,21.7,0.087,60.0,0.6,43.1,0.172,2.231,0.223,2.329,0.233,0.4,1.231,3.179,0.908,5.407,3.454,1.139,10.0,Sample
1610,0 days 00:20:22,37.0,I10,3628,I,10,GFP-Gext,Plate 1,2026-03-19 12:22:56,Cytation5,13,5.0,1.8,1.8,22.0,60.0,42.5,2.2,2.3,0.399,3.185,50.0,0.0,0.0,1.0,1.0,1.0,0.02,2.0,2000.0,21.7,0.087,60.0,0.6,43.1,0.172,2.231,0.223,2.329,0.233,0.4,1.231,3.179,0.908,5.407,3.454,1.139,10.0,Sample
1611,0 days 00:25:22,37.1,I10,9633,I,10,GFP-Gext,Plate 1,2026-03-19 12:27:56,Cytation5,13,5.0,1.8,1.8,22.0,60.0,42.5,2.2,2.3,0.399,3.185,50.0,0.0,0.0,1.0,1.0,1.0,0.02,2.0,2000.0,21.7,0.087,60.0,0.6,43.1,0.172,2.231,0.223,2.329,0.233,0.4,1.231,3.179,0.908,5.407,3.454,1.139,10.0,Sample
1612,0 days 00:30:22,37.0,I10,19118,I,10,GFP-Gext,Plate 1,2026-03-19 12:32:56,Cytation5,13,5.0,1.8,1.8,22.0,60.0,42.5,2.2,2.3,0.399,3.185,50.0,0.0,0.0,1.0,1.0,1.0,0.02,2.0,2000.0,21.7,0.087,60.0,0.6,43.1,0.172,2.231,0.223,2.329,0.233,0.4,1.231,3.179,0.908,5.407,3.454,1.139,10.0,Sample
1613,0 days 00:35:22,37.0,I10,30667,I,10,GFP-Gext,Plate 1,2026-03-19 12:37:56,Cytation5,13,5.0,1.8,1.8,22.0,60.0,42.5,2.2,2.3,0.399,3.185,50.0,0.0,0.0,1.0,1.0,1.0,0.02,2.0,2000.0,21.7,0.087,60.0,0.6,43.1,0.172,2.231,0.223,2.329,0.233,0.4,1.231,3.179,0.908,5.407,3.454,1.139,10.0,Sample
1614,0 days 00:40:22,37.0,I10,44868,I,10,GFP-Gext,Plate 1,2026-03-19 12:42:56,Cytation5,13,5.0,1.8,1.8,22.0,60.0,42.5,2.2,2.3,0.399,3.185,50.0,0.0,0.0,1.0,1.0,1.0,0.02,2.0,2000.0,21.7,0.087,60.0,0.6,43.1,0.172,2.231,0.223,2.329,0.233,0.4,1.231,3.179,0.908,5.407,3.454,1.139,10.0,Sample
1615,0 days 00:45:22,36.9,I10,59983,I,10,GFP-Gext,Plate 1,2026-03-19 12:47:56,Cytation5,13,5.0,1.8,1.8,22.0,60.0,42.5,2.2,2.3,0.399,3.185,50.0,0.0,0.0,1.0,1.0,1.0,0.02,2.0,2000.0,21.7,0.087,60.0,0.6,43.1,0.172,2.231,0.223,2.329,0.233,0.4,1.231,3.179,0.908,5.407,3.454,1.139,10.0,Sample
1616,0 days 00:50:22,37.0,I10,75691,I,10,GFP-Gext,Plate 1,2026-03-19 12:52:56,Cytation5,13,5.0,1.8,1.8,22.0,60.0,42.5,2.2,2.3,0.399,3.185,50.0,0.0,0.0,1.0,1.0,1.0,0.02,2.0,2000.0,21.7,0.087,60.0,0.6,43.1,0.172,2.231,0.223,2.329,0.233,0.4,1.231,3.179,0.908,5.407,3.454,1.139,10.0,Sample
1617,0 days 00:55:22,37.0,I10,91339,I,10,GFP-Gext,Plate 1,2026-03-19 12:57:56,Cytation5,13,5.0,1.8,1.8,22.0,60.0,42.5,2.2,2.3,0.399,3.185,50.0,0.0,0.0,1.0,1.0,1.0,0.02,2.0,2000.0,21.7,0.087,60.0,0.6,43.1,0.172,2.231,0.223,2.329,0.233,0.4,1.231,3.179,0.908,5.407,3.454,1.139,10.0,Sample
1618,0 days 01:00:22,37.0,I10,107302,I,10,GFP-Gext,Plate 1,2026-03-19 13:02:56,Cytation5,13,5.0,1.8,1.8,22.0,60.0,42.5,2.2,2.3,0.399,3.185,50.0,0.0,0.0,1.0,1.0,1.0,0.02,2.0,2000.0,21.7,0.087,60.0,0.6,43.1,0.172,2.231,0.223,2.329,0.233,0.4,1.231,3.179,0.908,5.407,3.454,1.139,10.0,Sample
1619,0 days 01:05:22,37.0,I10,121594,I,10,GFP-Gext,Plate 1,2026-03-19 13:07:56,Cytation5,13,5.0,1.8,1.8,22.0,60.0,42.5,2.2,2.3,0.399,3.185,50.0,0.0,0.0,1.0,1.0,1.0,0.02,2.0,2000.0,21.7,0.087,60.0,0.6,43.1,0.172,2.231,0.223,2.329,0.233,0.4,1.231,3.179,0.908,5.407,3.454,1.139,10.0,Sample
1620,0 days 01:10:22,37.0,I10,137528,I,10,GFP-Gext,Plate 1,2026-03-19 13:12:56,Cytation5,13,5.0,1.8,1.8,22.0,60.0,42.5,2.2,2.3,0.399,3.185,50.0,0.0,0.0,1.0,1.0,1.0,0.02,2.0,2000.0,21.7,0.087,60.0,0.6,43.1,0.172,2.231,0.223,2.329,0.233,0.4,1.231,3.179,0.908,5.407,3.454,1.139,10.0,Sample
1621,0 days 01:15:22,37.0,I10,150534,I,10,GFP-Gext,Plate 1,2026-03-19 13:17:56,Cytation5,13,5.0,1.8,1.8,22.0,60.0,42.5,2.2,2.3,0.399,3.185,50.0,0.0,0.0,1.0,1.0,1.0,0.02,2.0,2000.0,21.7,0.087,60.0,0.6,43.1,0.172,2.231,0.223,2.329,0.233,0.4,1.231,3.179,0.908,5.407,3.454,1.139,10.0,Sample
1622,0 days 01:20:22,37.0,I10,163978,I,10,GFP-Gext,Plate 1,2026-03-19 13:22:56,Cytation5,13,5.0,1.8,1.8,22.0,60.0,42.5,2.2,2.3,0.399,3.185,50.0,0.0,0.0,1.0,1.0,1.0,0.02,2.0,2000.0,21.7,0.087,60.0,0.6,43.1,0.172,2.231,0.223,2.329,0.233,0.4,1.231,3.179,0.908,5.407,3.454,1.139,10.0,Sample
1623,0 days 01:25:22,37.1,I10,175458,I,10,GFP-Gext,Plate 1,2026-03-19 13:27:56,Cytation5,13,5.0,1.8,1.8,22.0,60.0,42.5,2.2,2.3,0.399,3.185,50.0,0.0,0.0,1.0,1.0,1.0,0.02,2.0,2000.0,21.7,0.087,60.0,0.6,43.1,0.172,2.231,0.223,2.329,0.233,0.4,1.231,3.179,0.908,5.407,3.454,1.139,10.0,Sample
1624,0 days 01:30:22,37.1,I10,186805,I,10,GFP-Gext,Plate 1,2026-03-19 13:32:56,Cytation5,13,5.0,1.8,1.8,22.0,60.0,42.5,2.2,2.3,0.399,3.185,50.0,0.0,0.0,1.0,1.0,1.0,0.02,2.0,2000.0,21.7,0.087,60.0,0.6,43.1,0.172,2.231,0.223,2.329,0.233,0.4,1.231,3.179,0.908,5.407,3.454,1.139,10.0,Sample
1625,0 days 01:35:22,37.0,I10,196982,I,10,GFP-Gext,Plate 1,2026-03-19 13:37:56,Cytation5,13,5.0,1.8,1.8,22.0,60.0,42.5,2.2,2.3,0.399,3.185,50.0,0.0,0.0,1.0,1.0,1.0,0.02,2.0,2000.0,21.7,0.087,60.0,0.6,43.1,0.172,2.231,0.223,2.329,0.233,0.4,1.231,3.179,0.908,5.407,3.454,1.139,10.0,Sample
1626,0 days 01:40:22,37.0,I10,206945,I,10,GFP-Gext,Plate 1,2026-03-19 13:42:56,Cytation5,13,5.0,1.8,1.8,22.0,60.0,42.5,2.2,2.3,0.399,3.185,50.0,0.0,0.0,1.0,1.0,1.0,0.02,2.0,2000.0,21.7,0.087,60.0,0.6,43.1,0.172,2.231,0.223,2.329,0.233,0.4,1.231,3.179,0.908,5.407,3.454,1.139,10.0,Sample
1627,0 days 01:45:22,37.0,I10,216051,I,10,GFP-Gext,Plate 1,2026-03-19 13:47:56,Cytation5,13,5.0,1.8,1.8,22.0,60.0,42.5,2.2,2.3,0.399,3.185,50.0,0.0,0.0,1.0,1.0,1.0,0.02,2.0,2000.0,21.7,0.087,60.0,0.6,43.1,0.172,2.231,0.223,2.329,0.233,0.4,1.231,3.179,0.908,5.407,3.454,1.139,10.0,Sample
1628,0 days 01:50:22,36.9,I10,223975,I,10,GFP-Gext,Plate 1,2026-03-19 13:52:56,Cytation5,13,5.0,1.8,1.8,22.0,60.0,42.5,2.2,2.3,0.399,3.185,50.0,0.0,0.0,1.0,1.0,1.0,0.02,2.0,2000.0,21.7,0.087,60.0,0.6,43.1,0.172,2.231,0.223,2.329,0.233,0.4,1.231,3.179,0.908,5.407,3.454,1.139,10.0,Sample
1629,0 days 01:55:22,37.0,I10,230913,I,10,GFP-Gext,Plate 1,2026-03-19 13:57:56,Cytation5,13,5.0,1.8,1.8,22.0,60.0,42.5,2.2,2.3,0.399,3.185,50.0,0.0,0.0,1.0,1.0,1.0,0.02,2.0,2000.0,21.7,0.087,60.0,0.6,43.1,0.172,2.231,0.223,2.329,0.233,0.4,1.231,3.179,0.908,5.407,3.454,1.139,10.0,Sample
1630,0 days 02:00:22,37.0,I10,238187,I,10,GFP-Gext,Plate 1,2026-03-19 14:02:56,Cytation5,13,5.0,1.8,1.8,22.0,60.0,42.5,2.2,2.3,0.399,3.185,50.0,0.0,0.0,1.0,1.0,1.0,0.02,2.0,2000.0,21.7,0.087,60.0,0.6,43.1,0.172,2.231,0.223,2.329,0.233,0.4,1.231,3.179,0.908,5.407,3.454,1.139,10.0,Sample
1631,0 days 02:05:22,37.0,I10,243355,I,10,GFP-Gext,Plate 1,2026-03-19 14:07:56,Cytation5,13,5.0,1.8,1.8,22.0,60.0,42.5,2.2,2.3,0.399,3.185,50.0,0.0,0.0,1.0,1.0,1.0,0.02,2.0,2000.0,21.7,0.087,60.0,0.6,43.1,0.172,2.231,0.223,2.329,0.233,0.4,1.231,3.179,0.908,5.407,3.454,1.139,10.0,Sample
1632,0 days 02:10:22,37.0,I10,248944,I,10,GFP-Gext,Plate 1,2026-03-19 14:12:56,Cytation5,13,5.0,1.8,1.8,22.0,60.0,42.5,2.2,2.3,0.399,3.185,50.0,0.0,0.0,1.0,1.0,1.0,0.02,2.0,2000.0,21.7,0.087,60.0,0.6,43.1,0.172,2.231,0.223,2.329,0.233,0.4,1.231,3.179,0.908,5.407,3.454,1.139,10.0,Sample
1633,0 days 02:15:22,37.0,I10,253993,I,10,GFP-Gext,Plate 1,2026-03-19 14:17:56,Cytation5,13,5.0,1.8,1.8,22.0,60.0,42.5,2.2,2.3,0.399,3.185,50.0,0.0,0.0,1.0,1.0,1.0,0.02,2.0,2000.0,21.7,0.087,60.0,0.6,43.1,0.172,2.231,0.223,2.329,0.233,0.4,1.231,3.179,0.908,5.407,3.454,1.139,10.0,Sample
1634,0 days 02:20:22,37.0,I10,258715,I,10,GFP-Gext,Plate 1,2026-03-19 14:22:56,Cytation5,13,5.0,1.8,1.8,22.0,60.0,42.5,2.2,2.3,0.399,3.185,50.0,0.0,0.0,1.0,1.0,1.0,0.02,2.0,2000.0,21.7,0.087,60.0,0.6,43.1,0.172,2.231,0.223,2.329,0.233,0.4,1.231,3.179,0.908,5.407,3.454,1.139,10.0,Sample
1635,0 days 02:25:22,37.0,I10,262884,I,10,GFP-Gext,Plate 1,2026-03-19 14:27:56,Cytation5,13,5.0,1.8,1.8,22.0,60.0,42.5,2.2,2.3,0.399,3.185,50.0,0.0,0.0,1.0,1.0,1.0,0.02,2.0,2000.0,21.7,0.087,60.0,0.6,43.1,0.172,2.231,0.223,2.329,0.233,0.4,1.231,3.179,0.908,5.407,3.454,1.139,10.0,Sample
1636,0 days 02:30:22,37.1,I10,266754,I,10,GFP-Gext,Plate 1,2026-03-19 14:32:56,Cytation5,13,5.0,1.8,1.8,22.0,60.0,42.5,2.2,2.3,0.399,3.185,50.0,0.0,0.0,1.0,1.0,1.0,0.02,2.0,2000.0,21.7,0.087,60.0,0.6,43.1,0.172,2.231,0.223,2.329,0.233,0.4,1.231,3.179,0.908,5.407,3.454,1.139,10.0,Sample
1637,0 days 02:35:22,37.0,I10,270750,I,10,GFP-Gext,Plate 1,2026-03-19 14:37:56,Cytation5,13,5.0,1.8,1.8,22.0,60.0,42.5,2.2,2.3,0.399,3.185,50.0,0.0,0.0,1.0,1.0,1.0,0.02,2.0,2000.0,21.7,0.087,60.0,0.6,43.1,0.172,2.231,0.223,2.329,0.233,0.4,1.231,3.179,0.908,5.407,3.454,1.139,10.0,Sample
1638,0 days 02:40:22,37.0,I10,274340,I,10,GFP-Gext,Plate 1,2026-03-19 14:42:56,Cytation5,13,5.0,1.8,1.8,22.0,60.0,42.5,2.2,2.3,0.399,3.185,50.0,0.0,0.0,1.0,1.0,1.0,0.02,2.0,2000.0,21.7,0.087,60.0,0.6,43.1,0.172,2.231,0.223,2.329,0.233,0.4,1.231,3.179,0.908,5.407,3.454,1.139,10.0,Sample
1639,0 days 02:45:22,37.1,I10,278730,I,10,GFP-Gext,Plate 1,2026-03-19 14:47:56,Cytation5,13,5.0,1.8,1.8,22.0,60.0,42.5,2.2,2.3,0.399,3.185,50.0,0.0,0.0,1.0,1.0,1.0,0.02,2.0,2000.0,21.7,0.087,60.0,0.6,43.1,0.172,2.231,0.223,2.329,0.233,0.4,1.231,3.179,0.908,5.407,3.454,1.139,10.0,Sample
1640,0 days 02:50:22,37.0,I10,280593,I,10,GFP-Gext,Plate 1,2026-03-19 14:52:56,Cytation5,13,5.0,1.8,1.8,22.0,60.0,42.5,2.2,2.3,0.399,3.185,50.0,0.0,0.0,1.0,1.0,1.0,0.02,2.0,2000.0,21.7,0.087,60.0,0.6,43.1,0.172,2.231,0.223,2.329,0.233,0.4,1.231,3.179,0.908,5.407,3.454,1.139,10.0,Sample
1641,0 days 02:55:22,37.0,I10,282000,I,10,GFP-Gext,Plate 1,2026-03-19 14:57:56,Cytation5,13,5.0,1.8,1.8,22.0,60.0,42.5,2.2,2.3,0.399,3.185,50.0,0.0,0.0,1.0,1.0,1.0,0.02,2.0,2000.0,21.7,0.087,60.0,0.6,43.1,0.172,2.231,0.223,2.329,0.233,0.4,1.231,3.179,0.908,5.407,3.454,1.139,10.0,Sample
1642,0 days 03:00:22,37.0,I10,285167,I,10,GFP-Gext,Plate 1,2026-03-19 15:02:56,Cytation5,13,5.0,1.8,1.8,22.0,60.0,42.5,2.2,2.3,0.399,3.185,50.0,0.0,0.0,1.0,1.0,1.0,0.02,2.0,2000.0,21.7,0.087,60.0,0.6,43.1,0.172,2.231,0.223,2.329,0.233,0.4,1.231,3.179,0.908,5.407,3.454,1.139,10.0,Sample
1643,0 days 03:05:22,37.0,I10,286344,I,10,GFP-Gext,Plate 1,2026-03-19 15:07:56,Cytation5,13,5.0,1.8,1.8,22.0,60.0,42.5,2.2,2.3,0.399,3.185,50.0,0.0,0.0,1.0,1.0,1.0,0.02,2.0,2000.0,21.7,0.087,60.0,0.6,43.1,0.172,2.231,0.223,2.329,0.233,0.4,1.231,3.179,0.908,5.407,3.454,1.139,10.0,Sample
1644,0 days 03:10:22,37.0,I10,289221,I,10,GFP-Gext,Plate 1,2026-03-19 15:12:56,Cytation5,13,5.0,1.8,1.8,22.0,60.0,42.5,2.2,2.3,0.399,3.185,50.0,0.0,0.0,1.0,1.0,1.0,0.02,2.0,2000.0,21.7,0.087,60.0,0.6,43.1,0.172,2.231,0.223,2.329,0.233,0.4,1.231,3.179,0.908,5.407,3.454,1.139,10.0,Sample
1645,0 days 03:15:22,37.0,I10,290081,I,10,GFP-Gext,Plate 1,2026-03-19 15:17:56,Cytation5,13,5.0,1.8,1.8,22.0,60.0,42.5,2.2,2.3,0.399,3.185,50.0,0.0,0.0,1.0,1.0,1.0,0.02,2.0,2000.0,21.7,0.087,60.0,0.6,43.1,0.172,2.231,0.223,2.329,0.233,0.4,1.231,3.179,0.908,5.407,3.454,1.139,10.0,Sample
1646,0 days 03:20:22,37.0,I10,295686,I,10,GFP-Gext,Plate 1,2026-03-19 15:22:56,Cytation5,13,5.0,1.8,1.8,22.0,60.0,42.5,2.2,2.3,0.399,3.185,50.0,0.0,0.0,1.0,1.0,1.0,0.02,2.0,2000.0,21.7,0.087,60.0,0.6,43.1,0.172,2.231,0.223,2.329,0.233,0.4,1.231,3.179,0.908,5.407,3.454,1.139,10.0,Sample
1647,0 days 03:25:22,37.1,I10,295282,I,10,GFP-Gext,Plate 1,2026-03-19 15:27:56,Cytation5,13,5.0,1.8,1.8,22.0,60.0,42.5,2.2,2.3,0.399,3.185,50.0,0.0,0.0,1.0,1.0,1.0,0.02,2.0,2000.0,21.7,0.087,60.0,0.6,43.1,0.172,2.231,0.223,2.329,0.233,0.4,1.231,3.179,0.908,5.407,3.454,1.139,10.0,Sample
1648,0 days 03:30:22,36.9,I10,295819,I,10,GFP-Gext,Plate 1,2026-03-19 15:32:56,Cytation5,13,5.0,1.8,1.8,22.0,60.0,42.5,2.2,2.3,0.399,3.185,50.0,0.0,0.0,1.0,1.0,1.0,0.02,2.0,2000.0,21.7,0.087,60.0,0.6,43.1,0.172,2.231,0.223,2.329,0.233,0.4,1.231,3.179,0.908,5.407,3.454,1.139,10.0,Sample
1649,0 days 03:35:22,37.1,I10,299274,I,10,GFP-Gext,Plate 1,2026-03-19 15:37:56,Cytation5,13,5.0,1.8,1.8,22.0,60.0,42.5,2.2,2.3,0.399,3.185,50.0,0.0,0.0,1.0,1.0,1.0,0.02,2.0,2000.0,21.7,0.087,60.0,0.6,43.1,0.172,2.231,0.223,2.329,0.233,0.4,1.231,3.179,0.908,5.407,3.454,1.139,10.0,Sample
1650,0 days 03:40:22,37.0,I10,298783,I,10,GFP-Gext,Plate 1,2026-03-19 15:42:56,Cytation5,13,5.0,1.8,1.8,22.0,60.0,42.5,2.2,2.3,0.399,3.185,50.0,0.0,0.0,1.0,1.0,1.0,0.02,2.0,2000.0,21.7,0.087,60.0,0.6,43.1,0.172,2.231,0.223,2.329,0.233,0.4,1.231,3.179,0.908,5.407,3.454,1.139,10.0,Sample
1651,0 days 03:45:22,37.0,I10,298931,I,10,GFP-Gext,Plate 1,2026-03-19 15:47:56,Cytation5,13,5.0,1.8,1.8,22.0,60.0,42.5,2.2,2.3,0.399,3.185,50.0,0.0,0.0,1.0,1.0,1.0,0.02,2.0,2000.0,21.7,0.087,60.0,0.6,43.1,0.172,2.231,0.223,2.329,0.233,0.4,1.231,3.179,0.908,5.407,3.454,1.139,10.0,Sample
1652,0 days 03:50:22,37.0,I10,301017,I,10,GFP-Gext,Plate 1,2026-03-19 15:52:56,Cytation5,13,5.0,1.8,1.8,22.0,60.0,42.5,2.2,2.3,0.399,3.185,50.0,0.0,0.0,1.0,1.0,1.0,0.02,2.0,2000.0,21.7,0.087,60.0,0.6,43.1,0.172,2.231,0.223,2.329,0.233,0.4,1.231,3.179,0.908,5.407,3.454,1.139,10.0,Sample
1653,0 days 03:55:22,37.1,I10,302389,I,10,GFP-Gext,Plate 1,2026-03-19 15:57:56,Cytation5,13,5.0,1.8,1.8,22.0,60.0,42.5,2.2,2.3,0.399,3.185,50.0,0.0,0.0,1.0,1.0,1.0,0.02,2.0,2000.0,21.7,0.087,60.0,0.6,43.1,0.172,2.231,0.223,2.329,0.233,0.4,1.231,3.179,0.908,5.407,3.454,1.139,10.0,Sample
1654,0 days 04:00:22,37.0,I10,303434,I,10,GFP-Gext,Plate 1,2026-03-19 16:02:56,Cytation5,13,5.0,1.8,1.8,22.0,60.0,42.5,2.2,2.3,0.399,3.185,50.0,0.0,0.0,1.0,1.0,1.0,0.02,2.0,2000.0,21.7,0.087,60.0,0.6,43.1,0.172,2.231,0.223,2.329,0.233,0.4,1.231,3.179,0.908,5.407,3.454,1.139,10.0,Sample
1655,0 days 04:05:22,37.1,I10,304500,I,10,GFP-Gext,Plate 1,2026-03-19 16:07:56,Cytation5,13,5.0,1.8,1.8,22.0,60.0,42.5,2.2,2.3,0.399,3.185,50.0,0.0,0.0,1.0,1.0,1.0,0.02,2.0,2000.0,21.7,0.087,60.0,0.6,43.1,0.172,2.231,0.223,2.329,0.233,0.4,1.231,3.179,0.908,5.407,3.454,1.139,10.0,Sample
1656,0 days 04:10:22,37.0,I10,305256,I,10,GFP-Gext,Plate 1,2026-03-19 16:12:56,Cytation5,13,5.0,1.8,1.8,22.0,60.0,42.5,2.2,2.3,0.399,3.185,50.0,0.0,0.0,1.0,1.0,1.0,0.02,2.0,2000.0,21.7,0.087,60.0,0.6,43.1,0.172,2.231,0.223,2.329,0.233,0.4,1.231,3.179,0.908,5.407,3.454,1.139,10.0,Sample
1657,0 days 04:15:22,37.0,I10,306629,I,10,GFP-Gext,Plate 1,2026-03-19 16:17:56,Cytation5,13,5.0,1.8,1.8,22.0,60.0,42.5,2.2,2.3,0.399,3.185,50.0,0.0,0.0,1.0,1.0,1.0,0.02,2.0,2000.0,21.7,0.087,60.0,0.6,43.1,0.172,2.231,0.223,2.329,0.233,0.4,1.231,3.179,0.908,5.407,3.454,1.139,10.0,Sample
1658,0 days 04:20:22,37.0,I10,305407,I,10,GFP-Gext,Plate 1,2026-03-19 16:22:56,Cytation5,13,5.0,1.8,1.8,22.0,60.0,42.5,2.2,2.3,0.399,3.185,50.0,0.0,0.0,1.0,1.0,1.0,0.02,2.0,2000.0,21.7,0.087,60.0,0.6,43.1,0.172,2.231,0.223,2.329,0.233,0.4,1.231,3.179,0.908,5.407,3.454,1.139,10.0,Sample
1659,0 days 04:25:22,37.1,I10,307021,I,10,GFP-Gext,Plate 1,2026-03-19 16:27:56,Cytation5,13,5.0,1.8,1.8,22.0,60.0,42.5,2.2,2.3,0.399,3.185,50.0,0.0,0.0,1.0,1.0,1.0,0.02,2.0,2000.0,21.7,0.087,60.0,0.6,43.1,0.172,2.231,0.223,2.329,0.233,0.4,1.231,3.179,0.908,5.407,3.454,1.139,10.0,Sample
1660,0 days 04:30:22,37.0,I10,306393,I,10,GFP-Gext,Plate 1,2026-03-19 16:32:56,Cytation5,13,5.0,1.8,1.8,22.0,60.0,42.5,2.2,2.3,0.399,3.185,50.0,0.0,0.0,1.0,1.0,1.0,0.02,2.0,2000.0,21.7,0.087,60.0,0.6,43.1,0.172,2.231,0.223,2.329,0.233,0.4,1.231,3.179,0.908,5.407,3.454,1.139,10.0,Sample
1661,0 days 04:35:22,37.0,I10,307276,I,10,GFP-Gext,Plate 1,2026-03-19 16:37:56,Cytation5,13,5.0,1.8,1.8,22.0,60.0,42.5,2.2,2.3,0.399,3.185,50.0,0.0,0.0,1.0,1.0,1.0,0.02,2.0,2000.0,21.7,0.087,60.0,0.6,43.1,0.172,2.231,0.223,2.329,0.233,0.4,1.231,3.179,0.908,5.407,3.454,1.139,10.0,Sample
1662,0 days 04:40:22,37.0,I10,307828,I,10,GFP-Gext,Plate 1,2026-03-19 16:42:56,Cytation5,13,5.0,1.8,1.8,22.0,60.0,42.5,2.2,2.3,0.399,3.185,50.0,0.0,0.0,1.0,1.0,1.0,0.02,2.0,2000.0,21.7,0.087,60.0,0.6,43.1,0.172,2.231,0.223,2.329,0.233,0.4,1.231,3.179,0.908,5.407,3.454,1.139,10.0,Sample
1663,0 days 04:45:22,37.0,I10,308179,I,10,GFP-Gext,Plate 1,2026-03-19 16:47:56,Cytation5,13,5.0,1.8,1.8,22.0,60.0,42.5,2.2,2.3,0.399,3.185,50.0,0.0,0.0,1.0,1.0,1.0,0.02,2.0,2000.0,21.7,0.087,60.0,0.6,43.1,0.172,2.231,0.223,2.329,0.233,0.4,1.231,3.179,0.908,5.407,3.454,1.139,10.0,Sample
1664,0 days 04:50:22,37.0,I10,308479,I,10,GFP-Gext,Plate 1,2026-03-19 16:52:56,Cytation5,13,5.0,1.8,1.8,22.0,60.0,42.5,2.2,2.3,0.399,3.185,50.0,0.0,0.0,1.0,1.0,1.0,0.02,2.0,2000.0,21.7,0.087,60.0,0.6,43.1,0.172,2.231,0.223,2.329,0.233,0.4,1.231,3.179,0.908,5.407,3.454,1.139,10.0,Sample
1665,0 days 04:55:22,37.1,I10,308460,I,10,GFP-Gext,Plate 1,2026-03-19 16:57:56,Cytation5,13,5.0,1.8,1.8,22.0,60.0,42.5,2.2,2.3,0.399,3.185,50.0,0.0,0.0,1.0,1.0,1.0,0.02,2.0,2000.0,21.7,0.087,60.0,0.6,43.1,0.172,2.231,0.223,2.329,0.233,0.4,1.231,3.179,0.908,5.407,3.454,1.139,10.0,Sample
1666,0 days 05:00:22,37.1,I10,309875,I,10,GFP-Gext,Plate 1,2026-03-19 17:02:56,Cytation5,13,5.0,1.8,1.8,22.0,60.0,42.5,2.2,2.3,0.399,3.185,50.0,0.0,0.0,1.0,1.0,1.0,0.02,2.0,2000.0,21.7,0.087,60.0,0.6,43.1,0.172,2.231,0.223,2.329,0.233,0.4,1.231,3.179,0.908,5.407,3.454,1.139,10.0,Sample
1667,0 days 05:05:22,37.0,I10,309160,I,10,GFP-Gext,Plate 1,2026-03-19 17:07:56,Cytation5,13,5.0,1.8,1.8,22.0,60.0,42.5,2.2,2.3,0.399,3.185,50.0,0.0,0.0,1.0,1.0,1.0,0.02,2.0,2000.0,21.7,0.087,60.0,0.6,43.1,0.172,2.231,0.223,2.329,0.233,0.4,1.231,3.179,0.908,5.407,3.454,1.139,10.0,Sample
1668,0 days 05:10:22,37.0,I10,310409,I,10,GFP-Gext,Plate 1,2026-03-19 17:12:56,Cytation5,13,5.0,1.8,1.8,22.0,60.0,42.5,2.2,2.3,0.399,3.185,50.0,0.0,0.0,1.0,1.0,1.0,0.02,2.0,2000.0,21.7,0.087,60.0,0.6,43.1,0.172,2.231,0.223,2.329,0.233,0.4,1.231,3.179,0.908,5.407,3.454,1.139,10.0,Sample
1669,0 days 05:15:22,37.1,I10,310253,I,10,GFP-Gext,Plate 1,2026-03-19 17:17:56,Cytation5,13,5.0,1.8,1.8,22.0,60.0,42.5,2.2,2.3,0.399,3.185,50.0,0.0,0.0,1.0,1.0,1.0,0.02,2.0,2000.0,21.7,0.087,60.0,0.6,43.1,0.172,2.231,0.223,2.329,0.233,0.4,1.231,3.179,0.908,5.407,3.454,1.139,10.0,Sample
1670,0 days 05:20:22,37.0,I10,311040,I,10,GFP-Gext,Plate 1,2026-03-19 17:22:56,Cytation5,13,5.0,1.8,1.8,22.0,60.0,42.5,2.2,2.3,0.399,3.185,50.0,0.0,0.0,1.0,1.0,1.0,0.02,2.0,2000.0,21.7,0.087,60.0,0.6,43.1,0.172,2.231,0.223,2.329,0.233,0.4,1.231,3.179,0.908,5.407,3.454,1.139,10.0,Sample
1671,0 days 05:25:22,37.0,I10,310660,I,10,GFP-Gext,Plate 1,2026-03-19 17:27:56,Cytation5,13,5.0,1.8,1.8,22.0,60.0,42.5,2.2,2.3,0.399,3.185,50.0,0.0,0.0,1.0,1.0,1.0,0.02,2.0,2000.0,21.7,0.087,60.0,0.6,43.1,0.172,2.231,0.223,2.329,0.233,0.4,1.231,3.179,0.908,5.407,3.454,1.139,10.0,Sample
1672,0 days 05:30:22,37.0,I10,311684,I,10,GFP-Gext,Plate 1,2026-03-19 17:32:56,Cytation5,13,5.0,1.8,1.8,22.0,60.0,42.5,2.2,2.3,0.399,3.185,50.0,0.0,0.0,1.0,1.0,1.0,0.02,2.0,2000.0,21.7,0.087,60.0,0.6,43.1,0.172,2.231,0.223,2.329,0.233,0.4,1.231,3.179,0.908,5.407,3.454,1.139,10.0,Sample
1673,0 days 05:35:22,37.0,I10,311629,I,10,GFP-Gext,Plate 1,2026-03-19 17:37:56,Cytation5,13,5.0,1.8,1.8,22.0,60.0,42.5,2.2,2.3,0.399,3.185,50.0,0.0,0.0,1.0,1.0,1.0,0.02,2.0,2000.0,21.7,0.087,60.0,0.6,43.1,0.172,2.231,0.223,2.329,0.233,0.4,1.231,3.179,0.908,5.407,3.454,1.139,10.0,Sample
1674,0 days 05:40:22,37.0,I10,312419,I,10,GFP-Gext,Plate 1,2026-03-19 17:42:56,Cytation5,13,5.0,1.8,1.8,22.0,60.0,42.5,2.2,2.3,0.399,3.185,50.0,0.0,0.0,1.0,1.0,1.0,0.02,2.0,2000.0,21.7,0.087,60.0,0.6,43.1,0.172,2.231,0.223,2.329,0.233,0.4,1.231,3.179,0.908,5.407,3.454,1.139,10.0,Sample
1675,0 days 05:45:22,37.0,I10,311256,I,10,GFP-Gext,Plate 1,2026-03-19 17:47:56,Cytation5,13,5.0,1.8,1.8,22.0,60.0,42.5,2.2,2.3,0.399,3.185,50.0,0.0,0.0,1.0,1.0,1.0,0.02,2.0,2000.0,21.7,0.087,60.0,0.6,43.1,0.172,2.231,0.223,2.329,0.233,0.4,1.231,3.179,0.908,5.407,3.454,1.139,10.0,Sample
1676,0 days 05:50:22,37.0,I10,312466,I,10,GFP-Gext,Plate 1,2026-03-19 17:52:56,Cytation5,13,5.0,1.8,1.8,22.0,60.0,42.5,2.2,2.3,0.399,3.185,50.0,0.0,0.0,1.0,1.0,1.0,0.02,2.0,2000.0,21.7,0.087,60.0,0.6,43.1,0.172,2.231,0.223,2.329,0.233,0.4,1.231,3.179,0.908,5.407,3.454,1.139,10.0,Sample
1677,0 days 05:55:22,37.0,I10,313344,I,10,GFP-Gext,Plate 1,2026-03-19 17:57:56,Cytation5,13,5.0,1.8,1.8,22.0,60.0,42.5,2.2,2.3,0.399,3.185,50.0,0.0,0.0,1.0,1.0,1.0,0.02,2.0,2000.0,21.7,0.087,60.0,0.6,43.1,0.172,2.231,0.223,2.329,0.233,0.4,1.231,3.179,0.908,5.407,3.454,1.139,10.0,Sample
1678,0 days 06:00:22,37.0,I10,313331,I,10,GFP-Gext,Plate 1,2026-03-19 18:02:56,Cytation5,13,5.0,1.8,1.8,22.0,60.0,42.5,2.2,2.3,0.399,3.185,50.0,0.0,0.0,1.0,1.0,1.0,0.02,2.0,2000.0,21.7,0.087,60.0,0.6,43.1,0.172,2.231,0.223,2.329,0.233,0.4,1.231,3.179,0.908,5.407,3.454,1.139,10.0,Sample
1679,0 days 00:00:22,27.7,I11,367,I,11,GFP-Gext,Plate 1,2026-03-19 12:02:56,Cytation5,4,5.0,1.8,1.8,8.0,60.0,42.5,2.6,2.5,0.399,2.415,50.0,0.0,0.0,1.0,1.0,1.0,0.02,2.0,2000.0,7.7,0.031,60.0,0.6,41.5,0.166,2.633,0.263,2.516,0.252,0.4,1.231,2.426,0.693,5.407,3.236,1.357,10.0,Sample
1680,0 days 00:05:22,33.8,I11,391,I,11,GFP-Gext,Plate 1,2026-03-19 12:07:56,Cytation5,4,5.0,1.8,1.8,8.0,60.0,42.5,2.6,2.5,0.399,2.415,50.0,0.0,0.0,1.0,1.0,1.0,0.02,2.0,2000.0,7.7,0.031,60.0,0.6,41.5,0.166,2.633,0.263,2.516,0.252,0.4,1.231,2.426,0.693,5.407,3.236,1.357,10.0,Sample
1681,0 days 00:10:22,37.0,I11,550,I,11,GFP-Gext,Plate 1,2026-03-19 12:12:56,Cytation5,4,5.0,1.8,1.8,8.0,60.0,42.5,2.6,2.5,0.399,2.415,50.0,0.0,0.0,1.0,1.0,1.0,0.02,2.0,2000.0,7.7,0.031,60.0,0.6,41.5,0.166,2.633,0.263,2.516,0.252,0.4,1.231,2.426,0.693,5.407,3.236,1.357,10.0,Sample
1682,0 days 00:15:22,37.0,I11,1014,I,11,GFP-Gext,Plate 1,2026-03-19 12:17:56,Cytation5,4,5.0,1.8,1.8,8.0,60.0,42.5,2.6,2.5,0.399,2.415,50.0,0.0,0.0,1.0,1.0,1.0,0.02,2.0,2000.0,7.7,0.031,60.0,0.6,41.5,0.166,2.633,0.263,2.516,0.252,0.4,1.231,2.426,0.693,5.407,3.236,1.357,10.0,Sample
1683,0 days 00:20:22,37.0,I11,1817,I,11,GFP-Gext,Plate 1,2026-03-19 12:22:56,Cytation5,4,5.0,1.8,1.8,8.0,60.0,42.5,2.6,2.5,0.399,2.415,50.0,0.0,0.0,1.0,1.0,1.0,0.02,2.0,2000.0,7.7,0.031,60.0,0.6,41.5,0.166,2.633,0.263,2.516,0.252,0.4,1.231,2.426,0.693,5.407,3.236,1.357,10.0,Sample
1684,0 days 00:25:22,37.1,I11,2577,I,11,GFP-Gext,Plate 1,2026-03-19 12:27:56,Cytation5,4,5.0,1.8,1.8,8.0,60.0,42.5,2.6,2.5,0.399,2.415,50.0,0.0,0.0,1.0,1.0,1.0,0.02,2.0,2000.0,7.7,0.031,60.0,0.6,41.5,0.166,2.633,0.263,2.516,0.252,0.4,1.231,2.426,0.693,5.407,3.236,1.357,10.0,Sample
1685,0 days 00:30:22,37.0,I11,3341,I,11,GFP-Gext,Plate 1,2026-03-19 12:32:56,Cytation5,4,5.0,1.8,1.8,8.0,60.0,42.5,2.6,2.5,0.399,2.415,50.0,0.0,0.0,1.0,1.0,1.0,0.02,2.0,2000.0,7.7,0.031,60.0,0.6,41.5,0.166,2.633,0.263,2.516,0.252,0.4,1.231,2.426,0.693,5.407,3.236,1.357,10.0,Sample
1686,0 days 00:35:22,37.0,I11,3978,I,11,GFP-Gext,Plate 1,2026-03-19 12:37:56,Cytation5,4,5.0,1.8,1.8,8.0,60.0,42.5,2.6,2.5,0.399,2.415,50.0,0.0,0.0,1.0,1.0,1.0,0.02,2.0,2000.0,7.7,0.031,60.0,0.6,41.5,0.166,2.633,0.263,2.516,0.252,0.4,1.231,2.426,0.693,5.407,3.236,1.357,10.0,Sample
1687,0 days 00:40:22,37.0,I11,4585,I,11,GFP-Gext,Plate 1,2026-03-19 12:42:56,Cytation5,4,5.0,1.8,1.8,8.0,60.0,42.5,2.6,2.5,0.399,2.415,50.0,0.0,0.0,1.0,1.0,1.0,0.02,2.0,2000.0,7.7,0.031,60.0,0.6,41.5,0.166,2.633,0.263,2.516,0.252,0.4,1.231,2.426,0.693,5.407,3.236,1.357,10.0,Sample
1688,0 days 00:45:22,36.9,I11,5370,I,11,GFP-Gext,Plate 1,2026-03-19 12:47:56,Cytation5,4,5.0,1.8,1.8,8.0,60.0,42.5,2.6,2.5,0.399,2.415,50.0,0.0,0.0,1.0,1.0,1.0,0.02,2.0,2000.0,7.7,0.031,60.0,0.6,41.5,0.166,2.633,0.263,2.516,0.252,0.4,1.231,2.426,0.693,5.407,3.236,1.357,10.0,Sample
1689,0 days 00:50:22,37.0,I11,6085,I,11,GFP-Gext,Plate 1,2026-03-19 12:52:56,Cytation5,4,5.0,1.8,1.8,8.0,60.0,42.5,2.6,2.5,0.399,2.415,50.0,0.0,0.0,1.0,1.0,1.0,0.02,2.0,2000.0,7.7,0.031,60.0,0.6,41.5,0.166,2.633,0.263,2.516,0.252,0.4,1.231,2.426,0.693,5.407,3.236,1.357,10.0,Sample
1690,0 days 00:55:22,37.0,I11,6597,I,11,GFP-Gext,Plate 1,2026-03-19 12:57:56,Cytation5,4,5.0,1.8,1.8,8.0,60.0,42.5,2.6,2.5,0.399,2.415,50.0,0.0,0.0,1.0,1.0,1.0,0.02,2.0,2000.0,7.7,0.031,60.0,0.6,41.5,0.166,2.633,0.263,2.516,0.252,0.4,1.231,2.426,0.693,5.407,3.236,1.357,10.0,Sample
1691,0 days 01:00:22,37.0,I11,6938,I,11,GFP-Gext,Plate 1,2026-03-19 13:02:56,Cytation5,4,5.0,1.8,1.8,8.0,60.0,42.5,2.6,2.5,0.399,2.415,50.0,0.0,0.0,1.0,1.0,1.0,0.02,2.0,2000.0,7.7,0.031,60.0,0.6,41.5,0.166,2.633,0.263,2.516,0.252,0.4,1.231,2.426,0.693,5.407,3.236,1.357,10.0,Sample
1692,0 days 01:05:22,37.0,I11,7033,I,11,GFP-Gext,Plate 1,2026-03-19 13:07:56,Cytation5,4,5.0,1.8,1.8,8.0,60.0,42.5,2.6,2.5,0.399,2.415,50.0,0.0,0.0,1.0,1.0,1.0,0.02,2.0,2000.0,7.7,0.031,60.0,0.6,41.5,0.166,2.633,0.263,2.516,0.252,0.4,1.231,2.426,0.693,5.407,3.236,1.357,10.0,Sample
1693,0 days 01:10:22,37.0,I11,7131,I,11,GFP-Gext,Plate 1,2026-03-19 13:12:56,Cytation5,4,5.0,1.8,1.8,8.0,60.0,42.5,2.6,2.5,0.399,2.415,50.0,0.0,0.0,1.0,1.0,1.0,0.02,2.0,2000.0,7.7,0.031,60.0,0.6,41.5,0.166,2.633,0.263,2.516,0.252,0.4,1.231,2.426,0.693,5.407,3.236,1.357,10.0,Sample
1694,0 days 01:15:22,37.0,I11,7270,I,11,GFP-Gext,Plate 1,2026-03-19 13:17:56,Cytation5,4,5.0,1.8,1.8,8.0,60.0,42.5,2.6,2.5,0.399,2.415,50.0,0.0,0.0,1.0,1.0,1.0,0.02,2.0,2000.0,7.7,0.031,60.0,0.6,41.5,0.166,2.633,0.263,2.516,0.252,0.4,1.231,2.426,0.693,5.407,3.236,1.357,10.0,Sample
1695,0 days 01:20:22,37.0,I11,7610,I,11,GFP-Gext,Plate 1,2026-03-19 13:22:56,Cytation5,4,5.0,1.8,1.8,8.0,60.0,42.5,2.6,2.5,0.399,2.415,50.0,0.0,0.0,1.0,1.0,1.0,0.02,2.0,2000.0,7.7,0.031,60.0,0.6,41.5,0.166,2.633,0.263,2.516,0.252,0.4,1.231,2.426,0.693,5.407,3.236,1.357,10.0,Sample
1696,0 days 01:25:22,37.1,I11,7725,I,11,GFP-Gext,Plate 1,2026-03-19 13:27:56,Cytation5,4,5.0,1.8,1.8,8.0,60.0,42.5,2.6,2.5,0.399,2.415,50.0,0.0,0.0,1.0,1.0,1.0,0.02,2.0,2000.0,7.7,0.031,60.0,0.6,41.5,0.166,2.633,0.263,2.516,0.252,0.4,1.231,2.426,0.693,5.407,3.236,1.357,10.0,Sample
1697,0 days 01:30:22,37.1,I11,8046,I,11,GFP-Gext,Plate 1,2026-03-19 13:32:56,Cytation5,4,5.0,1.8,1.8,8.0,60.0,42.5,2.6,2.5,0.399,2.415,50.0,0.0,0.0,1.0,1.0,1.0,0.02,2.0,2000.0,7.7,0.031,60.0,0.6,41.5,0.166,2.633,0.263,2.516,0.252,0.4,1.231,2.426,0.693,5.407,3.236,1.357,10.0,Sample
1698,0 days 01:35:22,37.0,I11,8235,I,11,GFP-Gext,Plate 1,2026-03-19 13:37:56,Cytation5,4,5.0,1.8,1.8,8.0,60.0,42.5,2.6,2.5,0.399,2.415,50.0,0.0,0.0,1.0,1.0,1.0,0.02,2.0,2000.0,7.7,0.031,60.0,0.6,41.5,0.166,2.633,0.263,2.516,0.252,0.4,1.231,2.426,0.693,5.407,3.236,1.357,10.0,Sample
1699,0 days 01:40:22,37.0,I11,8460,I,11,GFP-Gext,Plate 1,2026-03-19 13:42:56,Cytation5,4,5.0,1.8,1.8,8.0,60.0,42.5,2.6,2.5,0.399,2.415,50.0,0.0,0.0,1.0,1.0,1.0,0.02,2.0,2000.0,7.7,0.031,60.0,0.6,41.5,0.166,2.633,0.263,2.516,0.252,0.4,1.231,2.426,0.693,5.407,3.236,1.357,10.0,Sample
1700,0 days 01:45:22,37.0,I11,8614,I,11,GFP-Gext,Plate 1,2026-03-19 13:47:56,Cytation5,4,5.0,1.8,1.8,8.0,60.0,42.5,2.6,2.5,0.399,2.415,50.0,0.0,0.0,1.0,1.0,1.0,0.02,2.0,2000.0,7.7,0.031,60.0,0.6,41.5,0.166,2.633,0.263,2.516,0.252,0.4,1.231,2.426,0.693,5.407,3.236,1.357,10.0,Sample
1701,0 days 01:50:22,36.9,I11,8539,I,11,GFP-Gext,Plate 1,2026-03-19 13:52:56,Cytation5,4,5.0,1.8,1.8,8.0,60.0,42.5,2.6,2.5,0.399,2.415,50.0,0.0,0.0,1.0,1.0,1.0,0.02,2.0,2000.0,7.7,0.031,60.0,0.6,41.5,0.166,2.633,0.263,2.516,0.252,0.4,1.231,2.426,0.693,5.407,3.236,1.357,10.0,Sample
1702,0 days 01:55:22,37.0,I11,8656,I,11,GFP-Gext,Plate 1,2026-03-19 13:57:56,Cytation5,4,5.0,1.8,1.8,8.0,60.0,42.5,2.6,2.5,0.399,2.415,50.0,0.0,0.0,1.0,1.0,1.0,0.02,2.0,2000.0,7.7,0.031,60.0,0.6,41.5,0.166,2.633,0.263,2.516,0.252,0.4,1.231,2.426,0.693,5.407,3.236,1.357,10.0,Sample
1703,0 days 02:00:22,37.0,I11,8897,I,11,GFP-Gext,Plate 1,2026-03-19 14:02:56,Cytation5,4,5.0,1.8,1.8,8.0,60.0,42.5,2.6,2.5,0.399,2.415,50.0,0.0,0.0,1.0,1.0,1.0,0.02,2.0,2000.0,7.7,0.031,60.0,0.6,41.5,0.166,2.633,0.263,2.516,0.252,0.4,1.231,2.426,0.693,5.407,3.236,1.357,10.0,Sample
1704,0 days 02:05:22,37.0,I11,8730,I,11,GFP-Gext,Plate 1,2026-03-19 14:07:56,Cytation5,4,5.0,1.8,1.8,8.0,60.0,42.5,2.6,2.5,0.399,2.415,50.0,0.0,0.0,1.0,1.0,1.0,0.02,2.0,2000.0,7.7,0.031,60.0,0.6,41.5,0.166,2.633,0.263,2.516,0.252,0.4,1.231,2.426,0.693,5.407,3.236,1.357,10.0,Sample
1705,0 days 02:10:22,37.0,I11,8892,I,11,GFP-Gext,Plate 1,2026-03-19 14:12:56,Cytation5,4,5.0,1.8,1.8,8.0,60.0,42.5,2.6,2.5,0.399,2.415,50.0,0.0,0.0,1.0,1.0,1.0,0.02,2.0,2000.0,7.7,0.031,60.0,0.6,41.5,0.166,2.633,0.263,2.516,0.252,0.4,1.231,2.426,0.693,5.407,3.236,1.357,10.0,Sample
1706,0 days 02:15:22,37.0,I11,8908,I,11,GFP-Gext,Plate 1,2026-03-19 14:17:56,Cytation5,4,5.0,1.8,1.8,8.0,60.0,42.5,2.6,2.5,0.399,2.415,50.0,0.0,0.0,1.0,1.0,1.0,0.02,2.0,2000.0,7.7,0.031,60.0,0.6,41.5,0.166,2.633,0.263,2.516,0.252,0.4,1.231,2.426,0.693,5.407,3.236,1.357,10.0,Sample
1707,0 days 02:20:22,37.0,I11,8937,I,11,GFP-Gext,Plate 1,2026-03-19 14:22:56,Cytation5,4,5.0,1.8,1.8,8.0,60.0,42.5,2.6,2.5,0.399,2.415,50.0,0.0,0.0,1.0,1.0,1.0,0.02,2.0,2000.0,7.7,0.031,60.0,0.6,41.5,0.166,2.633,0.263,2.516,0.252,0.4,1.231,2.426,0.693,5.407,3.236,1.357,10.0,Sample
1708,0 days 02:25:22,37.0,I11,9058,I,11,GFP-Gext,Plate 1,2026-03-19 14:27:56,Cytation5,4,5.0,1.8,1.8,8.0,60.0,42.5,2.6,2.5,0.399,2.415,50.0,0.0,0.0,1.0,1.0,1.0,0.02,2.0,2000.0,7.7,0.031,60.0,0.6,41.5,0.166,2.633,0.263,2.516,0.252,0.4,1.231,2.426,0.693,5.407,3.236,1.357,10.0,Sample
1709,0 days 02:30:22,37.1,I11,8955,I,11,GFP-Gext,Plate 1,2026-03-19 14:32:56,Cytation5,4,5.0,1.8,1.8,8.0,60.0,42.5,2.6,2.5,0.399,2.415,50.0,0.0,0.0,1.0,1.0,1.0,0.02,2.0,2000.0,7.7,0.031,60.0,0.6,41.5,0.166,2.633,0.263,2.516,0.252,0.4,1.231,2.426,0.693,5.407,3.236,1.357,10.0,Sample
1710,0 days 02:35:22,37.0,I11,9204,I,11,GFP-Gext,Plate 1,2026-03-19 14:37:56,Cytation5,4,5.0,1.8,1.8,8.0,60.0,42.5,2.6,2.5,0.399,2.415,50.0,0.0,0.0,1.0,1.0,1.0,0.02,2.0,2000.0,7.7,0.031,60.0,0.6,41.5,0.166,2.633,0.263,2.516,0.252,0.4,1.231,2.426,0.693,5.407,3.236,1.357,10.0,Sample
1711,0 days 02:40:22,37.0,I11,9286,I,11,GFP-Gext,Plate 1,2026-03-19 14:42:56,Cytation5,4,5.0,1.8,1.8,8.0,60.0,42.5,2.6,2.5,0.399,2.415,50.0,0.0,0.0,1.0,1.0,1.0,0.02,2.0,2000.0,7.7,0.031,60.0,0.6,41.5,0.166,2.633,0.263,2.516,0.252,0.4,1.231,2.426,0.693,5.407,3.236,1.357,10.0,Sample
1712,0 days 02:45:22,37.1,I11,9237,I,11,GFP-Gext,Plate 1,2026-03-19 14:47:56,Cytation5,4,5.0,1.8,1.8,8.0,60.0,42.5,2.6,2.5,0.399,2.415,50.0,0.0,0.0,1.0,1.0,1.0,0.02,2.0,2000.0,7.7,0.031,60.0,0.6,41.5,0.166,2.633,0.263,2.516,0.252,0.4,1.231,2.426,0.693,5.407,3.236,1.357,10.0,Sample
1713,0 days 02:50:22,37.0,I11,9334,I,11,GFP-Gext,Plate 1,2026-03-19 14:52:56,Cytation5,4,5.0,1.8,1.8,8.0,60.0,42.5,2.6,2.5,0.399,2.415,50.0,0.0,0.0,1.0,1.0,1.0,0.02,2.0,2000.0,7.7,0.031,60.0,0.6,41.5,0.166,2.633,0.263,2.516,0.252,0.4,1.231,2.426,0.693,5.407,3.236,1.357,10.0,Sample
1714,0 days 02:55:22,37.0,I11,9499,I,11,GFP-Gext,Plate 1,2026-03-19 14:57:56,Cytation5,4,5.0,1.8,1.8,8.0,60.0,42.5,2.6,2.5,0.399,2.415,50.0,0.0,0.0,1.0,1.0,1.0,0.02,2.0,2000.0,7.7,0.031,60.0,0.6,41.5,0.166,2.633,0.263,2.516,0.252,0.4,1.231,2.426,0.693,5.407,3.236,1.357,10.0,Sample
1715,0 days 03:00:22,37.0,I11,9513,I,11,GFP-Gext,Plate 1,2026-03-19 15:02:56,Cytation5,4,5.0,1.8,1.8,8.0,60.0,42.5,2.6,2.5,0.399,2.415,50.0,0.0,0.0,1.0,1.0,1.0,0.02,2.0,2000.0,7.7,0.031,60.0,0.6,41.5,0.166,2.633,0.263,2.516,0.252,0.4,1.231,2.426,0.693,5.407,3.236,1.357,10.0,Sample
1716,0 days 03:05:22,37.0,I11,9544,I,11,GFP-Gext,Plate 1,2026-03-19 15:07:56,Cytation5,4,5.0,1.8,1.8,8.0,60.0,42.5,2.6,2.5,0.399,2.415,50.0,0.0,0.0,1.0,1.0,1.0,0.02,2.0,2000.0,7.7,0.031,60.0,0.6,41.5,0.166,2.633,0.263,2.516,0.252,0.4,1.231,2.426,0.693,5.407,3.236,1.357,10.0,Sample
1717,0 days 03:10:22,37.0,I11,9778,I,11,GFP-Gext,Plate 1,2026-03-19 15:12:56,Cytation5,4,5.0,1.8,1.8,8.0,60.0,42.5,2.6,2.5,0.399,2.415,50.0,0.0,0.0,1.0,1.0,1.0,0.02,2.0,2000.0,7.7,0.031,60.0,0.6,41.5,0.166,2.633,0.263,2.516,0.252,0.4,1.231,2.426,0.693,5.407,3.236,1.357,10.0,Sample
1718,0 days 03:15:22,37.0,I11,9914,I,11,GFP-Gext,Plate 1,2026-03-19 15:17:56,Cytation5,4,5.0,1.8,1.8,8.0,60.0,42.5,2.6,2.5,0.399,2.415,50.0,0.0,0.0,1.0,1.0,1.0,0.02,2.0,2000.0,7.7,0.031,60.0,0.6,41.5,0.166,2.633,0.263,2.516,0.252,0.4,1.231,2.426,0.693,5.407,3.236,1.357,10.0,Sample
1719,0 days 03:20:22,37.0,I11,9795,I,11,GFP-Gext,Plate 1,2026-03-19 15:22:56,Cytation5,4,5.0,1.8,1.8,8.0,60.0,42.5,2.6,2.5,0.399,2.415,50.0,0.0,0.0,1.0,1.0,1.0,0.02,2.0,2000.0,7.7,0.031,60.0,0.6,41.5,0.166,2.633,0.263,2.516,0.252,0.4,1.231,2.426,0.693,5.407,3.236,1.357,10.0,Sample
1720,0 days 03:25:22,37.1,I11,9891,I,11,GFP-Gext,Plate 1,2026-03-19 15:27:56,Cytation5,4,5.0,1.8,1.8,8.0,60.0,42.5,2.6,2.5,0.399,2.415,50.0,0.0,0.0,1.0,1.0,1.0,0.02,2.0,2000.0,7.7,0.031,60.0,0.6,41.5,0.166,2.633,0.263,2.516,0.252,0.4,1.231,2.426,0.693,5.407,3.236,1.357,10.0,Sample
1721,0 days 03:30:22,36.9,I11,9741,I,11,GFP-Gext,Plate 1,2026-03-19 15:32:56,Cytation5,4,5.0,1.8,1.8,8.0,60.0,42.5,2.6,2.5,0.399,2.415,50.0,0.0,0.0,1.0,1.0,1.0,0.02,2.0,2000.0,7.7,0.031,60.0,0.6,41.5,0.166,2.633,0.263,2.516,0.252,0.4,1.231,2.426,0.693,5.407,3.236,1.357,10.0,Sample
1722,0 days 03:35:22,37.1,I11,9890,I,11,GFP-Gext,Plate 1,2026-03-19 15:37:56,Cytation5,4,5.0,1.8,1.8,8.0,60.0,42.5,2.6,2.5,0.399,2.415,50.0,0.0,0.0,1.0,1.0,1.0,0.02,2.0,2000.0,7.7,0.031,60.0,0.6,41.5,0.166,2.633,0.263,2.516,0.252,0.4,1.231,2.426,0.693,5.407,3.236,1.357,10.0,Sample
1723,0 days 03:40:22,37.0,I11,9974,I,11,GFP-Gext,Plate 1,2026-03-19 15:42:56,Cytation5,4,5.0,1.8,1.8,8.0,60.0,42.5,2.6,2.5,0.399,2.415,50.0,0.0,0.0,1.0,1.0,1.0,0.02,2.0,2000.0,7.7,0.031,60.0,0.6,41.5,0.166,2.633,0.263,2.516,0.252,0.4,1.231,2.426,0.693,5.407,3.236,1.357,10.0,Sample
1724,0 days 03:45:22,37.0,I11,10003,I,11,GFP-Gext,Plate 1,2026-03-19 15:47:56,Cytation5,4,5.0,1.8,1.8,8.0,60.0,42.5,2.6,2.5,0.399,2.415,50.0,0.0,0.0,1.0,1.0,1.0,0.02,2.0,2000.0,7.7,0.031,60.0,0.6,41.5,0.166,2.633,0.263,2.516,0.252,0.4,1.231,2.426,0.693,5.407,3.236,1.357,10.0,Sample
1725,0 days 03:50:22,37.0,I11,9863,I,11,GFP-Gext,Plate 1,2026-03-19 15:52:56,Cytation5,4,5.0,1.8,1.8,8.0,60.0,42.5,2.6,2.5,0.399,2.415,50.0,0.0,0.0,1.0,1.0,1.0,0.02,2.0,2000.0,7.7,0.031,60.0,0.6,41.5,0.166,2.633,0.263,2.516,0.252,0.4,1.231,2.426,0.693,5.407,3.236,1.357,10.0,Sample
1726,0 days 03:55:22,37.1,I11,10054,I,11,GFP-Gext,Plate 1,2026-03-19 15:57:56,Cytation5,4,5.0,1.8,1.8,8.0,60.0,42.5,2.6,2.5,0.399,2.415,50.0,0.0,0.0,1.0,1.0,1.0,0.02,2.0,2000.0,7.7,0.031,60.0,0.6,41.5,0.166,2.633,0.263,2.516,0.252,0.4,1.231,2.426,0.693,5.407,3.236,1.357,10.0,Sample
1727,0 days 04:00:22,37.0,I11,9997,I,11,GFP-Gext,Plate 1,2026-03-19 16:02:56,Cytation5,4,5.0,1.8,1.8,8.0,60.0,42.5,2.6,2.5,0.399,2.415,50.0,0.0,0.0,1.0,1.0,1.0,0.02,2.0,2000.0,7.7,0.031,60.0,0.6,41.5,0.166,2.633,0.263,2.516,0.252,0.4,1.231,2.426,0.693,5.407,3.236,1.357,10.0,Sample
1728,0 days 04:05:22,37.1,I11,10130,I,11,GFP-Gext,Plate 1,2026-03-19 16:07:56,Cytation5,4,5.0,1.8,1.8,8.0,60.0,42.5,2.6,2.5,0.399,2.415,50.0,0.0,0.0,1.0,1.0,1.0,0.02,2.0,2000.0,7.7,0.031,60.0,0.6,41.5,0.166,2.633,0.263,2.516,0.252,0.4,1.231,2.426,0.693,5.407,3.236,1.357,10.0,Sample
1729,0 days 04:10:22,37.0,I11,10045,I,11,GFP-Gext,Plate 1,2026-03-19 16:12:56,Cytation5,4,5.0,1.8,1.8,8.0,60.0,42.5,2.6,2.5,0.399,2.415,50.0,0.0,0.0,1.0,1.0,1.0,0.02,2.0,2000.0,7.7,0.031,60.0,0.6,41.5,0.166,2.633,0.263,2.516,0.252,0.4,1.231,2.426,0.693,5.407,3.236,1.357,10.0,Sample
1730,0 days 04:15:22,37.0,I11,10174,I,11,GFP-Gext,Plate 1,2026-03-19 16:17:56,Cytation5,4,5.0,1.8,1.8,8.0,60.0,42.5,2.6,2.5,0.399,2.415,50.0,0.0,0.0,1.0,1.0,1.0,0.02,2.0,2000.0,7.7,0.031,60.0,0.6,41.5,0.166,2.633,0.263,2.516,0.252,0.4,1.231,2.426,0.693,5.407,3.236,1.357,10.0,Sample
1731,0 days 04:20:22,37.0,I11,10130,I,11,GFP-Gext,Plate 1,2026-03-19 16:22:56,Cytation5,4,5.0,1.8,1.8,8.0,60.0,42.5,2.6,2.5,0.399,2.415,50.0,0.0,0.0,1.0,1.0,1.0,0.02,2.0,2000.0,7.7,0.031,60.0,0.6,41.5,0.166,2.633,0.263,2.516,0.252,0.4,1.231,2.426,0.693,5.407,3.236,1.357,10.0,Sample
1732,0 days 04:25:22,37.1,I11,10201,I,11,GFP-Gext,Plate 1,2026-03-19 16:27:56,Cytation5,4,5.0,1.8,1.8,8.0,60.0,42.5,2.6,2.5,0.399,2.415,50.0,0.0,0.0,1.0,1.0,1.0,0.02,2.0,2000.0,7.7,0.031,60.0,0.6,41.5,0.166,2.633,0.263,2.516,0.252,0.4,1.231,2.426,0.693,5.407,3.236,1.357,10.0,Sample
1733,0 days 04:30:22,37.0,I11,10004,I,11,GFP-Gext,Plate 1,2026-03-19 16:32:56,Cytation5,4,5.0,1.8,1.8,8.0,60.0,42.5,2.6,2.5,0.399,2.415,50.0,0.0,0.0,1.0,1.0,1.0,0.02,2.0,2000.0,7.7,0.031,60.0,0.6,41.5,0.166,2.633,0.263,2.516,0.252,0.4,1.231,2.426,0.693,5.407,3.236,1.357,10.0,Sample
1734,0 days 04:35:22,37.0,I11,10211,I,11,GFP-Gext,Plate 1,2026-03-19 16:37:56,Cytation5,4,5.0,1.8,1.8,8.0,60.0,42.5,2.6,2.5,0.399,2.415,50.0,0.0,0.0,1.0,1.0,1.0,0.02,2.0,2000.0,7.7,0.031,60.0,0.6,41.5,0.166,2.633,0.263,2.516,0.252,0.4,1.231,2.426,0.693,5.407,3.236,1.357,10.0,Sample
1735,0 days 04:40:22,37.0,I11,10145,I,11,GFP-Gext,Plate 1,2026-03-19 16:42:56,Cytation5,4,5.0,1.8,1.8,8.0,60.0,42.5,2.6,2.5,0.399,2.415,50.0,0.0,0.0,1.0,1.0,1.0,0.02,2.0,2000.0,7.7,0.031,60.0,0.6,41.5,0.166,2.633,0.263,2.516,0.252,0.4,1.231,2.426,0.693,5.407,3.236,1.357,10.0,Sample
1736,0 days 04:45:22,37.0,I11,10301,I,11,GFP-Gext,Plate 1,2026-03-19 16:47:56,Cytation5,4,5.0,1.8,1.8,8.0,60.0,42.5,2.6,2.5,0.399,2.415,50.0,0.0,0.0,1.0,1.0,1.0,0.02,2.0,2000.0,7.7,0.031,60.0,0.6,41.5,0.166,2.633,0.263,2.516,0.252,0.4,1.231,2.426,0.693,5.407,3.236,1.357,10.0,Sample
1737,0 days 04:50:22,37.0,I11,10246,I,11,GFP-Gext,Plate 1,2026-03-19 16:52:56,Cytation5,4,5.0,1.8,1.8,8.0,60.0,42.5,2.6,2.5,0.399,2.415,50.0,0.0,0.0,1.0,1.0,1.0,0.02,2.0,2000.0,7.7,0.031,60.0,0.6,41.5,0.166,2.633,0.263,2.516,0.252,0.4,1.231,2.426,0.693,5.407,3.236,1.357,10.0,Sample
1738,0 days 04:55:22,37.1,I11,10255,I,11,GFP-Gext,Plate 1,2026-03-19 16:57:56,Cytation5,4,5.0,1.8,1.8,8.0,60.0,42.5,2.6,2.5,0.399,2.415,50.0,0.0,0.0,1.0,1.0,1.0,0.02,2.0,2000.0,7.7,0.031,60.0,0.6,41.5,0.166,2.633,0.263,2.516,0.252,0.4,1.231,2.426,0.693,5.407,3.236,1.357,10.0,Sample
1739,0 days 05:00:22,37.1,I11,10335,I,11,GFP-Gext,Plate 1,2026-03-19 17:02:56,Cytation5,4,5.0,1.8,1.8,8.0,60.0,42.5,2.6,2.5,0.399,2.415,50.0,0.0,0.0,1.0,1.0,1.0,0.02,2.0,2000.0,7.7,0.031,60.0,0.6,41.5,0.166,2.633,0.263,2.516,0.252,0.4,1.231,2.426,0.693,5.407,3.236,1.357,10.0,Sample
1740,0 days 05:05:22,37.0,I11,10302,I,11,GFP-Gext,Plate 1,2026-03-19 17:07:56,Cytation5,4,5.0,1.8,1.8,8.0,60.0,42.5,2.6,2.5,0.399,2.415,50.0,0.0,0.0,1.0,1.0,1.0,0.02,2.0,2000.0,7.7,0.031,60.0,0.6,41.5,0.166,2.633,0.263,2.516,0.252,0.4,1.231,2.426,0.693,5.407,3.236,1.357,10.0,Sample
1741,0 days 05:10:22,37.0,I11,10332,I,11,GFP-Gext,Plate 1,2026-03-19 17:12:56,Cytation5,4,5.0,1.8,1.8,8.0,60.0,42.5,2.6,2.5,0.399,2.415,50.0,0.0,0.0,1.0,1.0,1.0,0.02,2.0,2000.0,7.7,0.031,60.0,0.6,41.5,0.166,2.633,0.263,2.516,0.252,0.4,1.231,2.426,0.693,5.407,3.236,1.357,10.0,Sample
1742,0 days 05:15:22,37.1,I11,10330,I,11,GFP-Gext,Plate 1,2026-03-19 17:17:56,Cytation5,4,5.0,1.8,1.8,8.0,60.0,42.5,2.6,2.5,0.399,2.415,50.0,0.0,0.0,1.0,1.0,1.0,0.02,2.0,2000.0,7.7,0.031,60.0,0.6,41.5,0.166,2.633,0.263,2.516,0.252,0.4,1.231,2.426,0.693,5.407,3.236,1.357,10.0,Sample
1743,0 days 05:20:22,37.0,I11,10372,I,11,GFP-Gext,Plate 1,2026-03-19 17:22:56,Cytation5,4,5.0,1.8,1.8,8.0,60.0,42.5,2.6,2.5,0.399,2.415,50.0,0.0,0.0,1.0,1.0,1.0,0.02,2.0,2000.0,7.7,0.031,60.0,0.6,41.5,0.166,2.633,0.263,2.516,0.252,0.4,1.231,2.426,0.693,5.407,3.236,1.357,10.0,Sample
1744,0 days 05:25:22,37.0,I11,10510,I,11,GFP-Gext,Plate 1,2026-03-19 17:27:56,Cytation5,4,5.0,1.8,1.8,8.0,60.0,42.5,2.6,2.5,0.399,2.415,50.0,0.0,0.0,1.0,1.0,1.0,0.02,2.0,2000.0,7.7,0.031,60.0,0.6,41.5,0.166,2.633,0.263,2.516,0.252,0.4,1.231,2.426,0.693,5.407,3.236,1.357,10.0,Sample
1745,0 days 05:30:22,37.0,I11,10574,I,11,GFP-Gext,Plate 1,2026-03-19 17:32:56,Cytation5,4,5.0,1.8,1.8,8.0,60.0,42.5,2.6,2.5,0.399,2.415,50.0,0.0,0.0,1.0,1.0,1.0,0.02,2.0,2000.0,7.7,0.031,60.0,0.6,41.5,0.166,2.633,0.263,2.516,0.252,0.4,1.231,2.426,0.693,5.407,3.236,1.357,10.0,Sample
1746,0 days 05:35:22,37.0,I11,10632,I,11,GFP-Gext,Plate 1,2026-03-19 17:37:56,Cytation5,4,5.0,1.8,1.8,8.0,60.0,42.5,2.6,2.5,0.399,2.415,50.0,0.0,0.0,1.0,1.0,1.0,0.02,2.0,2000.0,7.7,0.031,60.0,0.6,41.5,0.166,2.633,0.263,2.516,0.252,0.4,1.231,2.426,0.693,5.407,3.236,1.357,10.0,Sample
1747,0 days 05:40:22,37.0,I11,10614,I,11,GFP-Gext,Plate 1,2026-03-19 17:42:56,Cytation5,4,5.0,1.8,1.8,8.0,60.0,42.5,2.6,2.5,0.399,2.415,50.0,0.0,0.0,1.0,1.0,1.0,0.02,2.0,2000.0,7.7,0.031,60.0,0.6,41.5,0.166,2.633,0.263,2.516,0.252,0.4,1.231,2.426,0.693,5.407,3.236,1.357,10.0,Sample
1748,0 days 05:45:22,37.0,I11,10510,I,11,GFP-Gext,Plate 1,2026-03-19 17:47:56,Cytation5,4,5.0,1.8,1.8,8.0,60.0,42.5,2.6,2.5,0.399,2.415,50.0,0.0,0.0,1.0,1.0,1.0,0.02,2.0,2000.0,7.7,0.031,60.0,0.6,41.5,0.166,2.633,0.263,2.516,0.252,0.4,1.231,2.426,0.693,5.407,3.236,1.357,10.0,Sample
1749,0 days 05:50:22,37.0,I11,10734,I,11,GFP-Gext,Plate 1,2026-03-19 17:52:56,Cytation5,4,5.0,1.8,1.8,8.0,60.0,42.5,2.6,2.5,0.399,2.415,50.0,0.0,0.0,1.0,1.0,1.0,0.02,2.0,2000.0,7.7,0.031,60.0,0.6,41.5,0.166,2.633,0.263,2.516,0.252,0.4,1.231,2.426,0.693,5.407,3.236,1.357,10.0,Sample
1750,0 days 05:55:22,37.0,I11,10494,I,11,GFP-Gext,Plate 1,2026-03-19 17:57:56,Cytation5,4,5.0,1.8,1.8,8.0,60.0,42.5,2.6,2.5,0.399,2.415,50.0,0.0,0.0,1.0,1.0,1.0,0.02,2.0,2000.0,7.7,0.031,60.0,0.6,41.5,0.166,2.633,0.263,2.516,0.252,0.4,1.231,2.426,0.693,5.407,3.236,1.357,10.0,Sample
1751,0 days 06:00:22,37.0,I11,10620,I,11,GFP-Gext,Plate 1,2026-03-19 18:02:56,Cytation5,4,5.0,1.8,1.8,8.0,60.0,42.5,2.6,2.5,0.399,2.415,50.0,0.0,0.0,1.0,1.0,1.0,0.02,2.0,2000.0,7.7,0.031,60.0,0.6,41.5,0.166,2.633,0.263,2.516,0.252,0.4,1.231,2.426,0.693,5.407,3.236,1.357,10.0,Sample
1752,0 days 00:00:22,27.7,I12,388,I,12,GFP-Gext,Plate 1,2026-03-19 12:02:56,Cytation5,21,5.0,1.8,1.8,25.0,60.0,40.0,2.2,2.7,0.399,2.73,50.0,0.0,0.0,1.0,1.0,1.0,0.02,2.0,2000.0,24.8,0.099,60.0,0.6,40.0,0.16,2.151,0.215,2.729,0.273,0.4,1.231,2.74,0.783,5.407,3.361,1.232,10.0,Sample
1753,0 days 00:05:22,33.8,I12,359,I,12,GFP-Gext,Plate 1,2026-03-19 12:07:56,Cytation5,21,5.0,1.8,1.8,25.0,60.0,40.0,2.2,2.7,0.399,2.73,50.0,0.0,0.0,1.0,1.0,1.0,0.02,2.0,2000.0,24.8,0.099,60.0,0.6,40.0,0.16,2.151,0.215,2.729,0.273,0.4,1.231,2.74,0.783,5.407,3.361,1.232,10.0,Sample
1754,0 days 00:10:22,37.0,I12,368,I,12,GFP-Gext,Plate 1,2026-03-19 12:12:56,Cytation5,21,5.0,1.8,1.8,25.0,60.0,40.0,2.2,2.7,0.399,2.73,50.0,0.0,0.0,1.0,1.0,1.0,0.02,2.0,2000.0,24.8,0.099,60.0,0.6,40.0,0.16,2.151,0.215,2.729,0.273,0.4,1.231,2.74,0.783,5.407,3.361,1.232,10.0,Sample
1755,0 days 00:15:22,37.0,I12,829,I,12,GFP-Gext,Plate 1,2026-03-19 12:17:56,Cytation5,21,5.0,1.8,1.8,25.0,60.0,40.0,2.2,2.7,0.399,2.73,50.0,0.0,0.0,1.0,1.0,1.0,0.02,2.0,2000.0,24.8,0.099,60.0,0.6,40.0,0.16,2.151,0.215,2.729,0.273,0.4,1.231,2.74,0.783,5.407,3.361,1.232,10.0,Sample
1756,0 days 00:20:22,37.0,I12,2715,I,12,GFP-Gext,Plate 1,2026-03-19 12:22:56,Cytation5,21,5.0,1.8,1.8,25.0,60.0,40.0,2.2,2.7,0.399,2.73,50.0,0.0,0.0,1.0,1.0,1.0,0.02,2.0,2000.0,24.8,0.099,60.0,0.6,40.0,0.16,2.151,0.215,2.729,0.273,0.4,1.231,2.74,0.783,5.407,3.361,1.232,10.0,Sample
1757,0 days 00:25:22,37.1,I12,6600,I,12,GFP-Gext,Plate 1,2026-03-19 12:27:56,Cytation5,21,5.0,1.8,1.8,25.0,60.0,40.0,2.2,2.7,0.399,2.73,50.0,0.0,0.0,1.0,1.0,1.0,0.02,2.0,2000.0,24.8,0.099,60.0,0.6,40.0,0.16,2.151,0.215,2.729,0.273,0.4,1.231,2.74,0.783,5.407,3.361,1.232,10.0,Sample
1758,0 days 00:30:22,37.0,I12,12033,I,12,GFP-Gext,Plate 1,2026-03-19 12:32:56,Cytation5,21,5.0,1.8,1.8,25.0,60.0,40.0,2.2,2.7,0.399,2.73,50.0,0.0,0.0,1.0,1.0,1.0,0.02,2.0,2000.0,24.8,0.099,60.0,0.6,40.0,0.16,2.151,0.215,2.729,0.273,0.4,1.231,2.74,0.783,5.407,3.361,1.232,10.0,Sample
1759,0 days 00:35:22,37.0,I12,18937,I,12,GFP-Gext,Plate 1,2026-03-19 12:37:56,Cytation5,21,5.0,1.8,1.8,25.0,60.0,40.0,2.2,2.7,0.399,2.73,50.0,0.0,0.0,1.0,1.0,1.0,0.02,2.0,2000.0,24.8,0.099,60.0,0.6,40.0,0.16,2.151,0.215,2.729,0.273,0.4,1.231,2.74,0.783,5.407,3.361,1.232,10.0,Sample
1760,0 days 00:40:22,37.0,I12,26641,I,12,GFP-Gext,Plate 1,2026-03-19 12:42:56,Cytation5,21,5.0,1.8,1.8,25.0,60.0,40.0,2.2,2.7,0.399,2.73,50.0,0.0,0.0,1.0,1.0,1.0,0.02,2.0,2000.0,24.8,0.099,60.0,0.6,40.0,0.16,2.151,0.215,2.729,0.273,0.4,1.231,2.74,0.783,5.407,3.361,1.232,10.0,Sample
1761,0 days 00:45:22,36.9,I12,35539,I,12,GFP-Gext,Plate 1,2026-03-19 12:47:56,Cytation5,21,5.0,1.8,1.8,25.0,60.0,40.0,2.2,2.7,0.399,2.73,50.0,0.0,0.0,1.0,1.0,1.0,0.02,2.0,2000.0,24.8,0.099,60.0,0.6,40.0,0.16,2.151,0.215,2.729,0.273,0.4,1.231,2.74,0.783,5.407,3.361,1.232,10.0,Sample
1762,0 days 00:50:22,37.0,I12,45131,I,12,GFP-Gext,Plate 1,2026-03-19 12:52:56,Cytation5,21,5.0,1.8,1.8,25.0,60.0,40.0,2.2,2.7,0.399,2.73,50.0,0.0,0.0,1.0,1.0,1.0,0.02,2.0,2000.0,24.8,0.099,60.0,0.6,40.0,0.16,2.151,0.215,2.729,0.273,0.4,1.231,2.74,0.783,5.407,3.361,1.232,10.0,Sample
1763,0 days 00:55:22,37.0,I12,53994,I,12,GFP-Gext,Plate 1,2026-03-19 12:57:56,Cytation5,21,5.0,1.8,1.8,25.0,60.0,40.0,2.2,2.7,0.399,2.73,50.0,0.0,0.0,1.0,1.0,1.0,0.02,2.0,2000.0,24.8,0.099,60.0,0.6,40.0,0.16,2.151,0.215,2.729,0.273,0.4,1.231,2.74,0.783,5.407,3.361,1.232,10.0,Sample
1764,0 days 01:00:22,37.0,I12,63437,I,12,GFP-Gext,Plate 1,2026-03-19 13:02:56,Cytation5,21,5.0,1.8,1.8,25.0,60.0,40.0,2.2,2.7,0.399,2.73,50.0,0.0,0.0,1.0,1.0,1.0,0.02,2.0,2000.0,24.8,0.099,60.0,0.6,40.0,0.16,2.151,0.215,2.729,0.273,0.4,1.231,2.74,0.783,5.407,3.361,1.232,10.0,Sample
1765,0 days 01:05:22,37.0,I12,72950,I,12,GFP-Gext,Plate 1,2026-03-19 13:07:56,Cytation5,21,5.0,1.8,1.8,25.0,60.0,40.0,2.2,2.7,0.399,2.73,50.0,0.0,0.0,1.0,1.0,1.0,0.02,2.0,2000.0,24.8,0.099,60.0,0.6,40.0,0.16,2.151,0.215,2.729,0.273,0.4,1.231,2.74,0.783,5.407,3.361,1.232,10.0,Sample
1766,0 days 01:10:22,37.0,I12,82270,I,12,GFP-Gext,Plate 1,2026-03-19 13:12:56,Cytation5,21,5.0,1.8,1.8,25.0,60.0,40.0,2.2,2.7,0.399,2.73,50.0,0.0,0.0,1.0,1.0,1.0,0.02,2.0,2000.0,24.8,0.099,60.0,0.6,40.0,0.16,2.151,0.215,2.729,0.273,0.4,1.231,2.74,0.783,5.407,3.361,1.232,10.0,Sample
1767,0 days 01:15:22,37.0,I12,91695,I,12,GFP-Gext,Plate 1,2026-03-19 13:17:56,Cytation5,21,5.0,1.8,1.8,25.0,60.0,40.0,2.2,2.7,0.399,2.73,50.0,0.0,0.0,1.0,1.0,1.0,0.02,2.0,2000.0,24.8,0.099,60.0,0.6,40.0,0.16,2.151,0.215,2.729,0.273,0.4,1.231,2.74,0.783,5.407,3.361,1.232,10.0,Sample
1768,0 days 01:20:22,37.0,I12,100699,I,12,GFP-Gext,Plate 1,2026-03-19 13:22:56,Cytation5,21,5.0,1.8,1.8,25.0,60.0,40.0,2.2,2.7,0.399,2.73,50.0,0.0,0.0,1.0,1.0,1.0,0.02,2.0,2000.0,24.8,0.099,60.0,0.6,40.0,0.16,2.151,0.215,2.729,0.273,0.4,1.231,2.74,0.783,5.407,3.361,1.232,10.0,Sample
1769,0 days 01:25:22,37.1,I12,109900,I,12,GFP-Gext,Plate 1,2026-03-19 13:27:56,Cytation5,21,5.0,1.8,1.8,25.0,60.0,40.0,2.2,2.7,0.399,2.73,50.0,0.0,0.0,1.0,1.0,1.0,0.02,2.0,2000.0,24.8,0.099,60.0,0.6,40.0,0.16,2.151,0.215,2.729,0.273,0.4,1.231,2.74,0.783,5.407,3.361,1.232,10.0,Sample
1770,0 days 01:30:22,37.1,I12,118200,I,12,GFP-Gext,Plate 1,2026-03-19 13:32:56,Cytation5,21,5.0,1.8,1.8,25.0,60.0,40.0,2.2,2.7,0.399,2.73,50.0,0.0,0.0,1.0,1.0,1.0,0.02,2.0,2000.0,24.8,0.099,60.0,0.6,40.0,0.16,2.151,0.215,2.729,0.273,0.4,1.231,2.74,0.783,5.407,3.361,1.232,10.0,Sample
1771,0 days 01:35:22,37.0,I12,125378,I,12,GFP-Gext,Plate 1,2026-03-19 13:37:56,Cytation5,21,5.0,1.8,1.8,25.0,60.0,40.0,2.2,2.7,0.399,2.73,50.0,0.0,0.0,1.0,1.0,1.0,0.02,2.0,2000.0,24.8,0.099,60.0,0.6,40.0,0.16,2.151,0.215,2.729,0.273,0.4,1.231,2.74,0.783,5.407,3.361,1.232,10.0,Sample
1772,0 days 01:40:22,37.0,I12,132734,I,12,GFP-Gext,Plate 1,2026-03-19 13:42:56,Cytation5,21,5.0,1.8,1.8,25.0,60.0,40.0,2.2,2.7,0.399,2.73,50.0,0.0,0.0,1.0,1.0,1.0,0.02,2.0,2000.0,24.8,0.099,60.0,0.6,40.0,0.16,2.151,0.215,2.729,0.273,0.4,1.231,2.74,0.783,5.407,3.361,1.232,10.0,Sample
1773,0 days 01:45:22,37.0,I12,139757,I,12,GFP-Gext,Plate 1,2026-03-19 13:47:56,Cytation5,21,5.0,1.8,1.8,25.0,60.0,40.0,2.2,2.7,0.399,2.73,50.0,0.0,0.0,1.0,1.0,1.0,0.02,2.0,2000.0,24.8,0.099,60.0,0.6,40.0,0.16,2.151,0.215,2.729,0.273,0.4,1.231,2.74,0.783,5.407,3.361,1.232,10.0,Sample
1774,0 days 01:50:22,36.9,I12,145353,I,12,GFP-Gext,Plate 1,2026-03-19 13:52:56,Cytation5,21,5.0,1.8,1.8,25.0,60.0,40.0,2.2,2.7,0.399,2.73,50.0,0.0,0.0,1.0,1.0,1.0,0.02,2.0,2000.0,24.8,0.099,60.0,0.6,40.0,0.16,2.151,0.215,2.729,0.273,0.4,1.231,2.74,0.783,5.407,3.361,1.232,10.0,Sample
1775,0 days 01:55:22,37.0,I12,151245,I,12,GFP-Gext,Plate 1,2026-03-19 13:57:56,Cytation5,21,5.0,1.8,1.8,25.0,60.0,40.0,2.2,2.7,0.399,2.73,50.0,0.0,0.0,1.0,1.0,1.0,0.02,2.0,2000.0,24.8,0.099,60.0,0.6,40.0,0.16,2.151,0.215,2.729,0.273,0.4,1.231,2.74,0.783,5.407,3.361,1.232,10.0,Sample
1776,0 days 02:00:22,37.0,I12,157048,I,12,GFP-Gext,Plate 1,2026-03-19 14:02:56,Cytation5,21,5.0,1.8,1.8,25.0,60.0,40.0,2.2,2.7,0.399,2.73,50.0,0.0,0.0,1.0,1.0,1.0,0.02,2.0,2000.0,24.8,0.099,60.0,0.6,40.0,0.16,2.151,0.215,2.729,0.273,0.4,1.231,2.74,0.783,5.407,3.361,1.232,10.0,Sample
1777,0 days 02:05:22,37.0,I12,160863,I,12,GFP-Gext,Plate 1,2026-03-19 14:07:56,Cytation5,21,5.0,1.8,1.8,25.0,60.0,40.0,2.2,2.7,0.399,2.73,50.0,0.0,0.0,1.0,1.0,1.0,0.02,2.0,2000.0,24.8,0.099,60.0,0.6,40.0,0.16,2.151,0.215,2.729,0.273,0.4,1.231,2.74,0.783,5.407,3.361,1.232,10.0,Sample
1778,0 days 02:10:22,37.0,I12,165439,I,12,GFP-Gext,Plate 1,2026-03-19 14:12:56,Cytation5,21,5.0,1.8,1.8,25.0,60.0,40.0,2.2,2.7,0.399,2.73,50.0,0.0,0.0,1.0,1.0,1.0,0.02,2.0,2000.0,24.8,0.099,60.0,0.6,40.0,0.16,2.151,0.215,2.729,0.273,0.4,1.231,2.74,0.783,5.407,3.361,1.232,10.0,Sample
1779,0 days 02:15:22,37.0,I12,167659,I,12,GFP-Gext,Plate 1,2026-03-19 14:17:56,Cytation5,21,5.0,1.8,1.8,25.0,60.0,40.0,2.2,2.7,0.399,2.73,50.0,0.0,0.0,1.0,1.0,1.0,0.02,2.0,2000.0,24.8,0.099,60.0,0.6,40.0,0.16,2.151,0.215,2.729,0.273,0.4,1.231,2.74,0.783,5.407,3.361,1.232,10.0,Sample
1780,0 days 02:20:22,37.0,I12,171569,I,12,GFP-Gext,Plate 1,2026-03-19 14:22:56,Cytation5,21,5.0,1.8,1.8,25.0,60.0,40.0,2.2,2.7,0.399,2.73,50.0,0.0,0.0,1.0,1.0,1.0,0.02,2.0,2000.0,24.8,0.099,60.0,0.6,40.0,0.16,2.151,0.215,2.729,0.273,0.4,1.231,2.74,0.783,5.407,3.361,1.232,10.0,Sample
1781,0 days 02:25:22,37.0,I12,174761,I,12,GFP-Gext,Plate 1,2026-03-19 14:27:56,Cytation5,21,5.0,1.8,1.8,25.0,60.0,40.0,2.2,2.7,0.399,2.73,50.0,0.0,0.0,1.0,1.0,1.0,0.02,2.0,2000.0,24.8,0.099,60.0,0.6,40.0,0.16,2.151,0.215,2.729,0.273,0.4,1.231,2.74,0.783,5.407,3.361,1.232,10.0,Sample
1782,0 days 02:30:22,37.1,I12,177738,I,12,GFP-Gext,Plate 1,2026-03-19 14:32:56,Cytation5,21,5.0,1.8,1.8,25.0,60.0,40.0,2.2,2.7,0.399,2.73,50.0,0.0,0.0,1.0,1.0,1.0,0.02,2.0,2000.0,24.8,0.099,60.0,0.6,40.0,0.16,2.151,0.215,2.729,0.273,0.4,1.231,2.74,0.783,5.407,3.361,1.232,10.0,Sample
1783,0 days 02:35:22,37.0,I12,180479,I,12,GFP-Gext,Plate 1,2026-03-19 14:37:56,Cytation5,21,5.0,1.8,1.8,25.0,60.0,40.0,2.2,2.7,0.399,2.73,50.0,0.0,0.0,1.0,1.0,1.0,0.02,2.0,2000.0,24.8,0.099,60.0,0.6,40.0,0.16,2.151,0.215,2.729,0.273,0.4,1.231,2.74,0.783,5.407,3.361,1.232,10.0,Sample
1784,0 days 02:40:22,37.0,I12,182533,I,12,GFP-Gext,Plate 1,2026-03-19 14:42:56,Cytation5,21,5.0,1.8,1.8,25.0,60.0,40.0,2.2,2.7,0.399,2.73,50.0,0.0,0.0,1.0,1.0,1.0,0.02,2.0,2000.0,24.8,0.099,60.0,0.6,40.0,0.16,2.151,0.215,2.729,0.273,0.4,1.231,2.74,0.783,5.407,3.361,1.232,10.0,Sample
1785,0 days 02:45:22,37.1,I12,184301,I,12,GFP-Gext,Plate 1,2026-03-19 14:47:56,Cytation5,21,5.0,1.8,1.8,25.0,60.0,40.0,2.2,2.7,0.399,2.73,50.0,0.0,0.0,1.0,1.0,1.0,0.02,2.0,2000.0,24.8,0.099,60.0,0.6,40.0,0.16,2.151,0.215,2.729,0.273,0.4,1.231,2.74,0.783,5.407,3.361,1.232,10.0,Sample
1786,0 days 02:50:22,37.0,I12,186979,I,12,GFP-Gext,Plate 1,2026-03-19 14:52:56,Cytation5,21,5.0,1.8,1.8,25.0,60.0,40.0,2.2,2.7,0.399,2.73,50.0,0.0,0.0,1.0,1.0,1.0,0.02,2.0,2000.0,24.8,0.099,60.0,0.6,40.0,0.16,2.151,0.215,2.729,0.273,0.4,1.231,2.74,0.783,5.407,3.361,1.232,10.0,Sample
1787,0 days 02:55:22,37.0,I12,188719,I,12,GFP-Gext,Plate 1,2026-03-19 14:57:56,Cytation5,21,5.0,1.8,1.8,25.0,60.0,40.0,2.2,2.7,0.399,2.73,50.0,0.0,0.0,1.0,1.0,1.0,0.02,2.0,2000.0,24.8,0.099,60.0,0.6,40.0,0.16,2.151,0.215,2.729,0.273,0.4,1.231,2.74,0.783,5.407,3.361,1.232,10.0,Sample
1788,0 days 03:00:22,37.0,I12,189948,I,12,GFP-Gext,Plate 1,2026-03-19 15:02:56,Cytation5,21,5.0,1.8,1.8,25.0,60.0,40.0,2.2,2.7,0.399,2.73,50.0,0.0,0.0,1.0,1.0,1.0,0.02,2.0,2000.0,24.8,0.099,60.0,0.6,40.0,0.16,2.151,0.215,2.729,0.273,0.4,1.231,2.74,0.783,5.407,3.361,1.232,10.0,Sample
1789,0 days 03:05:22,37.0,I12,192028,I,12,GFP-Gext,Plate 1,2026-03-19 15:07:56,Cytation5,21,5.0,1.8,1.8,25.0,60.0,40.0,2.2,2.7,0.399,2.73,50.0,0.0,0.0,1.0,1.0,1.0,0.02,2.0,2000.0,24.8,0.099,60.0,0.6,40.0,0.16,2.151,0.215,2.729,0.273,0.4,1.231,2.74,0.783,5.407,3.361,1.232,10.0,Sample
1790,0 days 03:10:22,37.0,I12,194040,I,12,GFP-Gext,Plate 1,2026-03-19 15:12:56,Cytation5,21,5.0,1.8,1.8,25.0,60.0,40.0,2.2,2.7,0.399,2.73,50.0,0.0,0.0,1.0,1.0,1.0,0.02,2.0,2000.0,24.8,0.099,60.0,0.6,40.0,0.16,2.151,0.215,2.729,0.273,0.4,1.231,2.74,0.783,5.407,3.361,1.232,10.0,Sample
1791,0 days 03:15:22,37.0,I12,194301,I,12,GFP-Gext,Plate 1,2026-03-19 15:17:56,Cytation5,21,5.0,1.8,1.8,25.0,60.0,40.0,2.2,2.7,0.399,2.73,50.0,0.0,0.0,1.0,1.0,1.0,0.02,2.0,2000.0,24.8,0.099,60.0,0.6,40.0,0.16,2.151,0.215,2.729,0.273,0.4,1.231,2.74,0.783,5.407,3.361,1.232,10.0,Sample
1792,0 days 03:20:22,37.0,I12,196557,I,12,GFP-Gext,Plate 1,2026-03-19 15:22:56,Cytation5,21,5.0,1.8,1.8,25.0,60.0,40.0,2.2,2.7,0.399,2.73,50.0,0.0,0.0,1.0,1.0,1.0,0.02,2.0,2000.0,24.8,0.099,60.0,0.6,40.0,0.16,2.151,0.215,2.729,0.273,0.4,1.231,2.74,0.783,5.407,3.361,1.232,10.0,Sample
1793,0 days 03:25:22,37.1,I12,197201,I,12,GFP-Gext,Plate 1,2026-03-19 15:27:56,Cytation5,21,5.0,1.8,1.8,25.0,60.0,40.0,2.2,2.7,0.399,2.73,50.0,0.0,0.0,1.0,1.0,1.0,0.02,2.0,2000.0,24.8,0.099,60.0,0.6,40.0,0.16,2.151,0.215,2.729,0.273,0.4,1.231,2.74,0.783,5.407,3.361,1.232,10.0,Sample
1794,0 days 03:30:22,36.9,I12,198348,I,12,GFP-Gext,Plate 1,2026-03-19 15:32:56,Cytation5,21,5.0,1.8,1.8,25.0,60.0,40.0,2.2,2.7,0.399,2.73,50.0,0.0,0.0,1.0,1.0,1.0,0.02,2.0,2000.0,24.8,0.099,60.0,0.6,40.0,0.16,2.151,0.215,2.729,0.273,0.4,1.231,2.74,0.783,5.407,3.361,1.232,10.0,Sample
1795,0 days 03:35:22,37.1,I12,198629,I,12,GFP-Gext,Plate 1,2026-03-19 15:37:56,Cytation5,21,5.0,1.8,1.8,25.0,60.0,40.0,2.2,2.7,0.399,2.73,50.0,0.0,0.0,1.0,1.0,1.0,0.02,2.0,2000.0,24.8,0.099,60.0,0.6,40.0,0.16,2.151,0.215,2.729,0.273,0.4,1.231,2.74,0.783,5.407,3.361,1.232,10.0,Sample
1796,0 days 03:40:22,37.0,I12,200811,I,12,GFP-Gext,Plate 1,2026-03-19 15:42:56,Cytation5,21,5.0,1.8,1.8,25.0,60.0,40.0,2.2,2.7,0.399,2.73,50.0,0.0,0.0,1.0,1.0,1.0,0.02,2.0,2000.0,24.8,0.099,60.0,0.6,40.0,0.16,2.151,0.215,2.729,0.273,0.4,1.231,2.74,0.783,5.407,3.361,1.232,10.0,Sample
1797,0 days 03:45:22,37.0,I12,201492,I,12,GFP-Gext,Plate 1,2026-03-19 15:47:56,Cytation5,21,5.0,1.8,1.8,25.0,60.0,40.0,2.2,2.7,0.399,2.73,50.0,0.0,0.0,1.0,1.0,1.0,0.02,2.0,2000.0,24.8,0.099,60.0,0.6,40.0,0.16,2.151,0.215,2.729,0.273,0.4,1.231,2.74,0.783,5.407,3.361,1.232,10.0,Sample
1798,0 days 03:50:22,37.0,I12,201253,I,12,GFP-Gext,Plate 1,2026-03-19 15:52:56,Cytation5,21,5.0,1.8,1.8,25.0,60.0,40.0,2.2,2.7,0.399,2.73,50.0,0.0,0.0,1.0,1.0,1.0,0.02,2.0,2000.0,24.8,0.099,60.0,0.6,40.0,0.16,2.151,0.215,2.729,0.273,0.4,1.231,2.74,0.783,5.407,3.361,1.232,10.0,Sample
1799,0 days 03:55:22,37.1,I12,202057,I,12,GFP-Gext,Plate 1,2026-03-19 15:57:56,Cytation5,21,5.0,1.8,1.8,25.0,60.0,40.0,2.2,2.7,0.399,2.73,50.0,0.0,0.0,1.0,1.0,1.0,0.02,2.0,2000.0,24.8,0.099,60.0,0.6,40.0,0.16,2.151,0.215,2.729,0.273,0.4,1.231,2.74,0.783,5.407,3.361,1.232,10.0,Sample
1800,0 days 04:00:22,37.0,I12,202869,I,12,GFP-Gext,Plate 1,2026-03-19 16:02:56,Cytation5,21,5.0,1.8,1.8,25.0,60.0,40.0,2.2,2.7,0.399,2.73,50.0,0.0,0.0,1.0,1.0,1.0,0.02,2.0,2000.0,24.8,0.099,60.0,0.6,40.0,0.16,2.151,0.215,2.729,0.273,0.4,1.231,2.74,0.783,5.407,3.361,1.232,10.0,Sample
1801,0 days 04:05:22,37.1,I12,203254,I,12,GFP-Gext,Plate 1,2026-03-19 16:07:56,Cytation5,21,5.0,1.8,1.8,25.0,60.0,40.0,2.2,2.7,0.399,2.73,50.0,0.0,0.0,1.0,1.0,1.0,0.02,2.0,2000.0,24.8,0.099,60.0,0.6,40.0,0.16,2.151,0.215,2.729,0.273,0.4,1.231,2.74,0.783,5.407,3.361,1.232,10.0,Sample
1802,0 days 04:10:22,37.0,I12,203913,I,12,GFP-Gext,Plate 1,2026-03-19 16:12:56,Cytation5,21,5.0,1.8,1.8,25.0,60.0,40.0,2.2,2.7,0.399,2.73,50.0,0.0,0.0,1.0,1.0,1.0,0.02,2.0,2000.0,24.8,0.099,60.0,0.6,40.0,0.16,2.151,0.215,2.729,0.273,0.4,1.231,2.74,0.783,5.407,3.361,1.232,10.0,Sample
1803,0 days 04:15:22,37.0,I12,203696,I,12,GFP-Gext,Plate 1,2026-03-19 16:17:56,Cytation5,21,5.0,1.8,1.8,25.0,60.0,40.0,2.2,2.7,0.399,2.73,50.0,0.0,0.0,1.0,1.0,1.0,0.02,2.0,2000.0,24.8,0.099,60.0,0.6,40.0,0.16,2.151,0.215,2.729,0.273,0.4,1.231,2.74,0.783,5.407,3.361,1.232,10.0,Sample
1804,0 days 04:20:22,37.0,I12,204776,I,12,GFP-Gext,Plate 1,2026-03-19 16:22:56,Cytation5,21,5.0,1.8,1.8,25.0,60.0,40.0,2.2,2.7,0.399,2.73,50.0,0.0,0.0,1.0,1.0,1.0,0.02,2.0,2000.0,24.8,0.099,60.0,0.6,40.0,0.16,2.151,0.215,2.729,0.273,0.4,1.231,2.74,0.783,5.407,3.361,1.232,10.0,Sample
1805,0 days 04:25:22,37.1,I12,204874,I,12,GFP-Gext,Plate 1,2026-03-19 16:27:56,Cytation5,21,5.0,1.8,1.8,25.0,60.0,40.0,2.2,2.7,0.399,2.73,50.0,0.0,0.0,1.0,1.0,1.0,0.02,2.0,2000.0,24.8,0.099,60.0,0.6,40.0,0.16,2.151,0.215,2.729,0.273,0.4,1.231,2.74,0.783,5.407,3.361,1.232,10.0,Sample
1806,0 days 04:30:22,37.0,I12,204581,I,12,GFP-Gext,Plate 1,2026-03-19 16:32:56,Cytation5,21,5.0,1.8,1.8,25.0,60.0,40.0,2.2,2.7,0.399,2.73,50.0,0.0,0.0,1.0,1.0,1.0,0.02,2.0,2000.0,24.8,0.099,60.0,0.6,40.0,0.16,2.151,0.215,2.729,0.273,0.4,1.231,2.74,0.783,5.407,3.361,1.232,10.0,Sample
1807,0 days 04:35:22,37.0,I12,206411,I,12,GFP-Gext,Plate 1,2026-03-19 16:37:56,Cytation5,21,5.0,1.8,1.8,25.0,60.0,40.0,2.2,2.7,0.399,2.73,50.0,0.0,0.0,1.0,1.0,1.0,0.02,2.0,2000.0,24.8,0.099,60.0,0.6,40.0,0.16,2.151,0.215,2.729,0.273,0.4,1.231,2.74,0.783,5.407,3.361,1.232,10.0,Sample
1808,0 days 04:40:22,37.0,I12,205785,I,12,GFP-Gext,Plate 1,2026-03-19 16:42:56,Cytation5,21,5.0,1.8,1.8,25.0,60.0,40.0,2.2,2.7,0.399,2.73,50.0,0.0,0.0,1.0,1.0,1.0,0.02,2.0,2000.0,24.8,0.099,60.0,0.6,40.0,0.16,2.151,0.215,2.729,0.273,0.4,1.231,2.74,0.783,5.407,3.361,1.232,10.0,Sample
1809,0 days 04:45:22,37.0,I12,206398,I,12,GFP-Gext,Plate 1,2026-03-19 16:47:56,Cytation5,21,5.0,1.8,1.8,25.0,60.0,40.0,2.2,2.7,0.399,2.73,50.0,0.0,0.0,1.0,1.0,1.0,0.02,2.0,2000.0,24.8,0.099,60.0,0.6,40.0,0.16,2.151,0.215,2.729,0.273,0.4,1.231,2.74,0.783,5.407,3.361,1.232,10.0,Sample
1810,0 days 04:50:22,37.0,I12,205749,I,12,GFP-Gext,Plate 1,2026-03-19 16:52:56,Cytation5,21,5.0,1.8,1.8,25.0,60.0,40.0,2.2,2.7,0.399,2.73,50.0,0.0,0.0,1.0,1.0,1.0,0.02,2.0,2000.0,24.8,0.099,60.0,0.6,40.0,0.16,2.151,0.215,2.729,0.273,0.4,1.231,2.74,0.783,5.407,3.361,1.232,10.0,Sample
1811,0 days 04:55:22,37.1,I12,206328,I,12,GFP-Gext,Plate 1,2026-03-19 16:57:56,Cytation5,21,5.0,1.8,1.8,25.0,60.0,40.0,2.2,2.7,0.399,2.73,50.0,0.0,0.0,1.0,1.0,1.0,0.02,2.0,2000.0,24.8,0.099,60.0,0.6,40.0,0.16,2.151,0.215,2.729,0.273,0.4,1.231,2.74,0.783,5.407,3.361,1.232,10.0,Sample
1812,0 days 05:00:22,37.1,I12,206809,I,12,GFP-Gext,Plate 1,2026-03-19 17:02:56,Cytation5,21,5.0,1.8,1.8,25.0,60.0,40.0,2.2,2.7,0.399,2.73,50.0,0.0,0.0,1.0,1.0,1.0,0.02,2.0,2000.0,24.8,0.099,60.0,0.6,40.0,0.16,2.151,0.215,2.729,0.273,0.4,1.231,2.74,0.783,5.407,3.361,1.232,10.0,Sample
1813,0 days 05:05:22,37.0,I12,207342,I,12,GFP-Gext,Plate 1,2026-03-19 17:07:56,Cytation5,21,5.0,1.8,1.8,25.0,60.0,40.0,2.2,2.7,0.399,2.73,50.0,0.0,0.0,1.0,1.0,1.0,0.02,2.0,2000.0,24.8,0.099,60.0,0.6,40.0,0.16,2.151,0.215,2.729,0.273,0.4,1.231,2.74,0.783,5.407,3.361,1.232,10.0,Sample
1814,0 days 05:10:22,37.0,I12,207280,I,12,GFP-Gext,Plate 1,2026-03-19 17:12:56,Cytation5,21,5.0,1.8,1.8,25.0,60.0,40.0,2.2,2.7,0.399,2.73,50.0,0.0,0.0,1.0,1.0,1.0,0.02,2.0,2000.0,24.8,0.099,60.0,0.6,40.0,0.16,2.151,0.215,2.729,0.273,0.4,1.231,2.74,0.783,5.407,3.361,1.232,10.0,Sample
1815,0 days 05:15:22,37.1,I12,206381,I,12,GFP-Gext,Plate 1,2026-03-19 17:17:56,Cytation5,21,5.0,1.8,1.8,25.0,60.0,40.0,2.2,2.7,0.399,2.73,50.0,0.0,0.0,1.0,1.0,1.0,0.02,2.0,2000.0,24.8,0.099,60.0,0.6,40.0,0.16,2.151,0.215,2.729,0.273,0.4,1.231,2.74,0.783,5.407,3.361,1.232,10.0,Sample
1816,0 days 05:20:22,37.0,I12,208220,I,12,GFP-Gext,Plate 1,2026-03-19 17:22:56,Cytation5,21,5.0,1.8,1.8,25.0,60.0,40.0,2.2,2.7,0.399,2.73,50.0,0.0,0.0,1.0,1.0,1.0,0.02,2.0,2000.0,24.8,0.099,60.0,0.6,40.0,0.16,2.151,0.215,2.729,0.273,0.4,1.231,2.74,0.783,5.407,3.361,1.232,10.0,Sample
1817,0 days 05:25:22,37.0,I12,207863,I,12,GFP-Gext,Plate 1,2026-03-19 17:27:56,Cytation5,21,5.0,1.8,1.8,25.0,60.0,40.0,2.2,2.7,0.399,2.73,50.0,0.0,0.0,1.0,1.0,1.0,0.02,2.0,2000.0,24.8,0.099,60.0,0.6,40.0,0.16,2.151,0.215,2.729,0.273,0.4,1.231,2.74,0.783,5.407,3.361,1.232,10.0,Sample
1818,0 days 05:30:22,37.0,I12,207826,I,12,GFP-Gext,Plate 1,2026-03-19 17:32:56,Cytation5,21,5.0,1.8,1.8,25.0,60.0,40.0,2.2,2.7,0.399,2.73,50.0,0.0,0.0,1.0,1.0,1.0,0.02,2.0,2000.0,24.8,0.099,60.0,0.6,40.0,0.16,2.151,0.215,2.729,0.273,0.4,1.231,2.74,0.783,5.407,3.361,1.232,10.0,Sample
1819,0 days 05:35:22,37.0,I12,208633,I,12,GFP-Gext,Plate 1,2026-03-19 17:37:56,Cytation5,21,5.0,1.8,1.8,25.0,60.0,40.0,2.2,2.7,0.399,2.73,50.0,0.0,0.0,1.0,1.0,1.0,0.02,2.0,2000.0,24.8,0.099,60.0,0.6,40.0,0.16,2.151,0.215,2.729,0.273,0.4,1.231,2.74,0.783,5.407,3.361,1.232,10.0,Sample
1820,0 days 05:40:22,37.0,I12,208663,I,12,GFP-Gext,Plate 1,2026-03-19 17:42:56,Cytation5,21,5.0,1.8,1.8,25.0,60.0,40.0,2.2,2.7,0.399,2.73,50.0,0.0,0.0,1.0,1.0,1.0,0.02,2.0,2000.0,24.8,0.099,60.0,0.6,40.0,0.16,2.151,0.215,2.729,0.273,0.4,1.231,2.74,0.783,5.407,3.361,1.232,10.0,Sample
1821,0 days 05:45:22,37.0,I12,208211,I,12,GFP-Gext,Plate 1,2026-03-19 17:47:56,Cytation5,21,5.0,1.8,1.8,25.0,60.0,40.0,2.2,2.7,0.399,2.73,50.0,0.0,0.0,1.0,1.0,1.0,0.02,2.0,2000.0,24.8,0.099,60.0,0.6,40.0,0.16,2.151,0.215,2.729,0.273,0.4,1.231,2.74,0.783,5.407,3.361,1.232,10.0,Sample
1822,0 days 05:50:22,37.0,I12,208711,I,12,GFP-Gext,Plate 1,2026-03-19 17:52:56,Cytation5,21,5.0,1.8,1.8,25.0,60.0,40.0,2.2,2.7,0.399,2.73,50.0,0.0,0.0,1.0,1.0,1.0,0.02,2.0,2000.0,24.8,0.099,60.0,0.6,40.0,0.16,2.151,0.215,2.729,0.273,0.4,1.231,2.74,0.783,5.407,3.361,1.232,10.0,Sample
1823,0 days 05:55:22,37.0,I12,208699,I,12,GFP-Gext,Plate 1,2026-03-19 17:57:56,Cytation5,21,5.0,1.8,1.8,25.0,60.0,40.0,2.2,2.7,0.399,2.73,50.0,0.0,0.0,1.0,1.0,1.0,0.02,2.0,2000.0,24.8,0.099,60.0,0.6,40.0,0.16,2.151,0.215,2.729,0.273,0.4,1.231,2.74,0.783,5.407,3.361,1.232,10.0,Sample
1824,0 days 06:00:22,37.0,I12,208681,I,12,GFP-Gext,Plate 1,2026-03-19 18:02:56,Cytation5,21,5.0,1.8,1.8,25.0,60.0,40.0,2.2,2.7,0.399,2.73,50.0,0.0,0.0,1.0,1.0,1.0,0.02,2.0,2000.0,24.8,0.099,60.0,0.6,40.0,0.16,2.151,0.215,2.729,0.273,0.4,1.231,2.74,0.783,5.407,3.361,1.232,10.0,Sample
1825,0 days 00:00:22,27.7,I13,395,I,13,GFP-Gext,Plate 1,2026-03-19 12:02:56,Cytation5,26,5.0,1.8,1.8,8.0,20.0,100.0,3.0,1.9,0.3045,2.52,50.0,0.0,0.0,1.0,1.0,1.0,0.02,2.0,2000.0,7.9,0.032,19.5,0.195,99.9,0.4,3.027,0.303,1.893,0.189,0.304,0.935,2.504,0.715,5.407,2.769,1.824,10.0,Sample
1826,0 days 00:05:22,33.8,I13,419,I,13,GFP-Gext,Plate 1,2026-03-19 12:07:56,Cytation5,26,5.0,1.8,1.8,8.0,20.0,100.0,3.0,1.9,0.3045,2.52,50.0,0.0,0.0,1.0,1.0,1.0,0.02,2.0,2000.0,7.9,0.032,19.5,0.195,99.9,0.4,3.027,0.303,1.893,0.189,0.304,0.935,2.504,0.715,5.407,2.769,1.824,10.0,Sample
1827,0 days 00:10:22,37.0,I13,1049,I,13,GFP-Gext,Plate 1,2026-03-19 12:12:56,Cytation5,26,5.0,1.8,1.8,8.0,20.0,100.0,3.0,1.9,0.3045,2.52,50.0,0.0,0.0,1.0,1.0,1.0,0.02,2.0,2000.0,7.9,0.032,19.5,0.195,99.9,0.4,3.027,0.303,1.893,0.189,0.304,0.935,2.504,0.715,5.407,2.769,1.824,10.0,Sample
1828,0 days 00:15:22,37.0,I13,4175,I,13,GFP-Gext,Plate 1,2026-03-19 12:17:56,Cytation5,26,5.0,1.8,1.8,8.0,20.0,100.0,3.0,1.9,0.3045,2.52,50.0,0.0,0.0,1.0,1.0,1.0,0.02,2.0,2000.0,7.9,0.032,19.5,0.195,99.9,0.4,3.027,0.303,1.893,0.189,0.304,0.935,2.504,0.715,5.407,2.769,1.824,10.0,Sample
1829,0 days 00:20:22,37.0,I13,10715,I,13,GFP-Gext,Plate 1,2026-03-19 12:22:56,Cytation5,26,5.0,1.8,1.8,8.0,20.0,100.0,3.0,1.9,0.3045,2.52,50.0,0.0,0.0,1.0,1.0,1.0,0.02,2.0,2000.0,7.9,0.032,19.5,0.195,99.9,0.4,3.027,0.303,1.893,0.189,0.304,0.935,2.504,0.715,5.407,2.769,1.824,10.0,Sample
1830,0 days 00:25:22,37.1,I13,20369,I,13,GFP-Gext,Plate 1,2026-03-19 12:27:56,Cytation5,26,5.0,1.8,1.8,8.0,20.0,100.0,3.0,1.9,0.3045,2.52,50.0,0.0,0.0,1.0,1.0,1.0,0.02,2.0,2000.0,7.9,0.032,19.5,0.195,99.9,0.4,3.027,0.303,1.893,0.189,0.304,0.935,2.504,0.715,5.407,2.769,1.824,10.0,Sample
1831,0 days 00:30:22,37.0,I13,32451,I,13,GFP-Gext,Plate 1,2026-03-19 12:32:56,Cytation5,26,5.0,1.8,1.8,8.0,20.0,100.0,3.0,1.9,0.3045,2.52,50.0,0.0,0.0,1.0,1.0,1.0,0.02,2.0,2000.0,7.9,0.032,19.5,0.195,99.9,0.4,3.027,0.303,1.893,0.189,0.304,0.935,2.504,0.715,5.407,2.769,1.824,10.0,Sample
1832,0 days 00:35:22,37.0,I13,47237,I,13,GFP-Gext,Plate 1,2026-03-19 12:37:56,Cytation5,26,5.0,1.8,1.8,8.0,20.0,100.0,3.0,1.9,0.3045,2.52,50.0,0.0,0.0,1.0,1.0,1.0,0.02,2.0,2000.0,7.9,0.032,19.5,0.195,99.9,0.4,3.027,0.303,1.893,0.189,0.304,0.935,2.504,0.715,5.407,2.769,1.824,10.0,Sample
1833,0 days 00:40:22,37.0,I13,64228,I,13,GFP-Gext,Plate 1,2026-03-19 12:42:56,Cytation5,26,5.0,1.8,1.8,8.0,20.0,100.0,3.0,1.9,0.3045,2.52,50.0,0.0,0.0,1.0,1.0,1.0,0.02,2.0,2000.0,7.9,0.032,19.5,0.195,99.9,0.4,3.027,0.303,1.893,0.189,0.304,0.935,2.504,0.715,5.407,2.769,1.824,10.0,Sample
1834,0 days 00:45:22,36.9,I13,82924,I,13,GFP-Gext,Plate 1,2026-03-19 12:47:56,Cytation5,26,5.0,1.8,1.8,8.0,20.0,100.0,3.0,1.9,0.3045,2.52,50.0,0.0,0.0,1.0,1.0,1.0,0.02,2.0,2000.0,7.9,0.032,19.5,0.195,99.9,0.4,3.027,0.303,1.893,0.189,0.304,0.935,2.504,0.715,5.407,2.769,1.824,10.0,Sample
1835,0 days 00:50:22,37.0,I13,100404,I,13,GFP-Gext,Plate 1,2026-03-19 12:52:56,Cytation5,26,5.0,1.8,1.8,8.0,20.0,100.0,3.0,1.9,0.3045,2.52,50.0,0.0,0.0,1.0,1.0,1.0,0.02,2.0,2000.0,7.9,0.032,19.5,0.195,99.9,0.4,3.027,0.303,1.893,0.189,0.304,0.935,2.504,0.715,5.407,2.769,1.824,10.0,Sample
1836,0 days 00:55:22,37.0,I13,116783,I,13,GFP-Gext,Plate 1,2026-03-19 12:57:56,Cytation5,26,5.0,1.8,1.8,8.0,20.0,100.0,3.0,1.9,0.3045,2.52,50.0,0.0,0.0,1.0,1.0,1.0,0.02,2.0,2000.0,7.9,0.032,19.5,0.195,99.9,0.4,3.027,0.303,1.893,0.189,0.304,0.935,2.504,0.715,5.407,2.769,1.824,10.0,Sample
1837,0 days 01:00:22,37.0,I13,133255,I,13,GFP-Gext,Plate 1,2026-03-19 13:02:56,Cytation5,26,5.0,1.8,1.8,8.0,20.0,100.0,3.0,1.9,0.3045,2.52,50.0,0.0,0.0,1.0,1.0,1.0,0.02,2.0,2000.0,7.9,0.032,19.5,0.195,99.9,0.4,3.027,0.303,1.893,0.189,0.304,0.935,2.504,0.715,5.407,2.769,1.824,10.0,Sample
1838,0 days 01:05:22,37.0,I13,147686,I,13,GFP-Gext,Plate 1,2026-03-19 13:07:56,Cytation5,26,5.0,1.8,1.8,8.0,20.0,100.0,3.0,1.9,0.3045,2.52,50.0,0.0,0.0,1.0,1.0,1.0,0.02,2.0,2000.0,7.9,0.032,19.5,0.195,99.9,0.4,3.027,0.303,1.893,0.189,0.304,0.935,2.504,0.715,5.407,2.769,1.824,10.0,Sample
1839,0 days 01:10:22,37.0,I13,163102,I,13,GFP-Gext,Plate 1,2026-03-19 13:12:56,Cytation5,26,5.0,1.8,1.8,8.0,20.0,100.0,3.0,1.9,0.3045,2.52,50.0,0.0,0.0,1.0,1.0,1.0,0.02,2.0,2000.0,7.9,0.032,19.5,0.195,99.9,0.4,3.027,0.303,1.893,0.189,0.304,0.935,2.504,0.715,5.407,2.769,1.824,10.0,Sample
1840,0 days 01:15:22,37.0,I13,177108,I,13,GFP-Gext,Plate 1,2026-03-19 13:17:56,Cytation5,26,5.0,1.8,1.8,8.0,20.0,100.0,3.0,1.9,0.3045,2.52,50.0,0.0,0.0,1.0,1.0,1.0,0.02,2.0,2000.0,7.9,0.032,19.5,0.195,99.9,0.4,3.027,0.303,1.893,0.189,0.304,0.935,2.504,0.715,5.407,2.769,1.824,10.0,Sample
1841,0 days 01:20:22,37.0,I13,189967,I,13,GFP-Gext,Plate 1,2026-03-19 13:22:56,Cytation5,26,5.0,1.8,1.8,8.0,20.0,100.0,3.0,1.9,0.3045,2.52,50.0,0.0,0.0,1.0,1.0,1.0,0.02,2.0,2000.0,7.9,0.032,19.5,0.195,99.9,0.4,3.027,0.303,1.893,0.189,0.304,0.935,2.504,0.715,5.407,2.769,1.824,10.0,Sample
1842,0 days 01:25:22,37.1,I13,202374,I,13,GFP-Gext,Plate 1,2026-03-19 13:27:56,Cytation5,26,5.0,1.8,1.8,8.0,20.0,100.0,3.0,1.9,0.3045,2.52,50.0,0.0,0.0,1.0,1.0,1.0,0.02,2.0,2000.0,7.9,0.032,19.5,0.195,99.9,0.4,3.027,0.303,1.893,0.189,0.304,0.935,2.504,0.715,5.407,2.769,1.824,10.0,Sample
1843,0 days 01:30:22,37.1,I13,215336,I,13,GFP-Gext,Plate 1,2026-03-19 13:32:56,Cytation5,26,5.0,1.8,1.8,8.0,20.0,100.0,3.0,1.9,0.3045,2.52,50.0,0.0,0.0,1.0,1.0,1.0,0.02,2.0,2000.0,7.9,0.032,19.5,0.195,99.9,0.4,3.027,0.303,1.893,0.189,0.304,0.935,2.504,0.715,5.407,2.769,1.824,10.0,Sample
1844,0 days 01:35:22,37.0,I13,229419,I,13,GFP-Gext,Plate 1,2026-03-19 13:37:56,Cytation5,26,5.0,1.8,1.8,8.0,20.0,100.0,3.0,1.9,0.3045,2.52,50.0,0.0,0.0,1.0,1.0,1.0,0.02,2.0,2000.0,7.9,0.032,19.5,0.195,99.9,0.4,3.027,0.303,1.893,0.189,0.304,0.935,2.504,0.715,5.407,2.769,1.824,10.0,Sample
1845,0 days 01:40:22,37.0,I13,241854,I,13,GFP-Gext,Plate 1,2026-03-19 13:42:56,Cytation5,26,5.0,1.8,1.8,8.0,20.0,100.0,3.0,1.9,0.3045,2.52,50.0,0.0,0.0,1.0,1.0,1.0,0.02,2.0,2000.0,7.9,0.032,19.5,0.195,99.9,0.4,3.027,0.303,1.893,0.189,0.304,0.935,2.504,0.715,5.407,2.769,1.824,10.0,Sample
1846,0 days 01:45:22,37.0,I13,253041,I,13,GFP-Gext,Plate 1,2026-03-19 13:47:56,Cytation5,26,5.0,1.8,1.8,8.0,20.0,100.0,3.0,1.9,0.3045,2.52,50.0,0.0,0.0,1.0,1.0,1.0,0.02,2.0,2000.0,7.9,0.032,19.5,0.195,99.9,0.4,3.027,0.303,1.893,0.189,0.304,0.935,2.504,0.715,5.407,2.769,1.824,10.0,Sample
1847,0 days 01:50:22,36.9,I13,262994,I,13,GFP-Gext,Plate 1,2026-03-19 13:52:56,Cytation5,26,5.0,1.8,1.8,8.0,20.0,100.0,3.0,1.9,0.3045,2.52,50.0,0.0,0.0,1.0,1.0,1.0,0.02,2.0,2000.0,7.9,0.032,19.5,0.195,99.9,0.4,3.027,0.303,1.893,0.189,0.304,0.935,2.504,0.715,5.407,2.769,1.824,10.0,Sample
1848,0 days 01:55:22,37.0,I13,273571,I,13,GFP-Gext,Plate 1,2026-03-19 13:57:56,Cytation5,26,5.0,1.8,1.8,8.0,20.0,100.0,3.0,1.9,0.3045,2.52,50.0,0.0,0.0,1.0,1.0,1.0,0.02,2.0,2000.0,7.9,0.032,19.5,0.195,99.9,0.4,3.027,0.303,1.893,0.189,0.304,0.935,2.504,0.715,5.407,2.769,1.824,10.0,Sample
1849,0 days 02:00:22,37.0,I13,284087,I,13,GFP-Gext,Plate 1,2026-03-19 14:02:56,Cytation5,26,5.0,1.8,1.8,8.0,20.0,100.0,3.0,1.9,0.3045,2.52,50.0,0.0,0.0,1.0,1.0,1.0,0.02,2.0,2000.0,7.9,0.032,19.5,0.195,99.9,0.4,3.027,0.303,1.893,0.189,0.304,0.935,2.504,0.715,5.407,2.769,1.824,10.0,Sample
1850,0 days 02:05:22,37.0,I13,288067,I,13,GFP-Gext,Plate 1,2026-03-19 14:07:56,Cytation5,26,5.0,1.8,1.8,8.0,20.0,100.0,3.0,1.9,0.3045,2.52,50.0,0.0,0.0,1.0,1.0,1.0,0.02,2.0,2000.0,7.9,0.032,19.5,0.195,99.9,0.4,3.027,0.303,1.893,0.189,0.304,0.935,2.504,0.715,5.407,2.769,1.824,10.0,Sample
1851,0 days 02:10:22,37.0,I13,298242,I,13,GFP-Gext,Plate 1,2026-03-19 14:12:56,Cytation5,26,5.0,1.8,1.8,8.0,20.0,100.0,3.0,1.9,0.3045,2.52,50.0,0.0,0.0,1.0,1.0,1.0,0.02,2.0,2000.0,7.9,0.032,19.5,0.195,99.9,0.4,3.027,0.303,1.893,0.189,0.304,0.935,2.504,0.715,5.407,2.769,1.824,10.0,Sample
1852,0 days 02:15:22,37.0,I13,303426,I,13,GFP-Gext,Plate 1,2026-03-19 14:17:56,Cytation5,26,5.0,1.8,1.8,8.0,20.0,100.0,3.0,1.9,0.3045,2.52,50.0,0.0,0.0,1.0,1.0,1.0,0.02,2.0,2000.0,7.9,0.032,19.5,0.195,99.9,0.4,3.027,0.303,1.893,0.189,0.304,0.935,2.504,0.715,5.407,2.769,1.824,10.0,Sample
1853,0 days 02:20:22,37.0,I13,311681,I,13,GFP-Gext,Plate 1,2026-03-19 14:22:56,Cytation5,26,5.0,1.8,1.8,8.0,20.0,100.0,3.0,1.9,0.3045,2.52,50.0,0.0,0.0,1.0,1.0,1.0,0.02,2.0,2000.0,7.9,0.032,19.5,0.195,99.9,0.4,3.027,0.303,1.893,0.189,0.304,0.935,2.504,0.715,5.407,2.769,1.824,10.0,Sample
1854,0 days 02:25:22,37.0,I13,316547,I,13,GFP-Gext,Plate 1,2026-03-19 14:27:56,Cytation5,26,5.0,1.8,1.8,8.0,20.0,100.0,3.0,1.9,0.3045,2.52,50.0,0.0,0.0,1.0,1.0,1.0,0.02,2.0,2000.0,7.9,0.032,19.5,0.195,99.9,0.4,3.027,0.303,1.893,0.189,0.304,0.935,2.504,0.715,5.407,2.769,1.824,10.0,Sample
1855,0 days 02:30:22,37.1,I13,320472,I,13,GFP-Gext,Plate 1,2026-03-19 14:32:56,Cytation5,26,5.0,1.8,1.8,8.0,20.0,100.0,3.0,1.9,0.3045,2.52,50.0,0.0,0.0,1.0,1.0,1.0,0.02,2.0,2000.0,7.9,0.032,19.5,0.195,99.9,0.4,3.027,0.303,1.893,0.189,0.304,0.935,2.504,0.715,5.407,2.769,1.824,10.0,Sample
1856,0 days 02:35:22,37.0,I13,324607,I,13,GFP-Gext,Plate 1,2026-03-19 14:37:56,Cytation5,26,5.0,1.8,1.8,8.0,20.0,100.0,3.0,1.9,0.3045,2.52,50.0,0.0,0.0,1.0,1.0,1.0,0.02,2.0,2000.0,7.9,0.032,19.5,0.195,99.9,0.4,3.027,0.303,1.893,0.189,0.304,0.935,2.504,0.715,5.407,2.769,1.824,10.0,Sample
1857,0 days 02:40:22,37.0,I13,329073,I,13,GFP-Gext,Plate 1,2026-03-19 14:42:56,Cytation5,26,5.0,1.8,1.8,8.0,20.0,100.0,3.0,1.9,0.3045,2.52,50.0,0.0,0.0,1.0,1.0,1.0,0.02,2.0,2000.0,7.9,0.032,19.5,0.195,99.9,0.4,3.027,0.303,1.893,0.189,0.304,0.935,2.504,0.715,5.407,2.769,1.824,10.0,Sample
1858,0 days 02:45:22,37.1,I13,331543,I,13,GFP-Gext,Plate 1,2026-03-19 14:47:56,Cytation5,26,5.0,1.8,1.8,8.0,20.0,100.0,3.0,1.9,0.3045,2.52,50.0,0.0,0.0,1.0,1.0,1.0,0.02,2.0,2000.0,7.9,0.032,19.5,0.195,99.9,0.4,3.027,0.303,1.893,0.189,0.304,0.935,2.504,0.715,5.407,2.769,1.824,10.0,Sample
1859,0 days 02:50:22,37.0,I13,334081,I,13,GFP-Gext,Plate 1,2026-03-19 14:52:56,Cytation5,26,5.0,1.8,1.8,8.0,20.0,100.0,3.0,1.9,0.3045,2.52,50.0,0.0,0.0,1.0,1.0,1.0,0.02,2.0,2000.0,7.9,0.032,19.5,0.195,99.9,0.4,3.027,0.303,1.893,0.189,0.304,0.935,2.504,0.715,5.407,2.769,1.824,10.0,Sample
1860,0 days 02:55:22,37.0,I13,336681,I,13,GFP-Gext,Plate 1,2026-03-19 14:57:56,Cytation5,26,5.0,1.8,1.8,8.0,20.0,100.0,3.0,1.9,0.3045,2.52,50.0,0.0,0.0,1.0,1.0,1.0,0.02,2.0,2000.0,7.9,0.032,19.5,0.195,99.9,0.4,3.027,0.303,1.893,0.189,0.304,0.935,2.504,0.715,5.407,2.769,1.824,10.0,Sample
1861,0 days 03:00:22,37.0,I13,338086,I,13,GFP-Gext,Plate 1,2026-03-19 15:02:56,Cytation5,26,5.0,1.8,1.8,8.0,20.0,100.0,3.0,1.9,0.3045,2.52,50.0,0.0,0.0,1.0,1.0,1.0,0.02,2.0,2000.0,7.9,0.032,19.5,0.195,99.9,0.4,3.027,0.303,1.893,0.189,0.304,0.935,2.504,0.715,5.407,2.769,1.824,10.0,Sample
1862,0 days 03:05:22,37.0,I13,340580,I,13,GFP-Gext,Plate 1,2026-03-19 15:07:56,Cytation5,26,5.0,1.8,1.8,8.0,20.0,100.0,3.0,1.9,0.3045,2.52,50.0,0.0,0.0,1.0,1.0,1.0,0.02,2.0,2000.0,7.9,0.032,19.5,0.195,99.9,0.4,3.027,0.303,1.893,0.189,0.304,0.935,2.504,0.715,5.407,2.769,1.824,10.0,Sample
1863,0 days 03:10:22,37.0,I13,343259,I,13,GFP-Gext,Plate 1,2026-03-19 15:12:56,Cytation5,26,5.0,1.8,1.8,8.0,20.0,100.0,3.0,1.9,0.3045,2.52,50.0,0.0,0.0,1.0,1.0,1.0,0.02,2.0,2000.0,7.9,0.032,19.5,0.195,99.9,0.4,3.027,0.303,1.893,0.189,0.304,0.935,2.504,0.715,5.407,2.769,1.824,10.0,Sample
1864,0 days 03:15:22,37.0,I13,342915,I,13,GFP-Gext,Plate 1,2026-03-19 15:17:56,Cytation5,26,5.0,1.8,1.8,8.0,20.0,100.0,3.0,1.9,0.3045,2.52,50.0,0.0,0.0,1.0,1.0,1.0,0.02,2.0,2000.0,7.9,0.032,19.5,0.195,99.9,0.4,3.027,0.303,1.893,0.189,0.304,0.935,2.504,0.715,5.407,2.769,1.824,10.0,Sample
1865,0 days 03:20:22,37.0,I13,344589,I,13,GFP-Gext,Plate 1,2026-03-19 15:22:56,Cytation5,26,5.0,1.8,1.8,8.0,20.0,100.0,3.0,1.9,0.3045,2.52,50.0,0.0,0.0,1.0,1.0,1.0,0.02,2.0,2000.0,7.9,0.032,19.5,0.195,99.9,0.4,3.027,0.303,1.893,0.189,0.304,0.935,2.504,0.715,5.407,2.769,1.824,10.0,Sample
1866,0 days 03:25:22,37.1,I13,344202,I,13,GFP-Gext,Plate 1,2026-03-19 15:27:56,Cytation5,26,5.0,1.8,1.8,8.0,20.0,100.0,3.0,1.9,0.3045,2.52,50.0,0.0,0.0,1.0,1.0,1.0,0.02,2.0,2000.0,7.9,0.032,19.5,0.195,99.9,0.4,3.027,0.303,1.893,0.189,0.304,0.935,2.504,0.715,5.407,2.769,1.824,10.0,Sample
1867,0 days 03:30:22,36.9,I13,346196,I,13,GFP-Gext,Plate 1,2026-03-19 15:32:56,Cytation5,26,5.0,1.8,1.8,8.0,20.0,100.0,3.0,1.9,0.3045,2.52,50.0,0.0,0.0,1.0,1.0,1.0,0.02,2.0,2000.0,7.9,0.032,19.5,0.195,99.9,0.4,3.027,0.303,1.893,0.189,0.304,0.935,2.504,0.715,5.407,2.769,1.824,10.0,Sample
1868,0 days 03:35:22,37.1,I13,345750,I,13,GFP-Gext,Plate 1,2026-03-19 15:37:56,Cytation5,26,5.0,1.8,1.8,8.0,20.0,100.0,3.0,1.9,0.3045,2.52,50.0,0.0,0.0,1.0,1.0,1.0,0.02,2.0,2000.0,7.9,0.032,19.5,0.195,99.9,0.4,3.027,0.303,1.893,0.189,0.304,0.935,2.504,0.715,5.407,2.769,1.824,10.0,Sample
1869,0 days 03:40:22,37.0,I13,347351,I,13,GFP-Gext,Plate 1,2026-03-19 15:42:56,Cytation5,26,5.0,1.8,1.8,8.0,20.0,100.0,3.0,1.9,0.3045,2.52,50.0,0.0,0.0,1.0,1.0,1.0,0.02,2.0,2000.0,7.9,0.032,19.5,0.195,99.9,0.4,3.027,0.303,1.893,0.189,0.304,0.935,2.504,0.715,5.407,2.769,1.824,10.0,Sample
1870,0 days 03:45:22,37.0,I13,348049,I,13,GFP-Gext,Plate 1,2026-03-19 15:47:56,Cytation5,26,5.0,1.8,1.8,8.0,20.0,100.0,3.0,1.9,0.3045,2.52,50.0,0.0,0.0,1.0,1.0,1.0,0.02,2.0,2000.0,7.9,0.032,19.5,0.195,99.9,0.4,3.027,0.303,1.893,0.189,0.304,0.935,2.504,0.715,5.407,2.769,1.824,10.0,Sample
1871,0 days 03:50:22,37.0,I13,346719,I,13,GFP-Gext,Plate 1,2026-03-19 15:52:56,Cytation5,26,5.0,1.8,1.8,8.0,20.0,100.0,3.0,1.9,0.3045,2.52,50.0,0.0,0.0,1.0,1.0,1.0,0.02,2.0,2000.0,7.9,0.032,19.5,0.195,99.9,0.4,3.027,0.303,1.893,0.189,0.304,0.935,2.504,0.715,5.407,2.769,1.824,10.0,Sample
1872,0 days 03:55:22,37.1,I13,349615,I,13,GFP-Gext,Plate 1,2026-03-19 15:57:56,Cytation5,26,5.0,1.8,1.8,8.0,20.0,100.0,3.0,1.9,0.3045,2.52,50.0,0.0,0.0,1.0,1.0,1.0,0.02,2.0,2000.0,7.9,0.032,19.5,0.195,99.9,0.4,3.027,0.303,1.893,0.189,0.304,0.935,2.504,0.715,5.407,2.769,1.824,10.0,Sample
1873,0 days 04:00:22,37.0,I13,346264,I,13,GFP-Gext,Plate 1,2026-03-19 16:02:56,Cytation5,26,5.0,1.8,1.8,8.0,20.0,100.0,3.0,1.9,0.3045,2.52,50.0,0.0,0.0,1.0,1.0,1.0,0.02,2.0,2000.0,7.9,0.032,19.5,0.195,99.9,0.4,3.027,0.303,1.893,0.189,0.304,0.935,2.504,0.715,5.407,2.769,1.824,10.0,Sample
1874,0 days 04:05:22,37.1,I13,348690,I,13,GFP-Gext,Plate 1,2026-03-19 16:07:56,Cytation5,26,5.0,1.8,1.8,8.0,20.0,100.0,3.0,1.9,0.3045,2.52,50.0,0.0,0.0,1.0,1.0,1.0,0.02,2.0,2000.0,7.9,0.032,19.5,0.195,99.9,0.4,3.027,0.303,1.893,0.189,0.304,0.935,2.504,0.715,5.407,2.769,1.824,10.0,Sample
1875,0 days 04:10:22,37.0,I13,348056,I,13,GFP-Gext,Plate 1,2026-03-19 16:12:56,Cytation5,26,5.0,1.8,1.8,8.0,20.0,100.0,3.0,1.9,0.3045,2.52,50.0,0.0,0.0,1.0,1.0,1.0,0.02,2.0,2000.0,7.9,0.032,19.5,0.195,99.9,0.4,3.027,0.303,1.893,0.189,0.304,0.935,2.504,0.715,5.407,2.769,1.824,10.0,Sample
1876,0 days 04:15:22,37.0,I13,347181,I,13,GFP-Gext,Plate 1,2026-03-19 16:17:56,Cytation5,26,5.0,1.8,1.8,8.0,20.0,100.0,3.0,1.9,0.3045,2.52,50.0,0.0,0.0,1.0,1.0,1.0,0.02,2.0,2000.0,7.9,0.032,19.5,0.195,99.9,0.4,3.027,0.303,1.893,0.189,0.304,0.935,2.504,0.715,5.407,2.769,1.824,10.0,Sample
1877,0 days 04:20:22,37.0,I13,348375,I,13,GFP-Gext,Plate 1,2026-03-19 16:22:56,Cytation5,26,5.0,1.8,1.8,8.0,20.0,100.0,3.0,1.9,0.3045,2.52,50.0,0.0,0.0,1.0,1.0,1.0,0.02,2.0,2000.0,7.9,0.032,19.5,0.195,99.9,0.4,3.027,0.303,1.893,0.189,0.304,0.935,2.504,0.715,5.407,2.769,1.824,10.0,Sample
1878,0 days 04:25:22,37.1,I13,345806,I,13,GFP-Gext,Plate 1,2026-03-19 16:27:56,Cytation5,26,5.0,1.8,1.8,8.0,20.0,100.0,3.0,1.9,0.3045,2.52,50.0,0.0,0.0,1.0,1.0,1.0,0.02,2.0,2000.0,7.9,0.032,19.5,0.195,99.9,0.4,3.027,0.303,1.893,0.189,0.304,0.935,2.504,0.715,5.407,2.769,1.824,10.0,Sample
1879,0 days 04:30:22,37.0,I13,346433,I,13,GFP-Gext,Plate 1,2026-03-19 16:32:56,Cytation5,26,5.0,1.8,1.8,8.0,20.0,100.0,3.0,1.9,0.3045,2.52,50.0,0.0,0.0,1.0,1.0,1.0,0.02,2.0,2000.0,7.9,0.032,19.5,0.195,99.9,0.4,3.027,0.303,1.893,0.189,0.304,0.935,2.504,0.715,5.407,2.769,1.824,10.0,Sample
1880,0 days 04:35:22,37.0,I13,347847,I,13,GFP-Gext,Plate 1,2026-03-19 16:37:56,Cytation5,26,5.0,1.8,1.8,8.0,20.0,100.0,3.0,1.9,0.3045,2.52,50.0,0.0,0.0,1.0,1.0,1.0,0.02,2.0,2000.0,7.9,0.032,19.5,0.195,99.9,0.4,3.027,0.303,1.893,0.189,0.304,0.935,2.504,0.715,5.407,2.769,1.824,10.0,Sample
1881,0 days 04:40:22,37.0,I13,345501,I,13,GFP-Gext,Plate 1,2026-03-19 16:42:56,Cytation5,26,5.0,1.8,1.8,8.0,20.0,100.0,3.0,1.9,0.3045,2.52,50.0,0.0,0.0,1.0,1.0,1.0,0.02,2.0,2000.0,7.9,0.032,19.5,0.195,99.9,0.4,3.027,0.303,1.893,0.189,0.304,0.935,2.504,0.715,5.407,2.769,1.824,10.0,Sample
1882,0 days 04:45:22,37.0,I13,346669,I,13,GFP-Gext,Plate 1,2026-03-19 16:47:56,Cytation5,26,5.0,1.8,1.8,8.0,20.0,100.0,3.0,1.9,0.3045,2.52,50.0,0.0,0.0,1.0,1.0,1.0,0.02,2.0,2000.0,7.9,0.032,19.5,0.195,99.9,0.4,3.027,0.303,1.893,0.189,0.304,0.935,2.504,0.715,5.407,2.769,1.824,10.0,Sample
1883,0 days 04:50:22,37.0,I13,347059,I,13,GFP-Gext,Plate 1,2026-03-19 16:52:56,Cytation5,26,5.0,1.8,1.8,8.0,20.0,100.0,3.0,1.9,0.3045,2.52,50.0,0.0,0.0,1.0,1.0,1.0,0.02,2.0,2000.0,7.9,0.032,19.5,0.195,99.9,0.4,3.027,0.303,1.893,0.189,0.304,0.935,2.504,0.715,5.407,2.769,1.824,10.0,Sample
1884,0 days 04:55:22,37.1,I13,346867,I,13,GFP-Gext,Plate 1,2026-03-19 16:57:56,Cytation5,26,5.0,1.8,1.8,8.0,20.0,100.0,3.0,1.9,0.3045,2.52,50.0,0.0,0.0,1.0,1.0,1.0,0.02,2.0,2000.0,7.9,0.032,19.5,0.195,99.9,0.4,3.027,0.303,1.893,0.189,0.304,0.935,2.504,0.715,5.407,2.769,1.824,10.0,Sample
1885,0 days 05:00:22,37.1,I13,347301,I,13,GFP-Gext,Plate 1,2026-03-19 17:02:56,Cytation5,26,5.0,1.8,1.8,8.0,20.0,100.0,3.0,1.9,0.3045,2.52,50.0,0.0,0.0,1.0,1.0,1.0,0.02,2.0,2000.0,7.9,0.032,19.5,0.195,99.9,0.4,3.027,0.303,1.893,0.189,0.304,0.935,2.504,0.715,5.407,2.769,1.824,10.0,Sample
1886,0 days 05:05:22,37.0,I13,344659,I,13,GFP-Gext,Plate 1,2026-03-19 17:07:56,Cytation5,26,5.0,1.8,1.8,8.0,20.0,100.0,3.0,1.9,0.3045,2.52,50.0,0.0,0.0,1.0,1.0,1.0,0.02,2.0,2000.0,7.9,0.032,19.5,0.195,99.9,0.4,3.027,0.303,1.893,0.189,0.304,0.935,2.504,0.715,5.407,2.769,1.824,10.0,Sample
1887,0 days 05:10:22,37.0,I13,346202,I,13,GFP-Gext,Plate 1,2026-03-19 17:12:56,Cytation5,26,5.0,1.8,1.8,8.0,20.0,100.0,3.0,1.9,0.3045,2.52,50.0,0.0,0.0,1.0,1.0,1.0,0.02,2.0,2000.0,7.9,0.032,19.5,0.195,99.9,0.4,3.027,0.303,1.893,0.189,0.304,0.935,2.504,0.715,5.407,2.769,1.824,10.0,Sample
1888,0 days 05:15:22,37.1,I13,345830,I,13,GFP-Gext,Plate 1,2026-03-19 17:17:56,Cytation5,26,5.0,1.8,1.8,8.0,20.0,100.0,3.0,1.9,0.3045,2.52,50.0,0.0,0.0,1.0,1.0,1.0,0.02,2.0,2000.0,7.9,0.032,19.5,0.195,99.9,0.4,3.027,0.303,1.893,0.189,0.304,0.935,2.504,0.715,5.407,2.769,1.824,10.0,Sample
1889,0 days 05:20:22,37.0,I13,347070,I,13,GFP-Gext,Plate 1,2026-03-19 17:22:56,Cytation5,26,5.0,1.8,1.8,8.0,20.0,100.0,3.0,1.9,0.3045,2.52,50.0,0.0,0.0,1.0,1.0,1.0,0.02,2.0,2000.0,7.9,0.032,19.5,0.195,99.9,0.4,3.027,0.303,1.893,0.189,0.304,0.935,2.504,0.715,5.407,2.769,1.824,10.0,Sample
1890,0 days 05:25:22,37.0,I13,345052,I,13,GFP-Gext,Plate 1,2026-03-19 17:27:56,Cytation5,26,5.0,1.8,1.8,8.0,20.0,100.0,3.0,1.9,0.3045,2.52,50.0,0.0,0.0,1.0,1.0,1.0,0.02,2.0,2000.0,7.9,0.032,19.5,0.195,99.9,0.4,3.027,0.303,1.893,0.189,0.304,0.935,2.504,0.715,5.407,2.769,1.824,10.0,Sample
1891,0 days 05:30:22,37.0,I13,345524,I,13,GFP-Gext,Plate 1,2026-03-19 17:32:56,Cytation5,26,5.0,1.8,1.8,8.0,20.0,100.0,3.0,1.9,0.3045,2.52,50.0,0.0,0.0,1.0,1.0,1.0,0.02,2.0,2000.0,7.9,0.032,19.5,0.195,99.9,0.4,3.027,0.303,1.893,0.189,0.304,0.935,2.504,0.715,5.407,2.769,1.824,10.0,Sample
1892,0 days 05:35:22,37.0,I13,346575,I,13,GFP-Gext,Plate 1,2026-03-19 17:37:56,Cytation5,26,5.0,1.8,1.8,8.0,20.0,100.0,3.0,1.9,0.3045,2.52,50.0,0.0,0.0,1.0,1.0,1.0,0.02,2.0,2000.0,7.9,0.032,19.5,0.195,99.9,0.4,3.027,0.303,1.893,0.189,0.304,0.935,2.504,0.715,5.407,2.769,1.824,10.0,Sample
1893,0 days 05:40:22,37.0,I13,346218,I,13,GFP-Gext,Plate 1,2026-03-19 17:42:56,Cytation5,26,5.0,1.8,1.8,8.0,20.0,100.0,3.0,1.9,0.3045,2.52,50.0,0.0,0.0,1.0,1.0,1.0,0.02,2.0,2000.0,7.9,0.032,19.5,0.195,99.9,0.4,3.027,0.303,1.893,0.189,0.304,0.935,2.504,0.715,5.407,2.769,1.824,10.0,Sample
1894,0 days 05:45:22,37.0,I13,345731,I,13,GFP-Gext,Plate 1,2026-03-19 17:47:56,Cytation5,26,5.0,1.8,1.8,8.0,20.0,100.0,3.0,1.9,0.3045,2.52,50.0,0.0,0.0,1.0,1.0,1.0,0.02,2.0,2000.0,7.9,0.032,19.5,0.195,99.9,0.4,3.027,0.303,1.893,0.189,0.304,0.935,2.504,0.715,5.407,2.769,1.824,10.0,Sample
1895,0 days 05:50:22,37.0,I13,344769,I,13,GFP-Gext,Plate 1,2026-03-19 17:52:56,Cytation5,26,5.0,1.8,1.8,8.0,20.0,100.0,3.0,1.9,0.3045,2.52,50.0,0.0,0.0,1.0,1.0,1.0,0.02,2.0,2000.0,7.9,0.032,19.5,0.195,99.9,0.4,3.027,0.303,1.893,0.189,0.304,0.935,2.504,0.715,5.407,2.769,1.824,10.0,Sample
1896,0 days 05:55:22,37.0,I13,346323,I,13,GFP-Gext,Plate 1,2026-03-19 17:57:56,Cytation5,26,5.0,1.8,1.8,8.0,20.0,100.0,3.0,1.9,0.3045,2.52,50.0,0.0,0.0,1.0,1.0,1.0,0.02,2.0,2000.0,7.9,0.032,19.5,0.195,99.9,0.4,3.027,0.303,1.893,0.189,0.304,0.935,2.504,0.715,5.407,2.769,1.824,10.0,Sample
1897,0 days 06:00:22,37.0,I13,344581,I,13,GFP-Gext,Plate 1,2026-03-19 18:02:56,Cytation5,26,5.0,1.8,1.8,8.0,20.0,100.0,3.0,1.9,0.3045,2.52,50.0,0.0,0.0,1.0,1.0,1.0,0.02,2.0,2000.0,7.9,0.032,19.5,0.195,99.9,0.4,3.027,0.303,1.893,0.189,0.304,0.935,2.504,0.715,5.407,2.769,1.824,10.0,Sample
1898,0 days 00:00:22,27.7,I14,386,I,14,GFP-Gext,Plate 1,2026-03-19 12:02:56,Cytation5,10,5.0,1.8,1.8,15.0,53.0,100.0,3.5,2.7,0.3815,2.8,50.0,0.0,0.0,1.0,1.0,1.0,0.02,2.0,2000.0,14.8,0.059,52.9,0.529,99.8,0.399,3.525,0.352,2.738,0.274,0.382,1.175,2.81,0.803,5.407,3.591,1.002,10.0,Sample
1899,0 days 00:05:22,33.8,I14,423,I,14,GFP-Gext,Plate 1,2026-03-19 12:07:56,Cytation5,10,5.0,1.8,1.8,15.0,53.0,100.0,3.5,2.7,0.3815,2.8,50.0,0.0,0.0,1.0,1.0,1.0,0.02,2.0,2000.0,14.8,0.059,52.9,0.529,99.8,0.399,3.525,0.352,2.738,0.274,0.382,1.175,2.81,0.803,5.407,3.591,1.002,10.0,Sample
1900,0 days 00:10:22,37.0,I14,693,I,14,GFP-Gext,Plate 1,2026-03-19 12:12:56,Cytation5,10,5.0,1.8,1.8,15.0,53.0,100.0,3.5,2.7,0.3815,2.8,50.0,0.0,0.0,1.0,1.0,1.0,0.02,2.0,2000.0,14.8,0.059,52.9,0.529,99.8,0.399,3.525,0.352,2.738,0.274,0.382,1.175,2.81,0.803,5.407,3.591,1.002,10.0,Sample
1901,0 days 00:15:22,37.0,I14,2541,I,14,GFP-Gext,Plate 1,2026-03-19 12:17:56,Cytation5,10,5.0,1.8,1.8,15.0,53.0,100.0,3.5,2.7,0.3815,2.8,50.0,0.0,0.0,1.0,1.0,1.0,0.02,2.0,2000.0,14.8,0.059,52.9,0.529,99.8,0.399,3.525,0.352,2.738,0.274,0.382,1.175,2.81,0.803,5.407,3.591,1.002,10.0,Sample
1902,0 days 00:20:22,37.0,I14,7213,I,14,GFP-Gext,Plate 1,2026-03-19 12:22:56,Cytation5,10,5.0,1.8,1.8,15.0,53.0,100.0,3.5,2.7,0.3815,2.8,50.0,0.0,0.0,1.0,1.0,1.0,0.02,2.0,2000.0,14.8,0.059,52.9,0.529,99.8,0.399,3.525,0.352,2.738,0.274,0.382,1.175,2.81,0.803,5.407,3.591,1.002,10.0,Sample
1903,0 days 00:25:22,37.1,I14,15275,I,14,GFP-Gext,Plate 1,2026-03-19 12:27:56,Cytation5,10,5.0,1.8,1.8,15.0,53.0,100.0,3.5,2.7,0.3815,2.8,50.0,0.0,0.0,1.0,1.0,1.0,0.02,2.0,2000.0,14.8,0.059,52.9,0.529,99.8,0.399,3.525,0.352,2.738,0.274,0.382,1.175,2.81,0.803,5.407,3.591,1.002,10.0,Sample
1904,0 days 00:30:22,37.0,I14,26301,I,14,GFP-Gext,Plate 1,2026-03-19 12:32:56,Cytation5,10,5.0,1.8,1.8,15.0,53.0,100.0,3.5,2.7,0.3815,2.8,50.0,0.0,0.0,1.0,1.0,1.0,0.02,2.0,2000.0,14.8,0.059,52.9,0.529,99.8,0.399,3.525,0.352,2.738,0.274,0.382,1.175,2.81,0.803,5.407,3.591,1.002,10.0,Sample
1905,0 days 00:35:22,37.0,I14,42027,I,14,GFP-Gext,Plate 1,2026-03-19 12:37:56,Cytation5,10,5.0,1.8,1.8,15.0,53.0,100.0,3.5,2.7,0.3815,2.8,50.0,0.0,0.0,1.0,1.0,1.0,0.02,2.0,2000.0,14.8,0.059,52.9,0.529,99.8,0.399,3.525,0.352,2.738,0.274,0.382,1.175,2.81,0.803,5.407,3.591,1.002,10.0,Sample
1906,0 days 00:40:22,37.0,I14,59345,I,14,GFP-Gext,Plate 1,2026-03-19 12:42:56,Cytation5,10,5.0,1.8,1.8,15.0,53.0,100.0,3.5,2.7,0.3815,2.8,50.0,0.0,0.0,1.0,1.0,1.0,0.02,2.0,2000.0,14.8,0.059,52.9,0.529,99.8,0.399,3.525,0.352,2.738,0.274,0.382,1.175,2.81,0.803,5.407,3.591,1.002,10.0,Sample
1907,0 days 00:45:22,36.9,I14,80191,I,14,GFP-Gext,Plate 1,2026-03-19 12:47:56,Cytation5,10,5.0,1.8,1.8,15.0,53.0,100.0,3.5,2.7,0.3815,2.8,50.0,0.0,0.0,1.0,1.0,1.0,0.02,2.0,2000.0,14.8,0.059,52.9,0.529,99.8,0.399,3.525,0.352,2.738,0.274,0.382,1.175,2.81,0.803,5.407,3.591,1.002,10.0,Sample
1908,0 days 00:50:22,37.0,I14,102883,I,14,GFP-Gext,Plate 1,2026-03-19 12:52:56,Cytation5,10,5.0,1.8,1.8,15.0,53.0,100.0,3.5,2.7,0.3815,2.8,50.0,0.0,0.0,1.0,1.0,1.0,0.02,2.0,2000.0,14.8,0.059,52.9,0.529,99.8,0.399,3.525,0.352,2.738,0.274,0.382,1.175,2.81,0.803,5.407,3.591,1.002,10.0,Sample
1909,0 days 00:55:22,37.0,I14,126857,I,14,GFP-Gext,Plate 1,2026-03-19 12:57:56,Cytation5,10,5.0,1.8,1.8,15.0,53.0,100.0,3.5,2.7,0.3815,2.8,50.0,0.0,0.0,1.0,1.0,1.0,0.02,2.0,2000.0,14.8,0.059,52.9,0.529,99.8,0.399,3.525,0.352,2.738,0.274,0.382,1.175,2.81,0.803,5.407,3.591,1.002,10.0,Sample
1910,0 days 01:00:22,37.0,I14,152173,I,14,GFP-Gext,Plate 1,2026-03-19 13:02:56,Cytation5,10,5.0,1.8,1.8,15.0,53.0,100.0,3.5,2.7,0.3815,2.8,50.0,0.0,0.0,1.0,1.0,1.0,0.02,2.0,2000.0,14.8,0.059,52.9,0.529,99.8,0.399,3.525,0.352,2.738,0.274,0.382,1.175,2.81,0.803,5.407,3.591,1.002,10.0,Sample
1911,0 days 01:05:22,37.0,I14,177225,I,14,GFP-Gext,Plate 1,2026-03-19 13:07:56,Cytation5,10,5.0,1.8,1.8,15.0,53.0,100.0,3.5,2.7,0.3815,2.8,50.0,0.0,0.0,1.0,1.0,1.0,0.02,2.0,2000.0,14.8,0.059,52.9,0.529,99.8,0.399,3.525,0.352,2.738,0.274,0.382,1.175,2.81,0.803,5.407,3.591,1.002,10.0,Sample
1912,0 days 01:10:22,37.0,I14,198400,I,14,GFP-Gext,Plate 1,2026-03-19 13:12:56,Cytation5,10,5.0,1.8,1.8,15.0,53.0,100.0,3.5,2.7,0.3815,2.8,50.0,0.0,0.0,1.0,1.0,1.0,0.02,2.0,2000.0,14.8,0.059,52.9,0.529,99.8,0.399,3.525,0.352,2.738,0.274,0.382,1.175,2.81,0.803,5.407,3.591,1.002,10.0,Sample
1913,0 days 01:15:22,37.0,I14,216741,I,14,GFP-Gext,Plate 1,2026-03-19 13:17:56,Cytation5,10,5.0,1.8,1.8,15.0,53.0,100.0,3.5,2.7,0.3815,2.8,50.0,0.0,0.0,1.0,1.0,1.0,0.02,2.0,2000.0,14.8,0.059,52.9,0.529,99.8,0.399,3.525,0.352,2.738,0.274,0.382,1.175,2.81,0.803,5.407,3.591,1.002,10.0,Sample
1914,0 days 01:20:22,37.0,I14,236629,I,14,GFP-Gext,Plate 1,2026-03-19 13:22:56,Cytation5,10,5.0,1.8,1.8,15.0,53.0,100.0,3.5,2.7,0.3815,2.8,50.0,0.0,0.0,1.0,1.0,1.0,0.02,2.0,2000.0,14.8,0.059,52.9,0.529,99.8,0.399,3.525,0.352,2.738,0.274,0.382,1.175,2.81,0.803,5.407,3.591,1.002,10.0,Sample
1915,0 days 01:25:22,37.1,I14,253098,I,14,GFP-Gext,Plate 1,2026-03-19 13:27:56,Cytation5,10,5.0,1.8,1.8,15.0,53.0,100.0,3.5,2.7,0.3815,2.8,50.0,0.0,0.0,1.0,1.0,1.0,0.02,2.0,2000.0,14.8,0.059,52.9,0.529,99.8,0.399,3.525,0.352,2.738,0.274,0.382,1.175,2.81,0.803,5.407,3.591,1.002,10.0,Sample
1916,0 days 01:30:22,37.1,I14,268403,I,14,GFP-Gext,Plate 1,2026-03-19 13:32:56,Cytation5,10,5.0,1.8,1.8,15.0,53.0,100.0,3.5,2.7,0.3815,2.8,50.0,0.0,0.0,1.0,1.0,1.0,0.02,2.0,2000.0,14.8,0.059,52.9,0.529,99.8,0.399,3.525,0.352,2.738,0.274,0.382,1.175,2.81,0.803,5.407,3.591,1.002,10.0,Sample
1917,0 days 01:35:22,37.0,I14,284383,I,14,GFP-Gext,Plate 1,2026-03-19 13:37:56,Cytation5,10,5.0,1.8,1.8,15.0,53.0,100.0,3.5,2.7,0.3815,2.8,50.0,0.0,0.0,1.0,1.0,1.0,0.02,2.0,2000.0,14.8,0.059,52.9,0.529,99.8,0.399,3.525,0.352,2.738,0.274,0.382,1.175,2.81,0.803,5.407,3.591,1.002,10.0,Sample
1918,0 days 01:40:22,37.0,I14,298052,I,14,GFP-Gext,Plate 1,2026-03-19 13:42:56,Cytation5,10,5.0,1.8,1.8,15.0,53.0,100.0,3.5,2.7,0.3815,2.8,50.0,0.0,0.0,1.0,1.0,1.0,0.02,2.0,2000.0,14.8,0.059,52.9,0.529,99.8,0.399,3.525,0.352,2.738,0.274,0.382,1.175,2.81,0.803,5.407,3.591,1.002,10.0,Sample
1919,0 days 01:45:22,37.0,I14,312533,I,14,GFP-Gext,Plate 1,2026-03-19 13:47:56,Cytation5,10,5.0,1.8,1.8,15.0,53.0,100.0,3.5,2.7,0.3815,2.8,50.0,0.0,0.0,1.0,1.0,1.0,0.02,2.0,2000.0,14.8,0.059,52.9,0.529,99.8,0.399,3.525,0.352,2.738,0.274,0.382,1.175,2.81,0.803,5.407,3.591,1.002,10.0,Sample
1920,0 days 01:50:22,36.9,I14,323667,I,14,GFP-Gext,Plate 1,2026-03-19 13:52:56,Cytation5,10,5.0,1.8,1.8,15.0,53.0,100.0,3.5,2.7,0.3815,2.8,50.0,0.0,0.0,1.0,1.0,1.0,0.02,2.0,2000.0,14.8,0.059,52.9,0.529,99.8,0.399,3.525,0.352,2.738,0.274,0.382,1.175,2.81,0.803,5.407,3.591,1.002,10.0,Sample
1921,0 days 01:55:22,37.0,I14,335083,I,14,GFP-Gext,Plate 1,2026-03-19 13:57:56,Cytation5,10,5.0,1.8,1.8,15.0,53.0,100.0,3.5,2.7,0.3815,2.8,50.0,0.0,0.0,1.0,1.0,1.0,0.02,2.0,2000.0,14.8,0.059,52.9,0.529,99.8,0.399,3.525,0.352,2.738,0.274,0.382,1.175,2.81,0.803,5.407,3.591,1.002,10.0,Sample
1922,0 days 02:00:22,37.0,I14,348295,I,14,GFP-Gext,Plate 1,2026-03-19 14:02:56,Cytation5,10,5.0,1.8,1.8,15.0,53.0,100.0,3.5,2.7,0.3815,2.8,50.0,0.0,0.0,1.0,1.0,1.0,0.02,2.0,2000.0,14.8,0.059,52.9,0.529,99.8,0.399,3.525,0.352,2.738,0.274,0.382,1.175,2.81,0.803,5.407,3.591,1.002,10.0,Sample
1923,0 days 02:05:22,37.0,I14,354239,I,14,GFP-Gext,Plate 1,2026-03-19 14:07:56,Cytation5,10,5.0,1.8,1.8,15.0,53.0,100.0,3.5,2.7,0.3815,2.8,50.0,0.0,0.0,1.0,1.0,1.0,0.02,2.0,2000.0,14.8,0.059,52.9,0.529,99.8,0.399,3.525,0.352,2.738,0.274,0.382,1.175,2.81,0.803,5.407,3.591,1.002,10.0,Sample
1924,0 days 02:10:22,37.0,I14,394407,I,14,GFP-Gext,Plate 1,2026-03-19 14:12:56,Cytation5,10,5.0,1.8,1.8,15.0,53.0,100.0,3.5,2.7,0.3815,2.8,50.0,0.0,0.0,1.0,1.0,1.0,0.02,2.0,2000.0,14.8,0.059,52.9,0.529,99.8,0.399,3.525,0.352,2.738,0.274,0.382,1.175,2.81,0.803,5.407,3.591,1.002,10.0,Sample
1925,0 days 02:15:22,37.0,I14,402455,I,14,GFP-Gext,Plate 1,2026-03-19 14:17:56,Cytation5,10,5.0,1.8,1.8,15.0,53.0,100.0,3.5,2.7,0.3815,2.8,50.0,0.0,0.0,1.0,1.0,1.0,0.02,2.0,2000.0,14.8,0.059,52.9,0.529,99.8,0.399,3.525,0.352,2.738,0.274,0.382,1.175,2.81,0.803,5.407,3.591,1.002,10.0,Sample
1926,0 days 02:20:22,37.0,I14,409259,I,14,GFP-Gext,Plate 1,2026-03-19 14:22:56,Cytation5,10,5.0,1.8,1.8,15.0,53.0,100.0,3.5,2.7,0.3815,2.8,50.0,0.0,0.0,1.0,1.0,1.0,0.02,2.0,2000.0,14.8,0.059,52.9,0.529,99.8,0.399,3.525,0.352,2.738,0.274,0.382,1.175,2.81,0.803,5.407,3.591,1.002,10.0,Sample
1927,0 days 02:25:22,37.0,I14,416221,I,14,GFP-Gext,Plate 1,2026-03-19 14:27:56,Cytation5,10,5.0,1.8,1.8,15.0,53.0,100.0,3.5,2.7,0.3815,2.8,50.0,0.0,0.0,1.0,1.0,1.0,0.02,2.0,2000.0,14.8,0.059,52.9,0.529,99.8,0.399,3.525,0.352,2.738,0.274,0.382,1.175,2.81,0.803,5.407,3.591,1.002,10.0,Sample
1928,0 days 02:30:22,37.1,I14,423009,I,14,GFP-Gext,Plate 1,2026-03-19 14:32:56,Cytation5,10,5.0,1.8,1.8,15.0,53.0,100.0,3.5,2.7,0.3815,2.8,50.0,0.0,0.0,1.0,1.0,1.0,0.02,2.0,2000.0,14.8,0.059,52.9,0.529,99.8,0.399,3.525,0.352,2.738,0.274,0.382,1.175,2.81,0.803,5.407,3.591,1.002,10.0,Sample
1929,0 days 02:35:22,37.0,I14,428998,I,14,GFP-Gext,Plate 1,2026-03-19 14:37:56,Cytation5,10,5.0,1.8,1.8,15.0,53.0,100.0,3.5,2.7,0.3815,2.8,50.0,0.0,0.0,1.0,1.0,1.0,0.02,2.0,2000.0,14.8,0.059,52.9,0.529,99.8,0.399,3.525,0.352,2.738,0.274,0.382,1.175,2.81,0.803,5.407,3.591,1.002,10.0,Sample
1930,0 days 02:40:22,37.0,I14,435803,I,14,GFP-Gext,Plate 1,2026-03-19 14:42:56,Cytation5,10,5.0,1.8,1.8,15.0,53.0,100.0,3.5,2.7,0.3815,2.8,50.0,0.0,0.0,1.0,1.0,1.0,0.02,2.0,2000.0,14.8,0.059,52.9,0.529,99.8,0.399,3.525,0.352,2.738,0.274,0.382,1.175,2.81,0.803,5.407,3.591,1.002,10.0,Sample
1931,0 days 02:45:22,37.1,I14,439065,I,14,GFP-Gext,Plate 1,2026-03-19 14:47:56,Cytation5,10,5.0,1.8,1.8,15.0,53.0,100.0,3.5,2.7,0.3815,2.8,50.0,0.0,0.0,1.0,1.0,1.0,0.02,2.0,2000.0,14.8,0.059,52.9,0.529,99.8,0.399,3.525,0.352,2.738,0.274,0.382,1.175,2.81,0.803,5.407,3.591,1.002,10.0,Sample
1932,0 days 02:50:22,37.0,I14,446567,I,14,GFP-Gext,Plate 1,2026-03-19 14:52:56,Cytation5,10,5.0,1.8,1.8,15.0,53.0,100.0,3.5,2.7,0.3815,2.8,50.0,0.0,0.0,1.0,1.0,1.0,0.02,2.0,2000.0,14.8,0.059,52.9,0.529,99.8,0.399,3.525,0.352,2.738,0.274,0.382,1.175,2.81,0.803,5.407,3.591,1.002,10.0,Sample
1933,0 days 02:55:22,37.0,I14,449483,I,14,GFP-Gext,Plate 1,2026-03-19 14:57:56,Cytation5,10,5.0,1.8,1.8,15.0,53.0,100.0,3.5,2.7,0.3815,2.8,50.0,0.0,0.0,1.0,1.0,1.0,0.02,2.0,2000.0,14.8,0.059,52.9,0.529,99.8,0.399,3.525,0.352,2.738,0.274,0.382,1.175,2.81,0.803,5.407,3.591,1.002,10.0,Sample
1934,0 days 03:00:22,37.0,I14,451748,I,14,GFP-Gext,Plate 1,2026-03-19 15:02:56,Cytation5,10,5.0,1.8,1.8,15.0,53.0,100.0,3.5,2.7,0.3815,2.8,50.0,0.0,0.0,1.0,1.0,1.0,0.02,2.0,2000.0,14.8,0.059,52.9,0.529,99.8,0.399,3.525,0.352,2.738,0.274,0.382,1.175,2.81,0.803,5.407,3.591,1.002,10.0,Sample
1935,0 days 03:05:22,37.0,I14,457644,I,14,GFP-Gext,Plate 1,2026-03-19 15:07:56,Cytation5,10,5.0,1.8,1.8,15.0,53.0,100.0,3.5,2.7,0.3815,2.8,50.0,0.0,0.0,1.0,1.0,1.0,0.02,2.0,2000.0,14.8,0.059,52.9,0.529,99.8,0.399,3.525,0.352,2.738,0.274,0.382,1.175,2.81,0.803,5.407,3.591,1.002,10.0,Sample
1936,0 days 03:10:22,37.0,I14,461821,I,14,GFP-Gext,Plate 1,2026-03-19 15:12:56,Cytation5,10,5.0,1.8,1.8,15.0,53.0,100.0,3.5,2.7,0.3815,2.8,50.0,0.0,0.0,1.0,1.0,1.0,0.02,2.0,2000.0,14.8,0.059,52.9,0.529,99.8,0.399,3.525,0.352,2.738,0.274,0.382,1.175,2.81,0.803,5.407,3.591,1.002,10.0,Sample
1937,0 days 03:15:22,37.0,I14,461650,I,14,GFP-Gext,Plate 1,2026-03-19 15:17:56,Cytation5,10,5.0,1.8,1.8,15.0,53.0,100.0,3.5,2.7,0.3815,2.8,50.0,0.0,0.0,1.0,1.0,1.0,0.02,2.0,2000.0,14.8,0.059,52.9,0.529,99.8,0.399,3.525,0.352,2.738,0.274,0.382,1.175,2.81,0.803,5.407,3.591,1.002,10.0,Sample
1938,0 days 03:20:22,37.0,I14,466559,I,14,GFP-Gext,Plate 1,2026-03-19 15:22:56,Cytation5,10,5.0,1.8,1.8,15.0,53.0,100.0,3.5,2.7,0.3815,2.8,50.0,0.0,0.0,1.0,1.0,1.0,0.02,2.0,2000.0,14.8,0.059,52.9,0.529,99.8,0.399,3.525,0.352,2.738,0.274,0.382,1.175,2.81,0.803,5.407,3.591,1.002,10.0,Sample
1939,0 days 03:25:22,37.1,I14,471675,I,14,GFP-Gext,Plate 1,2026-03-19 15:27:56,Cytation5,10,5.0,1.8,1.8,15.0,53.0,100.0,3.5,2.7,0.3815,2.8,50.0,0.0,0.0,1.0,1.0,1.0,0.02,2.0,2000.0,14.8,0.059,52.9,0.529,99.8,0.399,3.525,0.352,2.738,0.274,0.382,1.175,2.81,0.803,5.407,3.591,1.002,10.0,Sample
1940,0 days 03:30:22,36.9,I14,473470,I,14,GFP-Gext,Plate 1,2026-03-19 15:32:56,Cytation5,10,5.0,1.8,1.8,15.0,53.0,100.0,3.5,2.7,0.3815,2.8,50.0,0.0,0.0,1.0,1.0,1.0,0.02,2.0,2000.0,14.8,0.059,52.9,0.529,99.8,0.399,3.525,0.352,2.738,0.274,0.382,1.175,2.81,0.803,5.407,3.591,1.002,10.0,Sample
1941,0 days 03:35:22,37.1,I14,476158,I,14,GFP-Gext,Plate 1,2026-03-19 15:37:56,Cytation5,10,5.0,1.8,1.8,15.0,53.0,100.0,3.5,2.7,0.3815,2.8,50.0,0.0,0.0,1.0,1.0,1.0,0.02,2.0,2000.0,14.8,0.059,52.9,0.529,99.8,0.399,3.525,0.352,2.738,0.274,0.382,1.175,2.81,0.803,5.407,3.591,1.002,10.0,Sample
1942,0 days 03:40:22,37.0,I14,479372,I,14,GFP-Gext,Plate 1,2026-03-19 15:42:56,Cytation5,10,5.0,1.8,1.8,15.0,53.0,100.0,3.5,2.7,0.3815,2.8,50.0,0.0,0.0,1.0,1.0,1.0,0.02,2.0,2000.0,14.8,0.059,52.9,0.529,99.8,0.399,3.525,0.352,2.738,0.274,0.382,1.175,2.81,0.803,5.407,3.591,1.002,10.0,Sample
1943,0 days 03:45:22,37.0,I14,479876,I,14,GFP-Gext,Plate 1,2026-03-19 15:47:56,Cytation5,10,5.0,1.8,1.8,15.0,53.0,100.0,3.5,2.7,0.3815,2.8,50.0,0.0,0.0,1.0,1.0,1.0,0.02,2.0,2000.0,14.8,0.059,52.9,0.529,99.8,0.399,3.525,0.352,2.738,0.274,0.382,1.175,2.81,0.803,5.407,3.591,1.002,10.0,Sample
1944,0 days 03:50:22,37.0,I14,477673,I,14,GFP-Gext,Plate 1,2026-03-19 15:52:56,Cytation5,10,5.0,1.8,1.8,15.0,53.0,100.0,3.5,2.7,0.3815,2.8,50.0,0.0,0.0,1.0,1.0,1.0,0.02,2.0,2000.0,14.8,0.059,52.9,0.529,99.8,0.399,3.525,0.352,2.738,0.274,0.382,1.175,2.81,0.803,5.407,3.591,1.002,10.0,Sample
1945,0 days 03:55:22,37.1,I14,481575,I,14,GFP-Gext,Plate 1,2026-03-19 15:57:56,Cytation5,10,5.0,1.8,1.8,15.0,53.0,100.0,3.5,2.7,0.3815,2.8,50.0,0.0,0.0,1.0,1.0,1.0,0.02,2.0,2000.0,14.8,0.059,52.9,0.529,99.8,0.399,3.525,0.352,2.738,0.274,0.382,1.175,2.81,0.803,5.407,3.591,1.002,10.0,Sample
1946,0 days 04:00:22,37.0,I14,483127,I,14,GFP-Gext,Plate 1,2026-03-19 16:02:56,Cytation5,10,5.0,1.8,1.8,15.0,53.0,100.0,3.5,2.7,0.3815,2.8,50.0,0.0,0.0,1.0,1.0,1.0,0.02,2.0,2000.0,14.8,0.059,52.9,0.529,99.8,0.399,3.525,0.352,2.738,0.274,0.382,1.175,2.81,0.803,5.407,3.591,1.002,10.0,Sample
1947,0 days 04:05:22,37.1,I14,482101,I,14,GFP-Gext,Plate 1,2026-03-19 16:07:56,Cytation5,10,5.0,1.8,1.8,15.0,53.0,100.0,3.5,2.7,0.3815,2.8,50.0,0.0,0.0,1.0,1.0,1.0,0.02,2.0,2000.0,14.8,0.059,52.9,0.529,99.8,0.399,3.525,0.352,2.738,0.274,0.382,1.175,2.81,0.803,5.407,3.591,1.002,10.0,Sample
1948,0 days 04:10:22,37.0,I14,483821,I,14,GFP-Gext,Plate 1,2026-03-19 16:12:56,Cytation5,10,5.0,1.8,1.8,15.0,53.0,100.0,3.5,2.7,0.3815,2.8,50.0,0.0,0.0,1.0,1.0,1.0,0.02,2.0,2000.0,14.8,0.059,52.9,0.529,99.8,0.399,3.525,0.352,2.738,0.274,0.382,1.175,2.81,0.803,5.407,3.591,1.002,10.0,Sample
1949,0 days 04:15:22,37.0,I14,486874,I,14,GFP-Gext,Plate 1,2026-03-19 16:17:56,Cytation5,10,5.0,1.8,1.8,15.0,53.0,100.0,3.5,2.7,0.3815,2.8,50.0,0.0,0.0,1.0,1.0,1.0,0.02,2.0,2000.0,14.8,0.059,52.9,0.529,99.8,0.399,3.525,0.352,2.738,0.274,0.382,1.175,2.81,0.803,5.407,3.591,1.002,10.0,Sample
1950,0 days 04:20:22,37.0,I14,485921,I,14,GFP-Gext,Plate 1,2026-03-19 16:22:56,Cytation5,10,5.0,1.8,1.8,15.0,53.0,100.0,3.5,2.7,0.3815,2.8,50.0,0.0,0.0,1.0,1.0,1.0,0.02,2.0,2000.0,14.8,0.059,52.9,0.529,99.8,0.399,3.525,0.352,2.738,0.274,0.382,1.175,2.81,0.803,5.407,3.591,1.002,10.0,Sample
1951,0 days 04:25:22,37.1,I14,485530,I,14,GFP-Gext,Plate 1,2026-03-19 16:27:56,Cytation5,10,5.0,1.8,1.8,15.0,53.0,100.0,3.5,2.7,0.3815,2.8,50.0,0.0,0.0,1.0,1.0,1.0,0.02,2.0,2000.0,14.8,0.059,52.9,0.529,99.8,0.399,3.525,0.352,2.738,0.274,0.382,1.175,2.81,0.803,5.407,3.591,1.002,10.0,Sample
1952,0 days 04:30:22,37.0,I14,484748,I,14,GFP-Gext,Plate 1,2026-03-19 16:32:56,Cytation5,10,5.0,1.8,1.8,15.0,53.0,100.0,3.5,2.7,0.3815,2.8,50.0,0.0,0.0,1.0,1.0,1.0,0.02,2.0,2000.0,14.8,0.059,52.9,0.529,99.8,0.399,3.525,0.352,2.738,0.274,0.382,1.175,2.81,0.803,5.407,3.591,1.002,10.0,Sample
1953,0 days 04:35:22,37.0,I14,489633,I,14,GFP-Gext,Plate 1,2026-03-19 16:37:56,Cytation5,10,5.0,1.8,1.8,15.0,53.0,100.0,3.5,2.7,0.3815,2.8,50.0,0.0,0.0,1.0,1.0,1.0,0.02,2.0,2000.0,14.8,0.059,52.9,0.529,99.8,0.399,3.525,0.352,2.738,0.274,0.382,1.175,2.81,0.803,5.407,3.591,1.002,10.0,Sample
1954,0 days 04:40:22,37.0,I14,486200,I,14,GFP-Gext,Plate 1,2026-03-19 16:42:56,Cytation5,10,5.0,1.8,1.8,15.0,53.0,100.0,3.5,2.7,0.3815,2.8,50.0,0.0,0.0,1.0,1.0,1.0,0.02,2.0,2000.0,14.8,0.059,52.9,0.529,99.8,0.399,3.525,0.352,2.738,0.274,0.382,1.175,2.81,0.803,5.407,3.591,1.002,10.0,Sample
1955,0 days 04:45:22,37.0,I14,487918,I,14,GFP-Gext,Plate 1,2026-03-19 16:47:56,Cytation5,10,5.0,1.8,1.8,15.0,53.0,100.0,3.5,2.7,0.3815,2.8,50.0,0.0,0.0,1.0,1.0,1.0,0.02,2.0,2000.0,14.8,0.059,52.9,0.529,99.8,0.399,3.525,0.352,2.738,0.274,0.382,1.175,2.81,0.803,5.407,3.591,1.002,10.0,Sample
1956,0 days 04:50:22,37.0,I14,489159,I,14,GFP-Gext,Plate 1,2026-03-19 16:52:56,Cytation5,10,5.0,1.8,1.8,15.0,53.0,100.0,3.5,2.7,0.3815,2.8,50.0,0.0,0.0,1.0,1.0,1.0,0.02,2.0,2000.0,14.8,0.059,52.9,0.529,99.8,0.399,3.525,0.352,2.738,0.274,0.382,1.175,2.81,0.803,5.407,3.591,1.002,10.0,Sample
1957,0 days 04:55:22,37.1,I14,491651,I,14,GFP-Gext,Plate 1,2026-03-19 16:57:56,Cytation5,10,5.0,1.8,1.8,15.0,53.0,100.0,3.5,2.7,0.3815,2.8,50.0,0.0,0.0,1.0,1.0,1.0,0.02,2.0,2000.0,14.8,0.059,52.9,0.529,99.8,0.399,3.525,0.352,2.738,0.274,0.382,1.175,2.81,0.803,5.407,3.591,1.002,10.0,Sample
1958,0 days 05:00:22,37.1,I14,491608,I,14,GFP-Gext,Plate 1,2026-03-19 17:02:56,Cytation5,10,5.0,1.8,1.8,15.0,53.0,100.0,3.5,2.7,0.3815,2.8,50.0,0.0,0.0,1.0,1.0,1.0,0.02,2.0,2000.0,14.8,0.059,52.9,0.529,99.8,0.399,3.525,0.352,2.738,0.274,0.382,1.175,2.81,0.803,5.407,3.591,1.002,10.0,Sample
1959,0 days 05:05:22,37.0,I14,490792,I,14,GFP-Gext,Plate 1,2026-03-19 17:07:56,Cytation5,10,5.0,1.8,1.8,15.0,53.0,100.0,3.5,2.7,0.3815,2.8,50.0,0.0,0.0,1.0,1.0,1.0,0.02,2.0,2000.0,14.8,0.059,52.9,0.529,99.8,0.399,3.525,0.352,2.738,0.274,0.382,1.175,2.81,0.803,5.407,3.591,1.002,10.0,Sample
1960,0 days 05:10:22,37.0,I14,493218,I,14,GFP-Gext,Plate 1,2026-03-19 17:12:56,Cytation5,10,5.0,1.8,1.8,15.0,53.0,100.0,3.5,2.7,0.3815,2.8,50.0,0.0,0.0,1.0,1.0,1.0,0.02,2.0,2000.0,14.8,0.059,52.9,0.529,99.8,0.399,3.525,0.352,2.738,0.274,0.382,1.175,2.81,0.803,5.407,3.591,1.002,10.0,Sample
1961,0 days 05:15:22,37.1,I14,490820,I,14,GFP-Gext,Plate 1,2026-03-19 17:17:56,Cytation5,10,5.0,1.8,1.8,15.0,53.0,100.0,3.5,2.7,0.3815,2.8,50.0,0.0,0.0,1.0,1.0,1.0,0.02,2.0,2000.0,14.8,0.059,52.9,0.529,99.8,0.399,3.525,0.352,2.738,0.274,0.382,1.175,2.81,0.803,5.407,3.591,1.002,10.0,Sample
1962,0 days 05:20:22,37.0,I14,493898,I,14,GFP-Gext,Plate 1,2026-03-19 17:22:56,Cytation5,10,5.0,1.8,1.8,15.0,53.0,100.0,3.5,2.7,0.3815,2.8,50.0,0.0,0.0,1.0,1.0,1.0,0.02,2.0,2000.0,14.8,0.059,52.9,0.529,99.8,0.399,3.525,0.352,2.738,0.274,0.382,1.175,2.81,0.803,5.407,3.591,1.002,10.0,Sample
1963,0 days 05:25:22,37.0,I14,493435,I,14,GFP-Gext,Plate 1,2026-03-19 17:27:56,Cytation5,10,5.0,1.8,1.8,15.0,53.0,100.0,3.5,2.7,0.3815,2.8,50.0,0.0,0.0,1.0,1.0,1.0,0.02,2.0,2000.0,14.8,0.059,52.9,0.529,99.8,0.399,3.525,0.352,2.738,0.274,0.382,1.175,2.81,0.803,5.407,3.591,1.002,10.0,Sample
1964,0 days 05:30:22,37.0,I14,496582,I,14,GFP-Gext,Plate 1,2026-03-19 17:32:56,Cytation5,10,5.0,1.8,1.8,15.0,53.0,100.0,3.5,2.7,0.3815,2.8,50.0,0.0,0.0,1.0,1.0,1.0,0.02,2.0,2000.0,14.8,0.059,52.9,0.529,99.8,0.399,3.525,0.352,2.738,0.274,0.382,1.175,2.81,0.803,5.407,3.591,1.002,10.0,Sample
1965,0 days 05:35:22,37.0,I14,493631,I,14,GFP-Gext,Plate 1,2026-03-19 17:37:56,Cytation5,10,5.0,1.8,1.8,15.0,53.0,100.0,3.5,2.7,0.3815,2.8,50.0,0.0,0.0,1.0,1.0,1.0,0.02,2.0,2000.0,14.8,0.059,52.9,0.529,99.8,0.399,3.525,0.352,2.738,0.274,0.382,1.175,2.81,0.803,5.407,3.591,1.002,10.0,Sample
1966,0 days 05:40:22,37.0,I14,492750,I,14,GFP-Gext,Plate 1,2026-03-19 17:42:56,Cytation5,10,5.0,1.8,1.8,15.0,53.0,100.0,3.5,2.7,0.3815,2.8,50.0,0.0,0.0,1.0,1.0,1.0,0.02,2.0,2000.0,14.8,0.059,52.9,0.529,99.8,0.399,3.525,0.352,2.738,0.274,0.382,1.175,2.81,0.803,5.407,3.591,1.002,10.0,Sample
1967,0 days 05:45:22,37.0,I14,493705,I,14,GFP-Gext,Plate 1,2026-03-19 17:47:56,Cytation5,10,5.0,1.8,1.8,15.0,53.0,100.0,3.5,2.7,0.3815,2.8,50.0,0.0,0.0,1.0,1.0,1.0,0.02,2.0,2000.0,14.8,0.059,52.9,0.529,99.8,0.399,3.525,0.352,2.738,0.274,0.382,1.175,2.81,0.803,5.407,3.591,1.002,10.0,Sample
1968,0 days 05:50:22,37.0,I14,495474,I,14,GFP-Gext,Plate 1,2026-03-19 17:52:56,Cytation5,10,5.0,1.8,1.8,15.0,53.0,100.0,3.5,2.7,0.3815,2.8,50.0,0.0,0.0,1.0,1.0,1.0,0.02,2.0,2000.0,14.8,0.059,52.9,0.529,99.8,0.399,3.525,0.352,2.738,0.274,0.382,1.175,2.81,0.803,5.407,3.591,1.002,10.0,Sample
1969,0 days 05:55:22,37.0,I14,493886,I,14,GFP-Gext,Plate 1,2026-03-19 17:57:56,Cytation5,10,5.0,1.8,1.8,15.0,53.0,100.0,3.5,2.7,0.3815,2.8,50.0,0.0,0.0,1.0,1.0,1.0,0.02,2.0,2000.0,14.8,0.059,52.9,0.529,99.8,0.399,3.525,0.352,2.738,0.274,0.382,1.175,2.81,0.803,5.407,3.591,1.002,10.0,Sample
1970,0 days 06:00:22,37.0,I14,495867,I,14,GFP-Gext,Plate 1,2026-03-19 18:02:56,Cytation5,10,5.0,1.8,1.8,15.0,53.0,100.0,3.5,2.7,0.3815,2.8,50.0,0.0,0.0,1.0,1.0,1.0,0.02,2.0,2000.0,14.8,0.059,52.9,0.529,99.8,0.399,3.525,0.352,2.738,0.274,0.382,1.175,2.81,0.803,5.407,3.591,1.002,10.0,Sample
1971,0 days 00:00:22,27.7,I15,409,I,15,GFP-Gext,Plate 1,2026-03-19 12:02:56,Cytation5,20,5.0,1.8,1.8,23.0,60.0,77.5,3.2,2.3,0.1505,3.85,50.0,0.0,0.0,1.0,1.0,1.0,0.02,2.0,2000.0,23.1,0.092,60.0,0.6,78.0,0.312,3.226,0.323,2.293,0.229,0.149,0.458,3.834,1.095,5.407,3.109,1.484,10.0,Sample
1972,0 days 00:05:22,33.8,I15,401,I,15,GFP-Gext,Plate 1,2026-03-19 12:07:56,Cytation5,20,5.0,1.8,1.8,23.0,60.0,77.5,3.2,2.3,0.1505,3.85,50.0,0.0,0.0,1.0,1.0,1.0,0.02,2.0,2000.0,23.1,0.092,60.0,0.6,78.0,0.312,3.226,0.323,2.293,0.229,0.149,0.458,3.834,1.095,5.407,3.109,1.484,10.0,Sample
1973,0 days 00:10:22,37.0,I15,388,I,15,GFP-Gext,Plate 1,2026-03-19 12:12:56,Cytation5,20,5.0,1.8,1.8,23.0,60.0,77.5,3.2,2.3,0.1505,3.85,50.0,0.0,0.0,1.0,1.0,1.0,0.02,2.0,2000.0,23.1,0.092,60.0,0.6,78.0,0.312,3.226,0.323,2.293,0.229,0.149,0.458,3.834,1.095,5.407,3.109,1.484,10.0,Sample
1974,0 days 00:15:22,37.0,I15,936,I,15,GFP-Gext,Plate 1,2026-03-19 12:17:56,Cytation5,20,5.0,1.8,1.8,23.0,60.0,77.5,3.2,2.3,0.1505,3.85,50.0,0.0,0.0,1.0,1.0,1.0,0.02,2.0,2000.0,23.1,0.092,60.0,0.6,78.0,0.312,3.226,0.323,2.293,0.229,0.149,0.458,3.834,1.095,5.407,3.109,1.484,10.0,Sample
1975,0 days 00:20:22,37.0,I15,4693,I,15,GFP-Gext,Plate 1,2026-03-19 12:22:56,Cytation5,20,5.0,1.8,1.8,23.0,60.0,77.5,3.2,2.3,0.1505,3.85,50.0,0.0,0.0,1.0,1.0,1.0,0.02,2.0,2000.0,23.1,0.092,60.0,0.6,78.0,0.312,3.226,0.323,2.293,0.229,0.149,0.458,3.834,1.095,5.407,3.109,1.484,10.0,Sample
1976,0 days 00:25:22,37.1,I15,13177,I,15,GFP-Gext,Plate 1,2026-03-19 12:27:56,Cytation5,20,5.0,1.8,1.8,23.0,60.0,77.5,3.2,2.3,0.1505,3.85,50.0,0.0,0.0,1.0,1.0,1.0,0.02,2.0,2000.0,23.1,0.092,60.0,0.6,78.0,0.312,3.226,0.323,2.293,0.229,0.149,0.458,3.834,1.095,5.407,3.109,1.484,10.0,Sample
1977,0 days 00:30:22,37.0,I15,25547,I,15,GFP-Gext,Plate 1,2026-03-19 12:32:56,Cytation5,20,5.0,1.8,1.8,23.0,60.0,77.5,3.2,2.3,0.1505,3.85,50.0,0.0,0.0,1.0,1.0,1.0,0.02,2.0,2000.0,23.1,0.092,60.0,0.6,78.0,0.312,3.226,0.323,2.293,0.229,0.149,0.458,3.834,1.095,5.407,3.109,1.484,10.0,Sample
1978,0 days 00:35:22,37.0,I15,40395,I,15,GFP-Gext,Plate 1,2026-03-19 12:37:56,Cytation5,20,5.0,1.8,1.8,23.0,60.0,77.5,3.2,2.3,0.1505,3.85,50.0,0.0,0.0,1.0,1.0,1.0,0.02,2.0,2000.0,23.1,0.092,60.0,0.6,78.0,0.312,3.226,0.323,2.293,0.229,0.149,0.458,3.834,1.095,5.407,3.109,1.484,10.0,Sample
1979,0 days 00:40:22,37.0,I15,57381,I,15,GFP-Gext,Plate 1,2026-03-19 12:42:56,Cytation5,20,5.0,1.8,1.8,23.0,60.0,77.5,3.2,2.3,0.1505,3.85,50.0,0.0,0.0,1.0,1.0,1.0,0.02,2.0,2000.0,23.1,0.092,60.0,0.6,78.0,0.312,3.226,0.323,2.293,0.229,0.149,0.458,3.834,1.095,5.407,3.109,1.484,10.0,Sample
1980,0 days 00:45:22,36.9,I15,74999,I,15,GFP-Gext,Plate 1,2026-03-19 12:47:56,Cytation5,20,5.0,1.8,1.8,23.0,60.0,77.5,3.2,2.3,0.1505,3.85,50.0,0.0,0.0,1.0,1.0,1.0,0.02,2.0,2000.0,23.1,0.092,60.0,0.6,78.0,0.312,3.226,0.323,2.293,0.229,0.149,0.458,3.834,1.095,5.407,3.109,1.484,10.0,Sample
1981,0 days 00:50:22,37.0,I15,93361,I,15,GFP-Gext,Plate 1,2026-03-19 12:52:56,Cytation5,20,5.0,1.8,1.8,23.0,60.0,77.5,3.2,2.3,0.1505,3.85,50.0,0.0,0.0,1.0,1.0,1.0,0.02,2.0,2000.0,23.1,0.092,60.0,0.6,78.0,0.312,3.226,0.323,2.293,0.229,0.149,0.458,3.834,1.095,5.407,3.109,1.484,10.0,Sample
1982,0 days 00:55:22,37.0,I15,111135,I,15,GFP-Gext,Plate 1,2026-03-19 12:57:56,Cytation5,20,5.0,1.8,1.8,23.0,60.0,77.5,3.2,2.3,0.1505,3.85,50.0,0.0,0.0,1.0,1.0,1.0,0.02,2.0,2000.0,23.1,0.092,60.0,0.6,78.0,0.312,3.226,0.323,2.293,0.229,0.149,0.458,3.834,1.095,5.407,3.109,1.484,10.0,Sample
1983,0 days 01:00:22,37.0,I15,128827,I,15,GFP-Gext,Plate 1,2026-03-19 13:02:56,Cytation5,20,5.0,1.8,1.8,23.0,60.0,77.5,3.2,2.3,0.1505,3.85,50.0,0.0,0.0,1.0,1.0,1.0,0.02,2.0,2000.0,23.1,0.092,60.0,0.6,78.0,0.312,3.226,0.323,2.293,0.229,0.149,0.458,3.834,1.095,5.407,3.109,1.484,10.0,Sample
1984,0 days 01:05:22,37.0,I15,146057,I,15,GFP-Gext,Plate 1,2026-03-19 13:07:56,Cytation5,20,5.0,1.8,1.8,23.0,60.0,77.5,3.2,2.3,0.1505,3.85,50.0,0.0,0.0,1.0,1.0,1.0,0.02,2.0,2000.0,23.1,0.092,60.0,0.6,78.0,0.312,3.226,0.323,2.293,0.229,0.149,0.458,3.834,1.095,5.407,3.109,1.484,10.0,Sample
1985,0 days 01:10:22,37.0,I15,162524,I,15,GFP-Gext,Plate 1,2026-03-19 13:12:56,Cytation5,20,5.0,1.8,1.8,23.0,60.0,77.5,3.2,2.3,0.1505,3.85,50.0,0.0,0.0,1.0,1.0,1.0,0.02,2.0,2000.0,23.1,0.092,60.0,0.6,78.0,0.312,3.226,0.323,2.293,0.229,0.149,0.458,3.834,1.095,5.407,3.109,1.484,10.0,Sample
1986,0 days 01:15:22,37.0,I15,177852,I,15,GFP-Gext,Plate 1,2026-03-19 13:17:56,Cytation5,20,5.0,1.8,1.8,23.0,60.0,77.5,3.2,2.3,0.1505,3.85,50.0,0.0,0.0,1.0,1.0,1.0,0.02,2.0,2000.0,23.1,0.092,60.0,0.6,78.0,0.312,3.226,0.323,2.293,0.229,0.149,0.458,3.834,1.095,5.407,3.109,1.484,10.0,Sample
1987,0 days 01:20:22,37.0,I15,193563,I,15,GFP-Gext,Plate 1,2026-03-19 13:22:56,Cytation5,20,5.0,1.8,1.8,23.0,60.0,77.5,3.2,2.3,0.1505,3.85,50.0,0.0,0.0,1.0,1.0,1.0,0.02,2.0,2000.0,23.1,0.092,60.0,0.6,78.0,0.312,3.226,0.323,2.293,0.229,0.149,0.458,3.834,1.095,5.407,3.109,1.484,10.0,Sample
1988,0 days 01:25:22,37.1,I15,205968,I,15,GFP-Gext,Plate 1,2026-03-19 13:27:56,Cytation5,20,5.0,1.8,1.8,23.0,60.0,77.5,3.2,2.3,0.1505,3.85,50.0,0.0,0.0,1.0,1.0,1.0,0.02,2.0,2000.0,23.1,0.092,60.0,0.6,78.0,0.312,3.226,0.323,2.293,0.229,0.149,0.458,3.834,1.095,5.407,3.109,1.484,10.0,Sample
1989,0 days 01:30:22,37.1,I15,218297,I,15,GFP-Gext,Plate 1,2026-03-19 13:32:56,Cytation5,20,5.0,1.8,1.8,23.0,60.0,77.5,3.2,2.3,0.1505,3.85,50.0,0.0,0.0,1.0,1.0,1.0,0.02,2.0,2000.0,23.1,0.092,60.0,0.6,78.0,0.312,3.226,0.323,2.293,0.229,0.149,0.458,3.834,1.095,5.407,3.109,1.484,10.0,Sample
1990,0 days 01:35:22,37.0,I15,230875,I,15,GFP-Gext,Plate 1,2026-03-19 13:37:56,Cytation5,20,5.0,1.8,1.8,23.0,60.0,77.5,3.2,2.3,0.1505,3.85,50.0,0.0,0.0,1.0,1.0,1.0,0.02,2.0,2000.0,23.1,0.092,60.0,0.6,78.0,0.312,3.226,0.323,2.293,0.229,0.149,0.458,3.834,1.095,5.407,3.109,1.484,10.0,Sample
1991,0 days 01:40:22,37.0,I15,240027,I,15,GFP-Gext,Plate 1,2026-03-19 13:42:56,Cytation5,20,5.0,1.8,1.8,23.0,60.0,77.5,3.2,2.3,0.1505,3.85,50.0,0.0,0.0,1.0,1.0,1.0,0.02,2.0,2000.0,23.1,0.092,60.0,0.6,78.0,0.312,3.226,0.323,2.293,0.229,0.149,0.458,3.834,1.095,5.407,3.109,1.484,10.0,Sample
1992,0 days 01:45:22,37.0,I15,250940,I,15,GFP-Gext,Plate 1,2026-03-19 13:47:56,Cytation5,20,5.0,1.8,1.8,23.0,60.0,77.5,3.2,2.3,0.1505,3.85,50.0,0.0,0.0,1.0,1.0,1.0,0.02,2.0,2000.0,23.1,0.092,60.0,0.6,78.0,0.312,3.226,0.323,2.293,0.229,0.149,0.458,3.834,1.095,5.407,3.109,1.484,10.0,Sample
1993,0 days 01:50:22,36.9,I15,260867,I,15,GFP-Gext,Plate 1,2026-03-19 13:52:56,Cytation5,20,5.0,1.8,1.8,23.0,60.0,77.5,3.2,2.3,0.1505,3.85,50.0,0.0,0.0,1.0,1.0,1.0,0.02,2.0,2000.0,23.1,0.092,60.0,0.6,78.0,0.312,3.226,0.323,2.293,0.229,0.149,0.458,3.834,1.095,5.407,3.109,1.484,10.0,Sample
1994,0 days 01:55:22,37.0,I15,268013,I,15,GFP-Gext,Plate 1,2026-03-19 13:57:56,Cytation5,20,5.0,1.8,1.8,23.0,60.0,77.5,3.2,2.3,0.1505,3.85,50.0,0.0,0.0,1.0,1.0,1.0,0.02,2.0,2000.0,23.1,0.092,60.0,0.6,78.0,0.312,3.226,0.323,2.293,0.229,0.149,0.458,3.834,1.095,5.407,3.109,1.484,10.0,Sample
1995,0 days 02:00:22,37.0,I15,278134,I,15,GFP-Gext,Plate 1,2026-03-19 14:02:56,Cytation5,20,5.0,1.8,1.8,23.0,60.0,77.5,3.2,2.3,0.1505,3.85,50.0,0.0,0.0,1.0,1.0,1.0,0.02,2.0,2000.0,23.1,0.092,60.0,0.6,78.0,0.312,3.226,0.323,2.293,0.229,0.149,0.458,3.834,1.095,5.407,3.109,1.484,10.0,Sample
1996,0 days 02:05:22,37.0,I15,283696,I,15,GFP-Gext,Plate 1,2026-03-19 14:07:56,Cytation5,20,5.0,1.8,1.8,23.0,60.0,77.5,3.2,2.3,0.1505,3.85,50.0,0.0,0.0,1.0,1.0,1.0,0.02,2.0,2000.0,23.1,0.092,60.0,0.6,78.0,0.312,3.226,0.323,2.293,0.229,0.149,0.458,3.834,1.095,5.407,3.109,1.484,10.0,Sample
1997,0 days 02:10:22,37.0,I15,292861,I,15,GFP-Gext,Plate 1,2026-03-19 14:12:56,Cytation5,20,5.0,1.8,1.8,23.0,60.0,77.5,3.2,2.3,0.1505,3.85,50.0,0.0,0.0,1.0,1.0,1.0,0.02,2.0,2000.0,23.1,0.092,60.0,0.6,78.0,0.312,3.226,0.323,2.293,0.229,0.149,0.458,3.834,1.095,5.407,3.109,1.484,10.0,Sample
1998,0 days 02:15:22,37.0,I15,297171,I,15,GFP-Gext,Plate 1,2026-03-19 14:17:56,Cytation5,20,5.0,1.8,1.8,23.0,60.0,77.5,3.2,2.3,0.1505,3.85,50.0,0.0,0.0,1.0,1.0,1.0,0.02,2.0,2000.0,23.1,0.092,60.0,0.6,78.0,0.312,3.226,0.323,2.293,0.229,0.149,0.458,3.834,1.095,5.407,3.109,1.484,10.0,Sample
1999,0 days 02:20:22,37.0,I15,304732,I,15,GFP-Gext,Plate 1,2026-03-19 14:22:56,Cytation5,20,5.0,1.8,1.8,23.0,60.0,77.5,3.2,2.3,0.1505,3.85,50.0,0.0,0.0,1.0,1.0,1.0,0.02,2.0,2000.0,23.1,0.092,60.0,0.6,78.0,0.312,3.226,0.323,2.293,0.229,0.149,0.458,3.834,1.095,5.407,3.109,1.484,10.0,Sample
2000,0 days 02:25:22,37.0,I15,309195,I,15,GFP-Gext,Plate 1,2026-03-19 14:27:56,Cytation5,20,5.0,1.8,1.8,23.0,60.0,77.5,3.2,2.3,0.1505,3.85,50.0,0.0,0.0,1.0,1.0,1.0,0.02,2.0,2000.0,23.1,0.092,60.0,0.6,78.0,0.312,3.226,0.323,2.293,0.229,0.149,0.458,3.834,1.095,5.407,3.109,1.484,10.0,Sample
2001,0 days 02:30:22,37.1,I15,313797,I,15,GFP-Gext,Plate 1,2026-03-19 14:32:56,Cytation5,20,5.0,1.8,1.8,23.0,60.0,77.5,3.2,2.3,0.1505,3.85,50.0,0.0,0.0,1.0,1.0,1.0,0.02,2.0,2000.0,23.1,0.092,60.0,0.6,78.0,0.312,3.226,0.323,2.293,0.229,0.149,0.458,3.834,1.095,5.407,3.109,1.484,10.0,Sample
2002,0 days 02:35:22,37.0,I15,319127,I,15,GFP-Gext,Plate 1,2026-03-19 14:37:56,Cytation5,20,5.0,1.8,1.8,23.0,60.0,77.5,3.2,2.3,0.1505,3.85,50.0,0.0,0.0,1.0,1.0,1.0,0.02,2.0,2000.0,23.1,0.092,60.0,0.6,78.0,0.312,3.226,0.323,2.293,0.229,0.149,0.458,3.834,1.095,5.407,3.109,1.484,10.0,Sample
2003,0 days 02:40:22,37.0,I15,323589,I,15,GFP-Gext,Plate 1,2026-03-19 14:42:56,Cytation5,20,5.0,1.8,1.8,23.0,60.0,77.5,3.2,2.3,0.1505,3.85,50.0,0.0,0.0,1.0,1.0,1.0,0.02,2.0,2000.0,23.1,0.092,60.0,0.6,78.0,0.312,3.226,0.323,2.293,0.229,0.149,0.458,3.834,1.095,5.407,3.109,1.484,10.0,Sample
2004,0 days 02:45:22,37.1,I15,328509,I,15,GFP-Gext,Plate 1,2026-03-19 14:47:56,Cytation5,20,5.0,1.8,1.8,23.0,60.0,77.5,3.2,2.3,0.1505,3.85,50.0,0.0,0.0,1.0,1.0,1.0,0.02,2.0,2000.0,23.1,0.092,60.0,0.6,78.0,0.312,3.226,0.323,2.293,0.229,0.149,0.458,3.834,1.095,5.407,3.109,1.484,10.0,Sample
2005,0 days 02:50:22,37.0,I15,331158,I,15,GFP-Gext,Plate 1,2026-03-19 14:52:56,Cytation5,20,5.0,1.8,1.8,23.0,60.0,77.5,3.2,2.3,0.1505,3.85,50.0,0.0,0.0,1.0,1.0,1.0,0.02,2.0,2000.0,23.1,0.092,60.0,0.6,78.0,0.312,3.226,0.323,2.293,0.229,0.149,0.458,3.834,1.095,5.407,3.109,1.484,10.0,Sample
2006,0 days 02:55:22,37.0,I15,336305,I,15,GFP-Gext,Plate 1,2026-03-19 14:57:56,Cytation5,20,5.0,1.8,1.8,23.0,60.0,77.5,3.2,2.3,0.1505,3.85,50.0,0.0,0.0,1.0,1.0,1.0,0.02,2.0,2000.0,23.1,0.092,60.0,0.6,78.0,0.312,3.226,0.323,2.293,0.229,0.149,0.458,3.834,1.095,5.407,3.109,1.484,10.0,Sample
2007,0 days 03:00:22,37.0,I15,339801,I,15,GFP-Gext,Plate 1,2026-03-19 15:02:56,Cytation5,20,5.0,1.8,1.8,23.0,60.0,77.5,3.2,2.3,0.1505,3.85,50.0,0.0,0.0,1.0,1.0,1.0,0.02,2.0,2000.0,23.1,0.092,60.0,0.6,78.0,0.312,3.226,0.323,2.293,0.229,0.149,0.458,3.834,1.095,5.407,3.109,1.484,10.0,Sample
2008,0 days 03:05:22,37.0,I15,343437,I,15,GFP-Gext,Plate 1,2026-03-19 15:07:56,Cytation5,20,5.0,1.8,1.8,23.0,60.0,77.5,3.2,2.3,0.1505,3.85,50.0,0.0,0.0,1.0,1.0,1.0,0.02,2.0,2000.0,23.1,0.092,60.0,0.6,78.0,0.312,3.226,0.323,2.293,0.229,0.149,0.458,3.834,1.095,5.407,3.109,1.484,10.0,Sample
2009,0 days 03:10:22,37.0,I15,346594,I,15,GFP-Gext,Plate 1,2026-03-19 15:12:56,Cytation5,20,5.0,1.8,1.8,23.0,60.0,77.5,3.2,2.3,0.1505,3.85,50.0,0.0,0.0,1.0,1.0,1.0,0.02,2.0,2000.0,23.1,0.092,60.0,0.6,78.0,0.312,3.226,0.323,2.293,0.229,0.149,0.458,3.834,1.095,5.407,3.109,1.484,10.0,Sample
2010,0 days 03:15:22,37.0,I15,346893,I,15,GFP-Gext,Plate 1,2026-03-19 15:17:56,Cytation5,20,5.0,1.8,1.8,23.0,60.0,77.5,3.2,2.3,0.1505,3.85,50.0,0.0,0.0,1.0,1.0,1.0,0.02,2.0,2000.0,23.1,0.092,60.0,0.6,78.0,0.312,3.226,0.323,2.293,0.229,0.149,0.458,3.834,1.095,5.407,3.109,1.484,10.0,Sample
2011,0 days 03:20:22,37.0,I15,352367,I,15,GFP-Gext,Plate 1,2026-03-19 15:22:56,Cytation5,20,5.0,1.8,1.8,23.0,60.0,77.5,3.2,2.3,0.1505,3.85,50.0,0.0,0.0,1.0,1.0,1.0,0.02,2.0,2000.0,23.1,0.092,60.0,0.6,78.0,0.312,3.226,0.323,2.293,0.229,0.149,0.458,3.834,1.095,5.407,3.109,1.484,10.0,Sample
2012,0 days 03:25:22,37.1,I15,353084,I,15,GFP-Gext,Plate 1,2026-03-19 15:27:56,Cytation5,20,5.0,1.8,1.8,23.0,60.0,77.5,3.2,2.3,0.1505,3.85,50.0,0.0,0.0,1.0,1.0,1.0,0.02,2.0,2000.0,23.1,0.092,60.0,0.6,78.0,0.312,3.226,0.323,2.293,0.229,0.149,0.458,3.834,1.095,5.407,3.109,1.484,10.0,Sample
2013,0 days 03:30:22,36.9,I15,356163,I,15,GFP-Gext,Plate 1,2026-03-19 15:32:56,Cytation5,20,5.0,1.8,1.8,23.0,60.0,77.5,3.2,2.3,0.1505,3.85,50.0,0.0,0.0,1.0,1.0,1.0,0.02,2.0,2000.0,23.1,0.092,60.0,0.6,78.0,0.312,3.226,0.323,2.293,0.229,0.149,0.458,3.834,1.095,5.407,3.109,1.484,10.0,Sample
2014,0 days 03:35:22,37.1,I15,358306,I,15,GFP-Gext,Plate 1,2026-03-19 15:37:56,Cytation5,20,5.0,1.8,1.8,23.0,60.0,77.5,3.2,2.3,0.1505,3.85,50.0,0.0,0.0,1.0,1.0,1.0,0.02,2.0,2000.0,23.1,0.092,60.0,0.6,78.0,0.312,3.226,0.323,2.293,0.229,0.149,0.458,3.834,1.095,5.407,3.109,1.484,10.0,Sample
2015,0 days 03:40:22,37.0,I15,359562,I,15,GFP-Gext,Plate 1,2026-03-19 15:42:56,Cytation5,20,5.0,1.8,1.8,23.0,60.0,77.5,3.2,2.3,0.1505,3.85,50.0,0.0,0.0,1.0,1.0,1.0,0.02,2.0,2000.0,23.1,0.092,60.0,0.6,78.0,0.312,3.226,0.323,2.293,0.229,0.149,0.458,3.834,1.095,5.407,3.109,1.484,10.0,Sample
2016,0 days 03:45:22,37.0,I15,361294,I,15,GFP-Gext,Plate 1,2026-03-19 15:47:56,Cytation5,20,5.0,1.8,1.8,23.0,60.0,77.5,3.2,2.3,0.1505,3.85,50.0,0.0,0.0,1.0,1.0,1.0,0.02,2.0,2000.0,23.1,0.092,60.0,0.6,78.0,0.312,3.226,0.323,2.293,0.229,0.149,0.458,3.834,1.095,5.407,3.109,1.484,10.0,Sample
2017,0 days 03:50:22,37.0,I15,360770,I,15,GFP-Gext,Plate 1,2026-03-19 15:52:56,Cytation5,20,5.0,1.8,1.8,23.0,60.0,77.5,3.2,2.3,0.1505,3.85,50.0,0.0,0.0,1.0,1.0,1.0,0.02,2.0,2000.0,23.1,0.092,60.0,0.6,78.0,0.312,3.226,0.323,2.293,0.229,0.149,0.458,3.834,1.095,5.407,3.109,1.484,10.0,Sample
2018,0 days 03:55:22,37.1,I15,363857,I,15,GFP-Gext,Plate 1,2026-03-19 15:57:56,Cytation5,20,5.0,1.8,1.8,23.0,60.0,77.5,3.2,2.3,0.1505,3.85,50.0,0.0,0.0,1.0,1.0,1.0,0.02,2.0,2000.0,23.1,0.092,60.0,0.6,78.0,0.312,3.226,0.323,2.293,0.229,0.149,0.458,3.834,1.095,5.407,3.109,1.484,10.0,Sample
2019,0 days 04:00:22,37.0,I15,397538,I,15,GFP-Gext,Plate 1,2026-03-19 16:02:56,Cytation5,20,5.0,1.8,1.8,23.0,60.0,77.5,3.2,2.3,0.1505,3.85,50.0,0.0,0.0,1.0,1.0,1.0,0.02,2.0,2000.0,23.1,0.092,60.0,0.6,78.0,0.312,3.226,0.323,2.293,0.229,0.149,0.458,3.834,1.095,5.407,3.109,1.484,10.0,Sample
2020,0 days 04:05:22,37.1,I15,395961,I,15,GFP-Gext,Plate 1,2026-03-19 16:07:56,Cytation5,20,5.0,1.8,1.8,23.0,60.0,77.5,3.2,2.3,0.1505,3.85,50.0,0.0,0.0,1.0,1.0,1.0,0.02,2.0,2000.0,23.1,0.092,60.0,0.6,78.0,0.312,3.226,0.323,2.293,0.229,0.149,0.458,3.834,1.095,5.407,3.109,1.484,10.0,Sample
2021,0 days 04:10:22,37.0,I15,366483,I,15,GFP-Gext,Plate 1,2026-03-19 16:12:56,Cytation5,20,5.0,1.8,1.8,23.0,60.0,77.5,3.2,2.3,0.1505,3.85,50.0,0.0,0.0,1.0,1.0,1.0,0.02,2.0,2000.0,23.1,0.092,60.0,0.6,78.0,0.312,3.226,0.323,2.293,0.229,0.149,0.458,3.834,1.095,5.407,3.109,1.484,10.0,Sample
2022,0 days 04:15:22,37.0,I15,365808,I,15,GFP-Gext,Plate 1,2026-03-19 16:17:56,Cytation5,20,5.0,1.8,1.8,23.0,60.0,77.5,3.2,2.3,0.1505,3.85,50.0,0.0,0.0,1.0,1.0,1.0,0.02,2.0,2000.0,23.1,0.092,60.0,0.6,78.0,0.312,3.226,0.323,2.293,0.229,0.149,0.458,3.834,1.095,5.407,3.109,1.484,10.0,Sample
2023,0 days 04:20:22,37.0,I15,398485,I,15,GFP-Gext,Plate 1,2026-03-19 16:22:56,Cytation5,20,5.0,1.8,1.8,23.0,60.0,77.5,3.2,2.3,0.1505,3.85,50.0,0.0,0.0,1.0,1.0,1.0,0.02,2.0,2000.0,23.1,0.092,60.0,0.6,78.0,0.312,3.226,0.323,2.293,0.229,0.149,0.458,3.834,1.095,5.407,3.109,1.484,10.0,Sample
2024,0 days 04:25:22,37.1,I15,367756,I,15,GFP-Gext,Plate 1,2026-03-19 16:27:56,Cytation5,20,5.0,1.8,1.8,23.0,60.0,77.5,3.2,2.3,0.1505,3.85,50.0,0.0,0.0,1.0,1.0,1.0,0.02,2.0,2000.0,23.1,0.092,60.0,0.6,78.0,0.312,3.226,0.323,2.293,0.229,0.149,0.458,3.834,1.095,5.407,3.109,1.484,10.0,Sample
2025,0 days 04:30:22,37.0,I15,399437,I,15,GFP-Gext,Plate 1,2026-03-19 16:32:56,Cytation5,20,5.0,1.8,1.8,23.0,60.0,77.5,3.2,2.3,0.1505,3.85,50.0,0.0,0.0,1.0,1.0,1.0,0.02,2.0,2000.0,23.1,0.092,60.0,0.6,78.0,0.312,3.226,0.323,2.293,0.229,0.149,0.458,3.834,1.095,5.407,3.109,1.484,10.0,Sample
2026,0 days 04:35:22,37.0,I15,400958,I,15,GFP-Gext,Plate 1,2026-03-19 16:37:56,Cytation5,20,5.0,1.8,1.8,23.0,60.0,77.5,3.2,2.3,0.1505,3.85,50.0,0.0,0.0,1.0,1.0,1.0,0.02,2.0,2000.0,23.1,0.092,60.0,0.6,78.0,0.312,3.226,0.323,2.293,0.229,0.149,0.458,3.834,1.095,5.407,3.109,1.484,10.0,Sample
2027,0 days 04:40:22,37.0,I15,399631,I,15,GFP-Gext,Plate 1,2026-03-19 16:42:56,Cytation5,20,5.0,1.8,1.8,23.0,60.0,77.5,3.2,2.3,0.1505,3.85,50.0,0.0,0.0,1.0,1.0,1.0,0.02,2.0,2000.0,23.1,0.092,60.0,0.6,78.0,0.312,3.226,0.323,2.293,0.229,0.149,0.458,3.834,1.095,5.407,3.109,1.484,10.0,Sample
2028,0 days 04:45:22,37.0,I15,399073,I,15,GFP-Gext,Plate 1,2026-03-19 16:47:56,Cytation5,20,5.0,1.8,1.8,23.0,60.0,77.5,3.2,2.3,0.1505,3.85,50.0,0.0,0.0,1.0,1.0,1.0,0.02,2.0,2000.0,23.1,0.092,60.0,0.6,78.0,0.312,3.226,0.323,2.293,0.229,0.149,0.458,3.834,1.095,5.407,3.109,1.484,10.0,Sample
2029,0 days 04:50:22,37.0,I15,405785,I,15,GFP-Gext,Plate 1,2026-03-19 16:52:56,Cytation5,20,5.0,1.8,1.8,23.0,60.0,77.5,3.2,2.3,0.1505,3.85,50.0,0.0,0.0,1.0,1.0,1.0,0.02,2.0,2000.0,23.1,0.092,60.0,0.6,78.0,0.312,3.226,0.323,2.293,0.229,0.149,0.458,3.834,1.095,5.407,3.109,1.484,10.0,Sample
2030,0 days 04:55:22,37.1,I15,400222,I,15,GFP-Gext,Plate 1,2026-03-19 16:57:56,Cytation5,20,5.0,1.8,1.8,23.0,60.0,77.5,3.2,2.3,0.1505,3.85,50.0,0.0,0.0,1.0,1.0,1.0,0.02,2.0,2000.0,23.1,0.092,60.0,0.6,78.0,0.312,3.226,0.323,2.293,0.229,0.149,0.458,3.834,1.095,5.407,3.109,1.484,10.0,Sample
2031,0 days 05:00:22,37.1,I15,403467,I,15,GFP-Gext,Plate 1,2026-03-19 17:02:56,Cytation5,20,5.0,1.8,1.8,23.0,60.0,77.5,3.2,2.3,0.1505,3.85,50.0,0.0,0.0,1.0,1.0,1.0,0.02,2.0,2000.0,23.1,0.092,60.0,0.6,78.0,0.312,3.226,0.323,2.293,0.229,0.149,0.458,3.834,1.095,5.407,3.109,1.484,10.0,Sample
2032,0 days 05:05:22,37.0,I15,402819,I,15,GFP-Gext,Plate 1,2026-03-19 17:07:56,Cytation5,20,5.0,1.8,1.8,23.0,60.0,77.5,3.2,2.3,0.1505,3.85,50.0,0.0,0.0,1.0,1.0,1.0,0.02,2.0,2000.0,23.1,0.092,60.0,0.6,78.0,0.312,3.226,0.323,2.293,0.229,0.149,0.458,3.834,1.095,5.407,3.109,1.484,10.0,Sample
2033,0 days 05:10:22,37.0,I15,405972,I,15,GFP-Gext,Plate 1,2026-03-19 17:12:56,Cytation5,20,5.0,1.8,1.8,23.0,60.0,77.5,3.2,2.3,0.1505,3.85,50.0,0.0,0.0,1.0,1.0,1.0,0.02,2.0,2000.0,23.1,0.092,60.0,0.6,78.0,0.312,3.226,0.323,2.293,0.229,0.149,0.458,3.834,1.095,5.407,3.109,1.484,10.0,Sample
2034,0 days 05:15:22,37.1,I15,403527,I,15,GFP-Gext,Plate 1,2026-03-19 17:17:56,Cytation5,20,5.0,1.8,1.8,23.0,60.0,77.5,3.2,2.3,0.1505,3.85,50.0,0.0,0.0,1.0,1.0,1.0,0.02,2.0,2000.0,23.1,0.092,60.0,0.6,78.0,0.312,3.226,0.323,2.293,0.229,0.149,0.458,3.834,1.095,5.407,3.109,1.484,10.0,Sample
2035,0 days 05:20:22,37.0,I15,406833,I,15,GFP-Gext,Plate 1,2026-03-19 17:22:56,Cytation5,20,5.0,1.8,1.8,23.0,60.0,77.5,3.2,2.3,0.1505,3.85,50.0,0.0,0.0,1.0,1.0,1.0,0.02,2.0,2000.0,23.1,0.092,60.0,0.6,78.0,0.312,3.226,0.323,2.293,0.229,0.149,0.458,3.834,1.095,5.407,3.109,1.484,10.0,Sample
2036,0 days 05:25:22,37.0,I15,406414,I,15,GFP-Gext,Plate 1,2026-03-19 17:27:56,Cytation5,20,5.0,1.8,1.8,23.0,60.0,77.5,3.2,2.3,0.1505,3.85,50.0,0.0,0.0,1.0,1.0,1.0,0.02,2.0,2000.0,23.1,0.092,60.0,0.6,78.0,0.312,3.226,0.323,2.293,0.229,0.149,0.458,3.834,1.095,5.407,3.109,1.484,10.0,Sample
2037,0 days 05:30:22,37.0,I15,405021,I,15,GFP-Gext,Plate 1,2026-03-19 17:32:56,Cytation5,20,5.0,1.8,1.8,23.0,60.0,77.5,3.2,2.3,0.1505,3.85,50.0,0.0,0.0,1.0,1.0,1.0,0.02,2.0,2000.0,23.1,0.092,60.0,0.6,78.0,0.312,3.226,0.323,2.293,0.229,0.149,0.458,3.834,1.095,5.407,3.109,1.484,10.0,Sample
2038,0 days 05:35:22,37.0,I15,407105,I,15,GFP-Gext,Plate 1,2026-03-19 17:37:56,Cytation5,20,5.0,1.8,1.8,23.0,60.0,77.5,3.2,2.3,0.1505,3.85,50.0,0.0,0.0,1.0,1.0,1.0,0.02,2.0,2000.0,23.1,0.092,60.0,0.6,78.0,0.312,3.226,0.323,2.293,0.229,0.149,0.458,3.834,1.095,5.407,3.109,1.484,10.0,Sample
2039,0 days 05:40:22,37.0,I15,407525,I,15,GFP-Gext,Plate 1,2026-03-19 17:42:56,Cytation5,20,5.0,1.8,1.8,23.0,60.0,77.5,3.2,2.3,0.1505,3.85,50.0,0.0,0.0,1.0,1.0,1.0,0.02,2.0,2000.0,23.1,0.092,60.0,0.6,78.0,0.312,3.226,0.323,2.293,0.229,0.149,0.458,3.834,1.095,5.407,3.109,1.484,10.0,Sample
2040,0 days 05:45:22,37.0,I15,409321,I,15,GFP-Gext,Plate 1,2026-03-19 17:47:56,Cytation5,20,5.0,1.8,1.8,23.0,60.0,77.5,3.2,2.3,0.1505,3.85,50.0,0.0,0.0,1.0,1.0,1.0,0.02,2.0,2000.0,23.1,0.092,60.0,0.6,78.0,0.312,3.226,0.323,2.293,0.229,0.149,0.458,3.834,1.095,5.407,3.109,1.484,10.0,Sample
2041,0 days 05:50:22,37.0,I15,407094,I,15,GFP-Gext,Plate 1,2026-03-19 17:52:56,Cytation5,20,5.0,1.8,1.8,23.0,60.0,77.5,3.2,2.3,0.1505,3.85,50.0,0.0,0.0,1.0,1.0,1.0,0.02,2.0,2000.0,23.1,0.092,60.0,0.6,78.0,0.312,3.226,0.323,2.293,0.229,0.149,0.458,3.834,1.095,5.407,3.109,1.484,10.0,Sample
2042,0 days 05:55:22,37.0,I15,407281,I,15,GFP-Gext,Plate 1,2026-03-19 17:57:56,Cytation5,20,5.0,1.8,1.8,23.0,60.0,77.5,3.2,2.3,0.1505,3.85,50.0,0.0,0.0,1.0,1.0,1.0,0.02,2.0,2000.0,23.1,0.092,60.0,0.6,78.0,0.312,3.226,0.323,2.293,0.229,0.149,0.458,3.834,1.095,5.407,3.109,1.484,10.0,Sample
2043,0 days 06:00:22,37.0,I15,408428,I,15,GFP-Gext,Plate 1,2026-03-19 18:02:56,Cytation5,20,5.0,1.8,1.8,23.0,60.0,77.5,3.2,2.3,0.1505,3.85,50.0,0.0,0.0,1.0,1.0,1.0,0.02,2.0,2000.0,23.1,0.092,60.0,0.6,78.0,0.312,3.226,0.323,2.293,0.229,0.149,0.458,3.834,1.095,5.407,3.109,1.484,10.0,Sample
2044,0 days 00:00:22,27.7,J9,391,J,9,GFP-Gext,Plate 1,2026-03-19 12:02:56,Cytation5,6,5.0,1.8,1.8,8.0,13.0,102.5,2.8,2.1,0.3885,3.99,50.0,0.0,0.0,1.0,1.0,1.0,0.02,2.0,2000.0,8.4,0.034,13.4,0.134,102.7,0.411,2.841,0.284,2.126,0.213,0.388,1.194,4.0,1.143,5.407,3.413,1.18,10.0,Sample
2045,0 days 00:05:22,33.8,J9,395,J,9,GFP-Gext,Plate 1,2026-03-19 12:07:56,Cytation5,6,5.0,1.8,1.8,8.0,13.0,102.5,2.8,2.1,0.3885,3.99,50.0,0.0,0.0,1.0,1.0,1.0,0.02,2.0,2000.0,8.4,0.034,13.4,0.134,102.7,0.411,2.841,0.284,2.126,0.213,0.388,1.194,4.0,1.143,5.407,3.413,1.18,10.0,Sample
2046,0 days 00:10:22,37.0,J9,582,J,9,GFP-Gext,Plate 1,2026-03-19 12:12:56,Cytation5,6,5.0,1.8,1.8,8.0,13.0,102.5,2.8,2.1,0.3885,3.99,50.0,0.0,0.0,1.0,1.0,1.0,0.02,2.0,2000.0,8.4,0.034,13.4,0.134,102.7,0.411,2.841,0.284,2.126,0.213,0.388,1.194,4.0,1.143,5.407,3.413,1.18,10.0,Sample
2047,0 days 00:15:22,37.0,J9,2688,J,9,GFP-Gext,Plate 1,2026-03-19 12:17:56,Cytation5,6,5.0,1.8,1.8,8.0,13.0,102.5,2.8,2.1,0.3885,3.99,50.0,0.0,0.0,1.0,1.0,1.0,0.02,2.0,2000.0,8.4,0.034,13.4,0.134,102.7,0.411,2.841,0.284,2.126,0.213,0.388,1.194,4.0,1.143,5.407,3.413,1.18,10.0,Sample
2048,0 days 00:20:22,37.0,J9,8781,J,9,GFP-Gext,Plate 1,2026-03-19 12:22:56,Cytation5,6,5.0,1.8,1.8,8.0,13.0,102.5,2.8,2.1,0.3885,3.99,50.0,0.0,0.0,1.0,1.0,1.0,0.02,2.0,2000.0,8.4,0.034,13.4,0.134,102.7,0.411,2.841,0.284,2.126,0.213,0.388,1.194,4.0,1.143,5.407,3.413,1.18,10.0,Sample
2049,0 days 00:25:22,37.1,J9,18225,J,9,GFP-Gext,Plate 1,2026-03-19 12:27:56,Cytation5,6,5.0,1.8,1.8,8.0,13.0,102.5,2.8,2.1,0.3885,3.99,50.0,0.0,0.0,1.0,1.0,1.0,0.02,2.0,2000.0,8.4,0.034,13.4,0.134,102.7,0.411,2.841,0.284,2.126,0.213,0.388,1.194,4.0,1.143,5.407,3.413,1.18,10.0,Sample
2050,0 days 00:30:22,37.0,J9,30683,J,9,GFP-Gext,Plate 1,2026-03-19 12:32:56,Cytation5,6,5.0,1.8,1.8,8.0,13.0,102.5,2.8,2.1,0.3885,3.99,50.0,0.0,0.0,1.0,1.0,1.0,0.02,2.0,2000.0,8.4,0.034,13.4,0.134,102.7,0.411,2.841,0.284,2.126,0.213,0.388,1.194,4.0,1.143,5.407,3.413,1.18,10.0,Sample
2051,0 days 00:35:22,37.0,J9,45306,J,9,GFP-Gext,Plate 1,2026-03-19 12:37:56,Cytation5,6,5.0,1.8,1.8,8.0,13.0,102.5,2.8,2.1,0.3885,3.99,50.0,0.0,0.0,1.0,1.0,1.0,0.02,2.0,2000.0,8.4,0.034,13.4,0.134,102.7,0.411,2.841,0.284,2.126,0.213,0.388,1.194,4.0,1.143,5.407,3.413,1.18,10.0,Sample
2052,0 days 00:40:22,37.0,J9,61499,J,9,GFP-Gext,Plate 1,2026-03-19 12:42:56,Cytation5,6,5.0,1.8,1.8,8.0,13.0,102.5,2.8,2.1,0.3885,3.99,50.0,0.0,0.0,1.0,1.0,1.0,0.02,2.0,2000.0,8.4,0.034,13.4,0.134,102.7,0.411,2.841,0.284,2.126,0.213,0.388,1.194,4.0,1.143,5.407,3.413,1.18,10.0,Sample
2053,0 days 00:45:22,36.9,J9,77782,J,9,GFP-Gext,Plate 1,2026-03-19 12:47:56,Cytation5,6,5.0,1.8,1.8,8.0,13.0,102.5,2.8,2.1,0.3885,3.99,50.0,0.0,0.0,1.0,1.0,1.0,0.02,2.0,2000.0,8.4,0.034,13.4,0.134,102.7,0.411,2.841,0.284,2.126,0.213,0.388,1.194,4.0,1.143,5.407,3.413,1.18,10.0,Sample
2054,0 days 00:50:22,37.0,J9,93485,J,9,GFP-Gext,Plate 1,2026-03-19 12:52:56,Cytation5,6,5.0,1.8,1.8,8.0,13.0,102.5,2.8,2.1,0.3885,3.99,50.0,0.0,0.0,1.0,1.0,1.0,0.02,2.0,2000.0,8.4,0.034,13.4,0.134,102.7,0.411,2.841,0.284,2.126,0.213,0.388,1.194,4.0,1.143,5.407,3.413,1.18,10.0,Sample
2055,0 days 00:55:22,37.0,J9,110015,J,9,GFP-Gext,Plate 1,2026-03-19 12:57:56,Cytation5,6,5.0,1.8,1.8,8.0,13.0,102.5,2.8,2.1,0.3885,3.99,50.0,0.0,0.0,1.0,1.0,1.0,0.02,2.0,2000.0,8.4,0.034,13.4,0.134,102.7,0.411,2.841,0.284,2.126,0.213,0.388,1.194,4.0,1.143,5.407,3.413,1.18,10.0,Sample
2056,0 days 01:00:22,37.0,J9,126566,J,9,GFP-Gext,Plate 1,2026-03-19 13:02:56,Cytation5,6,5.0,1.8,1.8,8.0,13.0,102.5,2.8,2.1,0.3885,3.99,50.0,0.0,0.0,1.0,1.0,1.0,0.02,2.0,2000.0,8.4,0.034,13.4,0.134,102.7,0.411,2.841,0.284,2.126,0.213,0.388,1.194,4.0,1.143,5.407,3.413,1.18,10.0,Sample
2057,0 days 01:05:22,37.0,J9,141742,J,9,GFP-Gext,Plate 1,2026-03-19 13:07:56,Cytation5,6,5.0,1.8,1.8,8.0,13.0,102.5,2.8,2.1,0.3885,3.99,50.0,0.0,0.0,1.0,1.0,1.0,0.02,2.0,2000.0,8.4,0.034,13.4,0.134,102.7,0.411,2.841,0.284,2.126,0.213,0.388,1.194,4.0,1.143,5.407,3.413,1.18,10.0,Sample
2058,0 days 01:10:22,37.0,J9,153849,J,9,GFP-Gext,Plate 1,2026-03-19 13:12:56,Cytation5,6,5.0,1.8,1.8,8.0,13.0,102.5,2.8,2.1,0.3885,3.99,50.0,0.0,0.0,1.0,1.0,1.0,0.02,2.0,2000.0,8.4,0.034,13.4,0.134,102.7,0.411,2.841,0.284,2.126,0.213,0.388,1.194,4.0,1.143,5.407,3.413,1.18,10.0,Sample
2059,0 days 01:15:22,37.0,J9,165307,J,9,GFP-Gext,Plate 1,2026-03-19 13:17:56,Cytation5,6,5.0,1.8,1.8,8.0,13.0,102.5,2.8,2.1,0.3885,3.99,50.0,0.0,0.0,1.0,1.0,1.0,0.02,2.0,2000.0,8.4,0.034,13.4,0.134,102.7,0.411,2.841,0.284,2.126,0.213,0.388,1.194,4.0,1.143,5.407,3.413,1.18,10.0,Sample
2060,0 days 01:20:22,37.0,J9,174804,J,9,GFP-Gext,Plate 1,2026-03-19 13:22:56,Cytation5,6,5.0,1.8,1.8,8.0,13.0,102.5,2.8,2.1,0.3885,3.99,50.0,0.0,0.0,1.0,1.0,1.0,0.02,2.0,2000.0,8.4,0.034,13.4,0.134,102.7,0.411,2.841,0.284,2.126,0.213,0.388,1.194,4.0,1.143,5.407,3.413,1.18,10.0,Sample
2061,0 days 01:25:22,37.1,J9,184105,J,9,GFP-Gext,Plate 1,2026-03-19 13:27:56,Cytation5,6,5.0,1.8,1.8,8.0,13.0,102.5,2.8,2.1,0.3885,3.99,50.0,0.0,0.0,1.0,1.0,1.0,0.02,2.0,2000.0,8.4,0.034,13.4,0.134,102.7,0.411,2.841,0.284,2.126,0.213,0.388,1.194,4.0,1.143,5.407,3.413,1.18,10.0,Sample
2062,0 days 01:30:22,37.1,J9,196927,J,9,GFP-Gext,Plate 1,2026-03-19 13:32:56,Cytation5,6,5.0,1.8,1.8,8.0,13.0,102.5,2.8,2.1,0.3885,3.99,50.0,0.0,0.0,1.0,1.0,1.0,0.02,2.0,2000.0,8.4,0.034,13.4,0.134,102.7,0.411,2.841,0.284,2.126,0.213,0.388,1.194,4.0,1.143,5.407,3.413,1.18,10.0,Sample
2063,0 days 01:35:22,37.0,J9,207136,J,9,GFP-Gext,Plate 1,2026-03-19 13:37:56,Cytation5,6,5.0,1.8,1.8,8.0,13.0,102.5,2.8,2.1,0.3885,3.99,50.0,0.0,0.0,1.0,1.0,1.0,0.02,2.0,2000.0,8.4,0.034,13.4,0.134,102.7,0.411,2.841,0.284,2.126,0.213,0.388,1.194,4.0,1.143,5.407,3.413,1.18,10.0,Sample
2064,0 days 01:40:22,37.0,J9,214649,J,9,GFP-Gext,Plate 1,2026-03-19 13:42:56,Cytation5,6,5.0,1.8,1.8,8.0,13.0,102.5,2.8,2.1,0.3885,3.99,50.0,0.0,0.0,1.0,1.0,1.0,0.02,2.0,2000.0,8.4,0.034,13.4,0.134,102.7,0.411,2.841,0.284,2.126,0.213,0.388,1.194,4.0,1.143,5.407,3.413,1.18,10.0,Sample
2065,0 days 01:45:22,37.0,J9,222072,J,9,GFP-Gext,Plate 1,2026-03-19 13:47:56,Cytation5,6,5.0,1.8,1.8,8.0,13.0,102.5,2.8,2.1,0.3885,3.99,50.0,0.0,0.0,1.0,1.0,1.0,0.02,2.0,2000.0,8.4,0.034,13.4,0.134,102.7,0.411,2.841,0.284,2.126,0.213,0.388,1.194,4.0,1.143,5.407,3.413,1.18,10.0,Sample
2066,0 days 01:50:22,36.9,J9,228652,J,9,GFP-Gext,Plate 1,2026-03-19 13:52:56,Cytation5,6,5.0,1.8,1.8,8.0,13.0,102.5,2.8,2.1,0.3885,3.99,50.0,0.0,0.0,1.0,1.0,1.0,0.02,2.0,2000.0,8.4,0.034,13.4,0.134,102.7,0.411,2.841,0.284,2.126,0.213,0.388,1.194,4.0,1.143,5.407,3.413,1.18,10.0,Sample
2067,0 days 01:55:22,37.0,J9,236068,J,9,GFP-Gext,Plate 1,2026-03-19 13:57:56,Cytation5,6,5.0,1.8,1.8,8.0,13.0,102.5,2.8,2.1,0.3885,3.99,50.0,0.0,0.0,1.0,1.0,1.0,0.02,2.0,2000.0,8.4,0.034,13.4,0.134,102.7,0.411,2.841,0.284,2.126,0.213,0.388,1.194,4.0,1.143,5.407,3.413,1.18,10.0,Sample
2068,0 days 02:00:22,37.0,J9,240298,J,9,GFP-Gext,Plate 1,2026-03-19 14:02:56,Cytation5,6,5.0,1.8,1.8,8.0,13.0,102.5,2.8,2.1,0.3885,3.99,50.0,0.0,0.0,1.0,1.0,1.0,0.02,2.0,2000.0,8.4,0.034,13.4,0.134,102.7,0.411,2.841,0.284,2.126,0.213,0.388,1.194,4.0,1.143,5.407,3.413,1.18,10.0,Sample
2069,0 days 02:05:22,37.0,J9,243186,J,9,GFP-Gext,Plate 1,2026-03-19 14:07:56,Cytation5,6,5.0,1.8,1.8,8.0,13.0,102.5,2.8,2.1,0.3885,3.99,50.0,0.0,0.0,1.0,1.0,1.0,0.02,2.0,2000.0,8.4,0.034,13.4,0.134,102.7,0.411,2.841,0.284,2.126,0.213,0.388,1.194,4.0,1.143,5.407,3.413,1.18,10.0,Sample
2070,0 days 02:10:22,37.0,J9,247495,J,9,GFP-Gext,Plate 1,2026-03-19 14:12:56,Cytation5,6,5.0,1.8,1.8,8.0,13.0,102.5,2.8,2.1,0.3885,3.99,50.0,0.0,0.0,1.0,1.0,1.0,0.02,2.0,2000.0,8.4,0.034,13.4,0.134,102.7,0.411,2.841,0.284,2.126,0.213,0.388,1.194,4.0,1.143,5.407,3.413,1.18,10.0,Sample
2071,0 days 02:15:22,37.0,J9,250451,J,9,GFP-Gext,Plate 1,2026-03-19 14:17:56,Cytation5,6,5.0,1.8,1.8,8.0,13.0,102.5,2.8,2.1,0.3885,3.99,50.0,0.0,0.0,1.0,1.0,1.0,0.02,2.0,2000.0,8.4,0.034,13.4,0.134,102.7,0.411,2.841,0.284,2.126,0.213,0.388,1.194,4.0,1.143,5.407,3.413,1.18,10.0,Sample
2072,0 days 02:20:22,37.0,J9,254858,J,9,GFP-Gext,Plate 1,2026-03-19 14:22:56,Cytation5,6,5.0,1.8,1.8,8.0,13.0,102.5,2.8,2.1,0.3885,3.99,50.0,0.0,0.0,1.0,1.0,1.0,0.02,2.0,2000.0,8.4,0.034,13.4,0.134,102.7,0.411,2.841,0.284,2.126,0.213,0.388,1.194,4.0,1.143,5.407,3.413,1.18,10.0,Sample
2073,0 days 02:25:22,37.0,J9,257207,J,9,GFP-Gext,Plate 1,2026-03-19 14:27:56,Cytation5,6,5.0,1.8,1.8,8.0,13.0,102.5,2.8,2.1,0.3885,3.99,50.0,0.0,0.0,1.0,1.0,1.0,0.02,2.0,2000.0,8.4,0.034,13.4,0.134,102.7,0.411,2.841,0.284,2.126,0.213,0.388,1.194,4.0,1.143,5.407,3.413,1.18,10.0,Sample
2074,0 days 02:30:22,37.1,J9,258416,J,9,GFP-Gext,Plate 1,2026-03-19 14:32:56,Cytation5,6,5.0,1.8,1.8,8.0,13.0,102.5,2.8,2.1,0.3885,3.99,50.0,0.0,0.0,1.0,1.0,1.0,0.02,2.0,2000.0,8.4,0.034,13.4,0.134,102.7,0.411,2.841,0.284,2.126,0.213,0.388,1.194,4.0,1.143,5.407,3.413,1.18,10.0,Sample
2075,0 days 02:35:22,37.0,J9,260298,J,9,GFP-Gext,Plate 1,2026-03-19 14:37:56,Cytation5,6,5.0,1.8,1.8,8.0,13.0,102.5,2.8,2.1,0.3885,3.99,50.0,0.0,0.0,1.0,1.0,1.0,0.02,2.0,2000.0,8.4,0.034,13.4,0.134,102.7,0.411,2.841,0.284,2.126,0.213,0.388,1.194,4.0,1.143,5.407,3.413,1.18,10.0,Sample
2076,0 days 02:40:22,37.0,J9,261902,J,9,GFP-Gext,Plate 1,2026-03-19 14:42:56,Cytation5,6,5.0,1.8,1.8,8.0,13.0,102.5,2.8,2.1,0.3885,3.99,50.0,0.0,0.0,1.0,1.0,1.0,0.02,2.0,2000.0,8.4,0.034,13.4,0.134,102.7,0.411,2.841,0.284,2.126,0.213,0.388,1.194,4.0,1.143,5.407,3.413,1.18,10.0,Sample
2077,0 days 02:45:22,37.1,J9,262826,J,9,GFP-Gext,Plate 1,2026-03-19 14:47:56,Cytation5,6,5.0,1.8,1.8,8.0,13.0,102.5,2.8,2.1,0.3885,3.99,50.0,0.0,0.0,1.0,1.0,1.0,0.02,2.0,2000.0,8.4,0.034,13.4,0.134,102.7,0.411,2.841,0.284,2.126,0.213,0.388,1.194,4.0,1.143,5.407,3.413,1.18,10.0,Sample
2078,0 days 02:50:22,37.0,J9,264279,J,9,GFP-Gext,Plate 1,2026-03-19 14:52:56,Cytation5,6,5.0,1.8,1.8,8.0,13.0,102.5,2.8,2.1,0.3885,3.99,50.0,0.0,0.0,1.0,1.0,1.0,0.02,2.0,2000.0,8.4,0.034,13.4,0.134,102.7,0.411,2.841,0.284,2.126,0.213,0.388,1.194,4.0,1.143,5.407,3.413,1.18,10.0,Sample
2079,0 days 02:55:22,37.0,J9,265639,J,9,GFP-Gext,Plate 1,2026-03-19 14:57:56,Cytation5,6,5.0,1.8,1.8,8.0,13.0,102.5,2.8,2.1,0.3885,3.99,50.0,0.0,0.0,1.0,1.0,1.0,0.02,2.0,2000.0,8.4,0.034,13.4,0.134,102.7,0.411,2.841,0.284,2.126,0.213,0.388,1.194,4.0,1.143,5.407,3.413,1.18,10.0,Sample
2080,0 days 03:00:22,37.0,J9,265790,J,9,GFP-Gext,Plate 1,2026-03-19 15:02:56,Cytation5,6,5.0,1.8,1.8,8.0,13.0,102.5,2.8,2.1,0.3885,3.99,50.0,0.0,0.0,1.0,1.0,1.0,0.02,2.0,2000.0,8.4,0.034,13.4,0.134,102.7,0.411,2.841,0.284,2.126,0.213,0.388,1.194,4.0,1.143,5.407,3.413,1.18,10.0,Sample
2081,0 days 03:05:22,37.0,J9,268480,J,9,GFP-Gext,Plate 1,2026-03-19 15:07:56,Cytation5,6,5.0,1.8,1.8,8.0,13.0,102.5,2.8,2.1,0.3885,3.99,50.0,0.0,0.0,1.0,1.0,1.0,0.02,2.0,2000.0,8.4,0.034,13.4,0.134,102.7,0.411,2.841,0.284,2.126,0.213,0.388,1.194,4.0,1.143,5.407,3.413,1.18,10.0,Sample
2082,0 days 03:10:22,37.0,J9,268649,J,9,GFP-Gext,Plate 1,2026-03-19 15:12:56,Cytation5,6,5.0,1.8,1.8,8.0,13.0,102.5,2.8,2.1,0.3885,3.99,50.0,0.0,0.0,1.0,1.0,1.0,0.02,2.0,2000.0,8.4,0.034,13.4,0.134,102.7,0.411,2.841,0.284,2.126,0.213,0.388,1.194,4.0,1.143,5.407,3.413,1.18,10.0,Sample
2083,0 days 03:15:22,37.0,J9,267653,J,9,GFP-Gext,Plate 1,2026-03-19 15:17:56,Cytation5,6,5.0,1.8,1.8,8.0,13.0,102.5,2.8,2.1,0.3885,3.99,50.0,0.0,0.0,1.0,1.0,1.0,0.02,2.0,2000.0,8.4,0.034,13.4,0.134,102.7,0.411,2.841,0.284,2.126,0.213,0.388,1.194,4.0,1.143,5.407,3.413,1.18,10.0,Sample
2084,0 days 03:20:22,37.0,J9,269374,J,9,GFP-Gext,Plate 1,2026-03-19 15:22:56,Cytation5,6,5.0,1.8,1.8,8.0,13.0,102.5,2.8,2.1,0.3885,3.99,50.0,0.0,0.0,1.0,1.0,1.0,0.02,2.0,2000.0,8.4,0.034,13.4,0.134,102.7,0.411,2.841,0.284,2.126,0.213,0.388,1.194,4.0,1.143,5.407,3.413,1.18,10.0,Sample
2085,0 days 03:25:22,37.1,J9,270189,J,9,GFP-Gext,Plate 1,2026-03-19 15:27:56,Cytation5,6,5.0,1.8,1.8,8.0,13.0,102.5,2.8,2.1,0.3885,3.99,50.0,0.0,0.0,1.0,1.0,1.0,0.02,2.0,2000.0,8.4,0.034,13.4,0.134,102.7,0.411,2.841,0.284,2.126,0.213,0.388,1.194,4.0,1.143,5.407,3.413,1.18,10.0,Sample
2086,0 days 03:30:22,36.9,J9,270734,J,9,GFP-Gext,Plate 1,2026-03-19 15:32:56,Cytation5,6,5.0,1.8,1.8,8.0,13.0,102.5,2.8,2.1,0.3885,3.99,50.0,0.0,0.0,1.0,1.0,1.0,0.02,2.0,2000.0,8.4,0.034,13.4,0.134,102.7,0.411,2.841,0.284,2.126,0.213,0.388,1.194,4.0,1.143,5.407,3.413,1.18,10.0,Sample
2087,0 days 03:35:22,37.1,J9,269528,J,9,GFP-Gext,Plate 1,2026-03-19 15:37:56,Cytation5,6,5.0,1.8,1.8,8.0,13.0,102.5,2.8,2.1,0.3885,3.99,50.0,0.0,0.0,1.0,1.0,1.0,0.02,2.0,2000.0,8.4,0.034,13.4,0.134,102.7,0.411,2.841,0.284,2.126,0.213,0.388,1.194,4.0,1.143,5.407,3.413,1.18,10.0,Sample
2088,0 days 03:40:22,37.0,J9,271001,J,9,GFP-Gext,Plate 1,2026-03-19 15:42:56,Cytation5,6,5.0,1.8,1.8,8.0,13.0,102.5,2.8,2.1,0.3885,3.99,50.0,0.0,0.0,1.0,1.0,1.0,0.02,2.0,2000.0,8.4,0.034,13.4,0.134,102.7,0.411,2.841,0.284,2.126,0.213,0.388,1.194,4.0,1.143,5.407,3.413,1.18,10.0,Sample
2089,0 days 03:45:22,37.0,J9,270479,J,9,GFP-Gext,Plate 1,2026-03-19 15:47:56,Cytation5,6,5.0,1.8,1.8,8.0,13.0,102.5,2.8,2.1,0.3885,3.99,50.0,0.0,0.0,1.0,1.0,1.0,0.02,2.0,2000.0,8.4,0.034,13.4,0.134,102.7,0.411,2.841,0.284,2.126,0.213,0.388,1.194,4.0,1.143,5.407,3.413,1.18,10.0,Sample
2090,0 days 03:50:22,37.0,J9,269478,J,9,GFP-Gext,Plate 1,2026-03-19 15:52:56,Cytation5,6,5.0,1.8,1.8,8.0,13.0,102.5,2.8,2.1,0.3885,3.99,50.0,0.0,0.0,1.0,1.0,1.0,0.02,2.0,2000.0,8.4,0.034,13.4,0.134,102.7,0.411,2.841,0.284,2.126,0.213,0.388,1.194,4.0,1.143,5.407,3.413,1.18,10.0,Sample
2091,0 days 03:55:22,37.1,J9,270421,J,9,GFP-Gext,Plate 1,2026-03-19 15:57:56,Cytation5,6,5.0,1.8,1.8,8.0,13.0,102.5,2.8,2.1,0.3885,3.99,50.0,0.0,0.0,1.0,1.0,1.0,0.02,2.0,2000.0,8.4,0.034,13.4,0.134,102.7,0.411,2.841,0.284,2.126,0.213,0.388,1.194,4.0,1.143,5.407,3.413,1.18,10.0,Sample
2092,0 days 04:00:22,37.0,J9,269818,J,9,GFP-Gext,Plate 1,2026-03-19 16:02:56,Cytation5,6,5.0,1.8,1.8,8.0,13.0,102.5,2.8,2.1,0.3885,3.99,50.0,0.0,0.0,1.0,1.0,1.0,0.02,2.0,2000.0,8.4,0.034,13.4,0.134,102.7,0.411,2.841,0.284,2.126,0.213,0.388,1.194,4.0,1.143,5.407,3.413,1.18,10.0,Sample
2093,0 days 04:05:22,37.1,J9,269427,J,9,GFP-Gext,Plate 1,2026-03-19 16:07:56,Cytation5,6,5.0,1.8,1.8,8.0,13.0,102.5,2.8,2.1,0.3885,3.99,50.0,0.0,0.0,1.0,1.0,1.0,0.02,2.0,2000.0,8.4,0.034,13.4,0.134,102.7,0.411,2.841,0.284,2.126,0.213,0.388,1.194,4.0,1.143,5.407,3.413,1.18,10.0,Sample
2094,0 days 04:10:22,37.0,J9,268661,J,9,GFP-Gext,Plate 1,2026-03-19 16:12:56,Cytation5,6,5.0,1.8,1.8,8.0,13.0,102.5,2.8,2.1,0.3885,3.99,50.0,0.0,0.0,1.0,1.0,1.0,0.02,2.0,2000.0,8.4,0.034,13.4,0.134,102.7,0.411,2.841,0.284,2.126,0.213,0.388,1.194,4.0,1.143,5.407,3.413,1.18,10.0,Sample
2095,0 days 04:15:22,37.0,J9,268698,J,9,GFP-Gext,Plate 1,2026-03-19 16:17:56,Cytation5,6,5.0,1.8,1.8,8.0,13.0,102.5,2.8,2.1,0.3885,3.99,50.0,0.0,0.0,1.0,1.0,1.0,0.02,2.0,2000.0,8.4,0.034,13.4,0.134,102.7,0.411,2.841,0.284,2.126,0.213,0.388,1.194,4.0,1.143,5.407,3.413,1.18,10.0,Sample
2096,0 days 04:20:22,37.0,J9,268803,J,9,GFP-Gext,Plate 1,2026-03-19 16:22:56,Cytation5,6,5.0,1.8,1.8,8.0,13.0,102.5,2.8,2.1,0.3885,3.99,50.0,0.0,0.0,1.0,1.0,1.0,0.02,2.0,2000.0,8.4,0.034,13.4,0.134,102.7,0.411,2.841,0.284,2.126,0.213,0.388,1.194,4.0,1.143,5.407,3.413,1.18,10.0,Sample
2097,0 days 04:25:22,37.1,J9,270243,J,9,GFP-Gext,Plate 1,2026-03-19 16:27:56,Cytation5,6,5.0,1.8,1.8,8.0,13.0,102.5,2.8,2.1,0.3885,3.99,50.0,0.0,0.0,1.0,1.0,1.0,0.02,2.0,2000.0,8.4,0.034,13.4,0.134,102.7,0.411,2.841,0.284,2.126,0.213,0.388,1.194,4.0,1.143,5.407,3.413,1.18,10.0,Sample
2098,0 days 04:30:22,37.0,J9,268243,J,9,GFP-Gext,Plate 1,2026-03-19 16:32:56,Cytation5,6,5.0,1.8,1.8,8.0,13.0,102.5,2.8,2.1,0.3885,3.99,50.0,0.0,0.0,1.0,1.0,1.0,0.02,2.0,2000.0,8.4,0.034,13.4,0.134,102.7,0.411,2.841,0.284,2.126,0.213,0.388,1.194,4.0,1.143,5.407,3.413,1.18,10.0,Sample
2099,0 days 04:35:22,37.0,J9,269204,J,9,GFP-Gext,Plate 1,2026-03-19 16:37:56,Cytation5,6,5.0,1.8,1.8,8.0,13.0,102.5,2.8,2.1,0.3885,3.99,50.0,0.0,0.0,1.0,1.0,1.0,0.02,2.0,2000.0,8.4,0.034,13.4,0.134,102.7,0.411,2.841,0.284,2.126,0.213,0.388,1.194,4.0,1.143,5.407,3.413,1.18,10.0,Sample
2100,0 days 04:40:22,37.0,J9,267995,J,9,GFP-Gext,Plate 1,2026-03-19 16:42:56,Cytation5,6,5.0,1.8,1.8,8.0,13.0,102.5,2.8,2.1,0.3885,3.99,50.0,0.0,0.0,1.0,1.0,1.0,0.02,2.0,2000.0,8.4,0.034,13.4,0.134,102.7,0.411,2.841,0.284,2.126,0.213,0.388,1.194,4.0,1.143,5.407,3.413,1.18,10.0,Sample
2101,0 days 04:45:22,37.0,J9,267329,J,9,GFP-Gext,Plate 1,2026-03-19 16:47:56,Cytation5,6,5.0,1.8,1.8,8.0,13.0,102.5,2.8,2.1,0.3885,3.99,50.0,0.0,0.0,1.0,1.0,1.0,0.02,2.0,2000.0,8.4,0.034,13.4,0.134,102.7,0.411,2.841,0.284,2.126,0.213,0.388,1.194,4.0,1.143,5.407,3.413,1.18,10.0,Sample
2102,0 days 04:50:22,37.0,J9,267325,J,9,GFP-Gext,Plate 1,2026-03-19 16:52:56,Cytation5,6,5.0,1.8,1.8,8.0,13.0,102.5,2.8,2.1,0.3885,3.99,50.0,0.0,0.0,1.0,1.0,1.0,0.02,2.0,2000.0,8.4,0.034,13.4,0.134,102.7,0.411,2.841,0.284,2.126,0.213,0.388,1.194,4.0,1.143,5.407,3.413,1.18,10.0,Sample
2103,0 days 04:55:22,37.1,J9,267329,J,9,GFP-Gext,Plate 1,2026-03-19 16:57:56,Cytation5,6,5.0,1.8,1.8,8.0,13.0,102.5,2.8,2.1,0.3885,3.99,50.0,0.0,0.0,1.0,1.0,1.0,0.02,2.0,2000.0,8.4,0.034,13.4,0.134,102.7,0.411,2.841,0.284,2.126,0.213,0.388,1.194,4.0,1.143,5.407,3.413,1.18,10.0,Sample
2104,0 days 05:00:22,37.1,J9,266971,J,9,GFP-Gext,Plate 1,2026-03-19 17:02:56,Cytation5,6,5.0,1.8,1.8,8.0,13.0,102.5,2.8,2.1,0.3885,3.99,50.0,0.0,0.0,1.0,1.0,1.0,0.02,2.0,2000.0,8.4,0.034,13.4,0.134,102.7,0.411,2.841,0.284,2.126,0.213,0.388,1.194,4.0,1.143,5.407,3.413,1.18,10.0,Sample
2105,0 days 05:05:22,37.0,J9,266426,J,9,GFP-Gext,Plate 1,2026-03-19 17:07:56,Cytation5,6,5.0,1.8,1.8,8.0,13.0,102.5,2.8,2.1,0.3885,3.99,50.0,0.0,0.0,1.0,1.0,1.0,0.02,2.0,2000.0,8.4,0.034,13.4,0.134,102.7,0.411,2.841,0.284,2.126,0.213,0.388,1.194,4.0,1.143,5.407,3.413,1.18,10.0,Sample
2106,0 days 05:10:22,37.0,J9,266736,J,9,GFP-Gext,Plate 1,2026-03-19 17:12:56,Cytation5,6,5.0,1.8,1.8,8.0,13.0,102.5,2.8,2.1,0.3885,3.99,50.0,0.0,0.0,1.0,1.0,1.0,0.02,2.0,2000.0,8.4,0.034,13.4,0.134,102.7,0.411,2.841,0.284,2.126,0.213,0.388,1.194,4.0,1.143,5.407,3.413,1.18,10.0,Sample
2107,0 days 05:15:22,37.1,J9,267241,J,9,GFP-Gext,Plate 1,2026-03-19 17:17:56,Cytation5,6,5.0,1.8,1.8,8.0,13.0,102.5,2.8,2.1,0.3885,3.99,50.0,0.0,0.0,1.0,1.0,1.0,0.02,2.0,2000.0,8.4,0.034,13.4,0.134,102.7,0.411,2.841,0.284,2.126,0.213,0.388,1.194,4.0,1.143,5.407,3.413,1.18,10.0,Sample
2108,0 days 05:20:22,37.0,J9,267157,J,9,GFP-Gext,Plate 1,2026-03-19 17:22:56,Cytation5,6,5.0,1.8,1.8,8.0,13.0,102.5,2.8,2.1,0.3885,3.99,50.0,0.0,0.0,1.0,1.0,1.0,0.02,2.0,2000.0,8.4,0.034,13.4,0.134,102.7,0.411,2.841,0.284,2.126,0.213,0.388,1.194,4.0,1.143,5.407,3.413,1.18,10.0,Sample
2109,0 days 05:25:22,37.0,J9,266758,J,9,GFP-Gext,Plate 1,2026-03-19 17:27:56,Cytation5,6,5.0,1.8,1.8,8.0,13.0,102.5,2.8,2.1,0.3885,3.99,50.0,0.0,0.0,1.0,1.0,1.0,0.02,2.0,2000.0,8.4,0.034,13.4,0.134,102.7,0.411,2.841,0.284,2.126,0.213,0.388,1.194,4.0,1.143,5.407,3.413,1.18,10.0,Sample
2110,0 days 05:30:22,37.0,J9,265873,J,9,GFP-Gext,Plate 1,2026-03-19 17:32:56,Cytation5,6,5.0,1.8,1.8,8.0,13.0,102.5,2.8,2.1,0.3885,3.99,50.0,0.0,0.0,1.0,1.0,1.0,0.02,2.0,2000.0,8.4,0.034,13.4,0.134,102.7,0.411,2.841,0.284,2.126,0.213,0.388,1.194,4.0,1.143,5.407,3.413,1.18,10.0,Sample
2111,0 days 05:35:22,37.0,J9,265679,J,9,GFP-Gext,Plate 1,2026-03-19 17:37:56,Cytation5,6,5.0,1.8,1.8,8.0,13.0,102.5,2.8,2.1,0.3885,3.99,50.0,0.0,0.0,1.0,1.0,1.0,0.02,2.0,2000.0,8.4,0.034,13.4,0.134,102.7,0.411,2.841,0.284,2.126,0.213,0.388,1.194,4.0,1.143,5.407,3.413,1.18,10.0,Sample
2112,0 days 05:40:22,37.0,J9,268097,J,9,GFP-Gext,Plate 1,2026-03-19 17:42:56,Cytation5,6,5.0,1.8,1.8,8.0,13.0,102.5,2.8,2.1,0.3885,3.99,50.0,0.0,0.0,1.0,1.0,1.0,0.02,2.0,2000.0,8.4,0.034,13.4,0.134,102.7,0.411,2.841,0.284,2.126,0.213,0.388,1.194,4.0,1.143,5.407,3.413,1.18,10.0,Sample
2113,0 days 05:45:22,37.0,J9,267179,J,9,GFP-Gext,Plate 1,2026-03-19 17:47:56,Cytation5,6,5.0,1.8,1.8,8.0,13.0,102.5,2.8,2.1,0.3885,3.99,50.0,0.0,0.0,1.0,1.0,1.0,0.02,2.0,2000.0,8.4,0.034,13.4,0.134,102.7,0.411,2.841,0.284,2.126,0.213,0.388,1.194,4.0,1.143,5.407,3.413,1.18,10.0,Sample
2114,0 days 05:50:22,37.0,J9,266808,J,9,GFP-Gext,Plate 1,2026-03-19 17:52:56,Cytation5,6,5.0,1.8,1.8,8.0,13.0,102.5,2.8,2.1,0.3885,3.99,50.0,0.0,0.0,1.0,1.0,1.0,0.02,2.0,2000.0,8.4,0.034,13.4,0.134,102.7,0.411,2.841,0.284,2.126,0.213,0.388,1.194,4.0,1.143,5.407,3.413,1.18,10.0,Sample
2115,0 days 05:55:22,37.0,J9,264604,J,9,GFP-Gext,Plate 1,2026-03-19 17:57:56,Cytation5,6,5.0,1.8,1.8,8.0,13.0,102.5,2.8,2.1,0.3885,3.99,50.0,0.0,0.0,1.0,1.0,1.0,0.02,2.0,2000.0,8.4,0.034,13.4,0.134,102.7,0.411,2.841,0.284,2.126,0.213,0.388,1.194,4.0,1.143,5.407,3.413,1.18,10.0,Sample
2116,0 days 06:00:22,37.0,J9,265922,J,9,GFP-Gext,Plate 1,2026-03-19 18:02:56,Cytation5,6,5.0,1.8,1.8,8.0,13.0,102.5,2.8,2.1,0.3885,3.99,50.0,0.0,0.0,1.0,1.0,1.0,0.02,2.0,2000.0,8.4,0.034,13.4,0.134,102.7,0.411,2.841,0.284,2.126,0.213,0.388,1.194,4.0,1.143,5.407,3.413,1.18,10.0,Sample
2117,0 days 00:00:22,27.7,J10,384,J,10,GFP-Gext,Plate 1,2026-03-19 12:02:56,Cytation5,33,5.0,1.8,1.8,12.0,4.0,112.5,2.7,1.9,0.308,1.855,50.0,0.0,0.0,1.0,1.0,1.0,0.02,2.0,2000.0,11.7,0.047,4.1,0.041,112.2,0.449,2.667,0.267,1.852,0.185,0.307,0.945,1.86,0.531,5.407,2.465,2.128,10.0,Sample
2118,0 days 00:05:22,33.8,J10,342,J,10,GFP-Gext,Plate 1,2026-03-19 12:07:56,Cytation5,33,5.0,1.8,1.8,12.0,4.0,112.5,2.7,1.9,0.308,1.855,50.0,0.0,0.0,1.0,1.0,1.0,0.02,2.0,2000.0,11.7,0.047,4.1,0.041,112.2,0.449,2.667,0.267,1.852,0.185,0.307,0.945,1.86,0.531,5.407,2.465,2.128,10.0,Sample
2119,0 days 00:10:22,37.0,J10,316,J,10,GFP-Gext,Plate 1,2026-03-19 12:12:56,Cytation5,33,5.0,1.8,1.8,12.0,4.0,112.5,2.7,1.9,0.308,1.855,50.0,0.0,0.0,1.0,1.0,1.0,0.02,2.0,2000.0,11.7,0.047,4.1,0.041,112.2,0.449,2.667,0.267,1.852,0.185,0.307,0.945,1.86,0.531,5.407,2.465,2.128,10.0,Sample
2120,0 days 00:15:22,37.0,J10,389,J,10,GFP-Gext,Plate 1,2026-03-19 12:17:56,Cytation5,33,5.0,1.8,1.8,12.0,4.0,112.5,2.7,1.9,0.308,1.855,50.0,0.0,0.0,1.0,1.0,1.0,0.02,2.0,2000.0,11.7,0.047,4.1,0.041,112.2,0.449,2.667,0.267,1.852,0.185,0.307,0.945,1.86,0.531,5.407,2.465,2.128,10.0,Sample
2121,0 days 00:20:22,37.0,J10,593,J,10,GFP-Gext,Plate 1,2026-03-19 12:22:56,Cytation5,33,5.0,1.8,1.8,12.0,4.0,112.5,2.7,1.9,0.308,1.855,50.0,0.0,0.0,1.0,1.0,1.0,0.02,2.0,2000.0,11.7,0.047,4.1,0.041,112.2,0.449,2.667,0.267,1.852,0.185,0.307,0.945,1.86,0.531,5.407,2.465,2.128,10.0,Sample
2122,0 days 00:25:22,37.1,J10,1085,J,10,GFP-Gext,Plate 1,2026-03-19 12:27:56,Cytation5,33,5.0,1.8,1.8,12.0,4.0,112.5,2.7,1.9,0.308,1.855,50.0,0.0,0.0,1.0,1.0,1.0,0.02,2.0,2000.0,11.7,0.047,4.1,0.041,112.2,0.449,2.667,0.267,1.852,0.185,0.307,0.945,1.86,0.531,5.407,2.465,2.128,10.0,Sample
2123,0 days 00:30:22,37.0,J10,1766,J,10,GFP-Gext,Plate 1,2026-03-19 12:32:56,Cytation5,33,5.0,1.8,1.8,12.0,4.0,112.5,2.7,1.9,0.308,1.855,50.0,0.0,0.0,1.0,1.0,1.0,0.02,2.0,2000.0,11.7,0.047,4.1,0.041,112.2,0.449,2.667,0.267,1.852,0.185,0.307,0.945,1.86,0.531,5.407,2.465,2.128,10.0,Sample
2124,0 days 00:35:22,37.0,J10,2563,J,10,GFP-Gext,Plate 1,2026-03-19 12:37:56,Cytation5,33,5.0,1.8,1.8,12.0,4.0,112.5,2.7,1.9,0.308,1.855,50.0,0.0,0.0,1.0,1.0,1.0,0.02,2.0,2000.0,11.7,0.047,4.1,0.041,112.2,0.449,2.667,0.267,1.852,0.185,0.307,0.945,1.86,0.531,5.407,2.465,2.128,10.0,Sample
2125,0 days 00:40:22,37.0,J10,3422,J,10,GFP-Gext,Plate 1,2026-03-19 12:42:56,Cytation5,33,5.0,1.8,1.8,12.0,4.0,112.5,2.7,1.9,0.308,1.855,50.0,0.0,0.0,1.0,1.0,1.0,0.02,2.0,2000.0,11.7,0.047,4.1,0.041,112.2,0.449,2.667,0.267,1.852,0.185,0.307,0.945,1.86,0.531,5.407,2.465,2.128,10.0,Sample
2126,0 days 00:45:22,36.9,J10,4112,J,10,GFP-Gext,Plate 1,2026-03-19 12:47:56,Cytation5,33,5.0,1.8,1.8,12.0,4.0,112.5,2.7,1.9,0.308,1.855,50.0,0.0,0.0,1.0,1.0,1.0,0.02,2.0,2000.0,11.7,0.047,4.1,0.041,112.2,0.449,2.667,0.267,1.852,0.185,0.307,0.945,1.86,0.531,5.407,2.465,2.128,10.0,Sample
2127,0 days 00:50:22,37.0,J10,4903,J,10,GFP-Gext,Plate 1,2026-03-19 12:52:56,Cytation5,33,5.0,1.8,1.8,12.0,4.0,112.5,2.7,1.9,0.308,1.855,50.0,0.0,0.0,1.0,1.0,1.0,0.02,2.0,2000.0,11.7,0.047,4.1,0.041,112.2,0.449,2.667,0.267,1.852,0.185,0.307,0.945,1.86,0.531,5.407,2.465,2.128,10.0,Sample
2128,0 days 00:55:22,37.0,J10,5521,J,10,GFP-Gext,Plate 1,2026-03-19 12:57:56,Cytation5,33,5.0,1.8,1.8,12.0,4.0,112.5,2.7,1.9,0.308,1.855,50.0,0.0,0.0,1.0,1.0,1.0,0.02,2.0,2000.0,11.7,0.047,4.1,0.041,112.2,0.449,2.667,0.267,1.852,0.185,0.307,0.945,1.86,0.531,5.407,2.465,2.128,10.0,Sample
2129,0 days 01:00:22,37.0,J10,6203,J,10,GFP-Gext,Plate 1,2026-03-19 13:02:56,Cytation5,33,5.0,1.8,1.8,12.0,4.0,112.5,2.7,1.9,0.308,1.855,50.0,0.0,0.0,1.0,1.0,1.0,0.02,2.0,2000.0,11.7,0.047,4.1,0.041,112.2,0.449,2.667,0.267,1.852,0.185,0.307,0.945,1.86,0.531,5.407,2.465,2.128,10.0,Sample
2130,0 days 01:05:22,37.0,J10,6835,J,10,GFP-Gext,Plate 1,2026-03-19 13:07:56,Cytation5,33,5.0,1.8,1.8,12.0,4.0,112.5,2.7,1.9,0.308,1.855,50.0,0.0,0.0,1.0,1.0,1.0,0.02,2.0,2000.0,11.7,0.047,4.1,0.041,112.2,0.449,2.667,0.267,1.852,0.185,0.307,0.945,1.86,0.531,5.407,2.465,2.128,10.0,Sample
2131,0 days 01:10:22,37.0,J10,7343,J,10,GFP-Gext,Plate 1,2026-03-19 13:12:56,Cytation5,33,5.0,1.8,1.8,12.0,4.0,112.5,2.7,1.9,0.308,1.855,50.0,0.0,0.0,1.0,1.0,1.0,0.02,2.0,2000.0,11.7,0.047,4.1,0.041,112.2,0.449,2.667,0.267,1.852,0.185,0.307,0.945,1.86,0.531,5.407,2.465,2.128,10.0,Sample
2132,0 days 01:15:22,37.0,J10,7779,J,10,GFP-Gext,Plate 1,2026-03-19 13:17:56,Cytation5,33,5.0,1.8,1.8,12.0,4.0,112.5,2.7,1.9,0.308,1.855,50.0,0.0,0.0,1.0,1.0,1.0,0.02,2.0,2000.0,11.7,0.047,4.1,0.041,112.2,0.449,2.667,0.267,1.852,0.185,0.307,0.945,1.86,0.531,5.407,2.465,2.128,10.0,Sample
2133,0 days 01:20:22,37.0,J10,8201,J,10,GFP-Gext,Plate 1,2026-03-19 13:22:56,Cytation5,33,5.0,1.8,1.8,12.0,4.0,112.5,2.7,1.9,0.308,1.855,50.0,0.0,0.0,1.0,1.0,1.0,0.02,2.0,2000.0,11.7,0.047,4.1,0.041,112.2,0.449,2.667,0.267,1.852,0.185,0.307,0.945,1.86,0.531,5.407,2.465,2.128,10.0,Sample
2134,0 days 01:25:22,37.1,J10,8532,J,10,GFP-Gext,Plate 1,2026-03-19 13:27:56,Cytation5,33,5.0,1.8,1.8,12.0,4.0,112.5,2.7,1.9,0.308,1.855,50.0,0.0,0.0,1.0,1.0,1.0,0.02,2.0,2000.0,11.7,0.047,4.1,0.041,112.2,0.449,2.667,0.267,1.852,0.185,0.307,0.945,1.86,0.531,5.407,2.465,2.128,10.0,Sample
2135,0 days 01:30:22,37.1,J10,8985,J,10,GFP-Gext,Plate 1,2026-03-19 13:32:56,Cytation5,33,5.0,1.8,1.8,12.0,4.0,112.5,2.7,1.9,0.308,1.855,50.0,0.0,0.0,1.0,1.0,1.0,0.02,2.0,2000.0,11.7,0.047,4.1,0.041,112.2,0.449,2.667,0.267,1.852,0.185,0.307,0.945,1.86,0.531,5.407,2.465,2.128,10.0,Sample
2136,0 days 01:35:22,37.0,J10,9140,J,10,GFP-Gext,Plate 1,2026-03-19 13:37:56,Cytation5,33,5.0,1.8,1.8,12.0,4.0,112.5,2.7,1.9,0.308,1.855,50.0,0.0,0.0,1.0,1.0,1.0,0.02,2.0,2000.0,11.7,0.047,4.1,0.041,112.2,0.449,2.667,0.267,1.852,0.185,0.307,0.945,1.86,0.531,5.407,2.465,2.128,10.0,Sample
2137,0 days 01:40:22,37.0,J10,9456,J,10,GFP-Gext,Plate 1,2026-03-19 13:42:56,Cytation5,33,5.0,1.8,1.8,12.0,4.0,112.5,2.7,1.9,0.308,1.855,50.0,0.0,0.0,1.0,1.0,1.0,0.02,2.0,2000.0,11.7,0.047,4.1,0.041,112.2,0.449,2.667,0.267,1.852,0.185,0.307,0.945,1.86,0.531,5.407,2.465,2.128,10.0,Sample
2138,0 days 01:45:22,37.0,J10,9356,J,10,GFP-Gext,Plate 1,2026-03-19 13:47:56,Cytation5,33,5.0,1.8,1.8,12.0,4.0,112.5,2.7,1.9,0.308,1.855,50.0,0.0,0.0,1.0,1.0,1.0,0.02,2.0,2000.0,11.7,0.047,4.1,0.041,112.2,0.449,2.667,0.267,1.852,0.185,0.307,0.945,1.86,0.531,5.407,2.465,2.128,10.0,Sample
2139,0 days 01:50:22,36.9,J10,9584,J,10,GFP-Gext,Plate 1,2026-03-19 13:52:56,Cytation5,33,5.0,1.8,1.8,12.0,4.0,112.5,2.7,1.9,0.308,1.855,50.0,0.0,0.0,1.0,1.0,1.0,0.02,2.0,2000.0,11.7,0.047,4.1,0.041,112.2,0.449,2.667,0.267,1.852,0.185,0.307,0.945,1.86,0.531,5.407,2.465,2.128,10.0,Sample
2140,0 days 01:55:22,37.0,J10,9816,J,10,GFP-Gext,Plate 1,2026-03-19 13:57:56,Cytation5,33,5.0,1.8,1.8,12.0,4.0,112.5,2.7,1.9,0.308,1.855,50.0,0.0,0.0,1.0,1.0,1.0,0.02,2.0,2000.0,11.7,0.047,4.1,0.041,112.2,0.449,2.667,0.267,1.852,0.185,0.307,0.945,1.86,0.531,5.407,2.465,2.128,10.0,Sample
2141,0 days 02:00:22,37.0,J10,9754,J,10,GFP-Gext,Plate 1,2026-03-19 14:02:56,Cytation5,33,5.0,1.8,1.8,12.0,4.0,112.5,2.7,1.9,0.308,1.855,50.0,0.0,0.0,1.0,1.0,1.0,0.02,2.0,2000.0,11.7,0.047,4.1,0.041,112.2,0.449,2.667,0.267,1.852,0.185,0.307,0.945,1.86,0.531,5.407,2.465,2.128,10.0,Sample
2142,0 days 02:05:22,37.0,J10,9979,J,10,GFP-Gext,Plate 1,2026-03-19 14:07:56,Cytation5,33,5.0,1.8,1.8,12.0,4.0,112.5,2.7,1.9,0.308,1.855,50.0,0.0,0.0,1.0,1.0,1.0,0.02,2.0,2000.0,11.7,0.047,4.1,0.041,112.2,0.449,2.667,0.267,1.852,0.185,0.307,0.945,1.86,0.531,5.407,2.465,2.128,10.0,Sample
2143,0 days 02:10:22,37.0,J10,10029,J,10,GFP-Gext,Plate 1,2026-03-19 14:12:56,Cytation5,33,5.0,1.8,1.8,12.0,4.0,112.5,2.7,1.9,0.308,1.855,50.0,0.0,0.0,1.0,1.0,1.0,0.02,2.0,2000.0,11.7,0.047,4.1,0.041,112.2,0.449,2.667,0.267,1.852,0.185,0.307,0.945,1.86,0.531,5.407,2.465,2.128,10.0,Sample
2144,0 days 02:15:22,37.0,J10,10197,J,10,GFP-Gext,Plate 1,2026-03-19 14:17:56,Cytation5,33,5.0,1.8,1.8,12.0,4.0,112.5,2.7,1.9,0.308,1.855,50.0,0.0,0.0,1.0,1.0,1.0,0.02,2.0,2000.0,11.7,0.047,4.1,0.041,112.2,0.449,2.667,0.267,1.852,0.185,0.307,0.945,1.86,0.531,5.407,2.465,2.128,10.0,Sample
2145,0 days 02:20:22,37.0,J10,10348,J,10,GFP-Gext,Plate 1,2026-03-19 14:22:56,Cytation5,33,5.0,1.8,1.8,12.0,4.0,112.5,2.7,1.9,0.308,1.855,50.0,0.0,0.0,1.0,1.0,1.0,0.02,2.0,2000.0,11.7,0.047,4.1,0.041,112.2,0.449,2.667,0.267,1.852,0.185,0.307,0.945,1.86,0.531,5.407,2.465,2.128,10.0,Sample
2146,0 days 02:25:22,37.0,J10,10279,J,10,GFP-Gext,Plate 1,2026-03-19 14:27:56,Cytation5,33,5.0,1.8,1.8,12.0,4.0,112.5,2.7,1.9,0.308,1.855,50.0,0.0,0.0,1.0,1.0,1.0,0.02,2.0,2000.0,11.7,0.047,4.1,0.041,112.2,0.449,2.667,0.267,1.852,0.185,0.307,0.945,1.86,0.531,5.407,2.465,2.128,10.0,Sample
2147,0 days 02:30:22,37.1,J10,10445,J,10,GFP-Gext,Plate 1,2026-03-19 14:32:56,Cytation5,33,5.0,1.8,1.8,12.0,4.0,112.5,2.7,1.9,0.308,1.855,50.0,0.0,0.0,1.0,1.0,1.0,0.02,2.0,2000.0,11.7,0.047,4.1,0.041,112.2,0.449,2.667,0.267,1.852,0.185,0.307,0.945,1.86,0.531,5.407,2.465,2.128,10.0,Sample
2148,0 days 02:35:22,37.0,J10,10434,J,10,GFP-Gext,Plate 1,2026-03-19 14:37:56,Cytation5,33,5.0,1.8,1.8,12.0,4.0,112.5,2.7,1.9,0.308,1.855,50.0,0.0,0.0,1.0,1.0,1.0,0.02,2.0,2000.0,11.7,0.047,4.1,0.041,112.2,0.449,2.667,0.267,1.852,0.185,0.307,0.945,1.86,0.531,5.407,2.465,2.128,10.0,Sample
2149,0 days 02:40:22,37.0,J10,10657,J,10,GFP-Gext,Plate 1,2026-03-19 14:42:56,Cytation5,33,5.0,1.8,1.8,12.0,4.0,112.5,2.7,1.9,0.308,1.855,50.0,0.0,0.0,1.0,1.0,1.0,0.02,2.0,2000.0,11.7,0.047,4.1,0.041,112.2,0.449,2.667,0.267,1.852,0.185,0.307,0.945,1.86,0.531,5.407,2.465,2.128,10.0,Sample
2150,0 days 02:45:22,37.1,J10,10523,J,10,GFP-Gext,Plate 1,2026-03-19 14:47:56,Cytation5,33,5.0,1.8,1.8,12.0,4.0,112.5,2.7,1.9,0.308,1.855,50.0,0.0,0.0,1.0,1.0,1.0,0.02,2.0,2000.0,11.7,0.047,4.1,0.041,112.2,0.449,2.667,0.267,1.852,0.185,0.307,0.945,1.86,0.531,5.407,2.465,2.128,10.0,Sample
2151,0 days 02:50:22,37.0,J10,10551,J,10,GFP-Gext,Plate 1,2026-03-19 14:52:56,Cytation5,33,5.0,1.8,1.8,12.0,4.0,112.5,2.7,1.9,0.308,1.855,50.0,0.0,0.0,1.0,1.0,1.0,0.02,2.0,2000.0,11.7,0.047,4.1,0.041,112.2,0.449,2.667,0.267,1.852,0.185,0.307,0.945,1.86,0.531,5.407,2.465,2.128,10.0,Sample
2152,0 days 02:55:22,37.0,J10,10654,J,10,GFP-Gext,Plate 1,2026-03-19 14:57:56,Cytation5,33,5.0,1.8,1.8,12.0,4.0,112.5,2.7,1.9,0.308,1.855,50.0,0.0,0.0,1.0,1.0,1.0,0.02,2.0,2000.0,11.7,0.047,4.1,0.041,112.2,0.449,2.667,0.267,1.852,0.185,0.307,0.945,1.86,0.531,5.407,2.465,2.128,10.0,Sample
2153,0 days 03:00:22,37.0,J10,10614,J,10,GFP-Gext,Plate 1,2026-03-19 15:02:56,Cytation5,33,5.0,1.8,1.8,12.0,4.0,112.5,2.7,1.9,0.308,1.855,50.0,0.0,0.0,1.0,1.0,1.0,0.02,2.0,2000.0,11.7,0.047,4.1,0.041,112.2,0.449,2.667,0.267,1.852,0.185,0.307,0.945,1.86,0.531,5.407,2.465,2.128,10.0,Sample
2154,0 days 03:05:22,37.0,J10,10792,J,10,GFP-Gext,Plate 1,2026-03-19 15:07:56,Cytation5,33,5.0,1.8,1.8,12.0,4.0,112.5,2.7,1.9,0.308,1.855,50.0,0.0,0.0,1.0,1.0,1.0,0.02,2.0,2000.0,11.7,0.047,4.1,0.041,112.2,0.449,2.667,0.267,1.852,0.185,0.307,0.945,1.86,0.531,5.407,2.465,2.128,10.0,Sample
2155,0 days 03:10:22,37.0,J10,10986,J,10,GFP-Gext,Plate 1,2026-03-19 15:12:56,Cytation5,33,5.0,1.8,1.8,12.0,4.0,112.5,2.7,1.9,0.308,1.855,50.0,0.0,0.0,1.0,1.0,1.0,0.02,2.0,2000.0,11.7,0.047,4.1,0.041,112.2,0.449,2.667,0.267,1.852,0.185,0.307,0.945,1.86,0.531,5.407,2.465,2.128,10.0,Sample
2156,0 days 03:15:22,37.0,J10,10779,J,10,GFP-Gext,Plate 1,2026-03-19 15:17:56,Cytation5,33,5.0,1.8,1.8,12.0,4.0,112.5,2.7,1.9,0.308,1.855,50.0,0.0,0.0,1.0,1.0,1.0,0.02,2.0,2000.0,11.7,0.047,4.1,0.041,112.2,0.449,2.667,0.267,1.852,0.185,0.307,0.945,1.86,0.531,5.407,2.465,2.128,10.0,Sample
2157,0 days 03:20:22,37.0,J10,10980,J,10,GFP-Gext,Plate 1,2026-03-19 15:22:56,Cytation5,33,5.0,1.8,1.8,12.0,4.0,112.5,2.7,1.9,0.308,1.855,50.0,0.0,0.0,1.0,1.0,1.0,0.02,2.0,2000.0,11.7,0.047,4.1,0.041,112.2,0.449,2.667,0.267,1.852,0.185,0.307,0.945,1.86,0.531,5.407,2.465,2.128,10.0,Sample
2158,0 days 03:25:22,37.1,J10,10981,J,10,GFP-Gext,Plate 1,2026-03-19 15:27:56,Cytation5,33,5.0,1.8,1.8,12.0,4.0,112.5,2.7,1.9,0.308,1.855,50.0,0.0,0.0,1.0,1.0,1.0,0.02,2.0,2000.0,11.7,0.047,4.1,0.041,112.2,0.449,2.667,0.267,1.852,0.185,0.307,0.945,1.86,0.531,5.407,2.465,2.128,10.0,Sample
2159,0 days 03:30:22,36.9,J10,10999,J,10,GFP-Gext,Plate 1,2026-03-19 15:32:56,Cytation5,33,5.0,1.8,1.8,12.0,4.0,112.5,2.7,1.9,0.308,1.855,50.0,0.0,0.0,1.0,1.0,1.0,0.02,2.0,2000.0,11.7,0.047,4.1,0.041,112.2,0.449,2.667,0.267,1.852,0.185,0.307,0.945,1.86,0.531,5.407,2.465,2.128,10.0,Sample
2160,0 days 03:35:22,37.1,J10,10898,J,10,GFP-Gext,Plate 1,2026-03-19 15:37:56,Cytation5,33,5.0,1.8,1.8,12.0,4.0,112.5,2.7,1.9,0.308,1.855,50.0,0.0,0.0,1.0,1.0,1.0,0.02,2.0,2000.0,11.7,0.047,4.1,0.041,112.2,0.449,2.667,0.267,1.852,0.185,0.307,0.945,1.86,0.531,5.407,2.465,2.128,10.0,Sample
2161,0 days 03:40:22,37.0,J10,10932,J,10,GFP-Gext,Plate 1,2026-03-19 15:42:56,Cytation5,33,5.0,1.8,1.8,12.0,4.0,112.5,2.7,1.9,0.308,1.855,50.0,0.0,0.0,1.0,1.0,1.0,0.02,2.0,2000.0,11.7,0.047,4.1,0.041,112.2,0.449,2.667,0.267,1.852,0.185,0.307,0.945,1.86,0.531,5.407,2.465,2.128,10.0,Sample
2162,0 days 03:45:22,37.0,J10,10947,J,10,GFP-Gext,Plate 1,2026-03-19 15:47:56,Cytation5,33,5.0,1.8,1.8,12.0,4.0,112.5,2.7,1.9,0.308,1.855,50.0,0.0,0.0,1.0,1.0,1.0,0.02,2.0,2000.0,11.7,0.047,4.1,0.041,112.2,0.449,2.667,0.267,1.852,0.185,0.307,0.945,1.86,0.531,5.407,2.465,2.128,10.0,Sample
2163,0 days 03:50:22,37.0,J10,10846,J,10,GFP-Gext,Plate 1,2026-03-19 15:52:56,Cytation5,33,5.0,1.8,1.8,12.0,4.0,112.5,2.7,1.9,0.308,1.855,50.0,0.0,0.0,1.0,1.0,1.0,0.02,2.0,2000.0,11.7,0.047,4.1,0.041,112.2,0.449,2.667,0.267,1.852,0.185,0.307,0.945,1.86,0.531,5.407,2.465,2.128,10.0,Sample
2164,0 days 03:55:22,37.1,J10,11067,J,10,GFP-Gext,Plate 1,2026-03-19 15:57:56,Cytation5,33,5.0,1.8,1.8,12.0,4.0,112.5,2.7,1.9,0.308,1.855,50.0,0.0,0.0,1.0,1.0,1.0,0.02,2.0,2000.0,11.7,0.047,4.1,0.041,112.2,0.449,2.667,0.267,1.852,0.185,0.307,0.945,1.86,0.531,5.407,2.465,2.128,10.0,Sample
2165,0 days 04:00:22,37.0,J10,11012,J,10,GFP-Gext,Plate 1,2026-03-19 16:02:56,Cytation5,33,5.0,1.8,1.8,12.0,4.0,112.5,2.7,1.9,0.308,1.855,50.0,0.0,0.0,1.0,1.0,1.0,0.02,2.0,2000.0,11.7,0.047,4.1,0.041,112.2,0.449,2.667,0.267,1.852,0.185,0.307,0.945,1.86,0.531,5.407,2.465,2.128,10.0,Sample
2166,0 days 04:05:22,37.1,J10,11089,J,10,GFP-Gext,Plate 1,2026-03-19 16:07:56,Cytation5,33,5.0,1.8,1.8,12.0,4.0,112.5,2.7,1.9,0.308,1.855,50.0,0.0,0.0,1.0,1.0,1.0,0.02,2.0,2000.0,11.7,0.047,4.1,0.041,112.2,0.449,2.667,0.267,1.852,0.185,0.307,0.945,1.86,0.531,5.407,2.465,2.128,10.0,Sample
2167,0 days 04:10:22,37.0,J10,11078,J,10,GFP-Gext,Plate 1,2026-03-19 16:12:56,Cytation5,33,5.0,1.8,1.8,12.0,4.0,112.5,2.7,1.9,0.308,1.855,50.0,0.0,0.0,1.0,1.0,1.0,0.02,2.0,2000.0,11.7,0.047,4.1,0.041,112.2,0.449,2.667,0.267,1.852,0.185,0.307,0.945,1.86,0.531,5.407,2.465,2.128,10.0,Sample
2168,0 days 04:15:22,37.0,J10,11136,J,10,GFP-Gext,Plate 1,2026-03-19 16:17:56,Cytation5,33,5.0,1.8,1.8,12.0,4.0,112.5,2.7,1.9,0.308,1.855,50.0,0.0,0.0,1.0,1.0,1.0,0.02,2.0,2000.0,11.7,0.047,4.1,0.041,112.2,0.449,2.667,0.267,1.852,0.185,0.307,0.945,1.86,0.531,5.407,2.465,2.128,10.0,Sample
2169,0 days 04:20:22,37.0,J10,11007,J,10,GFP-Gext,Plate 1,2026-03-19 16:22:56,Cytation5,33,5.0,1.8,1.8,12.0,4.0,112.5,2.7,1.9,0.308,1.855,50.0,0.0,0.0,1.0,1.0,1.0,0.02,2.0,2000.0,11.7,0.047,4.1,0.041,112.2,0.449,2.667,0.267,1.852,0.185,0.307,0.945,1.86,0.531,5.407,2.465,2.128,10.0,Sample
2170,0 days 04:25:22,37.1,J10,11104,J,10,GFP-Gext,Plate 1,2026-03-19 16:27:56,Cytation5,33,5.0,1.8,1.8,12.0,4.0,112.5,2.7,1.9,0.308,1.855,50.0,0.0,0.0,1.0,1.0,1.0,0.02,2.0,2000.0,11.7,0.047,4.1,0.041,112.2,0.449,2.667,0.267,1.852,0.185,0.307,0.945,1.86,0.531,5.407,2.465,2.128,10.0,Sample
2171,0 days 04:30:22,37.0,J10,11024,J,10,GFP-Gext,Plate 1,2026-03-19 16:32:56,Cytation5,33,5.0,1.8,1.8,12.0,4.0,112.5,2.7,1.9,0.308,1.855,50.0,0.0,0.0,1.0,1.0,1.0,0.02,2.0,2000.0,11.7,0.047,4.1,0.041,112.2,0.449,2.667,0.267,1.852,0.185,0.307,0.945,1.86,0.531,5.407,2.465,2.128,10.0,Sample
2172,0 days 04:35:22,37.0,J10,11177,J,10,GFP-Gext,Plate 1,2026-03-19 16:37:56,Cytation5,33,5.0,1.8,1.8,12.0,4.0,112.5,2.7,1.9,0.308,1.855,50.0,0.0,0.0,1.0,1.0,1.0,0.02,2.0,2000.0,11.7,0.047,4.1,0.041,112.2,0.449,2.667,0.267,1.852,0.185,0.307,0.945,1.86,0.531,5.407,2.465,2.128,10.0,Sample
2173,0 days 04:40:22,37.0,J10,11169,J,10,GFP-Gext,Plate 1,2026-03-19 16:42:56,Cytation5,33,5.0,1.8,1.8,12.0,4.0,112.5,2.7,1.9,0.308,1.855,50.0,0.0,0.0,1.0,1.0,1.0,0.02,2.0,2000.0,11.7,0.047,4.1,0.041,112.2,0.449,2.667,0.267,1.852,0.185,0.307,0.945,1.86,0.531,5.407,2.465,2.128,10.0,Sample
2174,0 days 04:45:22,37.0,J10,11299,J,10,GFP-Gext,Plate 1,2026-03-19 16:47:56,Cytation5,33,5.0,1.8,1.8,12.0,4.0,112.5,2.7,1.9,0.308,1.855,50.0,0.0,0.0,1.0,1.0,1.0,0.02,2.0,2000.0,11.7,0.047,4.1,0.041,112.2,0.449,2.667,0.267,1.852,0.185,0.307,0.945,1.86,0.531,5.407,2.465,2.128,10.0,Sample
2175,0 days 04:50:22,37.0,J10,11144,J,10,GFP-Gext,Plate 1,2026-03-19 16:52:56,Cytation5,33,5.0,1.8,1.8,12.0,4.0,112.5,2.7,1.9,0.308,1.855,50.0,0.0,0.0,1.0,1.0,1.0,0.02,2.0,2000.0,11.7,0.047,4.1,0.041,112.2,0.449,2.667,0.267,1.852,0.185,0.307,0.945,1.86,0.531,5.407,2.465,2.128,10.0,Sample
2176,0 days 04:55:22,37.1,J10,11319,J,10,GFP-Gext,Plate 1,2026-03-19 16:57:56,Cytation5,33,5.0,1.8,1.8,12.0,4.0,112.5,2.7,1.9,0.308,1.855,50.0,0.0,0.0,1.0,1.0,1.0,0.02,2.0,2000.0,11.7,0.047,4.1,0.041,112.2,0.449,2.667,0.267,1.852,0.185,0.307,0.945,1.86,0.531,5.407,2.465,2.128,10.0,Sample
2177,0 days 05:00:22,37.1,J10,11282,J,10,GFP-Gext,Plate 1,2026-03-19 17:02:56,Cytation5,33,5.0,1.8,1.8,12.0,4.0,112.5,2.7,1.9,0.308,1.855,50.0,0.0,0.0,1.0,1.0,1.0,0.02,2.0,2000.0,11.7,0.047,4.1,0.041,112.2,0.449,2.667,0.267,1.852,0.185,0.307,0.945,1.86,0.531,5.407,2.465,2.128,10.0,Sample
2178,0 days 05:05:22,37.0,J10,11256,J,10,GFP-Gext,Plate 1,2026-03-19 17:07:56,Cytation5,33,5.0,1.8,1.8,12.0,4.0,112.5,2.7,1.9,0.308,1.855,50.0,0.0,0.0,1.0,1.0,1.0,0.02,2.0,2000.0,11.7,0.047,4.1,0.041,112.2,0.449,2.667,0.267,1.852,0.185,0.307,0.945,1.86,0.531,5.407,2.465,2.128,10.0,Sample
2179,0 days 05:10:22,37.0,J10,11100,J,10,GFP-Gext,Plate 1,2026-03-19 17:12:56,Cytation5,33,5.0,1.8,1.8,12.0,4.0,112.5,2.7,1.9,0.308,1.855,50.0,0.0,0.0,1.0,1.0,1.0,0.02,2.0,2000.0,11.7,0.047,4.1,0.041,112.2,0.449,2.667,0.267,1.852,0.185,0.307,0.945,1.86,0.531,5.407,2.465,2.128,10.0,Sample
2180,0 days 05:15:22,37.1,J10,11230,J,10,GFP-Gext,Plate 1,2026-03-19 17:17:56,Cytation5,33,5.0,1.8,1.8,12.0,4.0,112.5,2.7,1.9,0.308,1.855,50.0,0.0,0.0,1.0,1.0,1.0,0.02,2.0,2000.0,11.7,0.047,4.1,0.041,112.2,0.449,2.667,0.267,1.852,0.185,0.307,0.945,1.86,0.531,5.407,2.465,2.128,10.0,Sample
2181,0 days 05:20:22,37.0,J10,11306,J,10,GFP-Gext,Plate 1,2026-03-19 17:22:56,Cytation5,33,5.0,1.8,1.8,12.0,4.0,112.5,2.7,1.9,0.308,1.855,50.0,0.0,0.0,1.0,1.0,1.0,0.02,2.0,2000.0,11.7,0.047,4.1,0.041,112.2,0.449,2.667,0.267,1.852,0.185,0.307,0.945,1.86,0.531,5.407,2.465,2.128,10.0,Sample
2182,0 days 05:25:22,37.0,J10,11282,J,10,GFP-Gext,Plate 1,2026-03-19 17:27:56,Cytation5,33,5.0,1.8,1.8,12.0,4.0,112.5,2.7,1.9,0.308,1.855,50.0,0.0,0.0,1.0,1.0,1.0,0.02,2.0,2000.0,11.7,0.047,4.1,0.041,112.2,0.449,2.667,0.267,1.852,0.185,0.307,0.945,1.86,0.531,5.407,2.465,2.128,10.0,Sample
2183,0 days 05:30:22,37.0,J10,11290,J,10,GFP-Gext,Plate 1,2026-03-19 17:32:56,Cytation5,33,5.0,1.8,1.8,12.0,4.0,112.5,2.7,1.9,0.308,1.855,50.0,0.0,0.0,1.0,1.0,1.0,0.02,2.0,2000.0,11.7,0.047,4.1,0.041,112.2,0.449,2.667,0.267,1.852,0.185,0.307,0.945,1.86,0.531,5.407,2.465,2.128,10.0,Sample
2184,0 days 05:35:22,37.0,J10,11285,J,10,GFP-Gext,Plate 1,2026-03-19 17:37:56,Cytation5,33,5.0,1.8,1.8,12.0,4.0,112.5,2.7,1.9,0.308,1.855,50.0,0.0,0.0,1.0,1.0,1.0,0.02,2.0,2000.0,11.7,0.047,4.1,0.041,112.2,0.449,2.667,0.267,1.852,0.185,0.307,0.945,1.86,0.531,5.407,2.465,2.128,10.0,Sample
2185,0 days 05:40:22,37.0,J10,11273,J,10,GFP-Gext,Plate 1,2026-03-19 17:42:56,Cytation5,33,5.0,1.8,1.8,12.0,4.0,112.5,2.7,1.9,0.308,1.855,50.0,0.0,0.0,1.0,1.0,1.0,0.02,2.0,2000.0,11.7,0.047,4.1,0.041,112.2,0.449,2.667,0.267,1.852,0.185,0.307,0.945,1.86,0.531,5.407,2.465,2.128,10.0,Sample
2186,0 days 05:45:22,37.0,J10,11358,J,10,GFP-Gext,Plate 1,2026-03-19 17:47:56,Cytation5,33,5.0,1.8,1.8,12.0,4.0,112.5,2.7,1.9,0.308,1.855,50.0,0.0,0.0,1.0,1.0,1.0,0.02,2.0,2000.0,11.7,0.047,4.1,0.041,112.2,0.449,2.667,0.267,1.852,0.185,0.307,0.945,1.86,0.531,5.407,2.465,2.128,10.0,Sample
2187,0 days 05:50:22,37.0,J10,11316,J,10,GFP-Gext,Plate 1,2026-03-19 17:52:56,Cytation5,33,5.0,1.8,1.8,12.0,4.0,112.5,2.7,1.9,0.308,1.855,50.0,0.0,0.0,1.0,1.0,1.0,0.02,2.0,2000.0,11.7,0.047,4.1,0.041,112.2,0.449,2.667,0.267,1.852,0.185,0.307,0.945,1.86,0.531,5.407,2.465,2.128,10.0,Sample
2188,0 days 05:55:22,37.0,J10,11267,J,10,GFP-Gext,Plate 1,2026-03-19 17:57:56,Cytation5,33,5.0,1.8,1.8,12.0,4.0,112.5,2.7,1.9,0.308,1.855,50.0,0.0,0.0,1.0,1.0,1.0,0.02,2.0,2000.0,11.7,0.047,4.1,0.041,112.2,0.449,2.667,0.267,1.852,0.185,0.307,0.945,1.86,0.531,5.407,2.465,2.128,10.0,Sample
2189,0 days 06:00:22,37.0,J10,11511,J,10,GFP-Gext,Plate 1,2026-03-19 18:02:56,Cytation5,33,5.0,1.8,1.8,12.0,4.0,112.5,2.7,1.9,0.308,1.855,50.0,0.0,0.0,1.0,1.0,1.0,0.02,2.0,2000.0,11.7,0.047,4.1,0.041,112.2,0.449,2.667,0.267,1.852,0.185,0.307,0.945,1.86,0.531,5.407,2.465,2.128,10.0,Sample
2190,0 days 00:00:22,27.7,J11,401,J,11,GFP-Gext,Plate 1,2026-03-19 12:02:56,Cytation5,17,5.0,1.8,1.8,8.0,33.0,112.5,2.2,1.5,0.399,3.36,50.0,0.0,0.0,1.0,1.0,1.0,0.02,2.0,2000.0,7.7,0.031,32.9,0.329,113.1,0.452,2.187,0.219,1.506,0.151,0.4,1.231,3.375,0.964,5.407,3.377,1.216,10.0,Sample
2191,0 days 00:05:22,33.8,J11,493,J,11,GFP-Gext,Plate 1,2026-03-19 12:07:56,Cytation5,17,5.0,1.8,1.8,8.0,33.0,112.5,2.2,1.5,0.399,3.36,50.0,0.0,0.0,1.0,1.0,1.0,0.02,2.0,2000.0,7.7,0.031,32.9,0.329,113.1,0.452,2.187,0.219,1.506,0.151,0.4,1.231,3.375,0.964,5.407,3.377,1.216,10.0,Sample
2192,0 days 00:10:22,37.0,J11,1372,J,11,GFP-Gext,Plate 1,2026-03-19 12:12:56,Cytation5,17,5.0,1.8,1.8,8.0,33.0,112.5,2.2,1.5,0.399,3.36,50.0,0.0,0.0,1.0,1.0,1.0,0.02,2.0,2000.0,7.7,0.031,32.9,0.329,113.1,0.452,2.187,0.219,1.506,0.151,0.4,1.231,3.375,0.964,5.407,3.377,1.216,10.0,Sample
2193,0 days 00:15:22,37.0,J11,5266,J,11,GFP-Gext,Plate 1,2026-03-19 12:17:56,Cytation5,17,5.0,1.8,1.8,8.0,33.0,112.5,2.2,1.5,0.399,3.36,50.0,0.0,0.0,1.0,1.0,1.0,0.02,2.0,2000.0,7.7,0.031,32.9,0.329,113.1,0.452,2.187,0.219,1.506,0.151,0.4,1.231,3.375,0.964,5.407,3.377,1.216,10.0,Sample
2194,0 days 00:20:22,37.0,J11,13904,J,11,GFP-Gext,Plate 1,2026-03-19 12:22:56,Cytation5,17,5.0,1.8,1.8,8.0,33.0,112.5,2.2,1.5,0.399,3.36,50.0,0.0,0.0,1.0,1.0,1.0,0.02,2.0,2000.0,7.7,0.031,32.9,0.329,113.1,0.452,2.187,0.219,1.506,0.151,0.4,1.231,3.375,0.964,5.407,3.377,1.216,10.0,Sample
2195,0 days 00:25:22,37.1,J11,25987,J,11,GFP-Gext,Plate 1,2026-03-19 12:27:56,Cytation5,17,5.0,1.8,1.8,8.0,33.0,112.5,2.2,1.5,0.399,3.36,50.0,0.0,0.0,1.0,1.0,1.0,0.02,2.0,2000.0,7.7,0.031,32.9,0.329,113.1,0.452,2.187,0.219,1.506,0.151,0.4,1.231,3.375,0.964,5.407,3.377,1.216,10.0,Sample
2196,0 days 00:30:22,37.0,J11,41541,J,11,GFP-Gext,Plate 1,2026-03-19 12:32:56,Cytation5,17,5.0,1.8,1.8,8.0,33.0,112.5,2.2,1.5,0.399,3.36,50.0,0.0,0.0,1.0,1.0,1.0,0.02,2.0,2000.0,7.7,0.031,32.9,0.329,113.1,0.452,2.187,0.219,1.506,0.151,0.4,1.231,3.375,0.964,5.407,3.377,1.216,10.0,Sample
2197,0 days 00:35:22,37.0,J11,60140,J,11,GFP-Gext,Plate 1,2026-03-19 12:37:56,Cytation5,17,5.0,1.8,1.8,8.0,33.0,112.5,2.2,1.5,0.399,3.36,50.0,0.0,0.0,1.0,1.0,1.0,0.02,2.0,2000.0,7.7,0.031,32.9,0.329,113.1,0.452,2.187,0.219,1.506,0.151,0.4,1.231,3.375,0.964,5.407,3.377,1.216,10.0,Sample
2198,0 days 00:40:22,37.0,J11,81551,J,11,GFP-Gext,Plate 1,2026-03-19 12:42:56,Cytation5,17,5.0,1.8,1.8,8.0,33.0,112.5,2.2,1.5,0.399,3.36,50.0,0.0,0.0,1.0,1.0,1.0,0.02,2.0,2000.0,7.7,0.031,32.9,0.329,113.1,0.452,2.187,0.219,1.506,0.151,0.4,1.231,3.375,0.964,5.407,3.377,1.216,10.0,Sample
2199,0 days 00:45:22,36.9,J11,102564,J,11,GFP-Gext,Plate 1,2026-03-19 12:47:56,Cytation5,17,5.0,1.8,1.8,8.0,33.0,112.5,2.2,1.5,0.399,3.36,50.0,0.0,0.0,1.0,1.0,1.0,0.02,2.0,2000.0,7.7,0.031,32.9,0.329,113.1,0.452,2.187,0.219,1.506,0.151,0.4,1.231,3.375,0.964,5.407,3.377,1.216,10.0,Sample
2200,0 days 00:50:22,37.0,J11,123053,J,11,GFP-Gext,Plate 1,2026-03-19 12:52:56,Cytation5,17,5.0,1.8,1.8,8.0,33.0,112.5,2.2,1.5,0.399,3.36,50.0,0.0,0.0,1.0,1.0,1.0,0.02,2.0,2000.0,7.7,0.031,32.9,0.329,113.1,0.452,2.187,0.219,1.506,0.151,0.4,1.231,3.375,0.964,5.407,3.377,1.216,10.0,Sample
2201,0 days 00:55:22,37.0,J11,144440,J,11,GFP-Gext,Plate 1,2026-03-19 12:57:56,Cytation5,17,5.0,1.8,1.8,8.0,33.0,112.5,2.2,1.5,0.399,3.36,50.0,0.0,0.0,1.0,1.0,1.0,0.02,2.0,2000.0,7.7,0.031,32.9,0.329,113.1,0.452,2.187,0.219,1.506,0.151,0.4,1.231,3.375,0.964,5.407,3.377,1.216,10.0,Sample
2202,0 days 01:00:22,37.0,J11,163516,J,11,GFP-Gext,Plate 1,2026-03-19 13:02:56,Cytation5,17,5.0,1.8,1.8,8.0,33.0,112.5,2.2,1.5,0.399,3.36,50.0,0.0,0.0,1.0,1.0,1.0,0.02,2.0,2000.0,7.7,0.031,32.9,0.329,113.1,0.452,2.187,0.219,1.506,0.151,0.4,1.231,3.375,0.964,5.407,3.377,1.216,10.0,Sample
2203,0 days 01:05:22,37.0,J11,180447,J,11,GFP-Gext,Plate 1,2026-03-19 13:07:56,Cytation5,17,5.0,1.8,1.8,8.0,33.0,112.5,2.2,1.5,0.399,3.36,50.0,0.0,0.0,1.0,1.0,1.0,0.02,2.0,2000.0,7.7,0.031,32.9,0.329,113.1,0.452,2.187,0.219,1.506,0.151,0.4,1.231,3.375,0.964,5.407,3.377,1.216,10.0,Sample
2204,0 days 01:10:22,37.0,J11,197151,J,11,GFP-Gext,Plate 1,2026-03-19 13:12:56,Cytation5,17,5.0,1.8,1.8,8.0,33.0,112.5,2.2,1.5,0.399,3.36,50.0,0.0,0.0,1.0,1.0,1.0,0.02,2.0,2000.0,7.7,0.031,32.9,0.329,113.1,0.452,2.187,0.219,1.506,0.151,0.4,1.231,3.375,0.964,5.407,3.377,1.216,10.0,Sample
2205,0 days 01:15:22,37.0,J11,212474,J,11,GFP-Gext,Plate 1,2026-03-19 13:17:56,Cytation5,17,5.0,1.8,1.8,8.0,33.0,112.5,2.2,1.5,0.399,3.36,50.0,0.0,0.0,1.0,1.0,1.0,0.02,2.0,2000.0,7.7,0.031,32.9,0.329,113.1,0.452,2.187,0.219,1.506,0.151,0.4,1.231,3.375,0.964,5.407,3.377,1.216,10.0,Sample
2206,0 days 01:20:22,37.0,J11,223274,J,11,GFP-Gext,Plate 1,2026-03-19 13:22:56,Cytation5,17,5.0,1.8,1.8,8.0,33.0,112.5,2.2,1.5,0.399,3.36,50.0,0.0,0.0,1.0,1.0,1.0,0.02,2.0,2000.0,7.7,0.031,32.9,0.329,113.1,0.452,2.187,0.219,1.506,0.151,0.4,1.231,3.375,0.964,5.407,3.377,1.216,10.0,Sample
2207,0 days 01:25:22,37.1,J11,236402,J,11,GFP-Gext,Plate 1,2026-03-19 13:27:56,Cytation5,17,5.0,1.8,1.8,8.0,33.0,112.5,2.2,1.5,0.399,3.36,50.0,0.0,0.0,1.0,1.0,1.0,0.02,2.0,2000.0,7.7,0.031,32.9,0.329,113.1,0.452,2.187,0.219,1.506,0.151,0.4,1.231,3.375,0.964,5.407,3.377,1.216,10.0,Sample
2208,0 days 01:30:22,37.1,J11,248448,J,11,GFP-Gext,Plate 1,2026-03-19 13:32:56,Cytation5,17,5.0,1.8,1.8,8.0,33.0,112.5,2.2,1.5,0.399,3.36,50.0,0.0,0.0,1.0,1.0,1.0,0.02,2.0,2000.0,7.7,0.031,32.9,0.329,113.1,0.452,2.187,0.219,1.506,0.151,0.4,1.231,3.375,0.964,5.407,3.377,1.216,10.0,Sample
2209,0 days 01:35:22,37.0,J11,258767,J,11,GFP-Gext,Plate 1,2026-03-19 13:37:56,Cytation5,17,5.0,1.8,1.8,8.0,33.0,112.5,2.2,1.5,0.399,3.36,50.0,0.0,0.0,1.0,1.0,1.0,0.02,2.0,2000.0,7.7,0.031,32.9,0.329,113.1,0.452,2.187,0.219,1.506,0.151,0.4,1.231,3.375,0.964,5.407,3.377,1.216,10.0,Sample
2210,0 days 01:40:22,37.0,J11,267755,J,11,GFP-Gext,Plate 1,2026-03-19 13:42:56,Cytation5,17,5.0,1.8,1.8,8.0,33.0,112.5,2.2,1.5,0.399,3.36,50.0,0.0,0.0,1.0,1.0,1.0,0.02,2.0,2000.0,7.7,0.031,32.9,0.329,113.1,0.452,2.187,0.219,1.506,0.151,0.4,1.231,3.375,0.964,5.407,3.377,1.216,10.0,Sample
2211,0 days 01:45:22,37.0,J11,277169,J,11,GFP-Gext,Plate 1,2026-03-19 13:47:56,Cytation5,17,5.0,1.8,1.8,8.0,33.0,112.5,2.2,1.5,0.399,3.36,50.0,0.0,0.0,1.0,1.0,1.0,0.02,2.0,2000.0,7.7,0.031,32.9,0.329,113.1,0.452,2.187,0.219,1.506,0.151,0.4,1.231,3.375,0.964,5.407,3.377,1.216,10.0,Sample
2212,0 days 01:50:22,36.9,J11,285924,J,11,GFP-Gext,Plate 1,2026-03-19 13:52:56,Cytation5,17,5.0,1.8,1.8,8.0,33.0,112.5,2.2,1.5,0.399,3.36,50.0,0.0,0.0,1.0,1.0,1.0,0.02,2.0,2000.0,7.7,0.031,32.9,0.329,113.1,0.452,2.187,0.219,1.506,0.151,0.4,1.231,3.375,0.964,5.407,3.377,1.216,10.0,Sample
2213,0 days 01:55:22,37.0,J11,292895,J,11,GFP-Gext,Plate 1,2026-03-19 13:57:56,Cytation5,17,5.0,1.8,1.8,8.0,33.0,112.5,2.2,1.5,0.399,3.36,50.0,0.0,0.0,1.0,1.0,1.0,0.02,2.0,2000.0,7.7,0.031,32.9,0.329,113.1,0.452,2.187,0.219,1.506,0.151,0.4,1.231,3.375,0.964,5.407,3.377,1.216,10.0,Sample
2214,0 days 02:00:22,37.0,J11,300243,J,11,GFP-Gext,Plate 1,2026-03-19 14:02:56,Cytation5,17,5.0,1.8,1.8,8.0,33.0,112.5,2.2,1.5,0.399,3.36,50.0,0.0,0.0,1.0,1.0,1.0,0.02,2.0,2000.0,7.7,0.031,32.9,0.329,113.1,0.452,2.187,0.219,1.506,0.151,0.4,1.231,3.375,0.964,5.407,3.377,1.216,10.0,Sample
2215,0 days 02:05:22,37.0,J11,305277,J,11,GFP-Gext,Plate 1,2026-03-19 14:07:56,Cytation5,17,5.0,1.8,1.8,8.0,33.0,112.5,2.2,1.5,0.399,3.36,50.0,0.0,0.0,1.0,1.0,1.0,0.02,2.0,2000.0,7.7,0.031,32.9,0.329,113.1,0.452,2.187,0.219,1.506,0.151,0.4,1.231,3.375,0.964,5.407,3.377,1.216,10.0,Sample
2216,0 days 02:10:22,37.0,J11,311841,J,11,GFP-Gext,Plate 1,2026-03-19 14:12:56,Cytation5,17,5.0,1.8,1.8,8.0,33.0,112.5,2.2,1.5,0.399,3.36,50.0,0.0,0.0,1.0,1.0,1.0,0.02,2.0,2000.0,7.7,0.031,32.9,0.329,113.1,0.452,2.187,0.219,1.506,0.151,0.4,1.231,3.375,0.964,5.407,3.377,1.216,10.0,Sample
2217,0 days 02:15:22,37.0,J11,316687,J,11,GFP-Gext,Plate 1,2026-03-19 14:17:56,Cytation5,17,5.0,1.8,1.8,8.0,33.0,112.5,2.2,1.5,0.399,3.36,50.0,0.0,0.0,1.0,1.0,1.0,0.02,2.0,2000.0,7.7,0.031,32.9,0.329,113.1,0.452,2.187,0.219,1.506,0.151,0.4,1.231,3.375,0.964,5.407,3.377,1.216,10.0,Sample
2218,0 days 02:20:22,37.0,J11,322413,J,11,GFP-Gext,Plate 1,2026-03-19 14:22:56,Cytation5,17,5.0,1.8,1.8,8.0,33.0,112.5,2.2,1.5,0.399,3.36,50.0,0.0,0.0,1.0,1.0,1.0,0.02,2.0,2000.0,7.7,0.031,32.9,0.329,113.1,0.452,2.187,0.219,1.506,0.151,0.4,1.231,3.375,0.964,5.407,3.377,1.216,10.0,Sample
2219,0 days 02:25:22,37.0,J11,325279,J,11,GFP-Gext,Plate 1,2026-03-19 14:27:56,Cytation5,17,5.0,1.8,1.8,8.0,33.0,112.5,2.2,1.5,0.399,3.36,50.0,0.0,0.0,1.0,1.0,1.0,0.02,2.0,2000.0,7.7,0.031,32.9,0.329,113.1,0.452,2.187,0.219,1.506,0.151,0.4,1.231,3.375,0.964,5.407,3.377,1.216,10.0,Sample
2220,0 days 02:30:22,37.1,J11,329886,J,11,GFP-Gext,Plate 1,2026-03-19 14:32:56,Cytation5,17,5.0,1.8,1.8,8.0,33.0,112.5,2.2,1.5,0.399,3.36,50.0,0.0,0.0,1.0,1.0,1.0,0.02,2.0,2000.0,7.7,0.031,32.9,0.329,113.1,0.452,2.187,0.219,1.506,0.151,0.4,1.231,3.375,0.964,5.407,3.377,1.216,10.0,Sample
2221,0 days 02:35:22,37.0,J11,333504,J,11,GFP-Gext,Plate 1,2026-03-19 14:37:56,Cytation5,17,5.0,1.8,1.8,8.0,33.0,112.5,2.2,1.5,0.399,3.36,50.0,0.0,0.0,1.0,1.0,1.0,0.02,2.0,2000.0,7.7,0.031,32.9,0.329,113.1,0.452,2.187,0.219,1.506,0.151,0.4,1.231,3.375,0.964,5.407,3.377,1.216,10.0,Sample
2222,0 days 02:40:22,37.0,J11,337041,J,11,GFP-Gext,Plate 1,2026-03-19 14:42:56,Cytation5,17,5.0,1.8,1.8,8.0,33.0,112.5,2.2,1.5,0.399,3.36,50.0,0.0,0.0,1.0,1.0,1.0,0.02,2.0,2000.0,7.7,0.031,32.9,0.329,113.1,0.452,2.187,0.219,1.506,0.151,0.4,1.231,3.375,0.964,5.407,3.377,1.216,10.0,Sample
2223,0 days 02:45:22,37.1,J11,339548,J,11,GFP-Gext,Plate 1,2026-03-19 14:47:56,Cytation5,17,5.0,1.8,1.8,8.0,33.0,112.5,2.2,1.5,0.399,3.36,50.0,0.0,0.0,1.0,1.0,1.0,0.02,2.0,2000.0,7.7,0.031,32.9,0.329,113.1,0.452,2.187,0.219,1.506,0.151,0.4,1.231,3.375,0.964,5.407,3.377,1.216,10.0,Sample
2224,0 days 02:50:22,37.0,J11,341350,J,11,GFP-Gext,Plate 1,2026-03-19 14:52:56,Cytation5,17,5.0,1.8,1.8,8.0,33.0,112.5,2.2,1.5,0.399,3.36,50.0,0.0,0.0,1.0,1.0,1.0,0.02,2.0,2000.0,7.7,0.031,32.9,0.329,113.1,0.452,2.187,0.219,1.506,0.151,0.4,1.231,3.375,0.964,5.407,3.377,1.216,10.0,Sample
2225,0 days 02:55:22,37.0,J11,344045,J,11,GFP-Gext,Plate 1,2026-03-19 14:57:56,Cytation5,17,5.0,1.8,1.8,8.0,33.0,112.5,2.2,1.5,0.399,3.36,50.0,0.0,0.0,1.0,1.0,1.0,0.02,2.0,2000.0,7.7,0.031,32.9,0.329,113.1,0.452,2.187,0.219,1.506,0.151,0.4,1.231,3.375,0.964,5.407,3.377,1.216,10.0,Sample
2226,0 days 03:00:22,37.0,J11,345747,J,11,GFP-Gext,Plate 1,2026-03-19 15:02:56,Cytation5,17,5.0,1.8,1.8,8.0,33.0,112.5,2.2,1.5,0.399,3.36,50.0,0.0,0.0,1.0,1.0,1.0,0.02,2.0,2000.0,7.7,0.031,32.9,0.329,113.1,0.452,2.187,0.219,1.506,0.151,0.4,1.231,3.375,0.964,5.407,3.377,1.216,10.0,Sample
2227,0 days 03:05:22,37.0,J11,348304,J,11,GFP-Gext,Plate 1,2026-03-19 15:07:56,Cytation5,17,5.0,1.8,1.8,8.0,33.0,112.5,2.2,1.5,0.399,3.36,50.0,0.0,0.0,1.0,1.0,1.0,0.02,2.0,2000.0,7.7,0.031,32.9,0.329,113.1,0.452,2.187,0.219,1.506,0.151,0.4,1.231,3.375,0.964,5.407,3.377,1.216,10.0,Sample
2228,0 days 03:10:22,37.0,J11,351070,J,11,GFP-Gext,Plate 1,2026-03-19 15:12:56,Cytation5,17,5.0,1.8,1.8,8.0,33.0,112.5,2.2,1.5,0.399,3.36,50.0,0.0,0.0,1.0,1.0,1.0,0.02,2.0,2000.0,7.7,0.031,32.9,0.329,113.1,0.452,2.187,0.219,1.506,0.151,0.4,1.231,3.375,0.964,5.407,3.377,1.216,10.0,Sample
2229,0 days 03:15:22,37.0,J11,352201,J,11,GFP-Gext,Plate 1,2026-03-19 15:17:56,Cytation5,17,5.0,1.8,1.8,8.0,33.0,112.5,2.2,1.5,0.399,3.36,50.0,0.0,0.0,1.0,1.0,1.0,0.02,2.0,2000.0,7.7,0.031,32.9,0.329,113.1,0.452,2.187,0.219,1.506,0.151,0.4,1.231,3.375,0.964,5.407,3.377,1.216,10.0,Sample
2230,0 days 03:20:22,37.0,J11,354721,J,11,GFP-Gext,Plate 1,2026-03-19 15:22:56,Cytation5,17,5.0,1.8,1.8,8.0,33.0,112.5,2.2,1.5,0.399,3.36,50.0,0.0,0.0,1.0,1.0,1.0,0.02,2.0,2000.0,7.7,0.031,32.9,0.329,113.1,0.452,2.187,0.219,1.506,0.151,0.4,1.231,3.375,0.964,5.407,3.377,1.216,10.0,Sample
2231,0 days 03:25:22,37.1,J11,354091,J,11,GFP-Gext,Plate 1,2026-03-19 15:27:56,Cytation5,17,5.0,1.8,1.8,8.0,33.0,112.5,2.2,1.5,0.399,3.36,50.0,0.0,0.0,1.0,1.0,1.0,0.02,2.0,2000.0,7.7,0.031,32.9,0.329,113.1,0.452,2.187,0.219,1.506,0.151,0.4,1.231,3.375,0.964,5.407,3.377,1.216,10.0,Sample
2232,0 days 03:30:22,36.9,J11,355602,J,11,GFP-Gext,Plate 1,2026-03-19 15:32:56,Cytation5,17,5.0,1.8,1.8,8.0,33.0,112.5,2.2,1.5,0.399,3.36,50.0,0.0,0.0,1.0,1.0,1.0,0.02,2.0,2000.0,7.7,0.031,32.9,0.329,113.1,0.452,2.187,0.219,1.506,0.151,0.4,1.231,3.375,0.964,5.407,3.377,1.216,10.0,Sample
2233,0 days 03:35:22,37.1,J11,357481,J,11,GFP-Gext,Plate 1,2026-03-19 15:37:56,Cytation5,17,5.0,1.8,1.8,8.0,33.0,112.5,2.2,1.5,0.399,3.36,50.0,0.0,0.0,1.0,1.0,1.0,0.02,2.0,2000.0,7.7,0.031,32.9,0.329,113.1,0.452,2.187,0.219,1.506,0.151,0.4,1.231,3.375,0.964,5.407,3.377,1.216,10.0,Sample
2234,0 days 03:40:22,37.0,J11,358613,J,11,GFP-Gext,Plate 1,2026-03-19 15:42:56,Cytation5,17,5.0,1.8,1.8,8.0,33.0,112.5,2.2,1.5,0.399,3.36,50.0,0.0,0.0,1.0,1.0,1.0,0.02,2.0,2000.0,7.7,0.031,32.9,0.329,113.1,0.452,2.187,0.219,1.506,0.151,0.4,1.231,3.375,0.964,5.407,3.377,1.216,10.0,Sample
2235,0 days 03:45:22,37.0,J11,359099,J,11,GFP-Gext,Plate 1,2026-03-19 15:47:56,Cytation5,17,5.0,1.8,1.8,8.0,33.0,112.5,2.2,1.5,0.399,3.36,50.0,0.0,0.0,1.0,1.0,1.0,0.02,2.0,2000.0,7.7,0.031,32.9,0.329,113.1,0.452,2.187,0.219,1.506,0.151,0.4,1.231,3.375,0.964,5.407,3.377,1.216,10.0,Sample
2236,0 days 03:50:22,37.0,J11,358279,J,11,GFP-Gext,Plate 1,2026-03-19 15:52:56,Cytation5,17,5.0,1.8,1.8,8.0,33.0,112.5,2.2,1.5,0.399,3.36,50.0,0.0,0.0,1.0,1.0,1.0,0.02,2.0,2000.0,7.7,0.031,32.9,0.329,113.1,0.452,2.187,0.219,1.506,0.151,0.4,1.231,3.375,0.964,5.407,3.377,1.216,10.0,Sample
2237,0 days 03:55:22,37.1,J11,359968,J,11,GFP-Gext,Plate 1,2026-03-19 15:57:56,Cytation5,17,5.0,1.8,1.8,8.0,33.0,112.5,2.2,1.5,0.399,3.36,50.0,0.0,0.0,1.0,1.0,1.0,0.02,2.0,2000.0,7.7,0.031,32.9,0.329,113.1,0.452,2.187,0.219,1.506,0.151,0.4,1.231,3.375,0.964,5.407,3.377,1.216,10.0,Sample
2238,0 days 04:00:22,37.0,J11,357923,J,11,GFP-Gext,Plate 1,2026-03-19 16:02:56,Cytation5,17,5.0,1.8,1.8,8.0,33.0,112.5,2.2,1.5,0.399,3.36,50.0,0.0,0.0,1.0,1.0,1.0,0.02,2.0,2000.0,7.7,0.031,32.9,0.329,113.1,0.452,2.187,0.219,1.506,0.151,0.4,1.231,3.375,0.964,5.407,3.377,1.216,10.0,Sample
2239,0 days 04:05:22,37.1,J11,360593,J,11,GFP-Gext,Plate 1,2026-03-19 16:07:56,Cytation5,17,5.0,1.8,1.8,8.0,33.0,112.5,2.2,1.5,0.399,3.36,50.0,0.0,0.0,1.0,1.0,1.0,0.02,2.0,2000.0,7.7,0.031,32.9,0.329,113.1,0.452,2.187,0.219,1.506,0.151,0.4,1.231,3.375,0.964,5.407,3.377,1.216,10.0,Sample
2240,0 days 04:10:22,37.0,J11,359439,J,11,GFP-Gext,Plate 1,2026-03-19 16:12:56,Cytation5,17,5.0,1.8,1.8,8.0,33.0,112.5,2.2,1.5,0.399,3.36,50.0,0.0,0.0,1.0,1.0,1.0,0.02,2.0,2000.0,7.7,0.031,32.9,0.329,113.1,0.452,2.187,0.219,1.506,0.151,0.4,1.231,3.375,0.964,5.407,3.377,1.216,10.0,Sample
2241,0 days 04:15:22,37.0,J11,360362,J,11,GFP-Gext,Plate 1,2026-03-19 16:17:56,Cytation5,17,5.0,1.8,1.8,8.0,33.0,112.5,2.2,1.5,0.399,3.36,50.0,0.0,0.0,1.0,1.0,1.0,0.02,2.0,2000.0,7.7,0.031,32.9,0.329,113.1,0.452,2.187,0.219,1.506,0.151,0.4,1.231,3.375,0.964,5.407,3.377,1.216,10.0,Sample
2242,0 days 04:20:22,37.0,J11,361401,J,11,GFP-Gext,Plate 1,2026-03-19 16:22:56,Cytation5,17,5.0,1.8,1.8,8.0,33.0,112.5,2.2,1.5,0.399,3.36,50.0,0.0,0.0,1.0,1.0,1.0,0.02,2.0,2000.0,7.7,0.031,32.9,0.329,113.1,0.452,2.187,0.219,1.506,0.151,0.4,1.231,3.375,0.964,5.407,3.377,1.216,10.0,Sample
2243,0 days 04:25:22,37.1,J11,360130,J,11,GFP-Gext,Plate 1,2026-03-19 16:27:56,Cytation5,17,5.0,1.8,1.8,8.0,33.0,112.5,2.2,1.5,0.399,3.36,50.0,0.0,0.0,1.0,1.0,1.0,0.02,2.0,2000.0,7.7,0.031,32.9,0.329,113.1,0.452,2.187,0.219,1.506,0.151,0.4,1.231,3.375,0.964,5.407,3.377,1.216,10.0,Sample
2244,0 days 04:30:22,37.0,J11,360273,J,11,GFP-Gext,Plate 1,2026-03-19 16:32:56,Cytation5,17,5.0,1.8,1.8,8.0,33.0,112.5,2.2,1.5,0.399,3.36,50.0,0.0,0.0,1.0,1.0,1.0,0.02,2.0,2000.0,7.7,0.031,32.9,0.329,113.1,0.452,2.187,0.219,1.506,0.151,0.4,1.231,3.375,0.964,5.407,3.377,1.216,10.0,Sample
2245,0 days 04:35:22,37.0,J11,359030,J,11,GFP-Gext,Plate 1,2026-03-19 16:37:56,Cytation5,17,5.0,1.8,1.8,8.0,33.0,112.5,2.2,1.5,0.399,3.36,50.0,0.0,0.0,1.0,1.0,1.0,0.02,2.0,2000.0,7.7,0.031,32.9,0.329,113.1,0.452,2.187,0.219,1.506,0.151,0.4,1.231,3.375,0.964,5.407,3.377,1.216,10.0,Sample
2246,0 days 04:40:22,37.0,J11,360517,J,11,GFP-Gext,Plate 1,2026-03-19 16:42:56,Cytation5,17,5.0,1.8,1.8,8.0,33.0,112.5,2.2,1.5,0.399,3.36,50.0,0.0,0.0,1.0,1.0,1.0,0.02,2.0,2000.0,7.7,0.031,32.9,0.329,113.1,0.452,2.187,0.219,1.506,0.151,0.4,1.231,3.375,0.964,5.407,3.377,1.216,10.0,Sample
2247,0 days 04:45:22,37.0,J11,358633,J,11,GFP-Gext,Plate 1,2026-03-19 16:47:56,Cytation5,17,5.0,1.8,1.8,8.0,33.0,112.5,2.2,1.5,0.399,3.36,50.0,0.0,0.0,1.0,1.0,1.0,0.02,2.0,2000.0,7.7,0.031,32.9,0.329,113.1,0.452,2.187,0.219,1.506,0.151,0.4,1.231,3.375,0.964,5.407,3.377,1.216,10.0,Sample
2248,0 days 04:50:22,37.0,J11,360319,J,11,GFP-Gext,Plate 1,2026-03-19 16:52:56,Cytation5,17,5.0,1.8,1.8,8.0,33.0,112.5,2.2,1.5,0.399,3.36,50.0,0.0,0.0,1.0,1.0,1.0,0.02,2.0,2000.0,7.7,0.031,32.9,0.329,113.1,0.452,2.187,0.219,1.506,0.151,0.4,1.231,3.375,0.964,5.407,3.377,1.216,10.0,Sample
2249,0 days 04:55:22,37.1,J11,359862,J,11,GFP-Gext,Plate 1,2026-03-19 16:57:56,Cytation5,17,5.0,1.8,1.8,8.0,33.0,112.5,2.2,1.5,0.399,3.36,50.0,0.0,0.0,1.0,1.0,1.0,0.02,2.0,2000.0,7.7,0.031,32.9,0.329,113.1,0.452,2.187,0.219,1.506,0.151,0.4,1.231,3.375,0.964,5.407,3.377,1.216,10.0,Sample
2250,0 days 05:00:22,37.1,J11,359469,J,11,GFP-Gext,Plate 1,2026-03-19 17:02:56,Cytation5,17,5.0,1.8,1.8,8.0,33.0,112.5,2.2,1.5,0.399,3.36,50.0,0.0,0.0,1.0,1.0,1.0,0.02,2.0,2000.0,7.7,0.031,32.9,0.329,113.1,0.452,2.187,0.219,1.506,0.151,0.4,1.231,3.375,0.964,5.407,3.377,1.216,10.0,Sample
2251,0 days 05:05:22,37.0,J11,358804,J,11,GFP-Gext,Plate 1,2026-03-19 17:07:56,Cytation5,17,5.0,1.8,1.8,8.0,33.0,112.5,2.2,1.5,0.399,3.36,50.0,0.0,0.0,1.0,1.0,1.0,0.02,2.0,2000.0,7.7,0.031,32.9,0.329,113.1,0.452,2.187,0.219,1.506,0.151,0.4,1.231,3.375,0.964,5.407,3.377,1.216,10.0,Sample
2252,0 days 05:10:22,37.0,J11,359711,J,11,GFP-Gext,Plate 1,2026-03-19 17:12:56,Cytation5,17,5.0,1.8,1.8,8.0,33.0,112.5,2.2,1.5,0.399,3.36,50.0,0.0,0.0,1.0,1.0,1.0,0.02,2.0,2000.0,7.7,0.031,32.9,0.329,113.1,0.452,2.187,0.219,1.506,0.151,0.4,1.231,3.375,0.964,5.407,3.377,1.216,10.0,Sample
2253,0 days 05:15:22,37.1,J11,358341,J,11,GFP-Gext,Plate 1,2026-03-19 17:17:56,Cytation5,17,5.0,1.8,1.8,8.0,33.0,112.5,2.2,1.5,0.399,3.36,50.0,0.0,0.0,1.0,1.0,1.0,0.02,2.0,2000.0,7.7,0.031,32.9,0.329,113.1,0.452,2.187,0.219,1.506,0.151,0.4,1.231,3.375,0.964,5.407,3.377,1.216,10.0,Sample
2254,0 days 05:20:22,37.0,J11,359098,J,11,GFP-Gext,Plate 1,2026-03-19 17:22:56,Cytation5,17,5.0,1.8,1.8,8.0,33.0,112.5,2.2,1.5,0.399,3.36,50.0,0.0,0.0,1.0,1.0,1.0,0.02,2.0,2000.0,7.7,0.031,32.9,0.329,113.1,0.452,2.187,0.219,1.506,0.151,0.4,1.231,3.375,0.964,5.407,3.377,1.216,10.0,Sample
2255,0 days 05:25:22,37.0,J11,357313,J,11,GFP-Gext,Plate 1,2026-03-19 17:27:56,Cytation5,17,5.0,1.8,1.8,8.0,33.0,112.5,2.2,1.5,0.399,3.36,50.0,0.0,0.0,1.0,1.0,1.0,0.02,2.0,2000.0,7.7,0.031,32.9,0.329,113.1,0.452,2.187,0.219,1.506,0.151,0.4,1.231,3.375,0.964,5.407,3.377,1.216,10.0,Sample
2256,0 days 05:30:22,37.0,J11,358657,J,11,GFP-Gext,Plate 1,2026-03-19 17:32:56,Cytation5,17,5.0,1.8,1.8,8.0,33.0,112.5,2.2,1.5,0.399,3.36,50.0,0.0,0.0,1.0,1.0,1.0,0.02,2.0,2000.0,7.7,0.031,32.9,0.329,113.1,0.452,2.187,0.219,1.506,0.151,0.4,1.231,3.375,0.964,5.407,3.377,1.216,10.0,Sample
2257,0 days 05:35:22,37.0,J11,358024,J,11,GFP-Gext,Plate 1,2026-03-19 17:37:56,Cytation5,17,5.0,1.8,1.8,8.0,33.0,112.5,2.2,1.5,0.399,3.36,50.0,0.0,0.0,1.0,1.0,1.0,0.02,2.0,2000.0,7.7,0.031,32.9,0.329,113.1,0.452,2.187,0.219,1.506,0.151,0.4,1.231,3.375,0.964,5.407,3.377,1.216,10.0,Sample
2258,0 days 05:40:22,37.0,J11,358813,J,11,GFP-Gext,Plate 1,2026-03-19 17:42:56,Cytation5,17,5.0,1.8,1.8,8.0,33.0,112.5,2.2,1.5,0.399,3.36,50.0,0.0,0.0,1.0,1.0,1.0,0.02,2.0,2000.0,7.7,0.031,32.9,0.329,113.1,0.452,2.187,0.219,1.506,0.151,0.4,1.231,3.375,0.964,5.407,3.377,1.216,10.0,Sample
2259,0 days 05:45:22,37.0,J11,357937,J,11,GFP-Gext,Plate 1,2026-03-19 17:47:56,Cytation5,17,5.0,1.8,1.8,8.0,33.0,112.5,2.2,1.5,0.399,3.36,50.0,0.0,0.0,1.0,1.0,1.0,0.02,2.0,2000.0,7.7,0.031,32.9,0.329,113.1,0.452,2.187,0.219,1.506,0.151,0.4,1.231,3.375,0.964,5.407,3.377,1.216,10.0,Sample
2260,0 days 05:50:22,37.0,J11,358547,J,11,GFP-Gext,Plate 1,2026-03-19 17:52:56,Cytation5,17,5.0,1.8,1.8,8.0,33.0,112.5,2.2,1.5,0.399,3.36,50.0,0.0,0.0,1.0,1.0,1.0,0.02,2.0,2000.0,7.7,0.031,32.9,0.329,113.1,0.452,2.187,0.219,1.506,0.151,0.4,1.231,3.375,0.964,5.407,3.377,1.216,10.0,Sample
2261,0 days 05:55:22,37.0,J11,356185,J,11,GFP-Gext,Plate 1,2026-03-19 17:57:56,Cytation5,17,5.0,1.8,1.8,8.0,33.0,112.5,2.2,1.5,0.399,3.36,50.0,0.0,0.0,1.0,1.0,1.0,0.02,2.0,2000.0,7.7,0.031,32.9,0.329,113.1,0.452,2.187,0.219,1.506,0.151,0.4,1.231,3.375,0.964,5.407,3.377,1.216,10.0,Sample
2262,0 days 06:00:22,37.0,J11,356189,J,11,GFP-Gext,Plate 1,2026-03-19 18:02:56,Cytation5,17,5.0,1.8,1.8,8.0,33.0,112.5,2.2,1.5,0.399,3.36,50.0,0.0,0.0,1.0,1.0,1.0,0.02,2.0,2000.0,7.7,0.031,32.9,0.329,113.1,0.452,2.187,0.219,1.506,0.151,0.4,1.231,3.375,0.964,5.407,3.377,1.216,10.0,Sample
2263,0 days 00:00:22,27.7,J12,406,J,12,GFP-Gext,Plate 1,2026-03-19 12:02:56,Cytation5,1,5.0,1.8,1.8,8.0,22.0,97.5,1.9,2.3,0.399,3.15,50.0,0.0,0.0,1.0,1.0,1.0,0.02,2.0,2000.0,7.6,0.03,21.8,0.218,98.4,0.394,1.947,0.195,2.263,0.226,0.4,1.231,3.14,0.897,5.407,3.191,1.402,10.0,Sample
2264,0 days 00:05:22,33.8,J12,399,J,12,GFP-Gext,Plate 1,2026-03-19 12:07:56,Cytation5,1,5.0,1.8,1.8,8.0,22.0,97.5,1.9,2.3,0.399,3.15,50.0,0.0,0.0,1.0,1.0,1.0,0.02,2.0,2000.0,7.6,0.03,21.8,0.218,98.4,0.394,1.947,0.195,2.263,0.226,0.4,1.231,3.14,0.897,5.407,3.191,1.402,10.0,Sample
2265,0 days 00:10:22,37.0,J12,889,J,12,GFP-Gext,Plate 1,2026-03-19 12:12:56,Cytation5,1,5.0,1.8,1.8,8.0,22.0,97.5,1.9,2.3,0.399,3.15,50.0,0.0,0.0,1.0,1.0,1.0,0.02,2.0,2000.0,7.6,0.03,21.8,0.218,98.4,0.394,1.947,0.195,2.263,0.226,0.4,1.231,3.14,0.897,5.407,3.191,1.402,10.0,Sample
2266,0 days 00:15:22,37.0,J12,4067,J,12,GFP-Gext,Plate 1,2026-03-19 12:17:56,Cytation5,1,5.0,1.8,1.8,8.0,22.0,97.5,1.9,2.3,0.399,3.15,50.0,0.0,0.0,1.0,1.0,1.0,0.02,2.0,2000.0,7.6,0.03,21.8,0.218,98.4,0.394,1.947,0.195,2.263,0.226,0.4,1.231,3.14,0.897,5.407,3.191,1.402,10.0,Sample
2267,0 days 00:20:22,37.0,J12,11885,J,12,GFP-Gext,Plate 1,2026-03-19 12:22:56,Cytation5,1,5.0,1.8,1.8,8.0,22.0,97.5,1.9,2.3,0.399,3.15,50.0,0.0,0.0,1.0,1.0,1.0,0.02,2.0,2000.0,7.6,0.03,21.8,0.218,98.4,0.394,1.947,0.195,2.263,0.226,0.4,1.231,3.14,0.897,5.407,3.191,1.402,10.0,Sample
2268,0 days 00:25:22,37.1,J12,24335,J,12,GFP-Gext,Plate 1,2026-03-19 12:27:56,Cytation5,1,5.0,1.8,1.8,8.0,22.0,97.5,1.9,2.3,0.399,3.15,50.0,0.0,0.0,1.0,1.0,1.0,0.02,2.0,2000.0,7.6,0.03,21.8,0.218,98.4,0.394,1.947,0.195,2.263,0.226,0.4,1.231,3.14,0.897,5.407,3.191,1.402,10.0,Sample
2269,0 days 00:30:22,37.0,J12,41156,J,12,GFP-Gext,Plate 1,2026-03-19 12:32:56,Cytation5,1,5.0,1.8,1.8,8.0,22.0,97.5,1.9,2.3,0.399,3.15,50.0,0.0,0.0,1.0,1.0,1.0,0.02,2.0,2000.0,7.6,0.03,21.8,0.218,98.4,0.394,1.947,0.195,2.263,0.226,0.4,1.231,3.14,0.897,5.407,3.191,1.402,10.0,Sample
2270,0 days 00:35:22,37.0,J12,60698,J,12,GFP-Gext,Plate 1,2026-03-19 12:37:56,Cytation5,1,5.0,1.8,1.8,8.0,22.0,97.5,1.9,2.3,0.399,3.15,50.0,0.0,0.0,1.0,1.0,1.0,0.02,2.0,2000.0,7.6,0.03,21.8,0.218,98.4,0.394,1.947,0.195,2.263,0.226,0.4,1.231,3.14,0.897,5.407,3.191,1.402,10.0,Sample
2271,0 days 00:40:22,37.0,J12,81425,J,12,GFP-Gext,Plate 1,2026-03-19 12:42:56,Cytation5,1,5.0,1.8,1.8,8.0,22.0,97.5,1.9,2.3,0.399,3.15,50.0,0.0,0.0,1.0,1.0,1.0,0.02,2.0,2000.0,7.6,0.03,21.8,0.218,98.4,0.394,1.947,0.195,2.263,0.226,0.4,1.231,3.14,0.897,5.407,3.191,1.402,10.0,Sample
2272,0 days 00:45:22,36.9,J12,105157,J,12,GFP-Gext,Plate 1,2026-03-19 12:47:56,Cytation5,1,5.0,1.8,1.8,8.0,22.0,97.5,1.9,2.3,0.399,3.15,50.0,0.0,0.0,1.0,1.0,1.0,0.02,2.0,2000.0,7.6,0.03,21.8,0.218,98.4,0.394,1.947,0.195,2.263,0.226,0.4,1.231,3.14,0.897,5.407,3.191,1.402,10.0,Sample
2273,0 days 00:50:22,37.0,J12,131176,J,12,GFP-Gext,Plate 1,2026-03-19 12:52:56,Cytation5,1,5.0,1.8,1.8,8.0,22.0,97.5,1.9,2.3,0.399,3.15,50.0,0.0,0.0,1.0,1.0,1.0,0.02,2.0,2000.0,7.6,0.03,21.8,0.218,98.4,0.394,1.947,0.195,2.263,0.226,0.4,1.231,3.14,0.897,5.407,3.191,1.402,10.0,Sample
2274,0 days 00:55:22,37.0,J12,157997,J,12,GFP-Gext,Plate 1,2026-03-19 12:57:56,Cytation5,1,5.0,1.8,1.8,8.0,22.0,97.5,1.9,2.3,0.399,3.15,50.0,0.0,0.0,1.0,1.0,1.0,0.02,2.0,2000.0,7.6,0.03,21.8,0.218,98.4,0.394,1.947,0.195,2.263,0.226,0.4,1.231,3.14,0.897,5.407,3.191,1.402,10.0,Sample
2275,0 days 01:00:22,37.0,J12,182314,J,12,GFP-Gext,Plate 1,2026-03-19 13:02:56,Cytation5,1,5.0,1.8,1.8,8.0,22.0,97.5,1.9,2.3,0.399,3.15,50.0,0.0,0.0,1.0,1.0,1.0,0.02,2.0,2000.0,7.6,0.03,21.8,0.218,98.4,0.394,1.947,0.195,2.263,0.226,0.4,1.231,3.14,0.897,5.407,3.191,1.402,10.0,Sample
2276,0 days 01:05:22,37.0,J12,202224,J,12,GFP-Gext,Plate 1,2026-03-19 13:07:56,Cytation5,1,5.0,1.8,1.8,8.0,22.0,97.5,1.9,2.3,0.399,3.15,50.0,0.0,0.0,1.0,1.0,1.0,0.02,2.0,2000.0,7.6,0.03,21.8,0.218,98.4,0.394,1.947,0.195,2.263,0.226,0.4,1.231,3.14,0.897,5.407,3.191,1.402,10.0,Sample
2277,0 days 01:10:22,37.0,J12,217238,J,12,GFP-Gext,Plate 1,2026-03-19 13:12:56,Cytation5,1,5.0,1.8,1.8,8.0,22.0,97.5,1.9,2.3,0.399,3.15,50.0,0.0,0.0,1.0,1.0,1.0,0.02,2.0,2000.0,7.6,0.03,21.8,0.218,98.4,0.394,1.947,0.195,2.263,0.226,0.4,1.231,3.14,0.897,5.407,3.191,1.402,10.0,Sample
2278,0 days 01:15:22,37.0,J12,232730,J,12,GFP-Gext,Plate 1,2026-03-19 13:17:56,Cytation5,1,5.0,1.8,1.8,8.0,22.0,97.5,1.9,2.3,0.399,3.15,50.0,0.0,0.0,1.0,1.0,1.0,0.02,2.0,2000.0,7.6,0.03,21.8,0.218,98.4,0.394,1.947,0.195,2.263,0.226,0.4,1.231,3.14,0.897,5.407,3.191,1.402,10.0,Sample
2279,0 days 01:20:22,37.0,J12,247879,J,12,GFP-Gext,Plate 1,2026-03-19 13:22:56,Cytation5,1,5.0,1.8,1.8,8.0,22.0,97.5,1.9,2.3,0.399,3.15,50.0,0.0,0.0,1.0,1.0,1.0,0.02,2.0,2000.0,7.6,0.03,21.8,0.218,98.4,0.394,1.947,0.195,2.263,0.226,0.4,1.231,3.14,0.897,5.407,3.191,1.402,10.0,Sample
2280,0 days 01:25:22,37.1,J12,259281,J,12,GFP-Gext,Plate 1,2026-03-19 13:27:56,Cytation5,1,5.0,1.8,1.8,8.0,22.0,97.5,1.9,2.3,0.399,3.15,50.0,0.0,0.0,1.0,1.0,1.0,0.02,2.0,2000.0,7.6,0.03,21.8,0.218,98.4,0.394,1.947,0.195,2.263,0.226,0.4,1.231,3.14,0.897,5.407,3.191,1.402,10.0,Sample
2281,0 days 01:30:22,37.1,J12,273348,J,12,GFP-Gext,Plate 1,2026-03-19 13:32:56,Cytation5,1,5.0,1.8,1.8,8.0,22.0,97.5,1.9,2.3,0.399,3.15,50.0,0.0,0.0,1.0,1.0,1.0,0.02,2.0,2000.0,7.6,0.03,21.8,0.218,98.4,0.394,1.947,0.195,2.263,0.226,0.4,1.231,3.14,0.897,5.407,3.191,1.402,10.0,Sample
2282,0 days 01:35:22,37.0,J12,286376,J,12,GFP-Gext,Plate 1,2026-03-19 13:37:56,Cytation5,1,5.0,1.8,1.8,8.0,22.0,97.5,1.9,2.3,0.399,3.15,50.0,0.0,0.0,1.0,1.0,1.0,0.02,2.0,2000.0,7.6,0.03,21.8,0.218,98.4,0.394,1.947,0.195,2.263,0.226,0.4,1.231,3.14,0.897,5.407,3.191,1.402,10.0,Sample
2283,0 days 01:40:22,37.0,J12,298223,J,12,GFP-Gext,Plate 1,2026-03-19 13:42:56,Cytation5,1,5.0,1.8,1.8,8.0,22.0,97.5,1.9,2.3,0.399,3.15,50.0,0.0,0.0,1.0,1.0,1.0,0.02,2.0,2000.0,7.6,0.03,21.8,0.218,98.4,0.394,1.947,0.195,2.263,0.226,0.4,1.231,3.14,0.897,5.407,3.191,1.402,10.0,Sample
2284,0 days 01:45:22,37.0,J12,308439,J,12,GFP-Gext,Plate 1,2026-03-19 13:47:56,Cytation5,1,5.0,1.8,1.8,8.0,22.0,97.5,1.9,2.3,0.399,3.15,50.0,0.0,0.0,1.0,1.0,1.0,0.02,2.0,2000.0,7.6,0.03,21.8,0.218,98.4,0.394,1.947,0.195,2.263,0.226,0.4,1.231,3.14,0.897,5.407,3.191,1.402,10.0,Sample
2285,0 days 01:50:22,36.9,J12,320144,J,12,GFP-Gext,Plate 1,2026-03-19 13:52:56,Cytation5,1,5.0,1.8,1.8,8.0,22.0,97.5,1.9,2.3,0.399,3.15,50.0,0.0,0.0,1.0,1.0,1.0,0.02,2.0,2000.0,7.6,0.03,21.8,0.218,98.4,0.394,1.947,0.195,2.263,0.226,0.4,1.231,3.14,0.897,5.407,3.191,1.402,10.0,Sample
2286,0 days 01:55:22,37.0,J12,329358,J,12,GFP-Gext,Plate 1,2026-03-19 13:57:56,Cytation5,1,5.0,1.8,1.8,8.0,22.0,97.5,1.9,2.3,0.399,3.15,50.0,0.0,0.0,1.0,1.0,1.0,0.02,2.0,2000.0,7.6,0.03,21.8,0.218,98.4,0.394,1.947,0.195,2.263,0.226,0.4,1.231,3.14,0.897,5.407,3.191,1.402,10.0,Sample
2287,0 days 02:00:22,37.0,J12,338870,J,12,GFP-Gext,Plate 1,2026-03-19 14:02:56,Cytation5,1,5.0,1.8,1.8,8.0,22.0,97.5,1.9,2.3,0.399,3.15,50.0,0.0,0.0,1.0,1.0,1.0,0.02,2.0,2000.0,7.6,0.03,21.8,0.218,98.4,0.394,1.947,0.195,2.263,0.226,0.4,1.231,3.14,0.897,5.407,3.191,1.402,10.0,Sample
2288,0 days 02:05:22,37.0,J12,344458,J,12,GFP-Gext,Plate 1,2026-03-19 14:07:56,Cytation5,1,5.0,1.8,1.8,8.0,22.0,97.5,1.9,2.3,0.399,3.15,50.0,0.0,0.0,1.0,1.0,1.0,0.02,2.0,2000.0,7.6,0.03,21.8,0.218,98.4,0.394,1.947,0.195,2.263,0.226,0.4,1.231,3.14,0.897,5.407,3.191,1.402,10.0,Sample
2289,0 days 02:10:22,37.0,J12,353915,J,12,GFP-Gext,Plate 1,2026-03-19 14:12:56,Cytation5,1,5.0,1.8,1.8,8.0,22.0,97.5,1.9,2.3,0.399,3.15,50.0,0.0,0.0,1.0,1.0,1.0,0.02,2.0,2000.0,7.6,0.03,21.8,0.218,98.4,0.394,1.947,0.195,2.263,0.226,0.4,1.231,3.14,0.897,5.407,3.191,1.402,10.0,Sample
2290,0 days 02:15:22,37.0,J12,359998,J,12,GFP-Gext,Plate 1,2026-03-19 14:17:56,Cytation5,1,5.0,1.8,1.8,8.0,22.0,97.5,1.9,2.3,0.399,3.15,50.0,0.0,0.0,1.0,1.0,1.0,0.02,2.0,2000.0,7.6,0.03,21.8,0.218,98.4,0.394,1.947,0.195,2.263,0.226,0.4,1.231,3.14,0.897,5.407,3.191,1.402,10.0,Sample
2291,0 days 02:20:22,37.0,J12,395801,J,12,GFP-Gext,Plate 1,2026-03-19 14:22:56,Cytation5,1,5.0,1.8,1.8,8.0,22.0,97.5,1.9,2.3,0.399,3.15,50.0,0.0,0.0,1.0,1.0,1.0,0.02,2.0,2000.0,7.6,0.03,21.8,0.218,98.4,0.394,1.947,0.195,2.263,0.226,0.4,1.231,3.14,0.897,5.407,3.191,1.402,10.0,Sample
2292,0 days 02:25:22,37.0,J12,404538,J,12,GFP-Gext,Plate 1,2026-03-19 14:27:56,Cytation5,1,5.0,1.8,1.8,8.0,22.0,97.5,1.9,2.3,0.399,3.15,50.0,0.0,0.0,1.0,1.0,1.0,0.02,2.0,2000.0,7.6,0.03,21.8,0.218,98.4,0.394,1.947,0.195,2.263,0.226,0.4,1.231,3.14,0.897,5.407,3.191,1.402,10.0,Sample
2293,0 days 02:30:22,37.1,J12,409157,J,12,GFP-Gext,Plate 1,2026-03-19 14:32:56,Cytation5,1,5.0,1.8,1.8,8.0,22.0,97.5,1.9,2.3,0.399,3.15,50.0,0.0,0.0,1.0,1.0,1.0,0.02,2.0,2000.0,7.6,0.03,21.8,0.218,98.4,0.394,1.947,0.195,2.263,0.226,0.4,1.231,3.14,0.897,5.407,3.191,1.402,10.0,Sample
2294,0 days 02:35:22,37.0,J12,415092,J,12,GFP-Gext,Plate 1,2026-03-19 14:37:56,Cytation5,1,5.0,1.8,1.8,8.0,22.0,97.5,1.9,2.3,0.399,3.15,50.0,0.0,0.0,1.0,1.0,1.0,0.02,2.0,2000.0,7.6,0.03,21.8,0.218,98.4,0.394,1.947,0.195,2.263,0.226,0.4,1.231,3.14,0.897,5.407,3.191,1.402,10.0,Sample
2295,0 days 02:40:22,37.0,J12,419736,J,12,GFP-Gext,Plate 1,2026-03-19 14:42:56,Cytation5,1,5.0,1.8,1.8,8.0,22.0,97.5,1.9,2.3,0.399,3.15,50.0,0.0,0.0,1.0,1.0,1.0,0.02,2.0,2000.0,7.6,0.03,21.8,0.218,98.4,0.394,1.947,0.195,2.263,0.226,0.4,1.231,3.14,0.897,5.407,3.191,1.402,10.0,Sample
2296,0 days 02:45:22,37.1,J12,425678,J,12,GFP-Gext,Plate 1,2026-03-19 14:47:56,Cytation5,1,5.0,1.8,1.8,8.0,22.0,97.5,1.9,2.3,0.399,3.15,50.0,0.0,0.0,1.0,1.0,1.0,0.02,2.0,2000.0,7.6,0.03,21.8,0.218,98.4,0.394,1.947,0.195,2.263,0.226,0.4,1.231,3.14,0.897,5.407,3.191,1.402,10.0,Sample
2297,0 days 02:50:22,37.0,J12,426711,J,12,GFP-Gext,Plate 1,2026-03-19 14:52:56,Cytation5,1,5.0,1.8,1.8,8.0,22.0,97.5,1.9,2.3,0.399,3.15,50.0,0.0,0.0,1.0,1.0,1.0,0.02,2.0,2000.0,7.6,0.03,21.8,0.218,98.4,0.394,1.947,0.195,2.263,0.226,0.4,1.231,3.14,0.897,5.407,3.191,1.402,10.0,Sample
2298,0 days 02:55:22,37.0,J12,432413,J,12,GFP-Gext,Plate 1,2026-03-19 14:57:56,Cytation5,1,5.0,1.8,1.8,8.0,22.0,97.5,1.9,2.3,0.399,3.15,50.0,0.0,0.0,1.0,1.0,1.0,0.02,2.0,2000.0,7.6,0.03,21.8,0.218,98.4,0.394,1.947,0.195,2.263,0.226,0.4,1.231,3.14,0.897,5.407,3.191,1.402,10.0,Sample
2299,0 days 03:00:22,37.0,J12,439536,J,12,GFP-Gext,Plate 1,2026-03-19 15:02:56,Cytation5,1,5.0,1.8,1.8,8.0,22.0,97.5,1.9,2.3,0.399,3.15,50.0,0.0,0.0,1.0,1.0,1.0,0.02,2.0,2000.0,7.6,0.03,21.8,0.218,98.4,0.394,1.947,0.195,2.263,0.226,0.4,1.231,3.14,0.897,5.407,3.191,1.402,10.0,Sample
2300,0 days 03:05:22,37.0,J12,439483,J,12,GFP-Gext,Plate 1,2026-03-19 15:07:56,Cytation5,1,5.0,1.8,1.8,8.0,22.0,97.5,1.9,2.3,0.399,3.15,50.0,0.0,0.0,1.0,1.0,1.0,0.02,2.0,2000.0,7.6,0.03,21.8,0.218,98.4,0.394,1.947,0.195,2.263,0.226,0.4,1.231,3.14,0.897,5.407,3.191,1.402,10.0,Sample
2301,0 days 03:10:22,37.0,J12,440876,J,12,GFP-Gext,Plate 1,2026-03-19 15:12:56,Cytation5,1,5.0,1.8,1.8,8.0,22.0,97.5,1.9,2.3,0.399,3.15,50.0,0.0,0.0,1.0,1.0,1.0,0.02,2.0,2000.0,7.6,0.03,21.8,0.218,98.4,0.394,1.947,0.195,2.263,0.226,0.4,1.231,3.14,0.897,5.407,3.191,1.402,10.0,Sample
2302,0 days 03:15:22,37.0,J12,444135,J,12,GFP-Gext,Plate 1,2026-03-19 15:17:56,Cytation5,1,5.0,1.8,1.8,8.0,22.0,97.5,1.9,2.3,0.399,3.15,50.0,0.0,0.0,1.0,1.0,1.0,0.02,2.0,2000.0,7.6,0.03,21.8,0.218,98.4,0.394,1.947,0.195,2.263,0.226,0.4,1.231,3.14,0.897,5.407,3.191,1.402,10.0,Sample
2303,0 days 03:20:22,37.0,J12,447438,J,12,GFP-Gext,Plate 1,2026-03-19 15:22:56,Cytation5,1,5.0,1.8,1.8,8.0,22.0,97.5,1.9,2.3,0.399,3.15,50.0,0.0,0.0,1.0,1.0,1.0,0.02,2.0,2000.0,7.6,0.03,21.8,0.218,98.4,0.394,1.947,0.195,2.263,0.226,0.4,1.231,3.14,0.897,5.407,3.191,1.402,10.0,Sample
2304,0 days 03:25:22,37.1,J12,446988,J,12,GFP-Gext,Plate 1,2026-03-19 15:27:56,Cytation5,1,5.0,1.8,1.8,8.0,22.0,97.5,1.9,2.3,0.399,3.15,50.0,0.0,0.0,1.0,1.0,1.0,0.02,2.0,2000.0,7.6,0.03,21.8,0.218,98.4,0.394,1.947,0.195,2.263,0.226,0.4,1.231,3.14,0.897,5.407,3.191,1.402,10.0,Sample
2305,0 days 03:30:22,36.9,J12,448274,J,12,GFP-Gext,Plate 1,2026-03-19 15:32:56,Cytation5,1,5.0,1.8,1.8,8.0,22.0,97.5,1.9,2.3,0.399,3.15,50.0,0.0,0.0,1.0,1.0,1.0,0.02,2.0,2000.0,7.6,0.03,21.8,0.218,98.4,0.394,1.947,0.195,2.263,0.226,0.4,1.231,3.14,0.897,5.407,3.191,1.402,10.0,Sample
2306,0 days 03:35:22,37.1,J12,451544,J,12,GFP-Gext,Plate 1,2026-03-19 15:37:56,Cytation5,1,5.0,1.8,1.8,8.0,22.0,97.5,1.9,2.3,0.399,3.15,50.0,0.0,0.0,1.0,1.0,1.0,0.02,2.0,2000.0,7.6,0.03,21.8,0.218,98.4,0.394,1.947,0.195,2.263,0.226,0.4,1.231,3.14,0.897,5.407,3.191,1.402,10.0,Sample
2307,0 days 03:40:22,37.0,J12,451721,J,12,GFP-Gext,Plate 1,2026-03-19 15:42:56,Cytation5,1,5.0,1.8,1.8,8.0,22.0,97.5,1.9,2.3,0.399,3.15,50.0,0.0,0.0,1.0,1.0,1.0,0.02,2.0,2000.0,7.6,0.03,21.8,0.218,98.4,0.394,1.947,0.195,2.263,0.226,0.4,1.231,3.14,0.897,5.407,3.191,1.402,10.0,Sample
2308,0 days 03:45:22,37.0,J12,451235,J,12,GFP-Gext,Plate 1,2026-03-19 15:47:56,Cytation5,1,5.0,1.8,1.8,8.0,22.0,97.5,1.9,2.3,0.399,3.15,50.0,0.0,0.0,1.0,1.0,1.0,0.02,2.0,2000.0,7.6,0.03,21.8,0.218,98.4,0.394,1.947,0.195,2.263,0.226,0.4,1.231,3.14,0.897,5.407,3.191,1.402,10.0,Sample
2309,0 days 03:50:22,37.0,J12,451291,J,12,GFP-Gext,Plate 1,2026-03-19 15:52:56,Cytation5,1,5.0,1.8,1.8,8.0,22.0,97.5,1.9,2.3,0.399,3.15,50.0,0.0,0.0,1.0,1.0,1.0,0.02,2.0,2000.0,7.6,0.03,21.8,0.218,98.4,0.394,1.947,0.195,2.263,0.226,0.4,1.231,3.14,0.897,5.407,3.191,1.402,10.0,Sample
2310,0 days 03:55:22,37.1,J12,454034,J,12,GFP-Gext,Plate 1,2026-03-19 15:57:56,Cytation5,1,5.0,1.8,1.8,8.0,22.0,97.5,1.9,2.3,0.399,3.15,50.0,0.0,0.0,1.0,1.0,1.0,0.02,2.0,2000.0,7.6,0.03,21.8,0.218,98.4,0.394,1.947,0.195,2.263,0.226,0.4,1.231,3.14,0.897,5.407,3.191,1.402,10.0,Sample
2311,0 days 04:00:22,37.0,J12,450526,J,12,GFP-Gext,Plate 1,2026-03-19 16:02:56,Cytation5,1,5.0,1.8,1.8,8.0,22.0,97.5,1.9,2.3,0.399,3.15,50.0,0.0,0.0,1.0,1.0,1.0,0.02,2.0,2000.0,7.6,0.03,21.8,0.218,98.4,0.394,1.947,0.195,2.263,0.226,0.4,1.231,3.14,0.897,5.407,3.191,1.402,10.0,Sample
2312,0 days 04:05:22,37.1,J12,449301,J,12,GFP-Gext,Plate 1,2026-03-19 16:07:56,Cytation5,1,5.0,1.8,1.8,8.0,22.0,97.5,1.9,2.3,0.399,3.15,50.0,0.0,0.0,1.0,1.0,1.0,0.02,2.0,2000.0,7.6,0.03,21.8,0.218,98.4,0.394,1.947,0.195,2.263,0.226,0.4,1.231,3.14,0.897,5.407,3.191,1.402,10.0,Sample
2313,0 days 04:10:22,37.0,J12,450968,J,12,GFP-Gext,Plate 1,2026-03-19 16:12:56,Cytation5,1,5.0,1.8,1.8,8.0,22.0,97.5,1.9,2.3,0.399,3.15,50.0,0.0,0.0,1.0,1.0,1.0,0.02,2.0,2000.0,7.6,0.03,21.8,0.218,98.4,0.394,1.947,0.195,2.263,0.226,0.4,1.231,3.14,0.897,5.407,3.191,1.402,10.0,Sample
2314,0 days 04:15:22,37.0,J12,451298,J,12,GFP-Gext,Plate 1,2026-03-19 16:17:56,Cytation5,1,5.0,1.8,1.8,8.0,22.0,97.5,1.9,2.3,0.399,3.15,50.0,0.0,0.0,1.0,1.0,1.0,0.02,2.0,2000.0,7.6,0.03,21.8,0.218,98.4,0.394,1.947,0.195,2.263,0.226,0.4,1.231,3.14,0.897,5.407,3.191,1.402,10.0,Sample
2315,0 days 04:20:22,37.0,J12,452388,J,12,GFP-Gext,Plate 1,2026-03-19 16:22:56,Cytation5,1,5.0,1.8,1.8,8.0,22.0,97.5,1.9,2.3,0.399,3.15,50.0,0.0,0.0,1.0,1.0,1.0,0.02,2.0,2000.0,7.6,0.03,21.8,0.218,98.4,0.394,1.947,0.195,2.263,0.226,0.4,1.231,3.14,0.897,5.407,3.191,1.402,10.0,Sample
2316,0 days 04:25:22,37.1,J12,449927,J,12,GFP-Gext,Plate 1,2026-03-19 16:27:56,Cytation5,1,5.0,1.8,1.8,8.0,22.0,97.5,1.9,2.3,0.399,3.15,50.0,0.0,0.0,1.0,1.0,1.0,0.02,2.0,2000.0,7.6,0.03,21.8,0.218,98.4,0.394,1.947,0.195,2.263,0.226,0.4,1.231,3.14,0.897,5.407,3.191,1.402,10.0,Sample
2317,0 days 04:30:22,37.0,J12,451451,J,12,GFP-Gext,Plate 1,2026-03-19 16:32:56,Cytation5,1,5.0,1.8,1.8,8.0,22.0,97.5,1.9,2.3,0.399,3.15,50.0,0.0,0.0,1.0,1.0,1.0,0.02,2.0,2000.0,7.6,0.03,21.8,0.218,98.4,0.394,1.947,0.195,2.263,0.226,0.4,1.231,3.14,0.897,5.407,3.191,1.402,10.0,Sample
2318,0 days 04:35:22,37.0,J12,451477,J,12,GFP-Gext,Plate 1,2026-03-19 16:37:56,Cytation5,1,5.0,1.8,1.8,8.0,22.0,97.5,1.9,2.3,0.399,3.15,50.0,0.0,0.0,1.0,1.0,1.0,0.02,2.0,2000.0,7.6,0.03,21.8,0.218,98.4,0.394,1.947,0.195,2.263,0.226,0.4,1.231,3.14,0.897,5.407,3.191,1.402,10.0,Sample
2319,0 days 04:40:22,37.0,J12,449333,J,12,GFP-Gext,Plate 1,2026-03-19 16:42:56,Cytation5,1,5.0,1.8,1.8,8.0,22.0,97.5,1.9,2.3,0.399,3.15,50.0,0.0,0.0,1.0,1.0,1.0,0.02,2.0,2000.0,7.6,0.03,21.8,0.218,98.4,0.394,1.947,0.195,2.263,0.226,0.4,1.231,3.14,0.897,5.407,3.191,1.402,10.0,Sample
2320,0 days 04:45:22,37.0,J12,450498,J,12,GFP-Gext,Plate 1,2026-03-19 16:47:56,Cytation5,1,5.0,1.8,1.8,8.0,22.0,97.5,1.9,2.3,0.399,3.15,50.0,0.0,0.0,1.0,1.0,1.0,0.02,2.0,2000.0,7.6,0.03,21.8,0.218,98.4,0.394,1.947,0.195,2.263,0.226,0.4,1.231,3.14,0.897,5.407,3.191,1.402,10.0,Sample
2321,0 days 04:50:22,37.0,J12,449962,J,12,GFP-Gext,Plate 1,2026-03-19 16:52:56,Cytation5,1,5.0,1.8,1.8,8.0,22.0,97.5,1.9,2.3,0.399,3.15,50.0,0.0,0.0,1.0,1.0,1.0,0.02,2.0,2000.0,7.6,0.03,21.8,0.218,98.4,0.394,1.947,0.195,2.263,0.226,0.4,1.231,3.14,0.897,5.407,3.191,1.402,10.0,Sample
2322,0 days 04:55:22,37.1,J12,450816,J,12,GFP-Gext,Plate 1,2026-03-19 16:57:56,Cytation5,1,5.0,1.8,1.8,8.0,22.0,97.5,1.9,2.3,0.399,3.15,50.0,0.0,0.0,1.0,1.0,1.0,0.02,2.0,2000.0,7.6,0.03,21.8,0.218,98.4,0.394,1.947,0.195,2.263,0.226,0.4,1.231,3.14,0.897,5.407,3.191,1.402,10.0,Sample
2323,0 days 05:00:22,37.1,J12,450096,J,12,GFP-Gext,Plate 1,2026-03-19 17:02:56,Cytation5,1,5.0,1.8,1.8,8.0,22.0,97.5,1.9,2.3,0.399,3.15,50.0,0.0,0.0,1.0,1.0,1.0,0.02,2.0,2000.0,7.6,0.03,21.8,0.218,98.4,0.394,1.947,0.195,2.263,0.226,0.4,1.231,3.14,0.897,5.407,3.191,1.402,10.0,Sample
2324,0 days 05:05:22,37.0,J12,450039,J,12,GFP-Gext,Plate 1,2026-03-19 17:07:56,Cytation5,1,5.0,1.8,1.8,8.0,22.0,97.5,1.9,2.3,0.399,3.15,50.0,0.0,0.0,1.0,1.0,1.0,0.02,2.0,2000.0,7.6,0.03,21.8,0.218,98.4,0.394,1.947,0.195,2.263,0.226,0.4,1.231,3.14,0.897,5.407,3.191,1.402,10.0,Sample
2325,0 days 05:10:22,37.0,J12,450512,J,12,GFP-Gext,Plate 1,2026-03-19 17:12:56,Cytation5,1,5.0,1.8,1.8,8.0,22.0,97.5,1.9,2.3,0.399,3.15,50.0,0.0,0.0,1.0,1.0,1.0,0.02,2.0,2000.0,7.6,0.03,21.8,0.218,98.4,0.394,1.947,0.195,2.263,0.226,0.4,1.231,3.14,0.897,5.407,3.191,1.402,10.0,Sample
2326,0 days 05:15:22,37.1,J12,448199,J,12,GFP-Gext,Plate 1,2026-03-19 17:17:56,Cytation5,1,5.0,1.8,1.8,8.0,22.0,97.5,1.9,2.3,0.399,3.15,50.0,0.0,0.0,1.0,1.0,1.0,0.02,2.0,2000.0,7.6,0.03,21.8,0.218,98.4,0.394,1.947,0.195,2.263,0.226,0.4,1.231,3.14,0.897,5.407,3.191,1.402,10.0,Sample
2327,0 days 05:20:22,37.0,J12,449946,J,12,GFP-Gext,Plate 1,2026-03-19 17:22:56,Cytation5,1,5.0,1.8,1.8,8.0,22.0,97.5,1.9,2.3,0.399,3.15,50.0,0.0,0.0,1.0,1.0,1.0,0.02,2.0,2000.0,7.6,0.03,21.8,0.218,98.4,0.394,1.947,0.195,2.263,0.226,0.4,1.231,3.14,0.897,5.407,3.191,1.402,10.0,Sample
2328,0 days 05:25:22,37.0,J12,451250,J,12,GFP-Gext,Plate 1,2026-03-19 17:27:56,Cytation5,1,5.0,1.8,1.8,8.0,22.0,97.5,1.9,2.3,0.399,3.15,50.0,0.0,0.0,1.0,1.0,1.0,0.02,2.0,2000.0,7.6,0.03,21.8,0.218,98.4,0.394,1.947,0.195,2.263,0.226,0.4,1.231,3.14,0.897,5.407,3.191,1.402,10.0,Sample
2329,0 days 05:30:22,37.0,J12,449142,J,12,GFP-Gext,Plate 1,2026-03-19 17:32:56,Cytation5,1,5.0,1.8,1.8,8.0,22.0,97.5,1.9,2.3,0.399,3.15,50.0,0.0,0.0,1.0,1.0,1.0,0.02,2.0,2000.0,7.6,0.03,21.8,0.218,98.4,0.394,1.947,0.195,2.263,0.226,0.4,1.231,3.14,0.897,5.407,3.191,1.402,10.0,Sample
2330,0 days 05:35:22,37.0,J12,446638,J,12,GFP-Gext,Plate 1,2026-03-19 17:37:56,Cytation5,1,5.0,1.8,1.8,8.0,22.0,97.5,1.9,2.3,0.399,3.15,50.0,0.0,0.0,1.0,1.0,1.0,0.02,2.0,2000.0,7.6,0.03,21.8,0.218,98.4,0.394,1.947,0.195,2.263,0.226,0.4,1.231,3.14,0.897,5.407,3.191,1.402,10.0,Sample
2331,0 days 05:40:22,37.0,J12,450370,J,12,GFP-Gext,Plate 1,2026-03-19 17:42:56,Cytation5,1,5.0,1.8,1.8,8.0,22.0,97.5,1.9,2.3,0.399,3.15,50.0,0.0,0.0,1.0,1.0,1.0,0.02,2.0,2000.0,7.6,0.03,21.8,0.218,98.4,0.394,1.947,0.195,2.263,0.226,0.4,1.231,3.14,0.897,5.407,3.191,1.402,10.0,Sample
2332,0 days 05:45:22,37.0,J12,448095,J,12,GFP-Gext,Plate 1,2026-03-19 17:47:56,Cytation5,1,5.0,1.8,1.8,8.0,22.0,97.5,1.9,2.3,0.399,3.15,50.0,0.0,0.0,1.0,1.0,1.0,0.02,2.0,2000.0,7.6,0.03,21.8,0.218,98.4,0.394,1.947,0.195,2.263,0.226,0.4,1.231,3.14,0.897,5.407,3.191,1.402,10.0,Sample
2333,0 days 05:50:22,37.0,J12,449035,J,12,GFP-Gext,Plate 1,2026-03-19 17:52:56,Cytation5,1,5.0,1.8,1.8,8.0,22.0,97.5,1.9,2.3,0.399,3.15,50.0,0.0,0.0,1.0,1.0,1.0,0.02,2.0,2000.0,7.6,0.03,21.8,0.218,98.4,0.394,1.947,0.195,2.263,0.226,0.4,1.231,3.14,0.897,5.407,3.191,1.402,10.0,Sample
2334,0 days 05:55:22,37.0,J12,447593,J,12,GFP-Gext,Plate 1,2026-03-19 17:57:56,Cytation5,1,5.0,1.8,1.8,8.0,22.0,97.5,1.9,2.3,0.399,3.15,50.0,0.0,0.0,1.0,1.0,1.0,0.02,2.0,2000.0,7.6,0.03,21.8,0.218,98.4,0.394,1.947,0.195,2.263,0.226,0.4,1.231,3.14,0.897,5.407,3.191,1.402,10.0,Sample
2335,0 days 06:00:22,37.0,J12,448503,J,12,GFP-Gext,Plate 1,2026-03-19 18:02:56,Cytation5,1,5.0,1.8,1.8,8.0,22.0,97.5,1.9,2.3,0.399,3.15,50.0,0.0,0.0,1.0,1.0,1.0,0.02,2.0,2000.0,7.6,0.03,21.8,0.218,98.4,0.394,1.947,0.195,2.263,0.226,0.4,1.231,3.14,0.897,5.407,3.191,1.402,10.0,Sample
2336,0 days 00:00:22,27.7,J13,412,J,13,GFP-Gext,Plate 1,2026-03-19 12:02:56,Cytation5,23,5.0,1.8,1.8,2.0,42.0,77.5,2.9,1.7,0.3605,2.345,50.0,0.0,0.0,1.0,1.0,1.0,0.02,2.0,2000.0,1.9,0.008,41.7,0.417,78.2,0.313,2.875,0.288,1.661,0.166,0.359,1.105,2.329,0.665,5.407,2.962,1.631,10.0,Sample
2337,0 days 00:05:22,33.8,J13,403,J,13,GFP-Gext,Plate 1,2026-03-19 12:07:56,Cytation5,23,5.0,1.8,1.8,2.0,42.0,77.5,2.9,1.7,0.3605,2.345,50.0,0.0,0.0,1.0,1.0,1.0,0.02,2.0,2000.0,1.9,0.008,41.7,0.417,78.2,0.313,2.875,0.288,1.661,0.166,0.359,1.105,2.329,0.665,5.407,2.962,1.631,10.0,Sample
2338,0 days 00:10:22,37.0,J13,370,J,13,GFP-Gext,Plate 1,2026-03-19 12:12:56,Cytation5,23,5.0,1.8,1.8,2.0,42.0,77.5,2.9,1.7,0.3605,2.345,50.0,0.0,0.0,1.0,1.0,1.0,0.02,2.0,2000.0,1.9,0.008,41.7,0.417,78.2,0.313,2.875,0.288,1.661,0.166,0.359,1.105,2.329,0.665,5.407,2.962,1.631,10.0,Sample
2339,0 days 00:15:22,37.0,J13,386,J,13,GFP-Gext,Plate 1,2026-03-19 12:17:56,Cytation5,23,5.0,1.8,1.8,2.0,42.0,77.5,2.9,1.7,0.3605,2.345,50.0,0.0,0.0,1.0,1.0,1.0,0.02,2.0,2000.0,1.9,0.008,41.7,0.417,78.2,0.313,2.875,0.288,1.661,0.166,0.359,1.105,2.329,0.665,5.407,2.962,1.631,10.0,Sample
2340,0 days 00:20:22,37.0,J13,402,J,13,GFP-Gext,Plate 1,2026-03-19 12:22:56,Cytation5,23,5.0,1.8,1.8,2.0,42.0,77.5,2.9,1.7,0.3605,2.345,50.0,0.0,0.0,1.0,1.0,1.0,0.02,2.0,2000.0,1.9,0.008,41.7,0.417,78.2,0.313,2.875,0.288,1.661,0.166,0.359,1.105,2.329,0.665,5.407,2.962,1.631,10.0,Sample
2341,0 days 00:25:22,37.1,J13,403,J,13,GFP-Gext,Plate 1,2026-03-19 12:27:56,Cytation5,23,5.0,1.8,1.8,2.0,42.0,77.5,2.9,1.7,0.3605,2.345,50.0,0.0,0.0,1.0,1.0,1.0,0.02,2.0,2000.0,1.9,0.008,41.7,0.417,78.2,0.313,2.875,0.288,1.661,0.166,0.359,1.105,2.329,0.665,5.407,2.962,1.631,10.0,Sample
2342,0 days 00:30:22,37.0,J13,404,J,13,GFP-Gext,Plate 1,2026-03-19 12:32:56,Cytation5,23,5.0,1.8,1.8,2.0,42.0,77.5,2.9,1.7,0.3605,2.345,50.0,0.0,0.0,1.0,1.0,1.0,0.02,2.0,2000.0,1.9,0.008,41.7,0.417,78.2,0.313,2.875,0.288,1.661,0.166,0.359,1.105,2.329,0.665,5.407,2.962,1.631,10.0,Sample
2343,0 days 00:35:22,37.0,J13,400,J,13,GFP-Gext,Plate 1,2026-03-19 12:37:56,Cytation5,23,5.0,1.8,1.8,2.0,42.0,77.5,2.9,1.7,0.3605,2.345,50.0,0.0,0.0,1.0,1.0,1.0,0.02,2.0,2000.0,1.9,0.008,41.7,0.417,78.2,0.313,2.875,0.288,1.661,0.166,0.359,1.105,2.329,0.665,5.407,2.962,1.631,10.0,Sample
2344,0 days 00:40:22,37.0,J13,404,J,13,GFP-Gext,Plate 1,2026-03-19 12:42:56,Cytation5,23,5.0,1.8,1.8,2.0,42.0,77.5,2.9,1.7,0.3605,2.345,50.0,0.0,0.0,1.0,1.0,1.0,0.02,2.0,2000.0,1.9,0.008,41.7,0.417,78.2,0.313,2.875,0.288,1.661,0.166,0.359,1.105,2.329,0.665,5.407,2.962,1.631,10.0,Sample
2345,0 days 00:45:22,36.9,J13,426,J,13,GFP-Gext,Plate 1,2026-03-19 12:47:56,Cytation5,23,5.0,1.8,1.8,2.0,42.0,77.5,2.9,1.7,0.3605,2.345,50.0,0.0,0.0,1.0,1.0,1.0,0.02,2.0,2000.0,1.9,0.008,41.7,0.417,78.2,0.313,2.875,0.288,1.661,0.166,0.359,1.105,2.329,0.665,5.407,2.962,1.631,10.0,Sample
2346,0 days 00:50:22,37.0,J13,447,J,13,GFP-Gext,Plate 1,2026-03-19 12:52:56,Cytation5,23,5.0,1.8,1.8,2.0,42.0,77.5,2.9,1.7,0.3605,2.345,50.0,0.0,0.0,1.0,1.0,1.0,0.02,2.0,2000.0,1.9,0.008,41.7,0.417,78.2,0.313,2.875,0.288,1.661,0.166,0.359,1.105,2.329,0.665,5.407,2.962,1.631,10.0,Sample
2347,0 days 00:55:22,37.0,J13,469,J,13,GFP-Gext,Plate 1,2026-03-19 12:57:56,Cytation5,23,5.0,1.8,1.8,2.0,42.0,77.5,2.9,1.7,0.3605,2.345,50.0,0.0,0.0,1.0,1.0,1.0,0.02,2.0,2000.0,1.9,0.008,41.7,0.417,78.2,0.313,2.875,0.288,1.661,0.166,0.359,1.105,2.329,0.665,5.407,2.962,1.631,10.0,Sample
2348,0 days 01:00:22,37.0,J13,465,J,13,GFP-Gext,Plate 1,2026-03-19 13:02:56,Cytation5,23,5.0,1.8,1.8,2.0,42.0,77.5,2.9,1.7,0.3605,2.345,50.0,0.0,0.0,1.0,1.0,1.0,0.02,2.0,2000.0,1.9,0.008,41.7,0.417,78.2,0.313,2.875,0.288,1.661,0.166,0.359,1.105,2.329,0.665,5.407,2.962,1.631,10.0,Sample
2349,0 days 01:05:22,37.0,J13,456,J,13,GFP-Gext,Plate 1,2026-03-19 13:07:56,Cytation5,23,5.0,1.8,1.8,2.0,42.0,77.5,2.9,1.7,0.3605,2.345,50.0,0.0,0.0,1.0,1.0,1.0,0.02,2.0,2000.0,1.9,0.008,41.7,0.417,78.2,0.313,2.875,0.288,1.661,0.166,0.359,1.105,2.329,0.665,5.407,2.962,1.631,10.0,Sample
2350,0 days 01:10:22,37.0,J13,509,J,13,GFP-Gext,Plate 1,2026-03-19 13:12:56,Cytation5,23,5.0,1.8,1.8,2.0,42.0,77.5,2.9,1.7,0.3605,2.345,50.0,0.0,0.0,1.0,1.0,1.0,0.02,2.0,2000.0,1.9,0.008,41.7,0.417,78.2,0.313,2.875,0.288,1.661,0.166,0.359,1.105,2.329,0.665,5.407,2.962,1.631,10.0,Sample
2351,0 days 01:15:22,37.0,J13,475,J,13,GFP-Gext,Plate 1,2026-03-19 13:17:56,Cytation5,23,5.0,1.8,1.8,2.0,42.0,77.5,2.9,1.7,0.3605,2.345,50.0,0.0,0.0,1.0,1.0,1.0,0.02,2.0,2000.0,1.9,0.008,41.7,0.417,78.2,0.313,2.875,0.288,1.661,0.166,0.359,1.105,2.329,0.665,5.407,2.962,1.631,10.0,Sample
2352,0 days 01:20:22,37.0,J13,538,J,13,GFP-Gext,Plate 1,2026-03-19 13:22:56,Cytation5,23,5.0,1.8,1.8,2.0,42.0,77.5,2.9,1.7,0.3605,2.345,50.0,0.0,0.0,1.0,1.0,1.0,0.02,2.0,2000.0,1.9,0.008,41.7,0.417,78.2,0.313,2.875,0.288,1.661,0.166,0.359,1.105,2.329,0.665,5.407,2.962,1.631,10.0,Sample
2353,0 days 01:25:22,37.1,J13,539,J,13,GFP-Gext,Plate 1,2026-03-19 13:27:56,Cytation5,23,5.0,1.8,1.8,2.0,42.0,77.5,2.9,1.7,0.3605,2.345,50.0,0.0,0.0,1.0,1.0,1.0,0.02,2.0,2000.0,1.9,0.008,41.7,0.417,78.2,0.313,2.875,0.288,1.661,0.166,0.359,1.105,2.329,0.665,5.407,2.962,1.631,10.0,Sample
2354,0 days 01:30:22,37.1,J13,543,J,13,GFP-Gext,Plate 1,2026-03-19 13:32:56,Cytation5,23,5.0,1.8,1.8,2.0,42.0,77.5,2.9,1.7,0.3605,2.345,50.0,0.0,0.0,1.0,1.0,1.0,0.02,2.0,2000.0,1.9,0.008,41.7,0.417,78.2,0.313,2.875,0.288,1.661,0.166,0.359,1.105,2.329,0.665,5.407,2.962,1.631,10.0,Sample
2355,0 days 01:35:22,37.0,J13,574,J,13,GFP-Gext,Plate 1,2026-03-19 13:37:56,Cytation5,23,5.0,1.8,1.8,2.0,42.0,77.5,2.9,1.7,0.3605,2.345,50.0,0.0,0.0,1.0,1.0,1.0,0.02,2.0,2000.0,1.9,0.008,41.7,0.417,78.2,0.313,2.875,0.288,1.661,0.166,0.359,1.105,2.329,0.665,5.407,2.962,1.631,10.0,Sample
2356,0 days 01:40:22,37.0,J13,575,J,13,GFP-Gext,Plate 1,2026-03-19 13:42:56,Cytation5,23,5.0,1.8,1.8,2.0,42.0,77.5,2.9,1.7,0.3605,2.345,50.0,0.0,0.0,1.0,1.0,1.0,0.02,2.0,2000.0,1.9,0.008,41.7,0.417,78.2,0.313,2.875,0.288,1.661,0.166,0.359,1.105,2.329,0.665,5.407,2.962,1.631,10.0,Sample
2357,0 days 01:45:22,37.0,J13,617,J,13,GFP-Gext,Plate 1,2026-03-19 13:47:56,Cytation5,23,5.0,1.8,1.8,2.0,42.0,77.5,2.9,1.7,0.3605,2.345,50.0,0.0,0.0,1.0,1.0,1.0,0.02,2.0,2000.0,1.9,0.008,41.7,0.417,78.2,0.313,2.875,0.288,1.661,0.166,0.359,1.105,2.329,0.665,5.407,2.962,1.631,10.0,Sample
2358,0 days 01:50:22,36.9,J13,634,J,13,GFP-Gext,Plate 1,2026-03-19 13:52:56,Cytation5,23,5.0,1.8,1.8,2.0,42.0,77.5,2.9,1.7,0.3605,2.345,50.0,0.0,0.0,1.0,1.0,1.0,0.02,2.0,2000.0,1.9,0.008,41.7,0.417,78.2,0.313,2.875,0.288,1.661,0.166,0.359,1.105,2.329,0.665,5.407,2.962,1.631,10.0,Sample
2359,0 days 01:55:22,37.0,J13,632,J,13,GFP-Gext,Plate 1,2026-03-19 13:57:56,Cytation5,23,5.0,1.8,1.8,2.0,42.0,77.5,2.9,1.7,0.3605,2.345,50.0,0.0,0.0,1.0,1.0,1.0,0.02,2.0,2000.0,1.9,0.008,41.7,0.417,78.2,0.313,2.875,0.288,1.661,0.166,0.359,1.105,2.329,0.665,5.407,2.962,1.631,10.0,Sample
2360,0 days 02:00:22,37.0,J13,665,J,13,GFP-Gext,Plate 1,2026-03-19 14:02:56,Cytation5,23,5.0,1.8,1.8,2.0,42.0,77.5,2.9,1.7,0.3605,2.345,50.0,0.0,0.0,1.0,1.0,1.0,0.02,2.0,2000.0,1.9,0.008,41.7,0.417,78.2,0.313,2.875,0.288,1.661,0.166,0.359,1.105,2.329,0.665,5.407,2.962,1.631,10.0,Sample
2361,0 days 02:05:22,37.0,J13,671,J,13,GFP-Gext,Plate 1,2026-03-19 14:07:56,Cytation5,23,5.0,1.8,1.8,2.0,42.0,77.5,2.9,1.7,0.3605,2.345,50.0,0.0,0.0,1.0,1.0,1.0,0.02,2.0,2000.0,1.9,0.008,41.7,0.417,78.2,0.313,2.875,0.288,1.661,0.166,0.359,1.105,2.329,0.665,5.407,2.962,1.631,10.0,Sample
2362,0 days 02:10:22,37.0,J13,663,J,13,GFP-Gext,Plate 1,2026-03-19 14:12:56,Cytation5,23,5.0,1.8,1.8,2.0,42.0,77.5,2.9,1.7,0.3605,2.345,50.0,0.0,0.0,1.0,1.0,1.0,0.02,2.0,2000.0,1.9,0.008,41.7,0.417,78.2,0.313,2.875,0.288,1.661,0.166,0.359,1.105,2.329,0.665,5.407,2.962,1.631,10.0,Sample
2363,0 days 02:15:22,37.0,J13,705,J,13,GFP-Gext,Plate 1,2026-03-19 14:17:56,Cytation5,23,5.0,1.8,1.8,2.0,42.0,77.5,2.9,1.7,0.3605,2.345,50.0,0.0,0.0,1.0,1.0,1.0,0.02,2.0,2000.0,1.9,0.008,41.7,0.417,78.2,0.313,2.875,0.288,1.661,0.166,0.359,1.105,2.329,0.665,5.407,2.962,1.631,10.0,Sample
2364,0 days 02:20:22,37.0,J13,727,J,13,GFP-Gext,Plate 1,2026-03-19 14:22:56,Cytation5,23,5.0,1.8,1.8,2.0,42.0,77.5,2.9,1.7,0.3605,2.345,50.0,0.0,0.0,1.0,1.0,1.0,0.02,2.0,2000.0,1.9,0.008,41.7,0.417,78.2,0.313,2.875,0.288,1.661,0.166,0.359,1.105,2.329,0.665,5.407,2.962,1.631,10.0,Sample
2365,0 days 02:25:22,37.0,J13,747,J,13,GFP-Gext,Plate 1,2026-03-19 14:27:56,Cytation5,23,5.0,1.8,1.8,2.0,42.0,77.5,2.9,1.7,0.3605,2.345,50.0,0.0,0.0,1.0,1.0,1.0,0.02,2.0,2000.0,1.9,0.008,41.7,0.417,78.2,0.313,2.875,0.288,1.661,0.166,0.359,1.105,2.329,0.665,5.407,2.962,1.631,10.0,Sample
2366,0 days 02:30:22,37.1,J13,788,J,13,GFP-Gext,Plate 1,2026-03-19 14:32:56,Cytation5,23,5.0,1.8,1.8,2.0,42.0,77.5,2.9,1.7,0.3605,2.345,50.0,0.0,0.0,1.0,1.0,1.0,0.02,2.0,2000.0,1.9,0.008,41.7,0.417,78.2,0.313,2.875,0.288,1.661,0.166,0.359,1.105,2.329,0.665,5.407,2.962,1.631,10.0,Sample
2367,0 days 02:35:22,37.0,J13,805,J,13,GFP-Gext,Plate 1,2026-03-19 14:37:56,Cytation5,23,5.0,1.8,1.8,2.0,42.0,77.5,2.9,1.7,0.3605,2.345,50.0,0.0,0.0,1.0,1.0,1.0,0.02,2.0,2000.0,1.9,0.008,41.7,0.417,78.2,0.313,2.875,0.288,1.661,0.166,0.359,1.105,2.329,0.665,5.407,2.962,1.631,10.0,Sample
2368,0 days 02:40:22,37.0,J13,796,J,13,GFP-Gext,Plate 1,2026-03-19 14:42:56,Cytation5,23,5.0,1.8,1.8,2.0,42.0,77.5,2.9,1.7,0.3605,2.345,50.0,0.0,0.0,1.0,1.0,1.0,0.02,2.0,2000.0,1.9,0.008,41.7,0.417,78.2,0.313,2.875,0.288,1.661,0.166,0.359,1.105,2.329,0.665,5.407,2.962,1.631,10.0,Sample
2369,0 days 02:45:22,37.1,J13,839,J,13,GFP-Gext,Plate 1,2026-03-19 14:47:56,Cytation5,23,5.0,1.8,1.8,2.0,42.0,77.5,2.9,1.7,0.3605,2.345,50.0,0.0,0.0,1.0,1.0,1.0,0.02,2.0,2000.0,1.9,0.008,41.7,0.417,78.2,0.313,2.875,0.288,1.661,0.166,0.359,1.105,2.329,0.665,5.407,2.962,1.631,10.0,Sample
2370,0 days 02:50:22,37.0,J13,839,J,13,GFP-Gext,Plate 1,2026-03-19 14:52:56,Cytation5,23,5.0,1.8,1.8,2.0,42.0,77.5,2.9,1.7,0.3605,2.345,50.0,0.0,0.0,1.0,1.0,1.0,0.02,2.0,2000.0,1.9,0.008,41.7,0.417,78.2,0.313,2.875,0.288,1.661,0.166,0.359,1.105,2.329,0.665,5.407,2.962,1.631,10.0,Sample
2371,0 days 02:55:22,37.0,J13,922,J,13,GFP-Gext,Plate 1,2026-03-19 14:57:56,Cytation5,23,5.0,1.8,1.8,2.0,42.0,77.5,2.9,1.7,0.3605,2.345,50.0,0.0,0.0,1.0,1.0,1.0,0.02,2.0,2000.0,1.9,0.008,41.7,0.417,78.2,0.313,2.875,0.288,1.661,0.166,0.359,1.105,2.329,0.665,5.407,2.962,1.631,10.0,Sample
2372,0 days 03:00:22,37.0,J13,936,J,13,GFP-Gext,Plate 1,2026-03-19 15:02:56,Cytation5,23,5.0,1.8,1.8,2.0,42.0,77.5,2.9,1.7,0.3605,2.345,50.0,0.0,0.0,1.0,1.0,1.0,0.02,2.0,2000.0,1.9,0.008,41.7,0.417,78.2,0.313,2.875,0.288,1.661,0.166,0.359,1.105,2.329,0.665,5.407,2.962,1.631,10.0,Sample
2373,0 days 03:05:22,37.0,J13,925,J,13,GFP-Gext,Plate 1,2026-03-19 15:07:56,Cytation5,23,5.0,1.8,1.8,2.0,42.0,77.5,2.9,1.7,0.3605,2.345,50.0,0.0,0.0,1.0,1.0,1.0,0.02,2.0,2000.0,1.9,0.008,41.7,0.417,78.2,0.313,2.875,0.288,1.661,0.166,0.359,1.105,2.329,0.665,5.407,2.962,1.631,10.0,Sample
2374,0 days 03:10:22,37.0,J13,932,J,13,GFP-Gext,Plate 1,2026-03-19 15:12:56,Cytation5,23,5.0,1.8,1.8,2.0,42.0,77.5,2.9,1.7,0.3605,2.345,50.0,0.0,0.0,1.0,1.0,1.0,0.02,2.0,2000.0,1.9,0.008,41.7,0.417,78.2,0.313,2.875,0.288,1.661,0.166,0.359,1.105,2.329,0.665,5.407,2.962,1.631,10.0,Sample
2375,0 days 03:15:22,37.0,J13,1040,J,13,GFP-Gext,Plate 1,2026-03-19 15:17:56,Cytation5,23,5.0,1.8,1.8,2.0,42.0,77.5,2.9,1.7,0.3605,2.345,50.0,0.0,0.0,1.0,1.0,1.0,0.02,2.0,2000.0,1.9,0.008,41.7,0.417,78.2,0.313,2.875,0.288,1.661,0.166,0.359,1.105,2.329,0.665,5.407,2.962,1.631,10.0,Sample
2376,0 days 03:20:22,37.0,J13,1006,J,13,GFP-Gext,Plate 1,2026-03-19 15:22:56,Cytation5,23,5.0,1.8,1.8,2.0,42.0,77.5,2.9,1.7,0.3605,2.345,50.0,0.0,0.0,1.0,1.0,1.0,0.02,2.0,2000.0,1.9,0.008,41.7,0.417,78.2,0.313,2.875,0.288,1.661,0.166,0.359,1.105,2.329,0.665,5.407,2.962,1.631,10.0,Sample
2377,0 days 03:25:22,37.1,J13,1020,J,13,GFP-Gext,Plate 1,2026-03-19 15:27:56,Cytation5,23,5.0,1.8,1.8,2.0,42.0,77.5,2.9,1.7,0.3605,2.345,50.0,0.0,0.0,1.0,1.0,1.0,0.02,2.0,2000.0,1.9,0.008,41.7,0.417,78.2,0.313,2.875,0.288,1.661,0.166,0.359,1.105,2.329,0.665,5.407,2.962,1.631,10.0,Sample
2378,0 days 03:30:22,36.9,J13,1067,J,13,GFP-Gext,Plate 1,2026-03-19 15:32:56,Cytation5,23,5.0,1.8,1.8,2.0,42.0,77.5,2.9,1.7,0.3605,2.345,50.0,0.0,0.0,1.0,1.0,1.0,0.02,2.0,2000.0,1.9,0.008,41.7,0.417,78.2,0.313,2.875,0.288,1.661,0.166,0.359,1.105,2.329,0.665,5.407,2.962,1.631,10.0,Sample
2379,0 days 03:35:22,37.1,J13,1144,J,13,GFP-Gext,Plate 1,2026-03-19 15:37:56,Cytation5,23,5.0,1.8,1.8,2.0,42.0,77.5,2.9,1.7,0.3605,2.345,50.0,0.0,0.0,1.0,1.0,1.0,0.02,2.0,2000.0,1.9,0.008,41.7,0.417,78.2,0.313,2.875,0.288,1.661,0.166,0.359,1.105,2.329,0.665,5.407,2.962,1.631,10.0,Sample
2380,0 days 03:40:22,37.0,J13,1191,J,13,GFP-Gext,Plate 1,2026-03-19 15:42:56,Cytation5,23,5.0,1.8,1.8,2.0,42.0,77.5,2.9,1.7,0.3605,2.345,50.0,0.0,0.0,1.0,1.0,1.0,0.02,2.0,2000.0,1.9,0.008,41.7,0.417,78.2,0.313,2.875,0.288,1.661,0.166,0.359,1.105,2.329,0.665,5.407,2.962,1.631,10.0,Sample
2381,0 days 03:45:22,37.0,J13,1243,J,13,GFP-Gext,Plate 1,2026-03-19 15:47:56,Cytation5,23,5.0,1.8,1.8,2.0,42.0,77.5,2.9,1.7,0.3605,2.345,50.0,0.0,0.0,1.0,1.0,1.0,0.02,2.0,2000.0,1.9,0.008,41.7,0.417,78.2,0.313,2.875,0.288,1.661,0.166,0.359,1.105,2.329,0.665,5.407,2.962,1.631,10.0,Sample
2382,0 days 03:50:22,37.0,J13,1261,J,13,GFP-Gext,Plate 1,2026-03-19 15:52:56,Cytation5,23,5.0,1.8,1.8,2.0,42.0,77.5,2.9,1.7,0.3605,2.345,50.0,0.0,0.0,1.0,1.0,1.0,0.02,2.0,2000.0,1.9,0.008,41.7,0.417,78.2,0.313,2.875,0.288,1.661,0.166,0.359,1.105,2.329,0.665,5.407,2.962,1.631,10.0,Sample
2383,0 days 03:55:22,37.1,J13,1281,J,13,GFP-Gext,Plate 1,2026-03-19 15:57:56,Cytation5,23,5.0,1.8,1.8,2.0,42.0,77.5,2.9,1.7,0.3605,2.345,50.0,0.0,0.0,1.0,1.0,1.0,0.02,2.0,2000.0,1.9,0.008,41.7,0.417,78.2,0.313,2.875,0.288,1.661,0.166,0.359,1.105,2.329,0.665,5.407,2.962,1.631,10.0,Sample
2384,0 days 04:00:22,37.0,J13,1306,J,13,GFP-Gext,Plate 1,2026-03-19 16:02:56,Cytation5,23,5.0,1.8,1.8,2.0,42.0,77.5,2.9,1.7,0.3605,2.345,50.0,0.0,0.0,1.0,1.0,1.0,0.02,2.0,2000.0,1.9,0.008,41.7,0.417,78.2,0.313,2.875,0.288,1.661,0.166,0.359,1.105,2.329,0.665,5.407,2.962,1.631,10.0,Sample
2385,0 days 04:05:22,37.1,J13,1306,J,13,GFP-Gext,Plate 1,2026-03-19 16:07:56,Cytation5,23,5.0,1.8,1.8,2.0,42.0,77.5,2.9,1.7,0.3605,2.345,50.0,0.0,0.0,1.0,1.0,1.0,0.02,2.0,2000.0,1.9,0.008,41.7,0.417,78.2,0.313,2.875,0.288,1.661,0.166,0.359,1.105,2.329,0.665,5.407,2.962,1.631,10.0,Sample
2386,0 days 04:10:22,37.0,J13,1388,J,13,GFP-Gext,Plate 1,2026-03-19 16:12:56,Cytation5,23,5.0,1.8,1.8,2.0,42.0,77.5,2.9,1.7,0.3605,2.345,50.0,0.0,0.0,1.0,1.0,1.0,0.02,2.0,2000.0,1.9,0.008,41.7,0.417,78.2,0.313,2.875,0.288,1.661,0.166,0.359,1.105,2.329,0.665,5.407,2.962,1.631,10.0,Sample
2387,0 days 04:15:22,37.0,J13,1476,J,13,GFP-Gext,Plate 1,2026-03-19 16:17:56,Cytation5,23,5.0,1.8,1.8,2.0,42.0,77.5,2.9,1.7,0.3605,2.345,50.0,0.0,0.0,1.0,1.0,1.0,0.02,2.0,2000.0,1.9,0.008,41.7,0.417,78.2,0.313,2.875,0.288,1.661,0.166,0.359,1.105,2.329,0.665,5.407,2.962,1.631,10.0,Sample
2388,0 days 04:20:22,37.0,J13,1466,J,13,GFP-Gext,Plate 1,2026-03-19 16:22:56,Cytation5,23,5.0,1.8,1.8,2.0,42.0,77.5,2.9,1.7,0.3605,2.345,50.0,0.0,0.0,1.0,1.0,1.0,0.02,2.0,2000.0,1.9,0.008,41.7,0.417,78.2,0.313,2.875,0.288,1.661,0.166,0.359,1.105,2.329,0.665,5.407,2.962,1.631,10.0,Sample
2389,0 days 04:25:22,37.1,J13,1535,J,13,GFP-Gext,Plate 1,2026-03-19 16:27:56,Cytation5,23,5.0,1.8,1.8,2.0,42.0,77.5,2.9,1.7,0.3605,2.345,50.0,0.0,0.0,1.0,1.0,1.0,0.02,2.0,2000.0,1.9,0.008,41.7,0.417,78.2,0.313,2.875,0.288,1.661,0.166,0.359,1.105,2.329,0.665,5.407,2.962,1.631,10.0,Sample
2390,0 days 04:30:22,37.0,J13,1545,J,13,GFP-Gext,Plate 1,2026-03-19 16:32:56,Cytation5,23,5.0,1.8,1.8,2.0,42.0,77.5,2.9,1.7,0.3605,2.345,50.0,0.0,0.0,1.0,1.0,1.0,0.02,2.0,2000.0,1.9,0.008,41.7,0.417,78.2,0.313,2.875,0.288,1.661,0.166,0.359,1.105,2.329,0.665,5.407,2.962,1.631,10.0,Sample
2391,0 days 04:35:22,37.0,J13,1548,J,13,GFP-Gext,Plate 1,2026-03-19 16:37:56,Cytation5,23,5.0,1.8,1.8,2.0,42.0,77.5,2.9,1.7,0.3605,2.345,50.0,0.0,0.0,1.0,1.0,1.0,0.02,2.0,2000.0,1.9,0.008,41.7,0.417,78.2,0.313,2.875,0.288,1.661,0.166,0.359,1.105,2.329,0.665,5.407,2.962,1.631,10.0,Sample
2392,0 days 04:40:22,37.0,J13,1655,J,13,GFP-Gext,Plate 1,2026-03-19 16:42:56,Cytation5,23,5.0,1.8,1.8,2.0,42.0,77.5,2.9,1.7,0.3605,2.345,50.0,0.0,0.0,1.0,1.0,1.0,0.02,2.0,2000.0,1.9,0.008,41.7,0.417,78.2,0.313,2.875,0.288,1.661,0.166,0.359,1.105,2.329,0.665,5.407,2.962,1.631,10.0,Sample
2393,0 days 04:45:22,37.0,J13,1690,J,13,GFP-Gext,Plate 1,2026-03-19 16:47:56,Cytation5,23,5.0,1.8,1.8,2.0,42.0,77.5,2.9,1.7,0.3605,2.345,50.0,0.0,0.0,1.0,1.0,1.0,0.02,2.0,2000.0,1.9,0.008,41.7,0.417,78.2,0.313,2.875,0.288,1.661,0.166,0.359,1.105,2.329,0.665,5.407,2.962,1.631,10.0,Sample
2394,0 days 04:50:22,37.0,J13,1700,J,13,GFP-Gext,Plate 1,2026-03-19 16:52:56,Cytation5,23,5.0,1.8,1.8,2.0,42.0,77.5,2.9,1.7,0.3605,2.345,50.0,0.0,0.0,1.0,1.0,1.0,0.02,2.0,2000.0,1.9,0.008,41.7,0.417,78.2,0.313,2.875,0.288,1.661,0.166,0.359,1.105,2.329,0.665,5.407,2.962,1.631,10.0,Sample
2395,0 days 04:55:22,37.1,J13,1719,J,13,GFP-Gext,Plate 1,2026-03-19 16:57:56,Cytation5,23,5.0,1.8,1.8,2.0,42.0,77.5,2.9,1.7,0.3605,2.345,50.0,0.0,0.0,1.0,1.0,1.0,0.02,2.0,2000.0,1.9,0.008,41.7,0.417,78.2,0.313,2.875,0.288,1.661,0.166,0.359,1.105,2.329,0.665,5.407,2.962,1.631,10.0,Sample
2396,0 days 05:00:22,37.1,J13,1759,J,13,GFP-Gext,Plate 1,2026-03-19 17:02:56,Cytation5,23,5.0,1.8,1.8,2.0,42.0,77.5,2.9,1.7,0.3605,2.345,50.0,0.0,0.0,1.0,1.0,1.0,0.02,2.0,2000.0,1.9,0.008,41.7,0.417,78.2,0.313,2.875,0.288,1.661,0.166,0.359,1.105,2.329,0.665,5.407,2.962,1.631,10.0,Sample
2397,0 days 05:05:22,37.0,J13,1825,J,13,GFP-Gext,Plate 1,2026-03-19 17:07:56,Cytation5,23,5.0,1.8,1.8,2.0,42.0,77.5,2.9,1.7,0.3605,2.345,50.0,0.0,0.0,1.0,1.0,1.0,0.02,2.0,2000.0,1.9,0.008,41.7,0.417,78.2,0.313,2.875,0.288,1.661,0.166,0.359,1.105,2.329,0.665,5.407,2.962,1.631,10.0,Sample
2398,0 days 05:10:22,37.0,J13,1810,J,13,GFP-Gext,Plate 1,2026-03-19 17:12:56,Cytation5,23,5.0,1.8,1.8,2.0,42.0,77.5,2.9,1.7,0.3605,2.345,50.0,0.0,0.0,1.0,1.0,1.0,0.02,2.0,2000.0,1.9,0.008,41.7,0.417,78.2,0.313,2.875,0.288,1.661,0.166,0.359,1.105,2.329,0.665,5.407,2.962,1.631,10.0,Sample
2399,0 days 05:15:22,37.1,J13,1934,J,13,GFP-Gext,Plate 1,2026-03-19 17:17:56,Cytation5,23,5.0,1.8,1.8,2.0,42.0,77.5,2.9,1.7,0.3605,2.345,50.0,0.0,0.0,1.0,1.0,1.0,0.02,2.0,2000.0,1.9,0.008,41.7,0.417,78.2,0.313,2.875,0.288,1.661,0.166,0.359,1.105,2.329,0.665,5.407,2.962,1.631,10.0,Sample
2400,0 days 05:20:22,37.0,J13,1903,J,13,GFP-Gext,Plate 1,2026-03-19 17:22:56,Cytation5,23,5.0,1.8,1.8,2.0,42.0,77.5,2.9,1.7,0.3605,2.345,50.0,0.0,0.0,1.0,1.0,1.0,0.02,2.0,2000.0,1.9,0.008,41.7,0.417,78.2,0.313,2.875,0.288,1.661,0.166,0.359,1.105,2.329,0.665,5.407,2.962,1.631,10.0,Sample
2401,0 days 05:25:22,37.0,J13,1993,J,13,GFP-Gext,Plate 1,2026-03-19 17:27:56,Cytation5,23,5.0,1.8,1.8,2.0,42.0,77.5,2.9,1.7,0.3605,2.345,50.0,0.0,0.0,1.0,1.0,1.0,0.02,2.0,2000.0,1.9,0.008,41.7,0.417,78.2,0.313,2.875,0.288,1.661,0.166,0.359,1.105,2.329,0.665,5.407,2.962,1.631,10.0,Sample
2402,0 days 05:30:22,37.0,J13,2030,J,13,GFP-Gext,Plate 1,2026-03-19 17:32:56,Cytation5,23,5.0,1.8,1.8,2.0,42.0,77.5,2.9,1.7,0.3605,2.345,50.0,0.0,0.0,1.0,1.0,1.0,0.02,2.0,2000.0,1.9,0.008,41.7,0.417,78.2,0.313,2.875,0.288,1.661,0.166,0.359,1.105,2.329,0.665,5.407,2.962,1.631,10.0,Sample
2403,0 days 05:35:22,37.0,J13,2037,J,13,GFP-Gext,Plate 1,2026-03-19 17:37:56,Cytation5,23,5.0,1.8,1.8,2.0,42.0,77.5,2.9,1.7,0.3605,2.345,50.0,0.0,0.0,1.0,1.0,1.0,0.02,2.0,2000.0,1.9,0.008,41.7,0.417,78.2,0.313,2.875,0.288,1.661,0.166,0.359,1.105,2.329,0.665,5.407,2.962,1.631,10.0,Sample
2404,0 days 05:40:22,37.0,J13,2139,J,13,GFP-Gext,Plate 1,2026-03-19 17:42:56,Cytation5,23,5.0,1.8,1.8,2.0,42.0,77.5,2.9,1.7,0.3605,2.345,50.0,0.0,0.0,1.0,1.0,1.0,0.02,2.0,2000.0,1.9,0.008,41.7,0.417,78.2,0.313,2.875,0.288,1.661,0.166,0.359,1.105,2.329,0.665,5.407,2.962,1.631,10.0,Sample
2405,0 days 05:45:22,37.0,J13,2140,J,13,GFP-Gext,Plate 1,2026-03-19 17:47:56,Cytation5,23,5.0,1.8,1.8,2.0,42.0,77.5,2.9,1.7,0.3605,2.345,50.0,0.0,0.0,1.0,1.0,1.0,0.02,2.0,2000.0,1.9,0.008,41.7,0.417,78.2,0.313,2.875,0.288,1.661,0.166,0.359,1.105,2.329,0.665,5.407,2.962,1.631,10.0,Sample
2406,0 days 05:50:22,37.0,J13,2203,J,13,GFP-Gext,Plate 1,2026-03-19 17:52:56,Cytation5,23,5.0,1.8,1.8,2.0,42.0,77.5,2.9,1.7,0.3605,2.345,50.0,0.0,0.0,1.0,1.0,1.0,0.02,2.0,2000.0,1.9,0.008,41.7,0.417,78.2,0.313,2.875,0.288,1.661,0.166,0.359,1.105,2.329,0.665,5.407,2.962,1.631,10.0,Sample
2407,0 days 05:55:22,37.0,J13,2240,J,13,GFP-Gext,Plate 1,2026-03-19 17:57:56,Cytation5,23,5.0,1.8,1.8,2.0,42.0,77.5,2.9,1.7,0.3605,2.345,50.0,0.0,0.0,1.0,1.0,1.0,0.02,2.0,2000.0,1.9,0.008,41.7,0.417,78.2,0.313,2.875,0.288,1.661,0.166,0.359,1.105,2.329,0.665,5.407,2.962,1.631,10.0,Sample
2408,0 days 06:00:22,37.0,J13,2257,J,13,GFP-Gext,Plate 1,2026-03-19 18:02:56,Cytation5,23,5.0,1.8,1.8,2.0,42.0,77.5,2.9,1.7,0.3605,2.345,50.0,0.0,0.0,1.0,1.0,1.0,0.02,2.0,2000.0,1.9,0.008,41.7,0.417,78.2,0.313,2.875,0.288,1.661,0.166,0.359,1.105,2.329,0.665,5.407,2.962,1.631,10.0,Sample
2409,0 days 00:00:22,27.7,J14,400,J,14,GFP-Gext,Plate 1,2026-03-19 12:02:56,Cytation5,22,5.0,1.8,1.8,7.0,0.0,125.0,3.5,2.1,0.3395,2.94,50.0,0.0,0.0,1.0,1.0,1.0,0.02,2.0,2000.0,6.8,0.027,0.0,0.0,124.8,0.499,3.475,0.348,2.056,0.206,0.339,1.043,2.953,0.844,5.407,2.967,1.626,10.0,Sample
2410,0 days 00:05:22,33.8,J14,348,J,14,GFP-Gext,Plate 1,2026-03-19 12:07:56,Cytation5,22,5.0,1.8,1.8,7.0,0.0,125.0,3.5,2.1,0.3395,2.94,50.0,0.0,0.0,1.0,1.0,1.0,0.02,2.0,2000.0,6.8,0.027,0.0,0.0,124.8,0.499,3.475,0.348,2.056,0.206,0.339,1.043,2.953,0.844,5.407,2.967,1.626,10.0,Sample
2411,0 days 00:10:22,37.0,J14,393,J,14,GFP-Gext,Plate 1,2026-03-19 12:12:56,Cytation5,22,5.0,1.8,1.8,7.0,0.0,125.0,3.5,2.1,0.3395,2.94,50.0,0.0,0.0,1.0,1.0,1.0,0.02,2.0,2000.0,6.8,0.027,0.0,0.0,124.8,0.499,3.475,0.348,2.056,0.206,0.339,1.043,2.953,0.844,5.407,2.967,1.626,10.0,Sample
2412,0 days 00:15:22,37.0,J14,1084,J,14,GFP-Gext,Plate 1,2026-03-19 12:17:56,Cytation5,22,5.0,1.8,1.8,7.0,0.0,125.0,3.5,2.1,0.3395,2.94,50.0,0.0,0.0,1.0,1.0,1.0,0.02,2.0,2000.0,6.8,0.027,0.0,0.0,124.8,0.499,3.475,0.348,2.056,0.206,0.339,1.043,2.953,0.844,5.407,2.967,1.626,10.0,Sample
2413,0 days 00:20:22,37.0,J14,3702,J,14,GFP-Gext,Plate 1,2026-03-19 12:22:56,Cytation5,22,5.0,1.8,1.8,7.0,0.0,125.0,3.5,2.1,0.3395,2.94,50.0,0.0,0.0,1.0,1.0,1.0,0.02,2.0,2000.0,6.8,0.027,0.0,0.0,124.8,0.499,3.475,0.348,2.056,0.206,0.339,1.043,2.953,0.844,5.407,2.967,1.626,10.0,Sample
2414,0 days 00:25:22,37.1,J14,7656,J,14,GFP-Gext,Plate 1,2026-03-19 12:27:56,Cytation5,22,5.0,1.8,1.8,7.0,0.0,125.0,3.5,2.1,0.3395,2.94,50.0,0.0,0.0,1.0,1.0,1.0,0.02,2.0,2000.0,6.8,0.027,0.0,0.0,124.8,0.499,3.475,0.348,2.056,0.206,0.339,1.043,2.953,0.844,5.407,2.967,1.626,10.0,Sample
2415,0 days 00:30:22,37.0,J14,12917,J,14,GFP-Gext,Plate 1,2026-03-19 12:32:56,Cytation5,22,5.0,1.8,1.8,7.0,0.0,125.0,3.5,2.1,0.3395,2.94,50.0,0.0,0.0,1.0,1.0,1.0,0.02,2.0,2000.0,6.8,0.027,0.0,0.0,124.8,0.499,3.475,0.348,2.056,0.206,0.339,1.043,2.953,0.844,5.407,2.967,1.626,10.0,Sample
2416,0 days 00:35:22,37.0,J14,19180,J,14,GFP-Gext,Plate 1,2026-03-19 12:37:56,Cytation5,22,5.0,1.8,1.8,7.0,0.0,125.0,3.5,2.1,0.3395,2.94,50.0,0.0,0.0,1.0,1.0,1.0,0.02,2.0,2000.0,6.8,0.027,0.0,0.0,124.8,0.499,3.475,0.348,2.056,0.206,0.339,1.043,2.953,0.844,5.407,2.967,1.626,10.0,Sample
2417,0 days 00:40:22,37.0,J14,25393,J,14,GFP-Gext,Plate 1,2026-03-19 12:42:56,Cytation5,22,5.0,1.8,1.8,7.0,0.0,125.0,3.5,2.1,0.3395,2.94,50.0,0.0,0.0,1.0,1.0,1.0,0.02,2.0,2000.0,6.8,0.027,0.0,0.0,124.8,0.499,3.475,0.348,2.056,0.206,0.339,1.043,2.953,0.844,5.407,2.967,1.626,10.0,Sample
2418,0 days 00:45:22,36.9,J14,31510,J,14,GFP-Gext,Plate 1,2026-03-19 12:47:56,Cytation5,22,5.0,1.8,1.8,7.0,0.0,125.0,3.5,2.1,0.3395,2.94,50.0,0.0,0.0,1.0,1.0,1.0,0.02,2.0,2000.0,6.8,0.027,0.0,0.0,124.8,0.499,3.475,0.348,2.056,0.206,0.339,1.043,2.953,0.844,5.407,2.967,1.626,10.0,Sample
2419,0 days 00:50:22,37.0,J14,37088,J,14,GFP-Gext,Plate 1,2026-03-19 12:52:56,Cytation5,22,5.0,1.8,1.8,7.0,0.0,125.0,3.5,2.1,0.3395,2.94,50.0,0.0,0.0,1.0,1.0,1.0,0.02,2.0,2000.0,6.8,0.027,0.0,0.0,124.8,0.499,3.475,0.348,2.056,0.206,0.339,1.043,2.953,0.844,5.407,2.967,1.626,10.0,Sample
2420,0 days 00:55:22,37.0,J14,43054,J,14,GFP-Gext,Plate 1,2026-03-19 12:57:56,Cytation5,22,5.0,1.8,1.8,7.0,0.0,125.0,3.5,2.1,0.3395,2.94,50.0,0.0,0.0,1.0,1.0,1.0,0.02,2.0,2000.0,6.8,0.027,0.0,0.0,124.8,0.499,3.475,0.348,2.056,0.206,0.339,1.043,2.953,0.844,5.407,2.967,1.626,10.0,Sample
2421,0 days 01:00:22,37.0,J14,48122,J,14,GFP-Gext,Plate 1,2026-03-19 13:02:56,Cytation5,22,5.0,1.8,1.8,7.0,0.0,125.0,3.5,2.1,0.3395,2.94,50.0,0.0,0.0,1.0,1.0,1.0,0.02,2.0,2000.0,6.8,0.027,0.0,0.0,124.8,0.499,3.475,0.348,2.056,0.206,0.339,1.043,2.953,0.844,5.407,2.967,1.626,10.0,Sample
2422,0 days 01:05:22,37.0,J14,53070,J,14,GFP-Gext,Plate 1,2026-03-19 13:07:56,Cytation5,22,5.0,1.8,1.8,7.0,0.0,125.0,3.5,2.1,0.3395,2.94,50.0,0.0,0.0,1.0,1.0,1.0,0.02,2.0,2000.0,6.8,0.027,0.0,0.0,124.8,0.499,3.475,0.348,2.056,0.206,0.339,1.043,2.953,0.844,5.407,2.967,1.626,10.0,Sample
2423,0 days 01:10:22,37.0,J14,57356,J,14,GFP-Gext,Plate 1,2026-03-19 13:12:56,Cytation5,22,5.0,1.8,1.8,7.0,0.0,125.0,3.5,2.1,0.3395,2.94,50.0,0.0,0.0,1.0,1.0,1.0,0.02,2.0,2000.0,6.8,0.027,0.0,0.0,124.8,0.499,3.475,0.348,2.056,0.206,0.339,1.043,2.953,0.844,5.407,2.967,1.626,10.0,Sample
2424,0 days 01:15:22,37.0,J14,61412,J,14,GFP-Gext,Plate 1,2026-03-19 13:17:56,Cytation5,22,5.0,1.8,1.8,7.0,0.0,125.0,3.5,2.1,0.3395,2.94,50.0,0.0,0.0,1.0,1.0,1.0,0.02,2.0,2000.0,6.8,0.027,0.0,0.0,124.8,0.499,3.475,0.348,2.056,0.206,0.339,1.043,2.953,0.844,5.407,2.967,1.626,10.0,Sample
2425,0 days 01:20:22,37.0,J14,65988,J,14,GFP-Gext,Plate 1,2026-03-19 13:22:56,Cytation5,22,5.0,1.8,1.8,7.0,0.0,125.0,3.5,2.1,0.3395,2.94,50.0,0.0,0.0,1.0,1.0,1.0,0.02,2.0,2000.0,6.8,0.027,0.0,0.0,124.8,0.499,3.475,0.348,2.056,0.206,0.339,1.043,2.953,0.844,5.407,2.967,1.626,10.0,Sample
2426,0 days 01:25:22,37.1,J14,69991,J,14,GFP-Gext,Plate 1,2026-03-19 13:27:56,Cytation5,22,5.0,1.8,1.8,7.0,0.0,125.0,3.5,2.1,0.3395,2.94,50.0,0.0,0.0,1.0,1.0,1.0,0.02,2.0,2000.0,6.8,0.027,0.0,0.0,124.8,0.499,3.475,0.348,2.056,0.206,0.339,1.043,2.953,0.844,5.407,2.967,1.626,10.0,Sample
2427,0 days 01:30:22,37.1,J14,73920,J,14,GFP-Gext,Plate 1,2026-03-19 13:32:56,Cytation5,22,5.0,1.8,1.8,7.0,0.0,125.0,3.5,2.1,0.3395,2.94,50.0,0.0,0.0,1.0,1.0,1.0,0.02,2.0,2000.0,6.8,0.027,0.0,0.0,124.8,0.499,3.475,0.348,2.056,0.206,0.339,1.043,2.953,0.844,5.407,2.967,1.626,10.0,Sample
2428,0 days 01:35:22,37.0,J14,76738,J,14,GFP-Gext,Plate 1,2026-03-19 13:37:56,Cytation5,22,5.0,1.8,1.8,7.0,0.0,125.0,3.5,2.1,0.3395,2.94,50.0,0.0,0.0,1.0,1.0,1.0,0.02,2.0,2000.0,6.8,0.027,0.0,0.0,124.8,0.499,3.475,0.348,2.056,0.206,0.339,1.043,2.953,0.844,5.407,2.967,1.626,10.0,Sample
2429,0 days 01:40:22,37.0,J14,79376,J,14,GFP-Gext,Plate 1,2026-03-19 13:42:56,Cytation5,22,5.0,1.8,1.8,7.0,0.0,125.0,3.5,2.1,0.3395,2.94,50.0,0.0,0.0,1.0,1.0,1.0,0.02,2.0,2000.0,6.8,0.027,0.0,0.0,124.8,0.499,3.475,0.348,2.056,0.206,0.339,1.043,2.953,0.844,5.407,2.967,1.626,10.0,Sample
2430,0 days 01:45:22,37.0,J14,81394,J,14,GFP-Gext,Plate 1,2026-03-19 13:47:56,Cytation5,22,5.0,1.8,1.8,7.0,0.0,125.0,3.5,2.1,0.3395,2.94,50.0,0.0,0.0,1.0,1.0,1.0,0.02,2.0,2000.0,6.8,0.027,0.0,0.0,124.8,0.499,3.475,0.348,2.056,0.206,0.339,1.043,2.953,0.844,5.407,2.967,1.626,10.0,Sample
2431,0 days 01:50:22,36.9,J14,84225,J,14,GFP-Gext,Plate 1,2026-03-19 13:52:56,Cytation5,22,5.0,1.8,1.8,7.0,0.0,125.0,3.5,2.1,0.3395,2.94,50.0,0.0,0.0,1.0,1.0,1.0,0.02,2.0,2000.0,6.8,0.027,0.0,0.0,124.8,0.499,3.475,0.348,2.056,0.206,0.339,1.043,2.953,0.844,5.407,2.967,1.626,10.0,Sample
2432,0 days 01:55:22,37.0,J14,86440,J,14,GFP-Gext,Plate 1,2026-03-19 13:57:56,Cytation5,22,5.0,1.8,1.8,7.0,0.0,125.0,3.5,2.1,0.3395,2.94,50.0,0.0,0.0,1.0,1.0,1.0,0.02,2.0,2000.0,6.8,0.027,0.0,0.0,124.8,0.499,3.475,0.348,2.056,0.206,0.339,1.043,2.953,0.844,5.407,2.967,1.626,10.0,Sample
2433,0 days 02:00:22,37.0,J14,87646,J,14,GFP-Gext,Plate 1,2026-03-19 14:02:56,Cytation5,22,5.0,1.8,1.8,7.0,0.0,125.0,3.5,2.1,0.3395,2.94,50.0,0.0,0.0,1.0,1.0,1.0,0.02,2.0,2000.0,6.8,0.027,0.0,0.0,124.8,0.499,3.475,0.348,2.056,0.206,0.339,1.043,2.953,0.844,5.407,2.967,1.626,10.0,Sample
2434,0 days 02:05:22,37.0,J14,88762,J,14,GFP-Gext,Plate 1,2026-03-19 14:07:56,Cytation5,22,5.0,1.8,1.8,7.0,0.0,125.0,3.5,2.1,0.3395,2.94,50.0,0.0,0.0,1.0,1.0,1.0,0.02,2.0,2000.0,6.8,0.027,0.0,0.0,124.8,0.499,3.475,0.348,2.056,0.206,0.339,1.043,2.953,0.844,5.407,2.967,1.626,10.0,Sample
2435,0 days 02:10:22,37.0,J14,89971,J,14,GFP-Gext,Plate 1,2026-03-19 14:12:56,Cytation5,22,5.0,1.8,1.8,7.0,0.0,125.0,3.5,2.1,0.3395,2.94,50.0,0.0,0.0,1.0,1.0,1.0,0.02,2.0,2000.0,6.8,0.027,0.0,0.0,124.8,0.499,3.475,0.348,2.056,0.206,0.339,1.043,2.953,0.844,5.407,2.967,1.626,10.0,Sample
2436,0 days 02:15:22,37.0,J14,90548,J,14,GFP-Gext,Plate 1,2026-03-19 14:17:56,Cytation5,22,5.0,1.8,1.8,7.0,0.0,125.0,3.5,2.1,0.3395,2.94,50.0,0.0,0.0,1.0,1.0,1.0,0.02,2.0,2000.0,6.8,0.027,0.0,0.0,124.8,0.499,3.475,0.348,2.056,0.206,0.339,1.043,2.953,0.844,5.407,2.967,1.626,10.0,Sample
2437,0 days 02:20:22,37.0,J14,91759,J,14,GFP-Gext,Plate 1,2026-03-19 14:22:56,Cytation5,22,5.0,1.8,1.8,7.0,0.0,125.0,3.5,2.1,0.3395,2.94,50.0,0.0,0.0,1.0,1.0,1.0,0.02,2.0,2000.0,6.8,0.027,0.0,0.0,124.8,0.499,3.475,0.348,2.056,0.206,0.339,1.043,2.953,0.844,5.407,2.967,1.626,10.0,Sample
2438,0 days 02:25:22,37.0,J14,92067,J,14,GFP-Gext,Plate 1,2026-03-19 14:27:56,Cytation5,22,5.0,1.8,1.8,7.0,0.0,125.0,3.5,2.1,0.3395,2.94,50.0,0.0,0.0,1.0,1.0,1.0,0.02,2.0,2000.0,6.8,0.027,0.0,0.0,124.8,0.499,3.475,0.348,2.056,0.206,0.339,1.043,2.953,0.844,5.407,2.967,1.626,10.0,Sample
2439,0 days 02:30:22,37.1,J14,92428,J,14,GFP-Gext,Plate 1,2026-03-19 14:32:56,Cytation5,22,5.0,1.8,1.8,7.0,0.0,125.0,3.5,2.1,0.3395,2.94,50.0,0.0,0.0,1.0,1.0,1.0,0.02,2.0,2000.0,6.8,0.027,0.0,0.0,124.8,0.499,3.475,0.348,2.056,0.206,0.339,1.043,2.953,0.844,5.407,2.967,1.626,10.0,Sample
2440,0 days 02:35:22,37.0,J14,93257,J,14,GFP-Gext,Plate 1,2026-03-19 14:37:56,Cytation5,22,5.0,1.8,1.8,7.0,0.0,125.0,3.5,2.1,0.3395,2.94,50.0,0.0,0.0,1.0,1.0,1.0,0.02,2.0,2000.0,6.8,0.027,0.0,0.0,124.8,0.499,3.475,0.348,2.056,0.206,0.339,1.043,2.953,0.844,5.407,2.967,1.626,10.0,Sample
2441,0 days 02:40:22,37.0,J14,93249,J,14,GFP-Gext,Plate 1,2026-03-19 14:42:56,Cytation5,22,5.0,1.8,1.8,7.0,0.0,125.0,3.5,2.1,0.3395,2.94,50.0,0.0,0.0,1.0,1.0,1.0,0.02,2.0,2000.0,6.8,0.027,0.0,0.0,124.8,0.499,3.475,0.348,2.056,0.206,0.339,1.043,2.953,0.844,5.407,2.967,1.626,10.0,Sample
2442,0 days 02:45:22,37.1,J14,93214,J,14,GFP-Gext,Plate 1,2026-03-19 14:47:56,Cytation5,22,5.0,1.8,1.8,7.0,0.0,125.0,3.5,2.1,0.3395,2.94,50.0,0.0,0.0,1.0,1.0,1.0,0.02,2.0,2000.0,6.8,0.027,0.0,0.0,124.8,0.499,3.475,0.348,2.056,0.206,0.339,1.043,2.953,0.844,5.407,2.967,1.626,10.0,Sample
2443,0 days 02:50:22,37.0,J14,92804,J,14,GFP-Gext,Plate 1,2026-03-19 14:52:56,Cytation5,22,5.0,1.8,1.8,7.0,0.0,125.0,3.5,2.1,0.3395,2.94,50.0,0.0,0.0,1.0,1.0,1.0,0.02,2.0,2000.0,6.8,0.027,0.0,0.0,124.8,0.499,3.475,0.348,2.056,0.206,0.339,1.043,2.953,0.844,5.407,2.967,1.626,10.0,Sample
2444,0 days 02:55:22,37.0,J14,93812,J,14,GFP-Gext,Plate 1,2026-03-19 14:57:56,Cytation5,22,5.0,1.8,1.8,7.0,0.0,125.0,3.5,2.1,0.3395,2.94,50.0,0.0,0.0,1.0,1.0,1.0,0.02,2.0,2000.0,6.8,0.027,0.0,0.0,124.8,0.499,3.475,0.348,2.056,0.206,0.339,1.043,2.953,0.844,5.407,2.967,1.626,10.0,Sample
2445,0 days 03:00:22,37.0,J14,93858,J,14,GFP-Gext,Plate 1,2026-03-19 15:02:56,Cytation5,22,5.0,1.8,1.8,7.0,0.0,125.0,3.5,2.1,0.3395,2.94,50.0,0.0,0.0,1.0,1.0,1.0,0.02,2.0,2000.0,6.8,0.027,0.0,0.0,124.8,0.499,3.475,0.348,2.056,0.206,0.339,1.043,2.953,0.844,5.407,2.967,1.626,10.0,Sample
2446,0 days 03:05:22,37.0,J14,94202,J,14,GFP-Gext,Plate 1,2026-03-19 15:07:56,Cytation5,22,5.0,1.8,1.8,7.0,0.0,125.0,3.5,2.1,0.3395,2.94,50.0,0.0,0.0,1.0,1.0,1.0,0.02,2.0,2000.0,6.8,0.027,0.0,0.0,124.8,0.499,3.475,0.348,2.056,0.206,0.339,1.043,2.953,0.844,5.407,2.967,1.626,10.0,Sample
2447,0 days 03:10:22,37.0,J14,94446,J,14,GFP-Gext,Plate 1,2026-03-19 15:12:56,Cytation5,22,5.0,1.8,1.8,7.0,0.0,125.0,3.5,2.1,0.3395,2.94,50.0,0.0,0.0,1.0,1.0,1.0,0.02,2.0,2000.0,6.8,0.027,0.0,0.0,124.8,0.499,3.475,0.348,2.056,0.206,0.339,1.043,2.953,0.844,5.407,2.967,1.626,10.0,Sample
2448,0 days 03:15:22,37.0,J14,94003,J,14,GFP-Gext,Plate 1,2026-03-19 15:17:56,Cytation5,22,5.0,1.8,1.8,7.0,0.0,125.0,3.5,2.1,0.3395,2.94,50.0,0.0,0.0,1.0,1.0,1.0,0.02,2.0,2000.0,6.8,0.027,0.0,0.0,124.8,0.499,3.475,0.348,2.056,0.206,0.339,1.043,2.953,0.844,5.407,2.967,1.626,10.0,Sample
2449,0 days 03:20:22,37.0,J14,94463,J,14,GFP-Gext,Plate 1,2026-03-19 15:22:56,Cytation5,22,5.0,1.8,1.8,7.0,0.0,125.0,3.5,2.1,0.3395,2.94,50.0,0.0,0.0,1.0,1.0,1.0,0.02,2.0,2000.0,6.8,0.027,0.0,0.0,124.8,0.499,3.475,0.348,2.056,0.206,0.339,1.043,2.953,0.844,5.407,2.967,1.626,10.0,Sample
2450,0 days 03:25:22,37.1,J14,94163,J,14,GFP-Gext,Plate 1,2026-03-19 15:27:56,Cytation5,22,5.0,1.8,1.8,7.0,0.0,125.0,3.5,2.1,0.3395,2.94,50.0,0.0,0.0,1.0,1.0,1.0,0.02,2.0,2000.0,6.8,0.027,0.0,0.0,124.8,0.499,3.475,0.348,2.056,0.206,0.339,1.043,2.953,0.844,5.407,2.967,1.626,10.0,Sample
2451,0 days 03:30:22,36.9,J14,94200,J,14,GFP-Gext,Plate 1,2026-03-19 15:32:56,Cytation5,22,5.0,1.8,1.8,7.0,0.0,125.0,3.5,2.1,0.3395,2.94,50.0,0.0,0.0,1.0,1.0,1.0,0.02,2.0,2000.0,6.8,0.027,0.0,0.0,124.8,0.499,3.475,0.348,2.056,0.206,0.339,1.043,2.953,0.844,5.407,2.967,1.626,10.0,Sample
2452,0 days 03:35:22,37.1,J14,94817,J,14,GFP-Gext,Plate 1,2026-03-19 15:37:56,Cytation5,22,5.0,1.8,1.8,7.0,0.0,125.0,3.5,2.1,0.3395,2.94,50.0,0.0,0.0,1.0,1.0,1.0,0.02,2.0,2000.0,6.8,0.027,0.0,0.0,124.8,0.499,3.475,0.348,2.056,0.206,0.339,1.043,2.953,0.844,5.407,2.967,1.626,10.0,Sample
2453,0 days 03:40:22,37.0,J14,94182,J,14,GFP-Gext,Plate 1,2026-03-19 15:42:56,Cytation5,22,5.0,1.8,1.8,7.0,0.0,125.0,3.5,2.1,0.3395,2.94,50.0,0.0,0.0,1.0,1.0,1.0,0.02,2.0,2000.0,6.8,0.027,0.0,0.0,124.8,0.499,3.475,0.348,2.056,0.206,0.339,1.043,2.953,0.844,5.407,2.967,1.626,10.0,Sample
2454,0 days 03:45:22,37.0,J14,94689,J,14,GFP-Gext,Plate 1,2026-03-19 15:47:56,Cytation5,22,5.0,1.8,1.8,7.0,0.0,125.0,3.5,2.1,0.3395,2.94,50.0,0.0,0.0,1.0,1.0,1.0,0.02,2.0,2000.0,6.8,0.027,0.0,0.0,124.8,0.499,3.475,0.348,2.056,0.206,0.339,1.043,2.953,0.844,5.407,2.967,1.626,10.0,Sample
2455,0 days 03:50:22,37.0,J14,94255,J,14,GFP-Gext,Plate 1,2026-03-19 15:52:56,Cytation5,22,5.0,1.8,1.8,7.0,0.0,125.0,3.5,2.1,0.3395,2.94,50.0,0.0,0.0,1.0,1.0,1.0,0.02,2.0,2000.0,6.8,0.027,0.0,0.0,124.8,0.499,3.475,0.348,2.056,0.206,0.339,1.043,2.953,0.844,5.407,2.967,1.626,10.0,Sample
2456,0 days 03:55:22,37.1,J14,94859,J,14,GFP-Gext,Plate 1,2026-03-19 15:57:56,Cytation5,22,5.0,1.8,1.8,7.0,0.0,125.0,3.5,2.1,0.3395,2.94,50.0,0.0,0.0,1.0,1.0,1.0,0.02,2.0,2000.0,6.8,0.027,0.0,0.0,124.8,0.499,3.475,0.348,2.056,0.206,0.339,1.043,2.953,0.844,5.407,2.967,1.626,10.0,Sample
2457,0 days 04:00:22,37.0,J14,93861,J,14,GFP-Gext,Plate 1,2026-03-19 16:02:56,Cytation5,22,5.0,1.8,1.8,7.0,0.0,125.0,3.5,2.1,0.3395,2.94,50.0,0.0,0.0,1.0,1.0,1.0,0.02,2.0,2000.0,6.8,0.027,0.0,0.0,124.8,0.499,3.475,0.348,2.056,0.206,0.339,1.043,2.953,0.844,5.407,2.967,1.626,10.0,Sample
2458,0 days 04:05:22,37.1,J14,94273,J,14,GFP-Gext,Plate 1,2026-03-19 16:07:56,Cytation5,22,5.0,1.8,1.8,7.0,0.0,125.0,3.5,2.1,0.3395,2.94,50.0,0.0,0.0,1.0,1.0,1.0,0.02,2.0,2000.0,6.8,0.027,0.0,0.0,124.8,0.499,3.475,0.348,2.056,0.206,0.339,1.043,2.953,0.844,5.407,2.967,1.626,10.0,Sample
2459,0 days 04:10:22,37.0,J14,94346,J,14,GFP-Gext,Plate 1,2026-03-19 16:12:56,Cytation5,22,5.0,1.8,1.8,7.0,0.0,125.0,3.5,2.1,0.3395,2.94,50.0,0.0,0.0,1.0,1.0,1.0,0.02,2.0,2000.0,6.8,0.027,0.0,0.0,124.8,0.499,3.475,0.348,2.056,0.206,0.339,1.043,2.953,0.844,5.407,2.967,1.626,10.0,Sample
2460,0 days 04:15:22,37.0,J14,93597,J,14,GFP-Gext,Plate 1,2026-03-19 16:17:56,Cytation5,22,5.0,1.8,1.8,7.0,0.0,125.0,3.5,2.1,0.3395,2.94,50.0,0.0,0.0,1.0,1.0,1.0,0.02,2.0,2000.0,6.8,0.027,0.0,0.0,124.8,0.499,3.475,0.348,2.056,0.206,0.339,1.043,2.953,0.844,5.407,2.967,1.626,10.0,Sample
2461,0 days 04:20:22,37.0,J14,94533,J,14,GFP-Gext,Plate 1,2026-03-19 16:22:56,Cytation5,22,5.0,1.8,1.8,7.0,0.0,125.0,3.5,2.1,0.3395,2.94,50.0,0.0,0.0,1.0,1.0,1.0,0.02,2.0,2000.0,6.8,0.027,0.0,0.0,124.8,0.499,3.475,0.348,2.056,0.206,0.339,1.043,2.953,0.844,5.407,2.967,1.626,10.0,Sample
2462,0 days 04:25:22,37.1,J14,93998,J,14,GFP-Gext,Plate 1,2026-03-19 16:27:56,Cytation5,22,5.0,1.8,1.8,7.0,0.0,125.0,3.5,2.1,0.3395,2.94,50.0,0.0,0.0,1.0,1.0,1.0,0.02,2.0,2000.0,6.8,0.027,0.0,0.0,124.8,0.499,3.475,0.348,2.056,0.206,0.339,1.043,2.953,0.844,5.407,2.967,1.626,10.0,Sample
2463,0 days 04:30:22,37.0,J14,93340,J,14,GFP-Gext,Plate 1,2026-03-19 16:32:56,Cytation5,22,5.0,1.8,1.8,7.0,0.0,125.0,3.5,2.1,0.3395,2.94,50.0,0.0,0.0,1.0,1.0,1.0,0.02,2.0,2000.0,6.8,0.027,0.0,0.0,124.8,0.499,3.475,0.348,2.056,0.206,0.339,1.043,2.953,0.844,5.407,2.967,1.626,10.0,Sample
2464,0 days 04:35:22,37.0,J14,94355,J,14,GFP-Gext,Plate 1,2026-03-19 16:37:56,Cytation5,22,5.0,1.8,1.8,7.0,0.0,125.0,3.5,2.1,0.3395,2.94,50.0,0.0,0.0,1.0,1.0,1.0,0.02,2.0,2000.0,6.8,0.027,0.0,0.0,124.8,0.499,3.475,0.348,2.056,0.206,0.339,1.043,2.953,0.844,5.407,2.967,1.626,10.0,Sample
2465,0 days 04:40:22,37.0,J14,94230,J,14,GFP-Gext,Plate 1,2026-03-19 16:42:56,Cytation5,22,5.0,1.8,1.8,7.0,0.0,125.0,3.5,2.1,0.3395,2.94,50.0,0.0,0.0,1.0,1.0,1.0,0.02,2.0,2000.0,6.8,0.027,0.0,0.0,124.8,0.499,3.475,0.348,2.056,0.206,0.339,1.043,2.953,0.844,5.407,2.967,1.626,10.0,Sample
2466,0 days 04:45:22,37.0,J14,94119,J,14,GFP-Gext,Plate 1,2026-03-19 16:47:56,Cytation5,22,5.0,1.8,1.8,7.0,0.0,125.0,3.5,2.1,0.3395,2.94,50.0,0.0,0.0,1.0,1.0,1.0,0.02,2.0,2000.0,6.8,0.027,0.0,0.0,124.8,0.499,3.475,0.348,2.056,0.206,0.339,1.043,2.953,0.844,5.407,2.967,1.626,10.0,Sample
2467,0 days 04:50:22,37.0,J14,93851,J,14,GFP-Gext,Plate 1,2026-03-19 16:52:56,Cytation5,22,5.0,1.8,1.8,7.0,0.0,125.0,3.5,2.1,0.3395,2.94,50.0,0.0,0.0,1.0,1.0,1.0,0.02,2.0,2000.0,6.8,0.027,0.0,0.0,124.8,0.499,3.475,0.348,2.056,0.206,0.339,1.043,2.953,0.844,5.407,2.967,1.626,10.0,Sample
2468,0 days 04:55:22,37.1,J14,94143,J,14,GFP-Gext,Plate 1,2026-03-19 16:57:56,Cytation5,22,5.0,1.8,1.8,7.0,0.0,125.0,3.5,2.1,0.3395,2.94,50.0,0.0,0.0,1.0,1.0,1.0,0.02,2.0,2000.0,6.8,0.027,0.0,0.0,124.8,0.499,3.475,0.348,2.056,0.206,0.339,1.043,2.953,0.844,5.407,2.967,1.626,10.0,Sample
2469,0 days 05:00:22,37.1,J14,94679,J,14,GFP-Gext,Plate 1,2026-03-19 17:02:56,Cytation5,22,5.0,1.8,1.8,7.0,0.0,125.0,3.5,2.1,0.3395,2.94,50.0,0.0,0.0,1.0,1.0,1.0,0.02,2.0,2000.0,6.8,0.027,0.0,0.0,124.8,0.499,3.475,0.348,2.056,0.206,0.339,1.043,2.953,0.844,5.407,2.967,1.626,10.0,Sample
2470,0 days 05:05:22,37.0,J14,94172,J,14,GFP-Gext,Plate 1,2026-03-19 17:07:56,Cytation5,22,5.0,1.8,1.8,7.0,0.0,125.0,3.5,2.1,0.3395,2.94,50.0,0.0,0.0,1.0,1.0,1.0,0.02,2.0,2000.0,6.8,0.027,0.0,0.0,124.8,0.499,3.475,0.348,2.056,0.206,0.339,1.043,2.953,0.844,5.407,2.967,1.626,10.0,Sample
2471,0 days 05:10:22,37.0,J14,93726,J,14,GFP-Gext,Plate 1,2026-03-19 17:12:56,Cytation5,22,5.0,1.8,1.8,7.0,0.0,125.0,3.5,2.1,0.3395,2.94,50.0,0.0,0.0,1.0,1.0,1.0,0.02,2.0,2000.0,6.8,0.027,0.0,0.0,124.8,0.499,3.475,0.348,2.056,0.206,0.339,1.043,2.953,0.844,5.407,2.967,1.626,10.0,Sample
2472,0 days 05:15:22,37.1,J14,94035,J,14,GFP-Gext,Plate 1,2026-03-19 17:17:56,Cytation5,22,5.0,1.8,1.8,7.0,0.0,125.0,3.5,2.1,0.3395,2.94,50.0,0.0,0.0,1.0,1.0,1.0,0.02,2.0,2000.0,6.8,0.027,0.0,0.0,124.8,0.499,3.475,0.348,2.056,0.206,0.339,1.043,2.953,0.844,5.407,2.967,1.626,10.0,Sample
2473,0 days 05:20:22,37.0,J14,93851,J,14,GFP-Gext,Plate 1,2026-03-19 17:22:56,Cytation5,22,5.0,1.8,1.8,7.0,0.0,125.0,3.5,2.1,0.3395,2.94,50.0,0.0,0.0,1.0,1.0,1.0,0.02,2.0,2000.0,6.8,0.027,0.0,0.0,124.8,0.499,3.475,0.348,2.056,0.206,0.339,1.043,2.953,0.844,5.407,2.967,1.626,10.0,Sample
2474,0 days 05:25:22,37.0,J14,93850,J,14,GFP-Gext,Plate 1,2026-03-19 17:27:56,Cytation5,22,5.0,1.8,1.8,7.0,0.0,125.0,3.5,2.1,0.3395,2.94,50.0,0.0,0.0,1.0,1.0,1.0,0.02,2.0,2000.0,6.8,0.027,0.0,0.0,124.8,0.499,3.475,0.348,2.056,0.206,0.339,1.043,2.953,0.844,5.407,2.967,1.626,10.0,Sample
2475,0 days 05:30:22,37.0,J14,93689,J,14,GFP-Gext,Plate 1,2026-03-19 17:32:56,Cytation5,22,5.0,1.8,1.8,7.0,0.0,125.0,3.5,2.1,0.3395,2.94,50.0,0.0,0.0,1.0,1.0,1.0,0.02,2.0,2000.0,6.8,0.027,0.0,0.0,124.8,0.499,3.475,0.348,2.056,0.206,0.339,1.043,2.953,0.844,5.407,2.967,1.626,10.0,Sample
2476,0 days 05:35:22,37.0,J14,93812,J,14,GFP-Gext,Plate 1,2026-03-19 17:37:56,Cytation5,22,5.0,1.8,1.8,7.0,0.0,125.0,3.5,2.1,0.3395,2.94,50.0,0.0,0.0,1.0,1.0,1.0,0.02,2.0,2000.0,6.8,0.027,0.0,0.0,124.8,0.499,3.475,0.348,2.056,0.206,0.339,1.043,2.953,0.844,5.407,2.967,1.626,10.0,Sample
2477,0 days 05:40:22,37.0,J14,93906,J,14,GFP-Gext,Plate 1,2026-03-19 17:42:56,Cytation5,22,5.0,1.8,1.8,7.0,0.0,125.0,3.5,2.1,0.3395,2.94,50.0,0.0,0.0,1.0,1.0,1.0,0.02,2.0,2000.0,6.8,0.027,0.0,0.0,124.8,0.499,3.475,0.348,2.056,0.206,0.339,1.043,2.953,0.844,5.407,2.967,1.626,10.0,Sample
2478,0 days 05:45:22,37.0,J14,93638,J,14,GFP-Gext,Plate 1,2026-03-19 17:47:56,Cytation5,22,5.0,1.8,1.8,7.0,0.0,125.0,3.5,2.1,0.3395,2.94,50.0,0.0,0.0,1.0,1.0,1.0,0.02,2.0,2000.0,6.8,0.027,0.0,0.0,124.8,0.499,3.475,0.348,2.056,0.206,0.339,1.043,2.953,0.844,5.407,2.967,1.626,10.0,Sample
2479,0 days 05:50:22,37.0,J14,94263,J,14,GFP-Gext,Plate 1,2026-03-19 17:52:56,Cytation5,22,5.0,1.8,1.8,7.0,0.0,125.0,3.5,2.1,0.3395,2.94,50.0,0.0,0.0,1.0,1.0,1.0,0.02,2.0,2000.0,6.8,0.027,0.0,0.0,124.8,0.499,3.475,0.348,2.056,0.206,0.339,1.043,2.953,0.844,5.407,2.967,1.626,10.0,Sample
2480,0 days 05:55:22,37.0,J14,93861,J,14,GFP-Gext,Plate 1,2026-03-19 17:57:56,Cytation5,22,5.0,1.8,1.8,7.0,0.0,125.0,3.5,2.1,0.3395,2.94,50.0,0.0,0.0,1.0,1.0,1.0,0.02,2.0,2000.0,6.8,0.027,0.0,0.0,124.8,0.499,3.475,0.348,2.056,0.206,0.339,1.043,2.953,0.844,5.407,2.967,1.626,10.0,Sample
2481,0 days 06:00:22,37.0,J14,93729,J,14,GFP-Gext,Plate 1,2026-03-19 18:02:56,Cytation5,22,5.0,1.8,1.8,7.0,0.0,125.0,3.5,2.1,0.3395,2.94,50.0,0.0,0.0,1.0,1.0,1.0,0.02,2.0,2000.0,6.8,0.027,0.0,0.0,124.8,0.499,3.475,0.348,2.056,0.206,0.339,1.043,2.953,0.844,5.407,2.967,1.626,10.0,Sample
2482,0 days 00:00:22,27.7,J15,359,J,15,GFP-Gext,Plate 1,2026-03-19 12:02:56,Cytation5,3,5.0,1.8,1.8,7.0,45.0,77.5,2.9,2.0,0.2975,1.855,50.0,0.0,0.0,1.0,1.0,1.0,0.02,2.0,2000.0,6.7,0.027,44.7,0.447,76.9,0.308,2.876,0.288,2.036,0.204,0.299,0.92,1.84,0.526,5.407,2.72,1.873,10.0,Sample
2483,0 days 00:05:22,33.8,J15,376,J,15,GFP-Gext,Plate 1,2026-03-19 12:07:56,Cytation5,3,5.0,1.8,1.8,7.0,45.0,77.5,2.9,2.0,0.2975,1.855,50.0,0.0,0.0,1.0,1.0,1.0,0.02,2.0,2000.0,6.7,0.027,44.7,0.447,76.9,0.308,2.876,0.288,2.036,0.204,0.299,0.92,1.84,0.526,5.407,2.72,1.873,10.0,Sample
2484,0 days 00:10:22,37.0,J15,593,J,15,GFP-Gext,Plate 1,2026-03-19 12:12:56,Cytation5,3,5.0,1.8,1.8,7.0,45.0,77.5,2.9,2.0,0.2975,1.855,50.0,0.0,0.0,1.0,1.0,1.0,0.02,2.0,2000.0,6.7,0.027,44.7,0.447,76.9,0.308,2.876,0.288,2.036,0.204,0.299,0.92,1.84,0.526,5.407,2.72,1.873,10.0,Sample
2485,0 days 00:15:22,37.0,J15,1366,J,15,GFP-Gext,Plate 1,2026-03-19 12:17:56,Cytation5,3,5.0,1.8,1.8,7.0,45.0,77.5,2.9,2.0,0.2975,1.855,50.0,0.0,0.0,1.0,1.0,1.0,0.02,2.0,2000.0,6.7,0.027,44.7,0.447,76.9,0.308,2.876,0.288,2.036,0.204,0.299,0.92,1.84,0.526,5.407,2.72,1.873,10.0,Sample
2486,0 days 00:20:22,37.0,J15,2352,J,15,GFP-Gext,Plate 1,2026-03-19 12:22:56,Cytation5,3,5.0,1.8,1.8,7.0,45.0,77.5,2.9,2.0,0.2975,1.855,50.0,0.0,0.0,1.0,1.0,1.0,0.02,2.0,2000.0,6.7,0.027,44.7,0.447,76.9,0.308,2.876,0.288,2.036,0.204,0.299,0.92,1.84,0.526,5.407,2.72,1.873,10.0,Sample
2487,0 days 00:25:22,37.1,J15,3550,J,15,GFP-Gext,Plate 1,2026-03-19 12:27:56,Cytation5,3,5.0,1.8,1.8,7.0,45.0,77.5,2.9,2.0,0.2975,1.855,50.0,0.0,0.0,1.0,1.0,1.0,0.02,2.0,2000.0,6.7,0.027,44.7,0.447,76.9,0.308,2.876,0.288,2.036,0.204,0.299,0.92,1.84,0.526,5.407,2.72,1.873,10.0,Sample
2488,0 days 00:30:22,37.0,J15,5076,J,15,GFP-Gext,Plate 1,2026-03-19 12:32:56,Cytation5,3,5.0,1.8,1.8,7.0,45.0,77.5,2.9,2.0,0.2975,1.855,50.0,0.0,0.0,1.0,1.0,1.0,0.02,2.0,2000.0,6.7,0.027,44.7,0.447,76.9,0.308,2.876,0.288,2.036,0.204,0.299,0.92,1.84,0.526,5.407,2.72,1.873,10.0,Sample
2489,0 days 00:35:22,37.0,J15,6328,J,15,GFP-Gext,Plate 1,2026-03-19 12:37:56,Cytation5,3,5.0,1.8,1.8,7.0,45.0,77.5,2.9,2.0,0.2975,1.855,50.0,0.0,0.0,1.0,1.0,1.0,0.02,2.0,2000.0,6.7,0.027,44.7,0.447,76.9,0.308,2.876,0.288,2.036,0.204,0.299,0.92,1.84,0.526,5.407,2.72,1.873,10.0,Sample
2490,0 days 00:40:22,37.0,J15,7696,J,15,GFP-Gext,Plate 1,2026-03-19 12:42:56,Cytation5,3,5.0,1.8,1.8,7.0,45.0,77.5,2.9,2.0,0.2975,1.855,50.0,0.0,0.0,1.0,1.0,1.0,0.02,2.0,2000.0,6.7,0.027,44.7,0.447,76.9,0.308,2.876,0.288,2.036,0.204,0.299,0.92,1.84,0.526,5.407,2.72,1.873,10.0,Sample
2491,0 days 00:45:22,36.9,J15,8991,J,15,GFP-Gext,Plate 1,2026-03-19 12:47:56,Cytation5,3,5.0,1.8,1.8,7.0,45.0,77.5,2.9,2.0,0.2975,1.855,50.0,0.0,0.0,1.0,1.0,1.0,0.02,2.0,2000.0,6.7,0.027,44.7,0.447,76.9,0.308,2.876,0.288,2.036,0.204,0.299,0.92,1.84,0.526,5.407,2.72,1.873,10.0,Sample
2492,0 days 00:50:22,37.0,J15,10248,J,15,GFP-Gext,Plate 1,2026-03-19 12:52:56,Cytation5,3,5.0,1.8,1.8,7.0,45.0,77.5,2.9,2.0,0.2975,1.855,50.0,0.0,0.0,1.0,1.0,1.0,0.02,2.0,2000.0,6.7,0.027,44.7,0.447,76.9,0.308,2.876,0.288,2.036,0.204,0.299,0.92,1.84,0.526,5.407,2.72,1.873,10.0,Sample
2493,0 days 00:55:22,37.0,J15,11901,J,15,GFP-Gext,Plate 1,2026-03-19 12:57:56,Cytation5,3,5.0,1.8,1.8,7.0,45.0,77.5,2.9,2.0,0.2975,1.855,50.0,0.0,0.0,1.0,1.0,1.0,0.02,2.0,2000.0,6.7,0.027,44.7,0.447,76.9,0.308,2.876,0.288,2.036,0.204,0.299,0.92,1.84,0.526,5.407,2.72,1.873,10.0,Sample
2494,0 days 01:00:22,37.0,J15,12654,J,15,GFP-Gext,Plate 1,2026-03-19 13:02:56,Cytation5,3,5.0,1.8,1.8,7.0,45.0,77.5,2.9,2.0,0.2975,1.855,50.0,0.0,0.0,1.0,1.0,1.0,0.02,2.0,2000.0,6.7,0.027,44.7,0.447,76.9,0.308,2.876,0.288,2.036,0.204,0.299,0.92,1.84,0.526,5.407,2.72,1.873,10.0,Sample
2495,0 days 01:05:22,37.0,J15,13003,J,15,GFP-Gext,Plate 1,2026-03-19 13:07:56,Cytation5,3,5.0,1.8,1.8,7.0,45.0,77.5,2.9,2.0,0.2975,1.855,50.0,0.0,0.0,1.0,1.0,1.0,0.02,2.0,2000.0,6.7,0.027,44.7,0.447,76.9,0.308,2.876,0.288,2.036,0.204,0.299,0.92,1.84,0.526,5.407,2.72,1.873,10.0,Sample
2496,0 days 01:10:22,37.0,J15,13339,J,15,GFP-Gext,Plate 1,2026-03-19 13:12:56,Cytation5,3,5.0,1.8,1.8,7.0,45.0,77.5,2.9,2.0,0.2975,1.855,50.0,0.0,0.0,1.0,1.0,1.0,0.02,2.0,2000.0,6.7,0.027,44.7,0.447,76.9,0.308,2.876,0.288,2.036,0.204,0.299,0.92,1.84,0.526,5.407,2.72,1.873,10.0,Sample
2497,0 days 01:15:22,37.0,J15,13855,J,15,GFP-Gext,Plate 1,2026-03-19 13:17:56,Cytation5,3,5.0,1.8,1.8,7.0,45.0,77.5,2.9,2.0,0.2975,1.855,50.0,0.0,0.0,1.0,1.0,1.0,0.02,2.0,2000.0,6.7,0.027,44.7,0.447,76.9,0.308,2.876,0.288,2.036,0.204,0.299,0.92,1.84,0.526,5.407,2.72,1.873,10.0,Sample
2498,0 days 01:20:22,37.0,J15,14730,J,15,GFP-Gext,Plate 1,2026-03-19 13:22:56,Cytation5,3,5.0,1.8,1.8,7.0,45.0,77.5,2.9,2.0,0.2975,1.855,50.0,0.0,0.0,1.0,1.0,1.0,0.02,2.0,2000.0,6.7,0.027,44.7,0.447,76.9,0.308,2.876,0.288,2.036,0.204,0.299,0.92,1.84,0.526,5.407,2.72,1.873,10.0,Sample
2499,0 days 01:25:22,37.1,J15,14767,J,15,GFP-Gext,Plate 1,2026-03-19 13:27:56,Cytation5,3,5.0,1.8,1.8,7.0,45.0,77.5,2.9,2.0,0.2975,1.855,50.0,0.0,0.0,1.0,1.0,1.0,0.02,2.0,2000.0,6.7,0.027,44.7,0.447,76.9,0.308,2.876,0.288,2.036,0.204,0.299,0.92,1.84,0.526,5.407,2.72,1.873,10.0,Sample
2500,0 days 01:30:22,37.1,J15,15348,J,15,GFP-Gext,Plate 1,2026-03-19 13:32:56,Cytation5,3,5.0,1.8,1.8,7.0,45.0,77.5,2.9,2.0,0.2975,1.855,50.0,0.0,0.0,1.0,1.0,1.0,0.02,2.0,2000.0,6.7,0.027,44.7,0.447,76.9,0.308,2.876,0.288,2.036,0.204,0.299,0.92,1.84,0.526,5.407,2.72,1.873,10.0,Sample
2501,0 days 01:35:22,37.0,J15,15771,J,15,GFP-Gext,Plate 1,2026-03-19 13:37:56,Cytation5,3,5.0,1.8,1.8,7.0,45.0,77.5,2.9,2.0,0.2975,1.855,50.0,0.0,0.0,1.0,1.0,1.0,0.02,2.0,2000.0,6.7,0.027,44.7,0.447,76.9,0.308,2.876,0.288,2.036,0.204,0.299,0.92,1.84,0.526,5.407,2.72,1.873,10.0,Sample
2502,0 days 01:40:22,37.0,J15,16229,J,15,GFP-Gext,Plate 1,2026-03-19 13:42:56,Cytation5,3,5.0,1.8,1.8,7.0,45.0,77.5,2.9,2.0,0.2975,1.855,50.0,0.0,0.0,1.0,1.0,1.0,0.02,2.0,2000.0,6.7,0.027,44.7,0.447,76.9,0.308,2.876,0.288,2.036,0.204,0.299,0.92,1.84,0.526,5.407,2.72,1.873,10.0,Sample
2503,0 days 01:45:22,37.0,J15,16600,J,15,GFP-Gext,Plate 1,2026-03-19 13:47:56,Cytation5,3,5.0,1.8,1.8,7.0,45.0,77.5,2.9,2.0,0.2975,1.855,50.0,0.0,0.0,1.0,1.0,1.0,0.02,2.0,2000.0,6.7,0.027,44.7,0.447,76.9,0.308,2.876,0.288,2.036,0.204,0.299,0.92,1.84,0.526,5.407,2.72,1.873,10.0,Sample
2504,0 days 01:50:22,36.9,J15,17196,J,15,GFP-Gext,Plate 1,2026-03-19 13:52:56,Cytation5,3,5.0,1.8,1.8,7.0,45.0,77.5,2.9,2.0,0.2975,1.855,50.0,0.0,0.0,1.0,1.0,1.0,0.02,2.0,2000.0,6.7,0.027,44.7,0.447,76.9,0.308,2.876,0.288,2.036,0.204,0.299,0.92,1.84,0.526,5.407,2.72,1.873,10.0,Sample
2505,0 days 01:55:22,37.0,J15,17446,J,15,GFP-Gext,Plate 1,2026-03-19 13:57:56,Cytation5,3,5.0,1.8,1.8,7.0,45.0,77.5,2.9,2.0,0.2975,1.855,50.0,0.0,0.0,1.0,1.0,1.0,0.02,2.0,2000.0,6.7,0.027,44.7,0.447,76.9,0.308,2.876,0.288,2.036,0.204,0.299,0.92,1.84,0.526,5.407,2.72,1.873,10.0,Sample
2506,0 days 02:00:22,37.0,J15,17985,J,15,GFP-Gext,Plate 1,2026-03-19 14:02:56,Cytation5,3,5.0,1.8,1.8,7.0,45.0,77.5,2.9,2.0,0.2975,1.855,50.0,0.0,0.0,1.0,1.0,1.0,0.02,2.0,2000.0,6.7,0.027,44.7,0.447,76.9,0.308,2.876,0.288,2.036,0.204,0.299,0.92,1.84,0.526,5.407,2.72,1.873,10.0,Sample
2507,0 days 02:05:22,37.0,J15,18255,J,15,GFP-Gext,Plate 1,2026-03-19 14:07:56,Cytation5,3,5.0,1.8,1.8,7.0,45.0,77.5,2.9,2.0,0.2975,1.855,50.0,0.0,0.0,1.0,1.0,1.0,0.02,2.0,2000.0,6.7,0.027,44.7,0.447,76.9,0.308,2.876,0.288,2.036,0.204,0.299,0.92,1.84,0.526,5.407,2.72,1.873,10.0,Sample
2508,0 days 02:10:22,37.0,J15,18476,J,15,GFP-Gext,Plate 1,2026-03-19 14:12:56,Cytation5,3,5.0,1.8,1.8,7.0,45.0,77.5,2.9,2.0,0.2975,1.855,50.0,0.0,0.0,1.0,1.0,1.0,0.02,2.0,2000.0,6.7,0.027,44.7,0.447,76.9,0.308,2.876,0.288,2.036,0.204,0.299,0.92,1.84,0.526,5.407,2.72,1.873,10.0,Sample
2509,0 days 02:15:22,37.0,J15,18840,J,15,GFP-Gext,Plate 1,2026-03-19 14:17:56,Cytation5,3,5.0,1.8,1.8,7.0,45.0,77.5,2.9,2.0,0.2975,1.855,50.0,0.0,0.0,1.0,1.0,1.0,0.02,2.0,2000.0,6.7,0.027,44.7,0.447,76.9,0.308,2.876,0.288,2.036,0.204,0.299,0.92,1.84,0.526,5.407,2.72,1.873,10.0,Sample
2510,0 days 02:20:22,37.0,J15,19170,J,15,GFP-Gext,Plate 1,2026-03-19 14:22:56,Cytation5,3,5.0,1.8,1.8,7.0,45.0,77.5,2.9,2.0,0.2975,1.855,50.0,0.0,0.0,1.0,1.0,1.0,0.02,2.0,2000.0,6.7,0.027,44.7,0.447,76.9,0.308,2.876,0.288,2.036,0.204,0.299,0.92,1.84,0.526,5.407,2.72,1.873,10.0,Sample
2511,0 days 02:25:22,37.0,J15,19342,J,15,GFP-Gext,Plate 1,2026-03-19 14:27:56,Cytation5,3,5.0,1.8,1.8,7.0,45.0,77.5,2.9,2.0,0.2975,1.855,50.0,0.0,0.0,1.0,1.0,1.0,0.02,2.0,2000.0,6.7,0.027,44.7,0.447,76.9,0.308,2.876,0.288,2.036,0.204,0.299,0.92,1.84,0.526,5.407,2.72,1.873,10.0,Sample
2512,0 days 02:30:22,37.1,J15,19560,J,15,GFP-Gext,Plate 1,2026-03-19 14:32:56,Cytation5,3,5.0,1.8,1.8,7.0,45.0,77.5,2.9,2.0,0.2975,1.855,50.0,0.0,0.0,1.0,1.0,1.0,0.02,2.0,2000.0,6.7,0.027,44.7,0.447,76.9,0.308,2.876,0.288,2.036,0.204,0.299,0.92,1.84,0.526,5.407,2.72,1.873,10.0,Sample
2513,0 days 02:35:22,37.0,J15,19766,J,15,GFP-Gext,Plate 1,2026-03-19 14:37:56,Cytation5,3,5.0,1.8,1.8,7.0,45.0,77.5,2.9,2.0,0.2975,1.855,50.0,0.0,0.0,1.0,1.0,1.0,0.02,2.0,2000.0,6.7,0.027,44.7,0.447,76.9,0.308,2.876,0.288,2.036,0.204,0.299,0.92,1.84,0.526,5.407,2.72,1.873,10.0,Sample
2514,0 days 02:40:22,37.0,J15,20060,J,15,GFP-Gext,Plate 1,2026-03-19 14:42:56,Cytation5,3,5.0,1.8,1.8,7.0,45.0,77.5,2.9,2.0,0.2975,1.855,50.0,0.0,0.0,1.0,1.0,1.0,0.02,2.0,2000.0,6.7,0.027,44.7,0.447,76.9,0.308,2.876,0.288,2.036,0.204,0.299,0.92,1.84,0.526,5.407,2.72,1.873,10.0,Sample
2515,0 days 02:45:22,37.1,J15,20170,J,15,GFP-Gext,Plate 1,2026-03-19 14:47:56,Cytation5,3,5.0,1.8,1.8,7.0,45.0,77.5,2.9,2.0,0.2975,1.855,50.0,0.0,0.0,1.0,1.0,1.0,0.02,2.0,2000.0,6.7,0.027,44.7,0.447,76.9,0.308,2.876,0.288,2.036,0.204,0.299,0.92,1.84,0.526,5.407,2.72,1.873,10.0,Sample
2516,0 days 02:50:22,37.0,J15,20443,J,15,GFP-Gext,Plate 1,2026-03-19 14:52:56,Cytation5,3,5.0,1.8,1.8,7.0,45.0,77.5,2.9,2.0,0.2975,1.855,50.0,0.0,0.0,1.0,1.0,1.0,0.02,2.0,2000.0,6.7,0.027,44.7,0.447,76.9,0.308,2.876,0.288,2.036,0.204,0.299,0.92,1.84,0.526,5.407,2.72,1.873,10.0,Sample
2517,0 days 02:55:22,37.0,J15,20451,J,15,GFP-Gext,Plate 1,2026-03-19 14:57:56,Cytation5,3,5.0,1.8,1.8,7.0,45.0,77.5,2.9,2.0,0.2975,1.855,50.0,0.0,0.0,1.0,1.0,1.0,0.02,2.0,2000.0,6.7,0.027,44.7,0.447,76.9,0.308,2.876,0.288,2.036,0.204,0.299,0.92,1.84,0.526,5.407,2.72,1.873,10.0,Sample
2518,0 days 03:00:22,37.0,J15,20401,J,15,GFP-Gext,Plate 1,2026-03-19 15:02:56,Cytation5,3,5.0,1.8,1.8,7.0,45.0,77.5,2.9,2.0,0.2975,1.855,50.0,0.0,0.0,1.0,1.0,1.0,0.02,2.0,2000.0,6.7,0.027,44.7,0.447,76.9,0.308,2.876,0.288,2.036,0.204,0.299,0.92,1.84,0.526,5.407,2.72,1.873,10.0,Sample
2519,0 days 03:05:22,37.0,J15,20720,J,15,GFP-Gext,Plate 1,2026-03-19 15:07:56,Cytation5,3,5.0,1.8,1.8,7.0,45.0,77.5,2.9,2.0,0.2975,1.855,50.0,0.0,0.0,1.0,1.0,1.0,0.02,2.0,2000.0,6.7,0.027,44.7,0.447,76.9,0.308,2.876,0.288,2.036,0.204,0.299,0.92,1.84,0.526,5.407,2.72,1.873,10.0,Sample
2520,0 days 03:10:22,37.0,J15,20795,J,15,GFP-Gext,Plate 1,2026-03-19 15:12:56,Cytation5,3,5.0,1.8,1.8,7.0,45.0,77.5,2.9,2.0,0.2975,1.855,50.0,0.0,0.0,1.0,1.0,1.0,0.02,2.0,2000.0,6.7,0.027,44.7,0.447,76.9,0.308,2.876,0.288,2.036,0.204,0.299,0.92,1.84,0.526,5.407,2.72,1.873,10.0,Sample
2521,0 days 03:15:22,37.0,J15,20868,J,15,GFP-Gext,Plate 1,2026-03-19 15:17:56,Cytation5,3,5.0,1.8,1.8,7.0,45.0,77.5,2.9,2.0,0.2975,1.855,50.0,0.0,0.0,1.0,1.0,1.0,0.02,2.0,2000.0,6.7,0.027,44.7,0.447,76.9,0.308,2.876,0.288,2.036,0.204,0.299,0.92,1.84,0.526,5.407,2.72,1.873,10.0,Sample
2522,0 days 03:20:22,37.0,J15,21102,J,15,GFP-Gext,Plate 1,2026-03-19 15:22:56,Cytation5,3,5.0,1.8,1.8,7.0,45.0,77.5,2.9,2.0,0.2975,1.855,50.0,0.0,0.0,1.0,1.0,1.0,0.02,2.0,2000.0,6.7,0.027,44.7,0.447,76.9,0.308,2.876,0.288,2.036,0.204,0.299,0.92,1.84,0.526,5.407,2.72,1.873,10.0,Sample
2523,0 days 03:25:22,37.1,J15,20956,J,15,GFP-Gext,Plate 1,2026-03-19 15:27:56,Cytation5,3,5.0,1.8,1.8,7.0,45.0,77.5,2.9,2.0,0.2975,1.855,50.0,0.0,0.0,1.0,1.0,1.0,0.02,2.0,2000.0,6.7,0.027,44.7,0.447,76.9,0.308,2.876,0.288,2.036,0.204,0.299,0.92,1.84,0.526,5.407,2.72,1.873,10.0,Sample
2524,0 days 03:30:22,36.9,J15,21172,J,15,GFP-Gext,Plate 1,2026-03-19 15:32:56,Cytation5,3,5.0,1.8,1.8,7.0,45.0,77.5,2.9,2.0,0.2975,1.855,50.0,0.0,0.0,1.0,1.0,1.0,0.02,2.0,2000.0,6.7,0.027,44.7,0.447,76.9,0.308,2.876,0.288,2.036,0.204,0.299,0.92,1.84,0.526,5.407,2.72,1.873,10.0,Sample
2525,0 days 03:35:22,37.1,J15,21441,J,15,GFP-Gext,Plate 1,2026-03-19 15:37:56,Cytation5,3,5.0,1.8,1.8,7.0,45.0,77.5,2.9,2.0,0.2975,1.855,50.0,0.0,0.0,1.0,1.0,1.0,0.02,2.0,2000.0,6.7,0.027,44.7,0.447,76.9,0.308,2.876,0.288,2.036,0.204,0.299,0.92,1.84,0.526,5.407,2.72,1.873,10.0,Sample
2526,0 days 03:40:22,37.0,J15,21170,J,15,GFP-Gext,Plate 1,2026-03-19 15:42:56,Cytation5,3,5.0,1.8,1.8,7.0,45.0,77.5,2.9,2.0,0.2975,1.855,50.0,0.0,0.0,1.0,1.0,1.0,0.02,2.0,2000.0,6.7,0.027,44.7,0.447,76.9,0.308,2.876,0.288,2.036,0.204,0.299,0.92,1.84,0.526,5.407,2.72,1.873,10.0,Sample
2527,0 days 03:45:22,37.0,J15,21397,J,15,GFP-Gext,Plate 1,2026-03-19 15:47:56,Cytation5,3,5.0,1.8,1.8,7.0,45.0,77.5,2.9,2.0,0.2975,1.855,50.0,0.0,0.0,1.0,1.0,1.0,0.02,2.0,2000.0,6.7,0.027,44.7,0.447,76.9,0.308,2.876,0.288,2.036,0.204,0.299,0.92,1.84,0.526,5.407,2.72,1.873,10.0,Sample
2528,0 days 03:50:22,37.0,J15,21649,J,15,GFP-Gext,Plate 1,2026-03-19 15:52:56,Cytation5,3,5.0,1.8,1.8,7.0,45.0,77.5,2.9,2.0,0.2975,1.855,50.0,0.0,0.0,1.0,1.0,1.0,0.02,2.0,2000.0,6.7,0.027,44.7,0.447,76.9,0.308,2.876,0.288,2.036,0.204,0.299,0.92,1.84,0.526,5.407,2.72,1.873,10.0,Sample
2529,0 days 03:55:22,37.1,J15,21185,J,15,GFP-Gext,Plate 1,2026-03-19 15:57:56,Cytation5,3,5.0,1.8,1.8,7.0,45.0,77.5,2.9,2.0,0.2975,1.855,50.0,0.0,0.0,1.0,1.0,1.0,0.02,2.0,2000.0,6.7,0.027,44.7,0.447,76.9,0.308,2.876,0.288,2.036,0.204,0.299,0.92,1.84,0.526,5.407,2.72,1.873,10.0,Sample
2530,0 days 04:00:22,37.0,J15,21178,J,15,GFP-Gext,Plate 1,2026-03-19 16:02:56,Cytation5,3,5.0,1.8,1.8,7.0,45.0,77.5,2.9,2.0,0.2975,1.855,50.0,0.0,0.0,1.0,1.0,1.0,0.02,2.0,2000.0,6.7,0.027,44.7,0.447,76.9,0.308,2.876,0.288,2.036,0.204,0.299,0.92,1.84,0.526,5.407,2.72,1.873,10.0,Sample
2531,0 days 04:05:22,37.1,J15,21439,J,15,GFP-Gext,Plate 1,2026-03-19 16:07:56,Cytation5,3,5.0,1.8,1.8,7.0,45.0,77.5,2.9,2.0,0.2975,1.855,50.0,0.0,0.0,1.0,1.0,1.0,0.02,2.0,2000.0,6.7,0.027,44.7,0.447,76.9,0.308,2.876,0.288,2.036,0.204,0.299,0.92,1.84,0.526,5.407,2.72,1.873,10.0,Sample
2532,0 days 04:10:22,37.0,J15,21406,J,15,GFP-Gext,Plate 1,2026-03-19 16:12:56,Cytation5,3,5.0,1.8,1.8,7.0,45.0,77.5,2.9,2.0,0.2975,1.855,50.0,0.0,0.0,1.0,1.0,1.0,0.02,2.0,2000.0,6.7,0.027,44.7,0.447,76.9,0.308,2.876,0.288,2.036,0.204,0.299,0.92,1.84,0.526,5.407,2.72,1.873,10.0,Sample
2533,0 days 04:15:22,37.0,J15,21518,J,15,GFP-Gext,Plate 1,2026-03-19 16:17:56,Cytation5,3,5.0,1.8,1.8,7.0,45.0,77.5,2.9,2.0,0.2975,1.855,50.0,0.0,0.0,1.0,1.0,1.0,0.02,2.0,2000.0,6.7,0.027,44.7,0.447,76.9,0.308,2.876,0.288,2.036,0.204,0.299,0.92,1.84,0.526,5.407,2.72,1.873,10.0,Sample
2534,0 days 04:20:22,37.0,J15,21461,J,15,GFP-Gext,Plate 1,2026-03-19 16:22:56,Cytation5,3,5.0,1.8,1.8,7.0,45.0,77.5,2.9,2.0,0.2975,1.855,50.0,0.0,0.0,1.0,1.0,1.0,0.02,2.0,2000.0,6.7,0.027,44.7,0.447,76.9,0.308,2.876,0.288,2.036,0.204,0.299,0.92,1.84,0.526,5.407,2.72,1.873,10.0,Sample
2535,0 days 04:25:22,37.1,J15,21471,J,15,GFP-Gext,Plate 1,2026-03-19 16:27:56,Cytation5,3,5.0,1.8,1.8,7.0,45.0,77.5,2.9,2.0,0.2975,1.855,50.0,0.0,0.0,1.0,1.0,1.0,0.02,2.0,2000.0,6.7,0.027,44.7,0.447,76.9,0.308,2.876,0.288,2.036,0.204,0.299,0.92,1.84,0.526,5.407,2.72,1.873,10.0,Sample
2536,0 days 04:30:22,37.0,J15,21589,J,15,GFP-Gext,Plate 1,2026-03-19 16:32:56,Cytation5,3,5.0,1.8,1.8,7.0,45.0,77.5,2.9,2.0,0.2975,1.855,50.0,0.0,0.0,1.0,1.0,1.0,0.02,2.0,2000.0,6.7,0.027,44.7,0.447,76.9,0.308,2.876,0.288,2.036,0.204,0.299,0.92,1.84,0.526,5.407,2.72,1.873,10.0,Sample
2537,0 days 04:35:22,37.0,J15,21643,J,15,GFP-Gext,Plate 1,2026-03-19 16:37:56,Cytation5,3,5.0,1.8,1.8,7.0,45.0,77.5,2.9,2.0,0.2975,1.855,50.0,0.0,0.0,1.0,1.0,1.0,0.02,2.0,2000.0,6.7,0.027,44.7,0.447,76.9,0.308,2.876,0.288,2.036,0.204,0.299,0.92,1.84,0.526,5.407,2.72,1.873,10.0,Sample
2538,0 days 04:40:22,37.0,J15,21406,J,15,GFP-Gext,Plate 1,2026-03-19 16:42:56,Cytation5,3,5.0,1.8,1.8,7.0,45.0,77.5,2.9,2.0,0.2975,1.855,50.0,0.0,0.0,1.0,1.0,1.0,0.02,2.0,2000.0,6.7,0.027,44.7,0.447,76.9,0.308,2.876,0.288,2.036,0.204,0.299,0.92,1.84,0.526,5.407,2.72,1.873,10.0,Sample
2539,0 days 04:45:22,37.0,J15,21523,J,15,GFP-Gext,Plate 1,2026-03-19 16:47:56,Cytation5,3,5.0,1.8,1.8,7.0,45.0,77.5,2.9,2.0,0.2975,1.855,50.0,0.0,0.0,1.0,1.0,1.0,0.02,2.0,2000.0,6.7,0.027,44.7,0.447,76.9,0.308,2.876,0.288,2.036,0.204,0.299,0.92,1.84,0.526,5.407,2.72,1.873,10.0,Sample
2540,0 days 04:50:22,37.0,J15,21381,J,15,GFP-Gext,Plate 1,2026-03-19 16:52:56,Cytation5,3,5.0,1.8,1.8,7.0,45.0,77.5,2.9,2.0,0.2975,1.855,50.0,0.0,0.0,1.0,1.0,1.0,0.02,2.0,2000.0,6.7,0.027,44.7,0.447,76.9,0.308,2.876,0.288,2.036,0.204,0.299,0.92,1.84,0.526,5.407,2.72,1.873,10.0,Sample
2541,0 days 04:55:22,37.1,J15,21708,J,15,GFP-Gext,Plate 1,2026-03-19 16:57:56,Cytation5,3,5.0,1.8,1.8,7.0,45.0,77.5,2.9,2.0,0.2975,1.855,50.0,0.0,0.0,1.0,1.0,1.0,0.02,2.0,2000.0,6.7,0.027,44.7,0.447,76.9,0.308,2.876,0.288,2.036,0.204,0.299,0.92,1.84,0.526,5.407,2.72,1.873,10.0,Sample
2542,0 days 05:00:22,37.1,J15,21812,J,15,GFP-Gext,Plate 1,2026-03-19 17:02:56,Cytation5,3,5.0,1.8,1.8,7.0,45.0,77.5,2.9,2.0,0.2975,1.855,50.0,0.0,0.0,1.0,1.0,1.0,0.02,2.0,2000.0,6.7,0.027,44.7,0.447,76.9,0.308,2.876,0.288,2.036,0.204,0.299,0.92,1.84,0.526,5.407,2.72,1.873,10.0,Sample
2543,0 days 05:05:22,37.0,J15,21704,J,15,GFP-Gext,Plate 1,2026-03-19 17:07:56,Cytation5,3,5.0,1.8,1.8,7.0,45.0,77.5,2.9,2.0,0.2975,1.855,50.0,0.0,0.0,1.0,1.0,1.0,0.02,2.0,2000.0,6.7,0.027,44.7,0.447,76.9,0.308,2.876,0.288,2.036,0.204,0.299,0.92,1.84,0.526,5.407,2.72,1.873,10.0,Sample
2544,0 days 05:10:22,37.0,J15,22088,J,15,GFP-Gext,Plate 1,2026-03-19 17:12:56,Cytation5,3,5.0,1.8,1.8,7.0,45.0,77.5,2.9,2.0,0.2975,1.855,50.0,0.0,0.0,1.0,1.0,1.0,0.02,2.0,2000.0,6.7,0.027,44.7,0.447,76.9,0.308,2.876,0.288,2.036,0.204,0.299,0.92,1.84,0.526,5.407,2.72,1.873,10.0,Sample
2545,0 days 05:15:22,37.1,J15,21926,J,15,GFP-Gext,Plate 1,2026-03-19 17:17:56,Cytation5,3,5.0,1.8,1.8,7.0,45.0,77.5,2.9,2.0,0.2975,1.855,50.0,0.0,0.0,1.0,1.0,1.0,0.02,2.0,2000.0,6.7,0.027,44.7,0.447,76.9,0.308,2.876,0.288,2.036,0.204,0.299,0.92,1.84,0.526,5.407,2.72,1.873,10.0,Sample
2546,0 days 05:20:22,37.0,J15,21810,J,15,GFP-Gext,Plate 1,2026-03-19 17:22:56,Cytation5,3,5.0,1.8,1.8,7.0,45.0,77.5,2.9,2.0,0.2975,1.855,50.0,0.0,0.0,1.0,1.0,1.0,0.02,2.0,2000.0,6.7,0.027,44.7,0.447,76.9,0.308,2.876,0.288,2.036,0.204,0.299,0.92,1.84,0.526,5.407,2.72,1.873,10.0,Sample
2547,0 days 05:25:22,37.0,J15,21819,J,15,GFP-Gext,Plate 1,2026-03-19 17:27:56,Cytation5,3,5.0,1.8,1.8,7.0,45.0,77.5,2.9,2.0,0.2975,1.855,50.0,0.0,0.0,1.0,1.0,1.0,0.02,2.0,2000.0,6.7,0.027,44.7,0.447,76.9,0.308,2.876,0.288,2.036,0.204,0.299,0.92,1.84,0.526,5.407,2.72,1.873,10.0,Sample
2548,0 days 05:30:22,37.0,J15,21628,J,15,GFP-Gext,Plate 1,2026-03-19 17:32:56,Cytation5,3,5.0,1.8,1.8,7.0,45.0,77.5,2.9,2.0,0.2975,1.855,50.0,0.0,0.0,1.0,1.0,1.0,0.02,2.0,2000.0,6.7,0.027,44.7,0.447,76.9,0.308,2.876,0.288,2.036,0.204,0.299,0.92,1.84,0.526,5.407,2.72,1.873,10.0,Sample
2549,0 days 05:35:22,37.0,J15,22021,J,15,GFP-Gext,Plate 1,2026-03-19 17:37:56,Cytation5,3,5.0,1.8,1.8,7.0,45.0,77.5,2.9,2.0,0.2975,1.855,50.0,0.0,0.0,1.0,1.0,1.0,0.02,2.0,2000.0,6.7,0.027,44.7,0.447,76.9,0.308,2.876,0.288,2.036,0.204,0.299,0.92,1.84,0.526,5.407,2.72,1.873,10.0,Sample
2550,0 days 05:40:22,37.0,J15,21959,J,15,GFP-Gext,Plate 1,2026-03-19 17:42:56,Cytation5,3,5.0,1.8,1.8,7.0,45.0,77.5,2.9,2.0,0.2975,1.855,50.0,0.0,0.0,1.0,1.0,1.0,0.02,2.0,2000.0,6.7,0.027,44.7,0.447,76.9,0.308,2.876,0.288,2.036,0.204,0.299,0.92,1.84,0.526,5.407,2.72,1.873,10.0,Sample
2551,0 days 05:45:22,37.0,J15,21725,J,15,GFP-Gext,Plate 1,2026-03-19 17:47:56,Cytation5,3,5.0,1.8,1.8,7.0,45.0,77.5,2.9,2.0,0.2975,1.855,50.0,0.0,0.0,1.0,1.0,1.0,0.02,2.0,2000.0,6.7,0.027,44.7,0.447,76.9,0.308,2.876,0.288,2.036,0.204,0.299,0.92,1.84,0.526,5.407,2.72,1.873,10.0,Sample
2552,0 days 05:50:22,37.0,J15,21854,J,15,GFP-Gext,Plate 1,2026-03-19 17:52:56,Cytation5,3,5.0,1.8,1.8,7.0,45.0,77.5,2.9,2.0,0.2975,1.855,50.0,0.0,0.0,1.0,1.0,1.0,0.02,2.0,2000.0,6.7,0.027,44.7,0.447,76.9,0.308,2.876,0.288,2.036,0.204,0.299,0.92,1.84,0.526,5.407,2.72,1.873,10.0,Sample
2553,0 days 05:55:22,37.0,J15,21640,J,15,GFP-Gext,Plate 1,2026-03-19 17:57:56,Cytation5,3,5.0,1.8,1.8,7.0,45.0,77.5,2.9,2.0,0.2975,1.855,50.0,0.0,0.0,1.0,1.0,1.0,0.02,2.0,2000.0,6.7,0.027,44.7,0.447,76.9,0.308,2.876,0.288,2.036,0.204,0.299,0.92,1.84,0.526,5.407,2.72,1.873,10.0,Sample
2554,0 days 06:00:22,37.0,J15,22063,J,15,GFP-Gext,Plate 1,2026-03-19 18:02:56,Cytation5,3,5.0,1.8,1.8,7.0,45.0,77.5,2.9,2.0,0.2975,1.855,50.0,0.0,0.0,1.0,1.0,1.0,0.02,2.0,2000.0,6.7,0.027,44.7,0.447,76.9,0.308,2.876,0.288,2.036,0.204,0.299,0.92,1.84,0.526,5.407,2.72,1.873,10.0,Sample
2555,0 days 00:00:22,27.7,K9,872426,K,9,GFP-Gext,Plate 1,2026-03-19 12:02:56,Cytation5,Standard,,,,,,,,,,,,,,,,,,,,,,,,,,,,,,,,,,,,,,Standard
2556,0 days 00:05:22,33.8,K9,868454,K,9,GFP-Gext,Plate 1,2026-03-19 12:07:56,Cytation5,Standard,,,,,,,,,,,,,,,,,,,,,,,,,,,,,,,,,,,,,,Standard
2557,0 days 00:10:22,37.0,K9,857241,K,9,GFP-Gext,Plate 1,2026-03-19 12:12:56,Cytation5,Standard,,,,,,,,,,,,,,,,,,,,,,,,,,,,,,,,,,,,,,Standard
2558,0 days 00:15:22,37.0,K9,831794,K,9,GFP-Gext,Plate 1,2026-03-19 12:17:56,Cytation5,Standard,,,,,,,,,,,,,,,,,,,,,,,,,,,,,,,,,,,,,,Standard
2559,0 days 00:20:22,37.0,K9,814493,K,9,GFP-Gext,Plate 1,2026-03-19 12:22:56,Cytation5,Standard,,,,,,,,,,,,,,,,,,,,,,,,,,,,,,,,,,,,,,Standard
2560,0 days 00:25:22,37.1,K9,800429,K,9,GFP-Gext,Plate 1,2026-03-19 12:27:56,Cytation5,Standard,,,,,,,,,,,,,,,,,,,,,,,,,,,,,,,,,,,,,,Standard
2561,0 days 00:30:22,37.0,K9,798081,K,9,GFP-Gext,Plate 1,2026-03-19 12:32:56,Cytation5,Standard,,,,,,,,,,,,,,,,,,,,,,,,,,,,,,,,,,,,,,Standard
2562,0 days 00:35:22,37.0,K9,797542,K,9,GFP-Gext,Plate 1,2026-03-19 12:37:56,Cytation5,Standard,,,,,,,,,,,,,,,,,,,,,,,,,,,,,,,,,,,,,,Standard
2563,0 days 00:40:22,37.0,K9,798167,K,9,GFP-Gext,Plate 1,2026-03-19 12:42:56,Cytation5,Standard,,,,,,,,,,,,,,,,,,,,,,,,,,,,,,,,,,,,,,Standard
2564,0 days 00:45:22,36.9,K9,797953,K,9,GFP-Gext,Plate 1,2026-03-19 12:47:56,Cytation5,Standard,,,,,,,,,,,,,,,,,,,,,,,,,,,,,,,,,,,,,,Standard
2565,0 days 00:50:22,37.0,K9,793427,K,9,GFP-Gext,Plate 1,2026-03-19 12:52:56,Cytation5,Standard,,,,,,,,,,,,,,,,,,,,,,,,,,,,,,,,,,,,,,Standard
2566,0 days 00:55:22,37.0,K9,792350,K,9,GFP-Gext,Plate 1,2026-03-19 12:57:56,Cytation5,Standard,,,,,,,,,,,,,,,,,,,,,,,,,,,,,,,,,,,,,,Standard
2567,0 days 01:00:22,37.0,K9,792511,K,9,GFP-Gext,Plate 1,2026-03-19 13:02:56,Cytation5,Standard,,,,,,,,,,,,,,,,,,,,,,,,,,,,,,,,,,,,,,Standard
2568,0 days 01:05:22,37.0,K9,794290,K,9,GFP-Gext,Plate 1,2026-03-19 13:07:56,Cytation5,Standard,,,,,,,,,,,,,,,,,,,,,,,,,,,,,,,,,,,,,,Standard
2569,0 days 01:10:22,37.0,K9,792929,K,9,GFP-Gext,Plate 1,2026-03-19 13:12:56,Cytation5,Standard,,,,,,,,,,,,,,,,,,,,,,,,,,,,,,,,,,,,,,Standard
2570,0 days 01:15:22,37.0,K9,789728,K,9,GFP-Gext,Plate 1,2026-03-19 13:17:56,Cytation5,Standard,,,,,,,,,,,,,,,,,,,,,,,,,,,,,,,,,,,,,,Standard
2571,0 days 01:20:22,37.0,K9,795617,K,9,GFP-Gext,Plate 1,2026-03-19 13:22:56,Cytation5,Standard,,,,,,,,,,,,,,,,,,,,,,,,,,,,,,,,,,,,,,Standard
2572,0 days 01:25:22,37.1,K9,787610,K,9,GFP-Gext,Plate 1,2026-03-19 13:27:56,Cytation5,Standard,,,,,,,,,,,,,,,,,,,,,,,,,,,,,,,,,,,,,,Standard
2573,0 days 01:30:22,37.1,K9,792768,K,9,GFP-Gext,Plate 1,2026-03-19 13:32:56,Cytation5,Standard,,,,,,,,,,,,,,,,,,,,,,,,,,,,,,,,,,,,,,Standard
2574,0 days 01:35:22,37.0,K9,793507,K,9,GFP-Gext,Plate 1,2026-03-19 13:37:56,Cytation5,Standard,,,,,,,,,,,,,,,,,,,,,,,,,,,,,,,,,,,,,,Standard
2575,0 days 01:40:22,37.0,K9,790600,K,9,GFP-Gext,Plate 1,2026-03-19 13:42:56,Cytation5,Standard,,,,,,,,,,,,,,,,,,,,,,,,,,,,,,,,,,,,,,Standard
2576,0 days 01:45:22,37.0,K9,790018,K,9,GFP-Gext,Plate 1,2026-03-19 13:47:56,Cytation5,Standard,,,,,,,,,,,,,,,,,,,,,,,,,,,,,,,,,,,,,,Standard
2577,0 days 01:50:22,36.9,K9,790882,K,9,GFP-Gext,Plate 1,2026-03-19 13:52:56,Cytation5,Standard,,,,,,,,,,,,,,,,,,,,,,,,,,,,,,,,,,,,,,Standard
2578,0 days 01:55:22,37.0,K9,790268,K,9,GFP-Gext,Plate 1,2026-03-19 13:57:56,Cytation5,Standard,,,,,,,,,,,,,,,,,,,,,,,,,,,,,,,,,,,,,,Standard
2579,0 days 02:00:22,37.0,K9,792623,K,9,GFP-Gext,Plate 1,2026-03-19 14:02:56,Cytation5,Standard,,,,,,,,,,,,,,,,,,,,,,,,,,,,,,,,,,,,,,Standard
2580,0 days 02:05:22,37.0,K9,787167,K,9,GFP-Gext,Plate 1,2026-03-19 14:07:56,Cytation5,Standard,,,,,,,,,,,,,,,,,,,,,,,,,,,,,,,,,,,,,,Standard
2581,0 days 02:10:22,37.0,K9,791589,K,9,GFP-Gext,Plate 1,2026-03-19 14:12:56,Cytation5,Standard,,,,,,,,,,,,,,,,,,,,,,,,,,,,,,,,,,,,,,Standard
2582,0 days 02:15:22,37.0,K9,789574,K,9,GFP-Gext,Plate 1,2026-03-19 14:17:56,Cytation5,Standard,,,,,,,,,,,,,,,,,,,,,,,,,,,,,,,,,,,,,,Standard
2583,0 days 02:20:22,37.0,K9,787266,K,9,GFP-Gext,Plate 1,2026-03-19 14:22:56,Cytation5,Standard,,,,,,,,,,,,,,,,,,,,,,,,,,,,,,,,,,,,,,Standard
2584,0 days 02:25:22,37.0,K9,789022,K,9,GFP-Gext,Plate 1,2026-03-19 14:27:56,Cytation5,Standard,,,,,,,,,,,,,,,,,,,,,,,,,,,,,,,,,,,,,,Standard
2585,0 days 02:30:22,37.1,K9,790184,K,9,GFP-Gext,Plate 1,2026-03-19 14:32:56,Cytation5,Standard,,,,,,,,,,,,,,,,,,,,,,,,,,,,,,,,,,,,,,Standard
2586,0 days 02:35:22,37.0,K9,788396,K,9,GFP-Gext,Plate 1,2026-03-19 14:37:56,Cytation5,Standard,,,,,,,,,,,,,,,,,,,,,,,,,,,,,,,,,,,,,,Standard
2587,0 days 02:40:22,37.0,K9,784457,K,9,GFP-Gext,Plate 1,2026-03-19 14:42:56,Cytation5,Standard,,,,,,,,,,,,,,,,,,,,,,,,,,,,,,,,,,,,,,Standard
2588,0 days 02:45:22,37.1,K9,786290,K,9,GFP-Gext,Plate 1,2026-03-19 14:47:56,Cytation5,Standard,,,,,,,,,,,,,,,,,,,,,,,,,,,,,,,,,,,,,,Standard
2589,0 days 02:50:22,37.0,K9,789908,K,9,GFP-Gext,Plate 1,2026-03-19 14:52:56,Cytation5,Standard,,,,,,,,,,,,,,,,,,,,,,,,,,,,,,,,,,,,,,Standard
2590,0 days 02:55:22,37.0,K9,787662,K,9,GFP-Gext,Plate 1,2026-03-19 14:57:56,Cytation5,Standard,,,,,,,,,,,,,,,,,,,,,,,,,,,,,,,,,,,,,,Standard
2591,0 days 03:00:22,37.0,K9,785697,K,9,GFP-Gext,Plate 1,2026-03-19 15:02:56,Cytation5,Standard,,,,,,,,,,,,,,,,,,,,,,,,,,,,,,,,,,,,,,Standard
2592,0 days 03:05:22,37.0,K9,788628,K,9,GFP-Gext,Plate 1,2026-03-19 15:07:56,Cytation5,Standard,,,,,,,,,,,,,,,,,,,,,,,,,,,,,,,,,,,,,,Standard
2593,0 days 03:10:22,37.0,K9,788041,K,9,GFP-Gext,Plate 1,2026-03-19 15:12:56,Cytation5,Standard,,,,,,,,,,,,,,,,,,,,,,,,,,,,,,,,,,,,,,Standard
2594,0 days 03:15:22,37.0,K9,784739,K,9,GFP-Gext,Plate 1,2026-03-19 15:17:56,Cytation5,Standard,,,,,,,,,,,,,,,,,,,,,,,,,,,,,,,,,,,,,,Standard
2595,0 days 03:20:22,37.0,K9,786206,K,9,GFP-Gext,Plate 1,2026-03-19 15:22:56,Cytation5,Standard,,,,,,,,,,,,,,,,,,,,,,,,,,,,,,,,,,,,,,Standard
2596,0 days 03:25:22,37.1,K9,786667,K,9,GFP-Gext,Plate 1,2026-03-19 15:27:56,Cytation5,Standard,,,,,,,,,,,,,,,,,,,,,,,,,,,,,,,,,,,,,,Standard
2597,0 days 03:30:22,36.9,K9,786255,K,9,GFP-Gext,Plate 1,2026-03-19 15:32:56,Cytation5,Standard,,,,,,,,,,,,,,,,,,,,,,,,,,,,,,,,,,,,,,Standard
2598,0 days 03:35:22,37.1,K9,786525,K,9,GFP-Gext,Plate 1,2026-03-19 15:37:56,Cytation5,Standard,,,,,,,,,,,,,,,,,,,,,,,,,,,,,,,,,,,,,,Standard
2599,0 days 03:40:22,37.0,K9,787382,K,9,GFP-Gext,Plate 1,2026-03-19 15:42:56,Cytation5,Standard,,,,,,,,,,,,,,,,,,,,,,,,,,,,,,,,,,,,,,Standard
2600,0 days 03:45:22,37.0,K9,786587,K,9,GFP-Gext,Plate 1,2026-03-19 15:47:56,Cytation5,Standard,,,,,,,,,,,,,,,,,,,,,,,,,,,,,,,,,,,,,,Standard
2601,0 days 03:50:22,37.0,K9,787210,K,9,GFP-Gext,Plate 1,2026-03-19 15:52:56,Cytation5,Standard,,,,,,,,,,,,,,,,,,,,,,,,,,,,,,,,,,,,,,Standard
2602,0 days 03:55:22,37.1,K9,788981,K,9,GFP-Gext,Plate 1,2026-03-19 15:57:56,Cytation5,Standard,,,,,,,,,,,,,,,,,,,,,,,,,,,,,,,,,,,,,,Standard
2603,0 days 04:00:22,37.0,K9,790471,K,9,GFP-Gext,Plate 1,2026-03-19 16:02:56,Cytation5,Standard,,,,,,,,,,,,,,,,,,,,,,,,,,,,,,,,,,,,,,Standard
2604,0 days 04:05:22,37.1,K9,787621,K,9,GFP-Gext,Plate 1,2026-03-19 16:07:56,Cytation5,Standard,,,,,,,,,,,,,,,,,,,,,,,,,,,,,,,,,,,,,,Standard
2605,0 days 04:10:22,37.0,K9,786107,K,9,GFP-Gext,Plate 1,2026-03-19 16:12:56,Cytation5,Standard,,,,,,,,,,,,,,,,,,,,,,,,,,,,,,,,,,,,,,Standard
2606,0 days 04:15:22,37.0,K9,789532,K,9,GFP-Gext,Plate 1,2026-03-19 16:17:56,Cytation5,Standard,,,,,,,,,,,,,,,,,,,,,,,,,,,,,,,,,,,,,,Standard
2607,0 days 04:20:22,37.0,K9,787490,K,9,GFP-Gext,Plate 1,2026-03-19 16:22:56,Cytation5,Standard,,,,,,,,,,,,,,,,,,,,,,,,,,,,,,,,,,,,,,Standard
2608,0 days 04:25:22,37.1,K9,788518,K,9,GFP-Gext,Plate 1,2026-03-19 16:27:56,Cytation5,Standard,,,,,,,,,,,,,,,,,,,,,,,,,,,,,,,,,,,,,,Standard
2609,0 days 04:30:22,37.0,K9,787622,K,9,GFP-Gext,Plate 1,2026-03-19 16:32:56,Cytation5,Standard,,,,,,,,,,,,,,,,,,,,,,,,,,,,,,,,,,,,,,Standard
2610,0 days 04:35:22,37.0,K9,787091,K,9,GFP-Gext,Plate 1,2026-03-19 16:37:56,Cytation5,Standard,,,,,,,,,,,,,,,,,,,,,,,,,,,,,,,,,,,,,,Standard
2611,0 days 04:40:22,37.0,K9,786774,K,9,GFP-Gext,Plate 1,2026-03-19 16:42:56,Cytation5,Standard,,,,,,,,,,,,,,,,,,,,,,,,,,,,,,,,,,,,,,Standard
2612,0 days 04:45:22,37.0,K9,783485,K,9,GFP-Gext,Plate 1,2026-03-19 16:47:56,Cytation5,Standard,,,,,,,,,,,,,,,,,,,,,,,,,,,,,,,,,,,,,,Standard
2613,0 days 04:50:22,37.0,K9,785908,K,9,GFP-Gext,Plate 1,2026-03-19 16:52:56,Cytation5,Standard,,,,,,,,,,,,,,,,,,,,,,,,,,,,,,,,,,,,,,Standard
2614,0 days 04:55:22,37.1,K9,784456,K,9,GFP-Gext,Plate 1,2026-03-19 16:57:56,Cytation5,Standard,,,,,,,,,,,,,,,,,,,,,,,,,,,,,,,,,,,,,,Standard
2615,0 days 05:00:22,37.1,K9,788013,K,9,GFP-Gext,Plate 1,2026-03-19 17:02:56,Cytation5,Standard,,,,,,,,,,,,,,,,,,,,,,,,,,,,,,,,,,,,,,Standard
2616,0 days 05:05:22,37.0,K9,784512,K,9,GFP-Gext,Plate 1,2026-03-19 17:07:56,Cytation5,Standard,,,,,,,,,,,,,,,,,,,,,,,,,,,,,,,,,,,,,,Standard
2617,0 days 05:10:22,37.0,K9,781096,K,9,GFP-Gext,Plate 1,2026-03-19 17:12:56,Cytation5,Standard,,,,,,,,,,,,,,,,,,,,,,,,,,,,,,,,,,,,,,Standard
2618,0 days 05:15:22,37.1,K9,784624,K,9,GFP-Gext,Plate 1,2026-03-19 17:17:56,Cytation5,Standard,,,,,,,,,,,,,,,,,,,,,,,,,,,,,,,,,,,,,,Standard
2619,0 days 05:20:22,37.0,K9,785157,K,9,GFP-Gext,Plate 1,2026-03-19 17:22:56,Cytation5,Standard,,,,,,,,,,,,,,,,,,,,,,,,,,,,,,,,,,,,,,Standard
2620,0 days 05:25:22,37.0,K9,788345,K,9,GFP-Gext,Plate 1,2026-03-19 17:27:56,Cytation5,Standard,,,,,,,,,,,,,,,,,,,,,,,,,,,,,,,,,,,,,,Standard
2621,0 days 05:30:22,37.0,K9,784292,K,9,GFP-Gext,Plate 1,2026-03-19 17:32:56,Cytation5,Standard,,,,,,,,,,,,,,,,,,,,,,,,,,,,,,,,,,,,,,Standard
2622,0 days 05:35:22,37.0,K9,785923,K,9,GFP-Gext,Plate 1,2026-03-19 17:37:56,Cytation5,Standard,,,,,,,,,,,,,,,,,,,,,,,,,,,,,,,,,,,,,,Standard
2623,0 days 05:40:22,37.0,K9,783264,K,9,GFP-Gext,Plate 1,2026-03-19 17:42:56,Cytation5,Standard,,,,,,,,,,,,,,,,,,,,,,,,,,,,,,,,,,,,,,Standard
2624,0 days 05:45:22,37.0,K9,785903,K,9,GFP-Gext,Plate 1,2026-03-19 17:47:56,Cytation5,Standard,,,,,,,,,,,,,,,,,,,,,,,,,,,,,,,,,,,,,,Standard
2625,0 days 05:50:22,37.0,K9,782855,K,9,GFP-Gext,Plate 1,2026-03-19 17:52:56,Cytation5,Standard,,,,,,,,,,,,,,,,,,,,,,,,,,,,,,,,,,,,,,Standard
2626,0 days 05:55:22,37.0,K9,783663,K,9,GFP-Gext,Plate 1,2026-03-19 17:57:56,Cytation5,Standard,,,,,,,,,,,,,,,,,,,,,,,,,,,,,,,,,,,,,,Standard
2627,0 days 06:00:22,37.0,K9,784264,K,9,GFP-Gext,Plate 1,2026-03-19 18:02:56,Cytation5,Standard,,,,,,,,,,,,,,,,,,,,,,,,,,,,,,,,,,,,,,Standard
2628,0 days 00:00:22,27.7,K10,882857,K,10,GFP-Gext,Plate 1,2026-03-19 12:02:56,Cytation5,Standard,,,,,,,,,,,,,,,,,,,,,,,,,,,,,,,,,,,,,,Standard
2629,0 days 00:05:22,33.8,K10,876270,K,10,GFP-Gext,Plate 1,2026-03-19 12:07:56,Cytation5,Standard,,,,,,,,,,,,,,,,,,,,,,,,,,,,,,,,,,,,,,Standard
2630,0 days 00:10:22,37.0,K10,868052,K,10,GFP-Gext,Plate 1,2026-03-19 12:12:56,Cytation5,Standard,,,,,,,,,,,,,,,,,,,,,,,,,,,,,,,,,,,,,,Standard
2631,0 days 00:15:22,37.0,K10,844889,K,10,GFP-Gext,Plate 1,2026-03-19 12:17:56,Cytation5,Standard,,,,,,,,,,,,,,,,,,,,,,,,,,,,,,,,,,,,,,Standard
2632,0 days 00:20:22,37.0,K10,827921,K,10,GFP-Gext,Plate 1,2026-03-19 12:22:56,Cytation5,Standard,,,,,,,,,,,,,,,,,,,,,,,,,,,,,,,,,,,,,,Standard
2633,0 days 00:25:22,37.1,K10,815848,K,10,GFP-Gext,Plate 1,2026-03-19 12:27:56,Cytation5,Standard,,,,,,,,,,,,,,,,,,,,,,,,,,,,,,,,,,,,,,Standard
2634,0 days 00:30:22,37.0,K10,810027,K,10,GFP-Gext,Plate 1,2026-03-19 12:32:56,Cytation5,Standard,,,,,,,,,,,,,,,,,,,,,,,,,,,,,,,,,,,,,,Standard
2635,0 days 00:35:22,37.0,K10,804785,K,10,GFP-Gext,Plate 1,2026-03-19 12:37:56,Cytation5,Standard,,,,,,,,,,,,,,,,,,,,,,,,,,,,,,,,,,,,,,Standard
2636,0 days 00:40:22,37.0,K10,806349,K,10,GFP-Gext,Plate 1,2026-03-19 12:42:56,Cytation5,Standard,,,,,,,,,,,,,,,,,,,,,,,,,,,,,,,,,,,,,,Standard
2637,0 days 00:45:22,36.9,K10,805364,K,10,GFP-Gext,Plate 1,2026-03-19 12:47:56,Cytation5,Standard,,,,,,,,,,,,,,,,,,,,,,,,,,,,,,,,,,,,,,Standard
2638,0 days 00:50:22,37.0,K10,805267,K,10,GFP-Gext,Plate 1,2026-03-19 12:52:56,Cytation5,Standard,,,,,,,,,,,,,,,,,,,,,,,,,,,,,,,,,,,,,,Standard
2639,0 days 00:55:22,37.0,K10,804167,K,10,GFP-Gext,Plate 1,2026-03-19 12:57:56,Cytation5,Standard,,,,,,,,,,,,,,,,,,,,,,,,,,,,,,,,,,,,,,Standard
2640,0 days 01:00:22,37.0,K10,805834,K,10,GFP-Gext,Plate 1,2026-03-19 13:02:56,Cytation5,Standard,,,,,,,,,,,,,,,,,,,,,,,,,,,,,,,,,,,,,,Standard
2641,0 days 01:05:22,37.0,K10,799120,K,10,GFP-Gext,Plate 1,2026-03-19 13:07:56,Cytation5,Standard,,,,,,,,,,,,,,,,,,,,,,,,,,,,,,,,,,,,,,Standard
2642,0 days 01:10:22,37.0,K10,803461,K,10,GFP-Gext,Plate 1,2026-03-19 13:12:56,Cytation5,Standard,,,,,,,,,,,,,,,,,,,,,,,,,,,,,,,,,,,,,,Standard
2643,0 days 01:15:22,37.0,K10,800138,K,10,GFP-Gext,Plate 1,2026-03-19 13:17:56,Cytation5,Standard,,,,,,,,,,,,,,,,,,,,,,,,,,,,,,,,,,,,,,Standard
2644,0 days 01:20:22,37.0,K10,799494,K,10,GFP-Gext,Plate 1,2026-03-19 13:22:56,Cytation5,Standard,,,,,,,,,,,,,,,,,,,,,,,,,,,,,,,,,,,,,,Standard
2645,0 days 01:25:22,37.1,K10,795756,K,10,GFP-Gext,Plate 1,2026-03-19 13:27:56,Cytation5,Standard,,,,,,,,,,,,,,,,,,,,,,,,,,,,,,,,,,,,,,Standard
2646,0 days 01:30:22,37.1,K10,800007,K,10,GFP-Gext,Plate 1,2026-03-19 13:32:56,Cytation5,Standard,,,,,,,,,,,,,,,,,,,,,,,,,,,,,,,,,,,,,,Standard
2647,0 days 01:35:22,37.0,K10,803390,K,10,GFP-Gext,Plate 1,2026-03-19 13:37:56,Cytation5,Standard,,,,,,,,,,,,,,,,,,,,,,,,,,,,,,,,,,,,,,Standard
2648,0 days 01:40:22,37.0,K10,795086,K,10,GFP-Gext,Plate 1,2026-03-19 13:42:56,Cytation5,Standard,,,,,,,,,,,,,,,,,,,,,,,,,,,,,,,,,,,,,,Standard
2649,0 days 01:45:22,37.0,K10,794880,K,10,GFP-Gext,Plate 1,2026-03-19 13:47:56,Cytation5,Standard,,,,,,,,,,,,,,,,,,,,,,,,,,,,,,,,,,,,,,Standard
2650,0 days 01:50:22,36.9,K10,794015,K,10,GFP-Gext,Plate 1,2026-03-19 13:52:56,Cytation5,Standard,,,,,,,,,,,,,,,,,,,,,,,,,,,,,,,,,,,,,,Standard
2651,0 days 01:55:22,37.0,K10,794881,K,10,GFP-Gext,Plate 1,2026-03-19 13:57:56,Cytation5,Standard,,,,,,,,,,,,,,,,,,,,,,,,,,,,,,,,,,,,,,Standard
2652,0 days 02:00:22,37.0,K10,799912,K,10,GFP-Gext,Plate 1,2026-03-19 14:02:56,Cytation5,Standard,,,,,,,,,,,,,,,,,,,,,,,,,,,,,,,,,,,,,,Standard
2653,0 days 02:05:22,37.0,K10,790935,K,10,GFP-Gext,Plate 1,2026-03-19 14:07:56,Cytation5,Standard,,,,,,,,,,,,,,,,,,,,,,,,,,,,,,,,,,,,,,Standard
2654,0 days 02:10:22,37.0,K10,794597,K,10,GFP-Gext,Plate 1,2026-03-19 14:12:56,Cytation5,Standard,,,,,,,,,,,,,,,,,,,,,,,,,,,,,,,,,,,,,,Standard
2655,0 days 02:15:22,37.0,K10,791339,K,10,GFP-Gext,Plate 1,2026-03-19 14:17:56,Cytation5,Standard,,,,,,,,,,,,,,,,,,,,,,,,,,,,,,,,,,,,,,Standard
2656,0 days 02:20:22,37.0,K10,793932,K,10,GFP-Gext,Plate 1,2026-03-19 14:22:56,Cytation5,Standard,,,,,,,,,,,,,,,,,,,,,,,,,,,,,,,,,,,,,,Standard
2657,0 days 02:25:22,37.0,K10,793186,K,10,GFP-Gext,Plate 1,2026-03-19 14:27:56,Cytation5,Standard,,,,,,,,,,,,,,,,,,,,,,,,,,,,,,,,,,,,,,Standard
2658,0 days 02:30:22,37.1,K10,792873,K,10,GFP-Gext,Plate 1,2026-03-19 14:32:56,Cytation5,Standard,,,,,,,,,,,,,,,,,,,,,,,,,,,,,,,,,,,,,,Standard
2659,0 days 02:35:22,37.0,K10,791680,K,10,GFP-Gext,Plate 1,2026-03-19 14:37:56,Cytation5,Standard,,,,,,,,,,,,,,,,,,,,,,,,,,,,,,,,,,,,,,Standard
2660,0 days 02:40:22,37.0,K10,793395,K,10,GFP-Gext,Plate 1,2026-03-19 14:42:56,Cytation5,Standard,,,,,,,,,,,,,,,,,,,,,,,,,,,,,,,,,,,,,,Standard
2661,0 days 02:45:22,37.1,K10,791660,K,10,GFP-Gext,Plate 1,2026-03-19 14:47:56,Cytation5,Standard,,,,,,,,,,,,,,,,,,,,,,,,,,,,,,,,,,,,,,Standard
2662,0 days 02:50:22,37.0,K10,795204,K,10,GFP-Gext,Plate 1,2026-03-19 14:52:56,Cytation5,Standard,,,,,,,,,,,,,,,,,,,,,,,,,,,,,,,,,,,,,,Standard
2663,0 days 02:55:22,37.0,K10,797211,K,10,GFP-Gext,Plate 1,2026-03-19 14:57:56,Cytation5,Standard,,,,,,,,,,,,,,,,,,,,,,,,,,,,,,,,,,,,,,Standard
2664,0 days 03:00:22,37.0,K10,793631,K,10,GFP-Gext,Plate 1,2026-03-19 15:02:56,Cytation5,Standard,,,,,,,,,,,,,,,,,,,,,,,,,,,,,,,,,,,,,,Standard
2665,0 days 03:05:22,37.0,K10,793131,K,10,GFP-Gext,Plate 1,2026-03-19 15:07:56,Cytation5,Standard,,,,,,,,,,,,,,,,,,,,,,,,,,,,,,,,,,,,,,Standard
2666,0 days 03:10:22,37.0,K10,792550,K,10,GFP-Gext,Plate 1,2026-03-19 15:12:56,Cytation5,Standard,,,,,,,,,,,,,,,,,,,,,,,,,,,,,,,,,,,,,,Standard
2667,0 days 03:15:22,37.0,K10,789528,K,10,GFP-Gext,Plate 1,2026-03-19 15:17:56,Cytation5,Standard,,,,,,,,,,,,,,,,,,,,,,,,,,,,,,,,,,,,,,Standard
2668,0 days 03:20:22,37.0,K10,791096,K,10,GFP-Gext,Plate 1,2026-03-19 15:22:56,Cytation5,Standard,,,,,,,,,,,,,,,,,,,,,,,,,,,,,,,,,,,,,,Standard
2669,0 days 03:25:22,37.1,K10,791136,K,10,GFP-Gext,Plate 1,2026-03-19 15:27:56,Cytation5,Standard,,,,,,,,,,,,,,,,,,,,,,,,,,,,,,,,,,,,,,Standard
2670,0 days 03:30:22,36.9,K10,790515,K,10,GFP-Gext,Plate 1,2026-03-19 15:32:56,Cytation5,Standard,,,,,,,,,,,,,,,,,,,,,,,,,,,,,,,,,,,,,,Standard
2671,0 days 03:35:22,37.1,K10,792802,K,10,GFP-Gext,Plate 1,2026-03-19 15:37:56,Cytation5,Standard,,,,,,,,,,,,,,,,,,,,,,,,,,,,,,,,,,,,,,Standard
2672,0 days 03:40:22,37.0,K10,791303,K,10,GFP-Gext,Plate 1,2026-03-19 15:42:56,Cytation5,Standard,,,,,,,,,,,,,,,,,,,,,,,,,,,,,,,,,,,,,,Standard
2673,0 days 03:45:22,37.0,K10,793844,K,10,GFP-Gext,Plate 1,2026-03-19 15:47:56,Cytation5,Standard,,,,,,,,,,,,,,,,,,,,,,,,,,,,,,,,,,,,,,Standard
2674,0 days 03:50:22,37.0,K10,788789,K,10,GFP-Gext,Plate 1,2026-03-19 15:52:56,Cytation5,Standard,,,,,,,,,,,,,,,,,,,,,,,,,,,,,,,,,,,,,,Standard
2675,0 days 03:55:22,37.1,K10,792991,K,10,GFP-Gext,Plate 1,2026-03-19 15:57:56,Cytation5,Standard,,,,,,,,,,,,,,,,,,,,,,,,,,,,,,,,,,,,,,Standard
2676,0 days 04:00:22,37.0,K10,789950,K,10,GFP-Gext,Plate 1,2026-03-19 16:02:56,Cytation5,Standard,,,,,,,,,,,,,,,,,,,,,,,,,,,,,,,,,,,,,,Standard
2677,0 days 04:05:22,37.1,K10,790008,K,10,GFP-Gext,Plate 1,2026-03-19 16:07:56,Cytation5,Standard,,,,,,,,,,,,,,,,,,,,,,,,,,,,,,,,,,,,,,Standard
2678,0 days 04:10:22,37.0,K10,790774,K,10,GFP-Gext,Plate 1,2026-03-19 16:12:56,Cytation5,Standard,,,,,,,,,,,,,,,,,,,,,,,,,,,,,,,,,,,,,,Standard
2679,0 days 04:15:22,37.0,K10,788895,K,10,GFP-Gext,Plate 1,2026-03-19 16:17:56,Cytation5,Standard,,,,,,,,,,,,,,,,,,,,,,,,,,,,,,,,,,,,,,Standard
2680,0 days 04:20:22,37.0,K10,788510,K,10,GFP-Gext,Plate 1,2026-03-19 16:22:56,Cytation5,Standard,,,,,,,,,,,,,,,,,,,,,,,,,,,,,,,,,,,,,,Standard
2681,0 days 04:25:22,37.1,K10,788796,K,10,GFP-Gext,Plate 1,2026-03-19 16:27:56,Cytation5,Standard,,,,,,,,,,,,,,,,,,,,,,,,,,,,,,,,,,,,,,Standard
2682,0 days 04:30:22,37.0,K10,787630,K,10,GFP-Gext,Plate 1,2026-03-19 16:32:56,Cytation5,Standard,,,,,,,,,,,,,,,,,,,,,,,,,,,,,,,,,,,,,,Standard
2683,0 days 04:35:22,37.0,K10,788836,K,10,GFP-Gext,Plate 1,2026-03-19 16:37:56,Cytation5,Standard,,,,,,,,,,,,,,,,,,,,,,,,,,,,,,,,,,,,,,Standard
2684,0 days 04:40:22,37.0,K10,791170,K,10,GFP-Gext,Plate 1,2026-03-19 16:42:56,Cytation5,Standard,,,,,,,,,,,,,,,,,,,,,,,,,,,,,,,,,,,,,,Standard
2685,0 days 04:45:22,37.0,K10,791130,K,10,GFP-Gext,Plate 1,2026-03-19 16:47:56,Cytation5,Standard,,,,,,,,,,,,,,,,,,,,,,,,,,,,,,,,,,,,,,Standard
2686,0 days 04:50:22,37.0,K10,789493,K,10,GFP-Gext,Plate 1,2026-03-19 16:52:56,Cytation5,Standard,,,,,,,,,,,,,,,,,,,,,,,,,,,,,,,,,,,,,,Standard
2687,0 days 04:55:22,37.1,K10,792419,K,10,GFP-Gext,Plate 1,2026-03-19 16:57:56,Cytation5,Standard,,,,,,,,,,,,,,,,,,,,,,,,,,,,,,,,,,,,,,Standard
2688,0 days 05:00:22,37.1,K10,790039,K,10,GFP-Gext,Plate 1,2026-03-19 17:02:56,Cytation5,Standard,,,,,,,,,,,,,,,,,,,,,,,,,,,,,,,,,,,,,,Standard
2689,0 days 05:05:22,37.0,K10,787559,K,10,GFP-Gext,Plate 1,2026-03-19 17:07:56,Cytation5,Standard,,,,,,,,,,,,,,,,,,,,,,,,,,,,,,,,,,,,,,Standard
2690,0 days 05:10:22,37.0,K10,787808,K,10,GFP-Gext,Plate 1,2026-03-19 17:12:56,Cytation5,Standard,,,,,,,,,,,,,,,,,,,,,,,,,,,,,,,,,,,,,,Standard
2691,0 days 05:15:22,37.1,K10,785228,K,10,GFP-Gext,Plate 1,2026-03-19 17:17:56,Cytation5,Standard,,,,,,,,,,,,,,,,,,,,,,,,,,,,,,,,,,,,,,Standard
2692,0 days 05:20:22,37.0,K10,788561,K,10,GFP-Gext,Plate 1,2026-03-19 17:22:56,Cytation5,Standard,,,,,,,,,,,,,,,,,,,,,,,,,,,,,,,,,,,,,,Standard
2693,0 days 05:25:22,37.0,K10,789944,K,10,GFP-Gext,Plate 1,2026-03-19 17:27:56,Cytation5,Standard,,,,,,,,,,,,,,,,,,,,,,,,,,,,,,,,,,,,,,Standard
2694,0 days 05:30:22,37.0,K10,789245,K,10,GFP-Gext,Plate 1,2026-03-19 17:32:56,Cytation5,Standard,,,,,,,,,,,,,,,,,,,,,,,,,,,,,,,,,,,,,,Standard
2695,0 days 05:35:22,37.0,K10,792754,K,10,GFP-Gext,Plate 1,2026-03-19 17:37:56,Cytation5,Standard,,,,,,,,,,,,,,,,,,,,,,,,,,,,,,,,,,,,,,Standard
2696,0 days 05:40:22,37.0,K10,789036,K,10,GFP-Gext,Plate 1,2026-03-19 17:42:56,Cytation5,Standard,,,,,,,,,,,,,,,,,,,,,,,,,,,,,,,,,,,,,,Standard
2697,0 days 05:45:22,37.0,K10,785167,K,10,GFP-Gext,Plate 1,2026-03-19 17:47:56,Cytation5,Standard,,,,,,,,,,,,,,,,,,,,,,,,,,,,,,,,,,,,,,Standard
2698,0 days 05:50:22,37.0,K10,789257,K,10,GFP-Gext,Plate 1,2026-03-19 17:52:56,Cytation5,Standard,,,,,,,,,,,,,,,,,,,,,,,,,,,,,,,,,,,,,,Standard
2699,0 days 05:55:22,37.0,K10,787921,K,10,GFP-Gext,Plate 1,2026-03-19 17:57:56,Cytation5,Standard,,,,,,,,,,,,,,,,,,,,,,,,,,,,,,,,,,,,,,Standard
2700,0 days 06:00:22,37.0,K10,787896,K,10,GFP-Gext,Plate 1,2026-03-19 18:02:56,Cytation5,Standard,,,,,,,,,,,,,,,,,,,,,,,,,,,,,,,,,,,,,,Standard
2701,0 days 00:00:22,27.7,K11,878899,K,11,GFP-Gext,Plate 1,2026-03-19 12:02:56,Cytation5,Standard,,,,,,,,,,,,,,,,,,,,,,,,,,,,,,,,,,,,,,Standard
2702,0 days 00:05:22,33.8,K11,875981,K,11,GFP-Gext,Plate 1,2026-03-19 12:07:56,Cytation5,Standard,,,,,,,,,,,,,,,,,,,,,,,,,,,,,,,,,,,,,,Standard
2703,0 days 00:10:22,37.0,K11,862966,K,11,GFP-Gext,Plate 1,2026-03-19 12:12:56,Cytation5,Standard,,,,,,,,,,,,,,,,,,,,,,,,,,,,,,,,,,,,,,Standard
2704,0 days 00:15:22,37.0,K11,834626,K,11,GFP-Gext,Plate 1,2026-03-19 12:17:56,Cytation5,Standard,,,,,,,,,,,,,,,,,,,,,,,,,,,,,,,,,,,,,,Standard
2705,0 days 00:20:22,37.0,K11,817679,K,11,GFP-Gext,Plate 1,2026-03-19 12:22:56,Cytation5,Standard,,,,,,,,,,,,,,,,,,,,,,,,,,,,,,,,,,,,,,Standard
2706,0 days 00:25:22,37.1,K11,808244,K,11,GFP-Gext,Plate 1,2026-03-19 12:27:56,Cytation5,Standard,,,,,,,,,,,,,,,,,,,,,,,,,,,,,,,,,,,,,,Standard
2707,0 days 00:30:22,37.0,K11,802698,K,11,GFP-Gext,Plate 1,2026-03-19 12:32:56,Cytation5,Standard,,,,,,,,,,,,,,,,,,,,,,,,,,,,,,,,,,,,,,Standard
2708,0 days 00:35:22,37.0,K11,796255,K,11,GFP-Gext,Plate 1,2026-03-19 12:37:56,Cytation5,Standard,,,,,,,,,,,,,,,,,,,,,,,,,,,,,,,,,,,,,,Standard
2709,0 days 00:40:22,37.0,K11,795210,K,11,GFP-Gext,Plate 1,2026-03-19 12:42:56,Cytation5,Standard,,,,,,,,,,,,,,,,,,,,,,,,,,,,,,,,,,,,,,Standard
2710,0 days 00:45:22,36.9,K11,797177,K,11,GFP-Gext,Plate 1,2026-03-19 12:47:56,Cytation5,Standard,,,,,,,,,,,,,,,,,,,,,,,,,,,,,,,,,,,,,,Standard
2711,0 days 00:50:22,37.0,K11,789960,K,11,GFP-Gext,Plate 1,2026-03-19 12:52:56,Cytation5,Standard,,,,,,,,,,,,,,,,,,,,,,,,,,,,,,,,,,,,,,Standard
2712,0 days 00:55:22,37.0,K11,788828,K,11,GFP-Gext,Plate 1,2026-03-19 12:57:56,Cytation5,Standard,,,,,,,,,,,,,,,,,,,,,,,,,,,,,,,,,,,,,,Standard
2713,0 days 01:00:22,37.0,K11,787669,K,11,GFP-Gext,Plate 1,2026-03-19 13:02:56,Cytation5,Standard,,,,,,,,,,,,,,,,,,,,,,,,,,,,,,,,,,,,,,Standard
2714,0 days 01:05:22,37.0,K11,788308,K,11,GFP-Gext,Plate 1,2026-03-19 13:07:56,Cytation5,Standard,,,,,,,,,,,,,,,,,,,,,,,,,,,,,,,,,,,,,,Standard
2715,0 days 01:10:22,37.0,K11,783984,K,11,GFP-Gext,Plate 1,2026-03-19 13:12:56,Cytation5,Standard,,,,,,,,,,,,,,,,,,,,,,,,,,,,,,,,,,,,,,Standard
2716,0 days 01:15:22,37.0,K11,781966,K,11,GFP-Gext,Plate 1,2026-03-19 13:17:56,Cytation5,Standard,,,,,,,,,,,,,,,,,,,,,,,,,,,,,,,,,,,,,,Standard
2717,0 days 01:20:22,37.0,K11,784450,K,11,GFP-Gext,Plate 1,2026-03-19 13:22:56,Cytation5,Standard,,,,,,,,,,,,,,,,,,,,,,,,,,,,,,,,,,,,,,Standard
2718,0 days 01:25:22,37.1,K11,783467,K,11,GFP-Gext,Plate 1,2026-03-19 13:27:56,Cytation5,Standard,,,,,,,,,,,,,,,,,,,,,,,,,,,,,,,,,,,,,,Standard
2719,0 days 01:30:22,37.1,K11,785085,K,11,GFP-Gext,Plate 1,2026-03-19 13:32:56,Cytation5,Standard,,,,,,,,,,,,,,,,,,,,,,,,,,,,,,,,,,,,,,Standard
2720,0 days 01:35:22,37.0,K11,785198,K,11,GFP-Gext,Plate 1,2026-03-19 13:37:56,Cytation5,Standard,,,,,,,,,,,,,,,,,,,,,,,,,,,,,,,,,,,,,,Standard
2721,0 days 01:40:22,37.0,K11,781619,K,11,GFP-Gext,Plate 1,2026-03-19 13:42:56,Cytation5,Standard,,,,,,,,,,,,,,,,,,,,,,,,,,,,,,,,,,,,,,Standard
2722,0 days 01:45:22,37.0,K11,779894,K,11,GFP-Gext,Plate 1,2026-03-19 13:47:56,Cytation5,Standard,,,,,,,,,,,,,,,,,,,,,,,,,,,,,,,,,,,,,,Standard
2723,0 days 01:50:22,36.9,K11,777753,K,11,GFP-Gext,Plate 1,2026-03-19 13:52:56,Cytation5,Standard,,,,,,,,,,,,,,,,,,,,,,,,,,,,,,,,,,,,,,Standard
2724,0 days 01:55:22,37.0,K11,780476,K,11,GFP-Gext,Plate 1,2026-03-19 13:57:56,Cytation5,Standard,,,,,,,,,,,,,,,,,,,,,,,,,,,,,,,,,,,,,,Standard
2725,0 days 02:00:22,37.0,K11,780896,K,11,GFP-Gext,Plate 1,2026-03-19 14:02:56,Cytation5,Standard,,,,,,,,,,,,,,,,,,,,,,,,,,,,,,,,,,,,,,Standard
2726,0 days 02:05:22,37.0,K11,782831,K,11,GFP-Gext,Plate 1,2026-03-19 14:07:56,Cytation5,Standard,,,,,,,,,,,,,,,,,,,,,,,,,,,,,,,,,,,,,,Standard
2727,0 days 02:10:22,37.0,K11,781328,K,11,GFP-Gext,Plate 1,2026-03-19 14:12:56,Cytation5,Standard,,,,,,,,,,,,,,,,,,,,,,,,,,,,,,,,,,,,,,Standard
2728,0 days 02:15:22,37.0,K11,777972,K,11,GFP-Gext,Plate 1,2026-03-19 14:17:56,Cytation5,Standard,,,,,,,,,,,,,,,,,,,,,,,,,,,,,,,,,,,,,,Standard
2729,0 days 02:20:22,37.0,K11,776831,K,11,GFP-Gext,Plate 1,2026-03-19 14:22:56,Cytation5,Standard,,,,,,,,,,,,,,,,,,,,,,,,,,,,,,,,,,,,,,Standard
2730,0 days 02:25:22,37.0,K11,778111,K,11,GFP-Gext,Plate 1,2026-03-19 14:27:56,Cytation5,Standard,,,,,,,,,,,,,,,,,,,,,,,,,,,,,,,,,,,,,,Standard
2731,0 days 02:30:22,37.1,K11,777622,K,11,GFP-Gext,Plate 1,2026-03-19 14:32:56,Cytation5,Standard,,,,,,,,,,,,,,,,,,,,,,,,,,,,,,,,,,,,,,Standard
2732,0 days 02:35:22,37.0,K11,777304,K,11,GFP-Gext,Plate 1,2026-03-19 14:37:56,Cytation5,Standard,,,,,,,,,,,,,,,,,,,,,,,,,,,,,,,,,,,,,,Standard
2733,0 days 02:40:22,37.0,K11,775446,K,11,GFP-Gext,Plate 1,2026-03-19 14:42:56,Cytation5,Standard,,,,,,,,,,,,,,,,,,,,,,,,,,,,,,,,,,,,,,Standard
2734,0 days 02:45:22,37.1,K11,778161,K,11,GFP-Gext,Plate 1,2026-03-19 14:47:56,Cytation5,Standard,,,,,,,,,,,,,,,,,,,,,,,,,,,,,,,,,,,,,,Standard
2735,0 days 02:50:22,37.0,K11,777342,K,11,GFP-Gext,Plate 1,2026-03-19 14:52:56,Cytation5,Standard,,,,,,,,,,,,,,,,,,,,,,,,,,,,,,,,,,,,,,Standard
2736,0 days 02:55:22,37.0,K11,775592,K,11,GFP-Gext,Plate 1,2026-03-19 14:57:56,Cytation5,Standard,,,,,,,,,,,,,,,,,,,,,,,,,,,,,,,,,,,,,,Standard
2737,0 days 03:00:22,37.0,K11,772823,K,11,GFP-Gext,Plate 1,2026-03-19 15:02:56,Cytation5,Standard,,,,,,,,,,,,,,,,,,,,,,,,,,,,,,,,,,,,,,Standard
2738,0 days 03:05:22,37.0,K11,779726,K,11,GFP-Gext,Plate 1,2026-03-19 15:07:56,Cytation5,Standard,,,,,,,,,,,,,,,,,,,,,,,,,,,,,,,,,,,,,,Standard
2739,0 days 03:10:22,37.0,K11,778245,K,11,GFP-Gext,Plate 1,2026-03-19 15:12:56,Cytation5,Standard,,,,,,,,,,,,,,,,,,,,,,,,,,,,,,,,,,,,,,Standard
2740,0 days 03:15:22,37.0,K11,772755,K,11,GFP-Gext,Plate 1,2026-03-19 15:17:56,Cytation5,Standard,,,,,,,,,,,,,,,,,,,,,,,,,,,,,,,,,,,,,,Standard
2741,0 days 03:20:22,37.0,K11,776793,K,11,GFP-Gext,Plate 1,2026-03-19 15:22:56,Cytation5,Standard,,,,,,,,,,,,,,,,,,,,,,,,,,,,,,,,,,,,,,Standard
2742,0 days 03:25:22,37.1,K11,773084,K,11,GFP-Gext,Plate 1,2026-03-19 15:27:56,Cytation5,Standard,,,,,,,,,,,,,,,,,,,,,,,,,,,,,,,,,,,,,,Standard
2743,0 days 03:30:22,36.9,K11,780194,K,11,GFP-Gext,Plate 1,2026-03-19 15:32:56,Cytation5,Standard,,,,,,,,,,,,,,,,,,,,,,,,,,,,,,,,,,,,,,Standard
2744,0 days 03:35:22,37.1,K11,775047,K,11,GFP-Gext,Plate 1,2026-03-19 15:37:56,Cytation5,Standard,,,,,,,,,,,,,,,,,,,,,,,,,,,,,,,,,,,,,,Standard
2745,0 days 03:40:22,37.0,K11,773683,K,11,GFP-Gext,Plate 1,2026-03-19 15:42:56,Cytation5,Standard,,,,,,,,,,,,,,,,,,,,,,,,,,,,,,,,,,,,,,Standard
2746,0 days 03:45:22,37.0,K11,775361,K,11,GFP-Gext,Plate 1,2026-03-19 15:47:56,Cytation5,Standard,,,,,,,,,,,,,,,,,,,,,,,,,,,,,,,,,,,,,,Standard
2747,0 days 03:50:22,37.0,K11,772616,K,11,GFP-Gext,Plate 1,2026-03-19 15:52:56,Cytation5,Standard,,,,,,,,,,,,,,,,,,,,,,,,,,,,,,,,,,,,,,Standard
2748,0 days 03:55:22,37.1,K11,776557,K,11,GFP-Gext,Plate 1,2026-03-19 15:57:56,Cytation5,Standard,,,,,,,,,,,,,,,,,,,,,,,,,,,,,,,,,,,,,,Standard
2749,0 days 04:00:22,37.0,K11,772274,K,11,GFP-Gext,Plate 1,2026-03-19 16:02:56,Cytation5,Standard,,,,,,,,,,,,,,,,,,,,,,,,,,,,,,,,,,,,,,Standard
2750,0 days 04:05:22,37.1,K11,772717,K,11,GFP-Gext,Plate 1,2026-03-19 16:07:56,Cytation5,Standard,,,,,,,,,,,,,,,,,,,,,,,,,,,,,,,,,,,,,,Standard
2751,0 days 04:10:22,37.0,K11,773126,K,11,GFP-Gext,Plate 1,2026-03-19 16:12:56,Cytation5,Standard,,,,,,,,,,,,,,,,,,,,,,,,,,,,,,,,,,,,,,Standard
2752,0 days 04:15:22,37.0,K11,772178,K,11,GFP-Gext,Plate 1,2026-03-19 16:17:56,Cytation5,Standard,,,,,,,,,,,,,,,,,,,,,,,,,,,,,,,,,,,,,,Standard
2753,0 days 04:20:22,37.0,K11,772093,K,11,GFP-Gext,Plate 1,2026-03-19 16:22:56,Cytation5,Standard,,,,,,,,,,,,,,,,,,,,,,,,,,,,,,,,,,,,,,Standard
2754,0 days 04:25:22,37.1,K11,774331,K,11,GFP-Gext,Plate 1,2026-03-19 16:27:56,Cytation5,Standard,,,,,,,,,,,,,,,,,,,,,,,,,,,,,,,,,,,,,,Standard
2755,0 days 04:30:22,37.0,K11,771687,K,11,GFP-Gext,Plate 1,2026-03-19 16:32:56,Cytation5,Standard,,,,,,,,,,,,,,,,,,,,,,,,,,,,,,,,,,,,,,Standard
2756,0 days 04:35:22,37.0,K11,776255,K,11,GFP-Gext,Plate 1,2026-03-19 16:37:56,Cytation5,Standard,,,,,,,,,,,,,,,,,,,,,,,,,,,,,,,,,,,,,,Standard
2757,0 days 04:40:22,37.0,K11,773677,K,11,GFP-Gext,Plate 1,2026-03-19 16:42:56,Cytation5,Standard,,,,,,,,,,,,,,,,,,,,,,,,,,,,,,,,,,,,,,Standard
2758,0 days 04:45:22,37.0,K11,775076,K,11,GFP-Gext,Plate 1,2026-03-19 16:47:56,Cytation5,Standard,,,,,,,,,,,,,,,,,,,,,,,,,,,,,,,,,,,,,,Standard
2759,0 days 04:50:22,37.0,K11,774397,K,11,GFP-Gext,Plate 1,2026-03-19 16:52:56,Cytation5,Standard,,,,,,,,,,,,,,,,,,,,,,,,,,,,,,,,,,,,,,Standard
2760,0 days 04:55:22,37.1,K11,771624,K,11,GFP-Gext,Plate 1,2026-03-19 16:57:56,Cytation5,Standard,,,,,,,,,,,,,,,,,,,,,,,,,,,,,,,,,,,,,,Standard
2761,0 days 05:00:22,37.1,K11,772210,K,11,GFP-Gext,Plate 1,2026-03-19 17:02:56,Cytation5,Standard,,,,,,,,,,,,,,,,,,,,,,,,,,,,,,,,,,,,,,Standard
2762,0 days 05:05:22,37.0,K11,776589,K,11,GFP-Gext,Plate 1,2026-03-19 17:07:56,Cytation5,Standard,,,,,,,,,,,,,,,,,,,,,,,,,,,,,,,,,,,,,,Standard
2763,0 days 05:10:22,37.0,K11,771419,K,11,GFP-Gext,Plate 1,2026-03-19 17:12:56,Cytation5,Standard,,,,,,,,,,,,,,,,,,,,,,,,,,,,,,,,,,,,,,Standard
2764,0 days 05:15:22,37.1,K11,769743,K,11,GFP-Gext,Plate 1,2026-03-19 17:17:56,Cytation5,Standard,,,,,,,,,,,,,,,,,,,,,,,,,,,,,,,,,,,,,,Standard
2765,0 days 05:20:22,37.0,K11,774314,K,11,GFP-Gext,Plate 1,2026-03-19 17:22:56,Cytation5,Standard,,,,,,,,,,,,,,,,,,,,,,,,,,,,,,,,,,,,,,Standard
2766,0 days 05:25:22,37.0,K11,775526,K,11,GFP-Gext,Plate 1,2026-03-19 17:27:56,Cytation5,Standard,,,,,,,,,,,,,,,,,,,,,,,,,,,,,,,,,,,,,,Standard
2767,0 days 05:30:22,37.0,K11,771839,K,11,GFP-Gext,Plate 1,2026-03-19 17:32:56,Cytation5,Standard,,,,,,,,,,,,,,,,,,,,,,,,,,,,,,,,,,,,,,Standard
2768,0 days 05:35:22,37.0,K11,769935,K,11,GFP-Gext,Plate 1,2026-03-19 17:37:56,Cytation5,Standard,,,,,,,,,,,,,,,,,,,,,,,,,,,,,,,,,,,,,,Standard
2769,0 days 05:40:22,37.0,K11,773242,K,11,GFP-Gext,Plate 1,2026-03-19 17:42:56,Cytation5,Standard,,,,,,,,,,,,,,,,,,,,,,,,,,,,,,,,,,,,,,Standard
2770,0 days 05:45:22,37.0,K11,771628,K,11,GFP-Gext,Plate 1,2026-03-19 17:47:56,Cytation5,Standard,,,,,,,,,,,,,,,,,,,,,,,,,,,,,,,,,,,,,,Standard
2771,0 days 05:50:22,37.0,K11,769785,K,11,GFP-Gext,Plate 1,2026-03-19 17:52:56,Cytation5,Standard,,,,,,,,,,,,,,,,,,,,,,,,,,,,,,,,,,,,,,Standard
2772,0 days 05:55:22,37.0,K11,773055,K,11,GFP-Gext,Plate 1,2026-03-19 17:57:56,Cytation5,Standard,,,,,,,,,,,,,,,,,,,,,,,,,,,,,,,,,,,,,,Standard
2773,0 days 06:00:22,37.0,K11,772752,K,11,GFP-Gext,Plate 1,2026-03-19 18:02:56,Cytation5,Standard,,,,,,,,,,,,,,,,,,,,,,,,,,,,,,,,,,,,,,Standard
